"teamId","teamName","player","position","currentEvidenceRole","currentEstimateType","currentConfidenceScore","generalSearchUrl","dailyTelegraphSearchUrl","smhSearchUrl","clubContractSearchUrl"
"bri","Brisbane Broncos","Reece Walsh","Fullback","backup_baseline","reported_exact","42","https://www.google.com/search?q=%22Reece%20Walsh%22%20%22Brisbane%20Broncos%22%20salary%20contract%20worth%20deal%20extension%20NRL","https://www.google.com/search?q=site%3Adailytelegraph.com.au%20%22Reece%20Walsh%22%20salary%20contract%20NRL","https://www.google.com/search?q=site%3Asmh.com.au%20%22Reece%20Walsh%22%20salary%20contract%20NRL","https://www.google.com/search?q=site%3Abroncos.com.au%20%22Reece%20Walsh%22%20contract"
"bri","Brisbane Broncos","Grant Anderson","Winger","backup_baseline","reported_exact","42","https://www.google.com/search?q=%22Grant%20Anderson%22%20%22Brisbane%20Broncos%22%20salary%20contract%20worth%20deal%20extension%20NRL","https://www.google.com/search?q=site%3Adailytelegraph.com.au%20%22Grant%20Anderson%22%20salary%20contract%20NRL","https://www.google.com/search?q=site%3Asmh.com.au%20%22Grant%20Anderson%22%20salary%20contract%20NRL","https://www.google.com/search?q=site%3Abroncos.com.au%20%22Grant%20Anderson%22%20contract"
"bri","Brisbane Broncos","Kotoni Staggs","Centre","backup_baseline","reported_exact","42","https://www.google.com/search?q=%22Kotoni%20Staggs%22%20%22Brisbane%20Broncos%22%20salary%20contract%20worth%20deal%20extension%20NRL","https://www.google.com/search?q=site%3Adailytelegraph.com.au%20%22Kotoni%20Staggs%22%20salary%20contract%20NRL","https://www.google.com/search?q=site%3Asmh.com.au%20%22Kotoni%20Staggs%22%20salary%20contract%20NRL","https://www.google.com/search?q=site%3Abroncos.com.au%20%22Kotoni%20Staggs%22%20contract"
"bri","Brisbane Broncos","Gehamat Shibasaki","Centre","backup_baseline","reported_exact","42","https://www.google.com/search?q=%22Gehamat%20Shibasaki%22%20%22Brisbane%20Broncos%22%20salary%20contract%20worth%20deal%20extension%20NRL","https://www.google.com/search?q=site%3Adailytelegraph.com.au%20%22Gehamat%20Shibasaki%22%20salary%20contract%20NRL","https://www.google.com/search?q=site%3Asmh.com.au%20%22Gehamat%20Shibasaki%22%20salary%20contract%20NRL","https://www.google.com/search?q=site%3Abroncos.com.au%20%22Gehamat%20Shibasaki%22%20contract"
"bri","Brisbane Broncos","Deine Mariner","Winger","backup_baseline","reported_exact","42","https://www.google.com/search?q=%22Deine%20Mariner%22%20%22Brisbane%20Broncos%22%20salary%20contract%20worth%20deal%20extension%20NRL","https://www.google.com/search?q=site%3Adailytelegraph.com.au%20%22Deine%20Mariner%22%20salary%20contract%20NRL","https://www.google.com/search?q=site%3Asmh.com.au%20%22Deine%20Mariner%22%20salary%20contract%20NRL","https://www.google.com/search?q=site%3Abroncos.com.au%20%22Deine%20Mariner%22%20contract"
"bri","Brisbane Broncos","Ezra Mam","Five-Eighth","backup_baseline","reported_exact","42","https://www.google.com/search?q=%22Ezra%20Mam%22%20%22Brisbane%20Broncos%22%20salary%20contract%20worth%20deal%20extension%20NRL","https://www.google.com/search?q=site%3Adailytelegraph.com.au%20%22Ezra%20Mam%22%20salary%20contract%20NRL","https://www.google.com/search?q=site%3Asmh.com.au%20%22Ezra%20Mam%22%20salary%20contract%20NRL","https://www.google.com/search?q=site%3Abroncos.com.au%20%22Ezra%20Mam%22%20contract"
"bri","Brisbane Broncos","Adam Reynolds","Halfback","backup_baseline","reported_exact","42","https://www.google.com/search?q=%22Adam%20Reynolds%22%20%22Brisbane%20Broncos%22%20salary%20contract%20worth%20deal%20extension%20NRL","https://www.google.com/search?q=site%3Adailytelegraph.com.au%20%22Adam%20Reynolds%22%20salary%20contract%20NRL","https://www.google.com/search?q=site%3Asmh.com.au%20%22Adam%20Reynolds%22%20salary%20contract%20NRL","https://www.google.com/search?q=site%3Abroncos.com.au%20%22Adam%20Reynolds%22%20contract"
"bri","Brisbane Broncos","Corey Jensen","Prop","backup_baseline","reported_exact","42","https://www.google.com/search?q=%22Corey%20Jensen%22%20%22Brisbane%20Broncos%22%20salary%20contract%20worth%20deal%20extension%20NRL","https://www.google.com/search?q=site%3Adailytelegraph.com.au%20%22Corey%20Jensen%22%20salary%20contract%20NRL","https://www.google.com/search?q=site%3Asmh.com.au%20%22Corey%20Jensen%22%20salary%20contract%20NRL","https://www.google.com/search?q=site%3Abroncos.com.au%20%22Corey%20Jensen%22%20contract"
"bri","Brisbane Broncos","Ben Hunt","Hooker","backup_baseline","reported_exact","42","https://www.google.com/search?q=%22Ben%20Hunt%22%20%22Brisbane%20Broncos%22%20salary%20contract%20worth%20deal%20extension%20NRL","https://www.google.com/search?q=site%3Adailytelegraph.com.au%20%22Ben%20Hunt%22%20salary%20contract%20NRL","https://www.google.com/search?q=site%3Asmh.com.au%20%22Ben%20Hunt%22%20salary%20contract%20NRL","https://www.google.com/search?q=site%3Abroncos.com.au%20%22Ben%20Hunt%22%20contract"
"bri","Brisbane Broncos","Payne Haas","Prop","backup_baseline","reported_exact","42","https://www.google.com/search?q=%22Payne%20Haas%22%20%22Brisbane%20Broncos%22%20salary%20contract%20worth%20deal%20extension%20NRL","https://www.google.com/search?q=site%3Adailytelegraph.com.au%20%22Payne%20Haas%22%20salary%20contract%20NRL","https://www.google.com/search?q=site%3Asmh.com.au%20%22Payne%20Haas%22%20salary%20contract%20NRL","https://www.google.com/search?q=site%3Abroncos.com.au%20%22Payne%20Haas%22%20contract"
"bri","Brisbane Broncos","Brendan Piakura","2nd Row","backup_baseline","reported_exact","42","https://www.google.com/search?q=%22Brendan%20Piakura%22%20%22Brisbane%20Broncos%22%20salary%20contract%20worth%20deal%20extension%20NRL","https://www.google.com/search?q=site%3Adailytelegraph.com.au%20%22Brendan%20Piakura%22%20salary%20contract%20NRL","https://www.google.com/search?q=site%3Asmh.com.au%20%22Brendan%20Piakura%22%20salary%20contract%20NRL","https://www.google.com/search?q=site%3Abroncos.com.au%20%22Brendan%20Piakura%22%20contract"
"bri","Brisbane Broncos","Jordan Riki","2nd Row","backup_baseline","reported_exact","42","https://www.google.com/search?q=%22Jordan%20Riki%22%20%22Brisbane%20Broncos%22%20salary%20contract%20worth%20deal%20extension%20NRL","https://www.google.com/search?q=site%3Adailytelegraph.com.au%20%22Jordan%20Riki%22%20salary%20contract%20NRL","https://www.google.com/search?q=site%3Asmh.com.au%20%22Jordan%20Riki%22%20salary%20contract%20NRL","https://www.google.com/search?q=site%3Abroncos.com.au%20%22Jordan%20Riki%22%20contract"
"bri","Brisbane Broncos","Patrick Carrigan","Lock","backup_baseline","reported_exact","42","https://www.google.com/search?q=%22Patrick%20Carrigan%22%20%22Brisbane%20Broncos%22%20salary%20contract%20worth%20deal%20extension%20NRL","https://www.google.com/search?q=site%3Adailytelegraph.com.au%20%22Patrick%20Carrigan%22%20salary%20contract%20NRL","https://www.google.com/search?q=site%3Asmh.com.au%20%22Patrick%20Carrigan%22%20salary%20contract%20NRL","https://www.google.com/search?q=site%3Abroncos.com.au%20%22Patrick%20Carrigan%22%20contract"
"bri","Brisbane Broncos","Billy Walters","Interchange","backup_baseline","reported_exact","42","https://www.google.com/search?q=%22Billy%20Walters%22%20%22Brisbane%20Broncos%22%20salary%20contract%20worth%20deal%20extension%20NRL","https://www.google.com/search?q=site%3Adailytelegraph.com.au%20%22Billy%20Walters%22%20salary%20contract%20NRL","https://www.google.com/search?q=site%3Asmh.com.au%20%22Billy%20Walters%22%20salary%20contract%20NRL","https://www.google.com/search?q=site%3Abroncos.com.au%20%22Billy%20Walters%22%20contract"
"bri","Brisbane Broncos","Xavier Willison","Interchange","backup_baseline","reported_exact","42","https://www.google.com/search?q=%22Xavier%20Willison%22%20%22Brisbane%20Broncos%22%20salary%20contract%20worth%20deal%20extension%20NRL","https://www.google.com/search?q=site%3Adailytelegraph.com.au%20%22Xavier%20Willison%22%20salary%20contract%20NRL","https://www.google.com/search?q=site%3Asmh.com.au%20%22Xavier%20Willison%22%20salary%20contract%20NRL","https://www.google.com/search?q=site%3Abroncos.com.au%20%22Xavier%20Willison%22%20contract"
"bri","Brisbane Broncos","Jack Gosiewski","Interchange","backup_baseline","reported_exact","42","https://www.google.com/search?q=%22Jack%20Gosiewski%22%20%22Brisbane%20Broncos%22%20salary%20contract%20worth%20deal%20extension%20NRL","https://www.google.com/search?q=site%3Adailytelegraph.com.au%20%22Jack%20Gosiewski%22%20salary%20contract%20NRL","https://www.google.com/search?q=site%3Asmh.com.au%20%22Jack%20Gosiewski%22%20salary%20contract%20NRL","https://www.google.com/search?q=site%3Abroncos.com.au%20%22Jack%20Gosiewski%22%20contract"
"bri","Brisbane Broncos","Aublix Tawha","Interchange","backup_baseline","reported_exact","42","https://www.google.com/search?q=%22Aublix%20Tawha%22%20%22Brisbane%20Broncos%22%20salary%20contract%20worth%20deal%20extension%20NRL","https://www.google.com/search?q=site%3Adailytelegraph.com.au%20%22Aublix%20Tawha%22%20salary%20contract%20NRL","https://www.google.com/search?q=site%3Asmh.com.au%20%22Aublix%20Tawha%22%20salary%20contract%20NRL","https://www.google.com/search?q=site%3Abroncos.com.au%20%22Aublix%20Tawha%22%20contract"
"bri","Brisbane Broncos","Ben Talty","Unknown","bucket_unknown","unknown","22","https://www.google.com/search?q=%22Ben%20Talty%22%20%22Brisbane%20Broncos%22%20salary%20contract%20worth%20deal%20extension%20NRL","https://www.google.com/search?q=site%3Adailytelegraph.com.au%20%22Ben%20Talty%22%20salary%20contract%20NRL","https://www.google.com/search?q=site%3Asmh.com.au%20%22Ben%20Talty%22%20salary%20contract%20NRL","https://www.google.com/search?q=site%3Abroncos.com.au%20%22Ben%20Talty%22%20contract"
"bri","Brisbane Broncos","Blake Mozer","Unknown","bucket_unknown","unknown","22","https://www.google.com/search?q=%22Blake%20Mozer%22%20%22Brisbane%20Broncos%22%20salary%20contract%20worth%20deal%20extension%20NRL","https://www.google.com/search?q=site%3Adailytelegraph.com.au%20%22Blake%20Mozer%22%20salary%20contract%20NRL","https://www.google.com/search?q=site%3Asmh.com.au%20%22Blake%20Mozer%22%20salary%20contract%20NRL","https://www.google.com/search?q=site%3Abroncos.com.au%20%22Blake%20Mozer%22%20contract"
"bri","Brisbane Broncos","Ben Te Kura","Unknown","bucket_unknown","unknown","22","https://www.google.com/search?q=%22Ben%20Te%20Kura%22%20%22Brisbane%20Broncos%22%20salary%20contract%20worth%20deal%20extension%20NRL","https://www.google.com/search?q=site%3Adailytelegraph.com.au%20%22Ben%20Te%20Kura%22%20salary%20contract%20NRL","https://www.google.com/search?q=site%3Asmh.com.au%20%22Ben%20Te%20Kura%22%20salary%20contract%20NRL","https://www.google.com/search?q=site%3Abroncos.com.au%20%22Ben%20Te%20Kura%22%20contract"
"bri","Brisbane Broncos","Cory Paix","Unknown","bucket_unknown","unknown","22","https://www.google.com/search?q=%22Cory%20Paix%22%20%22Brisbane%20Broncos%22%20salary%20contract%20worth%20deal%20extension%20NRL","https://www.google.com/search?q=site%3Adailytelegraph.com.au%20%22Cory%20Paix%22%20salary%20contract%20NRL","https://www.google.com/search?q=site%3Asmh.com.au%20%22Cory%20Paix%22%20salary%20contract%20NRL","https://www.google.com/search?q=site%3Abroncos.com.au%20%22Cory%20Paix%22%20contract"
"bri","Brisbane Broncos","Delouise Hoeter","Unknown","bucket_unknown","unknown","22","https://www.google.com/search?q=%22Delouise%20Hoeter%22%20%22Brisbane%20Broncos%22%20salary%20contract%20worth%20deal%20extension%20NRL","https://www.google.com/search?q=site%3Adailytelegraph.com.au%20%22Delouise%20Hoeter%22%20salary%20contract%20NRL","https://www.google.com/search?q=site%3Asmh.com.au%20%22Delouise%20Hoeter%22%20salary%20contract%20NRL","https://www.google.com/search?q=site%3Abroncos.com.au%20%22Delouise%20Hoeter%22%20contract"
"bri","Brisbane Broncos","Hayze Perham","Unknown","bucket_unknown","unknown","22","https://www.google.com/search?q=%22Hayze%20Perham%22%20%22Brisbane%20Broncos%22%20salary%20contract%20worth%20deal%20extension%20NRL","https://www.google.com/search?q=site%3Adailytelegraph.com.au%20%22Hayze%20Perham%22%20salary%20contract%20NRL","https://www.google.com/search?q=site%3Asmh.com.au%20%22Hayze%20Perham%22%20salary%20contract%20NRL","https://www.google.com/search?q=site%3Abroncos.com.au%20%22Hayze%20Perham%22%20contract"
"bri","Brisbane Broncos","Jaiyden Hunt","Unknown","bucket_unknown","unknown","22","https://www.google.com/search?q=%22Jaiyden%20Hunt%22%20%22Brisbane%20Broncos%22%20salary%20contract%20worth%20deal%20extension%20NRL","https://www.google.com/search?q=site%3Adailytelegraph.com.au%20%22Jaiyden%20Hunt%22%20salary%20contract%20NRL","https://www.google.com/search?q=site%3Asmh.com.au%20%22Jaiyden%20Hunt%22%20salary%20contract%20NRL","https://www.google.com/search?q=site%3Abroncos.com.au%20%22Jaiyden%20Hunt%22%20contract"
"bri","Brisbane Broncos","Jesse Arthars","Unknown","bucket_unknown","unknown","22","https://www.google.com/search?q=%22Jesse%20Arthars%22%20%22Brisbane%20Broncos%22%20salary%20contract%20worth%20deal%20extension%20NRL","https://www.google.com/search?q=site%3Adailytelegraph.com.au%20%22Jesse%20Arthars%22%20salary%20contract%20NRL","https://www.google.com/search?q=site%3Asmh.com.au%20%22Jesse%20Arthars%22%20salary%20contract%20NRL","https://www.google.com/search?q=site%3Abroncos.com.au%20%22Jesse%20Arthars%22%20contract"
"bri","Brisbane Broncos","Josh Rogers","Unknown","bucket_unknown","unknown","22","https://www.google.com/search?q=%22Josh%20Rogers%22%20%22Brisbane%20Broncos%22%20salary%20contract%20worth%20deal%20extension%20NRL","https://www.google.com/search?q=site%3Adailytelegraph.com.au%20%22Josh%20Rogers%22%20salary%20contract%20NRL","https://www.google.com/search?q=site%3Asmh.com.au%20%22Josh%20Rogers%22%20salary%20contract%20NRL","https://www.google.com/search?q=site%3Abroncos.com.au%20%22Josh%20Rogers%22%20contract"
"bri","Brisbane Broncos","Josiah Karapani","Unknown","bucket_unknown","unknown","22","https://www.google.com/search?q=%22Josiah%20Karapani%22%20%22Brisbane%20Broncos%22%20salary%20contract%20worth%20deal%20extension%20NRL","https://www.google.com/search?q=site%3Adailytelegraph.com.au%20%22Josiah%20Karapani%22%20salary%20contract%20NRL","https://www.google.com/search?q=site%3Asmh.com.au%20%22Josiah%20Karapani%22%20salary%20contract%20NRL","https://www.google.com/search?q=site%3Abroncos.com.au%20%22Josiah%20Karapani%22%20contract"
"bri","Brisbane Broncos","Tom Duffy","Unknown","bucket_unknown","unknown","22","https://www.google.com/search?q=%22Tom%20Duffy%22%20%22Brisbane%20Broncos%22%20salary%20contract%20worth%20deal%20extension%20NRL","https://www.google.com/search?q=site%3Adailytelegraph.com.au%20%22Tom%20Duffy%22%20salary%20contract%20NRL","https://www.google.com/search?q=site%3Asmh.com.au%20%22Tom%20Duffy%22%20salary%20contract%20NRL","https://www.google.com/search?q=site%3Abroncos.com.au%20%22Tom%20Duffy%22%20contract"
"can","Canberra Raiders","Kaeo Weekes","Fullback","backup_baseline","reported_exact","42","https://www.google.com/search?q=%22Kaeo%20Weekes%22%20%22Canberra%20Raiders%22%20salary%20contract%20worth%20deal%20extension%20NRL","https://www.google.com/search?q=site%3Adailytelegraph.com.au%20%22Kaeo%20Weekes%22%20salary%20contract%20NRL","https://www.google.com/search?q=site%3Asmh.com.au%20%22Kaeo%20Weekes%22%20salary%20contract%20NRL","https://www.google.com/search?q=site%3Araiders.com.au%20%22Kaeo%20Weekes%22%20contract"
"can","Canberra Raiders","Savelio Tamale","Winger","backup_baseline","reported_exact","42","https://www.google.com/search?q=%22Savelio%20Tamale%22%20%22Canberra%20Raiders%22%20salary%20contract%20worth%20deal%20extension%20NRL","https://www.google.com/search?q=site%3Adailytelegraph.com.au%20%22Savelio%20Tamale%22%20salary%20contract%20NRL","https://www.google.com/search?q=site%3Asmh.com.au%20%22Savelio%20Tamale%22%20salary%20contract%20NRL","https://www.google.com/search?q=site%3Araiders.com.au%20%22Savelio%20Tamale%22%20contract"
"can","Canberra Raiders","Matthew Timoko","Centre","backup_baseline","reported_exact","42","https://www.google.com/search?q=%22Matthew%20Timoko%22%20%22Canberra%20Raiders%22%20salary%20contract%20worth%20deal%20extension%20NRL","https://www.google.com/search?q=site%3Adailytelegraph.com.au%20%22Matthew%20Timoko%22%20salary%20contract%20NRL","https://www.google.com/search?q=site%3Asmh.com.au%20%22Matthew%20Timoko%22%20salary%20contract%20NRL","https://www.google.com/search?q=site%3Araiders.com.au%20%22Matthew%20Timoko%22%20contract"
"can","Canberra Raiders","Sebastian Kris","Centre","backup_baseline","reported_exact","42","https://www.google.com/search?q=%22Sebastian%20Kris%22%20%22Canberra%20Raiders%22%20salary%20contract%20worth%20deal%20extension%20NRL","https://www.google.com/search?q=site%3Adailytelegraph.com.au%20%22Sebastian%20Kris%22%20salary%20contract%20NRL","https://www.google.com/search?q=site%3Asmh.com.au%20%22Sebastian%20Kris%22%20salary%20contract%20NRL","https://www.google.com/search?q=site%3Araiders.com.au%20%22Sebastian%20Kris%22%20contract"
"can","Canberra Raiders","Xavier Savage","Winger","backup_baseline","reported_exact","42","https://www.google.com/search?q=%22Xavier%20Savage%22%20%22Canberra%20Raiders%22%20salary%20contract%20worth%20deal%20extension%20NRL","https://www.google.com/search?q=site%3Adailytelegraph.com.au%20%22Xavier%20Savage%22%20salary%20contract%20NRL","https://www.google.com/search?q=site%3Asmh.com.au%20%22Xavier%20Savage%22%20salary%20contract%20NRL","https://www.google.com/search?q=site%3Araiders.com.au%20%22Xavier%20Savage%22%20contract"
"can","Canberra Raiders","Ethan Strange","Five-Eighth","backup_baseline","reported_exact","42","https://www.google.com/search?q=%22Ethan%20Strange%22%20%22Canberra%20Raiders%22%20salary%20contract%20worth%20deal%20extension%20NRL","https://www.google.com/search?q=site%3Adailytelegraph.com.au%20%22Ethan%20Strange%22%20salary%20contract%20NRL","https://www.google.com/search?q=site%3Asmh.com.au%20%22Ethan%20Strange%22%20salary%20contract%20NRL","https://www.google.com/search?q=site%3Araiders.com.au%20%22Ethan%20Strange%22%20contract"
"can","Canberra Raiders","Ethan Sanders","Halfback","backup_baseline","reported_exact","42","https://www.google.com/search?q=%22Ethan%20Sanders%22%20%22Canberra%20Raiders%22%20salary%20contract%20worth%20deal%20extension%20NRL","https://www.google.com/search?q=site%3Adailytelegraph.com.au%20%22Ethan%20Sanders%22%20salary%20contract%20NRL","https://www.google.com/search?q=site%3Asmh.com.au%20%22Ethan%20Sanders%22%20salary%20contract%20NRL","https://www.google.com/search?q=site%3Araiders.com.au%20%22Ethan%20Sanders%22%20contract"
"can","Canberra Raiders","Josh Papali'i","Prop","backup_baseline","reported_exact","42","https://www.google.com/search?q=%22Josh%20Papali'i%22%20%22Canberra%20Raiders%22%20salary%20contract%20worth%20deal%20extension%20NRL","https://www.google.com/search?q=site%3Adailytelegraph.com.au%20%22Josh%20Papali'i%22%20salary%20contract%20NRL","https://www.google.com/search?q=site%3Asmh.com.au%20%22Josh%20Papali'i%22%20salary%20contract%20NRL","https://www.google.com/search?q=site%3Araiders.com.au%20%22Josh%20Papali'i%22%20contract"
"can","Canberra Raiders","Tom Starling","Hooker","backup_baseline","reported_exact","42","https://www.google.com/search?q=%22Tom%20Starling%22%20%22Canberra%20Raiders%22%20salary%20contract%20worth%20deal%20extension%20NRL","https://www.google.com/search?q=site%3Adailytelegraph.com.au%20%22Tom%20Starling%22%20salary%20contract%20NRL","https://www.google.com/search?q=site%3Asmh.com.au%20%22Tom%20Starling%22%20salary%20contract%20NRL","https://www.google.com/search?q=site%3Araiders.com.au%20%22Tom%20Starling%22%20contract"
"can","Canberra Raiders","Joseph Tapine","Prop","backup_baseline","reported_exact","42","https://www.google.com/search?q=%22Joseph%20Tapine%22%20%22Canberra%20Raiders%22%20salary%20contract%20worth%20deal%20extension%20NRL","https://www.google.com/search?q=site%3Adailytelegraph.com.au%20%22Joseph%20Tapine%22%20salary%20contract%20NRL","https://www.google.com/search?q=site%3Asmh.com.au%20%22Joseph%20Tapine%22%20salary%20contract%20NRL","https://www.google.com/search?q=site%3Araiders.com.au%20%22Joseph%20Tapine%22%20contract"
"can","Canberra Raiders","Hudson Young","2nd Row","backup_baseline","reported_exact","42","https://www.google.com/search?q=%22Hudson%20Young%22%20%22Canberra%20Raiders%22%20salary%20contract%20worth%20deal%20extension%20NRL","https://www.google.com/search?q=site%3Adailytelegraph.com.au%20%22Hudson%20Young%22%20salary%20contract%20NRL","https://www.google.com/search?q=site%3Asmh.com.au%20%22Hudson%20Young%22%20salary%20contract%20NRL","https://www.google.com/search?q=site%3Araiders.com.au%20%22Hudson%20Young%22%20contract"
"can","Canberra Raiders","Noah Martin","2nd Row","backup_baseline","reported_exact","42","https://www.google.com/search?q=%22Noah%20Martin%22%20%22Canberra%20Raiders%22%20salary%20contract%20worth%20deal%20extension%20NRL","https://www.google.com/search?q=site%3Adailytelegraph.com.au%20%22Noah%20Martin%22%20salary%20contract%20NRL","https://www.google.com/search?q=site%3Asmh.com.au%20%22Noah%20Martin%22%20salary%20contract%20NRL","https://www.google.com/search?q=site%3Araiders.com.au%20%22Noah%20Martin%22%20contract"
"can","Canberra Raiders","Corey Horsburgh","Lock","backup_baseline","reported_exact","42","https://www.google.com/search?q=%22Corey%20Horsburgh%22%20%22Canberra%20Raiders%22%20salary%20contract%20worth%20deal%20extension%20NRL","https://www.google.com/search?q=site%3Adailytelegraph.com.au%20%22Corey%20Horsburgh%22%20salary%20contract%20NRL","https://www.google.com/search?q=site%3Asmh.com.au%20%22Corey%20Horsburgh%22%20salary%20contract%20NRL","https://www.google.com/search?q=site%3Araiders.com.au%20%22Corey%20Horsburgh%22%20contract"
"can","Canberra Raiders","Jayden Brailey","Interchange","backup_baseline","reported_exact","42","https://www.google.com/search?q=%22Jayden%20Brailey%22%20%22Canberra%20Raiders%22%20salary%20contract%20worth%20deal%20extension%20NRL","https://www.google.com/search?q=site%3Adailytelegraph.com.au%20%22Jayden%20Brailey%22%20salary%20contract%20NRL","https://www.google.com/search?q=site%3Asmh.com.au%20%22Jayden%20Brailey%22%20salary%20contract%20NRL","https://www.google.com/search?q=site%3Araiders.com.au%20%22Jayden%20Brailey%22%20contract"
"can","Canberra Raiders","Zac Hosking","Interchange","backup_baseline","reported_exact","42","https://www.google.com/search?q=%22Zac%20Hosking%22%20%22Canberra%20Raiders%22%20salary%20contract%20worth%20deal%20extension%20NRL","https://www.google.com/search?q=site%3Adailytelegraph.com.au%20%22Zac%20Hosking%22%20salary%20contract%20NRL","https://www.google.com/search?q=site%3Asmh.com.au%20%22Zac%20Hosking%22%20salary%20contract%20NRL","https://www.google.com/search?q=site%3Araiders.com.au%20%22Zac%20Hosking%22%20contract"
"can","Canberra Raiders","Morgan Smithies","Interchange","backup_baseline","reported_exact","42","https://www.google.com/search?q=%22Morgan%20Smithies%22%20%22Canberra%20Raiders%22%20salary%20contract%20worth%20deal%20extension%20NRL","https://www.google.com/search?q=site%3Adailytelegraph.com.au%20%22Morgan%20Smithies%22%20salary%20contract%20NRL","https://www.google.com/search?q=site%3Asmh.com.au%20%22Morgan%20Smithies%22%20salary%20contract%20NRL","https://www.google.com/search?q=site%3Araiders.com.au%20%22Morgan%20Smithies%22%20contract"
"can","Canberra Raiders","Simi Sasagi","Interchange","backup_baseline","reported_exact","42","https://www.google.com/search?q=%22Simi%20Sasagi%22%20%22Canberra%20Raiders%22%20salary%20contract%20worth%20deal%20extension%20NRL","https://www.google.com/search?q=site%3Adailytelegraph.com.au%20%22Simi%20Sasagi%22%20salary%20contract%20NRL","https://www.google.com/search?q=site%3Asmh.com.au%20%22Simi%20Sasagi%22%20salary%20contract%20NRL","https://www.google.com/search?q=site%3Araiders.com.au%20%22Simi%20Sasagi%22%20contract"
"can","Canberra Raiders","Ata Mariota","Unknown","bucket_unknown","unknown","22","https://www.google.com/search?q=%22Ata%20Mariota%22%20%22Canberra%20Raiders%22%20salary%20contract%20worth%20deal%20extension%20NRL","https://www.google.com/search?q=site%3Adailytelegraph.com.au%20%22Ata%20Mariota%22%20salary%20contract%20NRL","https://www.google.com/search?q=site%3Asmh.com.au%20%22Ata%20Mariota%22%20salary%20contract%20NRL","https://www.google.com/search?q=site%3Araiders.com.au%20%22Ata%20Mariota%22%20contract"
"can","Canberra Raiders","Chevy Stewart","Unknown","bucket_unknown","unknown","22","https://www.google.com/search?q=%22Chevy%20Stewart%22%20%22Canberra%20Raiders%22%20salary%20contract%20worth%20deal%20extension%20NRL","https://www.google.com/search?q=site%3Adailytelegraph.com.au%20%22Chevy%20Stewart%22%20salary%20contract%20NRL","https://www.google.com/search?q=site%3Asmh.com.au%20%22Chevy%20Stewart%22%20salary%20contract%20NRL","https://www.google.com/search?q=site%3Araiders.com.au%20%22Chevy%20Stewart%22%20contract"
"can","Canberra Raiders","Coby Black","Unknown","bucket_unknown","unknown","22","https://www.google.com/search?q=%22Coby%20Black%22%20%22Canberra%20Raiders%22%20salary%20contract%20worth%20deal%20extension%20NRL","https://www.google.com/search?q=site%3Adailytelegraph.com.au%20%22Coby%20Black%22%20salary%20contract%20NRL","https://www.google.com/search?q=site%3Asmh.com.au%20%22Coby%20Black%22%20salary%20contract%20NRL","https://www.google.com/search?q=site%3Araiders.com.au%20%22Coby%20Black%22%20contract"
"can","Canberra Raiders","Daine Laurie","Unknown","bucket_unknown","unknown","22","https://www.google.com/search?q=%22Daine%20Laurie%22%20%22Canberra%20Raiders%22%20salary%20contract%20worth%20deal%20extension%20NRL","https://www.google.com/search?q=site%3Adailytelegraph.com.au%20%22Daine%20Laurie%22%20salary%20contract%20NRL","https://www.google.com/search?q=site%3Asmh.com.au%20%22Daine%20Laurie%22%20salary%20contract%20NRL","https://www.google.com/search?q=site%3Araiders.com.au%20%22Daine%20Laurie%22%20contract"
"can","Canberra Raiders","Jake Clydesdale","Unknown","bucket_unknown","unknown","22","https://www.google.com/search?q=%22Jake%20Clydesdale%22%20%22Canberra%20Raiders%22%20salary%20contract%20worth%20deal%20extension%20NRL","https://www.google.com/search?q=site%3Adailytelegraph.com.au%20%22Jake%20Clydesdale%22%20salary%20contract%20NRL","https://www.google.com/search?q=site%3Asmh.com.au%20%22Jake%20Clydesdale%22%20salary%20contract%20NRL","https://www.google.com/search?q=site%3Araiders.com.au%20%22Jake%20Clydesdale%22%20contract"
"can","Canberra Raiders","Joe Roddy","Unknown","bucket_unknown","unknown","22","https://www.google.com/search?q=%22Joe%20Roddy%22%20%22Canberra%20Raiders%22%20salary%20contract%20worth%20deal%20extension%20NRL","https://www.google.com/search?q=site%3Adailytelegraph.com.au%20%22Joe%20Roddy%22%20salary%20contract%20NRL","https://www.google.com/search?q=site%3Asmh.com.au%20%22Joe%20Roddy%22%20salary%20contract%20NRL","https://www.google.com/search?q=site%3Araiders.com.au%20%22Joe%20Roddy%22%20contract"
"can","Canberra Raiders","Matty Nicholson","Unknown","bucket_unknown","unknown","22","https://www.google.com/search?q=%22Matty%20Nicholson%22%20%22Canberra%20Raiders%22%20salary%20contract%20worth%20deal%20extension%20NRL","https://www.google.com/search?q=site%3Adailytelegraph.com.au%20%22Matty%20Nicholson%22%20salary%20contract%20NRL","https://www.google.com/search?q=site%3Asmh.com.au%20%22Matty%20Nicholson%22%20salary%20contract%20NRL","https://www.google.com/search?q=site%3Araiders.com.au%20%22Matty%20Nicholson%22%20contract"
"can","Canberra Raiders","Michael Asomua","Unknown","bucket_unknown","unknown","22","https://www.google.com/search?q=%22Michael%20Asomua%22%20%22Canberra%20Raiders%22%20salary%20contract%20worth%20deal%20extension%20NRL","https://www.google.com/search?q=site%3Adailytelegraph.com.au%20%22Michael%20Asomua%22%20salary%20contract%20NRL","https://www.google.com/search?q=site%3Asmh.com.au%20%22Michael%20Asomua%22%20salary%20contract%20NRL","https://www.google.com/search?q=site%3Araiders.com.au%20%22Michael%20Asomua%22%20contract"
"can","Canberra Raiders","Myles Martin","Unknown","bucket_unknown","unknown","22","https://www.google.com/search?q=%22Myles%20Martin%22%20%22Canberra%20Raiders%22%20salary%20contract%20worth%20deal%20extension%20NRL","https://www.google.com/search?q=site%3Adailytelegraph.com.au%20%22Myles%20Martin%22%20salary%20contract%20NRL","https://www.google.com/search?q=site%3Asmh.com.au%20%22Myles%20Martin%22%20salary%20contract%20NRL","https://www.google.com/search?q=site%3Araiders.com.au%20%22Myles%20Martin%22%20contract"
"can","Canberra Raiders","Owen Pattie","Unknown","bucket_unknown","unknown","22","https://www.google.com/search?q=%22Owen%20Pattie%22%20%22Canberra%20Raiders%22%20salary%20contract%20worth%20deal%20extension%20NRL","https://www.google.com/search?q=site%3Adailytelegraph.com.au%20%22Owen%20Pattie%22%20salary%20contract%20NRL","https://www.google.com/search?q=site%3Asmh.com.au%20%22Owen%20Pattie%22%20salary%20contract%20NRL","https://www.google.com/search?q=site%3Araiders.com.au%20%22Owen%20Pattie%22%20contract"
"can","Canberra Raiders","Sione Finau","Unknown","bucket_unknown","unknown","22","https://www.google.com/search?q=%22Sione%20Finau%22%20%22Canberra%20Raiders%22%20salary%20contract%20worth%20deal%20extension%20NRL","https://www.google.com/search?q=site%3Adailytelegraph.com.au%20%22Sione%20Finau%22%20salary%20contract%20NRL","https://www.google.com/search?q=site%3Asmh.com.au%20%22Sione%20Finau%22%20salary%20contract%20NRL","https://www.google.com/search?q=site%3Araiders.com.au%20%22Sione%20Finau%22%20contract"
"can","Canberra Raiders","Vena Patuki-Case","Unknown","bucket_unknown","unknown","22","https://www.google.com/search?q=%22Vena%20Patuki-Case%22%20%22Canberra%20Raiders%22%20salary%20contract%20worth%20deal%20extension%20NRL","https://www.google.com/search?q=site%3Adailytelegraph.com.au%20%22Vena%20Patuki-Case%22%20salary%20contract%20NRL","https://www.google.com/search?q=site%3Asmh.com.au%20%22Vena%20Patuki-Case%22%20salary%20contract%20NRL","https://www.google.com/search?q=site%3Araiders.com.au%20%22Vena%20Patuki-Case%22%20contract"
"cby","Canterbury-Bankstown Bulldogs","Connor Tracey","Fullback","backup_baseline","reported_exact","42","https://www.google.com/search?q=%22Connor%20Tracey%22%20%22Canterbury-Bankstown%20Bulldogs%22%20salary%20contract%20worth%20deal%20extension%20NRL","https://www.google.com/search?q=site%3Adailytelegraph.com.au%20%22Connor%20Tracey%22%20salary%20contract%20NRL","https://www.google.com/search?q=site%3Asmh.com.au%20%22Connor%20Tracey%22%20salary%20contract%20NRL","https://www.google.com/search?q=site%3Abulldogs.com.au%20%22Connor%20Tracey%22%20contract"
"cby","Canterbury-Bankstown Bulldogs","Jacob Kiraz","Winger","backup_baseline","reported_exact","42","https://www.google.com/search?q=%22Jacob%20Kiraz%22%20%22Canterbury-Bankstown%20Bulldogs%22%20salary%20contract%20worth%20deal%20extension%20NRL","https://www.google.com/search?q=site%3Adailytelegraph.com.au%20%22Jacob%20Kiraz%22%20salary%20contract%20NRL","https://www.google.com/search?q=site%3Asmh.com.au%20%22Jacob%20Kiraz%22%20salary%20contract%20NRL","https://www.google.com/search?q=site%3Abulldogs.com.au%20%22Jacob%20Kiraz%22%20contract"
"cby","Canterbury-Bankstown Bulldogs","Bronson Xerri","Centre","backup_baseline","reported_exact","42","https://www.google.com/search?q=%22Bronson%20Xerri%22%20%22Canterbury-Bankstown%20Bulldogs%22%20salary%20contract%20worth%20deal%20extension%20NRL","https://www.google.com/search?q=site%3Adailytelegraph.com.au%20%22Bronson%20Xerri%22%20salary%20contract%20NRL","https://www.google.com/search?q=site%3Asmh.com.au%20%22Bronson%20Xerri%22%20salary%20contract%20NRL","https://www.google.com/search?q=site%3Abulldogs.com.au%20%22Bronson%20Xerri%22%20contract"
"cby","Canterbury-Bankstown Bulldogs","Stephen Crichton","Centre","backup_baseline","reported_exact","42","https://www.google.com/search?q=%22Stephen%20Crichton%22%20%22Canterbury-Bankstown%20Bulldogs%22%20salary%20contract%20worth%20deal%20extension%20NRL","https://www.google.com/search?q=site%3Adailytelegraph.com.au%20%22Stephen%20Crichton%22%20salary%20contract%20NRL","https://www.google.com/search?q=site%3Asmh.com.au%20%22Stephen%20Crichton%22%20salary%20contract%20NRL","https://www.google.com/search?q=site%3Abulldogs.com.au%20%22Stephen%20Crichton%22%20contract"
"cby","Canterbury-Bankstown Bulldogs","Marcelo Montoya","Winger","backup_baseline","reported_exact","42","https://www.google.com/search?q=%22Marcelo%20Montoya%22%20%22Canterbury-Bankstown%20Bulldogs%22%20salary%20contract%20worth%20deal%20extension%20NRL","https://www.google.com/search?q=site%3Adailytelegraph.com.au%20%22Marcelo%20Montoya%22%20salary%20contract%20NRL","https://www.google.com/search?q=site%3Asmh.com.au%20%22Marcelo%20Montoya%22%20salary%20contract%20NRL","https://www.google.com/search?q=site%3Abulldogs.com.au%20%22Marcelo%20Montoya%22%20contract"
"cby","Canterbury-Bankstown Bulldogs","Matt Burton","Five-Eighth","backup_baseline","reported_exact","42","https://www.google.com/search?q=%22Matt%20Burton%22%20%22Canterbury-Bankstown%20Bulldogs%22%20salary%20contract%20worth%20deal%20extension%20NRL","https://www.google.com/search?q=site%3Adailytelegraph.com.au%20%22Matt%20Burton%22%20salary%20contract%20NRL","https://www.google.com/search?q=site%3Asmh.com.au%20%22Matt%20Burton%22%20salary%20contract%20NRL","https://www.google.com/search?q=site%3Abulldogs.com.au%20%22Matt%20Burton%22%20contract"
"cby","Canterbury-Bankstown Bulldogs","Lachlan Galvin","Halfback","backup_baseline","reported_exact","42","https://www.google.com/search?q=%22Lachlan%20Galvin%22%20%22Canterbury-Bankstown%20Bulldogs%22%20salary%20contract%20worth%20deal%20extension%20NRL","https://www.google.com/search?q=site%3Adailytelegraph.com.au%20%22Lachlan%20Galvin%22%20salary%20contract%20NRL","https://www.google.com/search?q=site%3Asmh.com.au%20%22Lachlan%20Galvin%22%20salary%20contract%20NRL","https://www.google.com/search?q=site%3Abulldogs.com.au%20%22Lachlan%20Galvin%22%20contract"
"cby","Canterbury-Bankstown Bulldogs","Max King","Prop","backup_baseline","reported_exact","42","https://www.google.com/search?q=%22Max%20King%22%20%22Canterbury-Bankstown%20Bulldogs%22%20salary%20contract%20worth%20deal%20extension%20NRL","https://www.google.com/search?q=site%3Adailytelegraph.com.au%20%22Max%20King%22%20salary%20contract%20NRL","https://www.google.com/search?q=site%3Asmh.com.au%20%22Max%20King%22%20salary%20contract%20NRL","https://www.google.com/search?q=site%3Abulldogs.com.au%20%22Max%20King%22%20contract"
"cby","Canterbury-Bankstown Bulldogs","Bailey Hayward","Hooker","backup_baseline","reported_exact","42","https://www.google.com/search?q=%22Bailey%20Hayward%22%20%22Canterbury-Bankstown%20Bulldogs%22%20salary%20contract%20worth%20deal%20extension%20NRL","https://www.google.com/search?q=site%3Adailytelegraph.com.au%20%22Bailey%20Hayward%22%20salary%20contract%20NRL","https://www.google.com/search?q=site%3Asmh.com.au%20%22Bailey%20Hayward%22%20salary%20contract%20NRL","https://www.google.com/search?q=site%3Abulldogs.com.au%20%22Bailey%20Hayward%22%20contract"
"cby","Canterbury-Bankstown Bulldogs","Leo Thompson","Prop","backup_baseline","reported_exact","42","https://www.google.com/search?q=%22Leo%20Thompson%22%20%22Canterbury-Bankstown%20Bulldogs%22%20salary%20contract%20worth%20deal%20extension%20NRL","https://www.google.com/search?q=site%3Adailytelegraph.com.au%20%22Leo%20Thompson%22%20salary%20contract%20NRL","https://www.google.com/search?q=site%3Asmh.com.au%20%22Leo%20Thompson%22%20salary%20contract%20NRL","https://www.google.com/search?q=site%3Abulldogs.com.au%20%22Leo%20Thompson%22%20contract"
"cby","Canterbury-Bankstown Bulldogs","Viliame Kikau","2nd Row","backup_baseline","reported_exact","42","https://www.google.com/search?q=%22Viliame%20Kikau%22%20%22Canterbury-Bankstown%20Bulldogs%22%20salary%20contract%20worth%20deal%20extension%20NRL","https://www.google.com/search?q=site%3Adailytelegraph.com.au%20%22Viliame%20Kikau%22%20salary%20contract%20NRL","https://www.google.com/search?q=site%3Asmh.com.au%20%22Viliame%20Kikau%22%20salary%20contract%20NRL","https://www.google.com/search?q=site%3Abulldogs.com.au%20%22Viliame%20Kikau%22%20contract"
"cby","Canterbury-Bankstown Bulldogs","Jacob Preston","2nd Row","backup_baseline","reported_exact","42","https://www.google.com/search?q=%22Jacob%20Preston%22%20%22Canterbury-Bankstown%20Bulldogs%22%20salary%20contract%20worth%20deal%20extension%20NRL","https://www.google.com/search?q=site%3Adailytelegraph.com.au%20%22Jacob%20Preston%22%20salary%20contract%20NRL","https://www.google.com/search?q=site%3Asmh.com.au%20%22Jacob%20Preston%22%20salary%20contract%20NRL","https://www.google.com/search?q=site%3Abulldogs.com.au%20%22Jacob%20Preston%22%20contract"
"cby","Canterbury-Bankstown Bulldogs","Jaeman Salmon","Lock","backup_baseline","reported_exact","42","https://www.google.com/search?q=%22Jaeman%20Salmon%22%20%22Canterbury-Bankstown%20Bulldogs%22%20salary%20contract%20worth%20deal%20extension%20NRL","https://www.google.com/search?q=site%3Adailytelegraph.com.au%20%22Jaeman%20Salmon%22%20salary%20contract%20NRL","https://www.google.com/search?q=site%3Asmh.com.au%20%22Jaeman%20Salmon%22%20salary%20contract%20NRL","https://www.google.com/search?q=site%3Abulldogs.com.au%20%22Jaeman%20Salmon%22%20contract"
"cby","Canterbury-Bankstown Bulldogs","Kurt Mann","Interchange","backup_baseline","reported_exact","42","https://www.google.com/search?q=%22Kurt%20Mann%22%20%22Canterbury-Bankstown%20Bulldogs%22%20salary%20contract%20worth%20deal%20extension%20NRL","https://www.google.com/search?q=site%3Adailytelegraph.com.au%20%22Kurt%20Mann%22%20salary%20contract%20NRL","https://www.google.com/search?q=site%3Asmh.com.au%20%22Kurt%20Mann%22%20salary%20contract%20NRL","https://www.google.com/search?q=site%3Abulldogs.com.au%20%22Kurt%20Mann%22%20contract"
"cby","Canterbury-Bankstown Bulldogs","Sitili Tupouniua","Interchange","backup_baseline","reported_exact","42","https://www.google.com/search?q=%22Sitili%20Tupouniua%22%20%22Canterbury-Bankstown%20Bulldogs%22%20salary%20contract%20worth%20deal%20extension%20NRL","https://www.google.com/search?q=site%3Adailytelegraph.com.au%20%22Sitili%20Tupouniua%22%20salary%20contract%20NRL","https://www.google.com/search?q=site%3Asmh.com.au%20%22Sitili%20Tupouniua%22%20salary%20contract%20NRL","https://www.google.com/search?q=site%3Abulldogs.com.au%20%22Sitili%20Tupouniua%22%20contract"
"cby","Canterbury-Bankstown Bulldogs","Josh Curran","Interchange","backup_baseline","reported_exact","42","https://www.google.com/search?q=%22Josh%20Curran%22%20%22Canterbury-Bankstown%20Bulldogs%22%20salary%20contract%20worth%20deal%20extension%20NRL","https://www.google.com/search?q=site%3Adailytelegraph.com.au%20%22Josh%20Curran%22%20salary%20contract%20NRL","https://www.google.com/search?q=site%3Asmh.com.au%20%22Josh%20Curran%22%20salary%20contract%20NRL","https://www.google.com/search?q=site%3Abulldogs.com.au%20%22Josh%20Curran%22%20contract"
"cby","Canterbury-Bankstown Bulldogs","Samuel Hughes","Interchange","backup_baseline","reported_exact","42","https://www.google.com/search?q=%22Samuel%20Hughes%22%20%22Canterbury-Bankstown%20Bulldogs%22%20salary%20contract%20worth%20deal%20extension%20NRL","https://www.google.com/search?q=site%3Adailytelegraph.com.au%20%22Samuel%20Hughes%22%20salary%20contract%20NRL","https://www.google.com/search?q=site%3Asmh.com.au%20%22Samuel%20Hughes%22%20salary%20contract%20NRL","https://www.google.com/search?q=site%3Abulldogs.com.au%20%22Samuel%20Hughes%22%20contract"
"cby","Canterbury-Bankstown Bulldogs","Daniel Suluka-Fifita","Unknown","bucket_unknown","unknown","22","https://www.google.com/search?q=%22Daniel%20Suluka-Fifita%22%20%22Canterbury-Bankstown%20Bulldogs%22%20salary%20contract%20worth%20deal%20extension%20NRL","https://www.google.com/search?q=site%3Adailytelegraph.com.au%20%22Daniel%20Suluka-Fifita%22%20salary%20contract%20NRL","https://www.google.com/search?q=site%3Asmh.com.au%20%22Daniel%20Suluka-Fifita%22%20salary%20contract%20NRL","https://www.google.com/search?q=site%3Abulldogs.com.au%20%22Daniel%20Suluka-Fifita%22%20contract"
"cby","Canterbury-Bankstown Bulldogs","Enari Tuala","Unknown","bucket_unknown","unknown","22","https://www.google.com/search?q=%22Enari%20Tuala%22%20%22Canterbury-Bankstown%20Bulldogs%22%20salary%20contract%20worth%20deal%20extension%20NRL","https://www.google.com/search?q=site%3Adailytelegraph.com.au%20%22Enari%20Tuala%22%20salary%20contract%20NRL","https://www.google.com/search?q=site%3Asmh.com.au%20%22Enari%20Tuala%22%20salary%20contract%20NRL","https://www.google.com/search?q=site%3Abulldogs.com.au%20%22Enari%20Tuala%22%20contract"
"cby","Canterbury-Bankstown Bulldogs","Finau Latu","Unknown","bucket_unknown","unknown","22","https://www.google.com/search?q=%22Finau%20Latu%22%20%22Canterbury-Bankstown%20Bulldogs%22%20salary%20contract%20worth%20deal%20extension%20NRL","https://www.google.com/search?q=site%3Adailytelegraph.com.au%20%22Finau%20Latu%22%20salary%20contract%20NRL","https://www.google.com/search?q=site%3Asmh.com.au%20%22Finau%20Latu%22%20salary%20contract%20NRL","https://www.google.com/search?q=site%3Abulldogs.com.au%20%22Finau%20Latu%22%20contract"
"cby","Canterbury-Bankstown Bulldogs","Harry Hayes","Unknown","bucket_unknown","unknown","22","https://www.google.com/search?q=%22Harry%20Hayes%22%20%22Canterbury-Bankstown%20Bulldogs%22%20salary%20contract%20worth%20deal%20extension%20NRL","https://www.google.com/search?q=site%3Adailytelegraph.com.au%20%22Harry%20Hayes%22%20salary%20contract%20NRL","https://www.google.com/search?q=site%3Asmh.com.au%20%22Harry%20Hayes%22%20salary%20contract%20NRL","https://www.google.com/search?q=site%3Abulldogs.com.au%20%22Harry%20Hayes%22%20contract"
"cby","Canterbury-Bankstown Bulldogs","Jack Todd","Unknown","bucket_unknown","unknown","22","https://www.google.com/search?q=%22Jack%20Todd%22%20%22Canterbury-Bankstown%20Bulldogs%22%20salary%20contract%20worth%20deal%20extension%20NRL","https://www.google.com/search?q=site%3Adailytelegraph.com.au%20%22Jack%20Todd%22%20salary%20contract%20NRL","https://www.google.com/search?q=site%3Asmh.com.au%20%22Jack%20Todd%22%20salary%20contract%20NRL","https://www.google.com/search?q=site%3Abulldogs.com.au%20%22Jack%20Todd%22%20contract"
"cby","Canterbury-Bankstown Bulldogs","Jake Turpin","Unknown","bucket_unknown","unknown","22","https://www.google.com/search?q=%22Jake%20Turpin%22%20%22Canterbury-Bankstown%20Bulldogs%22%20salary%20contract%20worth%20deal%20extension%20NRL","https://www.google.com/search?q=site%3Adailytelegraph.com.au%20%22Jake%20Turpin%22%20salary%20contract%20NRL","https://www.google.com/search?q=site%3Asmh.com.au%20%22Jake%20Turpin%22%20salary%20contract%20NRL","https://www.google.com/search?q=site%3Abulldogs.com.au%20%22Jake%20Turpin%22%20contract"
"cby","Canterbury-Bankstown Bulldogs","Jonathan Sua","Unknown","bucket_unknown","unknown","22","https://www.google.com/search?q=%22Jonathan%20Sua%22%20%22Canterbury-Bankstown%20Bulldogs%22%20salary%20contract%20worth%20deal%20extension%20NRL","https://www.google.com/search?q=site%3Adailytelegraph.com.au%20%22Jonathan%20Sua%22%20salary%20contract%20NRL","https://www.google.com/search?q=site%3Asmh.com.au%20%22Jonathan%20Sua%22%20salary%20contract%20NRL","https://www.google.com/search?q=site%3Abulldogs.com.au%20%22Jonathan%20Sua%22%20contract"
"cby","Canterbury-Bankstown Bulldogs","Kade Dykes","Unknown","bucket_unknown","unknown","22","https://www.google.com/search?q=%22Kade%20Dykes%22%20%22Canterbury-Bankstown%20Bulldogs%22%20salary%20contract%20worth%20deal%20extension%20NRL","https://www.google.com/search?q=site%3Adailytelegraph.com.au%20%22Kade%20Dykes%22%20salary%20contract%20NRL","https://www.google.com/search?q=site%3Asmh.com.au%20%22Kade%20Dykes%22%20salary%20contract%20NRL","https://www.google.com/search?q=site%3Abulldogs.com.au%20%22Kade%20Dykes%22%20contract"
"cby","Canterbury-Bankstown Bulldogs","Lipoi Hopoi","Unknown","bucket_unknown","unknown","22","https://www.google.com/search?q=%22Lipoi%20Hopoi%22%20%22Canterbury-Bankstown%20Bulldogs%22%20salary%20contract%20worth%20deal%20extension%20NRL","https://www.google.com/search?q=site%3Adailytelegraph.com.au%20%22Lipoi%20Hopoi%22%20salary%20contract%20NRL","https://www.google.com/search?q=site%3Asmh.com.au%20%22Lipoi%20Hopoi%22%20salary%20contract%20NRL","https://www.google.com/search?q=site%3Abulldogs.com.au%20%22Lipoi%20Hopoi%22%20contract"
"cby","Canterbury-Bankstown Bulldogs","Mitchell Woods","Unknown","bucket_unknown","unknown","22","https://www.google.com/search?q=%22Mitchell%20Woods%22%20%22Canterbury-Bankstown%20Bulldogs%22%20salary%20contract%20worth%20deal%20extension%20NRL","https://www.google.com/search?q=site%3Adailytelegraph.com.au%20%22Mitchell%20Woods%22%20salary%20contract%20NRL","https://www.google.com/search?q=site%3Asmh.com.au%20%22Mitchell%20Woods%22%20salary%20contract%20NRL","https://www.google.com/search?q=site%3Abulldogs.com.au%20%22Mitchell%20Woods%22%20contract"
"cby","Canterbury-Bankstown Bulldogs","Patrick Young","Unknown","bucket_unknown","unknown","22","https://www.google.com/search?q=%22Patrick%20Young%22%20%22Canterbury-Bankstown%20Bulldogs%22%20salary%20contract%20worth%20deal%20extension%20NRL","https://www.google.com/search?q=site%3Adailytelegraph.com.au%20%22Patrick%20Young%22%20salary%20contract%20NRL","https://www.google.com/search?q=site%3Asmh.com.au%20%22Patrick%20Young%22%20salary%20contract%20NRL","https://www.google.com/search?q=site%3Abulldogs.com.au%20%22Patrick%20Young%22%20contract"
"cby","Canterbury-Bankstown Bulldogs","Sean O'Sullivan","Unknown","bucket_unknown","unknown","22","https://www.google.com/search?q=%22Sean%20O'Sullivan%22%20%22Canterbury-Bankstown%20Bulldogs%22%20salary%20contract%20worth%20deal%20extension%20NRL","https://www.google.com/search?q=site%3Adailytelegraph.com.au%20%22Sean%20O'Sullivan%22%20salary%20contract%20NRL","https://www.google.com/search?q=site%3Asmh.com.au%20%22Sean%20O'Sullivan%22%20salary%20contract%20NRL","https://www.google.com/search?q=site%3Abulldogs.com.au%20%22Sean%20O'Sullivan%22%20contract"
"cby","Canterbury-Bankstown Bulldogs","Zyon Maiu’u","Unknown","bucket_unknown","unknown","22","https://www.google.com/search?q=%22Zyon%20Maiu%E2%80%99u%22%20%22Canterbury-Bankstown%20Bulldogs%22%20salary%20contract%20worth%20deal%20extension%20NRL","https://www.google.com/search?q=site%3Adailytelegraph.com.au%20%22Zyon%20Maiu%E2%80%99u%22%20salary%20contract%20NRL","https://www.google.com/search?q=site%3Asmh.com.au%20%22Zyon%20Maiu%E2%80%99u%22%20salary%20contract%20NRL","https://www.google.com/search?q=site%3Abulldogs.com.au%20%22Zyon%20Maiu%E2%80%99u%22%20contract"
"cro","Cronulla-Sutherland Sharks","Will Kennedy","Fullback","backup_baseline","reported_exact","42","https://www.google.com/search?q=%22Will%20Kennedy%22%20%22Cronulla-Sutherland%20Sharks%22%20salary%20contract%20worth%20deal%20extension%20NRL","https://www.google.com/search?q=site%3Adailytelegraph.com.au%20%22Will%20Kennedy%22%20salary%20contract%20NRL","https://www.google.com/search?q=site%3Asmh.com.au%20%22Will%20Kennedy%22%20salary%20contract%20NRL","https://www.google.com/search?q=site%3Asharks.com.au%20%22Will%20Kennedy%22%20contract"
"cro","Cronulla-Sutherland Sharks","Sione Katoa","Winger","backup_baseline","reported_exact","42","https://www.google.com/search?q=%22Sione%20Katoa%22%20%22Cronulla-Sutherland%20Sharks%22%20salary%20contract%20worth%20deal%20extension%20NRL","https://www.google.com/search?q=site%3Adailytelegraph.com.au%20%22Sione%20Katoa%22%20salary%20contract%20NRL","https://www.google.com/search?q=site%3Asmh.com.au%20%22Sione%20Katoa%22%20salary%20contract%20NRL","https://www.google.com/search?q=site%3Asharks.com.au%20%22Sione%20Katoa%22%20contract"
"cro","Cronulla-Sutherland Sharks","Jesse Ramien","Centre","backup_baseline","reported_exact","42","https://www.google.com/search?q=%22Jesse%20Ramien%22%20%22Cronulla-Sutherland%20Sharks%22%20salary%20contract%20worth%20deal%20extension%20NRL","https://www.google.com/search?q=site%3Adailytelegraph.com.au%20%22Jesse%20Ramien%22%20salary%20contract%20NRL","https://www.google.com/search?q=site%3Asmh.com.au%20%22Jesse%20Ramien%22%20salary%20contract%20NRL","https://www.google.com/search?q=site%3Asharks.com.au%20%22Jesse%20Ramien%22%20contract"
"cro","Cronulla-Sutherland Sharks","KL Iro","Centre","backup_baseline","reported_exact","42","https://www.google.com/search?q=%22KL%20Iro%22%20%22Cronulla-Sutherland%20Sharks%22%20salary%20contract%20worth%20deal%20extension%20NRL","https://www.google.com/search?q=site%3Adailytelegraph.com.au%20%22KL%20Iro%22%20salary%20contract%20NRL","https://www.google.com/search?q=site%3Asmh.com.au%20%22KL%20Iro%22%20salary%20contract%20NRL","https://www.google.com/search?q=site%3Asharks.com.au%20%22KL%20Iro%22%20contract"
"cro","Cronulla-Sutherland Sharks","Ronaldo Mulitalo","Winger","backup_baseline","reported_exact","42","https://www.google.com/search?q=%22Ronaldo%20Mulitalo%22%20%22Cronulla-Sutherland%20Sharks%22%20salary%20contract%20worth%20deal%20extension%20NRL","https://www.google.com/search?q=site%3Adailytelegraph.com.au%20%22Ronaldo%20Mulitalo%22%20salary%20contract%20NRL","https://www.google.com/search?q=site%3Asmh.com.au%20%22Ronaldo%20Mulitalo%22%20salary%20contract%20NRL","https://www.google.com/search?q=site%3Asharks.com.au%20%22Ronaldo%20Mulitalo%22%20contract"
"cro","Cronulla-Sutherland Sharks","Braydon Trindall","Five-Eighth","backup_baseline","reported_exact","42","https://www.google.com/search?q=%22Braydon%20Trindall%22%20%22Cronulla-Sutherland%20Sharks%22%20salary%20contract%20worth%20deal%20extension%20NRL","https://www.google.com/search?q=site%3Adailytelegraph.com.au%20%22Braydon%20Trindall%22%20salary%20contract%20NRL","https://www.google.com/search?q=site%3Asmh.com.au%20%22Braydon%20Trindall%22%20salary%20contract%20NRL","https://www.google.com/search?q=site%3Asharks.com.au%20%22Braydon%20Trindall%22%20contract"
"cro","Cronulla-Sutherland Sharks","Nicho Hynes","Halfback","backup_baseline","reported_exact","42","https://www.google.com/search?q=%22Nicho%20Hynes%22%20%22Cronulla-Sutherland%20Sharks%22%20salary%20contract%20worth%20deal%20extension%20NRL","https://www.google.com/search?q=site%3Adailytelegraph.com.au%20%22Nicho%20Hynes%22%20salary%20contract%20NRL","https://www.google.com/search?q=site%3Asmh.com.au%20%22Nicho%20Hynes%22%20salary%20contract%20NRL","https://www.google.com/search?q=site%3Asharks.com.au%20%22Nicho%20Hynes%22%20contract"
"cro","Cronulla-Sutherland Sharks","Addin Fonua-Blake","Prop","backup_baseline","reported_exact","42","https://www.google.com/search?q=%22Addin%20Fonua-Blake%22%20%22Cronulla-Sutherland%20Sharks%22%20salary%20contract%20worth%20deal%20extension%20NRL","https://www.google.com/search?q=site%3Adailytelegraph.com.au%20%22Addin%20Fonua-Blake%22%20salary%20contract%20NRL","https://www.google.com/search?q=site%3Asmh.com.au%20%22Addin%20Fonua-Blake%22%20salary%20contract%20NRL","https://www.google.com/search?q=site%3Asharks.com.au%20%22Addin%20Fonua-Blake%22%20contract"
"cro","Cronulla-Sutherland Sharks","Blayke Brailey","Hooker","backup_baseline","reported_exact","42","https://www.google.com/search?q=%22Blayke%20Brailey%22%20%22Cronulla-Sutherland%20Sharks%22%20salary%20contract%20worth%20deal%20extension%20NRL","https://www.google.com/search?q=site%3Adailytelegraph.com.au%20%22Blayke%20Brailey%22%20salary%20contract%20NRL","https://www.google.com/search?q=site%3Asmh.com.au%20%22Blayke%20Brailey%22%20salary%20contract%20NRL","https://www.google.com/search?q=site%3Asharks.com.au%20%22Blayke%20Brailey%22%20contract"
"cro","Cronulla-Sutherland Sharks","Tom Hazleton","Prop","backup_baseline","reported_exact","42","https://www.google.com/search?q=%22Tom%20Hazleton%22%20%22Cronulla-Sutherland%20Sharks%22%20salary%20contract%20worth%20deal%20extension%20NRL","https://www.google.com/search?q=site%3Adailytelegraph.com.au%20%22Tom%20Hazleton%22%20salary%20contract%20NRL","https://www.google.com/search?q=site%3Asmh.com.au%20%22Tom%20Hazleton%22%20salary%20contract%20NRL","https://www.google.com/search?q=site%3Asharks.com.au%20%22Tom%20Hazleton%22%20contract"
"cro","Cronulla-Sutherland Sharks","Briton Nikora","2nd Row","backup_baseline","reported_exact","42","https://www.google.com/search?q=%22Briton%20Nikora%22%20%22Cronulla-Sutherland%20Sharks%22%20salary%20contract%20worth%20deal%20extension%20NRL","https://www.google.com/search?q=site%3Adailytelegraph.com.au%20%22Briton%20Nikora%22%20salary%20contract%20NRL","https://www.google.com/search?q=site%3Asmh.com.au%20%22Briton%20Nikora%22%20salary%20contract%20NRL","https://www.google.com/search?q=site%3Asharks.com.au%20%22Briton%20Nikora%22%20contract"
"cro","Cronulla-Sutherland Sharks","Teig Wilton","2nd Row","backup_baseline","reported_exact","42","https://www.google.com/search?q=%22Teig%20Wilton%22%20%22Cronulla-Sutherland%20Sharks%22%20salary%20contract%20worth%20deal%20extension%20NRL","https://www.google.com/search?q=site%3Adailytelegraph.com.au%20%22Teig%20Wilton%22%20salary%20contract%20NRL","https://www.google.com/search?q=site%3Asmh.com.au%20%22Teig%20Wilton%22%20salary%20contract%20NRL","https://www.google.com/search?q=site%3Asharks.com.au%20%22Teig%20Wilton%22%20contract"
"cro","Cronulla-Sutherland Sharks","Cameron McInnes","Lock","backup_baseline","reported_exact","42","https://www.google.com/search?q=%22Cameron%20McInnes%22%20%22Cronulla-Sutherland%20Sharks%22%20salary%20contract%20worth%20deal%20extension%20NRL","https://www.google.com/search?q=site%3Adailytelegraph.com.au%20%22Cameron%20McInnes%22%20salary%20contract%20NRL","https://www.google.com/search?q=site%3Asmh.com.au%20%22Cameron%20McInnes%22%20salary%20contract%20NRL","https://www.google.com/search?q=site%3Asharks.com.au%20%22Cameron%20McInnes%22%20contract"
"cro","Cronulla-Sutherland Sharks","Billy Burns","Interchange","backup_baseline","reported_exact","42","https://www.google.com/search?q=%22Billy%20Burns%22%20%22Cronulla-Sutherland%20Sharks%22%20salary%20contract%20worth%20deal%20extension%20NRL","https://www.google.com/search?q=site%3Adailytelegraph.com.au%20%22Billy%20Burns%22%20salary%20contract%20NRL","https://www.google.com/search?q=site%3Asmh.com.au%20%22Billy%20Burns%22%20salary%20contract%20NRL","https://www.google.com/search?q=site%3Asharks.com.au%20%22Billy%20Burns%22%20contract"
"cro","Cronulla-Sutherland Sharks","Jesse Colquhoun","Interchange","backup_baseline","reported_exact","42","https://www.google.com/search?q=%22Jesse%20Colquhoun%22%20%22Cronulla-Sutherland%20Sharks%22%20salary%20contract%20worth%20deal%20extension%20NRL","https://www.google.com/search?q=site%3Adailytelegraph.com.au%20%22Jesse%20Colquhoun%22%20salary%20contract%20NRL","https://www.google.com/search?q=site%3Asmh.com.au%20%22Jesse%20Colquhoun%22%20salary%20contract%20NRL","https://www.google.com/search?q=site%3Asharks.com.au%20%22Jesse%20Colquhoun%22%20contract"
"cro","Cronulla-Sutherland Sharks","Sifa Talakai","Interchange","backup_baseline","reported_exact","42","https://www.google.com/search?q=%22Sifa%20Talakai%22%20%22Cronulla-Sutherland%20Sharks%22%20salary%20contract%20worth%20deal%20extension%20NRL","https://www.google.com/search?q=site%3Adailytelegraph.com.au%20%22Sifa%20Talakai%22%20salary%20contract%20NRL","https://www.google.com/search?q=site%3Asmh.com.au%20%22Sifa%20Talakai%22%20salary%20contract%20NRL","https://www.google.com/search?q=site%3Asharks.com.au%20%22Sifa%20Talakai%22%20contract"
"cro","Cronulla-Sutherland Sharks","Toby Rudolf","Interchange","backup_baseline","reported_exact","42","https://www.google.com/search?q=%22Toby%20Rudolf%22%20%22Cronulla-Sutherland%20Sharks%22%20salary%20contract%20worth%20deal%20extension%20NRL","https://www.google.com/search?q=site%3Adailytelegraph.com.au%20%22Toby%20Rudolf%22%20salary%20contract%20NRL","https://www.google.com/search?q=site%3Asmh.com.au%20%22Toby%20Rudolf%22%20salary%20contract%20NRL","https://www.google.com/search?q=site%3Asharks.com.au%20%22Toby%20Rudolf%22%20contract"
"cro","Cronulla-Sutherland Sharks","Braden Uele","Unknown","bucket_unknown","unknown","22","https://www.google.com/search?q=%22Braden%20Uele%22%20%22Cronulla-Sutherland%20Sharks%22%20salary%20contract%20worth%20deal%20extension%20NRL","https://www.google.com/search?q=site%3Adailytelegraph.com.au%20%22Braden%20Uele%22%20salary%20contract%20NRL","https://www.google.com/search?q=site%3Asmh.com.au%20%22Braden%20Uele%22%20salary%20contract%20NRL","https://www.google.com/search?q=site%3Asharks.com.au%20%22Braden%20Uele%22%20contract"
"cro","Cronulla-Sutherland Sharks","Hohepa Puru","Unknown","bucket_unknown","unknown","22","https://www.google.com/search?q=%22Hohepa%20Puru%22%20%22Cronulla-Sutherland%20Sharks%22%20salary%20contract%20worth%20deal%20extension%20NRL","https://www.google.com/search?q=site%3Adailytelegraph.com.au%20%22Hohepa%20Puru%22%20salary%20contract%20NRL","https://www.google.com/search?q=site%3Asmh.com.au%20%22Hohepa%20Puru%22%20salary%20contract%20NRL","https://www.google.com/search?q=site%3Asharks.com.au%20%22Hohepa%20Puru%22%20contract"
"cro","Cronulla-Sutherland Sharks","Jayden Berrell","Unknown","bucket_unknown","unknown","22","https://www.google.com/search?q=%22Jayden%20Berrell%22%20%22Cronulla-Sutherland%20Sharks%22%20salary%20contract%20worth%20deal%20extension%20NRL","https://www.google.com/search?q=site%3Adailytelegraph.com.au%20%22Jayden%20Berrell%22%20salary%20contract%20NRL","https://www.google.com/search?q=site%3Asmh.com.au%20%22Jayden%20Berrell%22%20salary%20contract%20NRL","https://www.google.com/search?q=site%3Asharks.com.au%20%22Jayden%20Berrell%22%20contract"
"cro","Cronulla-Sutherland Sharks","Liam Ison","Unknown","bucket_unknown","unknown","22","https://www.google.com/search?q=%22Liam%20Ison%22%20%22Cronulla-Sutherland%20Sharks%22%20salary%20contract%20worth%20deal%20extension%20NRL","https://www.google.com/search?q=site%3Adailytelegraph.com.au%20%22Liam%20Ison%22%20salary%20contract%20NRL","https://www.google.com/search?q=site%3Asmh.com.au%20%22Liam%20Ison%22%20salary%20contract%20NRL","https://www.google.com/search?q=site%3Asharks.com.au%20%22Liam%20Ison%22%20contract"
"cro","Cronulla-Sutherland Sharks","Mawene Hiroti","Unknown","bucket_unknown","unknown","22","https://www.google.com/search?q=%22Mawene%20Hiroti%22%20%22Cronulla-Sutherland%20Sharks%22%20salary%20contract%20worth%20deal%20extension%20NRL","https://www.google.com/search?q=site%3Adailytelegraph.com.au%20%22Mawene%20Hiroti%22%20salary%20contract%20NRL","https://www.google.com/search?q=site%3Asmh.com.au%20%22Mawene%20Hiroti%22%20salary%20contract%20NRL","https://www.google.com/search?q=site%3Asharks.com.au%20%22Mawene%20Hiroti%22%20contract"
"cro","Cronulla-Sutherland Sharks","Niwhai Puru","Unknown","bucket_unknown","unknown","22","https://www.google.com/search?q=%22Niwhai%20Puru%22%20%22Cronulla-Sutherland%20Sharks%22%20salary%20contract%20worth%20deal%20extension%20NRL","https://www.google.com/search?q=site%3Adailytelegraph.com.au%20%22Niwhai%20Puru%22%20salary%20contract%20NRL","https://www.google.com/search?q=site%3Asmh.com.au%20%22Niwhai%20Puru%22%20salary%20contract%20NRL","https://www.google.com/search?q=site%3Asharks.com.au%20%22Niwhai%20Puru%22%20contract"
"cro","Cronulla-Sutherland Sharks","Oregon Kaufusi","Unknown","bucket_unknown","unknown","22","https://www.google.com/search?q=%22Oregon%20Kaufusi%22%20%22Cronulla-Sutherland%20Sharks%22%20salary%20contract%20worth%20deal%20extension%20NRL","https://www.google.com/search?q=site%3Adailytelegraph.com.au%20%22Oregon%20Kaufusi%22%20salary%20contract%20NRL","https://www.google.com/search?q=site%3Asmh.com.au%20%22Oregon%20Kaufusi%22%20salary%20contract%20NRL","https://www.google.com/search?q=site%3Asharks.com.au%20%22Oregon%20Kaufusi%22%20contract"
"cro","Cronulla-Sutherland Sharks","Riley Jones","Unknown","bucket_unknown","unknown","22","https://www.google.com/search?q=%22Riley%20Jones%22%20%22Cronulla-Sutherland%20Sharks%22%20salary%20contract%20worth%20deal%20extension%20NRL","https://www.google.com/search?q=site%3Adailytelegraph.com.au%20%22Riley%20Jones%22%20salary%20contract%20NRL","https://www.google.com/search?q=site%3Asmh.com.au%20%22Riley%20Jones%22%20salary%20contract%20NRL","https://www.google.com/search?q=site%3Asharks.com.au%20%22Riley%20Jones%22%20contract"
"cro","Cronulla-Sutherland Sharks","Sam Stonestreet","Unknown","bucket_unknown","unknown","22","https://www.google.com/search?q=%22Sam%20Stonestreet%22%20%22Cronulla-Sutherland%20Sharks%22%20salary%20contract%20worth%20deal%20extension%20NRL","https://www.google.com/search?q=site%3Adailytelegraph.com.au%20%22Sam%20Stonestreet%22%20salary%20contract%20NRL","https://www.google.com/search?q=site%3Asmh.com.au%20%22Sam%20Stonestreet%22%20salary%20contract%20NRL","https://www.google.com/search?q=site%3Asharks.com.au%20%22Sam%20Stonestreet%22%20contract"
"cro","Cronulla-Sutherland Sharks","Thomas Dellow","Unknown","bucket_unknown","unknown","22","https://www.google.com/search?q=%22Thomas%20Dellow%22%20%22Cronulla-Sutherland%20Sharks%22%20salary%20contract%20worth%20deal%20extension%20NRL","https://www.google.com/search?q=site%3Adailytelegraph.com.au%20%22Thomas%20Dellow%22%20salary%20contract%20NRL","https://www.google.com/search?q=site%3Asmh.com.au%20%22Thomas%20Dellow%22%20salary%20contract%20NRL","https://www.google.com/search?q=site%3Asharks.com.au%20%22Thomas%20Dellow%22%20contract"
"cro","Cronulla-Sutherland Sharks","Tuku Hau Tapuha","Unknown","bucket_unknown","unknown","22","https://www.google.com/search?q=%22Tuku%20Hau%20Tapuha%22%20%22Cronulla-Sutherland%20Sharks%22%20salary%20contract%20worth%20deal%20extension%20NRL","https://www.google.com/search?q=site%3Adailytelegraph.com.au%20%22Tuku%20Hau%20Tapuha%22%20salary%20contract%20NRL","https://www.google.com/search?q=site%3Asmh.com.au%20%22Tuku%20Hau%20Tapuha%22%20salary%20contract%20NRL","https://www.google.com/search?q=site%3Asharks.com.au%20%22Tuku%20Hau%20Tapuha%22%20contract"
"dol","Dolphins","Hamiso Tabuai-Fidow","Fullback","backup_baseline","reported_exact","42","https://www.google.com/search?q=%22Hamiso%20Tabuai-Fidow%22%20%22Dolphins%22%20salary%20contract%20worth%20deal%20extension%20NRL","https://www.google.com/search?q=site%3Adailytelegraph.com.au%20%22Hamiso%20Tabuai-Fidow%22%20salary%20contract%20NRL","https://www.google.com/search?q=site%3Asmh.com.au%20%22Hamiso%20Tabuai-Fidow%22%20salary%20contract%20NRL","https://www.google.com/search?q=site%3Adolphinsnrl.com.au%20%22Hamiso%20Tabuai-Fidow%22%20contract"
"dol","Dolphins","Jamayne Isaako","Winger","backup_baseline","reported_exact","42","https://www.google.com/search?q=%22Jamayne%20Isaako%22%20%22Dolphins%22%20salary%20contract%20worth%20deal%20extension%20NRL","https://www.google.com/search?q=site%3Adailytelegraph.com.au%20%22Jamayne%20Isaako%22%20salary%20contract%20NRL","https://www.google.com/search?q=site%3Asmh.com.au%20%22Jamayne%20Isaako%22%20salary%20contract%20NRL","https://www.google.com/search?q=site%3Adolphinsnrl.com.au%20%22Jamayne%20Isaako%22%20contract"
"dol","Dolphins","Selwyn Cobbo","Centre","backup_baseline","reported_exact","42","https://www.google.com/search?q=%22Selwyn%20Cobbo%22%20%22Dolphins%22%20salary%20contract%20worth%20deal%20extension%20NRL","https://www.google.com/search?q=site%3Adailytelegraph.com.au%20%22Selwyn%20Cobbo%22%20salary%20contract%20NRL","https://www.google.com/search?q=site%3Asmh.com.au%20%22Selwyn%20Cobbo%22%20salary%20contract%20NRL","https://www.google.com/search?q=site%3Adolphinsnrl.com.au%20%22Selwyn%20Cobbo%22%20contract"
"dol","Dolphins","Herbie Farnworth","Centre","backup_baseline","reported_exact","42","https://www.google.com/search?q=%22Herbie%20Farnworth%22%20%22Dolphins%22%20salary%20contract%20worth%20deal%20extension%20NRL","https://www.google.com/search?q=site%3Adailytelegraph.com.au%20%22Herbie%20Farnworth%22%20salary%20contract%20NRL","https://www.google.com/search?q=site%3Asmh.com.au%20%22Herbie%20Farnworth%22%20salary%20contract%20NRL","https://www.google.com/search?q=site%3Adolphinsnrl.com.au%20%22Herbie%20Farnworth%22%20contract"
"dol","Dolphins","Jack Bostock","Winger","backup_baseline","reported_exact","42","https://www.google.com/search?q=%22Jack%20Bostock%22%20%22Dolphins%22%20salary%20contract%20worth%20deal%20extension%20NRL","https://www.google.com/search?q=site%3Adailytelegraph.com.au%20%22Jack%20Bostock%22%20salary%20contract%20NRL","https://www.google.com/search?q=site%3Asmh.com.au%20%22Jack%20Bostock%22%20salary%20contract%20NRL","https://www.google.com/search?q=site%3Adolphinsnrl.com.au%20%22Jack%20Bostock%22%20contract"
"dol","Dolphins","Kodi Nikorima","Five-Eighth","backup_baseline","reported_exact","42","https://www.google.com/search?q=%22Kodi%20Nikorima%22%20%22Dolphins%22%20salary%20contract%20worth%20deal%20extension%20NRL","https://www.google.com/search?q=site%3Adailytelegraph.com.au%20%22Kodi%20Nikorima%22%20salary%20contract%20NRL","https://www.google.com/search?q=site%3Asmh.com.au%20%22Kodi%20Nikorima%22%20salary%20contract%20NRL","https://www.google.com/search?q=site%3Adolphinsnrl.com.au%20%22Kodi%20Nikorima%22%20contract"
"dol","Dolphins","Isaiya Katoa","Halfback","backup_baseline","reported_exact","42","https://www.google.com/search?q=%22Isaiya%20Katoa%22%20%22Dolphins%22%20salary%20contract%20worth%20deal%20extension%20NRL","https://www.google.com/search?q=site%3Adailytelegraph.com.au%20%22Isaiya%20Katoa%22%20salary%20contract%20NRL","https://www.google.com/search?q=site%3Asmh.com.au%20%22Isaiya%20Katoa%22%20salary%20contract%20NRL","https://www.google.com/search?q=site%3Adolphinsnrl.com.au%20%22Isaiya%20Katoa%22%20contract"
"dol","Dolphins","Daniel Saifiti","Prop","backup_baseline","reported_exact","42","https://www.google.com/search?q=%22Daniel%20Saifiti%22%20%22Dolphins%22%20salary%20contract%20worth%20deal%20extension%20NRL","https://www.google.com/search?q=site%3Adailytelegraph.com.au%20%22Daniel%20Saifiti%22%20salary%20contract%20NRL","https://www.google.com/search?q=site%3Asmh.com.au%20%22Daniel%20Saifiti%22%20salary%20contract%20NRL","https://www.google.com/search?q=site%3Adolphinsnrl.com.au%20%22Daniel%20Saifiti%22%20contract"
"dol","Dolphins","Jeremy Marshall-King","Hooker","backup_baseline","reported_exact","42","https://www.google.com/search?q=%22Jeremy%20Marshall-King%22%20%22Dolphins%22%20salary%20contract%20worth%20deal%20extension%20NRL","https://www.google.com/search?q=site%3Adailytelegraph.com.au%20%22Jeremy%20Marshall-King%22%20salary%20contract%20NRL","https://www.google.com/search?q=site%3Asmh.com.au%20%22Jeremy%20Marshall-King%22%20salary%20contract%20NRL","https://www.google.com/search?q=site%3Adolphinsnrl.com.au%20%22Jeremy%20Marshall-King%22%20contract"
"dol","Dolphins","Thomas Flegler","Prop","backup_baseline","reported_exact","42","https://www.google.com/search?q=%22Thomas%20Flegler%22%20%22Dolphins%22%20salary%20contract%20worth%20deal%20extension%20NRL","https://www.google.com/search?q=site%3Adailytelegraph.com.au%20%22Thomas%20Flegler%22%20salary%20contract%20NRL","https://www.google.com/search?q=site%3Asmh.com.au%20%22Thomas%20Flegler%22%20salary%20contract%20NRL","https://www.google.com/search?q=site%3Adolphinsnrl.com.au%20%22Thomas%20Flegler%22%20contract"
"dol","Dolphins","Felise Kaufusi","2nd Row","backup_baseline","reported_exact","42","https://www.google.com/search?q=%22Felise%20Kaufusi%22%20%22Dolphins%22%20salary%20contract%20worth%20deal%20extension%20NRL","https://www.google.com/search?q=site%3Adailytelegraph.com.au%20%22Felise%20Kaufusi%22%20salary%20contract%20NRL","https://www.google.com/search?q=site%3Asmh.com.au%20%22Felise%20Kaufusi%22%20salary%20contract%20NRL","https://www.google.com/search?q=site%3Adolphinsnrl.com.au%20%22Felise%20Kaufusi%22%20contract"
"dol","Dolphins","Kulikefu Finefeuiaki","2nd Row","backup_baseline","reported_exact","42","https://www.google.com/search?q=%22Kulikefu%20Finefeuiaki%22%20%22Dolphins%22%20salary%20contract%20worth%20deal%20extension%20NRL","https://www.google.com/search?q=site%3Adailytelegraph.com.au%20%22Kulikefu%20Finefeuiaki%22%20salary%20contract%20NRL","https://www.google.com/search?q=site%3Asmh.com.au%20%22Kulikefu%20Finefeuiaki%22%20salary%20contract%20NRL","https://www.google.com/search?q=site%3Adolphinsnrl.com.au%20%22Kulikefu%20Finefeuiaki%22%20contract"
"dol","Dolphins","Tom Gilbert","Lock","backup_baseline","reported_exact","42","https://www.google.com/search?q=%22Tom%20Gilbert%22%20%22Dolphins%22%20salary%20contract%20worth%20deal%20extension%20NRL","https://www.google.com/search?q=site%3Adailytelegraph.com.au%20%22Tom%20Gilbert%22%20salary%20contract%20NRL","https://www.google.com/search?q=site%3Asmh.com.au%20%22Tom%20Gilbert%22%20salary%20contract%20NRL","https://www.google.com/search?q=site%3Adolphinsnrl.com.au%20%22Tom%20Gilbert%22%20contract"
"dol","Dolphins","Kurt Donoghoe","Interchange","backup_baseline","reported_exact","42","https://www.google.com/search?q=%22Kurt%20Donoghoe%22%20%22Dolphins%22%20salary%20contract%20worth%20deal%20extension%20NRL","https://www.google.com/search?q=site%3Adailytelegraph.com.au%20%22Kurt%20Donoghoe%22%20salary%20contract%20NRL","https://www.google.com/search?q=site%3Asmh.com.au%20%22Kurt%20Donoghoe%22%20salary%20contract%20NRL","https://www.google.com/search?q=site%3Adolphinsnrl.com.au%20%22Kurt%20Donoghoe%22%20contract"
"dol","Dolphins","Connelly Lemuelu","Interchange","backup_baseline","reported_exact","42","https://www.google.com/search?q=%22Connelly%20Lemuelu%22%20%22Dolphins%22%20salary%20contract%20worth%20deal%20extension%20NRL","https://www.google.com/search?q=site%3Adailytelegraph.com.au%20%22Connelly%20Lemuelu%22%20salary%20contract%20NRL","https://www.google.com/search?q=site%3Asmh.com.au%20%22Connelly%20Lemuelu%22%20salary%20contract%20NRL","https://www.google.com/search?q=site%3Adolphinsnrl.com.au%20%22Connelly%20Lemuelu%22%20contract"
"dol","Dolphins","Max Plath","Interchange","backup_baseline","reported_exact","42","https://www.google.com/search?q=%22Max%20Plath%22%20%22Dolphins%22%20salary%20contract%20worth%20deal%20extension%20NRL","https://www.google.com/search?q=site%3Adailytelegraph.com.au%20%22Max%20Plath%22%20salary%20contract%20NRL","https://www.google.com/search?q=site%3Asmh.com.au%20%22Max%20Plath%22%20salary%20contract%20NRL","https://www.google.com/search?q=site%3Adolphinsnrl.com.au%20%22Max%20Plath%22%20contract"
"dol","Dolphins","Morgan Knowles","Interchange","backup_baseline","reported_exact","42","https://www.google.com/search?q=%22Morgan%20Knowles%22%20%22Dolphins%22%20salary%20contract%20worth%20deal%20extension%20NRL","https://www.google.com/search?q=site%3Adailytelegraph.com.au%20%22Morgan%20Knowles%22%20salary%20contract%20NRL","https://www.google.com/search?q=site%3Asmh.com.au%20%22Morgan%20Knowles%22%20salary%20contract%20NRL","https://www.google.com/search?q=site%3Adolphinsnrl.com.au%20%22Morgan%20Knowles%22%20contract"
"dol","Dolphins","Jake Averillo","Unknown","bucket_unknown","unknown","22","https://www.google.com/search?q=%22Jake%20Averillo%22%20%22Dolphins%22%20salary%20contract%20worth%20deal%20extension%20NRL","https://www.google.com/search?q=site%3Adailytelegraph.com.au%20%22Jake%20Averillo%22%20salary%20contract%20NRL","https://www.google.com/search?q=site%3Asmh.com.au%20%22Jake%20Averillo%22%20salary%20contract%20NRL","https://www.google.com/search?q=site%3Adolphinsnrl.com.au%20%22Jake%20Averillo%22%20contract"
"dol","Dolphins","Brad Schneider","Unknown","bucket_unknown","unknown","22","https://www.google.com/search?q=%22Brad%20Schneider%22%20%22Dolphins%22%20salary%20contract%20worth%20deal%20extension%20NRL","https://www.google.com/search?q=site%3Adailytelegraph.com.au%20%22Brad%20Schneider%22%20salary%20contract%20NRL","https://www.google.com/search?q=site%3Asmh.com.au%20%22Brad%20Schneider%22%20salary%20contract%20NRL","https://www.google.com/search?q=site%3Adolphinsnrl.com.au%20%22Brad%20Schneider%22%20contract"
"dol","Dolphins","Brian Pouniu","Unknown","bucket_unknown","unknown","22","https://www.google.com/search?q=%22Brian%20Pouniu%22%20%22Dolphins%22%20salary%20contract%20worth%20deal%20extension%20NRL","https://www.google.com/search?q=site%3Adailytelegraph.com.au%20%22Brian%20Pouniu%22%20salary%20contract%20NRL","https://www.google.com/search?q=site%3Asmh.com.au%20%22Brian%20Pouniu%22%20salary%20contract%20NRL","https://www.google.com/search?q=site%3Adolphinsnrl.com.au%20%22Brian%20Pouniu%22%20contract"
"dol","Dolphins","Elijah Rasmussen","Unknown","bucket_unknown","unknown","22","https://www.google.com/search?q=%22Elijah%20Rasmussen%22%20%22Dolphins%22%20salary%20contract%20worth%20deal%20extension%20NRL","https://www.google.com/search?q=site%3Adailytelegraph.com.au%20%22Elijah%20Rasmussen%22%20salary%20contract%20NRL","https://www.google.com/search?q=site%3Asmh.com.au%20%22Elijah%20Rasmussen%22%20salary%20contract%20NRL","https://www.google.com/search?q=site%3Adolphinsnrl.com.au%20%22Elijah%20Rasmussen%22%20contract"
"dol","Dolphins","Francis Molo","Unknown","bucket_unknown","unknown","22","https://www.google.com/search?q=%22Francis%20Molo%22%20%22Dolphins%22%20salary%20contract%20worth%20deal%20extension%20NRL","https://www.google.com/search?q=site%3Adailytelegraph.com.au%20%22Francis%20Molo%22%20salary%20contract%20NRL","https://www.google.com/search?q=site%3Asmh.com.au%20%22Francis%20Molo%22%20salary%20contract%20NRL","https://www.google.com/search?q=site%3Adolphinsnrl.com.au%20%22Francis%20Molo%22%20contract"
"dol","Dolphins","LJ Nonu","Unknown","bucket_unknown","unknown","22","https://www.google.com/search?q=%22LJ%20Nonu%22%20%22Dolphins%22%20salary%20contract%20worth%20deal%20extension%20NRL","https://www.google.com/search?q=site%3Adailytelegraph.com.au%20%22LJ%20Nonu%22%20salary%20contract%20NRL","https://www.google.com/search?q=site%3Asmh.com.au%20%22LJ%20Nonu%22%20salary%20contract%20NRL","https://www.google.com/search?q=site%3Adolphinsnrl.com.au%20%22LJ%20Nonu%22%20contract"
"dol","Dolphins","Oryn Keeley","Unknown","bucket_unknown","unknown","22","https://www.google.com/search?q=%22Oryn%20Keeley%22%20%22Dolphins%22%20salary%20contract%20worth%20deal%20extension%20NRL","https://www.google.com/search?q=site%3Adailytelegraph.com.au%20%22Oryn%20Keeley%22%20salary%20contract%20NRL","https://www.google.com/search?q=site%3Asmh.com.au%20%22Oryn%20Keeley%22%20salary%20contract%20NRL","https://www.google.com/search?q=site%3Adolphinsnrl.com.au%20%22Oryn%20Keeley%22%20contract"
"dol","Dolphins","Ray Stone","Unknown","bucket_unknown","unknown","22","https://www.google.com/search?q=%22Ray%20Stone%22%20%22Dolphins%22%20salary%20contract%20worth%20deal%20extension%20NRL","https://www.google.com/search?q=site%3Adailytelegraph.com.au%20%22Ray%20Stone%22%20salary%20contract%20NRL","https://www.google.com/search?q=site%3Asmh.com.au%20%22Ray%20Stone%22%20salary%20contract%20NRL","https://www.google.com/search?q=site%3Adolphinsnrl.com.au%20%22Ray%20Stone%22%20contract"
"dol","Dolphins","Sebastian Su’a","Unknown","bucket_unknown","unknown","22","https://www.google.com/search?q=%22Sebastian%20Su%E2%80%99a%22%20%22Dolphins%22%20salary%20contract%20worth%20deal%20extension%20NRL","https://www.google.com/search?q=site%3Adailytelegraph.com.au%20%22Sebastian%20Su%E2%80%99a%22%20salary%20contract%20NRL","https://www.google.com/search?q=site%3Asmh.com.au%20%22Sebastian%20Su%E2%80%99a%22%20salary%20contract%20NRL","https://www.google.com/search?q=site%3Adolphinsnrl.com.au%20%22Sebastian%20Su%E2%80%99a%22%20contract"
"dol","Dolphins","Tevita Naufahu","Unknown","bucket_unknown","unknown","22","https://www.google.com/search?q=%22Tevita%20Naufahu%22%20%22Dolphins%22%20salary%20contract%20worth%20deal%20extension%20NRL","https://www.google.com/search?q=site%3Adailytelegraph.com.au%20%22Tevita%20Naufahu%22%20salary%20contract%20NRL","https://www.google.com/search?q=site%3Asmh.com.au%20%22Tevita%20Naufahu%22%20salary%20contract%20NRL","https://www.google.com/search?q=site%3Adolphinsnrl.com.au%20%22Tevita%20Naufahu%22%20contract"
"dol","Dolphins","Trai Fuller","Unknown","bucket_unknown","unknown","22","https://www.google.com/search?q=%22Trai%20Fuller%22%20%22Dolphins%22%20salary%20contract%20worth%20deal%20extension%20NRL","https://www.google.com/search?q=site%3Adailytelegraph.com.au%20%22Trai%20Fuller%22%20salary%20contract%20NRL","https://www.google.com/search?q=site%3Asmh.com.au%20%22Trai%20Fuller%22%20salary%20contract%20NRL","https://www.google.com/search?q=site%3Adolphinsnrl.com.au%20%22Trai%20Fuller%22%20contract"
"gld","Gold Coast Titans","Keano Kini","Fullback","backup_baseline","reported_exact","42","https://www.google.com/search?q=%22Keano%20Kini%22%20%22Gold%20Coast%20Titans%22%20salary%20contract%20worth%20deal%20extension%20NRL","https://www.google.com/search?q=site%3Adailytelegraph.com.au%20%22Keano%20Kini%22%20salary%20contract%20NRL","https://www.google.com/search?q=site%3Asmh.com.au%20%22Keano%20Kini%22%20salary%20contract%20NRL","https://www.google.com/search?q=site%3Atitans.com.au%20%22Keano%20Kini%22%20contract"
"gld","Gold Coast Titans","Jaylan De Groot","Winger","backup_baseline","reported_exact","42","https://www.google.com/search?q=%22Jaylan%20De%20Groot%22%20%22Gold%20Coast%20Titans%22%20salary%20contract%20worth%20deal%20extension%20NRL","https://www.google.com/search?q=site%3Adailytelegraph.com.au%20%22Jaylan%20De%20Groot%22%20salary%20contract%20NRL","https://www.google.com/search?q=site%3Asmh.com.au%20%22Jaylan%20De%20Groot%22%20salary%20contract%20NRL","https://www.google.com/search?q=site%3Atitans.com.au%20%22Jaylan%20De%20Groot%22%20contract"
"gld","Gold Coast Titans","Jojo Fifita","Centre","backup_baseline","reported_exact","42","https://www.google.com/search?q=%22Jojo%20Fifita%22%20%22Gold%20Coast%20Titans%22%20salary%20contract%20worth%20deal%20extension%20NRL","https://www.google.com/search?q=site%3Adailytelegraph.com.au%20%22Jojo%20Fifita%22%20salary%20contract%20NRL","https://www.google.com/search?q=site%3Asmh.com.au%20%22Jojo%20Fifita%22%20salary%20contract%20NRL","https://www.google.com/search?q=site%3Atitans.com.au%20%22Jojo%20Fifita%22%20contract"
"gld","Gold Coast Titans","Phillip Sami","Centre","backup_baseline","reported_exact","42","https://www.google.com/search?q=%22Phillip%20Sami%22%20%22Gold%20Coast%20Titans%22%20salary%20contract%20worth%20deal%20extension%20NRL","https://www.google.com/search?q=site%3Adailytelegraph.com.au%20%22Phillip%20Sami%22%20salary%20contract%20NRL","https://www.google.com/search?q=site%3Asmh.com.au%20%22Phillip%20Sami%22%20salary%20contract%20NRL","https://www.google.com/search?q=site%3Atitans.com.au%20%22Phillip%20Sami%22%20contract"
"gld","Gold Coast Titans","Max Feagai","Winger","backup_baseline","reported_exact","42","https://www.google.com/search?q=%22Max%20Feagai%22%20%22Gold%20Coast%20Titans%22%20salary%20contract%20worth%20deal%20extension%20NRL","https://www.google.com/search?q=site%3Adailytelegraph.com.au%20%22Max%20Feagai%22%20salary%20contract%20NRL","https://www.google.com/search?q=site%3Asmh.com.au%20%22Max%20Feagai%22%20salary%20contract%20NRL","https://www.google.com/search?q=site%3Atitans.com.au%20%22Max%20Feagai%22%20contract"
"gld","Gold Coast Titans","AJ Brimson","Five-Eighth","backup_baseline","reported_exact","42","https://www.google.com/search?q=%22AJ%20Brimson%22%20%22Gold%20Coast%20Titans%22%20salary%20contract%20worth%20deal%20extension%20NRL","https://www.google.com/search?q=site%3Adailytelegraph.com.au%20%22AJ%20Brimson%22%20salary%20contract%20NRL","https://www.google.com/search?q=site%3Asmh.com.au%20%22AJ%20Brimson%22%20salary%20contract%20NRL","https://www.google.com/search?q=site%3Atitans.com.au%20%22AJ%20Brimson%22%20contract"
"gld","Gold Coast Titans","Jayden Campbell","Halfback","backup_baseline","reported_exact","42","https://www.google.com/search?q=%22Jayden%20Campbell%22%20%22Gold%20Coast%20Titans%22%20salary%20contract%20worth%20deal%20extension%20NRL","https://www.google.com/search?q=site%3Adailytelegraph.com.au%20%22Jayden%20Campbell%22%20salary%20contract%20NRL","https://www.google.com/search?q=site%3Asmh.com.au%20%22Jayden%20Campbell%22%20salary%20contract%20NRL","https://www.google.com/search?q=site%3Atitans.com.au%20%22Jayden%20Campbell%22%20contract"
"gld","Gold Coast Titans","Moeaki Fotuaika","Prop","backup_baseline","reported_exact","42","https://www.google.com/search?q=%22Moeaki%20Fotuaika%22%20%22Gold%20Coast%20Titans%22%20salary%20contract%20worth%20deal%20extension%20NRL","https://www.google.com/search?q=site%3Adailytelegraph.com.au%20%22Moeaki%20Fotuaika%22%20salary%20contract%20NRL","https://www.google.com/search?q=site%3Asmh.com.au%20%22Moeaki%20Fotuaika%22%20salary%20contract%20NRL","https://www.google.com/search?q=site%3Atitans.com.au%20%22Moeaki%20Fotuaika%22%20contract"
"gld","Gold Coast Titans","Sam Verrills","Hooker","backup_baseline","reported_exact","42","https://www.google.com/search?q=%22Sam%20Verrills%22%20%22Gold%20Coast%20Titans%22%20salary%20contract%20worth%20deal%20extension%20NRL","https://www.google.com/search?q=site%3Adailytelegraph.com.au%20%22Sam%20Verrills%22%20salary%20contract%20NRL","https://www.google.com/search?q=site%3Asmh.com.au%20%22Sam%20Verrills%22%20salary%20contract%20NRL","https://www.google.com/search?q=site%3Atitans.com.au%20%22Sam%20Verrills%22%20contract"
"gld","Gold Coast Titans","Tino Fa’asuamaleaui","Prop","backup_baseline","reported_exact","42","https://www.google.com/search?q=%22Tino%20Fa%E2%80%99asuamaleaui%22%20%22Gold%20Coast%20Titans%22%20salary%20contract%20worth%20deal%20extension%20NRL","https://www.google.com/search?q=site%3Adailytelegraph.com.au%20%22Tino%20Fa%E2%80%99asuamaleaui%22%20salary%20contract%20NRL","https://www.google.com/search?q=site%3Asmh.com.au%20%22Tino%20Fa%E2%80%99asuamaleaui%22%20salary%20contract%20NRL","https://www.google.com/search?q=site%3Atitans.com.au%20%22Tino%20Fa%E2%80%99asuamaleaui%22%20contract"
"gld","Gold Coast Titans","Klese Haas","2nd Row","backup_baseline","reported_exact","42","https://www.google.com/search?q=%22Klese%20Haas%22%20%22Gold%20Coast%20Titans%22%20salary%20contract%20worth%20deal%20extension%20NRL","https://www.google.com/search?q=site%3Adailytelegraph.com.au%20%22Klese%20Haas%22%20salary%20contract%20NRL","https://www.google.com/search?q=site%3Asmh.com.au%20%22Klese%20Haas%22%20salary%20contract%20NRL","https://www.google.com/search?q=site%3Atitans.com.au%20%22Klese%20Haas%22%20contract"
"gld","Gold Coast Titans","Beau Fermor","2nd Row","backup_baseline","reported_exact","42","https://www.google.com/search?q=%22Beau%20Fermor%22%20%22Gold%20Coast%20Titans%22%20salary%20contract%20worth%20deal%20extension%20NRL","https://www.google.com/search?q=site%3Adailytelegraph.com.au%20%22Beau%20Fermor%22%20salary%20contract%20NRL","https://www.google.com/search?q=site%3Asmh.com.au%20%22Beau%20Fermor%22%20salary%20contract%20NRL","https://www.google.com/search?q=site%3Atitans.com.au%20%22Beau%20Fermor%22%20contract"
"gld","Gold Coast Titans","Chris Randall","Lock","backup_baseline","reported_exact","42","https://www.google.com/search?q=%22Chris%20Randall%22%20%22Gold%20Coast%20Titans%22%20salary%20contract%20worth%20deal%20extension%20NRL","https://www.google.com/search?q=site%3Adailytelegraph.com.au%20%22Chris%20Randall%22%20salary%20contract%20NRL","https://www.google.com/search?q=site%3Asmh.com.au%20%22Chris%20Randall%22%20salary%20contract%20NRL","https://www.google.com/search?q=site%3Atitans.com.au%20%22Chris%20Randall%22%20contract"
"gld","Gold Coast Titans","Luke Sommerton","Interchange","backup_baseline","reported_exact","42","https://www.google.com/search?q=%22Luke%20Sommerton%22%20%22Gold%20Coast%20Titans%22%20salary%20contract%20worth%20deal%20extension%20NRL","https://www.google.com/search?q=site%3Adailytelegraph.com.au%20%22Luke%20Sommerton%22%20salary%20contract%20NRL","https://www.google.com/search?q=site%3Asmh.com.au%20%22Luke%20Sommerton%22%20salary%20contract%20NRL","https://www.google.com/search?q=site%3Atitans.com.au%20%22Luke%20Sommerton%22%20contract"
"gld","Gold Coast Titans","Jaimin Joliffe","Interchange","backup_baseline","reported_exact","42","https://www.google.com/search?q=%22Jaimin%20Joliffe%22%20%22Gold%20Coast%20Titans%22%20salary%20contract%20worth%20deal%20extension%20NRL","https://www.google.com/search?q=site%3Adailytelegraph.com.au%20%22Jaimin%20Joliffe%22%20salary%20contract%20NRL","https://www.google.com/search?q=site%3Asmh.com.au%20%22Jaimin%20Joliffe%22%20salary%20contract%20NRL","https://www.google.com/search?q=site%3Atitans.com.au%20%22Jaimin%20Joliffe%22%20contract"
"gld","Gold Coast Titans","Kurtis Morrin","Interchange","backup_baseline","reported_exact","42","https://www.google.com/search?q=%22Kurtis%20Morrin%22%20%22Gold%20Coast%20Titans%22%20salary%20contract%20worth%20deal%20extension%20NRL","https://www.google.com/search?q=site%3Adailytelegraph.com.au%20%22Kurtis%20Morrin%22%20salary%20contract%20NRL","https://www.google.com/search?q=site%3Asmh.com.au%20%22Kurtis%20Morrin%22%20salary%20contract%20NRL","https://www.google.com/search?q=site%3Atitans.com.au%20%22Kurtis%20Morrin%22%20contract"
"gld","Gold Coast Titans","Cooper Bai","Interchange","backup_baseline","reported_exact","42","https://www.google.com/search?q=%22Cooper%20Bai%22%20%22Gold%20Coast%20Titans%22%20salary%20contract%20worth%20deal%20extension%20NRL","https://www.google.com/search?q=site%3Adailytelegraph.com.au%20%22Cooper%20Bai%22%20salary%20contract%20NRL","https://www.google.com/search?q=site%3Asmh.com.au%20%22Cooper%20Bai%22%20salary%20contract%20NRL","https://www.google.com/search?q=site%3Atitans.com.au%20%22Cooper%20Bai%22%20contract"
"gld","Gold Coast Titans","Adam Christensen","Unknown","bucket_unknown","unknown","22","https://www.google.com/search?q=%22Adam%20Christensen%22%20%22Gold%20Coast%20Titans%22%20salary%20contract%20worth%20deal%20extension%20NRL","https://www.google.com/search?q=site%3Adailytelegraph.com.au%20%22Adam%20Christensen%22%20salary%20contract%20NRL","https://www.google.com/search?q=site%3Asmh.com.au%20%22Adam%20Christensen%22%20salary%20contract%20NRL","https://www.google.com/search?q=site%3Atitans.com.au%20%22Adam%20Christensen%22%20contract"
"gld","Gold Coast Titans","Allan Fitzgibbon","Unknown","bucket_unknown","unknown","22","https://www.google.com/search?q=%22Allan%20Fitzgibbon%22%20%22Gold%20Coast%20Titans%22%20salary%20contract%20worth%20deal%20extension%20NRL","https://www.google.com/search?q=site%3Adailytelegraph.com.au%20%22Allan%20Fitzgibbon%22%20salary%20contract%20NRL","https://www.google.com/search?q=site%3Asmh.com.au%20%22Allan%20Fitzgibbon%22%20salary%20contract%20NRL","https://www.google.com/search?q=site%3Atitans.com.au%20%22Allan%20Fitzgibbon%22%20contract"
"gld","Gold Coast Titans","Arama Hau","Unknown","bucket_unknown","unknown","22","https://www.google.com/search?q=%22Arama%20Hau%22%20%22Gold%20Coast%20Titans%22%20salary%20contract%20worth%20deal%20extension%20NRL","https://www.google.com/search?q=site%3Adailytelegraph.com.au%20%22Arama%20Hau%22%20salary%20contract%20NRL","https://www.google.com/search?q=site%3Asmh.com.au%20%22Arama%20Hau%22%20salary%20contract%20NRL","https://www.google.com/search?q=site%3Atitans.com.au%20%22Arama%20Hau%22%20contract"
"gld","Gold Coast Titans","Brock Gray","Unknown","bucket_unknown","unknown","22","https://www.google.com/search?q=%22Brock%20Gray%22%20%22Gold%20Coast%20Titans%22%20salary%20contract%20worth%20deal%20extension%20NRL","https://www.google.com/search?q=site%3Adailytelegraph.com.au%20%22Brock%20Gray%22%20salary%20contract%20NRL","https://www.google.com/search?q=site%3Asmh.com.au%20%22Brock%20Gray%22%20salary%20contract%20NRL","https://www.google.com/search?q=site%3Atitans.com.au%20%22Brock%20Gray%22%20contract"
"gld","Gold Coast Titans","Jensen Taumoepeau","Unknown","bucket_unknown","unknown","22","https://www.google.com/search?q=%22Jensen%20Taumoepeau%22%20%22Gold%20Coast%20Titans%22%20salary%20contract%20worth%20deal%20extension%20NRL","https://www.google.com/search?q=site%3Adailytelegraph.com.au%20%22Jensen%20Taumoepeau%22%20salary%20contract%20NRL","https://www.google.com/search?q=site%3Asmh.com.au%20%22Jensen%20Taumoepeau%22%20salary%20contract%20NRL","https://www.google.com/search?q=site%3Atitans.com.au%20%22Jensen%20Taumoepeau%22%20contract"
"gld","Gold Coast Titans","Jett Liu","Unknown","bucket_unknown","unknown","22","https://www.google.com/search?q=%22Jett%20Liu%22%20%22Gold%20Coast%20Titans%22%20salary%20contract%20worth%20deal%20extension%20NRL","https://www.google.com/search?q=site%3Adailytelegraph.com.au%20%22Jett%20Liu%22%20salary%20contract%20NRL","https://www.google.com/search?q=site%3Asmh.com.au%20%22Jett%20Liu%22%20salary%20contract%20NRL","https://www.google.com/search?q=site%3Atitans.com.au%20%22Jett%20Liu%22%20contract"
"gld","Gold Coast Titans","Josh Patson","Unknown","bucket_unknown","unknown","22","https://www.google.com/search?q=%22Josh%20Patson%22%20%22Gold%20Coast%20Titans%22%20salary%20contract%20worth%20deal%20extension%20NRL","https://www.google.com/search?q=site%3Adailytelegraph.com.au%20%22Josh%20Patson%22%20salary%20contract%20NRL","https://www.google.com/search?q=site%3Asmh.com.au%20%22Josh%20Patson%22%20salary%20contract%20NRL","https://www.google.com/search?q=site%3Atitans.com.au%20%22Josh%20Patson%22%20contract"
"gld","Gold Coast Titans","Lachlan Ilias","Unknown","bucket_unknown","unknown","22","https://www.google.com/search?q=%22Lachlan%20Ilias%22%20%22Gold%20Coast%20Titans%22%20salary%20contract%20worth%20deal%20extension%20NRL","https://www.google.com/search?q=site%3Adailytelegraph.com.au%20%22Lachlan%20Ilias%22%20salary%20contract%20NRL","https://www.google.com/search?q=site%3Asmh.com.au%20%22Lachlan%20Ilias%22%20salary%20contract%20NRL","https://www.google.com/search?q=site%3Atitans.com.au%20%22Lachlan%20Ilias%22%20contract"
"gld","Gold Coast Titans","Siale Faeamani","Unknown","bucket_unknown","unknown","22","https://www.google.com/search?q=%22Siale%20Faeamani%22%20%22Gold%20Coast%20Titans%22%20salary%20contract%20worth%20deal%20extension%20NRL","https://www.google.com/search?q=site%3Adailytelegraph.com.au%20%22Siale%20Faeamani%22%20salary%20contract%20NRL","https://www.google.com/search?q=site%3Asmh.com.au%20%22Siale%20Faeamani%22%20salary%20contract%20NRL","https://www.google.com/search?q=site%3Atitans.com.au%20%22Siale%20Faeamani%22%20contract"
"gld","Gold Coast Titans","Tuki Simpkins","Unknown","bucket_unknown","unknown","22","https://www.google.com/search?q=%22Tuki%20Simpkins%22%20%22Gold%20Coast%20Titans%22%20salary%20contract%20worth%20deal%20extension%20NRL","https://www.google.com/search?q=site%3Adailytelegraph.com.au%20%22Tuki%20Simpkins%22%20salary%20contract%20NRL","https://www.google.com/search?q=site%3Asmh.com.au%20%22Tuki%20Simpkins%22%20salary%20contract%20NRL","https://www.google.com/search?q=site%3Atitans.com.au%20%22Tuki%20Simpkins%22%20contract"
"gld","Gold Coast Titans","Tony Francis","Unknown","bucket_unknown","unknown","22","https://www.google.com/search?q=%22Tony%20Francis%22%20%22Gold%20Coast%20Titans%22%20salary%20contract%20worth%20deal%20extension%20NRL","https://www.google.com/search?q=site%3Adailytelegraph.com.au%20%22Tony%20Francis%22%20salary%20contract%20NRL","https://www.google.com/search?q=site%3Asmh.com.au%20%22Tony%20Francis%22%20salary%20contract%20NRL","https://www.google.com/search?q=site%3Atitans.com.au%20%22Tony%20Francis%22%20contract"
"gld","Gold Coast Titans","Zane Harrison","Unknown","bucket_unknown","unknown","22","https://www.google.com/search?q=%22Zane%20Harrison%22%20%22Gold%20Coast%20Titans%22%20salary%20contract%20worth%20deal%20extension%20NRL","https://www.google.com/search?q=site%3Adailytelegraph.com.au%20%22Zane%20Harrison%22%20salary%20contract%20NRL","https://www.google.com/search?q=site%3Asmh.com.au%20%22Zane%20Harrison%22%20salary%20contract%20NRL","https://www.google.com/search?q=site%3Atitans.com.au%20%22Zane%20Harrison%22%20contract"
"man","Manly Warringah Sea Eagles","Tom Trbojevic","Fullback","backup_baseline","reported_exact","42","https://www.google.com/search?q=%22Tom%20Trbojevic%22%20%22Manly%20Warringah%20Sea%20Eagles%22%20salary%20contract%20worth%20deal%20extension%20NRL","https://www.google.com/search?q=site%3Adailytelegraph.com.au%20%22Tom%20Trbojevic%22%20salary%20contract%20NRL","https://www.google.com/search?q=site%3Asmh.com.au%20%22Tom%20Trbojevic%22%20salary%20contract%20NRL","https://www.google.com/search?q=site%3Aseaeagles.com.au%20%22Tom%20Trbojevic%22%20contract"
"man","Manly Warringah Sea Eagles","Jason Saab","Winger","backup_baseline","reported_exact","42","https://www.google.com/search?q=%22Jason%20Saab%22%20%22Manly%20Warringah%20Sea%20Eagles%22%20salary%20contract%20worth%20deal%20extension%20NRL","https://www.google.com/search?q=site%3Adailytelegraph.com.au%20%22Jason%20Saab%22%20salary%20contract%20NRL","https://www.google.com/search?q=site%3Asmh.com.au%20%22Jason%20Saab%22%20salary%20contract%20NRL","https://www.google.com/search?q=site%3Aseaeagles.com.au%20%22Jason%20Saab%22%20contract"
"man","Manly Warringah Sea Eagles","Tolutau Koula","Centre","backup_baseline","reported_exact","42","https://www.google.com/search?q=%22Tolutau%20Koula%22%20%22Manly%20Warringah%20Sea%20Eagles%22%20salary%20contract%20worth%20deal%20extension%20NRL","https://www.google.com/search?q=site%3Adailytelegraph.com.au%20%22Tolutau%20Koula%22%20salary%20contract%20NRL","https://www.google.com/search?q=site%3Asmh.com.au%20%22Tolutau%20Koula%22%20salary%20contract%20NRL","https://www.google.com/search?q=site%3Aseaeagles.com.au%20%22Tolutau%20Koula%22%20contract"
"man","Manly Warringah Sea Eagles","Reuben Garrick","Centre","backup_baseline","reported_exact","42","https://www.google.com/search?q=%22Reuben%20Garrick%22%20%22Manly%20Warringah%20Sea%20Eagles%22%20salary%20contract%20worth%20deal%20extension%20NRL","https://www.google.com/search?q=site%3Adailytelegraph.com.au%20%22Reuben%20Garrick%22%20salary%20contract%20NRL","https://www.google.com/search?q=site%3Asmh.com.au%20%22Reuben%20Garrick%22%20salary%20contract%20NRL","https://www.google.com/search?q=site%3Aseaeagles.com.au%20%22Reuben%20Garrick%22%20contract"
"man","Manly Warringah Sea Eagles","Lehi Hopoate","Winger","backup_baseline","reported_exact","42","https://www.google.com/search?q=%22Lehi%20Hopoate%22%20%22Manly%20Warringah%20Sea%20Eagles%22%20salary%20contract%20worth%20deal%20extension%20NRL","https://www.google.com/search?q=site%3Adailytelegraph.com.au%20%22Lehi%20Hopoate%22%20salary%20contract%20NRL","https://www.google.com/search?q=site%3Asmh.com.au%20%22Lehi%20Hopoate%22%20salary%20contract%20NRL","https://www.google.com/search?q=site%3Aseaeagles.com.au%20%22Lehi%20Hopoate%22%20contract"
"man","Manly Warringah Sea Eagles","Luke Brooks","Five-Eighth","backup_baseline","reported_exact","42","https://www.google.com/search?q=%22Luke%20Brooks%22%20%22Manly%20Warringah%20Sea%20Eagles%22%20salary%20contract%20worth%20deal%20extension%20NRL","https://www.google.com/search?q=site%3Adailytelegraph.com.au%20%22Luke%20Brooks%22%20salary%20contract%20NRL","https://www.google.com/search?q=site%3Asmh.com.au%20%22Luke%20Brooks%22%20salary%20contract%20NRL","https://www.google.com/search?q=site%3Aseaeagles.com.au%20%22Luke%20Brooks%22%20contract"
"man","Manly Warringah Sea Eagles","Jamal Fogarty","Halfback","backup_baseline","reported_exact","42","https://www.google.com/search?q=%22Jamal%20Fogarty%22%20%22Manly%20Warringah%20Sea%20Eagles%22%20salary%20contract%20worth%20deal%20extension%20NRL","https://www.google.com/search?q=site%3Adailytelegraph.com.au%20%22Jamal%20Fogarty%22%20salary%20contract%20NRL","https://www.google.com/search?q=site%3Asmh.com.au%20%22Jamal%20Fogarty%22%20salary%20contract%20NRL","https://www.google.com/search?q=site%3Aseaeagles.com.au%20%22Jamal%20Fogarty%22%20contract"
"man","Manly Warringah Sea Eagles","Taniela Paseka","Prop","backup_baseline","reported_exact","42","https://www.google.com/search?q=%22Taniela%20Paseka%22%20%22Manly%20Warringah%20Sea%20Eagles%22%20salary%20contract%20worth%20deal%20extension%20NRL","https://www.google.com/search?q=site%3Adailytelegraph.com.au%20%22Taniela%20Paseka%22%20salary%20contract%20NRL","https://www.google.com/search?q=site%3Asmh.com.au%20%22Taniela%20Paseka%22%20salary%20contract%20NRL","https://www.google.com/search?q=site%3Aseaeagles.com.au%20%22Taniela%20Paseka%22%20contract"
"man","Manly Warringah Sea Eagles","Jake Simpkin","Hooker","backup_baseline","reported_exact","42","https://www.google.com/search?q=%22Jake%20Simpkin%22%20%22Manly%20Warringah%20Sea%20Eagles%22%20salary%20contract%20worth%20deal%20extension%20NRL","https://www.google.com/search?q=site%3Adailytelegraph.com.au%20%22Jake%20Simpkin%22%20salary%20contract%20NRL","https://www.google.com/search?q=site%3Asmh.com.au%20%22Jake%20Simpkin%22%20salary%20contract%20NRL","https://www.google.com/search?q=site%3Aseaeagles.com.au%20%22Jake%20Simpkin%22%20contract"
"man","Manly Warringah Sea Eagles","Kobe Hetherington","Prop","backup_baseline","reported_exact","42","https://www.google.com/search?q=%22Kobe%20Hetherington%22%20%22Manly%20Warringah%20Sea%20Eagles%22%20salary%20contract%20worth%20deal%20extension%20NRL","https://www.google.com/search?q=site%3Adailytelegraph.com.au%20%22Kobe%20Hetherington%22%20salary%20contract%20NRL","https://www.google.com/search?q=site%3Asmh.com.au%20%22Kobe%20Hetherington%22%20salary%20contract%20NRL","https://www.google.com/search?q=site%3Aseaeagles.com.au%20%22Kobe%20Hetherington%22%20contract"
"man","Manly Warringah Sea Eagles","Haumole Olakau'atu","2nd Row","backup_baseline","reported_exact","42","https://www.google.com/search?q=%22Haumole%20Olakau'atu%22%20%22Manly%20Warringah%20Sea%20Eagles%22%20salary%20contract%20worth%20deal%20extension%20NRL","https://www.google.com/search?q=site%3Adailytelegraph.com.au%20%22Haumole%20Olakau'atu%22%20salary%20contract%20NRL","https://www.google.com/search?q=site%3Asmh.com.au%20%22Haumole%20Olakau'atu%22%20salary%20contract%20NRL","https://www.google.com/search?q=site%3Aseaeagles.com.au%20%22Haumole%20Olakau'atu%22%20contract"
"man","Manly Warringah Sea Eagles","Ben Trbojevic","2nd Row","backup_baseline","reported_exact","42","https://www.google.com/search?q=%22Ben%20Trbojevic%22%20%22Manly%20Warringah%20Sea%20Eagles%22%20salary%20contract%20worth%20deal%20extension%20NRL","https://www.google.com/search?q=site%3Adailytelegraph.com.au%20%22Ben%20Trbojevic%22%20salary%20contract%20NRL","https://www.google.com/search?q=site%3Asmh.com.au%20%22Ben%20Trbojevic%22%20salary%20contract%20NRL","https://www.google.com/search?q=site%3Aseaeagles.com.au%20%22Ben%20Trbojevic%22%20contract"
"man","Manly Warringah Sea Eagles","Jake Trbojevic","Lock","backup_baseline","reported_exact","42","https://www.google.com/search?q=%22Jake%20Trbojevic%22%20%22Manly%20Warringah%20Sea%20Eagles%22%20salary%20contract%20worth%20deal%20extension%20NRL","https://www.google.com/search?q=site%3Adailytelegraph.com.au%20%22Jake%20Trbojevic%22%20salary%20contract%20NRL","https://www.google.com/search?q=site%3Asmh.com.au%20%22Jake%20Trbojevic%22%20salary%20contract%20NRL","https://www.google.com/search?q=site%3Aseaeagles.com.au%20%22Jake%20Trbojevic%22%20contract"
"man","Manly Warringah Sea Eagles","Siosiua Taukeiaho","Interchange","backup_baseline","reported_exact","42","https://www.google.com/search?q=%22Siosiua%20Taukeiaho%22%20%22Manly%20Warringah%20Sea%20Eagles%22%20salary%20contract%20worth%20deal%20extension%20NRL","https://www.google.com/search?q=site%3Adailytelegraph.com.au%20%22Siosiua%20Taukeiaho%22%20salary%20contract%20NRL","https://www.google.com/search?q=site%3Asmh.com.au%20%22Siosiua%20Taukeiaho%22%20salary%20contract%20NRL","https://www.google.com/search?q=site%3Aseaeagles.com.au%20%22Siosiua%20Taukeiaho%22%20contract"
"man","Manly Warringah Sea Eagles","Nathan Brown","Interchange","backup_baseline","reported_exact","42","https://www.google.com/search?q=%22Nathan%20Brown%22%20%22Manly%20Warringah%20Sea%20Eagles%22%20salary%20contract%20worth%20deal%20extension%20NRL","https://www.google.com/search?q=site%3Adailytelegraph.com.au%20%22Nathan%20Brown%22%20salary%20contract%20NRL","https://www.google.com/search?q=site%3Asmh.com.au%20%22Nathan%20Brown%22%20salary%20contract%20NRL","https://www.google.com/search?q=site%3Aseaeagles.com.au%20%22Nathan%20Brown%22%20contract"
"man","Manly Warringah Sea Eagles","Ethan Bullemor","Interchange","backup_baseline","reported_exact","42","https://www.google.com/search?q=%22Ethan%20Bullemor%22%20%22Manly%20Warringah%20Sea%20Eagles%22%20salary%20contract%20worth%20deal%20extension%20NRL","https://www.google.com/search?q=site%3Adailytelegraph.com.au%20%22Ethan%20Bullemor%22%20salary%20contract%20NRL","https://www.google.com/search?q=site%3Asmh.com.au%20%22Ethan%20Bullemor%22%20salary%20contract%20NRL","https://www.google.com/search?q=site%3Aseaeagles.com.au%20%22Ethan%20Bullemor%22%20contract"
"man","Manly Warringah Sea Eagles","Joey Walsh","Interchange","backup_baseline","reported_exact","42","https://www.google.com/search?q=%22Joey%20Walsh%22%20%22Manly%20Warringah%20Sea%20Eagles%22%20salary%20contract%20worth%20deal%20extension%20NRL","https://www.google.com/search?q=site%3Adailytelegraph.com.au%20%22Joey%20Walsh%22%20salary%20contract%20NRL","https://www.google.com/search?q=site%3Asmh.com.au%20%22Joey%20Walsh%22%20salary%20contract%20NRL","https://www.google.com/search?q=site%3Aseaeagles.com.au%20%22Joey%20Walsh%22%20contract"
"man","Manly Warringah Sea Eagles","Aaron Schoupp","Unknown","bucket_unknown","unknown","22","https://www.google.com/search?q=%22Aaron%20Schoupp%22%20%22Manly%20Warringah%20Sea%20Eagles%22%20salary%20contract%20worth%20deal%20extension%20NRL","https://www.google.com/search?q=site%3Adailytelegraph.com.au%20%22Aaron%20Schoupp%22%20salary%20contract%20NRL","https://www.google.com/search?q=site%3Asmh.com.au%20%22Aaron%20Schoupp%22%20salary%20contract%20NRL","https://www.google.com/search?q=site%3Aseaeagles.com.au%20%22Aaron%20Schoupp%22%20contract"
"man","Manly Warringah Sea Eagles","Blake Wilson","Unknown","bucket_unknown","unknown","22","https://www.google.com/search?q=%22Blake%20Wilson%22%20%22Manly%20Warringah%20Sea%20Eagles%22%20salary%20contract%20worth%20deal%20extension%20NRL","https://www.google.com/search?q=site%3Adailytelegraph.com.au%20%22Blake%20Wilson%22%20salary%20contract%20NRL","https://www.google.com/search?q=site%3Asmh.com.au%20%22Blake%20Wilson%22%20salary%20contract%20NRL","https://www.google.com/search?q=site%3Aseaeagles.com.au%20%22Blake%20Wilson%22%20contract"
"man","Manly Warringah Sea Eagles","Caleb Navale","Unknown","bucket_unknown","unknown","22","https://www.google.com/search?q=%22Caleb%20Navale%22%20%22Manly%20Warringah%20Sea%20Eagles%22%20salary%20contract%20worth%20deal%20extension%20NRL","https://www.google.com/search?q=site%3Adailytelegraph.com.au%20%22Caleb%20Navale%22%20salary%20contract%20NRL","https://www.google.com/search?q=site%3Asmh.com.au%20%22Caleb%20Navale%22%20salary%20contract%20NRL","https://www.google.com/search?q=site%3Aseaeagles.com.au%20%22Caleb%20Navale%22%20contract"
"man","Manly Warringah Sea Eagles","Clayton Faulalo","Unknown","bucket_unknown","unknown","22","https://www.google.com/search?q=%22Clayton%20Faulalo%22%20%22Manly%20Warringah%20Sea%20Eagles%22%20salary%20contract%20worth%20deal%20extension%20NRL","https://www.google.com/search?q=site%3Adailytelegraph.com.au%20%22Clayton%20Faulalo%22%20salary%20contract%20NRL","https://www.google.com/search?q=site%3Asmh.com.au%20%22Clayton%20Faulalo%22%20salary%20contract%20NRL","https://www.google.com/search?q=site%3Aseaeagles.com.au%20%22Clayton%20Faulalo%22%20contract"
"man","Manly Warringah Sea Eagles","Navren Willett","Unknown","bucket_unknown","unknown","22","https://www.google.com/search?q=%22Navren%20Willett%22%20%22Manly%20Warringah%20Sea%20Eagles%22%20salary%20contract%20worth%20deal%20extension%20NRL","https://www.google.com/search?q=site%3Adailytelegraph.com.au%20%22Navren%20Willett%22%20salary%20contract%20NRL","https://www.google.com/search?q=site%3Asmh.com.au%20%22Navren%20Willett%22%20salary%20contract%20NRL","https://www.google.com/search?q=site%3Aseaeagles.com.au%20%22Navren%20Willett%22%20contract"
"man","Manly Warringah Sea Eagles","Onitoni Large","Unknown","bucket_unknown","unknown","22","https://www.google.com/search?q=%22Onitoni%20Large%22%20%22Manly%20Warringah%20Sea%20Eagles%22%20salary%20contract%20worth%20deal%20extension%20NRL","https://www.google.com/search?q=site%3Adailytelegraph.com.au%20%22Onitoni%20Large%22%20salary%20contract%20NRL","https://www.google.com/search?q=site%3Asmh.com.au%20%22Onitoni%20Large%22%20salary%20contract%20NRL","https://www.google.com/search?q=site%3Aseaeagles.com.au%20%22Onitoni%20Large%22%20contract"
"man","Manly Warringah Sea Eagles","Paul Bryan","Unknown","bucket_unknown","unknown","22","https://www.google.com/search?q=%22Paul%20Bryan%22%20%22Manly%20Warringah%20Sea%20Eagles%22%20salary%20contract%20worth%20deal%20extension%20NRL","https://www.google.com/search?q=site%3Adailytelegraph.com.au%20%22Paul%20Bryan%22%20salary%20contract%20NRL","https://www.google.com/search?q=site%3Asmh.com.au%20%22Paul%20Bryan%22%20salary%20contract%20NRL","https://www.google.com/search?q=site%3Aseaeagles.com.au%20%22Paul%20Bryan%22%20contract"
"man","Manly Warringah Sea Eagles","Simione Laiafi","Unknown","bucket_unknown","unknown","22","https://www.google.com/search?q=%22Simione%20Laiafi%22%20%22Manly%20Warringah%20Sea%20Eagles%22%20salary%20contract%20worth%20deal%20extension%20NRL","https://www.google.com/search?q=site%3Adailytelegraph.com.au%20%22Simione%20Laiafi%22%20salary%20contract%20NRL","https://www.google.com/search?q=site%3Asmh.com.au%20%22Simione%20Laiafi%22%20salary%20contract%20NRL","https://www.google.com/search?q=site%3Aseaeagles.com.au%20%22Simione%20Laiafi%22%20contract"
"man","Manly Warringah Sea Eagles","Zach Dockar-Clay","Unknown","bucket_unknown","unknown","22","https://www.google.com/search?q=%22Zach%20Dockar-Clay%22%20%22Manly%20Warringah%20Sea%20Eagles%22%20salary%20contract%20worth%20deal%20extension%20NRL","https://www.google.com/search?q=site%3Adailytelegraph.com.au%20%22Zach%20Dockar-Clay%22%20salary%20contract%20NRL","https://www.google.com/search?q=site%3Asmh.com.au%20%22Zach%20Dockar-Clay%22%20salary%20contract%20NRL","https://www.google.com/search?q=site%3Aseaeagles.com.au%20%22Zach%20Dockar-Clay%22%20contract"
"man","Manly Warringah Sea Eagles","Zaidas Muagututia","Unknown","bucket_unknown","unknown","22","https://www.google.com/search?q=%22Zaidas%20Muagututia%22%20%22Manly%20Warringah%20Sea%20Eagles%22%20salary%20contract%20worth%20deal%20extension%20NRL","https://www.google.com/search?q=site%3Adailytelegraph.com.au%20%22Zaidas%20Muagututia%22%20salary%20contract%20NRL","https://www.google.com/search?q=site%3Asmh.com.au%20%22Zaidas%20Muagututia%22%20salary%20contract%20NRL","https://www.google.com/search?q=site%3Aseaeagles.com.au%20%22Zaidas%20Muagututia%22%20contract"
"mel","Melbourne Storm","Sualauvi Fa’alogo","Fullback","backup_baseline","reported_exact","42","https://www.google.com/search?q=%22Sualauvi%20Fa%E2%80%99alogo%22%20%22Melbourne%20Storm%22%20salary%20contract%20worth%20deal%20extension%20NRL","https://www.google.com/search?q=site%3Adailytelegraph.com.au%20%22Sualauvi%20Fa%E2%80%99alogo%22%20salary%20contract%20NRL","https://www.google.com/search?q=site%3Asmh.com.au%20%22Sualauvi%20Fa%E2%80%99alogo%22%20salary%20contract%20NRL","https://www.google.com/search?q=site%3Amelbournestorm.com.au%20%22Sualauvi%20Fa%E2%80%99alogo%22%20contract"
"mel","Melbourne Storm","Will Warbrick","Winger","backup_baseline","reported_exact","42","https://www.google.com/search?q=%22Will%20Warbrick%22%20%22Melbourne%20Storm%22%20salary%20contract%20worth%20deal%20extension%20NRL","https://www.google.com/search?q=site%3Adailytelegraph.com.au%20%22Will%20Warbrick%22%20salary%20contract%20NRL","https://www.google.com/search?q=site%3Asmh.com.au%20%22Will%20Warbrick%22%20salary%20contract%20NRL","https://www.google.com/search?q=site%3Amelbournestorm.com.au%20%22Will%20Warbrick%22%20contract"
"mel","Melbourne Storm","Jack Howarth","Centre","backup_baseline","reported_exact","42","https://www.google.com/search?q=%22Jack%20Howarth%22%20%22Melbourne%20Storm%22%20salary%20contract%20worth%20deal%20extension%20NRL","https://www.google.com/search?q=site%3Adailytelegraph.com.au%20%22Jack%20Howarth%22%20salary%20contract%20NRL","https://www.google.com/search?q=site%3Asmh.com.au%20%22Jack%20Howarth%22%20salary%20contract%20NRL","https://www.google.com/search?q=site%3Amelbournestorm.com.au%20%22Jack%20Howarth%22%20contract"
"mel","Melbourne Storm","Nick Meaney","Centre","backup_baseline","reported_exact","42","https://www.google.com/search?q=%22Nick%20Meaney%22%20%22Melbourne%20Storm%22%20salary%20contract%20worth%20deal%20extension%20NRL","https://www.google.com/search?q=site%3Adailytelegraph.com.au%20%22Nick%20Meaney%22%20salary%20contract%20NRL","https://www.google.com/search?q=site%3Asmh.com.au%20%22Nick%20Meaney%22%20salary%20contract%20NRL","https://www.google.com/search?q=site%3Amelbournestorm.com.au%20%22Nick%20Meaney%22%20contract"
"mel","Melbourne Storm","Xavier Coates","Winger","backup_baseline","reported_exact","42","https://www.google.com/search?q=%22Xavier%20Coates%22%20%22Melbourne%20Storm%22%20salary%20contract%20worth%20deal%20extension%20NRL","https://www.google.com/search?q=site%3Adailytelegraph.com.au%20%22Xavier%20Coates%22%20salary%20contract%20NRL","https://www.google.com/search?q=site%3Asmh.com.au%20%22Xavier%20Coates%22%20salary%20contract%20NRL","https://www.google.com/search?q=site%3Amelbournestorm.com.au%20%22Xavier%20Coates%22%20contract"
"mel","Melbourne Storm","Cameron Munster","Five-Eighth","backup_baseline","reported_exact","42","https://www.google.com/search?q=%22Cameron%20Munster%22%20%22Melbourne%20Storm%22%20salary%20contract%20worth%20deal%20extension%20NRL","https://www.google.com/search?q=site%3Adailytelegraph.com.au%20%22Cameron%20Munster%22%20salary%20contract%20NRL","https://www.google.com/search?q=site%3Asmh.com.au%20%22Cameron%20Munster%22%20salary%20contract%20NRL","https://www.google.com/search?q=site%3Amelbournestorm.com.au%20%22Cameron%20Munster%22%20contract"
"mel","Melbourne Storm","Jahrome Hughes","Halfback","backup_baseline","reported_exact","42","https://www.google.com/search?q=%22Jahrome%20Hughes%22%20%22Melbourne%20Storm%22%20salary%20contract%20worth%20deal%20extension%20NRL","https://www.google.com/search?q=site%3Adailytelegraph.com.au%20%22Jahrome%20Hughes%22%20salary%20contract%20NRL","https://www.google.com/search?q=site%3Asmh.com.au%20%22Jahrome%20Hughes%22%20salary%20contract%20NRL","https://www.google.com/search?q=site%3Amelbournestorm.com.au%20%22Jahrome%20Hughes%22%20contract"
"mel","Melbourne Storm","Stefano Utoikamanu","Prop","backup_baseline","reported_exact","42","https://www.google.com/search?q=%22Stefano%20Utoikamanu%22%20%22Melbourne%20Storm%22%20salary%20contract%20worth%20deal%20extension%20NRL","https://www.google.com/search?q=site%3Adailytelegraph.com.au%20%22Stefano%20Utoikamanu%22%20salary%20contract%20NRL","https://www.google.com/search?q=site%3Asmh.com.au%20%22Stefano%20Utoikamanu%22%20salary%20contract%20NRL","https://www.google.com/search?q=site%3Amelbournestorm.com.au%20%22Stefano%20Utoikamanu%22%20contract"
"mel","Melbourne Storm","Harry Grant","Hooker","backup_baseline","reported_exact","42","https://www.google.com/search?q=%22Harry%20Grant%22%20%22Melbourne%20Storm%22%20salary%20contract%20worth%20deal%20extension%20NRL","https://www.google.com/search?q=site%3Adailytelegraph.com.au%20%22Harry%20Grant%22%20salary%20contract%20NRL","https://www.google.com/search?q=site%3Asmh.com.au%20%22Harry%20Grant%22%20salary%20contract%20NRL","https://www.google.com/search?q=site%3Amelbournestorm.com.au%20%22Harry%20Grant%22%20contract"
"mel","Melbourne Storm","Josh King","Prop","backup_baseline","reported_exact","42","https://www.google.com/search?q=%22Josh%20King%22%20%22Melbourne%20Storm%22%20salary%20contract%20worth%20deal%20extension%20NRL","https://www.google.com/search?q=site%3Adailytelegraph.com.au%20%22Josh%20King%22%20salary%20contract%20NRL","https://www.google.com/search?q=site%3Asmh.com.au%20%22Josh%20King%22%20salary%20contract%20NRL","https://www.google.com/search?q=site%3Amelbournestorm.com.au%20%22Josh%20King%22%20contract"
"mel","Melbourne Storm","Shawn Blore","2nd Row","backup_baseline","reported_exact","42","https://www.google.com/search?q=%22Shawn%20Blore%22%20%22Melbourne%20Storm%22%20salary%20contract%20worth%20deal%20extension%20NRL","https://www.google.com/search?q=site%3Adailytelegraph.com.au%20%22Shawn%20Blore%22%20salary%20contract%20NRL","https://www.google.com/search?q=site%3Asmh.com.au%20%22Shawn%20Blore%22%20salary%20contract%20NRL","https://www.google.com/search?q=site%3Amelbournestorm.com.au%20%22Shawn%20Blore%22%20contract"
"mel","Melbourne Storm","Joe Chan","2nd Row","backup_baseline","reported_exact","42","https://www.google.com/search?q=%22Joe%20Chan%22%20%22Melbourne%20Storm%22%20salary%20contract%20worth%20deal%20extension%20NRL","https://www.google.com/search?q=site%3Adailytelegraph.com.au%20%22Joe%20Chan%22%20salary%20contract%20NRL","https://www.google.com/search?q=site%3Asmh.com.au%20%22Joe%20Chan%22%20salary%20contract%20NRL","https://www.google.com/search?q=site%3Amelbournestorm.com.au%20%22Joe%20Chan%22%20contract"
"mel","Melbourne Storm","Trent Loiero","Lock","backup_baseline","reported_exact","42","https://www.google.com/search?q=%22Trent%20Loiero%22%20%22Melbourne%20Storm%22%20salary%20contract%20worth%20deal%20extension%20NRL","https://www.google.com/search?q=site%3Adailytelegraph.com.au%20%22Trent%20Loiero%22%20salary%20contract%20NRL","https://www.google.com/search?q=site%3Asmh.com.au%20%22Trent%20Loiero%22%20salary%20contract%20NRL","https://www.google.com/search?q=site%3Amelbournestorm.com.au%20%22Trent%20Loiero%22%20contract"
"mel","Melbourne Storm","Tyran Wishart","Interchange","backup_baseline","reported_exact","42","https://www.google.com/search?q=%22Tyran%20Wishart%22%20%22Melbourne%20Storm%22%20salary%20contract%20worth%20deal%20extension%20NRL","https://www.google.com/search?q=site%3Adailytelegraph.com.au%20%22Tyran%20Wishart%22%20salary%20contract%20NRL","https://www.google.com/search?q=site%3Asmh.com.au%20%22Tyran%20Wishart%22%20salary%20contract%20NRL","https://www.google.com/search?q=site%3Amelbournestorm.com.au%20%22Tyran%20Wishart%22%20contract"
"mel","Melbourne Storm","Cooper Clarke","Interchange","backup_baseline","reported_exact","42","https://www.google.com/search?q=%22Cooper%20Clarke%22%20%22Melbourne%20Storm%22%20salary%20contract%20worth%20deal%20extension%20NRL","https://www.google.com/search?q=site%3Adailytelegraph.com.au%20%22Cooper%20Clarke%22%20salary%20contract%20NRL","https://www.google.com/search?q=site%3Asmh.com.au%20%22Cooper%20Clarke%22%20salary%20contract%20NRL","https://www.google.com/search?q=site%3Amelbournestorm.com.au%20%22Cooper%20Clarke%22%20contract"
"mel","Melbourne Storm","Alec MacDonald","Interchange","backup_baseline","reported_exact","42","https://www.google.com/search?q=%22Alec%20MacDonald%22%20%22Melbourne%20Storm%22%20salary%20contract%20worth%20deal%20extension%20NRL","https://www.google.com/search?q=site%3Adailytelegraph.com.au%20%22Alec%20MacDonald%22%20salary%20contract%20NRL","https://www.google.com/search?q=site%3Asmh.com.au%20%22Alec%20MacDonald%22%20salary%20contract%20NRL","https://www.google.com/search?q=site%3Amelbournestorm.com.au%20%22Alec%20MacDonald%22%20contract"
"mel","Melbourne Storm","Tui Kamikamica","Interchange","backup_baseline","reported_exact","42","https://www.google.com/search?q=%22Tui%20Kamikamica%22%20%22Melbourne%20Storm%22%20salary%20contract%20worth%20deal%20extension%20NRL","https://www.google.com/search?q=site%3Adailytelegraph.com.au%20%22Tui%20Kamikamica%22%20salary%20contract%20NRL","https://www.google.com/search?q=site%3Asmh.com.au%20%22Tui%20Kamikamica%22%20salary%20contract%20NRL","https://www.google.com/search?q=site%3Amelbournestorm.com.au%20%22Tui%20Kamikamica%22%20contract"
"mel","Melbourne Storm","Ativalu Lisati","Unknown","bucket_unknown","unknown","22","https://www.google.com/search?q=%22Ativalu%20Lisati%22%20%22Melbourne%20Storm%22%20salary%20contract%20worth%20deal%20extension%20NRL","https://www.google.com/search?q=site%3Adailytelegraph.com.au%20%22Ativalu%20Lisati%22%20salary%20contract%20NRL","https://www.google.com/search?q=site%3Asmh.com.au%20%22Ativalu%20Lisati%22%20salary%20contract%20NRL","https://www.google.com/search?q=site%3Amelbournestorm.com.au%20%22Ativalu%20Lisati%22%20contract"
"mel","Melbourne Storm","Davvy Moale","Unknown","bucket_unknown","unknown","22","https://www.google.com/search?q=%22Davvy%20Moale%22%20%22Melbourne%20Storm%22%20salary%20contract%20worth%20deal%20extension%20NRL","https://www.google.com/search?q=site%3Adailytelegraph.com.au%20%22Davvy%20Moale%22%20salary%20contract%20NRL","https://www.google.com/search?q=site%3Asmh.com.au%20%22Davvy%20Moale%22%20salary%20contract%20NRL","https://www.google.com/search?q=site%3Amelbournestorm.com.au%20%22Davvy%20Moale%22%20contract"
"mel","Melbourne Storm","Gabriel Satrick","Unknown","bucket_unknown","unknown","22","https://www.google.com/search?q=%22Gabriel%20Satrick%22%20%22Melbourne%20Storm%22%20salary%20contract%20worth%20deal%20extension%20NRL","https://www.google.com/search?q=site%3Adailytelegraph.com.au%20%22Gabriel%20Satrick%22%20salary%20contract%20NRL","https://www.google.com/search?q=site%3Asmh.com.au%20%22Gabriel%20Satrick%22%20salary%20contract%20NRL","https://www.google.com/search?q=site%3Amelbournestorm.com.au%20%22Gabriel%20Satrick%22%20contract"
"mel","Melbourne Storm","Jack Hetherington","Unknown","bucket_unknown","unknown","22","https://www.google.com/search?q=%22Jack%20Hetherington%22%20%22Melbourne%20Storm%22%20salary%20contract%20worth%20deal%20extension%20NRL","https://www.google.com/search?q=site%3Adailytelegraph.com.au%20%22Jack%20Hetherington%22%20salary%20contract%20NRL","https://www.google.com/search?q=site%3Asmh.com.au%20%22Jack%20Hetherington%22%20salary%20contract%20NRL","https://www.google.com/search?q=site%3Amelbournestorm.com.au%20%22Jack%20Hetherington%22%20contract"
"mel","Melbourne Storm","Josiah Pahulu","Unknown","bucket_unknown","unknown","22","https://www.google.com/search?q=%22Josiah%20Pahulu%22%20%22Melbourne%20Storm%22%20salary%20contract%20worth%20deal%20extension%20NRL","https://www.google.com/search?q=site%3Adailytelegraph.com.au%20%22Josiah%20Pahulu%22%20salary%20contract%20NRL","https://www.google.com/search?q=site%3Asmh.com.au%20%22Josiah%20Pahulu%22%20salary%20contract%20NRL","https://www.google.com/search?q=site%3Amelbournestorm.com.au%20%22Josiah%20Pahulu%22%20contract"
"mel","Melbourne Storm","Lazarus Vaalepu","Unknown","bucket_unknown","unknown","22","https://www.google.com/search?q=%22Lazarus%20Vaalepu%22%20%22Melbourne%20Storm%22%20salary%20contract%20worth%20deal%20extension%20NRL","https://www.google.com/search?q=site%3Adailytelegraph.com.au%20%22Lazarus%20Vaalepu%22%20salary%20contract%20NRL","https://www.google.com/search?q=site%3Asmh.com.au%20%22Lazarus%20Vaalepu%22%20salary%20contract%20NRL","https://www.google.com/search?q=site%3Amelbournestorm.com.au%20%22Lazarus%20Vaalepu%22%20contract"
"mel","Melbourne Storm","Manaia Waitere","Unknown","bucket_unknown","unknown","22","https://www.google.com/search?q=%22Manaia%20Waitere%22%20%22Melbourne%20Storm%22%20salary%20contract%20worth%20deal%20extension%20NRL","https://www.google.com/search?q=site%3Adailytelegraph.com.au%20%22Manaia%20Waitere%22%20salary%20contract%20NRL","https://www.google.com/search?q=site%3Asmh.com.au%20%22Manaia%20Waitere%22%20salary%20contract%20NRL","https://www.google.com/search?q=site%3Amelbournestorm.com.au%20%22Manaia%20Waitere%22%20contract"
"mel","Melbourne Storm","Marion Seve","Unknown","bucket_unknown","unknown","22","https://www.google.com/search?q=%22Marion%20Seve%22%20%22Melbourne%20Storm%22%20salary%20contract%20worth%20deal%20extension%20NRL","https://www.google.com/search?q=site%3Adailytelegraph.com.au%20%22Marion%20Seve%22%20salary%20contract%20NRL","https://www.google.com/search?q=site%3Asmh.com.au%20%22Marion%20Seve%22%20salary%20contract%20NRL","https://www.google.com/search?q=site%3Amelbournestorm.com.au%20%22Marion%20Seve%22%20contract"
"mel","Melbourne Storm","Moses Leo","Unknown","bucket_unknown","unknown","22","https://www.google.com/search?q=%22Moses%20Leo%22%20%22Melbourne%20Storm%22%20salary%20contract%20worth%20deal%20extension%20NRL","https://www.google.com/search?q=site%3Adailytelegraph.com.au%20%22Moses%20Leo%22%20salary%20contract%20NRL","https://www.google.com/search?q=site%3Asmh.com.au%20%22Moses%20Leo%22%20salary%20contract%20NRL","https://www.google.com/search?q=site%3Amelbournestorm.com.au%20%22Moses%20Leo%22%20contract"
"mel","Melbourne Storm","Siulagi Tuimalata-Brown","Unknown","bucket_unknown","unknown","22","https://www.google.com/search?q=%22Siulagi%20Tuimalata-Brown%22%20%22Melbourne%20Storm%22%20salary%20contract%20worth%20deal%20extension%20NRL","https://www.google.com/search?q=site%3Adailytelegraph.com.au%20%22Siulagi%20Tuimalata-Brown%22%20salary%20contract%20NRL","https://www.google.com/search?q=site%3Asmh.com.au%20%22Siulagi%20Tuimalata-Brown%22%20salary%20contract%20NRL","https://www.google.com/search?q=site%3Amelbournestorm.com.au%20%22Siulagi%20Tuimalata-Brown%22%20contract"
"mel","Melbourne Storm","Trent Toelau","Unknown","bucket_unknown","unknown","22","https://www.google.com/search?q=%22Trent%20Toelau%22%20%22Melbourne%20Storm%22%20salary%20contract%20worth%20deal%20extension%20NRL","https://www.google.com/search?q=site%3Adailytelegraph.com.au%20%22Trent%20Toelau%22%20salary%20contract%20NRL","https://www.google.com/search?q=site%3Asmh.com.au%20%22Trent%20Toelau%22%20salary%20contract%20NRL","https://www.google.com/search?q=site%3Amelbournestorm.com.au%20%22Trent%20Toelau%22%20contract"
"nzl","New Zealand Warriors","Charnze Nicoll-Klokstad","Fullback","backup_baseline","reported_exact","42","https://www.google.com/search?q=%22Charnze%20Nicoll-Klokstad%22%20%22New%20Zealand%20Warriors%22%20salary%20contract%20worth%20deal%20extension%20NRL","https://www.google.com/search?q=site%3Adailytelegraph.com.au%20%22Charnze%20Nicoll-Klokstad%22%20salary%20contract%20NRL","https://www.google.com/search?q=site%3Asmh.com.au%20%22Charnze%20Nicoll-Klokstad%22%20salary%20contract%20NRL","https://www.google.com/search?q=site%3Awarriors.kiwi%20%22Charnze%20Nicoll-Klokstad%22%20contract"
"nzl","New Zealand Warriors","Dallin Watene-Zelezniak","Winger","backup_baseline","reported_exact","42","https://www.google.com/search?q=%22Dallin%20Watene-Zelezniak%22%20%22New%20Zealand%20Warriors%22%20salary%20contract%20worth%20deal%20extension%20NRL","https://www.google.com/search?q=site%3Adailytelegraph.com.au%20%22Dallin%20Watene-Zelezniak%22%20salary%20contract%20NRL","https://www.google.com/search?q=site%3Asmh.com.au%20%22Dallin%20Watene-Zelezniak%22%20salary%20contract%20NRL","https://www.google.com/search?q=site%3Awarriors.kiwi%20%22Dallin%20Watene-Zelezniak%22%20contract"
"nzl","New Zealand Warriors","Rocco Berry","Centre","backup_baseline","reported_exact","42","https://www.google.com/search?q=%22Rocco%20Berry%22%20%22New%20Zealand%20Warriors%22%20salary%20contract%20worth%20deal%20extension%20NRL","https://www.google.com/search?q=site%3Adailytelegraph.com.au%20%22Rocco%20Berry%22%20salary%20contract%20NRL","https://www.google.com/search?q=site%3Asmh.com.au%20%22Rocco%20Berry%22%20salary%20contract%20NRL","https://www.google.com/search?q=site%3Awarriors.kiwi%20%22Rocco%20Berry%22%20contract"
"nzl","New Zealand Warriors","Adam Pompey","Centre","backup_baseline","reported_exact","42","https://www.google.com/search?q=%22Adam%20Pompey%22%20%22New%20Zealand%20Warriors%22%20salary%20contract%20worth%20deal%20extension%20NRL","https://www.google.com/search?q=site%3Adailytelegraph.com.au%20%22Adam%20Pompey%22%20salary%20contract%20NRL","https://www.google.com/search?q=site%3Asmh.com.au%20%22Adam%20Pompey%22%20salary%20contract%20NRL","https://www.google.com/search?q=site%3Awarriors.kiwi%20%22Adam%20Pompey%22%20contract"
"nzl","New Zealand Warriors","Roger Tuivasa-Sheck","Winger","backup_baseline","reported_exact","42","https://www.google.com/search?q=%22Roger%20Tuivasa-Sheck%22%20%22New%20Zealand%20Warriors%22%20salary%20contract%20worth%20deal%20extension%20NRL","https://www.google.com/search?q=site%3Adailytelegraph.com.au%20%22Roger%20Tuivasa-Sheck%22%20salary%20contract%20NRL","https://www.google.com/search?q=site%3Asmh.com.au%20%22Roger%20Tuivasa-Sheck%22%20salary%20contract%20NRL","https://www.google.com/search?q=site%3Awarriors.kiwi%20%22Roger%20Tuivasa-Sheck%22%20contract"
"nzl","New Zealand Warriors","Luke Metcalf","Five-Eighth","backup_baseline","reported_exact","42","https://www.google.com/search?q=%22Luke%20Metcalf%22%20%22New%20Zealand%20Warriors%22%20salary%20contract%20worth%20deal%20extension%20NRL","https://www.google.com/search?q=site%3Adailytelegraph.com.au%20%22Luke%20Metcalf%22%20salary%20contract%20NRL","https://www.google.com/search?q=site%3Asmh.com.au%20%22Luke%20Metcalf%22%20salary%20contract%20NRL","https://www.google.com/search?q=site%3Awarriors.kiwi%20%22Luke%20Metcalf%22%20contract"
"nzl","New Zealand Warriors","Tanah Boyd","Halfback","backup_baseline","reported_exact","42","https://www.google.com/search?q=%22Tanah%20Boyd%22%20%22New%20Zealand%20Warriors%22%20salary%20contract%20worth%20deal%20extension%20NRL","https://www.google.com/search?q=site%3Adailytelegraph.com.au%20%22Tanah%20Boyd%22%20salary%20contract%20NRL","https://www.google.com/search?q=site%3Asmh.com.au%20%22Tanah%20Boyd%22%20salary%20contract%20NRL","https://www.google.com/search?q=site%3Awarriors.kiwi%20%22Tanah%20Boyd%22%20contract"
"nzl","New Zealand Warriors","James Fisher-Harris","Prop","backup_baseline","reported_exact","42","https://www.google.com/search?q=%22James%20Fisher-Harris%22%20%22New%20Zealand%20Warriors%22%20salary%20contract%20worth%20deal%20extension%20NRL","https://www.google.com/search?q=site%3Adailytelegraph.com.au%20%22James%20Fisher-Harris%22%20salary%20contract%20NRL","https://www.google.com/search?q=site%3Asmh.com.au%20%22James%20Fisher-Harris%22%20salary%20contract%20NRL","https://www.google.com/search?q=site%3Awarriors.kiwi%20%22James%20Fisher-Harris%22%20contract"
"nzl","New Zealand Warriors","Wayde Egan","Hooker","backup_baseline","reported_exact","42","https://www.google.com/search?q=%22Wayde%20Egan%22%20%22New%20Zealand%20Warriors%22%20salary%20contract%20worth%20deal%20extension%20NRL","https://www.google.com/search?q=site%3Adailytelegraph.com.au%20%22Wayde%20Egan%22%20salary%20contract%20NRL","https://www.google.com/search?q=site%3Asmh.com.au%20%22Wayde%20Egan%22%20salary%20contract%20NRL","https://www.google.com/search?q=site%3Awarriors.kiwi%20%22Wayde%20Egan%22%20contract"
"nzl","New Zealand Warriors","Jackson Ford","Prop","backup_baseline","reported_exact","42","https://www.google.com/search?q=%22Jackson%20Ford%22%20%22New%20Zealand%20Warriors%22%20salary%20contract%20worth%20deal%20extension%20NRL","https://www.google.com/search?q=site%3Adailytelegraph.com.au%20%22Jackson%20Ford%22%20salary%20contract%20NRL","https://www.google.com/search?q=site%3Asmh.com.au%20%22Jackson%20Ford%22%20salary%20contract%20NRL","https://www.google.com/search?q=site%3Awarriors.kiwi%20%22Jackson%20Ford%22%20contract"
"nzl","New Zealand Warriors","Kurt Capewell","2nd Row","backup_baseline","reported_exact","42","https://www.google.com/search?q=%22Kurt%20Capewell%22%20%22New%20Zealand%20Warriors%22%20salary%20contract%20worth%20deal%20extension%20NRL","https://www.google.com/search?q=site%3Adailytelegraph.com.au%20%22Kurt%20Capewell%22%20salary%20contract%20NRL","https://www.google.com/search?q=site%3Asmh.com.au%20%22Kurt%20Capewell%22%20salary%20contract%20NRL","https://www.google.com/search?q=site%3Awarriors.kiwi%20%22Kurt%20Capewell%22%20contract"
"nzl","New Zealand Warriors","Leka Halasima","2nd Row","backup_baseline","reported_exact","42","https://www.google.com/search?q=%22Leka%20Halasima%22%20%22New%20Zealand%20Warriors%22%20salary%20contract%20worth%20deal%20extension%20NRL","https://www.google.com/search?q=site%3Adailytelegraph.com.au%20%22Leka%20Halasima%22%20salary%20contract%20NRL","https://www.google.com/search?q=site%3Asmh.com.au%20%22Leka%20Halasima%22%20salary%20contract%20NRL","https://www.google.com/search?q=site%3Awarriors.kiwi%20%22Leka%20Halasima%22%20contract"
"nzl","New Zealand Warriors","Mitch Barnett","Lock","backup_baseline","reported_exact","42","https://www.google.com/search?q=%22Mitch%20Barnett%22%20%22New%20Zealand%20Warriors%22%20salary%20contract%20worth%20deal%20extension%20NRL","https://www.google.com/search?q=site%3Adailytelegraph.com.au%20%22Mitch%20Barnett%22%20salary%20contract%20NRL","https://www.google.com/search?q=site%3Asmh.com.au%20%22Mitch%20Barnett%22%20salary%20contract%20NRL","https://www.google.com/search?q=site%3Awarriors.kiwi%20%22Mitch%20Barnett%22%20contract"
"nzl","New Zealand Warriors","Chanel Tevita-Harris","Interchange","backup_baseline","reported_exact","42","https://www.google.com/search?q=%22Chanel%20Tevita-Harris%22%20%22New%20Zealand%20Warriors%22%20salary%20contract%20worth%20deal%20extension%20NRL","https://www.google.com/search?q=site%3Adailytelegraph.com.au%20%22Chanel%20Tevita-Harris%22%20salary%20contract%20NRL","https://www.google.com/search?q=site%3Asmh.com.au%20%22Chanel%20Tevita-Harris%22%20salary%20contract%20NRL","https://www.google.com/search?q=site%3Awarriors.kiwi%20%22Chanel%20Tevita-Harris%22%20contract"
"nzl","New Zealand Warriors","Erin Clark","Interchange","backup_baseline","reported_exact","42","https://www.google.com/search?q=%22Erin%20Clark%22%20%22New%20Zealand%20Warriors%22%20salary%20contract%20worth%20deal%20extension%20NRL","https://www.google.com/search?q=site%3Adailytelegraph.com.au%20%22Erin%20Clark%22%20salary%20contract%20NRL","https://www.google.com/search?q=site%3Asmh.com.au%20%22Erin%20Clark%22%20salary%20contract%20NRL","https://www.google.com/search?q=site%3Awarriors.kiwi%20%22Erin%20Clark%22%20contract"
"nzl","New Zealand Warriors","Morgan Gannon","Interchange","backup_baseline","reported_exact","42","https://www.google.com/search?q=%22Morgan%20Gannon%22%20%22New%20Zealand%20Warriors%22%20salary%20contract%20worth%20deal%20extension%20NRL","https://www.google.com/search?q=site%3Adailytelegraph.com.au%20%22Morgan%20Gannon%22%20salary%20contract%20NRL","https://www.google.com/search?q=site%3Asmh.com.au%20%22Morgan%20Gannon%22%20salary%20contract%20NRL","https://www.google.com/search?q=site%3Awarriors.kiwi%20%22Morgan%20Gannon%22%20contract"
"nzl","New Zealand Warriors","Marata Niukore","Interchange","backup_baseline","reported_exact","42","https://www.google.com/search?q=%22Marata%20Niukore%22%20%22New%20Zealand%20Warriors%22%20salary%20contract%20worth%20deal%20extension%20NRL","https://www.google.com/search?q=site%3Adailytelegraph.com.au%20%22Marata%20Niukore%22%20salary%20contract%20NRL","https://www.google.com/search?q=site%3Asmh.com.au%20%22Marata%20Niukore%22%20salary%20contract%20NRL","https://www.google.com/search?q=site%3Awarriors.kiwi%20%22Marata%20Niukore%22%20contract"
"nzl","New Zealand Warriors","Jacob Laban","Unknown","bucket_unknown","unknown","22","https://www.google.com/search?q=%22Jacob%20Laban%22%20%22New%20Zealand%20Warriors%22%20salary%20contract%20worth%20deal%20extension%20NRL","https://www.google.com/search?q=site%3Adailytelegraph.com.au%20%22Jacob%20Laban%22%20salary%20contract%20NRL","https://www.google.com/search?q=site%3Asmh.com.au%20%22Jacob%20Laban%22%20salary%20contract%20NRL","https://www.google.com/search?q=site%3Awarriors.kiwi%20%22Jacob%20Laban%22%20contract"
"nzl","New Zealand Warriors","Alofiana Khan-Pereira","Unknown","bucket_unknown","unknown","22","https://www.google.com/search?q=%22Alofiana%20Khan-Pereira%22%20%22New%20Zealand%20Warriors%22%20salary%20contract%20worth%20deal%20extension%20NRL","https://www.google.com/search?q=site%3Adailytelegraph.com.au%20%22Alofiana%20Khan-Pereira%22%20salary%20contract%20NRL","https://www.google.com/search?q=site%3Asmh.com.au%20%22Alofiana%20Khan-Pereira%22%20salary%20contract%20NRL","https://www.google.com/search?q=site%3Awarriors.kiwi%20%22Alofiana%20Khan-Pereira%22%20contract"
"nzl","New Zealand Warriors","Ali Leiataua","Unknown","bucket_unknown","unknown","22","https://www.google.com/search?q=%22Ali%20Leiataua%22%20%22New%20Zealand%20Warriors%22%20salary%20contract%20worth%20deal%20extension%20NRL","https://www.google.com/search?q=site%3Adailytelegraph.com.au%20%22Ali%20Leiataua%22%20salary%20contract%20NRL","https://www.google.com/search?q=site%3Asmh.com.au%20%22Ali%20Leiataua%22%20salary%20contract%20NRL","https://www.google.com/search?q=site%3Awarriors.kiwi%20%22Ali%20Leiataua%22%20contract"
"nzl","New Zealand Warriors","Demitric Vaimauga","Unknown","bucket_unknown","unknown","22","https://www.google.com/search?q=%22Demitric%20Vaimauga%22%20%22New%20Zealand%20Warriors%22%20salary%20contract%20worth%20deal%20extension%20NRL","https://www.google.com/search?q=site%3Adailytelegraph.com.au%20%22Demitric%20Vaimauga%22%20salary%20contract%20NRL","https://www.google.com/search?q=site%3Asmh.com.au%20%22Demitric%20Vaimauga%22%20salary%20contract%20NRL","https://www.google.com/search?q=site%3Awarriors.kiwi%20%22Demitric%20Vaimauga%22%20contract"
"nzl","New Zealand Warriors","Eddie Ieremia-Toeava","Unknown","bucket_unknown","unknown","22","https://www.google.com/search?q=%22Eddie%20Ieremia-Toeava%22%20%22New%20Zealand%20Warriors%22%20salary%20contract%20worth%20deal%20extension%20NRL","https://www.google.com/search?q=site%3Adailytelegraph.com.au%20%22Eddie%20Ieremia-Toeava%22%20salary%20contract%20NRL","https://www.google.com/search?q=site%3Asmh.com.au%20%22Eddie%20Ieremia-Toeava%22%20salary%20contract%20NRL","https://www.google.com/search?q=site%3Awarriors.kiwi%20%22Eddie%20Ieremia-Toeava%22%20contract"
"nzl","New Zealand Warriors","Haizyn Mellars","Unknown","bucket_unknown","unknown","22","https://www.google.com/search?q=%22Haizyn%20Mellars%22%20%22New%20Zealand%20Warriors%22%20salary%20contract%20worth%20deal%20extension%20NRL","https://www.google.com/search?q=site%3Adailytelegraph.com.au%20%22Haizyn%20Mellars%22%20salary%20contract%20NRL","https://www.google.com/search?q=site%3Asmh.com.au%20%22Haizyn%20Mellars%22%20salary%20contract%20NRL","https://www.google.com/search?q=site%3Awarriors.kiwi%20%22Haizyn%20Mellars%22%20contract"
"nzl","New Zealand Warriors","Jye Linnane","Unknown","bucket_unknown","unknown","22","https://www.google.com/search?q=%22Jye%20Linnane%22%20%22New%20Zealand%20Warriors%22%20salary%20contract%20worth%20deal%20extension%20NRL","https://www.google.com/search?q=site%3Adailytelegraph.com.au%20%22Jye%20Linnane%22%20salary%20contract%20NRL","https://www.google.com/search?q=site%3Asmh.com.au%20%22Jye%20Linnane%22%20salary%20contract%20NRL","https://www.google.com/search?q=site%3Awarriors.kiwi%20%22Jye%20Linnane%22%20contract"
"nzl","New Zealand Warriors","Kayliss Fatialofa","Unknown","bucket_unknown","unknown","22","https://www.google.com/search?q=%22Kayliss%20Fatialofa%22%20%22New%20Zealand%20Warriors%22%20salary%20contract%20worth%20deal%20extension%20NRL","https://www.google.com/search?q=site%3Adailytelegraph.com.au%20%22Kayliss%20Fatialofa%22%20salary%20contract%20NRL","https://www.google.com/search?q=site%3Asmh.com.au%20%22Kayliss%20Fatialofa%22%20salary%20contract%20NRL","https://www.google.com/search?q=site%3Awarriors.kiwi%20%22Kayliss%20Fatialofa%22%20contract"
"nzl","New Zealand Warriors","Sam Healey","Unknown","bucket_unknown","unknown","22","https://www.google.com/search?q=%22Sam%20Healey%22%20%22New%20Zealand%20Warriors%22%20salary%20contract%20worth%20deal%20extension%20NRL","https://www.google.com/search?q=site%3Adailytelegraph.com.au%20%22Sam%20Healey%22%20salary%20contract%20NRL","https://www.google.com/search?q=site%3Asmh.com.au%20%22Sam%20Healey%22%20salary%20contract%20NRL","https://www.google.com/search?q=site%3Awarriors.kiwi%20%22Sam%20Healey%22%20contract"
"nzl","New Zealand Warriors","Taine Tuaupiki","Unknown","bucket_unknown","unknown","22","https://www.google.com/search?q=%22Taine%20Tuaupiki%22%20%22New%20Zealand%20Warriors%22%20salary%20contract%20worth%20deal%20extension%20NRL","https://www.google.com/search?q=site%3Adailytelegraph.com.au%20%22Taine%20Tuaupiki%22%20salary%20contract%20NRL","https://www.google.com/search?q=site%3Asmh.com.au%20%22Taine%20Tuaupiki%22%20salary%20contract%20NRL","https://www.google.com/search?q=site%3Awarriors.kiwi%20%22Taine%20Tuaupiki%22%20contract"
"nzl","New Zealand Warriors","Tanner Stowers-Smith","Unknown","bucket_unknown","unknown","22","https://www.google.com/search?q=%22Tanner%20Stowers-Smith%22%20%22New%20Zealand%20Warriors%22%20salary%20contract%20worth%20deal%20extension%20NRL","https://www.google.com/search?q=site%3Adailytelegraph.com.au%20%22Tanner%20Stowers-Smith%22%20salary%20contract%20NRL","https://www.google.com/search?q=site%3Asmh.com.au%20%22Tanner%20Stowers-Smith%22%20salary%20contract%20NRL","https://www.google.com/search?q=site%3Awarriors.kiwi%20%22Tanner%20Stowers-Smith%22%20contract"
"nzl","New Zealand Warriors","Te Maire Martin","Unknown","bucket_unknown","unknown","22","https://www.google.com/search?q=%22Te%20Maire%20Martin%22%20%22New%20Zealand%20Warriors%22%20salary%20contract%20worth%20deal%20extension%20NRL","https://www.google.com/search?q=site%3Adailytelegraph.com.au%20%22Te%20Maire%20Martin%22%20salary%20contract%20NRL","https://www.google.com/search?q=site%3Asmh.com.au%20%22Te%20Maire%20Martin%22%20salary%20contract%20NRL","https://www.google.com/search?q=site%3Awarriors.kiwi%20%22Te%20Maire%20Martin%22%20contract"
"new","Newcastle Knights","Kalyn Ponga","Fullback","backup_baseline","reported_exact","42","https://www.google.com/search?q=%22Kalyn%20Ponga%22%20%22Newcastle%20Knights%22%20salary%20contract%20worth%20deal%20extension%20NRL","https://www.google.com/search?q=site%3Adailytelegraph.com.au%20%22Kalyn%20Ponga%22%20salary%20contract%20NRL","https://www.google.com/search?q=site%3Asmh.com.au%20%22Kalyn%20Ponga%22%20salary%20contract%20NRL","https://www.google.com/search?q=site%3Anewcastleknights.com.au%20%22Kalyn%20Ponga%22%20contract"
"new","Newcastle Knights","Dominic Young","Winger","backup_baseline","reported_exact","42","https://www.google.com/search?q=%22Dominic%20Young%22%20%22Newcastle%20Knights%22%20salary%20contract%20worth%20deal%20extension%20NRL","https://www.google.com/search?q=site%3Adailytelegraph.com.au%20%22Dominic%20Young%22%20salary%20contract%20NRL","https://www.google.com/search?q=site%3Asmh.com.au%20%22Dominic%20Young%22%20salary%20contract%20NRL","https://www.google.com/search?q=site%3Anewcastleknights.com.au%20%22Dominic%20Young%22%20contract"
"new","Newcastle Knights","Dane Gagai","Centre","backup_baseline","reported_exact","42","https://www.google.com/search?q=%22Dane%20Gagai%22%20%22Newcastle%20Knights%22%20salary%20contract%20worth%20deal%20extension%20NRL","https://www.google.com/search?q=site%3Adailytelegraph.com.au%20%22Dane%20Gagai%22%20salary%20contract%20NRL","https://www.google.com/search?q=site%3Asmh.com.au%20%22Dane%20Gagai%22%20salary%20contract%20NRL","https://www.google.com/search?q=site%3Anewcastleknights.com.au%20%22Dane%20Gagai%22%20contract"
"new","Newcastle Knights","Bradman Best","Centre","backup_baseline","reported_exact","42","https://www.google.com/search?q=%22Bradman%20Best%22%20%22Newcastle%20Knights%22%20salary%20contract%20worth%20deal%20extension%20NRL","https://www.google.com/search?q=site%3Adailytelegraph.com.au%20%22Bradman%20Best%22%20salary%20contract%20NRL","https://www.google.com/search?q=site%3Asmh.com.au%20%22Bradman%20Best%22%20salary%20contract%20NRL","https://www.google.com/search?q=site%3Anewcastleknights.com.au%20%22Bradman%20Best%22%20contract"
"new","Newcastle Knights","Greg Marzhew","Winger","backup_baseline","reported_exact","42","https://www.google.com/search?q=%22Greg%20Marzhew%22%20%22Newcastle%20Knights%22%20salary%20contract%20worth%20deal%20extension%20NRL","https://www.google.com/search?q=site%3Adailytelegraph.com.au%20%22Greg%20Marzhew%22%20salary%20contract%20NRL","https://www.google.com/search?q=site%3Asmh.com.au%20%22Greg%20Marzhew%22%20salary%20contract%20NRL","https://www.google.com/search?q=site%3Anewcastleknights.com.au%20%22Greg%20Marzhew%22%20contract"
"new","Newcastle Knights","Fletcher Sharpe","Five-Eighth","backup_baseline","reported_exact","42","https://www.google.com/search?q=%22Fletcher%20Sharpe%22%20%22Newcastle%20Knights%22%20salary%20contract%20worth%20deal%20extension%20NRL","https://www.google.com/search?q=site%3Adailytelegraph.com.au%20%22Fletcher%20Sharpe%22%20salary%20contract%20NRL","https://www.google.com/search?q=site%3Asmh.com.au%20%22Fletcher%20Sharpe%22%20salary%20contract%20NRL","https://www.google.com/search?q=site%3Anewcastleknights.com.au%20%22Fletcher%20Sharpe%22%20contract"
"new","Newcastle Knights","Dylan Brown","Halfback","backup_baseline","reported_exact","42","https://www.google.com/search?q=%22Dylan%20Brown%22%20%22Newcastle%20Knights%22%20salary%20contract%20worth%20deal%20extension%20NRL","https://www.google.com/search?q=site%3Adailytelegraph.com.au%20%22Dylan%20Brown%22%20salary%20contract%20NRL","https://www.google.com/search?q=site%3Asmh.com.au%20%22Dylan%20Brown%22%20salary%20contract%20NRL","https://www.google.com/search?q=site%3Anewcastleknights.com.au%20%22Dylan%20Brown%22%20contract"
"new","Newcastle Knights","Jacob Saifiti","Prop","backup_baseline","reported_exact","42","https://www.google.com/search?q=%22Jacob%20Saifiti%22%20%22Newcastle%20Knights%22%20salary%20contract%20worth%20deal%20extension%20NRL","https://www.google.com/search?q=site%3Adailytelegraph.com.au%20%22Jacob%20Saifiti%22%20salary%20contract%20NRL","https://www.google.com/search?q=site%3Asmh.com.au%20%22Jacob%20Saifiti%22%20salary%20contract%20NRL","https://www.google.com/search?q=site%3Anewcastleknights.com.au%20%22Jacob%20Saifiti%22%20contract"
"new","Newcastle Knights","Phoenix Crossland","Hooker","backup_baseline","reported_exact","42","https://www.google.com/search?q=%22Phoenix%20Crossland%22%20%22Newcastle%20Knights%22%20salary%20contract%20worth%20deal%20extension%20NRL","https://www.google.com/search?q=site%3Adailytelegraph.com.au%20%22Phoenix%20Crossland%22%20salary%20contract%20NRL","https://www.google.com/search?q=site%3Asmh.com.au%20%22Phoenix%20Crossland%22%20salary%20contract%20NRL","https://www.google.com/search?q=site%3Anewcastleknights.com.au%20%22Phoenix%20Crossland%22%20contract"
"new","Newcastle Knights","Trey Mooney","Prop","backup_baseline","reported_exact","42","https://www.google.com/search?q=%22Trey%20Mooney%22%20%22Newcastle%20Knights%22%20salary%20contract%20worth%20deal%20extension%20NRL","https://www.google.com/search?q=site%3Adailytelegraph.com.au%20%22Trey%20Mooney%22%20salary%20contract%20NRL","https://www.google.com/search?q=site%3Asmh.com.au%20%22Trey%20Mooney%22%20salary%20contract%20NRL","https://www.google.com/search?q=site%3Anewcastleknights.com.au%20%22Trey%20Mooney%22%20contract"
"new","Newcastle Knights","Dylan Lucas","2nd Row","backup_baseline","reported_exact","42","https://www.google.com/search?q=%22Dylan%20Lucas%22%20%22Newcastle%20Knights%22%20salary%20contract%20worth%20deal%20extension%20NRL","https://www.google.com/search?q=site%3Adailytelegraph.com.au%20%22Dylan%20Lucas%22%20salary%20contract%20NRL","https://www.google.com/search?q=site%3Asmh.com.au%20%22Dylan%20Lucas%22%20salary%20contract%20NRL","https://www.google.com/search?q=site%3Anewcastleknights.com.au%20%22Dylan%20Lucas%22%20contract"
"new","Newcastle Knights","Jermaine McEwen","2nd Row","backup_baseline","reported_exact","42","https://www.google.com/search?q=%22Jermaine%20McEwen%22%20%22Newcastle%20Knights%22%20salary%20contract%20worth%20deal%20extension%20NRL","https://www.google.com/search?q=site%3Adailytelegraph.com.au%20%22Jermaine%20McEwen%22%20salary%20contract%20NRL","https://www.google.com/search?q=site%3Asmh.com.au%20%22Jermaine%20McEwen%22%20salary%20contract%20NRL","https://www.google.com/search?q=site%3Anewcastleknights.com.au%20%22Jermaine%20McEwen%22%20contract"
"new","Newcastle Knights","Mathew Croker","Lock","backup_baseline","reported_exact","42","https://www.google.com/search?q=%22Mathew%20Croker%22%20%22Newcastle%20Knights%22%20salary%20contract%20worth%20deal%20extension%20NRL","https://www.google.com/search?q=site%3Adailytelegraph.com.au%20%22Mathew%20Croker%22%20salary%20contract%20NRL","https://www.google.com/search?q=site%3Asmh.com.au%20%22Mathew%20Croker%22%20salary%20contract%20NRL","https://www.google.com/search?q=site%3Anewcastleknights.com.au%20%22Mathew%20Croker%22%20contract"
"new","Newcastle Knights","Sandon Smith","Interchange","backup_baseline","reported_exact","42","https://www.google.com/search?q=%22Sandon%20Smith%22%20%22Newcastle%20Knights%22%20salary%20contract%20worth%20deal%20extension%20NRL","https://www.google.com/search?q=site%3Adailytelegraph.com.au%20%22Sandon%20Smith%22%20salary%20contract%20NRL","https://www.google.com/search?q=site%3Asmh.com.au%20%22Sandon%20Smith%22%20salary%20contract%20NRL","https://www.google.com/search?q=site%3Anewcastleknights.com.au%20%22Sandon%20Smith%22%20contract"
"new","Newcastle Knights","Tyson Frizell","Interchange","backup_baseline","reported_exact","42","https://www.google.com/search?q=%22Tyson%20Frizell%22%20%22Newcastle%20Knights%22%20salary%20contract%20worth%20deal%20extension%20NRL","https://www.google.com/search?q=site%3Adailytelegraph.com.au%20%22Tyson%20Frizell%22%20salary%20contract%20NRL","https://www.google.com/search?q=site%3Asmh.com.au%20%22Tyson%20Frizell%22%20salary%20contract%20NRL","https://www.google.com/search?q=site%3Anewcastleknights.com.au%20%22Tyson%20Frizell%22%20contract"
"new","Newcastle Knights","Brodie Jones","Interchange","backup_baseline","reported_exact","42","https://www.google.com/search?q=%22Brodie%20Jones%22%20%22Newcastle%20Knights%22%20salary%20contract%20worth%20deal%20extension%20NRL","https://www.google.com/search?q=site%3Adailytelegraph.com.au%20%22Brodie%20Jones%22%20salary%20contract%20NRL","https://www.google.com/search?q=site%3Asmh.com.au%20%22Brodie%20Jones%22%20salary%20contract%20NRL","https://www.google.com/search?q=site%3Anewcastleknights.com.au%20%22Brodie%20Jones%22%20contract"
"new","Newcastle Knights","Cody Hopwood","Interchange","backup_baseline","reported_exact","42","https://www.google.com/search?q=%22Cody%20Hopwood%22%20%22Newcastle%20Knights%22%20salary%20contract%20worth%20deal%20extension%20NRL","https://www.google.com/search?q=site%3Adailytelegraph.com.au%20%22Cody%20Hopwood%22%20salary%20contract%20NRL","https://www.google.com/search?q=site%3Asmh.com.au%20%22Cody%20Hopwood%22%20salary%20contract%20NRL","https://www.google.com/search?q=site%3Anewcastleknights.com.au%20%22Cody%20Hopwood%22%20contract"
"new","Newcastle Knights","Asu Kepaoa","Unknown","bucket_unknown","unknown","22","https://www.google.com/search?q=%22Asu%20Kepaoa%22%20%22Newcastle%20Knights%22%20salary%20contract%20worth%20deal%20extension%20NRL","https://www.google.com/search?q=site%3Adailytelegraph.com.au%20%22Asu%20Kepaoa%22%20salary%20contract%20NRL","https://www.google.com/search?q=site%3Asmh.com.au%20%22Asu%20Kepaoa%22%20salary%20contract%20NRL","https://www.google.com/search?q=site%3Anewcastleknights.com.au%20%22Asu%20Kepaoa%22%20contract"
"new","Newcastle Knights","Elijah Salesa-Leaumoana","Unknown","bucket_unknown","unknown","22","https://www.google.com/search?q=%22Elijah%20Salesa-Leaumoana%22%20%22Newcastle%20Knights%22%20salary%20contract%20worth%20deal%20extension%20NRL","https://www.google.com/search?q=site%3Adailytelegraph.com.au%20%22Elijah%20Salesa-Leaumoana%22%20salary%20contract%20NRL","https://www.google.com/search?q=site%3Asmh.com.au%20%22Elijah%20Salesa-Leaumoana%22%20salary%20contract%20NRL","https://www.google.com/search?q=site%3Anewcastleknights.com.au%20%22Elijah%20Salesa-Leaumoana%22%20contract"
"new","Newcastle Knights","Francis Manuleleua","Unknown","bucket_unknown","unknown","22","https://www.google.com/search?q=%22Francis%20Manuleleua%22%20%22Newcastle%20Knights%22%20salary%20contract%20worth%20deal%20extension%20NRL","https://www.google.com/search?q=site%3Adailytelegraph.com.au%20%22Francis%20Manuleleua%22%20salary%20contract%20NRL","https://www.google.com/search?q=site%3Asmh.com.au%20%22Francis%20Manuleleua%22%20salary%20contract%20NRL","https://www.google.com/search?q=site%3Anewcastleknights.com.au%20%22Francis%20Manuleleua%22%20contract"
"new","Newcastle Knights","James Schiller","Unknown","bucket_unknown","unknown","22","https://www.google.com/search?q=%22James%20Schiller%22%20%22Newcastle%20Knights%22%20salary%20contract%20worth%20deal%20extension%20NRL","https://www.google.com/search?q=site%3Adailytelegraph.com.au%20%22James%20Schiller%22%20salary%20contract%20NRL","https://www.google.com/search?q=site%3Asmh.com.au%20%22James%20Schiller%22%20salary%20contract%20NRL","https://www.google.com/search?q=site%3Anewcastleknights.com.au%20%22James%20Schiller%22%20contract"
"new","Newcastle Knights","Lachlan Crouch","Unknown","bucket_unknown","unknown","22","https://www.google.com/search?q=%22Lachlan%20Crouch%22%20%22Newcastle%20Knights%22%20salary%20contract%20worth%20deal%20extension%20NRL","https://www.google.com/search?q=site%3Adailytelegraph.com.au%20%22Lachlan%20Crouch%22%20salary%20contract%20NRL","https://www.google.com/search?q=site%3Asmh.com.au%20%22Lachlan%20Crouch%22%20salary%20contract%20NRL","https://www.google.com/search?q=site%3Anewcastleknights.com.au%20%22Lachlan%20Crouch%22%20contract"
"new","Newcastle Knights","Matt Arthur","Unknown","bucket_unknown","unknown","22","https://www.google.com/search?q=%22Matt%20Arthur%22%20%22Newcastle%20Knights%22%20salary%20contract%20worth%20deal%20extension%20NRL","https://www.google.com/search?q=site%3Adailytelegraph.com.au%20%22Matt%20Arthur%22%20salary%20contract%20NRL","https://www.google.com/search?q=site%3Asmh.com.au%20%22Matt%20Arthur%22%20salary%20contract%20NRL","https://www.google.com/search?q=site%3Anewcastleknights.com.au%20%22Matt%20Arthur%22%20contract"
"new","Newcastle Knights","Pasamu Saulo","Unknown","bucket_unknown","unknown","22","https://www.google.com/search?q=%22Pasamu%20Saulo%22%20%22Newcastle%20Knights%22%20salary%20contract%20worth%20deal%20extension%20NRL","https://www.google.com/search?q=site%3Adailytelegraph.com.au%20%22Pasamu%20Saulo%22%20salary%20contract%20NRL","https://www.google.com/search?q=site%3Asmh.com.au%20%22Pasamu%20Saulo%22%20salary%20contract%20NRL","https://www.google.com/search?q=site%3Anewcastleknights.com.au%20%22Pasamu%20Saulo%22%20contract"
"new","Newcastle Knights","Peter Hola","Unknown","bucket_unknown","unknown","22","https://www.google.com/search?q=%22Peter%20Hola%22%20%22Newcastle%20Knights%22%20salary%20contract%20worth%20deal%20extension%20NRL","https://www.google.com/search?q=site%3Adailytelegraph.com.au%20%22Peter%20Hola%22%20salary%20contract%20NRL","https://www.google.com/search?q=site%3Asmh.com.au%20%22Peter%20Hola%22%20salary%20contract%20NRL","https://www.google.com/search?q=site%3Anewcastleknights.com.au%20%22Peter%20Hola%22%20contract"
"new","Newcastle Knights","Thomas Cant","Unknown","bucket_unknown","unknown","22","https://www.google.com/search?q=%22Thomas%20Cant%22%20%22Newcastle%20Knights%22%20salary%20contract%20worth%20deal%20extension%20NRL","https://www.google.com/search?q=site%3Adailytelegraph.com.au%20%22Thomas%20Cant%22%20salary%20contract%20NRL","https://www.google.com/search?q=site%3Asmh.com.au%20%22Thomas%20Cant%22%20salary%20contract%20NRL","https://www.google.com/search?q=site%3Anewcastleknights.com.au%20%22Thomas%20Cant%22%20contract"
"new","Newcastle Knights","Wil Sullivan","Unknown","bucket_unknown","unknown","22","https://www.google.com/search?q=%22Wil%20Sullivan%22%20%22Newcastle%20Knights%22%20salary%20contract%20worth%20deal%20extension%20NRL","https://www.google.com/search?q=site%3Adailytelegraph.com.au%20%22Wil%20Sullivan%22%20salary%20contract%20NRL","https://www.google.com/search?q=site%3Asmh.com.au%20%22Wil%20Sullivan%22%20salary%20contract%20NRL","https://www.google.com/search?q=site%3Anewcastleknights.com.au%20%22Wil%20Sullivan%22%20contract"
"new","Newcastle Knights","Wilson Decourcey","Unknown","bucket_unknown","unknown","22","https://www.google.com/search?q=%22Wilson%20Decourcey%22%20%22Newcastle%20Knights%22%20salary%20contract%20worth%20deal%20extension%20NRL","https://www.google.com/search?q=site%3Adailytelegraph.com.au%20%22Wilson%20Decourcey%22%20salary%20contract%20NRL","https://www.google.com/search?q=site%3Asmh.com.au%20%22Wilson%20Decourcey%22%20salary%20contract%20NRL","https://www.google.com/search?q=site%3Anewcastleknights.com.au%20%22Wilson%20Decourcey%22%20contract"
"nql","North Queensland Cowboys","Scott Drinkwater","Fullback","backup_baseline","reported_exact","42","https://www.google.com/search?q=%22Scott%20Drinkwater%22%20%22North%20Queensland%20Cowboys%22%20salary%20contract%20worth%20deal%20extension%20NRL","https://www.google.com/search?q=site%3Adailytelegraph.com.au%20%22Scott%20Drinkwater%22%20salary%20contract%20NRL","https://www.google.com/search?q=site%3Asmh.com.au%20%22Scott%20Drinkwater%22%20salary%20contract%20NRL","https://www.google.com/search?q=site%3Acowboys.com.au%20%22Scott%20Drinkwater%22%20contract"
"nql","North Queensland Cowboys","Murray Taulagi","Winger","backup_baseline","reported_exact","42","https://www.google.com/search?q=%22Murray%20Taulagi%22%20%22North%20Queensland%20Cowboys%22%20salary%20contract%20worth%20deal%20extension%20NRL","https://www.google.com/search?q=site%3Adailytelegraph.com.au%20%22Murray%20Taulagi%22%20salary%20contract%20NRL","https://www.google.com/search?q=site%3Asmh.com.au%20%22Murray%20Taulagi%22%20salary%20contract%20NRL","https://www.google.com/search?q=site%3Acowboys.com.au%20%22Murray%20Taulagi%22%20contract"
"nql","North Queensland Cowboys","Zac Laybutt","Centre","backup_baseline","reported_exact","42","https://www.google.com/search?q=%22Zac%20Laybutt%22%20%22North%20Queensland%20Cowboys%22%20salary%20contract%20worth%20deal%20extension%20NRL","https://www.google.com/search?q=site%3Adailytelegraph.com.au%20%22Zac%20Laybutt%22%20salary%20contract%20NRL","https://www.google.com/search?q=site%3Asmh.com.au%20%22Zac%20Laybutt%22%20salary%20contract%20NRL","https://www.google.com/search?q=site%3Acowboys.com.au%20%22Zac%20Laybutt%22%20contract"
"nql","North Queensland Cowboys","Jaxon Purdue","Centre","backup_baseline","reported_exact","42","https://www.google.com/search?q=%22Jaxon%20Purdue%22%20%22North%20Queensland%20Cowboys%22%20salary%20contract%20worth%20deal%20extension%20NRL","https://www.google.com/search?q=site%3Adailytelegraph.com.au%20%22Jaxon%20Purdue%22%20salary%20contract%20NRL","https://www.google.com/search?q=site%3Asmh.com.au%20%22Jaxon%20Purdue%22%20salary%20contract%20NRL","https://www.google.com/search?q=site%3Acowboys.com.au%20%22Jaxon%20Purdue%22%20contract"
"nql","North Queensland Cowboys","Robert Derby","Winger","backup_baseline","reported_exact","42","https://www.google.com/search?q=%22Robert%20Derby%22%20%22North%20Queensland%20Cowboys%22%20salary%20contract%20worth%20deal%20extension%20NRL","https://www.google.com/search?q=site%3Adailytelegraph.com.au%20%22Robert%20Derby%22%20salary%20contract%20NRL","https://www.google.com/search?q=site%3Asmh.com.au%20%22Robert%20Derby%22%20salary%20contract%20NRL","https://www.google.com/search?q=site%3Acowboys.com.au%20%22Robert%20Derby%22%20contract"
"nql","North Queensland Cowboys","Jake Clifford","Five-Eighth","backup_baseline","reported_exact","42","https://www.google.com/search?q=%22Jake%20Clifford%22%20%22North%20Queensland%20Cowboys%22%20salary%20contract%20worth%20deal%20extension%20NRL","https://www.google.com/search?q=site%3Adailytelegraph.com.au%20%22Jake%20Clifford%22%20salary%20contract%20NRL","https://www.google.com/search?q=site%3Asmh.com.au%20%22Jake%20Clifford%22%20salary%20contract%20NRL","https://www.google.com/search?q=site%3Acowboys.com.au%20%22Jake%20Clifford%22%20contract"
"nql","North Queensland Cowboys","Tom Dearden","Halfback","backup_baseline","reported_exact","42","https://www.google.com/search?q=%22Tom%20Dearden%22%20%22North%20Queensland%20Cowboys%22%20salary%20contract%20worth%20deal%20extension%20NRL","https://www.google.com/search?q=site%3Adailytelegraph.com.au%20%22Tom%20Dearden%22%20salary%20contract%20NRL","https://www.google.com/search?q=site%3Asmh.com.au%20%22Tom%20Dearden%22%20salary%20contract%20NRL","https://www.google.com/search?q=site%3Acowboys.com.au%20%22Tom%20Dearden%22%20contract"
"nql","North Queensland Cowboys","Jason Taumalolo","Prop","backup_baseline","reported_exact","42","https://www.google.com/search?q=%22Jason%20Taumalolo%22%20%22North%20Queensland%20Cowboys%22%20salary%20contract%20worth%20deal%20extension%20NRL","https://www.google.com/search?q=site%3Adailytelegraph.com.au%20%22Jason%20Taumalolo%22%20salary%20contract%20NRL","https://www.google.com/search?q=site%3Asmh.com.au%20%22Jason%20Taumalolo%22%20salary%20contract%20NRL","https://www.google.com/search?q=site%3Acowboys.com.au%20%22Jason%20Taumalolo%22%20contract"
"nql","North Queensland Cowboys","Reed Mahoney","Hooker","backup_baseline","reported_exact","42","https://www.google.com/search?q=%22Reed%20Mahoney%22%20%22North%20Queensland%20Cowboys%22%20salary%20contract%20worth%20deal%20extension%20NRL","https://www.google.com/search?q=site%3Adailytelegraph.com.au%20%22Reed%20Mahoney%22%20salary%20contract%20NRL","https://www.google.com/search?q=site%3Asmh.com.au%20%22Reed%20Mahoney%22%20salary%20contract%20NRL","https://www.google.com/search?q=site%3Acowboys.com.au%20%22Reed%20Mahoney%22%20contract"
"nql","North Queensland Cowboys","Coen Hess","Prop","backup_baseline","reported_exact","42","https://www.google.com/search?q=%22Coen%20Hess%22%20%22North%20Queensland%20Cowboys%22%20salary%20contract%20worth%20deal%20extension%20NRL","https://www.google.com/search?q=site%3Adailytelegraph.com.au%20%22Coen%20Hess%22%20salary%20contract%20NRL","https://www.google.com/search?q=site%3Asmh.com.au%20%22Coen%20Hess%22%20salary%20contract%20NRL","https://www.google.com/search?q=site%3Acowboys.com.au%20%22Coen%20Hess%22%20contract"
"nql","North Queensland Cowboys","Heilum Luki","2nd Row","backup_baseline","reported_exact","42","https://www.google.com/search?q=%22Heilum%20Luki%22%20%22North%20Queensland%20Cowboys%22%20salary%20contract%20worth%20deal%20extension%20NRL","https://www.google.com/search?q=site%3Adailytelegraph.com.au%20%22Heilum%20Luki%22%20salary%20contract%20NRL","https://www.google.com/search?q=site%3Asmh.com.au%20%22Heilum%20Luki%22%20salary%20contract%20NRL","https://www.google.com/search?q=site%3Acowboys.com.au%20%22Heilum%20Luki%22%20contract"
"nql","North Queensland Cowboys","Jeremiah Nanai","2nd Row","backup_baseline","reported_exact","42","https://www.google.com/search?q=%22Jeremiah%20Nanai%22%20%22North%20Queensland%20Cowboys%22%20salary%20contract%20worth%20deal%20extension%20NRL","https://www.google.com/search?q=site%3Adailytelegraph.com.au%20%22Jeremiah%20Nanai%22%20salary%20contract%20NRL","https://www.google.com/search?q=site%3Asmh.com.au%20%22Jeremiah%20Nanai%22%20salary%20contract%20NRL","https://www.google.com/search?q=site%3Acowboys.com.au%20%22Jeremiah%20Nanai%22%20contract"
"nql","North Queensland Cowboys","Reuben Cotter","Lock","backup_baseline","reported_exact","42","https://www.google.com/search?q=%22Reuben%20Cotter%22%20%22North%20Queensland%20Cowboys%22%20salary%20contract%20worth%20deal%20extension%20NRL","https://www.google.com/search?q=site%3Adailytelegraph.com.au%20%22Reuben%20Cotter%22%20salary%20contract%20NRL","https://www.google.com/search?q=site%3Asmh.com.au%20%22Reuben%20Cotter%22%20salary%20contract%20NRL","https://www.google.com/search?q=site%3Acowboys.com.au%20%22Reuben%20Cotter%22%20contract"
"nql","North Queensland Cowboys","John Bateman","Interchange","backup_baseline","reported_exact","42","https://www.google.com/search?q=%22John%20Bateman%22%20%22North%20Queensland%20Cowboys%22%20salary%20contract%20worth%20deal%20extension%20NRL","https://www.google.com/search?q=site%3Adailytelegraph.com.au%20%22John%20Bateman%22%20salary%20contract%20NRL","https://www.google.com/search?q=site%3Asmh.com.au%20%22John%20Bateman%22%20salary%20contract%20NRL","https://www.google.com/search?q=site%3Acowboys.com.au%20%22John%20Bateman%22%20contract"
"nql","North Queensland Cowboys","Matt Lodge","Interchange","backup_baseline","reported_exact","42","https://www.google.com/search?q=%22Matt%20Lodge%22%20%22North%20Queensland%20Cowboys%22%20salary%20contract%20worth%20deal%20extension%20NRL","https://www.google.com/search?q=site%3Adailytelegraph.com.au%20%22Matt%20Lodge%22%20salary%20contract%20NRL","https://www.google.com/search?q=site%3Asmh.com.au%20%22Matt%20Lodge%22%20salary%20contract%20NRL","https://www.google.com/search?q=site%3Acowboys.com.au%20%22Matt%20Lodge%22%20contract"
"nql","North Queensland Cowboys","Sam McIntyre","Interchange","backup_baseline","reported_exact","42","https://www.google.com/search?q=%22Sam%20McIntyre%22%20%22North%20Queensland%20Cowboys%22%20salary%20contract%20worth%20deal%20extension%20NRL","https://www.google.com/search?q=site%3Adailytelegraph.com.au%20%22Sam%20McIntyre%22%20salary%20contract%20NRL","https://www.google.com/search?q=site%3Asmh.com.au%20%22Sam%20McIntyre%22%20salary%20contract%20NRL","https://www.google.com/search?q=site%3Acowboys.com.au%20%22Sam%20McIntyre%22%20contract"
"nql","North Queensland Cowboys","Griffin Neame","Interchange","backup_baseline","reported_exact","42","https://www.google.com/search?q=%22Griffin%20Neame%22%20%22North%20Queensland%20Cowboys%22%20salary%20contract%20worth%20deal%20extension%20NRL","https://www.google.com/search?q=site%3Adailytelegraph.com.au%20%22Griffin%20Neame%22%20salary%20contract%20NRL","https://www.google.com/search?q=site%3Asmh.com.au%20%22Griffin%20Neame%22%20salary%20contract%20NRL","https://www.google.com/search?q=site%3Acowboys.com.au%20%22Griffin%20Neame%22%20contract"
"nql","North Queensland Cowboys","Harrison Edwards","Unknown","bucket_unknown","unknown","22","https://www.google.com/search?q=%22Harrison%20Edwards%22%20%22North%20Queensland%20Cowboys%22%20salary%20contract%20worth%20deal%20extension%20NRL","https://www.google.com/search?q=site%3Adailytelegraph.com.au%20%22Harrison%20Edwards%22%20salary%20contract%20NRL","https://www.google.com/search?q=site%3Asmh.com.au%20%22Harrison%20Edwards%22%20salary%20contract%20NRL","https://www.google.com/search?q=site%3Acowboys.com.au%20%22Harrison%20Edwards%22%20contract"
"nql","North Queensland Cowboys","James Walsh","Unknown","bucket_unknown","unknown","22","https://www.google.com/search?q=%22James%20Walsh%22%20%22North%20Queensland%20Cowboys%22%20salary%20contract%20worth%20deal%20extension%20NRL","https://www.google.com/search?q=site%3Adailytelegraph.com.au%20%22James%20Walsh%22%20salary%20contract%20NRL","https://www.google.com/search?q=site%3Asmh.com.au%20%22James%20Walsh%22%20salary%20contract%20NRL","https://www.google.com/search?q=site%3Acowboys.com.au%20%22James%20Walsh%22%20contract"
"nql","North Queensland Cowboys","Jaxson Paulo","Unknown","bucket_unknown","unknown","22","https://www.google.com/search?q=%22Jaxson%20Paulo%22%20%22North%20Queensland%20Cowboys%22%20salary%20contract%20worth%20deal%20extension%20NRL","https://www.google.com/search?q=site%3Adailytelegraph.com.au%20%22Jaxson%20Paulo%22%20salary%20contract%20NRL","https://www.google.com/search?q=site%3Asmh.com.au%20%22Jaxson%20Paulo%22%20salary%20contract%20NRL","https://www.google.com/search?q=site%3Acowboys.com.au%20%22Jaxson%20Paulo%22%20contract"
"nql","North Queensland Cowboys","Kai O'Donnell","Unknown","bucket_unknown","unknown","22","https://www.google.com/search?q=%22Kai%20O'Donnell%22%20%22North%20Queensland%20Cowboys%22%20salary%20contract%20worth%20deal%20extension%20NRL","https://www.google.com/search?q=site%3Adailytelegraph.com.au%20%22Kai%20O'Donnell%22%20salary%20contract%20NRL","https://www.google.com/search?q=site%3Asmh.com.au%20%22Kai%20O'Donnell%22%20salary%20contract%20NRL","https://www.google.com/search?q=site%3Acowboys.com.au%20%22Kai%20O'Donnell%22%20contract"
"nql","North Queensland Cowboys","Kaiden Lahrs","Unknown","bucket_unknown","unknown","22","https://www.google.com/search?q=%22Kaiden%20Lahrs%22%20%22North%20Queensland%20Cowboys%22%20salary%20contract%20worth%20deal%20extension%20NRL","https://www.google.com/search?q=site%3Adailytelegraph.com.au%20%22Kaiden%20Lahrs%22%20salary%20contract%20NRL","https://www.google.com/search?q=site%3Asmh.com.au%20%22Kaiden%20Lahrs%22%20salary%20contract%20NRL","https://www.google.com/search?q=site%3Acowboys.com.au%20%22Kaiden%20Lahrs%22%20contract"
"nql","North Queensland Cowboys","Mason Kira","Unknown","bucket_unknown","unknown","22","https://www.google.com/search?q=%22Mason%20Kira%22%20%22North%20Queensland%20Cowboys%22%20salary%20contract%20worth%20deal%20extension%20NRL","https://www.google.com/search?q=site%3Adailytelegraph.com.au%20%22Mason%20Kira%22%20salary%20contract%20NRL","https://www.google.com/search?q=site%3Asmh.com.au%20%22Mason%20Kira%22%20salary%20contract%20NRL","https://www.google.com/search?q=site%3Acowboys.com.au%20%22Mason%20Kira%22%20contract"
"nql","North Queensland Cowboys","Soni Luke","Unknown","bucket_unknown","unknown","22","https://www.google.com/search?q=%22Soni%20Luke%22%20%22North%20Queensland%20Cowboys%22%20salary%20contract%20worth%20deal%20extension%20NRL","https://www.google.com/search?q=site%3Adailytelegraph.com.au%20%22Soni%20Luke%22%20salary%20contract%20NRL","https://www.google.com/search?q=site%3Asmh.com.au%20%22Soni%20Luke%22%20salary%20contract%20NRL","https://www.google.com/search?q=site%3Acowboys.com.au%20%22Soni%20Luke%22%20contract"
"nql","North Queensland Cowboys","Thomas Mikaele","Unknown","bucket_unknown","unknown","22","https://www.google.com/search?q=%22Thomas%20Mikaele%22%20%22North%20Queensland%20Cowboys%22%20salary%20contract%20worth%20deal%20extension%20NRL","https://www.google.com/search?q=site%3Adailytelegraph.com.au%20%22Thomas%20Mikaele%22%20salary%20contract%20NRL","https://www.google.com/search?q=site%3Asmh.com.au%20%22Thomas%20Mikaele%22%20salary%20contract%20NRL","https://www.google.com/search?q=site%3Acowboys.com.au%20%22Thomas%20Mikaele%22%20contract"
"nql","North Queensland Cowboys","Viliami Vailea","Unknown","bucket_unknown","unknown","22","https://www.google.com/search?q=%22Viliami%20Vailea%22%20%22North%20Queensland%20Cowboys%22%20salary%20contract%20worth%20deal%20extension%20NRL","https://www.google.com/search?q=site%3Adailytelegraph.com.au%20%22Viliami%20Vailea%22%20salary%20contract%20NRL","https://www.google.com/search?q=site%3Asmh.com.au%20%22Viliami%20Vailea%22%20salary%20contract%20NRL","https://www.google.com/search?q=site%3Acowboys.com.au%20%22Viliami%20Vailea%22%20contract"
"nql","North Queensland Cowboys","Zac Herdegen","Unknown","bucket_unknown","unknown","22","https://www.google.com/search?q=%22Zac%20Herdegen%22%20%22North%20Queensland%20Cowboys%22%20salary%20contract%20worth%20deal%20extension%20NRL","https://www.google.com/search?q=site%3Adailytelegraph.com.au%20%22Zac%20Herdegen%22%20salary%20contract%20NRL","https://www.google.com/search?q=site%3Asmh.com.au%20%22Zac%20Herdegen%22%20salary%20contract%20NRL","https://www.google.com/search?q=site%3Acowboys.com.au%20%22Zac%20Herdegen%22%20contract"
"par","Parramatta Eels","Isaiah Iongi","Fullback","backup_baseline","reported_exact","42","https://www.google.com/search?q=%22Isaiah%20Iongi%22%20%22Parramatta%20Eels%22%20salary%20contract%20worth%20deal%20extension%20NRL","https://www.google.com/search?q=site%3Adailytelegraph.com.au%20%22Isaiah%20Iongi%22%20salary%20contract%20NRL","https://www.google.com/search?q=site%3Asmh.com.au%20%22Isaiah%20Iongi%22%20salary%20contract%20NRL","https://www.google.com/search?q=site%3Aparraeels.com.au%20%22Isaiah%20Iongi%22%20contract"
"par","Parramatta Eels","Bailey Simonsson","Winger","backup_baseline","reported_exact","42","https://www.google.com/search?q=%22Bailey%20Simonsson%22%20%22Parramatta%20Eels%22%20salary%20contract%20worth%20deal%20extension%20NRL","https://www.google.com/search?q=site%3Adailytelegraph.com.au%20%22Bailey%20Simonsson%22%20salary%20contract%20NRL","https://www.google.com/search?q=site%3Asmh.com.au%20%22Bailey%20Simonsson%22%20salary%20contract%20NRL","https://www.google.com/search?q=site%3Aparraeels.com.au%20%22Bailey%20Simonsson%22%20contract"
"par","Parramatta Eels","Will Penisini","Centre","backup_baseline","reported_exact","42","https://www.google.com/search?q=%22Will%20Penisini%22%20%22Parramatta%20Eels%22%20salary%20contract%20worth%20deal%20extension%20NRL","https://www.google.com/search?q=site%3Adailytelegraph.com.au%20%22Will%20Penisini%22%20salary%20contract%20NRL","https://www.google.com/search?q=site%3Asmh.com.au%20%22Will%20Penisini%22%20salary%20contract%20NRL","https://www.google.com/search?q=site%3Aparraeels.com.au%20%22Will%20Penisini%22%20contract"
"par","Parramatta Eels","Sean Russell","Centre","backup_baseline","reported_exact","42","https://www.google.com/search?q=%22Sean%20Russell%22%20%22Parramatta%20Eels%22%20salary%20contract%20worth%20deal%20extension%20NRL","https://www.google.com/search?q=site%3Adailytelegraph.com.au%20%22Sean%20Russell%22%20salary%20contract%20NRL","https://www.google.com/search?q=site%3Asmh.com.au%20%22Sean%20Russell%22%20salary%20contract%20NRL","https://www.google.com/search?q=site%3Aparraeels.com.au%20%22Sean%20Russell%22%20contract"
"par","Parramatta Eels","Josh Addo-Carr","Winger","backup_baseline","reported_exact","42","https://www.google.com/search?q=%22Josh%20Addo-Carr%22%20%22Parramatta%20Eels%22%20salary%20contract%20worth%20deal%20extension%20NRL","https://www.google.com/search?q=site%3Adailytelegraph.com.au%20%22Josh%20Addo-Carr%22%20salary%20contract%20NRL","https://www.google.com/search?q=site%3Asmh.com.au%20%22Josh%20Addo-Carr%22%20salary%20contract%20NRL","https://www.google.com/search?q=site%3Aparraeels.com.au%20%22Josh%20Addo-Carr%22%20contract"
"par","Parramatta Eels","Jonah Pezet","Five-Eighth","backup_baseline","reported_exact","42","https://www.google.com/search?q=%22Jonah%20Pezet%22%20%22Parramatta%20Eels%22%20salary%20contract%20worth%20deal%20extension%20NRL","https://www.google.com/search?q=site%3Adailytelegraph.com.au%20%22Jonah%20Pezet%22%20salary%20contract%20NRL","https://www.google.com/search?q=site%3Asmh.com.au%20%22Jonah%20Pezet%22%20salary%20contract%20NRL","https://www.google.com/search?q=site%3Aparraeels.com.au%20%22Jonah%20Pezet%22%20contract"
"par","Parramatta Eels","Mitchell Moses","Halfback","backup_baseline","reported_exact","42","https://www.google.com/search?q=%22Mitchell%20Moses%22%20%22Parramatta%20Eels%22%20salary%20contract%20worth%20deal%20extension%20NRL","https://www.google.com/search?q=site%3Adailytelegraph.com.au%20%22Mitchell%20Moses%22%20salary%20contract%20NRL","https://www.google.com/search?q=site%3Asmh.com.au%20%22Mitchell%20Moses%22%20salary%20contract%20NRL","https://www.google.com/search?q=site%3Aparraeels.com.au%20%22Mitchell%20Moses%22%20contract"
"par","Parramatta Eels","J'maine Hopgood","Prop","backup_baseline","reported_exact","42","https://www.google.com/search?q=%22J'maine%20Hopgood%22%20%22Parramatta%20Eels%22%20salary%20contract%20worth%20deal%20extension%20NRL","https://www.google.com/search?q=site%3Adailytelegraph.com.au%20%22J'maine%20Hopgood%22%20salary%20contract%20NRL","https://www.google.com/search?q=site%3Asmh.com.au%20%22J'maine%20Hopgood%22%20salary%20contract%20NRL","https://www.google.com/search?q=site%3Aparraeels.com.au%20%22J'maine%20Hopgood%22%20contract"
"par","Parramatta Eels","Ryley Smith","Hooker","backup_baseline","reported_exact","42","https://www.google.com/search?q=%22Ryley%20Smith%22%20%22Parramatta%20Eels%22%20salary%20contract%20worth%20deal%20extension%20NRL","https://www.google.com/search?q=site%3Adailytelegraph.com.au%20%22Ryley%20Smith%22%20salary%20contract%20NRL","https://www.google.com/search?q=site%3Asmh.com.au%20%22Ryley%20Smith%22%20salary%20contract%20NRL","https://www.google.com/search?q=site%3Aparraeels.com.au%20%22Ryley%20Smith%22%20contract"
"par","Parramatta Eels","Junior Paulo","Prop","backup_baseline","reported_exact","42","https://www.google.com/search?q=%22Junior%20Paulo%22%20%22Parramatta%20Eels%22%20salary%20contract%20worth%20deal%20extension%20NRL","https://www.google.com/search?q=site%3Adailytelegraph.com.au%20%22Junior%20Paulo%22%20salary%20contract%20NRL","https://www.google.com/search?q=site%3Asmh.com.au%20%22Junior%20Paulo%22%20salary%20contract%20NRL","https://www.google.com/search?q=site%3Aparraeels.com.au%20%22Junior%20Paulo%22%20contract"
"par","Parramatta Eels","Kelma Tuilagi","2nd Row","backup_baseline","reported_exact","42","https://www.google.com/search?q=%22Kelma%20Tuilagi%22%20%22Parramatta%20Eels%22%20salary%20contract%20worth%20deal%20extension%20NRL","https://www.google.com/search?q=site%3Adailytelegraph.com.au%20%22Kelma%20Tuilagi%22%20salary%20contract%20NRL","https://www.google.com/search?q=site%3Asmh.com.au%20%22Kelma%20Tuilagi%22%20salary%20contract%20NRL","https://www.google.com/search?q=site%3Aparraeels.com.au%20%22Kelma%20Tuilagi%22%20contract"
"par","Parramatta Eels","Kitione Kautoga","2nd Row","backup_baseline","reported_exact","42","https://www.google.com/search?q=%22Kitione%20Kautoga%22%20%22Parramatta%20Eels%22%20salary%20contract%20worth%20deal%20extension%20NRL","https://www.google.com/search?q=site%3Adailytelegraph.com.au%20%22Kitione%20Kautoga%22%20salary%20contract%20NRL","https://www.google.com/search?q=site%3Asmh.com.au%20%22Kitione%20Kautoga%22%20salary%20contract%20NRL","https://www.google.com/search?q=site%3Aparraeels.com.au%20%22Kitione%20Kautoga%22%20contract"
"par","Parramatta Eels","Jack Williams","Lock","backup_baseline","reported_exact","42","https://www.google.com/search?q=%22Jack%20Williams%22%20%22Parramatta%20Eels%22%20salary%20contract%20worth%20deal%20extension%20NRL","https://www.google.com/search?q=site%3Adailytelegraph.com.au%20%22Jack%20Williams%22%20salary%20contract%20NRL","https://www.google.com/search?q=site%3Asmh.com.au%20%22Jack%20Williams%22%20salary%20contract%20NRL","https://www.google.com/search?q=site%3Aparraeels.com.au%20%22Jack%20Williams%22%20contract"
"par","Parramatta Eels","Dylan Walker","Interchange","backup_baseline","reported_exact","42","https://www.google.com/search?q=%22Dylan%20Walker%22%20%22Parramatta%20Eels%22%20salary%20contract%20worth%20deal%20extension%20NRL","https://www.google.com/search?q=site%3Adailytelegraph.com.au%20%22Dylan%20Walker%22%20salary%20contract%20NRL","https://www.google.com/search?q=site%3Asmh.com.au%20%22Dylan%20Walker%22%20salary%20contract%20NRL","https://www.google.com/search?q=site%3Aparraeels.com.au%20%22Dylan%20Walker%22%20contract"
"par","Parramatta Eels","Tallyn Da Silva","Interchange","backup_baseline","reported_exact","42","https://www.google.com/search?q=%22Tallyn%20Da%20Silva%22%20%22Parramatta%20Eels%22%20salary%20contract%20worth%20deal%20extension%20NRL","https://www.google.com/search?q=site%3Adailytelegraph.com.au%20%22Tallyn%20Da%20Silva%22%20salary%20contract%20NRL","https://www.google.com/search?q=site%3Asmh.com.au%20%22Tallyn%20Da%20Silva%22%20salary%20contract%20NRL","https://www.google.com/search?q=site%3Aparraeels.com.au%20%22Tallyn%20Da%20Silva%22%20contract"
"par","Parramatta Eels","Jack de Belin","Interchange","backup_baseline","reported_exact","42","https://www.google.com/search?q=%22Jack%20de%20Belin%22%20%22Parramatta%20Eels%22%20salary%20contract%20worth%20deal%20extension%20NRL","https://www.google.com/search?q=site%3Adailytelegraph.com.au%20%22Jack%20de%20Belin%22%20salary%20contract%20NRL","https://www.google.com/search?q=site%3Asmh.com.au%20%22Jack%20de%20Belin%22%20salary%20contract%20NRL","https://www.google.com/search?q=site%3Aparraeels.com.au%20%22Jack%20de%20Belin%22%20contract"
"par","Parramatta Eels","Matt Doorey","Interchange","backup_baseline","reported_exact","42","https://www.google.com/search?q=%22Matt%20Doorey%22%20%22Parramatta%20Eels%22%20salary%20contract%20worth%20deal%20extension%20NRL","https://www.google.com/search?q=site%3Adailytelegraph.com.au%20%22Matt%20Doorey%22%20salary%20contract%20NRL","https://www.google.com/search?q=site%3Asmh.com.au%20%22Matt%20Doorey%22%20salary%20contract%20NRL","https://www.google.com/search?q=site%3Aparraeels.com.au%20%22Matt%20Doorey%22%20contract"
"par","Parramatta Eels","Brian Kelly","Unknown","bucket_unknown","unknown","22","https://www.google.com/search?q=%22Brian%20Kelly%22%20%22Parramatta%20Eels%22%20salary%20contract%20worth%20deal%20extension%20NRL","https://www.google.com/search?q=site%3Adailytelegraph.com.au%20%22Brian%20Kelly%22%20salary%20contract%20NRL","https://www.google.com/search?q=site%3Asmh.com.au%20%22Brian%20Kelly%22%20salary%20contract%20NRL","https://www.google.com/search?q=site%3Aparraeels.com.au%20%22Brian%20Kelly%22%20contract"
"par","Parramatta Eels","Charlie Guymer","Unknown","bucket_unknown","unknown","22","https://www.google.com/search?q=%22Charlie%20Guymer%22%20%22Parramatta%20Eels%22%20salary%20contract%20worth%20deal%20extension%20NRL","https://www.google.com/search?q=site%3Adailytelegraph.com.au%20%22Charlie%20Guymer%22%20salary%20contract%20NRL","https://www.google.com/search?q=site%3Asmh.com.au%20%22Charlie%20Guymer%22%20salary%20contract%20NRL","https://www.google.com/search?q=site%3Aparraeels.com.au%20%22Charlie%20Guymer%22%20contract"
"par","Parramatta Eels","Jake Tago","Unknown","bucket_unknown","unknown","22","https://www.google.com/search?q=%22Jake%20Tago%22%20%22Parramatta%20Eels%22%20salary%20contract%20worth%20deal%20extension%20NRL","https://www.google.com/search?q=site%3Adailytelegraph.com.au%20%22Jake%20Tago%22%20salary%20contract%20NRL","https://www.google.com/search?q=site%3Asmh.com.au%20%22Jake%20Tago%22%20salary%20contract%20NRL","https://www.google.com/search?q=site%3Aparraeels.com.au%20%22Jake%20Tago%22%20contract"
"par","Parramatta Eels","Joash Papalii","Unknown","bucket_unknown","unknown","22","https://www.google.com/search?q=%22Joash%20Papalii%22%20%22Parramatta%20Eels%22%20salary%20contract%20worth%20deal%20extension%20NRL","https://www.google.com/search?q=site%3Adailytelegraph.com.au%20%22Joash%20Papalii%22%20salary%20contract%20NRL","https://www.google.com/search?q=site%3Asmh.com.au%20%22Joash%20Papalii%22%20salary%20contract%20NRL","https://www.google.com/search?q=site%3Aparraeels.com.au%20%22Joash%20Papalii%22%20contract"
"par","Parramatta Eels","Jordan Samrani","Unknown","bucket_unknown","unknown","22","https://www.google.com/search?q=%22Jordan%20Samrani%22%20%22Parramatta%20Eels%22%20salary%20contract%20worth%20deal%20extension%20NRL","https://www.google.com/search?q=site%3Adailytelegraph.com.au%20%22Jordan%20Samrani%22%20salary%20contract%20NRL","https://www.google.com/search?q=site%3Asmh.com.au%20%22Jordan%20Samrani%22%20salary%20contract%20NRL","https://www.google.com/search?q=site%3Aparraeels.com.au%20%22Jordan%20Samrani%22%20contract"
"par","Parramatta Eels","Luca Moretti","Unknown","bucket_unknown","unknown","22","https://www.google.com/search?q=%22Luca%20Moretti%22%20%22Parramatta%20Eels%22%20salary%20contract%20worth%20deal%20extension%20NRL","https://www.google.com/search?q=site%3Adailytelegraph.com.au%20%22Luca%20Moretti%22%20salary%20contract%20NRL","https://www.google.com/search?q=site%3Asmh.com.au%20%22Luca%20Moretti%22%20salary%20contract%20NRL","https://www.google.com/search?q=site%3Aparraeels.com.au%20%22Luca%20Moretti%22%20contract"
"par","Parramatta Eels","Richard Penisini","Unknown","bucket_unknown","unknown","22","https://www.google.com/search?q=%22Richard%20Penisini%22%20%22Parramatta%20Eels%22%20salary%20contract%20worth%20deal%20extension%20NRL","https://www.google.com/search?q=site%3Adailytelegraph.com.au%20%22Richard%20Penisini%22%20salary%20contract%20NRL","https://www.google.com/search?q=site%3Asmh.com.au%20%22Richard%20Penisini%22%20salary%20contract%20NRL","https://www.google.com/search?q=site%3Aparraeels.com.au%20%22Richard%20Penisini%22%20contract"
"par","Parramatta Eels","Ronald Volkman","Unknown","bucket_unknown","unknown","22","https://www.google.com/search?q=%22Ronald%20Volkman%22%20%22Parramatta%20Eels%22%20salary%20contract%20worth%20deal%20extension%20NRL","https://www.google.com/search?q=site%3Adailytelegraph.com.au%20%22Ronald%20Volkman%22%20salary%20contract%20NRL","https://www.google.com/search?q=site%3Asmh.com.au%20%22Ronald%20Volkman%22%20salary%20contract%20NRL","https://www.google.com/search?q=site%3Aparraeels.com.au%20%22Ronald%20Volkman%22%20contract"
"par","Parramatta Eels","Ryan Matterson","Unknown","bucket_unknown","unknown","22","https://www.google.com/search?q=%22Ryan%20Matterson%22%20%22Parramatta%20Eels%22%20salary%20contract%20worth%20deal%20extension%20NRL","https://www.google.com/search?q=site%3Adailytelegraph.com.au%20%22Ryan%20Matterson%22%20salary%20contract%20NRL","https://www.google.com/search?q=site%3Asmh.com.au%20%22Ryan%20Matterson%22%20salary%20contract%20NRL","https://www.google.com/search?q=site%3Aparraeels.com.au%20%22Ryan%20Matterson%22%20contract"
"par","Parramatta Eels","Sam Tuivaiti","Unknown","bucket_unknown","unknown","22","https://www.google.com/search?q=%22Sam%20Tuivaiti%22%20%22Parramatta%20Eels%22%20salary%20contract%20worth%20deal%20extension%20NRL","https://www.google.com/search?q=site%3Adailytelegraph.com.au%20%22Sam%20Tuivaiti%22%20salary%20contract%20NRL","https://www.google.com/search?q=site%3Asmh.com.au%20%22Sam%20Tuivaiti%22%20salary%20contract%20NRL","https://www.google.com/search?q=site%3Aparraeels.com.au%20%22Sam%20Tuivaiti%22%20contract"
"par","Parramatta Eels","Toni Mataele","Unknown","bucket_unknown","unknown","22","https://www.google.com/search?q=%22Toni%20Mataele%22%20%22Parramatta%20Eels%22%20salary%20contract%20worth%20deal%20extension%20NRL","https://www.google.com/search?q=site%3Adailytelegraph.com.au%20%22Toni%20Mataele%22%20salary%20contract%20NRL","https://www.google.com/search?q=site%3Asmh.com.au%20%22Toni%20Mataele%22%20salary%20contract%20NRL","https://www.google.com/search?q=site%3Aparraeels.com.au%20%22Toni%20Mataele%22%20contract"
"pen","Penrith Panthers","Dylan Edwards","Fullback","backup_baseline","reported_exact","42","https://www.google.com/search?q=%22Dylan%20Edwards%22%20%22Penrith%20Panthers%22%20salary%20contract%20worth%20deal%20extension%20NRL","https://www.google.com/search?q=site%3Adailytelegraph.com.au%20%22Dylan%20Edwards%22%20salary%20contract%20NRL","https://www.google.com/search?q=site%3Asmh.com.au%20%22Dylan%20Edwards%22%20salary%20contract%20NRL","https://www.google.com/search?q=site%3Apenrithpanthers.com.au%20%22Dylan%20Edwards%22%20contract"
"pen","Penrith Panthers","Thomas Jenkins","Winger","backup_baseline","reported_exact","42","https://www.google.com/search?q=%22Thomas%20Jenkins%22%20%22Penrith%20Panthers%22%20salary%20contract%20worth%20deal%20extension%20NRL","https://www.google.com/search?q=site%3Adailytelegraph.com.au%20%22Thomas%20Jenkins%22%20salary%20contract%20NRL","https://www.google.com/search?q=site%3Asmh.com.au%20%22Thomas%20Jenkins%22%20salary%20contract%20NRL","https://www.google.com/search?q=site%3Apenrithpanthers.com.au%20%22Thomas%20Jenkins%22%20contract"
"pen","Penrith Panthers","Paul Alamoti","Centre","backup_baseline","reported_exact","42","https://www.google.com/search?q=%22Paul%20Alamoti%22%20%22Penrith%20Panthers%22%20salary%20contract%20worth%20deal%20extension%20NRL","https://www.google.com/search?q=site%3Adailytelegraph.com.au%20%22Paul%20Alamoti%22%20salary%20contract%20NRL","https://www.google.com/search?q=site%3Asmh.com.au%20%22Paul%20Alamoti%22%20salary%20contract%20NRL","https://www.google.com/search?q=site%3Apenrithpanthers.com.au%20%22Paul%20Alamoti%22%20contract"
"pen","Penrith Panthers","Casey McLean","Centre","backup_baseline","reported_exact","42","https://www.google.com/search?q=%22Casey%20McLean%22%20%22Penrith%20Panthers%22%20salary%20contract%20worth%20deal%20extension%20NRL","https://www.google.com/search?q=site%3Adailytelegraph.com.au%20%22Casey%20McLean%22%20salary%20contract%20NRL","https://www.google.com/search?q=site%3Asmh.com.au%20%22Casey%20McLean%22%20salary%20contract%20NRL","https://www.google.com/search?q=site%3Apenrithpanthers.com.au%20%22Casey%20McLean%22%20contract"
"pen","Penrith Panthers","Brian To'o","Winger","backup_baseline","reported_exact","42","https://www.google.com/search?q=%22Brian%20To'o%22%20%22Penrith%20Panthers%22%20salary%20contract%20worth%20deal%20extension%20NRL","https://www.google.com/search?q=site%3Adailytelegraph.com.au%20%22Brian%20To'o%22%20salary%20contract%20NRL","https://www.google.com/search?q=site%3Asmh.com.au%20%22Brian%20To'o%22%20salary%20contract%20NRL","https://www.google.com/search?q=site%3Apenrithpanthers.com.au%20%22Brian%20To'o%22%20contract"
"pen","Penrith Panthers","Blaize Talagi","Five-Eighth","backup_baseline","reported_exact","42","https://www.google.com/search?q=%22Blaize%20Talagi%22%20%22Penrith%20Panthers%22%20salary%20contract%20worth%20deal%20extension%20NRL","https://www.google.com/search?q=site%3Adailytelegraph.com.au%20%22Blaize%20Talagi%22%20salary%20contract%20NRL","https://www.google.com/search?q=site%3Asmh.com.au%20%22Blaize%20Talagi%22%20salary%20contract%20NRL","https://www.google.com/search?q=site%3Apenrithpanthers.com.au%20%22Blaize%20Talagi%22%20contract"
"pen","Penrith Panthers","Nathan Cleary","Halfback","backup_baseline","reported_exact","42","https://www.google.com/search?q=%22Nathan%20Cleary%22%20%22Penrith%20Panthers%22%20salary%20contract%20worth%20deal%20extension%20NRL","https://www.google.com/search?q=site%3Adailytelegraph.com.au%20%22Nathan%20Cleary%22%20salary%20contract%20NRL","https://www.google.com/search?q=site%3Asmh.com.au%20%22Nathan%20Cleary%22%20salary%20contract%20NRL","https://www.google.com/search?q=site%3Apenrithpanthers.com.au%20%22Nathan%20Cleary%22%20contract"
"pen","Penrith Panthers","Moses Leota","Prop","backup_baseline","reported_exact","42","https://www.google.com/search?q=%22Moses%20Leota%22%20%22Penrith%20Panthers%22%20salary%20contract%20worth%20deal%20extension%20NRL","https://www.google.com/search?q=site%3Adailytelegraph.com.au%20%22Moses%20Leota%22%20salary%20contract%20NRL","https://www.google.com/search?q=site%3Asmh.com.au%20%22Moses%20Leota%22%20salary%20contract%20NRL","https://www.google.com/search?q=site%3Apenrithpanthers.com.au%20%22Moses%20Leota%22%20contract"
"pen","Penrith Panthers","Mitch Kenny","Hooker","backup_baseline","reported_exact","42","https://www.google.com/search?q=%22Mitch%20Kenny%22%20%22Penrith%20Panthers%22%20salary%20contract%20worth%20deal%20extension%20NRL","https://www.google.com/search?q=site%3Adailytelegraph.com.au%20%22Mitch%20Kenny%22%20salary%20contract%20NRL","https://www.google.com/search?q=site%3Asmh.com.au%20%22Mitch%20Kenny%22%20salary%20contract%20NRL","https://www.google.com/search?q=site%3Apenrithpanthers.com.au%20%22Mitch%20Kenny%22%20contract"
"pen","Penrith Panthers","Linday Smith","Prop","backup_baseline","reported_exact","42","https://www.google.com/search?q=%22Linday%20Smith%22%20%22Penrith%20Panthers%22%20salary%20contract%20worth%20deal%20extension%20NRL","https://www.google.com/search?q=site%3Adailytelegraph.com.au%20%22Linday%20Smith%22%20salary%20contract%20NRL","https://www.google.com/search?q=site%3Asmh.com.au%20%22Linday%20Smith%22%20salary%20contract%20NRL","https://www.google.com/search?q=site%3Apenrithpanthers.com.au%20%22Linday%20Smith%22%20contract"
"pen","Penrith Panthers","Isaiah Papali'i","2nd Row","backup_baseline","reported_exact","42","https://www.google.com/search?q=%22Isaiah%20Papali'i%22%20%22Penrith%20Panthers%22%20salary%20contract%20worth%20deal%20extension%20NRL","https://www.google.com/search?q=site%3Adailytelegraph.com.au%20%22Isaiah%20Papali'i%22%20salary%20contract%20NRL","https://www.google.com/search?q=site%3Asmh.com.au%20%22Isaiah%20Papali'i%22%20salary%20contract%20NRL","https://www.google.com/search?q=site%3Apenrithpanthers.com.au%20%22Isaiah%20Papali'i%22%20contract"
"pen","Penrith Panthers","Liam Martin","2nd Row","backup_baseline","reported_exact","42","https://www.google.com/search?q=%22Liam%20Martin%22%20%22Penrith%20Panthers%22%20salary%20contract%20worth%20deal%20extension%20NRL","https://www.google.com/search?q=site%3Adailytelegraph.com.au%20%22Liam%20Martin%22%20salary%20contract%20NRL","https://www.google.com/search?q=site%3Asmh.com.au%20%22Liam%20Martin%22%20salary%20contract%20NRL","https://www.google.com/search?q=site%3Apenrithpanthers.com.au%20%22Liam%20Martin%22%20contract"
"pen","Penrith Panthers","Isaah Yeo","Lock","backup_baseline","reported_exact","42","https://www.google.com/search?q=%22Isaah%20Yeo%22%20%22Penrith%20Panthers%22%20salary%20contract%20worth%20deal%20extension%20NRL","https://www.google.com/search?q=site%3Adailytelegraph.com.au%20%22Isaah%20Yeo%22%20salary%20contract%20NRL","https://www.google.com/search?q=site%3Asmh.com.au%20%22Isaah%20Yeo%22%20salary%20contract%20NRL","https://www.google.com/search?q=site%3Apenrithpanthers.com.au%20%22Isaah%20Yeo%22%20contract"
"pen","Penrith Panthers","Scott Sorensen","Interchange","backup_baseline","reported_exact","42","https://www.google.com/search?q=%22Scott%20Sorensen%22%20%22Penrith%20Panthers%22%20salary%20contract%20worth%20deal%20extension%20NRL","https://www.google.com/search?q=site%3Adailytelegraph.com.au%20%22Scott%20Sorensen%22%20salary%20contract%20NRL","https://www.google.com/search?q=site%3Asmh.com.au%20%22Scott%20Sorensen%22%20salary%20contract%20NRL","https://www.google.com/search?q=site%3Apenrithpanthers.com.au%20%22Scott%20Sorensen%22%20contract"
"pen","Penrith Panthers","Luke Garner","Interchange","backup_baseline","reported_exact","42","https://www.google.com/search?q=%22Luke%20Garner%22%20%22Penrith%20Panthers%22%20salary%20contract%20worth%20deal%20extension%20NRL","https://www.google.com/search?q=site%3Adailytelegraph.com.au%20%22Luke%20Garner%22%20salary%20contract%20NRL","https://www.google.com/search?q=site%3Asmh.com.au%20%22Luke%20Garner%22%20salary%20contract%20NRL","https://www.google.com/search?q=site%3Apenrithpanthers.com.au%20%22Luke%20Garner%22%20contract"
"pen","Penrith Panthers","Liam Henry","Interchange","backup_baseline","reported_exact","42","https://www.google.com/search?q=%22Liam%20Henry%22%20%22Penrith%20Panthers%22%20salary%20contract%20worth%20deal%20extension%20NRL","https://www.google.com/search?q=site%3Adailytelegraph.com.au%20%22Liam%20Henry%22%20salary%20contract%20NRL","https://www.google.com/search?q=site%3Asmh.com.au%20%22Liam%20Henry%22%20salary%20contract%20NRL","https://www.google.com/search?q=site%3Apenrithpanthers.com.au%20%22Liam%20Henry%22%20contract"
"pen","Penrith Panthers","Izack Tago","Interchange","backup_baseline","reported_exact","42","https://www.google.com/search?q=%22Izack%20Tago%22%20%22Penrith%20Panthers%22%20salary%20contract%20worth%20deal%20extension%20NRL","https://www.google.com/search?q=site%3Adailytelegraph.com.au%20%22Izack%20Tago%22%20salary%20contract%20NRL","https://www.google.com/search?q=site%3Asmh.com.au%20%22Izack%20Tago%22%20salary%20contract%20NRL","https://www.google.com/search?q=site%3Apenrithpanthers.com.au%20%22Izack%20Tago%22%20contract"
"pen","Penrith Panthers","Billy Scott","Unknown","bucket_unknown","unknown","22","https://www.google.com/search?q=%22Billy%20Scott%22%20%22Penrith%20Panthers%22%20salary%20contract%20worth%20deal%20extension%20NRL","https://www.google.com/search?q=site%3Adailytelegraph.com.au%20%22Billy%20Scott%22%20salary%20contract%20NRL","https://www.google.com/search?q=site%3Asmh.com.au%20%22Billy%20Scott%22%20salary%20contract%20NRL","https://www.google.com/search?q=site%3Apenrithpanthers.com.au%20%22Billy%20Scott%22%20contract"
"pen","Penrith Panthers","Freddy Lussick","Unknown","bucket_unknown","unknown","22","https://www.google.com/search?q=%22Freddy%20Lussick%22%20%22Penrith%20Panthers%22%20salary%20contract%20worth%20deal%20extension%20NRL","https://www.google.com/search?q=site%3Adailytelegraph.com.au%20%22Freddy%20Lussick%22%20salary%20contract%20NRL","https://www.google.com/search?q=site%3Asmh.com.au%20%22Freddy%20Lussick%22%20salary%20contract%20NRL","https://www.google.com/search?q=site%3Apenrithpanthers.com.au%20%22Freddy%20Lussick%22%20contract"
"pen","Penrith Panthers","Jack Cogger","Unknown","bucket_unknown","unknown","22","https://www.google.com/search?q=%22Jack%20Cogger%22%20%22Penrith%20Panthers%22%20salary%20contract%20worth%20deal%20extension%20NRL","https://www.google.com/search?q=site%3Adailytelegraph.com.au%20%22Jack%20Cogger%22%20salary%20contract%20NRL","https://www.google.com/search?q=site%3Asmh.com.au%20%22Jack%20Cogger%22%20salary%20contract%20NRL","https://www.google.com/search?q=site%3Apenrithpanthers.com.au%20%22Jack%20Cogger%22%20contract"
"pen","Penrith Panthers","Jaxen Edgar","Unknown","bucket_unknown","unknown","22","https://www.google.com/search?q=%22Jaxen%20Edgar%22%20%22Penrith%20Panthers%22%20salary%20contract%20worth%20deal%20extension%20NRL","https://www.google.com/search?q=site%3Adailytelegraph.com.au%20%22Jaxen%20Edgar%22%20salary%20contract%20NRL","https://www.google.com/search?q=site%3Asmh.com.au%20%22Jaxen%20Edgar%22%20salary%20contract%20NRL","https://www.google.com/search?q=site%3Apenrithpanthers.com.au%20%22Jaxen%20Edgar%22%20contract"
"pen","Penrith Panthers","Jesse McLean","Unknown","bucket_unknown","unknown","22","https://www.google.com/search?q=%22Jesse%20McLean%22%20%22Penrith%20Panthers%22%20salary%20contract%20worth%20deal%20extension%20NRL","https://www.google.com/search?q=site%3Adailytelegraph.com.au%20%22Jesse%20McLean%22%20salary%20contract%20NRL","https://www.google.com/search?q=site%3Asmh.com.au%20%22Jesse%20McLean%22%20salary%20contract%20NRL","https://www.google.com/search?q=site%3Apenrithpanthers.com.au%20%22Jesse%20McLean%22%20contract"
"pen","Penrith Panthers","John Fonua","Unknown","bucket_unknown","unknown","22","https://www.google.com/search?q=%22John%20Fonua%22%20%22Penrith%20Panthers%22%20salary%20contract%20worth%20deal%20extension%20NRL","https://www.google.com/search?q=site%3Adailytelegraph.com.au%20%22John%20Fonua%22%20salary%20contract%20NRL","https://www.google.com/search?q=site%3Asmh.com.au%20%22John%20Fonua%22%20salary%20contract%20NRL","https://www.google.com/search?q=site%3Apenrithpanthers.com.au%20%22John%20Fonua%22%20contract"
"pen","Penrith Panthers","Kalani Going","Unknown","bucket_unknown","unknown","22","https://www.google.com/search?q=%22Kalani%20Going%22%20%22Penrith%20Panthers%22%20salary%20contract%20worth%20deal%20extension%20NRL","https://www.google.com/search?q=site%3Adailytelegraph.com.au%20%22Kalani%20Going%22%20salary%20contract%20NRL","https://www.google.com/search?q=site%3Asmh.com.au%20%22Kalani%20Going%22%20salary%20contract%20NRL","https://www.google.com/search?q=site%3Apenrithpanthers.com.au%20%22Kalani%20Going%22%20contract"
"pen","Penrith Panthers","Luron Patea","Unknown","bucket_unknown","unknown","22","https://www.google.com/search?q=%22Luron%20Patea%22%20%22Penrith%20Panthers%22%20salary%20contract%20worth%20deal%20extension%20NRL","https://www.google.com/search?q=site%3Adailytelegraph.com.au%20%22Luron%20Patea%22%20salary%20contract%20NRL","https://www.google.com/search?q=site%3Asmh.com.au%20%22Luron%20Patea%22%20salary%20contract%20NRL","https://www.google.com/search?q=site%3Apenrithpanthers.com.au%20%22Luron%20Patea%22%20contract"
"pen","Penrith Panthers","Tom Ale","Unknown","bucket_unknown","unknown","22","https://www.google.com/search?q=%22Tom%20Ale%22%20%22Penrith%20Panthers%22%20salary%20contract%20worth%20deal%20extension%20NRL","https://www.google.com/search?q=site%3Adailytelegraph.com.au%20%22Tom%20Ale%22%20salary%20contract%20NRL","https://www.google.com/search?q=site%3Asmh.com.au%20%22Tom%20Ale%22%20salary%20contract%20NRL","https://www.google.com/search?q=site%3Apenrithpanthers.com.au%20%22Tom%20Ale%22%20contract"
"sou","South Sydney Rabbitohs","Jye Gray","Fullback","backup_baseline","reported_exact","42","https://www.google.com/search?q=%22Jye%20Gray%22%20%22South%20Sydney%20Rabbitohs%22%20salary%20contract%20worth%20deal%20extension%20NRL","https://www.google.com/search?q=site%3Adailytelegraph.com.au%20%22Jye%20Gray%22%20salary%20contract%20NRL","https://www.google.com/search?q=site%3Asmh.com.au%20%22Jye%20Gray%22%20salary%20contract%20NRL","https://www.google.com/search?q=site%3Arabbitohs.com.au%20%22Jye%20Gray%22%20contract"
"sou","South Sydney Rabbitohs","Alex Johnston","Winger","backup_baseline","reported_exact","42","https://www.google.com/search?q=%22Alex%20Johnston%22%20%22South%20Sydney%20Rabbitohs%22%20salary%20contract%20worth%20deal%20extension%20NRL","https://www.google.com/search?q=site%3Adailytelegraph.com.au%20%22Alex%20Johnston%22%20salary%20contract%20NRL","https://www.google.com/search?q=site%3Asmh.com.au%20%22Alex%20Johnston%22%20salary%20contract%20NRL","https://www.google.com/search?q=site%3Arabbitohs.com.au%20%22Alex%20Johnston%22%20contract"
"sou","South Sydney Rabbitohs","Latrell Mitchell","Centre","backup_baseline","reported_exact","42","https://www.google.com/search?q=%22Latrell%20Mitchell%22%20%22South%20Sydney%20Rabbitohs%22%20salary%20contract%20worth%20deal%20extension%20NRL","https://www.google.com/search?q=site%3Adailytelegraph.com.au%20%22Latrell%20Mitchell%22%20salary%20contract%20NRL","https://www.google.com/search?q=site%3Asmh.com.au%20%22Latrell%20Mitchell%22%20salary%20contract%20NRL","https://www.google.com/search?q=site%3Arabbitohs.com.au%20%22Latrell%20Mitchell%22%20contract"
"sou","South Sydney Rabbitohs","Jack Wighton","Centre","backup_baseline","reported_exact","42","https://www.google.com/search?q=%22Jack%20Wighton%22%20%22South%20Sydney%20Rabbitohs%22%20salary%20contract%20worth%20deal%20extension%20NRL","https://www.google.com/search?q=site%3Adailytelegraph.com.au%20%22Jack%20Wighton%22%20salary%20contract%20NRL","https://www.google.com/search?q=site%3Asmh.com.au%20%22Jack%20Wighton%22%20salary%20contract%20NRL","https://www.google.com/search?q=site%3Arabbitohs.com.au%20%22Jack%20Wighton%22%20contract"
"sou","South Sydney Rabbitohs","Campbell Graham","Winger","backup_baseline","reported_exact","42","https://www.google.com/search?q=%22Campbell%20Graham%22%20%22South%20Sydney%20Rabbitohs%22%20salary%20contract%20worth%20deal%20extension%20NRL","https://www.google.com/search?q=site%3Adailytelegraph.com.au%20%22Campbell%20Graham%22%20salary%20contract%20NRL","https://www.google.com/search?q=site%3Asmh.com.au%20%22Campbell%20Graham%22%20salary%20contract%20NRL","https://www.google.com/search?q=site%3Arabbitohs.com.au%20%22Campbell%20Graham%22%20contract"
"sou","South Sydney Rabbitohs","Cody Walker","Five-Eighth","backup_baseline","reported_exact","42","https://www.google.com/search?q=%22Cody%20Walker%22%20%22South%20Sydney%20Rabbitohs%22%20salary%20contract%20worth%20deal%20extension%20NRL","https://www.google.com/search?q=site%3Adailytelegraph.com.au%20%22Cody%20Walker%22%20salary%20contract%20NRL","https://www.google.com/search?q=site%3Asmh.com.au%20%22Cody%20Walker%22%20salary%20contract%20NRL","https://www.google.com/search?q=site%3Arabbitohs.com.au%20%22Cody%20Walker%22%20contract"
"sou","South Sydney Rabbitohs","Jamie Humphreys","Halfback","backup_baseline","reported_exact","42","https://www.google.com/search?q=%22Jamie%20Humphreys%22%20%22South%20Sydney%20Rabbitohs%22%20salary%20contract%20worth%20deal%20extension%20NRL","https://www.google.com/search?q=site%3Adailytelegraph.com.au%20%22Jamie%20Humphreys%22%20salary%20contract%20NRL","https://www.google.com/search?q=site%3Asmh.com.au%20%22Jamie%20Humphreys%22%20salary%20contract%20NRL","https://www.google.com/search?q=site%3Arabbitohs.com.au%20%22Jamie%20Humphreys%22%20contract"
"sou","South Sydney Rabbitohs","Tevita Tatola","Prop","backup_baseline","reported_exact","42","https://www.google.com/search?q=%22Tevita%20Tatola%22%20%22South%20Sydney%20Rabbitohs%22%20salary%20contract%20worth%20deal%20extension%20NRL","https://www.google.com/search?q=site%3Adailytelegraph.com.au%20%22Tevita%20Tatola%22%20salary%20contract%20NRL","https://www.google.com/search?q=site%3Asmh.com.au%20%22Tevita%20Tatola%22%20salary%20contract%20NRL","https://www.google.com/search?q=site%3Arabbitohs.com.au%20%22Tevita%20Tatola%22%20contract"
"sou","South Sydney Rabbitohs","Brandon Smith","Hooker","backup_baseline","reported_exact","42","https://www.google.com/search?q=%22Brandon%20Smith%22%20%22South%20Sydney%20Rabbitohs%22%20salary%20contract%20worth%20deal%20extension%20NRL","https://www.google.com/search?q=site%3Adailytelegraph.com.au%20%22Brandon%20Smith%22%20salary%20contract%20NRL","https://www.google.com/search?q=site%3Asmh.com.au%20%22Brandon%20Smith%22%20salary%20contract%20NRL","https://www.google.com/search?q=site%3Arabbitohs.com.au%20%22Brandon%20Smith%22%20contract"
"sou","South Sydney Rabbitohs","Keaon Koloamatangi","Prop","backup_baseline","reported_exact","42","https://www.google.com/search?q=%22Keaon%20Koloamatangi%22%20%22South%20Sydney%20Rabbitohs%22%20salary%20contract%20worth%20deal%20extension%20NRL","https://www.google.com/search?q=site%3Adailytelegraph.com.au%20%22Keaon%20Koloamatangi%22%20salary%20contract%20NRL","https://www.google.com/search?q=site%3Asmh.com.au%20%22Keaon%20Koloamatangi%22%20salary%20contract%20NRL","https://www.google.com/search?q=site%3Arabbitohs.com.au%20%22Keaon%20Koloamatangi%22%20contract"
"sou","South Sydney Rabbitohs","Jai Arrow","2nd Row","backup_baseline","reported_exact","42","https://www.google.com/search?q=%22Jai%20Arrow%22%20%22South%20Sydney%20Rabbitohs%22%20salary%20contract%20worth%20deal%20extension%20NRL","https://www.google.com/search?q=site%3Adailytelegraph.com.au%20%22Jai%20Arrow%22%20salary%20contract%20NRL","https://www.google.com/search?q=site%3Asmh.com.au%20%22Jai%20Arrow%22%20salary%20contract%20NRL","https://www.google.com/search?q=site%3Arabbitohs.com.au%20%22Jai%20Arrow%22%20contract"
"sou","South Sydney Rabbitohs","David Fifita","2nd Row","backup_baseline","reported_exact","42","https://www.google.com/search?q=%22David%20Fifita%22%20%22South%20Sydney%20Rabbitohs%22%20salary%20contract%20worth%20deal%20extension%20NRL","https://www.google.com/search?q=site%3Adailytelegraph.com.au%20%22David%20Fifita%22%20salary%20contract%20NRL","https://www.google.com/search?q=site%3Asmh.com.au%20%22David%20Fifita%22%20salary%20contract%20NRL","https://www.google.com/search?q=site%3Arabbitohs.com.au%20%22David%20Fifita%22%20contract"
"sou","South Sydney Rabbitohs","Cameron Murray","Lock","backup_baseline","reported_exact","42","https://www.google.com/search?q=%22Cameron%20Murray%22%20%22South%20Sydney%20Rabbitohs%22%20salary%20contract%20worth%20deal%20extension%20NRL","https://www.google.com/search?q=site%3Adailytelegraph.com.au%20%22Cameron%20Murray%22%20salary%20contract%20NRL","https://www.google.com/search?q=site%3Asmh.com.au%20%22Cameron%20Murray%22%20salary%20contract%20NRL","https://www.google.com/search?q=site%3Arabbitohs.com.au%20%22Cameron%20Murray%22%20contract"
"sou","South Sydney Rabbitohs","Tallis Duncan","Interchange","backup_baseline","reported_exact","42","https://www.google.com/search?q=%22Tallis%20Duncan%22%20%22South%20Sydney%20Rabbitohs%22%20salary%20contract%20worth%20deal%20extension%20NRL","https://www.google.com/search?q=site%3Adailytelegraph.com.au%20%22Tallis%20Duncan%22%20salary%20contract%20NRL","https://www.google.com/search?q=site%3Asmh.com.au%20%22Tallis%20Duncan%22%20salary%20contract%20NRL","https://www.google.com/search?q=site%3Arabbitohs.com.au%20%22Tallis%20Duncan%22%20contract"
"sou","South Sydney Rabbitohs","Euan Aitken","Interchange","backup_baseline","reported_exact","42","https://www.google.com/search?q=%22Euan%20Aitken%22%20%22South%20Sydney%20Rabbitohs%22%20salary%20contract%20worth%20deal%20extension%20NRL","https://www.google.com/search?q=site%3Adailytelegraph.com.au%20%22Euan%20Aitken%22%20salary%20contract%20NRL","https://www.google.com/search?q=site%3Asmh.com.au%20%22Euan%20Aitken%22%20salary%20contract%20NRL","https://www.google.com/search?q=site%3Arabbitohs.com.au%20%22Euan%20Aitken%22%20contract"
"sou","South Sydney Rabbitohs","Peter Mamouzelos","Interchange","backup_baseline","reported_exact","42","https://www.google.com/search?q=%22Peter%20Mamouzelos%22%20%22South%20Sydney%20Rabbitohs%22%20salary%20contract%20worth%20deal%20extension%20NRL","https://www.google.com/search?q=site%3Adailytelegraph.com.au%20%22Peter%20Mamouzelos%22%20salary%20contract%20NRL","https://www.google.com/search?q=site%3Asmh.com.au%20%22Peter%20Mamouzelos%22%20salary%20contract%20NRL","https://www.google.com/search?q=site%3Arabbitohs.com.au%20%22Peter%20Mamouzelos%22%20contract"
"sou","South Sydney Rabbitohs","Sean Keppie","Interchange","backup_baseline","reported_exact","42","https://www.google.com/search?q=%22Sean%20Keppie%22%20%22South%20Sydney%20Rabbitohs%22%20salary%20contract%20worth%20deal%20extension%20NRL","https://www.google.com/search?q=site%3Adailytelegraph.com.au%20%22Sean%20Keppie%22%20salary%20contract%20NRL","https://www.google.com/search?q=site%3Asmh.com.au%20%22Sean%20Keppie%22%20salary%20contract%20NRL","https://www.google.com/search?q=site%3Arabbitohs.com.au%20%22Sean%20Keppie%22%20contract"
"sou","South Sydney Rabbitohs","Ashton Ward","Unknown","bucket_unknown","unknown","22","https://www.google.com/search?q=%22Ashton%20Ward%22%20%22South%20Sydney%20Rabbitohs%22%20salary%20contract%20worth%20deal%20extension%20NRL","https://www.google.com/search?q=site%3Adailytelegraph.com.au%20%22Ashton%20Ward%22%20salary%20contract%20NRL","https://www.google.com/search?q=site%3Asmh.com.au%20%22Ashton%20Ward%22%20salary%20contract%20NRL","https://www.google.com/search?q=site%3Arabbitohs.com.au%20%22Ashton%20Ward%22%20contract"
"sou","South Sydney Rabbitohs","Adam Elliott","Unknown","bucket_unknown","unknown","22","https://www.google.com/search?q=%22Adam%20Elliott%22%20%22South%20Sydney%20Rabbitohs%22%20salary%20contract%20worth%20deal%20extension%20NRL","https://www.google.com/search?q=site%3Adailytelegraph.com.au%20%22Adam%20Elliott%22%20salary%20contract%20NRL","https://www.google.com/search?q=site%3Asmh.com.au%20%22Adam%20Elliott%22%20salary%20contract%20NRL","https://www.google.com/search?q=site%3Arabbitohs.com.au%20%22Adam%20Elliott%22%20contract"
"sou","South Sydney Rabbitohs","Bronson Carlick","Unknown","bucket_unknown","unknown","22","https://www.google.com/search?q=%22Bronson%20Carlick%22%20%22South%20Sydney%20Rabbitohs%22%20salary%20contract%20worth%20deal%20extension%20NRL","https://www.google.com/search?q=site%3Adailytelegraph.com.au%20%22Bronson%20Carlick%22%20salary%20contract%20NRL","https://www.google.com/search?q=site%3Asmh.com.au%20%22Bronson%20Carlick%22%20salary%20contract%20NRL","https://www.google.com/search?q=site%3Arabbitohs.com.au%20%22Bronson%20Carlick%22%20contract"
"sou","South Sydney Rabbitohs","Ed Kosi","Unknown","bucket_unknown","unknown","22","https://www.google.com/search?q=%22Ed%20Kosi%22%20%22South%20Sydney%20Rabbitohs%22%20salary%20contract%20worth%20deal%20extension%20NRL","https://www.google.com/search?q=site%3Adailytelegraph.com.au%20%22Ed%20Kosi%22%20salary%20contract%20NRL","https://www.google.com/search?q=site%3Asmh.com.au%20%22Ed%20Kosi%22%20salary%20contract%20NRL","https://www.google.com/search?q=site%3Arabbitohs.com.au%20%22Ed%20Kosi%22%20contract"
"sou","South Sydney Rabbitohs","Isaiah Tass","Unknown","bucket_unknown","unknown","22","https://www.google.com/search?q=%22Isaiah%20Tass%22%20%22South%20Sydney%20Rabbitohs%22%20salary%20contract%20worth%20deal%20extension%20NRL","https://www.google.com/search?q=site%3Adailytelegraph.com.au%20%22Isaiah%20Tass%22%20salary%20contract%20NRL","https://www.google.com/search?q=site%3Asmh.com.au%20%22Isaiah%20Tass%22%20salary%20contract%20NRL","https://www.google.com/search?q=site%3Arabbitohs.com.au%20%22Isaiah%20Tass%22%20contract"
"sou","South Sydney Rabbitohs","Jayden Sullivan","Unknown","bucket_unknown","unknown","22","https://www.google.com/search?q=%22Jayden%20Sullivan%22%20%22South%20Sydney%20Rabbitohs%22%20salary%20contract%20worth%20deal%20extension%20NRL","https://www.google.com/search?q=site%3Adailytelegraph.com.au%20%22Jayden%20Sullivan%22%20salary%20contract%20NRL","https://www.google.com/search?q=site%3Asmh.com.au%20%22Jayden%20Sullivan%22%20salary%20contract%20NRL","https://www.google.com/search?q=site%3Arabbitohs.com.au%20%22Jayden%20Sullivan%22%20contract"
"sou","South Sydney Rabbitohs","Jonah Glover","Unknown","bucket_unknown","unknown","22","https://www.google.com/search?q=%22Jonah%20Glover%22%20%22South%20Sydney%20Rabbitohs%22%20salary%20contract%20worth%20deal%20extension%20NRL","https://www.google.com/search?q=site%3Adailytelegraph.com.au%20%22Jonah%20Glover%22%20salary%20contract%20NRL","https://www.google.com/search?q=site%3Asmh.com.au%20%22Jonah%20Glover%22%20salary%20contract%20NRL","https://www.google.com/search?q=site%3Arabbitohs.com.au%20%22Jonah%20Glover%22%20contract"
"sou","South Sydney Rabbitohs","Lachie Hubner","Unknown","bucket_unknown","unknown","22","https://www.google.com/search?q=%22Lachie%20Hubner%22%20%22South%20Sydney%20Rabbitohs%22%20salary%20contract%20worth%20deal%20extension%20NRL","https://www.google.com/search?q=site%3Adailytelegraph.com.au%20%22Lachie%20Hubner%22%20salary%20contract%20NRL","https://www.google.com/search?q=site%3Asmh.com.au%20%22Lachie%20Hubner%22%20salary%20contract%20NRL","https://www.google.com/search?q=site%3Arabbitohs.com.au%20%22Lachie%20Hubner%22%20contract"
"sou","South Sydney Rabbitohs","Liam Le Blanc","Unknown","bucket_unknown","unknown","22","https://www.google.com/search?q=%22Liam%20Le%20Blanc%22%20%22South%20Sydney%20Rabbitohs%22%20salary%20contract%20worth%20deal%20extension%20NRL","https://www.google.com/search?q=site%3Adailytelegraph.com.au%20%22Liam%20Le%20Blanc%22%20salary%20contract%20NRL","https://www.google.com/search?q=site%3Asmh.com.au%20%22Liam%20Le%20Blanc%22%20salary%20contract%20NRL","https://www.google.com/search?q=site%3Arabbitohs.com.au%20%22Liam%20Le%20Blanc%22%20contract"
"sou","South Sydney Rabbitohs","Max McCarthy","Unknown","bucket_unknown","unknown","22","https://www.google.com/search?q=%22Max%20McCarthy%22%20%22South%20Sydney%20Rabbitohs%22%20salary%20contract%20worth%20deal%20extension%20NRL","https://www.google.com/search?q=site%3Adailytelegraph.com.au%20%22Max%20McCarthy%22%20salary%20contract%20NRL","https://www.google.com/search?q=site%3Asmh.com.au%20%22Max%20McCarthy%22%20salary%20contract%20NRL","https://www.google.com/search?q=site%3Arabbitohs.com.au%20%22Max%20McCarthy%22%20contract"
"sou","South Sydney Rabbitohs","Thomas Fletcher","Unknown","bucket_unknown","unknown","22","https://www.google.com/search?q=%22Thomas%20Fletcher%22%20%22South%20Sydney%20Rabbitohs%22%20salary%20contract%20worth%20deal%20extension%20NRL","https://www.google.com/search?q=site%3Adailytelegraph.com.au%20%22Thomas%20Fletcher%22%20salary%20contract%20NRL","https://www.google.com/search?q=site%3Asmh.com.au%20%22Thomas%20Fletcher%22%20salary%20contract%20NRL","https://www.google.com/search?q=site%3Arabbitohs.com.au%20%22Thomas%20Fletcher%22%20contract"
"sou","South Sydney Rabbitohs","Tyrone Munro","Unknown","bucket_unknown","unknown","22","https://www.google.com/search?q=%22Tyrone%20Munro%22%20%22South%20Sydney%20Rabbitohs%22%20salary%20contract%20worth%20deal%20extension%20NRL","https://www.google.com/search?q=site%3Adailytelegraph.com.au%20%22Tyrone%20Munro%22%20salary%20contract%20NRL","https://www.google.com/search?q=site%3Asmh.com.au%20%22Tyrone%20Munro%22%20salary%20contract%20NRL","https://www.google.com/search?q=site%3Arabbitohs.com.au%20%22Tyrone%20Munro%22%20contract"
"sti","St George Illawarra Dragons","Clint Gutherson","Fullback","backup_baseline","reported_exact","42","https://www.google.com/search?q=%22Clint%20Gutherson%22%20%22St%20George%20Illawarra%20Dragons%22%20salary%20contract%20worth%20deal%20extension%20NRL","https://www.google.com/search?q=site%3Adailytelegraph.com.au%20%22Clint%20Gutherson%22%20salary%20contract%20NRL","https://www.google.com/search?q=site%3Asmh.com.au%20%22Clint%20Gutherson%22%20salary%20contract%20NRL","https://www.google.com/search?q=site%3Adragons.com.au%20%22Clint%20Gutherson%22%20contract"
"sti","St George Illawarra Dragons","Christian Tuipulotu","Winger","backup_baseline","reported_exact","42","https://www.google.com/search?q=%22Christian%20Tuipulotu%22%20%22St%20George%20Illawarra%20Dragons%22%20salary%20contract%20worth%20deal%20extension%20NRL","https://www.google.com/search?q=site%3Adailytelegraph.com.au%20%22Christian%20Tuipulotu%22%20salary%20contract%20NRL","https://www.google.com/search?q=site%3Asmh.com.au%20%22Christian%20Tuipulotu%22%20salary%20contract%20NRL","https://www.google.com/search?q=site%3Adragons.com.au%20%22Christian%20Tuipulotu%22%20contract"
"sti","St George Illawarra Dragons","Moses Suli","Centre","backup_baseline","reported_exact","42","https://www.google.com/search?q=%22Moses%20Suli%22%20%22St%20George%20Illawarra%20Dragons%22%20salary%20contract%20worth%20deal%20extension%20NRL","https://www.google.com/search?q=site%3Adailytelegraph.com.au%20%22Moses%20Suli%22%20salary%20contract%20NRL","https://www.google.com/search?q=site%3Asmh.com.au%20%22Moses%20Suli%22%20salary%20contract%20NRL","https://www.google.com/search?q=site%3Adragons.com.au%20%22Moses%20Suli%22%20contract"
"sti","St George Illawarra Dragons","Valentine Holmes","Centre","backup_baseline","reported_exact","42","https://www.google.com/search?q=%22Valentine%20Holmes%22%20%22St%20George%20Illawarra%20Dragons%22%20salary%20contract%20worth%20deal%20extension%20NRL","https://www.google.com/search?q=site%3Adailytelegraph.com.au%20%22Valentine%20Holmes%22%20salary%20contract%20NRL","https://www.google.com/search?q=site%3Asmh.com.au%20%22Valentine%20Holmes%22%20salary%20contract%20NRL","https://www.google.com/search?q=site%3Adragons.com.au%20%22Valentine%20Holmes%22%20contract"
"sti","St George Illawarra Dragons","Setu Tu","Winger","backup_baseline","reported_exact","42","https://www.google.com/search?q=%22Setu%20Tu%22%20%22St%20George%20Illawarra%20Dragons%22%20salary%20contract%20worth%20deal%20extension%20NRL","https://www.google.com/search?q=site%3Adailytelegraph.com.au%20%22Setu%20Tu%22%20salary%20contract%20NRL","https://www.google.com/search?q=site%3Asmh.com.au%20%22Setu%20Tu%22%20salary%20contract%20NRL","https://www.google.com/search?q=site%3Adragons.com.au%20%22Setu%20Tu%22%20contract"
"sti","St George Illawarra Dragons","Kyle Flanagan","Five-Eighth","backup_baseline","reported_exact","42","https://www.google.com/search?q=%22Kyle%20Flanagan%22%20%22St%20George%20Illawarra%20Dragons%22%20salary%20contract%20worth%20deal%20extension%20NRL","https://www.google.com/search?q=site%3Adailytelegraph.com.au%20%22Kyle%20Flanagan%22%20salary%20contract%20NRL","https://www.google.com/search?q=site%3Asmh.com.au%20%22Kyle%20Flanagan%22%20salary%20contract%20NRL","https://www.google.com/search?q=site%3Adragons.com.au%20%22Kyle%20Flanagan%22%20contract"
"sti","St George Illawarra Dragons","Daniel Atkinson","Halfback","backup_baseline","reported_exact","42","https://www.google.com/search?q=%22Daniel%20Atkinson%22%20%22St%20George%20Illawarra%20Dragons%22%20salary%20contract%20worth%20deal%20extension%20NRL","https://www.google.com/search?q=site%3Adailytelegraph.com.au%20%22Daniel%20Atkinson%22%20salary%20contract%20NRL","https://www.google.com/search?q=site%3Asmh.com.au%20%22Daniel%20Atkinson%22%20salary%20contract%20NRL","https://www.google.com/search?q=site%3Adragons.com.au%20%22Daniel%20Atkinson%22%20contract"
"sti","St George Illawarra Dragons","Emre Guler","Prop","backup_baseline","reported_exact","42","https://www.google.com/search?q=%22Emre%20Guler%22%20%22St%20George%20Illawarra%20Dragons%22%20salary%20contract%20worth%20deal%20extension%20NRL","https://www.google.com/search?q=site%3Adailytelegraph.com.au%20%22Emre%20Guler%22%20salary%20contract%20NRL","https://www.google.com/search?q=site%3Asmh.com.au%20%22Emre%20Guler%22%20salary%20contract%20NRL","https://www.google.com/search?q=site%3Adragons.com.au%20%22Emre%20Guler%22%20contract"
"sti","St George Illawarra Dragons","Damien Cook","Hooker","backup_baseline","reported_exact","42","https://www.google.com/search?q=%22Damien%20Cook%22%20%22St%20George%20Illawarra%20Dragons%22%20salary%20contract%20worth%20deal%20extension%20NRL","https://www.google.com/search?q=site%3Adailytelegraph.com.au%20%22Damien%20Cook%22%20salary%20contract%20NRL","https://www.google.com/search?q=site%3Asmh.com.au%20%22Damien%20Cook%22%20salary%20contract%20NRL","https://www.google.com/search?q=site%3Adragons.com.au%20%22Damien%20Cook%22%20contract"
"sti","St George Illawarra Dragons","Toby Couchman","Prop","backup_baseline","reported_exact","42","https://www.google.com/search?q=%22Toby%20Couchman%22%20%22St%20George%20Illawarra%20Dragons%22%20salary%20contract%20worth%20deal%20extension%20NRL","https://www.google.com/search?q=site%3Adailytelegraph.com.au%20%22Toby%20Couchman%22%20salary%20contract%20NRL","https://www.google.com/search?q=site%3Asmh.com.au%20%22Toby%20Couchman%22%20salary%20contract%20NRL","https://www.google.com/search?q=site%3Adragons.com.au%20%22Toby%20Couchman%22%20contract"
"sti","St George Illawarra Dragons","Luciano Leilua","2nd Row","backup_baseline","reported_exact","42","https://www.google.com/search?q=%22Luciano%20Leilua%22%20%22St%20George%20Illawarra%20Dragons%22%20salary%20contract%20worth%20deal%20extension%20NRL","https://www.google.com/search?q=site%3Adailytelegraph.com.au%20%22Luciano%20Leilua%22%20salary%20contract%20NRL","https://www.google.com/search?q=site%3Asmh.com.au%20%22Luciano%20Leilua%22%20salary%20contract%20NRL","https://www.google.com/search?q=site%3Adragons.com.au%20%22Luciano%20Leilua%22%20contract"
"sti","St George Illawarra Dragons","Jaydn Su'A","2nd Row","backup_baseline","reported_exact","42","https://www.google.com/search?q=%22Jaydn%20Su'A%22%20%22St%20George%20Illawarra%20Dragons%22%20salary%20contract%20worth%20deal%20extension%20NRL","https://www.google.com/search?q=site%3Adailytelegraph.com.au%20%22Jaydn%20Su'A%22%20salary%20contract%20NRL","https://www.google.com/search?q=site%3Asmh.com.au%20%22Jaydn%20Su'A%22%20salary%20contract%20NRL","https://www.google.com/search?q=site%3Adragons.com.au%20%22Jaydn%20Su'A%22%20contract"
"sti","St George Illawarra Dragons","Hamish Stewart","Lock","backup_baseline","reported_exact","42","https://www.google.com/search?q=%22Hamish%20Stewart%22%20%22St%20George%20Illawarra%20Dragons%22%20salary%20contract%20worth%20deal%20extension%20NRL","https://www.google.com/search?q=site%3Adailytelegraph.com.au%20%22Hamish%20Stewart%22%20salary%20contract%20NRL","https://www.google.com/search?q=site%3Asmh.com.au%20%22Hamish%20Stewart%22%20salary%20contract%20NRL","https://www.google.com/search?q=site%3Adragons.com.au%20%22Hamish%20Stewart%22%20contract"
"sti","St George Illawarra Dragons","Jacob Liddle","Interchange","backup_baseline","reported_exact","42","https://www.google.com/search?q=%22Jacob%20Liddle%22%20%22St%20George%20Illawarra%20Dragons%22%20salary%20contract%20worth%20deal%20extension%20NRL","https://www.google.com/search?q=site%3Adailytelegraph.com.au%20%22Jacob%20Liddle%22%20salary%20contract%20NRL","https://www.google.com/search?q=site%3Asmh.com.au%20%22Jacob%20Liddle%22%20salary%20contract%20NRL","https://www.google.com/search?q=site%3Adragons.com.au%20%22Jacob%20Liddle%22%20contract"
"sti","St George Illawarra Dragons","Josh Kerr","Interchange","backup_baseline","reported_exact","42","https://www.google.com/search?q=%22Josh%20Kerr%22%20%22St%20George%20Illawarra%20Dragons%22%20salary%20contract%20worth%20deal%20extension%20NRL","https://www.google.com/search?q=site%3Adailytelegraph.com.au%20%22Josh%20Kerr%22%20salary%20contract%20NRL","https://www.google.com/search?q=site%3Asmh.com.au%20%22Josh%20Kerr%22%20salary%20contract%20NRL","https://www.google.com/search?q=site%3Adragons.com.au%20%22Josh%20Kerr%22%20contract"
"sti","St George Illawarra Dragons","Dylan Egan","Interchange","backup_baseline","reported_exact","42","https://www.google.com/search?q=%22Dylan%20Egan%22%20%22St%20George%20Illawarra%20Dragons%22%20salary%20contract%20worth%20deal%20extension%20NRL","https://www.google.com/search?q=site%3Adailytelegraph.com.au%20%22Dylan%20Egan%22%20salary%20contract%20NRL","https://www.google.com/search?q=site%3Asmh.com.au%20%22Dylan%20Egan%22%20salary%20contract%20NRL","https://www.google.com/search?q=site%3Adragons.com.au%20%22Dylan%20Egan%22%20contract"
"sti","St George Illawarra Dragons","Ryan Couchman","Interchange","backup_baseline","reported_exact","42","https://www.google.com/search?q=%22Ryan%20Couchman%22%20%22St%20George%20Illawarra%20Dragons%22%20salary%20contract%20worth%20deal%20extension%20NRL","https://www.google.com/search?q=site%3Adailytelegraph.com.au%20%22Ryan%20Couchman%22%20salary%20contract%20NRL","https://www.google.com/search?q=site%3Asmh.com.au%20%22Ryan%20Couchman%22%20salary%20contract%20NRL","https://www.google.com/search?q=site%3Adragons.com.au%20%22Ryan%20Couchman%22%20contract"
"sti","St George Illawarra Dragons","Hame Sele","Unknown","bucket_unknown","unknown","22","https://www.google.com/search?q=%22Hame%20Sele%22%20%22St%20George%20Illawarra%20Dragons%22%20salary%20contract%20worth%20deal%20extension%20NRL","https://www.google.com/search?q=site%3Adailytelegraph.com.au%20%22Hame%20Sele%22%20salary%20contract%20NRL","https://www.google.com/search?q=site%3Asmh.com.au%20%22Hame%20Sele%22%20salary%20contract%20NRL","https://www.google.com/search?q=site%3Adragons.com.au%20%22Hame%20Sele%22%20contract"
"sti","St George Illawarra Dragons","Mat Feagai","Unknown","bucket_unknown","unknown","22","https://www.google.com/search?q=%22Mat%20Feagai%22%20%22St%20George%20Illawarra%20Dragons%22%20salary%20contract%20worth%20deal%20extension%20NRL","https://www.google.com/search?q=site%3Adailytelegraph.com.au%20%22Mat%20Feagai%22%20salary%20contract%20NRL","https://www.google.com/search?q=site%3Asmh.com.au%20%22Mat%20Feagai%22%20salary%20contract%20NRL","https://www.google.com/search?q=site%3Adragons.com.au%20%22Mat%20Feagai%22%20contract"
"sti","St George Illawarra Dragons","Lyhkan King-Togia","Unknown","bucket_unknown","unknown","22","https://www.google.com/search?q=%22Lyhkan%20King-Togia%22%20%22St%20George%20Illawarra%20Dragons%22%20salary%20contract%20worth%20deal%20extension%20NRL","https://www.google.com/search?q=site%3Adailytelegraph.com.au%20%22Lyhkan%20King-Togia%22%20salary%20contract%20NRL","https://www.google.com/search?q=site%3Asmh.com.au%20%22Lyhkan%20King-Togia%22%20salary%20contract%20NRL","https://www.google.com/search?q=site%3Adragons.com.au%20%22Lyhkan%20King-Togia%22%20contract"
"sti","St George Illawarra Dragons","Loko Pasifiki-Tonga","Unknown","bucket_unknown","unknown","22","https://www.google.com/search?q=%22Loko%20Pasifiki-Tonga%22%20%22St%20George%20Illawarra%20Dragons%22%20salary%20contract%20worth%20deal%20extension%20NRL","https://www.google.com/search?q=site%3Adailytelegraph.com.au%20%22Loko%20Pasifiki-Tonga%22%20salary%20contract%20NRL","https://www.google.com/search?q=site%3Asmh.com.au%20%22Loko%20Pasifiki-Tonga%22%20salary%20contract%20NRL","https://www.google.com/search?q=site%3Adragons.com.au%20%22Loko%20Pasifiki-Tonga%22%20contract"
"sti","St George Illawarra Dragons","Tyrell Sloan","Unknown","bucket_unknown","unknown","22","https://www.google.com/search?q=%22Tyrell%20Sloan%22%20%22St%20George%20Illawarra%20Dragons%22%20salary%20contract%20worth%20deal%20extension%20NRL","https://www.google.com/search?q=site%3Adailytelegraph.com.au%20%22Tyrell%20Sloan%22%20salary%20contract%20NRL","https://www.google.com/search?q=site%3Asmh.com.au%20%22Tyrell%20Sloan%22%20salary%20contract%20NRL","https://www.google.com/search?q=site%3Adragons.com.au%20%22Tyrell%20Sloan%22%20contract"
"sti","St George Illawarra Dragons","David Fale","Unknown","bucket_unknown","unknown","22","https://www.google.com/search?q=%22David%20Fale%22%20%22St%20George%20Illawarra%20Dragons%22%20salary%20contract%20worth%20deal%20extension%20NRL","https://www.google.com/search?q=site%3Adailytelegraph.com.au%20%22David%20Fale%22%20salary%20contract%20NRL","https://www.google.com/search?q=site%3Asmh.com.au%20%22David%20Fale%22%20salary%20contract%20NRL","https://www.google.com/search?q=site%3Adragons.com.au%20%22David%20Fale%22%20contract"
"sti","St George Illawarra Dragons","Blake Lawrie","Unknown","bucket_unknown","unknown","22","https://www.google.com/search?q=%22Blake%20Lawrie%22%20%22St%20George%20Illawarra%20Dragons%22%20salary%20contract%20worth%20deal%20extension%20NRL","https://www.google.com/search?q=site%3Adailytelegraph.com.au%20%22Blake%20Lawrie%22%20salary%20contract%20NRL","https://www.google.com/search?q=site%3Asmh.com.au%20%22Blake%20Lawrie%22%20salary%20contract%20NRL","https://www.google.com/search?q=site%3Adragons.com.au%20%22Blake%20Lawrie%22%20contract"
"sti","St George Illawarra Dragons","Hayden Buchanan","Unknown","bucket_unknown","unknown","22","https://www.google.com/search?q=%22Hayden%20Buchanan%22%20%22St%20George%20Illawarra%20Dragons%22%20salary%20contract%20worth%20deal%20extension%20NRL","https://www.google.com/search?q=site%3Adailytelegraph.com.au%20%22Hayden%20Buchanan%22%20salary%20contract%20NRL","https://www.google.com/search?q=site%3Asmh.com.au%20%22Hayden%20Buchanan%22%20salary%20contract%20NRL","https://www.google.com/search?q=site%3Adragons.com.au%20%22Hayden%20Buchanan%22%20contract"
"sti","St George Illawarra Dragons","Jacob Halangahu","Unknown","bucket_unknown","unknown","22","https://www.google.com/search?q=%22Jacob%20Halangahu%22%20%22St%20George%20Illawarra%20Dragons%22%20salary%20contract%20worth%20deal%20extension%20NRL","https://www.google.com/search?q=site%3Adailytelegraph.com.au%20%22Jacob%20Halangahu%22%20salary%20contract%20NRL","https://www.google.com/search?q=site%3Asmh.com.au%20%22Jacob%20Halangahu%22%20salary%20contract%20NRL","https://www.google.com/search?q=site%3Adragons.com.au%20%22Jacob%20Halangahu%22%20contract"
"sti","St George Illawarra Dragons","Leeroy Weatherall","Unknown","bucket_unknown","unknown","22","https://www.google.com/search?q=%22Leeroy%20Weatherall%22%20%22St%20George%20Illawarra%20Dragons%22%20salary%20contract%20worth%20deal%20extension%20NRL","https://www.google.com/search?q=site%3Adailytelegraph.com.au%20%22Leeroy%20Weatherall%22%20salary%20contract%20NRL","https://www.google.com/search?q=site%3Asmh.com.au%20%22Leeroy%20Weatherall%22%20salary%20contract%20NRL","https://www.google.com/search?q=site%3Adragons.com.au%20%22Leeroy%20Weatherall%22%20contract"
"sti","St George Illawarra Dragons","Nathan Lawson","Unknown","bucket_unknown","unknown","22","https://www.google.com/search?q=%22Nathan%20Lawson%22%20%22St%20George%20Illawarra%20Dragons%22%20salary%20contract%20worth%20deal%20extension%20NRL","https://www.google.com/search?q=site%3Adailytelegraph.com.au%20%22Nathan%20Lawson%22%20salary%20contract%20NRL","https://www.google.com/search?q=site%3Asmh.com.au%20%22Nathan%20Lawson%22%20salary%20contract%20NRL","https://www.google.com/search?q=site%3Adragons.com.au%20%22Nathan%20Lawson%22%20contract"
"sti","St George Illawarra Dragons","Nick Tsougranis","Unknown","bucket_unknown","unknown","22","https://www.google.com/search?q=%22Nick%20Tsougranis%22%20%22St%20George%20Illawarra%20Dragons%22%20salary%20contract%20worth%20deal%20extension%20NRL","https://www.google.com/search?q=site%3Adailytelegraph.com.au%20%22Nick%20Tsougranis%22%20salary%20contract%20NRL","https://www.google.com/search?q=site%3Asmh.com.au%20%22Nick%20Tsougranis%22%20salary%20contract%20NRL","https://www.google.com/search?q=site%3Adragons.com.au%20%22Nick%20Tsougranis%22%20contract"
"syd","Sydney Roosters","James Tedesco","Fullback","backup_baseline","reported_exact","42","https://www.google.com/search?q=%22James%20Tedesco%22%20%22Sydney%20Roosters%22%20salary%20contract%20worth%20deal%20extension%20NRL","https://www.google.com/search?q=site%3Adailytelegraph.com.au%20%22James%20Tedesco%22%20salary%20contract%20NRL","https://www.google.com/search?q=site%3Asmh.com.au%20%22James%20Tedesco%22%20salary%20contract%20NRL","https://www.google.com/search?q=site%3Aroosters.com.au%20%22James%20Tedesco%22%20contract"
"syd","Sydney Roosters","Daniel Tupou","Winger","backup_baseline","reported_exact","42","https://www.google.com/search?q=%22Daniel%20Tupou%22%20%22Sydney%20Roosters%22%20salary%20contract%20worth%20deal%20extension%20NRL","https://www.google.com/search?q=site%3Adailytelegraph.com.au%20%22Daniel%20Tupou%22%20salary%20contract%20NRL","https://www.google.com/search?q=site%3Asmh.com.au%20%22Daniel%20Tupou%22%20salary%20contract%20NRL","https://www.google.com/search?q=site%3Aroosters.com.au%20%22Daniel%20Tupou%22%20contract"
"syd","Sydney Roosters","Billy Smith","Centre","backup_baseline","reported_exact","42","https://www.google.com/search?q=%22Billy%20Smith%22%20%22Sydney%20Roosters%22%20salary%20contract%20worth%20deal%20extension%20NRL","https://www.google.com/search?q=site%3Adailytelegraph.com.au%20%22Billy%20Smith%22%20salary%20contract%20NRL","https://www.google.com/search?q=site%3Asmh.com.au%20%22Billy%20Smith%22%20salary%20contract%20NRL","https://www.google.com/search?q=site%3Aroosters.com.au%20%22Billy%20Smith%22%20contract"
"syd","Sydney Roosters","Robert Toia","Centre","backup_baseline","reported_exact","42","https://www.google.com/search?q=%22Robert%20Toia%22%20%22Sydney%20Roosters%22%20salary%20contract%20worth%20deal%20extension%20NRL","https://www.google.com/search?q=site%3Adailytelegraph.com.au%20%22Robert%20Toia%22%20salary%20contract%20NRL","https://www.google.com/search?q=site%3Asmh.com.au%20%22Robert%20Toia%22%20salary%20contract%20NRL","https://www.google.com/search?q=site%3Aroosters.com.au%20%22Robert%20Toia%22%20contract"
"syd","Sydney Roosters","Mark Nawaqanitawase","Winger","backup_baseline","reported_exact","42","https://www.google.com/search?q=%22Mark%20Nawaqanitawase%22%20%22Sydney%20Roosters%22%20salary%20contract%20worth%20deal%20extension%20NRL","https://www.google.com/search?q=site%3Adailytelegraph.com.au%20%22Mark%20Nawaqanitawase%22%20salary%20contract%20NRL","https://www.google.com/search?q=site%3Asmh.com.au%20%22Mark%20Nawaqanitawase%22%20salary%20contract%20NRL","https://www.google.com/search?q=site%3Aroosters.com.au%20%22Mark%20Nawaqanitawase%22%20contract"
"syd","Sydney Roosters","Daly Cherry-Evans","Five-Eighth","backup_baseline","reported_exact","42","https://www.google.com/search?q=%22Daly%20Cherry-Evans%22%20%22Sydney%20Roosters%22%20salary%20contract%20worth%20deal%20extension%20NRL","https://www.google.com/search?q=site%3Adailytelegraph.com.au%20%22Daly%20Cherry-Evans%22%20salary%20contract%20NRL","https://www.google.com/search?q=site%3Asmh.com.au%20%22Daly%20Cherry-Evans%22%20salary%20contract%20NRL","https://www.google.com/search?q=site%3Aroosters.com.au%20%22Daly%20Cherry-Evans%22%20contract"
"syd","Sydney Roosters","Sam Walker","Halfback","backup_baseline","reported_exact","42","https://www.google.com/search?q=%22Sam%20Walker%22%20%22Sydney%20Roosters%22%20salary%20contract%20worth%20deal%20extension%20NRL","https://www.google.com/search?q=site%3Adailytelegraph.com.au%20%22Sam%20Walker%22%20salary%20contract%20NRL","https://www.google.com/search?q=site%3Asmh.com.au%20%22Sam%20Walker%22%20salary%20contract%20NRL","https://www.google.com/search?q=site%3Aroosters.com.au%20%22Sam%20Walker%22%20contract"
"syd","Sydney Roosters","Naufahu Whyte","Prop","backup_baseline","reported_exact","42","https://www.google.com/search?q=%22Naufahu%20Whyte%22%20%22Sydney%20Roosters%22%20salary%20contract%20worth%20deal%20extension%20NRL","https://www.google.com/search?q=site%3Adailytelegraph.com.au%20%22Naufahu%20Whyte%22%20salary%20contract%20NRL","https://www.google.com/search?q=site%3Asmh.com.au%20%22Naufahu%20Whyte%22%20salary%20contract%20NRL","https://www.google.com/search?q=site%3Aroosters.com.au%20%22Naufahu%20Whyte%22%20contract"
"syd","Sydney Roosters","Reece Robson","Hooker","backup_baseline","reported_exact","42","https://www.google.com/search?q=%22Reece%20Robson%22%20%22Sydney%20Roosters%22%20salary%20contract%20worth%20deal%20extension%20NRL","https://www.google.com/search?q=site%3Adailytelegraph.com.au%20%22Reece%20Robson%22%20salary%20contract%20NRL","https://www.google.com/search?q=site%3Asmh.com.au%20%22Reece%20Robson%22%20salary%20contract%20NRL","https://www.google.com/search?q=site%3Aroosters.com.au%20%22Reece%20Robson%22%20contract"
"syd","Sydney Roosters","Lindsay Collins","Prop","backup_baseline","reported_exact","42","https://www.google.com/search?q=%22Lindsay%20Collins%22%20%22Sydney%20Roosters%22%20salary%20contract%20worth%20deal%20extension%20NRL","https://www.google.com/search?q=site%3Adailytelegraph.com.au%20%22Lindsay%20Collins%22%20salary%20contract%20NRL","https://www.google.com/search?q=site%3Asmh.com.au%20%22Lindsay%20Collins%22%20salary%20contract%20NRL","https://www.google.com/search?q=site%3Aroosters.com.au%20%22Lindsay%20Collins%22%20contract"
"syd","Sydney Roosters","Angus Crichton","2nd Row","backup_baseline","reported_exact","42","https://www.google.com/search?q=%22Angus%20Crichton%22%20%22Sydney%20Roosters%22%20salary%20contract%20worth%20deal%20extension%20NRL","https://www.google.com/search?q=site%3Adailytelegraph.com.au%20%22Angus%20Crichton%22%20salary%20contract%20NRL","https://www.google.com/search?q=site%3Asmh.com.au%20%22Angus%20Crichton%22%20salary%20contract%20NRL","https://www.google.com/search?q=site%3Aroosters.com.au%20%22Angus%20Crichton%22%20contract"
"syd","Sydney Roosters","Siua Wong","2nd Row","backup_baseline","reported_exact","42","https://www.google.com/search?q=%22Siua%20Wong%22%20%22Sydney%20Roosters%22%20salary%20contract%20worth%20deal%20extension%20NRL","https://www.google.com/search?q=site%3Adailytelegraph.com.au%20%22Siua%20Wong%22%20salary%20contract%20NRL","https://www.google.com/search?q=site%3Asmh.com.au%20%22Siua%20Wong%22%20salary%20contract%20NRL","https://www.google.com/search?q=site%3Aroosters.com.au%20%22Siua%20Wong%22%20contract"
"syd","Sydney Roosters","Victor Radley","Lock","backup_baseline","reported_exact","42","https://www.google.com/search?q=%22Victor%20Radley%22%20%22Sydney%20Roosters%22%20salary%20contract%20worth%20deal%20extension%20NRL","https://www.google.com/search?q=site%3Adailytelegraph.com.au%20%22Victor%20Radley%22%20salary%20contract%20NRL","https://www.google.com/search?q=site%3Asmh.com.au%20%22Victor%20Radley%22%20salary%20contract%20NRL","https://www.google.com/search?q=site%3Aroosters.com.au%20%22Victor%20Radley%22%20contract"
"syd","Sydney Roosters","Connor Watson","Interchange","backup_baseline","reported_exact","42","https://www.google.com/search?q=%22Connor%20Watson%22%20%22Sydney%20Roosters%22%20salary%20contract%20worth%20deal%20extension%20NRL","https://www.google.com/search?q=site%3Adailytelegraph.com.au%20%22Connor%20Watson%22%20salary%20contract%20NRL","https://www.google.com/search?q=site%3Asmh.com.au%20%22Connor%20Watson%22%20salary%20contract%20NRL","https://www.google.com/search?q=site%3Aroosters.com.au%20%22Connor%20Watson%22%20contract"
"syd","Sydney Roosters","Egan Butcher","Interchange","backup_baseline","reported_exact","42","https://www.google.com/search?q=%22Egan%20Butcher%22%20%22Sydney%20Roosters%22%20salary%20contract%20worth%20deal%20extension%20NRL","https://www.google.com/search?q=site%3Adailytelegraph.com.au%20%22Egan%20Butcher%22%20salary%20contract%20NRL","https://www.google.com/search?q=site%3Asmh.com.au%20%22Egan%20Butcher%22%20salary%20contract%20NRL","https://www.google.com/search?q=site%3Aroosters.com.au%20%22Egan%20Butcher%22%20contract"
"syd","Sydney Roosters","Spencer Leniu","Interchange","backup_baseline","reported_exact","42","https://www.google.com/search?q=%22Spencer%20Leniu%22%20%22Sydney%20Roosters%22%20salary%20contract%20worth%20deal%20extension%20NRL","https://www.google.com/search?q=site%3Adailytelegraph.com.au%20%22Spencer%20Leniu%22%20salary%20contract%20NRL","https://www.google.com/search?q=site%3Asmh.com.au%20%22Spencer%20Leniu%22%20salary%20contract%20NRL","https://www.google.com/search?q=site%3Aroosters.com.au%20%22Spencer%20Leniu%22%20contract"
"syd","Sydney Roosters","Nat Butcher","Interchange","backup_baseline","reported_exact","42","https://www.google.com/search?q=%22Nat%20Butcher%22%20%22Sydney%20Roosters%22%20salary%20contract%20worth%20deal%20extension%20NRL","https://www.google.com/search?q=site%3Adailytelegraph.com.au%20%22Nat%20Butcher%22%20salary%20contract%20NRL","https://www.google.com/search?q=site%3Asmh.com.au%20%22Nat%20Butcher%22%20salary%20contract%20NRL","https://www.google.com/search?q=site%3Aroosters.com.au%20%22Nat%20Butcher%22%20contract"
"syd","Sydney Roosters","Benaiah Ioelu","Unknown","bucket_unknown","unknown","22","https://www.google.com/search?q=%22Benaiah%20Ioelu%22%20%22Sydney%20Roosters%22%20salary%20contract%20worth%20deal%20extension%20NRL","https://www.google.com/search?q=site%3Adailytelegraph.com.au%20%22Benaiah%20Ioelu%22%20salary%20contract%20NRL","https://www.google.com/search?q=site%3Asmh.com.au%20%22Benaiah%20Ioelu%22%20salary%20contract%20NRL","https://www.google.com/search?q=site%3Aroosters.com.au%20%22Benaiah%20Ioelu%22%20contract"
"syd","Sydney Roosters","Blake Steep","Unknown","bucket_unknown","unknown","22","https://www.google.com/search?q=%22Blake%20Steep%22%20%22Sydney%20Roosters%22%20salary%20contract%20worth%20deal%20extension%20NRL","https://www.google.com/search?q=site%3Adailytelegraph.com.au%20%22Blake%20Steep%22%20salary%20contract%20NRL","https://www.google.com/search?q=site%3Asmh.com.au%20%22Blake%20Steep%22%20salary%20contract%20NRL","https://www.google.com/search?q=site%3Aroosters.com.au%20%22Blake%20Steep%22%20contract"
"syd","Sydney Roosters","Cody Ramsey","Unknown","bucket_unknown","unknown","22","https://www.google.com/search?q=%22Cody%20Ramsey%22%20%22Sydney%20Roosters%22%20salary%20contract%20worth%20deal%20extension%20NRL","https://www.google.com/search?q=site%3Adailytelegraph.com.au%20%22Cody%20Ramsey%22%20salary%20contract%20NRL","https://www.google.com/search?q=site%3Asmh.com.au%20%22Cody%20Ramsey%22%20salary%20contract%20NRL","https://www.google.com/search?q=site%3Aroosters.com.au%20%22Cody%20Ramsey%22%20contract"
"syd","Sydney Roosters","De La Salle Va’a","Unknown","bucket_unknown","unknown","22","https://www.google.com/search?q=%22De%20La%20Salle%20Va%E2%80%99a%22%20%22Sydney%20Roosters%22%20salary%20contract%20worth%20deal%20extension%20NRL","https://www.google.com/search?q=site%3Adailytelegraph.com.au%20%22De%20La%20Salle%20Va%E2%80%99a%22%20salary%20contract%20NRL","https://www.google.com/search?q=site%3Asmh.com.au%20%22De%20La%20Salle%20Va%E2%80%99a%22%20salary%20contract%20NRL","https://www.google.com/search?q=site%3Aroosters.com.au%20%22De%20La%20Salle%20Va%E2%80%99a%22%20contract"
"syd","Sydney Roosters","Junior Pauga","Unknown","bucket_unknown","unknown","22","https://www.google.com/search?q=%22Junior%20Pauga%22%20%22Sydney%20Roosters%22%20salary%20contract%20worth%20deal%20extension%20NRL","https://www.google.com/search?q=site%3Adailytelegraph.com.au%20%22Junior%20Pauga%22%20salary%20contract%20NRL","https://www.google.com/search?q=site%3Asmh.com.au%20%22Junior%20Pauga%22%20salary%20contract%20NRL","https://www.google.com/search?q=site%3Aroosters.com.au%20%22Junior%20Pauga%22%20contract"
"syd","Sydney Roosters","Hugo Savala","Unknown","bucket_unknown","unknown","22","https://www.google.com/search?q=%22Hugo%20Savala%22%20%22Sydney%20Roosters%22%20salary%20contract%20worth%20deal%20extension%20NRL","https://www.google.com/search?q=site%3Adailytelegraph.com.au%20%22Hugo%20Savala%22%20salary%20contract%20NRL","https://www.google.com/search?q=site%3Asmh.com.au%20%22Hugo%20Savala%22%20salary%20contract%20NRL","https://www.google.com/search?q=site%3Aroosters.com.au%20%22Hugo%20Savala%22%20contract"
"syd","Sydney Roosters","Jake Elliott","Unknown","bucket_unknown","unknown","22","https://www.google.com/search?q=%22Jake%20Elliott%22%20%22Sydney%20Roosters%22%20salary%20contract%20worth%20deal%20extension%20NRL","https://www.google.com/search?q=site%3Adailytelegraph.com.au%20%22Jake%20Elliott%22%20salary%20contract%20NRL","https://www.google.com/search?q=site%3Asmh.com.au%20%22Jake%20Elliott%22%20salary%20contract%20NRL","https://www.google.com/search?q=site%3Aroosters.com.au%20%22Jake%20Elliott%22%20contract"
"syd","Sydney Roosters","Salesi Foketi","Unknown","bucket_unknown","unknown","22","https://www.google.com/search?q=%22Salesi%20Foketi%22%20%22Sydney%20Roosters%22%20salary%20contract%20worth%20deal%20extension%20NRL","https://www.google.com/search?q=site%3Adailytelegraph.com.au%20%22Salesi%20Foketi%22%20salary%20contract%20NRL","https://www.google.com/search?q=site%3Asmh.com.au%20%22Salesi%20Foketi%22%20salary%20contract%20NRL","https://www.google.com/search?q=site%3Aroosters.com.au%20%22Salesi%20Foketi%22%20contract"
"syd","Sydney Roosters","Taylor Losalu","Unknown","bucket_unknown","unknown","22","https://www.google.com/search?q=%22Taylor%20Losalu%22%20%22Sydney%20Roosters%22%20salary%20contract%20worth%20deal%20extension%20NRL","https://www.google.com/search?q=site%3Adailytelegraph.com.au%20%22Taylor%20Losalu%22%20salary%20contract%20NRL","https://www.google.com/search?q=site%3Asmh.com.au%20%22Taylor%20Losalu%22%20salary%20contract%20NRL","https://www.google.com/search?q=site%3Aroosters.com.au%20%22Taylor%20Losalu%22%20contract"
"syd","Sydney Roosters","Toby Rodwell","Unknown","bucket_unknown","unknown","22","https://www.google.com/search?q=%22Toby%20Rodwell%22%20%22Sydney%20Roosters%22%20salary%20contract%20worth%20deal%20extension%20NRL","https://www.google.com/search?q=site%3Adailytelegraph.com.au%20%22Toby%20Rodwell%22%20salary%20contract%20NRL","https://www.google.com/search?q=site%3Asmh.com.au%20%22Toby%20Rodwell%22%20salary%20contract%20NRL","https://www.google.com/search?q=site%3Aroosters.com.au%20%22Toby%20Rodwell%22%20contract"
"syd","Sydney Roosters","Tommy Talau","Unknown","bucket_unknown","unknown","22","https://www.google.com/search?q=%22Tommy%20Talau%22%20%22Sydney%20Roosters%22%20salary%20contract%20worth%20deal%20extension%20NRL","https://www.google.com/search?q=site%3Adailytelegraph.com.au%20%22Tommy%20Talau%22%20salary%20contract%20NRL","https://www.google.com/search?q=site%3Asmh.com.au%20%22Tommy%20Talau%22%20salary%20contract%20NRL","https://www.google.com/search?q=site%3Aroosters.com.au%20%22Tommy%20Talau%22%20contract"
"wst","Wests Tigers","Adam Doueihi","Centre","backup_baseline","reported_exact","42","https://www.google.com/search?q=%22Adam%20Doueihi%22%20%22Wests%20Tigers%22%20salary%20contract%20worth%20deal%20extension%20NRL","https://www.google.com/search?q=site%3Adailytelegraph.com.au%20%22Adam%20Doueihi%22%20salary%20contract%20NRL","https://www.google.com/search?q=site%3Asmh.com.au%20%22Adam%20Doueihi%22%20salary%20contract%20NRL","https://www.google.com/search?q=site%3Aweststigers.com.au%20%22Adam%20Doueihi%22%20contract"
"wst","Wests Tigers","Alex Twal","Prop","backup_baseline","reported_exact","42","https://www.google.com/search?q=%22Alex%20Twal%22%20%22Wests%20Tigers%22%20salary%20contract%20worth%20deal%20extension%20NRL","https://www.google.com/search?q=site%3Adailytelegraph.com.au%20%22Alex%20Twal%22%20salary%20contract%20NRL","https://www.google.com/search?q=site%3Asmh.com.au%20%22Alex%20Twal%22%20salary%20contract%20NRL","https://www.google.com/search?q=site%3Aweststigers.com.au%20%22Alex%20Twal%22%20contract"
"wst","Wests Tigers","Alex Seyfarth","2nd Row","backup_baseline","reported_exact","42","https://www.google.com/search?q=%22Alex%20Seyfarth%22%20%22Wests%20Tigers%22%20salary%20contract%20worth%20deal%20extension%20NRL","https://www.google.com/search?q=site%3Adailytelegraph.com.au%20%22Alex%20Seyfarth%22%20salary%20contract%20NRL","https://www.google.com/search?q=site%3Asmh.com.au%20%22Alex%20Seyfarth%22%20salary%20contract%20NRL","https://www.google.com/search?q=site%3Aweststigers.com.au%20%22Alex%20Seyfarth%22%20contract"
"wst","Wests Tigers","Apisai Koroisau","Hooker","cross_referenced_baseline","reported_exact","62","https://www.google.com/search?q=%22Apisai%20Koroisau%22%20%22Wests%20Tigers%22%20salary%20contract%20worth%20deal%20extension%20NRL","https://www.google.com/search?q=site%3Adailytelegraph.com.au%20%22Apisai%20Koroisau%22%20salary%20contract%20NRL","https://www.google.com/search?q=site%3Asmh.com.au%20%22Apisai%20Koroisau%22%20salary%20contract%20NRL","https://www.google.com/search?q=site%3Aweststigers.com.au%20%22Apisai%20Koroisau%22%20contract"
"wst","Wests Tigers","Bunty Afoa","Prop","open_unknown","unknown","10","https://www.google.com/search?q=%22Bunty%20Afoa%22%20%22Wests%20Tigers%22%20salary%20contract%20worth%20deal%20extension%20NRL","https://www.google.com/search?q=site%3Adailytelegraph.com.au%20%22Bunty%20Afoa%22%20salary%20contract%20NRL","https://www.google.com/search?q=site%3Asmh.com.au%20%22Bunty%20Afoa%22%20salary%20contract%20NRL","https://www.google.com/search?q=site%3Aweststigers.com.au%20%22Bunty%20Afoa%22%20contract"
"wst","Wests Tigers","Fonua Pole","Prop","backup_baseline","reported_exact","42","https://www.google.com/search?q=%22Fonua%20Pole%22%20%22Wests%20Tigers%22%20salary%20contract%20worth%20deal%20extension%20NRL","https://www.google.com/search?q=site%3Adailytelegraph.com.au%20%22Fonua%20Pole%22%20salary%20contract%20NRL","https://www.google.com/search?q=site%3Asmh.com.au%20%22Fonua%20Pole%22%20salary%20contract%20NRL","https://www.google.com/search?q=site%3Aweststigers.com.au%20%22Fonua%20Pole%22%20contract"
"wst","Wests Tigers","Heamasi Makasini","Centre","cross_referenced_baseline","reported_exact","62","https://www.google.com/search?q=%22Heamasi%20Makasini%22%20%22Wests%20Tigers%22%20salary%20contract%20worth%20deal%20extension%20NRL","https://www.google.com/search?q=site%3Adailytelegraph.com.au%20%22Heamasi%20Makasini%22%20salary%20contract%20NRL","https://www.google.com/search?q=site%3Asmh.com.au%20%22Heamasi%20Makasini%22%20salary%20contract%20NRL","https://www.google.com/search?q=site%3Aweststigers.com.au%20%22Heamasi%20Makasini%22%20contract"
"wst","Wests Tigers","Heath Mason","Fullback","open_unknown","unknown","10","https://www.google.com/search?q=%22Heath%20Mason%22%20%22Wests%20Tigers%22%20salary%20contract%20worth%20deal%20extension%20NRL","https://www.google.com/search?q=site%3Adailytelegraph.com.au%20%22Heath%20Mason%22%20salary%20contract%20NRL","https://www.google.com/search?q=site%3Asmh.com.au%20%22Heath%20Mason%22%20salary%20contract%20NRL","https://www.google.com/search?q=site%3Aweststigers.com.au%20%22Heath%20Mason%22%20contract"
"wst","Wests Tigers","Jahream Bula","Fullback","cross_referenced_baseline","reported_exact","62","https://www.google.com/search?q=%22Jahream%20Bula%22%20%22Wests%20Tigers%22%20salary%20contract%20worth%20deal%20extension%20NRL","https://www.google.com/search?q=site%3Adailytelegraph.com.au%20%22Jahream%20Bula%22%20salary%20contract%20NRL","https://www.google.com/search?q=site%3Asmh.com.au%20%22Jahream%20Bula%22%20salary%20contract%20NRL","https://www.google.com/search?q=site%3Aweststigers.com.au%20%22Jahream%20Bula%22%20contract"
"wst","Wests Tigers","Jarome Luai","Halfback","cross_referenced_baseline","reported_exact","62","https://www.google.com/search?q=%22Jarome%20Luai%22%20%22Wests%20Tigers%22%20salary%20contract%20worth%20deal%20extension%20NRL","https://www.google.com/search?q=site%3Adailytelegraph.com.au%20%22Jarome%20Luai%22%20salary%20contract%20NRL","https://www.google.com/search?q=site%3Asmh.com.au%20%22Jarome%20Luai%22%20salary%20contract%20NRL","https://www.google.com/search?q=site%3Aweststigers.com.au%20%22Jarome%20Luai%22%20contract"
"wst","Wests Tigers","Javon Andrews","Five-Eighth","open_unknown","unknown","10","https://www.google.com/search?q=%22Javon%20Andrews%22%20%22Wests%20Tigers%22%20salary%20contract%20worth%20deal%20extension%20NRL","https://www.google.com/search?q=site%3Adailytelegraph.com.au%20%22Javon%20Andrews%22%20salary%20contract%20NRL","https://www.google.com/search?q=site%3Asmh.com.au%20%22Javon%20Andrews%22%20salary%20contract%20NRL","https://www.google.com/search?q=site%3Aweststigers.com.au%20%22Javon%20Andrews%22%20contract"
"wst","Wests Tigers","Jeral Skelton","Winger","bucket_unknown","unknown","18","https://www.google.com/search?q=%22Jeral%20Skelton%22%20%22Wests%20Tigers%22%20salary%20contract%20worth%20deal%20extension%20NRL","https://www.google.com/search?q=site%3Adailytelegraph.com.au%20%22Jeral%20Skelton%22%20salary%20contract%20NRL","https://www.google.com/search?q=site%3Asmh.com.au%20%22Jeral%20Skelton%22%20salary%20contract%20NRL","https://www.google.com/search?q=site%3Aweststigers.com.au%20%22Jeral%20Skelton%22%20contract"
"wst","Wests Tigers","Jock Madden","Halfback","backup_baseline","reported_exact","42","https://www.google.com/search?q=%22Jock%20Madden%22%20%22Wests%20Tigers%22%20salary%20contract%20worth%20deal%20extension%20NRL","https://www.google.com/search?q=site%3Adailytelegraph.com.au%20%22Jock%20Madden%22%20salary%20contract%20NRL","https://www.google.com/search?q=site%3Asmh.com.au%20%22Jock%20Madden%22%20salary%20contract%20NRL","https://www.google.com/search?q=site%3Aweststigers.com.au%20%22Jock%20Madden%22%20contract"
"wst","Wests Tigers","Kai Pearce-Paul","2nd Row","cross_referenced_baseline","reported_exact","62","https://www.google.com/search?q=%22Kai%20Pearce-Paul%22%20%22Wests%20Tigers%22%20salary%20contract%20worth%20deal%20extension%20NRL","https://www.google.com/search?q=site%3Adailytelegraph.com.au%20%22Kai%20Pearce-Paul%22%20salary%20contract%20NRL","https://www.google.com/search?q=site%3Asmh.com.au%20%22Kai%20Pearce-Paul%22%20salary%20contract%20NRL","https://www.google.com/search?q=site%3Aweststigers.com.au%20%22Kai%20Pearce-Paul%22%20contract"
"wst","Wests Tigers","Kit Laulilii","Lock","open_unknown","unknown","10","https://www.google.com/search?q=%22Kit%20Laulilii%22%20%22Wests%20Tigers%22%20salary%20contract%20worth%20deal%20extension%20NRL","https://www.google.com/search?q=site%3Adailytelegraph.com.au%20%22Kit%20Laulilii%22%20salary%20contract%20NRL","https://www.google.com/search?q=site%3Asmh.com.au%20%22Kit%20Laulilii%22%20salary%20contract%20NRL","https://www.google.com/search?q=site%3Aweststigers.com.au%20%22Kit%20Laulilii%22%20contract"
"wst","Wests Tigers","Latu Fainu","Five-Eighth","bucket_unknown","unknown","18","https://www.google.com/search?q=%22Latu%20Fainu%22%20%22Wests%20Tigers%22%20salary%20contract%20worth%20deal%20extension%20NRL","https://www.google.com/search?q=site%3Adailytelegraph.com.au%20%22Latu%20Fainu%22%20salary%20contract%20NRL","https://www.google.com/search?q=site%3Asmh.com.au%20%22Latu%20Fainu%22%20salary%20contract%20NRL","https://www.google.com/search?q=site%3Aweststigers.com.au%20%22Latu%20Fainu%22%20contract"
"wst","Wests Tigers","Mavrik Geyer","2nd Row","open_unknown","unknown","10","https://www.google.com/search?q=%22Mavrik%20Geyer%22%20%22Wests%20Tigers%22%20salary%20contract%20worth%20deal%20extension%20NRL","https://www.google.com/search?q=site%3Adailytelegraph.com.au%20%22Mavrik%20Geyer%22%20salary%20contract%20NRL","https://www.google.com/search?q=site%3Asmh.com.au%20%22Mavrik%20Geyer%22%20salary%20contract%20NRL","https://www.google.com/search?q=site%3Aweststigers.com.au%20%22Mavrik%20Geyer%22%20contract"
"wst","Wests Tigers","Patrick Herbert","Centre","open_unknown","unknown","10","https://www.google.com/search?q=%22Patrick%20Herbert%22%20%22Wests%20Tigers%22%20salary%20contract%20worth%20deal%20extension%20NRL","https://www.google.com/search?q=site%3Adailytelegraph.com.au%20%22Patrick%20Herbert%22%20salary%20contract%20NRL","https://www.google.com/search?q=site%3Asmh.com.au%20%22Patrick%20Herbert%22%20salary%20contract%20NRL","https://www.google.com/search?q=site%3Aweststigers.com.au%20%22Patrick%20Herbert%22%20contract"
"wst","Wests Tigers","Royce Hunt","Prop","backup_baseline","reported_exact","42","https://www.google.com/search?q=%22Royce%20Hunt%22%20%22Wests%20Tigers%22%20salary%20contract%20worth%20deal%20extension%20NRL","https://www.google.com/search?q=site%3Adailytelegraph.com.au%20%22Royce%20Hunt%22%20salary%20contract%20NRL","https://www.google.com/search?q=site%3Asmh.com.au%20%22Royce%20Hunt%22%20salary%20contract%20NRL","https://www.google.com/search?q=site%3Aweststigers.com.au%20%22Royce%20Hunt%22%20contract"
"wst","Wests Tigers","Samuela Fainu","2nd Row","cross_referenced_baseline","reported_exact","62","https://www.google.com/search?q=%22Samuela%20Fainu%22%20%22Wests%20Tigers%22%20salary%20contract%20worth%20deal%20extension%20NRL","https://www.google.com/search?q=site%3Adailytelegraph.com.au%20%22Samuela%20Fainu%22%20salary%20contract%20NRL","https://www.google.com/search?q=site%3Asmh.com.au%20%22Samuela%20Fainu%22%20salary%20contract%20NRL","https://www.google.com/search?q=site%3Aweststigers.com.au%20%22Samuela%20Fainu%22%20contract"
"wst","Wests Tigers","Sione Fainu","Prop","cross_referenced_baseline","reported_exact","62","https://www.google.com/search?q=%22Sione%20Fainu%22%20%22Wests%20Tigers%22%20salary%20contract%20worth%20deal%20extension%20NRL","https://www.google.com/search?q=site%3Adailytelegraph.com.au%20%22Sione%20Fainu%22%20salary%20contract%20NRL","https://www.google.com/search?q=site%3Asmh.com.au%20%22Sione%20Fainu%22%20salary%20contract%20NRL","https://www.google.com/search?q=site%3Aweststigers.com.au%20%22Sione%20Fainu%22%20contract"
"wst","Wests Tigers","Solomone Saukuru","Centre","open_unknown","unknown","10","https://www.google.com/search?q=%22Solomone%20Saukuru%22%20%22Wests%20Tigers%22%20salary%20contract%20worth%20deal%20extension%20NRL","https://www.google.com/search?q=site%3Adailytelegraph.com.au%20%22Solomone%20Saukuru%22%20salary%20contract%20NRL","https://www.google.com/search?q=site%3Asmh.com.au%20%22Solomone%20Saukuru%22%20salary%20contract%20NRL","https://www.google.com/search?q=site%3Aweststigers.com.au%20%22Solomone%20Saukuru%22%20contract"
"wst","Wests Tigers","Starford To'a","Centre","backup_baseline","reported_exact","42","https://www.google.com/search?q=%22Starford%20To'a%22%20%22Wests%20Tigers%22%20salary%20contract%20worth%20deal%20extension%20NRL","https://www.google.com/search?q=site%3Adailytelegraph.com.au%20%22Starford%20To'a%22%20salary%20contract%20NRL","https://www.google.com/search?q=site%3Asmh.com.au%20%22Starford%20To'a%22%20salary%20contract%20NRL","https://www.google.com/search?q=site%3Aweststigers.com.au%20%22Starford%20To'a%22%20contract"
"wst","Wests Tigers","Sunia Turuva","Winger","backup_baseline","reported_exact","42","https://www.google.com/search?q=%22Sunia%20Turuva%22%20%22Wests%20Tigers%22%20salary%20contract%20worth%20deal%20extension%20NRL","https://www.google.com/search?q=site%3Adailytelegraph.com.au%20%22Sunia%20Turuva%22%20salary%20contract%20NRL","https://www.google.com/search?q=site%3Asmh.com.au%20%22Sunia%20Turuva%22%20salary%20contract%20NRL","https://www.google.com/search?q=site%3Aweststigers.com.au%20%22Sunia%20Turuva%22%20contract"
"wst","Wests Tigers","Taylan May","Centre","backup_baseline","reported_exact","42","https://www.google.com/search?q=%22Taylan%20May%22%20%22Wests%20Tigers%22%20salary%20contract%20worth%20deal%20extension%20NRL","https://www.google.com/search?q=site%3Adailytelegraph.com.au%20%22Taylan%20May%22%20salary%20contract%20NRL","https://www.google.com/search?q=site%3Asmh.com.au%20%22Taylan%20May%22%20salary%20contract%20NRL","https://www.google.com/search?q=site%3Aweststigers.com.au%20%22Taylan%20May%22%20contract"
"wst","Wests Tigers","Terrell May","Prop","cross_referenced_baseline","reported_exact","62","https://www.google.com/search?q=%22Terrell%20May%22%20%22Wests%20Tigers%22%20salary%20contract%20worth%20deal%20extension%20NRL","https://www.google.com/search?q=site%3Adailytelegraph.com.au%20%22Terrell%20May%22%20salary%20contract%20NRL","https://www.google.com/search?q=site%3Asmh.com.au%20%22Terrell%20May%22%20salary%20contract%20NRL","https://www.google.com/search?q=site%3Aweststigers.com.au%20%22Terrell%20May%22%20contract"
"wst","Wests Tigers","Tony Sukkar","2nd Row","open_unknown","unknown","10","https://www.google.com/search?q=%22Tony%20Sukkar%22%20%22Wests%20Tigers%22%20salary%20contract%20worth%20deal%20extension%20NRL","https://www.google.com/search?q=site%3Adailytelegraph.com.au%20%22Tony%20Sukkar%22%20salary%20contract%20NRL","https://www.google.com/search?q=site%3Asmh.com.au%20%22Tony%20Sukkar%22%20salary%20contract%20NRL","https://www.google.com/search?q=site%3Aweststigers.com.au%20%22Tony%20Sukkar%22%20contract"
"wst","Wests Tigers","Tristan Hope","Hooker","open_unknown","unknown","10","https://www.google.com/search?q=%22Tristan%20Hope%22%20%22Wests%20Tigers%22%20salary%20contract%20worth%20deal%20extension%20NRL","https://www.google.com/search?q=site%3Adailytelegraph.com.au%20%22Tristan%20Hope%22%20salary%20contract%20NRL","https://www.google.com/search?q=site%3Asmh.com.au%20%22Tristan%20Hope%22%20salary%20contract%20NRL","https://www.google.com/search?q=site%3Aweststigers.com.au%20%22Tristan%20Hope%22%20contract"
"wst","Wests Tigers","Faaletino Tavana","Fullback","open_unknown","unknown","10","https://www.google.com/search?q=%22Faaletino%20Tavana%22%20%22Wests%20Tigers%22%20salary%20contract%20worth%20deal%20extension%20NRL","https://www.google.com/search?q=site%3Adailytelegraph.com.au%20%22Faaletino%20Tavana%22%20salary%20contract%20NRL","https://www.google.com/search?q=site%3Asmh.com.au%20%22Faaletino%20Tavana%22%20salary%20contract%20NRL","https://www.google.com/search?q=site%3Aweststigers.com.au%20%22Faaletino%20Tavana%22%20contract"
"wst","Wests Tigers","William Craig","Winger","open_unknown","unknown","10","https://www.google.com/search?q=%22William%20Craig%22%20%22Wests%20Tigers%22%20salary%20contract%20worth%20deal%20extension%20NRL","https://www.google.com/search?q=site%3Adailytelegraph.com.au%20%22William%20Craig%22%20salary%20contract%20NRL","https://www.google.com/search?q=site%3Asmh.com.au%20%22William%20Craig%22%20salary%20contract%20NRL","https://www.google.com/search?q=site%3Aweststigers.com.au%20%22William%20Craig%22%20contract"
