"teamId","teamName","player","position","candidateRank","articleUse","domain","officialClubSource","supplementalSearchSource","zeroTackleProfileSource","signals","providers","publishedAt","title","url","snippet"
"bri","Brisbane Broncos","Reece Walsh","Fullback","1","player_specific_salary_candidate","7news.com.au","false","false","false","money|contract_or_salary_language|signing_language|term_language","bing-news-rss","Wed, 30 Oct 2024 08:39:00 GMT","Reece Walsh signs monster new Brisbane Broncos contract until 2029","https://7news.com.au/sport/rugby-league/reece-walsh-signs-monster-new-brisbane-broncos-contract-until-2029-c-16589716","Reece Walsh has signed a massive contract extension to stick with the Brisbane Broncos until the end of 2029. Already locked in for next year on a $500,000 deal, he is now set to earn well over $1 ..."
"bri","Brisbane Broncos","Reece Walsh","Fullback","2","player_specific_contract_candidate","7news.com.au","false","false","false","contract_or_salary_language","bing-news-rss","Mon, 23 Sep 2024 08:54:00 GMT","Broncos superstar Reece Walsh agrees to multi-million dollar contract extension","https://7news.com.au/sport/rugby-league/broncos-superstar-reece-walsh-agrees-to-multi-million-dollar-contract-extension-c-16162034","It is thought Walsh's new contract will make him second-highest paid player in the competition behind Newcastle Knights star Kalyn Ponga. Walsh is only 22 years old and Broncos ..."
"bri","Brisbane Broncos","Reece Walsh","Fullback","3","player_specific_profile_candidate","theaustralian.com.au","false","false","false","","bing-news-rss","Thu, 25 Jun 2026 21:46:00 GMT","Brisbane Broncos stars reveal crisis talks in team pact to save season","https://www.theaustralian.com.au/sport/nrl/brisbane-broncos-stars-reveal-crisis-talks-in-team-pact-to-save-season/news-story/8b58639d0862c0f140b6903ba52e146a","Brisbane coach Michael Maguire has backed superstar fullback Reece Walsh to launch another late-season title assault as Broncos stars held crisis talks in a bid to save their season."
"bri","Brisbane Broncos","Reece Walsh","Fullback","4","player_specific_contract_candidate","zerotackle.com","false","false","true","contract_or_signing_language|contract_table","zerotackle-direct-player-profile","","Reece Walsh (Brisbane Broncos) - NRL Stats, News, Contract &amp; Player Profile - Zero Tackle","https://www.zerotackle.com/players/reece-walsh/","Player Contracts Player Contracts Team 2026 2027 2028 2029 2030 Brisbane Broncos $800K $800K $800K $800K Stats 2026 Stats Round Opp P T G MINS AR ARM LB LBA TA OL TK MT TB KM 40/20 PE ER TOTALS 13 28 5 4 863 175 1527 4 9 6 8 60 7 61 2245 1 8 25 1 0 0 0 80 13 84 1 0 0 2 3 1 3 87 0 0 3 2 8 2 0 80 15 222 1 0 0 1 5 1 7 241 0 1 3 3 6 0 3 80 11 90 0 1 1 0 8 1 1 277 1 1 1 4 4 1 0 80 19 182 1 0 1 1 6 0 11 347 0 1 3 5 6 1 1 3"
"bri","Brisbane Broncos","Grant Anderson","Winger","1","player_specific_contract_candidate","rnz.co.nz","false","false","false","contract_or_salary_language|term_length_language","bing-news-rss","Thu, 16 Apr 2026 14:18:00 GMT","NRL: NZ Warriors sign Grant Anderson in Brisbane Broncos exchange for Mitch Barnett","https://www.rnz.co.nz/news/sport/592595/nrl-nz-warriors-sign-grant-anderson-in-brisbane-broncos-exchange-for-mitch-barnett","NZ Warriors have completed a rumoured player exchange with Brisbane Broncos, receiving outside back Grant Anderson on a three-year contract from next season. The deal compensates the Auckland NRL club ..."
"bri","Brisbane Broncos","Grant Anderson","Winger","2","player_specific_contract_candidate","broncos.com.au","true","false","false","contract_or_signing_language|term_language|term_length_language","official-club-signings-topic","2026-04-16T08:00:00+00:00","Barnett Signs with Broncos as Club Supports Anderson Release","https://www.broncos.com.au/news/2026/04/16/barnett-signs-with-broncos-as-club-supports-anderson-release/","Title: Barnett Signs with Broncos as Club Supports Anderson Release URL Source: https://www.broncos.com.au/news/2026/04/16/barnett-signs-with-broncos-as-club-supports-anderson-release/ Published Time: 2026-04-16T08:00:00+00:00 Markdown Content: [Skip to main content](https://www.broncos.com.au/news/2026/04/16/barnett-signs-with-broncos-as-club-supports-anderson-release/#main-content) ## Main [![Image 3: broncos logo](https://www.broncos.com.au/Recycle-Bin/broncos-badge-light.svg)![Image 4: broncos logo](https://www.broncos.com.au/globalassets/.lookups/themes/broncos-text.svg)](https://www.broncos.com.au/) [](https://www.broncos.com.au/search/) * [News](https://www.broncos.com.au/news/) * [NR"
"bri","Brisbane Broncos","Grant Anderson","Winger","3","player_specific_contract_candidate","zerotackle.com","false","false","true","contract_or_signing_language|contract_table","zerotackle-direct-player-profile","","Grant Anderson (Brisbane Broncos) - NRL Stats, News, Contract &amp; Player Profile - Zero Tackle","https://www.zerotackle.com/players/grant-anderson/","Player Contracts Player Contracts Team 2026 2027 2028 2029 2030 Brisbane Broncos ✔ New Zealand Warriors $400K $400K $400K Stats 2026 Stats Round Opp P T G MINS AR ARM LB LBA TA OL TK MT TB KM 40/20 PE ER TOTALS 9 8 2 0 423 87 699 1 5 1 4 55 10 9 0 0 3 7 1 0 0 0 0 0 0 0 0 0 0 0 0 0 0 0 0 0 2 0 0 0 0 0 0 0 0 0 0 0 0 0 0 0 0 0 3 0 0 0 80 19 163 0 0 0 0 3 3 2 0 0 0 2 4 0 0 0 23 6 40 0 0 0 0 2 1 1 0 0 0 1 13 0 0 0 0 0 0 0"
"bri","Brisbane Broncos","Kotoni Staggs","Centre","1","player_specific_contract_candidate","geelongadvertiser.com.au","false","false","false","contract_or_salary_language|signing_language","bing-news-rss","Sun, 09 Aug 2020 08:42:00 GMT","Saint, Sinner, Shoosh: Kotoni Staggs wants to join Broncos exodus; Alex Johnston in rival sights","https://www.geelongadvertiser.com.au/sport/nrl/saint-sinner-shoosh-kotoni-staggs-wants-to-join-broncos-exodus-paul-mcgregor-dragons-future/news-story/4da3d1f9dc35dac2b87987c04e98079e","Centre Kotoni Staggs is under contract until the end of next season but can negotiate and sign with rival clubs from November. Staggs is regarded by many as a future Blues State of Origin and ..."
"bri","Brisbane Broncos","Kotoni Staggs","Centre","2","player_specific_profile_candidate","geelongadvertiser.com.au","false","false","false","","bing-news-rss","Wed, 27 May 2026 01:24:00 GMT","NRL 2021: Jordan Riki, Kotoni Staggs headline Broncos' retention priorities","https://www.geelongadvertiser.com.au/sport/nrl/nrl-2021-jordan-riki-kotoni-staggs-headline-broncos-retention-priorities/news-story/d3a69e5f731b514c88b3917b80e3576f","The Sunday Mail can reveal Brisbane have opened talks with Riki's management as the 106kg hulk prepares to fill the back-row void left by Titans recruit David Fifita in Friday night's season opener ..."
"bri","Brisbane Broncos","Kotoni Staggs","Centre","3","player_specific_profile_candidate","themercury.com.au","false","false","false","","bing-news-rss","Fri, 08 May 2026 03:35:00 GMT","NRL 2021: Jordan Riki, Kotoni Staggs headline Broncos' retention priorities","https://www.themercury.com.au/sport/nrl/nrl-2021-jordan-riki-kotoni-staggs-headline-broncos-retention-priorities/news-story/d3a69e5f731b514c88b3917b80e3576f","The Sunday Mail can reveal Brisbane have opened talks with Riki's management as the 106kg hulk prepares to fill the back-row void left by Titans recruit David Fifita in Friday night's season opener ..."
"bri","Brisbane Broncos","Kotoni Staggs","Centre","4","player_specific_contract_candidate","zerotackle.com","false","false","true","contract_or_signing_language|contract_table","zerotackle-direct-player-profile","","Kotoni Staggs (Brisbane Broncos) - NRL Stats, News, Contract &amp; Player Profile - Zero Tackle","https://www.zerotackle.com/players/kotoni-staggs/","Player Contracts Player Contracts Team 2026 2027 2028 2029 2030 Brisbane Broncos ✔ ✔ ✔ Stats 2026 Stats Round Opp P T G MINS AR ARM LB LBA TA OL TK MT TB KM 40/20 PE ER TOTALS 15 34 8 1 1180 197 1812 5 6 3 13 246 21 51 110 0 11 20 1 0 0 0 80 12 100 0 0 0 2 16 1 1 0 0 2 2 2 8 2 0 80 10 126 0 0 0 0 10 0 4 24 0 2 1 3 4 1 0 80 12 119 1 1 1 0 18 2 3 31 0 1 2 4 8 2 0 80 17 203 1 0 0 0 15 0 7 16 0 1 1 5 2 0 1 80 14 99 0 1 1"
"bri","Brisbane Broncos","Gehamat Shibasaki","Centre","1","player_specific_salary_candidate","au.sports.yahoo.com","false","false","false","money|contract_or_salary_language","bing-news-rss","Fri, 26 Jun 2026 19:55:00 GMT","Perth Bears table $1 million deal to Broncos off-contract centre","https://au.sports.yahoo.com/perth-bears-table-1-million-025505590.html","Gehamat Shibasaki's time at the Brisbane Broncos appears all but over. The Courier Mail reported on Saturday morning that the newest NRL expansion side, the Perth Bears, has tabled a lucrative offer ..."
"bri","Brisbane Broncos","Gehamat Shibasaki","Centre","2","player_specific_contract_candidate","goldcoastbulletin.com.au","false","false","false","contract_or_salary_language|signing_language","bing-news-rss","Fri, 08 May 2026 10:22:00 GMT","Gehamat Shibasaki may fall victim to Broncos salary cap squeeze after latest offer falls short","https://www.goldcoastbulletin.com.au/sport/nrl/gehamat-shibasaki-may-fall-victim-to-broncos-salary-cap-squeeze-after-latest-offer-falls-short/news-story/2d9a60be0cd66cc591fafd90e353d7a5","This masthead understands Shibasaki is resigned to leaving the Broncos at season's end unless Brisbane can up the ante in the face of more lucrative offers from NRL rivals. The off-contract Shibasaki ..."
"bri","Brisbane Broncos","Gehamat Shibasaki","Centre","3","player_specific_contract_candidate","au.sports.yahoo.com","false","false","false","contract_or_salary_language","bing-news-rss","Sat, 23 May 2026 17:01:00 GMT","Shibasaki's future at Broncos uncertain following contract dispute","https://au.sports.yahoo.com/shibasaki-future-broncos-uncertain-following-233648022.html","Gehamat Shibasaki is currently facing a contract dispute with the Brisbane Broncos over an extension following a breakout year in 2025, which saw him rejuvenate his NRL career. Shibasaki has been ..."
"bri","Brisbane Broncos","Gehamat Shibasaki","Centre","4","player_specific_contract_candidate","thechronicle.com.au","false","false","false","contract_or_salary_language|signing_language","bing-news-rss","Fri, 08 May 2026 10:22:00 GMT","Gehamat Shibasaki may fall victim to Broncos salary cap squeeze after latest offer falls short","https://www.thechronicle.com.au/sport/nrl/gehamat-shibasaki-may-fall-victim-to-broncos-salary-cap-squeeze-after-latest-offer-falls-short/news-story/2d9a60be0cd66cc591fafd90e353d7a5","This masthead understands Shibasaki is resigned to leaving the Broncos at season's end unless Brisbane can up the ante in the face of more lucrative offers from NRL rivals. The off-contract Shibasaki ..."
"bri","Brisbane Broncos","Gehamat Shibasaki","Centre","5","player_specific_profile_candidate","au.news.yahoo.com","false","false","false","money|contract_or_salary_language","bing-news-rss","Wed, 08 Apr 2026 17:00:00 GMT","Storm 'interested' in signing Broncos star after playmaker inks $3m deal with rival NRL club","https://au.news.yahoo.com/blow-for-melbourne-storm-after-star-playmaker-signs-3-million-contract-with-rival-nrl-club-002739521.html","Add Yahoo as a preferred source to see more of our stories on Google. The Melbourne Storm have reportedly turned their attention to Broncos centre Gehamat Shibasaki after missing out on Cowboys young ..."
"bri","Brisbane Broncos","Gehamat Shibasaki","Centre","6","player_specific_profile_candidate","couriermail.com.au","false","false","false","","bing-news-rss","Sun, 05 Jul 2026 02:13:00 GMT","The Tackle | Proof Brisbane grand final hero Gehamat Shibasaki has one foot out the door at Red Hill","https://www.couriermail.com.au/sport/nrl/the-tackle-dean-young-makes-bold-pitch-for-dragons-head-coach-job-after-360-day-first/news-story/90e7cf221461b1f7518bdeedbf48af19","If Parramatta fail to land an experienced playmaker to partner Mitchell Moses in 2027, it could be a decision the club is left to regret. Dylan Walker stole the show at CommBank Stadium. Picture: NRL ..."
"bri","Brisbane Broncos","Gehamat Shibasaki","Centre","7","player_specific_profile_candidate","news.com.au","false","false","false","","bing-news-rss","Mon, 01 Jun 2026 08:46:00 GMT","Queensland and Brisbane Broncos pair Pat Carrigan and Gehamat Shibasaki ruled out of Origin 2","https://www.news.com.au/sport/nrl/state-of-origin/queensland-and-brisbane-broncos-pair-pat-carrigan-and-gehamat-shibasaki-ruled-out-of-origin-2/news-story/f5d9241e464e3f4851b2400be839d775","The pair were both hurt in action for the Brisbane Broncos on Sunday, who lost 30-26 to St George Illawarra Dragons for the third time in a row. Watch every game of every round of the NRL Premiership ..."
"bri","Brisbane Broncos","Gehamat Shibasaki","Centre","8","player_specific_profile_candidate","nrl.com","false","false","false","","bing-news-rss","Wed, 20 May 2026 17:00:00 GMT","'Be ready for anything': Shibasaki vows to lift for Maroons","https://www.nrl.com/news/2026/05/22/be-ready-for-anything-shibasaki-vows-to-lift-for-maroons/","A little over two months ago, Gehamat Shibasaki would have thought the chances of him adding a second State of Origin appearance to his tally were slim. After a whirlwind 2025 in which he debuted in ..."
"bri","Brisbane Broncos","Gehamat Shibasaki","Centre","9","player_specific_contract_candidate","zerotackle.com","false","false","true","contract_or_signing_language|contract_table","zerotackle-direct-player-profile","","Gehamat Shibasaki (Brisbane Broncos) - NRL Stats, News, Contract &amp; Player Profile - Zero Tackle","https://www.zerotackle.com/players/gehamat-shibasaki/","Player Contracts Player Contracts Team 2026 2027 2028 2029 2030 Brisbane Broncos ? Stats 2026 Stats Round Opp P T G MINS AR ARM LB LBA TA OL TK MT TB KM 40/20 PE ER TOTALS 14 12 3 0 930 163 1266 2 0 0 0 127 25 20 0 0 5 12 1 0 0 0 80 11 80 0 0 0 0 13 2 2 0 0 0 2 2 0 0 0 80 10 93 0 0 0 0 8 5 1 0 0 1 0 3 0 0 0 0 0 0 0 0 0 0 0 0 0 0 0 0 0 4 4 1 0 57 9 78 0 0 0 0 13 1 2 0 0 0 0 5 4 1 0 80 16 166 0 0 0 0 8 4 2 0 0 0 2 6 0 "
"bri","Brisbane Broncos","Deine Mariner","Winger","1","player_specific_contract_candidate","zerotackle.com","false","false","true","contract_or_signing_language|contract_table","zerotackle-direct-player-profile","","Deine Mariner (Brisbane Broncos) - NRL Stats, News, Contract &amp; Player Profile - Zero Tackle","https://www.zerotackle.com/players/deine-mariner/","Player Contracts Player Contracts Team 2026 2027 2028 2029 2030 Brisbane Broncos ✔ ✔ Stats 2026 Stats Round Opp P T G MINS AR ARM LB LBA TA OL TK MT TB KM 40/20 PE ER TOTALS 10 12 3 0 769 128 1416 7 0 1 1 60 10 38 26 0 6 12 1 0 0 0 80 13 125 0 0 0 0 3 0 4 0 0 1 2 2 0 0 0 80 7 89 0 0 0 0 6 0 3 0 0 0 1 3 0 0 0 80 15 151 0 0 0 0 17 1 5 0 0 0 2 4 0 0 0 80 16 217 1 0 0 0 5 3 6 0 0 0 1 5 0 0 0 80 18 171 0 0 0 0 1 0 7 0 0 1"
"bri","Brisbane Broncos","Ezra Mam","Five-Eighth","1","player_specific_profile_candidate","geelongadvertiser.com.au","false","false","false","contract_or_salary_language|term_length_language","bing-news-rss","Thu, 04 Jun 2026 07:48:00 GMT","Tom Duffy set to sign two-year extension with the Broncos as he auditions for permanent starting spot","https://www.geelongadvertiser.com.au/sport/nrl/tom-duffy-set-to-sign-twoyear-extension-with-the-broncos-as-he-auditions-for-permanent-starting-spot/news-story/2fc6588c46013e6ada7887aef730a11a","Ezra Mam's shock axing as five-eighth has opened the door for Tom Duffy to wear the No.6 jumper. Now Duffy is set to celebrate a new contract as he prepares to audition for a permanent starting role."
"bri","Brisbane Broncos","Ezra Mam","Five-Eighth","2","player_specific_contract_candidate","zerotackle.com","false","false","true","contract_or_signing_language|contract_table","zerotackle-direct-player-profile","","Ezra Mam (Brisbane Broncos) - NRL Stats, News, Contract &amp; Player Profile - Zero Tackle","https://www.zerotackle.com/players/ezra-mam/","Player Contracts Player Contracts Team 2026 2027 2028 2029 2030 Brisbane Broncos $750K $750K $750K $750K Stats 2026 Stats Round Opp P T G MINS AR ARM LB LBA TA OL TK MT TB KM 40/20 PE ER TOTALS 15 12 3 0 986 122 1168 6 7 9 3 246 61 27 479 0 3 16 1 0 0 0 50 9 82 0 0 0 0 16 3 1 0 0 0 0 2 0 0 0 80 9 90 1 0 1 0 22 4 3 47 0 1 2 3 0 0 0 80 12 90 0 0 0 0 23 6 4 10 0 0 2 4 0 0 0 80 9 82 0 2 1 1 20 7 0 49 0 1 2 5 4 1 0 80 13 "
"bri","Brisbane Broncos","Adam Reynolds","Halfback","1","player_specific_salary_candidate","themercury.com.au","false","false","false","money","bing-news-rss","Fri, 17 Apr 2026 05:00:00 GMT","Inside the failed $1.5m heist plan to lure Adam Reynolds to the Tigers","https://www.themercury.com.au/sport/nrl/inside-the-failed-15m-heist-plan-to-lure-adam-reynolds-to-the-tigers/news-story/214d10ad1c9222894ffca37e0225970a","Reynolds has been cleared of a groin injury and is hellbent on halting the high-flying Tigers as he prepares to face the club that tried to sign him in Saturday night's clash at Campbelltown. But if ..."
"bri","Brisbane Broncos","Adam Reynolds","Halfback","2","player_specific_contract_candidate","news.com.au","false","false","false","term_length_language","bing-news-rss","Thu, 14 May 2026 18:55:00 GMT","Adam Reynolds confirms he'll retire in double blow for Broncos after Payne Haas announces defection to Souths","https://www.news.com.au/sport/nrl/adam-reynolds-confirms-hell-retire-in-double-blow-for-broncos-after-payne-haas-announces-defection-to-souths/news-story/76810f864d7f439569c7b49983b6be2a","The news comes just a day after it broke that powerhouse prop Payne Haas will head to South Sydney next year. The 35-year-old halfback made the announcement at the club's season launch on Monday, with ..."
"bri","Brisbane Broncos","Adam Reynolds","Halfback","3","player_specific_contract_candidate","themercury.com.au","false","false","false","contract_or_salary_language","bing-news-rss","Sat, 03 Apr 2021 10:28:00 GMT","NRL 2021: Adam Reynolds contract, Rabbitohs lead calls for salary cap revamp","https://www.themercury.com.au/sport/nrl/nrl-2021-adam-reynolds-contract-rabbitohs-lead-calls-for-salary-cap-revamp/news-story/4ad2423dd5dda60c202351b0361c2d55","As the Rabbitohs prepare to sit down with Adam Reynolds to sort out his future, the club has called for greater salary cap concessions for producing long-term players. Reynolds and the Rabbitohs have ..."
"bri","Brisbane Broncos","Adam Reynolds","Halfback","4","player_specific_contract_candidate","themercury.com.au","false","false","false","contract_or_salary_language","bing-news-rss","Thu, 13 May 2021 05:42:00 GMT","Broncos announce confirmation of Adam Reynolds contract","https://www.themercury.com.au/sport/nrl/broncos-announce-confirmation-of-adam-reynolds-contract/news-story/91bf6e1f719f64bb0f3f9728fcf4a2c1","The NRL's biggest club was in desperate need of some welcome recruitment news after a nightmare 12 months where the club has lost David Fifita, Reece Walsh and Tom Dearden — and they finally got it on ..."
"bri","Brisbane Broncos","Adam Reynolds","Halfback","5","player_specific_contract_candidate","themercury.com.au","false","false","false","contract_or_salary_language","bing-news-rss","Wed, 07 Apr 2021 14:06:00 GMT","NRL 2021: Adam Reynolds hits the market as talks over new deal with Souths fall flat","https://www.themercury.com.au/sport/nrl-2021-dday-arrives-for-rabbitohs-on-adam-reynolds-as-josh-mansour-sympathises-with-teammate/news-story/c0569c9ab30d7a566101f536114eda56","With the Rabbitohs sticking to their guns over the length of a new deal for Adam Reynolds, the halfback has officially hit the market and 'all options are on the table'. It comes as incoming Rabbitohs ..."
"bri","Brisbane Broncos","Adam Reynolds","Halfback","6","player_specific_profile_candidate","smh.com.au","false","false","false","","bing-news-rss","Mon, 09 Feb 2026 10:18:00 GMT","Did Payne Haas really fall out with Michael Maguire? Adam Reynolds says no","https://www.smh.com.au/sport/nrl/did-payne-haas-really-fall-out-with-michael-maguire-adam-reynolds-says-no-20260209-p5o0mi.html","You have reached your maximum number of saved items. Remove items from your saved list to add more. Retiring captain Adam Reynolds admitted Brisbane players had been completely blindsided by the news ..."
"bri","Brisbane Broncos","Adam Reynolds","Halfback","7","player_specific_contract_candidate","zerotackle.com","false","false","true","contract_or_signing_language|contract_table","zerotackle-direct-player-profile","","Adam Reynolds (Brisbane Broncos) - NRL Stats, News, Contract &amp; Player Profile - Zero Tackle","https://www.zerotackle.com/players/adam-reynolds/","Player Contracts Player Contracts Team 2026 2027 2028 2029 2030 Brisbane Broncos ✔ Stats 2026 Stats Round Opp P T G MINS AR ARM LB LBA TA OL TK MT TB KM 40/20 PE ER TOTALS 11 72 3 29 764 71 538 1 3 5 1 167 30 10 4015 0 3 10 1 0 0 0 80 5 29 0 0 0 0 20 6 0 248 0 0 1 2 12 0 6 74 10 87 1 1 2 0 11 1 5 278 0 0 2 4 10 1 3 80 15 93 0 0 0 0 19 7 2 376 0 0 0 5 2 0 1 25 3 32 0 0 0 1 8 1 0 93 0 0 0 7 9 0 4 80 4 30 0 1 2 0 10 1 0"
"bri","Brisbane Broncos","Corey Jensen","Prop","1","player_specific_contract_candidate","msn.com","false","false","false","contract_or_salary_language","bing-news-rss","Wed, 01 Jul 2026 18:56:13 GMT","Ben Te Kura leaves Brisbane Broncos for NFL dream as Corey Jensen faces uncertain future","https://www.msn.com/en-au/sport/other/ben-te-kura-leaves-brisbane-broncos-for-nfl-dream-as-corey-jensen-faces-uncertain-future/ar-AA271E2j","The Brisbane Broncos are releasing forward Ben Te Kura from the rest of his NRL contract to allow him to pursue his dream of playing in the NFL."
"bri","Brisbane Broncos","Corey Jensen","Prop","2","player_specific_profile_candidate","theaustralian.com.au","false","false","false","","bing-news-rss","Tue, 30 Jun 2026 21:31:00 GMT","Broncos star Corey Jensen set to be sidelined for another six months with blood clots","https://www.theaustralian.com.au/sport/nrl/broncos-star-corey-jenson-set-to-be-sidelined-for-another-six-months-with-blood-clots/news-story/0440f3f367b627b06cea4311096df3f2","Brisbane prop Corey Jensen's NRL career is hanging in the balance after fresh tests revealed he is still suffering blood clots that will require medical treatment for at least another six months."
"bri","Brisbane Broncos","Corey Jensen","Prop","3","player_specific_profile_candidate","theaustralian.com.au","false","false","false","","bing-news-rss","Thu, 28 May 2026 12:15:00 GMT","Brisbane Broncos prop Corey Jensen is fighting for his NRL future following blood clots saga","https://www.theaustralian.com.au/sport/nrl/brisbane-broncos-prop-corey-jensen-is-fighting-for-his-nrl-future-following-blood-clots-saga/news-story/c5cdfb5d24a99f701110e4897d6ad1c3","Jensen has spoken publicly for the first time about the shock pulmonary embolism diagnosis that saw his 153-game NRL career put on hold last month. Jensen, 32, was hospitalised after developing blood ..."
"bri","Brisbane Broncos","Corey Jensen","Prop","4","player_specific_profile_candidate","goldcoastbulletin.com.au","false","false","false","","bing-news-rss","Thu, 28 May 2026 12:15:00 GMT","Brisbane Broncos prop Corey Jensen is fighting for his NRL future following blood clots saga","https://www.goldcoastbulletin.com.au/sport/nrl/brisbane-broncos-prop-corey-jensen-is-fighting-for-his-nrl-future-following-blood-clots-saga/news-story/c5cdfb5d24a99f701110e4897d6ad1c3","Broncos prop Corey Jensen has spoken publicly for the first time about the blood clot saga that threatened his life and is now jeopardising his NRL career. Jensen has spoken publicly for the first ..."
"bri","Brisbane Broncos","Corey Jensen","Prop","5","player_specific_profile_candidate","heraldsun.com.au","false","false","false","","bing-news-rss","Tue, 30 Jun 2026 11:01:00 GMT","Broncos star Corey Jensen set to be sidelined for another six months with blood clots","https://www.heraldsun.com.au/sport/nrl/broncos-star-corey-jenson-set-to-be-sidelined-for-another-six-months-with-blood-clots/news-story/0440f3f367b627b06cea4311096df3f2","Brisbane prop Corey Jensen's NRL career is hanging in the balance after fresh tests revealed he is still suffering blood clots that will require medical treatment for at least another six months."
"bri","Brisbane Broncos","Corey Jensen","Prop","6","player_specific_contract_candidate","zerotackle.com","false","false","true","contract_or_signing_language|contract_table","zerotackle-direct-player-profile","","Corey Jensen (Brisbane Broncos) - NRL Stats, News, Contract &amp; Player Profile - Zero Tackle","https://www.zerotackle.com/players/corey-jensen/","Player Contracts Player Contracts Team 2026 2027 2028 2029 2030 Brisbane Broncos ✔ ✔ Stats 2026 Stats Round Opp P T G MINS AR ARM LB LBA TA OL TK MT TB KM 40/20 PE ER TOTALS 7 0 0 0 305 66 632 0 0 0 0 214 10 5 0 0 1 0 1 0 0 0 20 3 15 0 0 0 0 13 1 0 0 0 0 0 2 0 0 0 54 14 163 0 0 0 0 37 2 1 0 0 0 0 3 0 0 0 50 12 119 0 0 0 0 36 3 0 0 0 0 0 4 0 0 0 52 14 127 0 0 0 0 37 1 2 0 0 0 0 5 0 0 0 40 6 62 0 0 0 0 31 1 0 0 0 0 0 6"
"bri","Brisbane Broncos","Ben Hunt","Hooker","1","player_specific_salary_candidate","couriermail.com.au","false","false","false","money|contract_or_salary_language","bing-news-rss","Wed, 24 Jun 2026 14:19:00 GMT","Brisbane Broncos veteran Ben Hunt to accept $200K pay cut to remain at Red Hill","https://www.couriermail.com.au/sport/nrl/brisbane-broncos-veteran-ben-hunt-to-accept-200k-pay-cut-to-remain-at-red-hill/news-story/271b9abf08346764743293d2bb398bb4","The Broncos' decision to re-sign Ben Hunt has raised eyebrows, but they aren't exactly breaking the bank to keep the ageing playmaker."
"bri","Brisbane Broncos","Ben Hunt","Hooker","2","player_specific_salary_candidate","themercury.com.au","false","false","false","money|contract_or_salary_language","bing-news-rss","Thu, 25 Jun 2026 11:00:00 GMT","Brisbane Broncos veteran Ben Hunt to accept $200K pay cut to remain at Red Hill","https://www.themercury.com.au/sport/nrl/brisbane-broncos-veteran-ben-hunt-to-accept-200k-pay-cut-to-remain-at-red-hill/news-story/271b9abf08346764743293d2bb398bb4","The Broncos' decision to re-sign Ben Hunt has raised eyebrows, but they aren't exactly breaking the bank to keep the ageing playmaker. Sport Confidential can reveal Hunt's 12-month extension to play ..."
"bri","Brisbane Broncos","Ben Hunt","Hooker","3","player_specific_contract_candidate","cairnspost.com.au","false","false","false","contract_or_salary_language|signing_language|term_length_language","bing-news-rss","Mon, 22 Jun 2026 12:14:00 GMT","Broncos champion Ben Hunt inks new one-year deal to defy retirement calls","https://www.cairnspost.com.au/sport/nrl/ben-hunt-brushes-off-retirement-pleas-from-nrl-greats-despite-brisbane-broncos-slump/news-story/0b707e4a6fc1118d7ceea4290fad1cb5","Broncos veteran Ben Hunt has set up a fierce halfback battle with young guns Tom Duffy and Jonah Pezet, and is on track to join Cameron Smith in the 400-game club, after signing a new deal. Hunt's ..."
"bri","Brisbane Broncos","Ben Hunt","Hooker","4","player_specific_contract_candidate","theaustralian.com.au","false","false","false","contract_or_salary_language|term_length_language","bing-news-rss","Mon, 22 Jun 2026 01:47:00 GMT","Broncos champion Ben Hunt inks new one-year deal to defy retirement calls","https://www.theaustralian.com.au/sport/nrl/ben-hunt-brushes-off-retirement-pleas-from-nrl-greats-despite-brisbane-broncos-slump/news-story/0b707e4a6fc1118d7ceea4290fad1cb5","Ben Hunt has shelved retirement plans and has inked a one-year extension as the Broncos champion throws down the gauntlet to young guns Tom Duffy and Jonah Pezet."
"bri","Brisbane Broncos","Ben Hunt","Hooker","5","player_specific_contract_candidate","au.news.yahoo.com","false","false","false","contract_or_salary_language|signing_language|term_length_language","bing-news-rss","Mon, 22 Jun 2026 17:24:00 GMT","NRL fans divided after Broncos re-sign veteran and linked with former Origin player from rival club","https://au.news.yahoo.com/nrl-fans-divided-after-broncos-re-sign-veteran-and-linked-with-former-origin-player-from-rival-club-234604475.html","Brisbane Broncos fans have been left surprised after the announcement they have re-signed veteran Ben Hunt on a one-year extension as the club juggles their salary cap. This also comes after the ..."
"bri","Brisbane Broncos","Ben Hunt","Hooker","6","player_specific_contract_candidate","theaustralian.com.au","false","false","false","contract_or_salary_language","bing-news-rss","Sat, 13 Jun 2026 12:14:00 GMT","Ben Hunt urged to retire by ex-Broncos captain amid cap crunch","https://www.theaustralian.com.au/sport/nrl/ben-hunt-urged-to-retire-by-exbroncos-captain-amid-cap-crunch/news-story/3a9417335c0da94e31d1f2dfad86238b","The off-contract Hunt turns 37 next March and has indicated to Broncos management he wants to play on in 2027 after winning an elusive premiership ring in his fairytale return to Red Hill last season."
"bri","Brisbane Broncos","Ben Hunt","Hooker","7","player_specific_contract_candidate","townsvillebulletin.com.au","false","false","false","contract_or_salary_language","bing-news-rss","Wed, 15 Apr 2026 12:00:00 GMT","Ben Hunt wants to keep playing, but how will his decision affect the Broncos salary cap plans?","https://www.townsvillebulletin.com.au/sport/nrl/ben-hunt-wants-to-keep-playing-but-how-will-his-decision-affect-the-broncos-salary-cap-plans/news-story/b08fc8ff1fd5f0bed67e5653d02f1c7f","This masthead can reveal Hunt has formally advised Broncos hierarchy of his plans to extend his career into 2027 in the lead-up to Saturday night's clash against Wests Tigers at Campbelltown. The ..."
"bri","Brisbane Broncos","Ben Hunt","Hooker","8","player_specific_contract_candidate","cairnspost.com.au","false","false","false","contract_or_salary_language","bing-news-rss","Sat, 13 Jun 2026 12:00:00 GMT","Ben Hunt urged to retire by ex-Broncos captain amid cap crunch","https://www.cairnspost.com.au/sport/nrl/ben-hunt-urged-to-retire-by-exbroncos-captain-amid-cap-crunch/news-story/3a9417335c0da94e31d1f2dfad86238b","The off-contract Hunt turns 37 next March and has indicated to Broncos management he wants to play on in 2027 after winning an elusive premiership ring in his fairytale return to Red Hill last season."
"bri","Brisbane Broncos","Ben Hunt","Hooker","9","player_specific_contract_candidate","illawarramercury.com.au","false","false","false","contract_or_salary_language|term_length_language","bing-news-rss","Tue, 12 May 2026 07:54:00 GMT","Veteran Ben Hunt reveals immediate NRL future","https://www.illawarramercury.com.au/story/9244986/veteran-ben-hunt-reveals-immediate-nrl-future/","Ben Hunt's passion for the game is still as strong as it was when he debuted which is why he is closing in on a one-year contract extension with Brisbane. ""It's pretty close,"" the 36-year-old utility ..."
"bri","Brisbane Broncos","Ben Hunt","Hooker","10","player_specific_contract_candidate","espn.com","false","false","false","contract_or_salary_language","bing-news-rss","Mon, 22 Jun 2026 01:41:00 GMT","Hunt signs contract extension with Broncos","https://www.espn.com/nrl/story/_/id/49143298/nrl-ben-hunt-signs-contract-extension-brisbane-broncos","Ben Hunt will play at least one more NRL season with Brisbane after signing a contract extension with the club."
"bri","Brisbane Broncos","Ben Hunt","Hooker","11","player_specific_contract_candidate","msn.com","false","false","false","contract_or_salary_language|signing_language|term_length_language","bing-news-rss","Mon, 22 Jun 2026 16:46:04 GMT","NRL fans divided after Broncos re-sign veteran and linked with former State of Origin player","https://www.msn.com/en-au/sport/rugby_league/nrl-fans-divided-after-broncos-re-sign-veteran-and-linked-with-former-state-of-origin-player/ar-AA26iqtV","Brisbane Broncos fans have been left surprised after the announcement they have re-signed veteran Ben Hunt on a one-year extension as the club juggles their salary cap. This also comes after the ..."
"bri","Brisbane Broncos","Ben Hunt","Hooker","12","player_specific_contract_candidate","illawarramercury.com.au","false","false","false","contract_or_salary_language|signing_language|term_length_language","bing-news-rss","Mon, 22 Jun 2026 13:54:00 GMT","Hunt signs contract extension with Broncos","https://www.illawarramercury.com.au/story/9297159/hunt-signs-contract-extension-with-broncos/","Ben Hunt will play at least one more NRL season with Brisbane after signing a contract extension with the club. The veteran utility on Monday signed a one-year deal, tying him to the Broncos until the ..."
"bri","Brisbane Broncos","Ben Hunt","Hooker","13","player_specific_profile_candidate","couriermail.com.au","false","false","false","","bing-news-rss","Sun, 26 Apr 2026 12:33:00 GMT","Meyn Game: Broncos veteran Ben Hunt wants Brisbane's No.7 jersey despite arrival of Jonah Pezet","https://www.couriermail.com.au/sport/nrl/meyn-game-broncos-veteran-ben-hunt-wants-brisbanes-no7-jersey-despite-arrival-of-jonah-pezet/news-story/1cd136418bba65ee0791c1a97bb61f42","Hunt has delayed retirement and formally notified the Broncos of his intention to play on into a 19th NRL season in 2027. Sitting on 360 NRL appearances, Hunt will edge towards the magical mark of 400 ..."
"bri","Brisbane Broncos","Ben Hunt","Hooker","14","player_specific_profile_candidate","theaustralian.com.au","false","false","false","","bing-news-rss","Tue, 30 Jun 2026 20:13:00 GMT","Broncos star Ben Hunt shuts down rumours of Michael Maguire revolt","https://www.theaustralian.com.au/sport/nrl/broncos-star-ben-hunt-shuts-down-rumours-of-michael-maguire-revolt/news-story/b42f7f24cc439527a8c1bd93f662c394","Ben Hunt has slammed suggestions Michael Maguire is facing a dressing-room revolt at Red Hill, addressing claims Broncos players won't sign new deals if he remains as coach next season."
"bri","Brisbane Broncos","Ben Hunt","Hooker","15","player_specific_contract_candidate","broncos.com.au","true","false","false","contract_or_signing_language|term_language|term_length_language","official-club-signings-topic","2026-06-22T09:00:00+00:00","Hunt Signs On Through 2027","https://www.broncos.com.au/news/2026/06/22/hunt-signs-on-through-2027/","Title: Hunt Signs On Through 2027 URL Source: https://www.broncos.com.au/news/2026/06/22/hunt-signs-on-through-2027/ Published Time: 2026-06-22T09:00:00+00:00 Markdown Content: [Skip to main content](https://www.broncos.com.au/news/2026/06/22/hunt-signs-on-through-2027/#main-content) ## Main [![Image 3: broncos logo](https://www.broncos.com.au/Recycle-Bin/broncos-badge-light.svg)![Image 4: broncos logo](https://www.broncos.com.au/globalassets/.lookups/themes/broncos-text.svg)](https://www.broncos.com.au/) [](https://www.broncos.com.au/search/) * [News](https://www.broncos.com.au/news/) * [NRLW News](https://www.broncos.com.au/nrlw-hub/) * [Watch](https://www.broncos.com.au/watch/) * [Draw](h"
"bri","Brisbane Broncos","Ben Hunt","Hooker","16","player_specific_contract_candidate","zerotackle.com","false","false","true","contract_or_signing_language|contract_table","zerotackle-direct-player-profile","","Ben Hunt (Brisbane Broncos) - NRL Stats, News, Contract &amp; Player Profile - Zero Tackle","https://www.zerotackle.com/players/ben-hunt/","Player Contracts Player Contracts Team 2026 2027 2028 2029 2030 Brisbane Broncos $600K ✔ Stats 2026 Stats Round Opp P T G MINS AR ARM LB LBA TA OL TK MT TB KM 40/20 PE ER TOTALS 12 0 0 0 715 48 314 0 4 2 3 285 42 6 1836 0 3 8 1 0 0 0 80 2 34 0 0 0 0 32 6 2 120 0 0 1 2 0 0 0 33 5 28 0 0 0 1 15 2 2 19 0 0 1 3 0 0 0 80 5 28 0 1 1 0 22 1 2 268 0 1 0 4 0 0 0 28 1 4 0 0 0 0 18 1 0 0 0 0 0 5 0 0 0 55 3 12 0 0 0 0 14 2 0 328"
"bri","Brisbane Broncos","Payne Haas","Prop","1","player_specific_contract_candidate","7news.com.au","false","false","false","signing_language|term_language","bing-news-rss","Sat, 07 Feb 2026 08:41:00 GMT","Payne Haas quits Brisbane Broncos to join South Sydney Rabbitohs from 2027 NRL season","https://7news.com.au/sport/rugby-league/nrl-rocked-as-payne-haas-sensationally-quits-brisbane-broncos-to-join-south-sydney-rabbitohs-c-21567233","Reigning premiers Brisbane have suffered a monumental blow with Payne Haas announcing he will quit the NRL club at the end of 2026. The superstar forward has opted to join the Rabbitohs on a ..."
"bri","Brisbane Broncos","Payne Haas","Prop","2","player_specific_contract_candidate","adelaidenow.com.au","false","false","false","contract_or_salary_language","bing-news-rss","Thu, 26 May 2022 11:22:00 GMT","Broncos deny Payne Haas immediate release demand in contract saga","https://www.adelaidenow.com.au/sport/nrl/broncos-star-payne-haas-demands-immediate-release-over-contract-saga/news-story/de694ec553e257b503875a6b5b1260f1","The Sydney Morning Herald reports Brisbane has denied the request, which came on Wednesday night following a breakdown in contract negotiations with the club. Haas trained with the Broncos on Thursday ..."
"bri","Brisbane Broncos","Payne Haas","Prop","3","player_specific_contract_candidate","heraldsun.com.au","false","false","false","contract_or_salary_language","bing-news-rss","Sat, 23 May 2020 05:26:00 GMT","NRL youngsters' salaries could be capped to limit player market blowout in post-COVID-19 world","https://www.heraldsun.com.au/sport/nrl/nrl-youngsters-salaries-to-be-capped-to-limit-player-market-blowout-in-postcovid19-world/news-story/f7943d5671c9c0a27137cb368519c04d","The days of the mega rookie deal for the next Kalyn Ponga or Payne Haas could be numbered while there also could be a player market shake-up with off-contract players to enter an annual free agent ..."
"bri","Brisbane Broncos","Payne Haas","Prop","4","player_specific_profile_candidate","au.sports.yahoo.com","false","false","false","contract_or_salary_language|term_language","bing-news-rss","Wed, 24 Jun 2026 01:15:00 GMT","Gold Coast Titans forward Klese Haas confirms NRL future","https://au.sports.yahoo.com/gold-coast-titans-forward-klese-081529774.html","The Gold Coast Titans have confirmed prop Klese Haas is going nowhere, signing a contract extension with the club through to the end of 2029. Already locked up for 2027, the brother of Payne Haas has ..."
"bri","Brisbane Broncos","Payne Haas","Prop","5","player_specific_profile_candidate","news.com.au","false","false","false","","bing-news-rss","Wed, 24 Jun 2026 01:31:00 GMT","Payne Haas text message plot revealed, Broncos rejected mid-season poaching bid","https://www.news.com.au/sport/nrl/payne-haas-text-message-plot-revealed-broncos-rejected-midseason-poaching-bid/news-story/fcc7b2891001543be06960432bc12236","Brisbane Broncos coach Michael Maguire has reportedly rejected a bold attempt by the Rabbitohs to bring Payne Haas to South Sydney mid-season."
"bri","Brisbane Broncos","Payne Haas","Prop","6","player_specific_profile_candidate","smh.com.au","false","false","false","","bing-news-rss","Thu, 12 Feb 2026 16:00:00 GMT","The signing of the century: How Payne Haas' Souths switch shook the NRL","https://www.smh.com.au/sport/nrl/the-signing-of-the-century-how-payne-haas-souths-switch-shook-the-nrl-20260213-p5o20f.html","Shane Richardson knows a thing or two about bringing headline acts to South Sydney. Greg Inglis, Sam Burgess, Latrell Mitchell and, of course, Wayne Bennett joined the Rabbitohs under the veteran ..."
"bri","Brisbane Broncos","Payne Haas","Prop","7","player_specific_profile_candidate","7news.com.au","false","false","false","","bing-news-rss","Tue, 10 Feb 2026 05:21:00 GMT","Brisbane Broncos clear up Payne Haas 'lowball' rumour as they prepare to lose star to South Sydney Rabbitohs","https://7news.com.au/sport/rugby-league/brisbane-broncos-clear-up-payne-haas-lowball-rumour-as-they-prepare-to-lose-star-to-south-sydney-rabbitohs-c-21592927","Any suggestion NRL superstar Payne Haas will backflip on his commitment to the Rabbitohs to stay a Bronco after this season is seemingly all but dead in the water. In the most recent update, NRL ..."
"bri","Brisbane Broncos","Payne Haas","Prop","8","player_specific_profile_candidate","au.news.yahoo.com","false","false","false","","bing-news-rss","Tue, 23 Jun 2026 16:04:00 GMT","Rival NRL club makes reported 'approach' to Broncos about immediate Payne Haas switch","https://au.news.yahoo.com/rival-nrl-club-makes-reported-approach-to-broncos-about-immediate-payne-haas-switch-224644529.html","But leading NRL journo James Hooper reported on Tuesday that 'someone attached to South Sydney' has approached Broncos coach Michael Maguire about releasing Haas to the Bunnies early. Clubs are ..."
"bri","Brisbane Broncos","Payne Haas","Prop","9","player_specific_profile_candidate","au.news.yahoo.com","false","false","false","","bing-news-rss","Mon, 13 Apr 2026 17:00:00 GMT","Souths star responds to link with rival club after Payne Haas move leaves NRL future in limbo","https://au.news.yahoo.com/souths-star-responds-to-link-with-rival-club-after-payne-haas-move-leaves-nrl-future-in-limbo-053750656.html","Add Yahoo as a preferred source to see more of our stories on Google. Jamie Humphreys says he'd love to stay at Souths ""long-term"" but admits he'd be open to a switch to the Perth Bears if he can't ..."
"bri","Brisbane Broncos","Payne Haas","Prop","10","player_specific_profile_candidate","afr.com","false","false","false","","bing-news-rss","Mon, 06 Jul 2026 23:39:00 GMT","The Haas reality behind NRL's superstar","https://www.afr.com/life-and-luxury/arts-and-culture/the-haas-reality-behind-this-incredibly-marketable-footballer-20260521-p5zzi1","In rugby league circles, a heated debate is brewing about Payne Haas being the best prop forward ""arguably"" of all time. He's big, he's skilful, he's fast, he's exceedingly fit, and he's the player ..."
"bri","Brisbane Broncos","Payne Haas","Prop","11","player_specific_contract_candidate","zerotackle.com","false","false","true","contract_or_signing_language|contract_table","zerotackle-direct-player-profile","","Payne Haas (Brisbane Broncos) - NRL Stats, News, Contract &amp; Player Profile - Zero Tackle","https://www.zerotackle.com/players/payne-haas/","Player Contracts Player Contracts Team 2026 2027 2028 2029 2030 Brisbane Broncos $1.1M South Sydney Rabbitohs ✔ ✔ ✔ Stats 2026 Stats Round Opp P T G MINS AR ARM LB LBA TA OL TK MT TB KM 40/20 PE ER TOTALS 11 4 1 0 713 164 1722 2 0 0 17 359 11 41 0 0 4 2 1 0 0 0 78 14 125 0 0 0 2 37 1 2 0 0 0 0 2 4 1 0 57 17 184 1 0 0 4 26 0 3 0 0 0 1 3 0 0 0 72 19 178 0 0 0 2 38 1 4 0 0 0 0 5 0 0 0 55 10 117 0 0 0 0 29 2 3 0 0 3 0 6 "
"bri","Brisbane Broncos","Brendan Piakura","2nd Row","1","player_specific_salary_candidate","couriermail.com.au","false","false","false","money|contract_or_salary_language","bing-news-rss","Thu, 23 Apr 2026 12:01:00 GMT","Inside the moment that convinced Brendan Piakura to shun Bulldogs' million-dollar move","https://www.couriermail.com.au/sport/nrl/inside-the-moment-that-convinced-brendan-piakura-to-shun-bulldogs-milliondollar-move/news-story/611e2f875ddc5b054d662c5b302cd8ae","It is almost five years to the day that Piakura was ready to quit the Broncos to take up a $1.2 million contract with the Bulldogs club he faces at Suncorp Stadium. The Queensland under-16s sensation ..."
"bri","Brisbane Broncos","Brendan Piakura","2nd Row","2","player_specific_contract_candidate","townsvillebulletin.com.au","false","false","false","signing_language","bing-news-rss","Thu, 02 Apr 2026 23:31:00 GMT","NRL 2021: Brendan Piakura could join Reece Walsh in quitting Broncos","https://www.townsvillebulletin.com.au/sport/nrl/nrl-2021-reece-walsh-signs-with-warriors-turns-his-back-on-broncos/news-story/a17c7372ce4dc04a74dd62ccb5b030e7","News Corp can reveal Piakura toured Canterbury's facilities on Wednesday and held another round of talks with coach Trent Barrett as the Bulldogs ramp-up their poaching bid for the Broncos back-row ..."
"bri","Brisbane Broncos","Brendan Piakura","2nd Row","3","player_specific_contract_candidate","zerotackle.com","false","false","true","contract_or_signing_language|contract_table","zerotackle-direct-player-profile","","Brendan Piakura (Brisbane Broncos) - NRL Stats, News, Contract &amp; Player Profile - Zero Tackle","https://www.zerotackle.com/players/brendan-piakura/","Player Contracts Player Contracts Team 2026 2027 2028 2029 2030 Brisbane Broncos ✔ ✔ Stats 2026 Stats Round Opp P T G MINS AR ARM LB LBA TA OL TK MT TB KM 40/20 PE ER TOTALS 11 8 2 0 714 119 1004 1 3 2 3 226 40 18 0 0 3 5 3 0 0 0 44 9 81 0 0 0 1 11 3 4 0 0 0 0 4 0 0 0 80 14 120 0 0 0 0 21 7 3 0 0 0 0 5 0 0 0 66 9 79 0 0 0 0 21 4 0 0 0 0 0 6 0 0 0 62 10 100 0 0 0 0 21 1 1 0 0 0 1 7 0 0 0 80 8 69 0 1 0 0 20 3 1 0 0 0 0"
"bri","Brisbane Broncos","Jordan Riki","2nd Row","1","player_specific_profile_candidate","themercury.com.au","false","false","false","","bing-news-rss","Fri, 08 May 2026 03:35:00 GMT","NRL 2021: Jordan Riki, Kotoni Staggs headline Broncos' retention priorities","https://www.themercury.com.au/sport/nrl/nrl-2021-jordan-riki-kotoni-staggs-headline-broncos-retention-priorities/news-story/d3a69e5f731b514c88b3917b80e3576f","The Sunday Mail can reveal Brisbane have opened talks with Riki's management as the 106kg hulk prepares to fill the back-row void left by Titans recruit David Fifita in Friday night's season opener ..."
"bri","Brisbane Broncos","Jordan Riki","2nd Row","2","player_specific_profile_candidate","geelongadvertiser.com.au","false","false","false","","bing-news-rss","Wed, 27 May 2026 01:24:00 GMT","NRL 2021: Jordan Riki, Kotoni Staggs headline Broncos' retention priorities","https://www.geelongadvertiser.com.au/sport/nrl/nrl-2021-jordan-riki-kotoni-staggs-headline-broncos-retention-priorities/news-story/d3a69e5f731b514c88b3917b80e3576f","The Sunday Mail can reveal Brisbane have opened talks with Riki's management as the 106kg hulk prepares to fill the back-row void left by Titans recruit David Fifita in Friday night's season opener ..."
"bri","Brisbane Broncos","Jordan Riki","2nd Row","3","player_specific_contract_candidate","zerotackle.com","false","false","true","contract_or_signing_language|contract_table","zerotackle-direct-player-profile","","Jordan Riki (Brisbane Broncos) - NRL Stats, News, Contract &amp; Player Profile - Zero Tackle","https://www.zerotackle.com/players/jordan-riki/","Player Contracts Player Contracts Team 2026 2027 2028 2029 2030 Brisbane Broncos ✔ ✔ ✔ Stats 2026 Stats Round Opp P T G MINS AR ARM LB LBA TA OL TK MT TB KM 40/20 PE ER TOTALS 14 12 3 0 1106 161 1481 4 2 0 7 530 34 24 64 0 6 9 1 0 0 0 80 11 99 0 0 0 0 40 2 1 15 0 0 3 2 0 0 0 80 8 71 0 0 0 1 34 1 1 0 0 1 1 3 8 2 0 80 15 152 2 0 0 0 35 4 7 14 0 0 1 4 0 0 0 80 13 124 0 0 0 0 41 4 4 12 0 1 1 5 0 0 0 80 13 129 0 0 0 0 38 "
"bri","Brisbane Broncos","Patrick Carrigan","Lock","1","player_specific_profile_candidate","townsvillebulletin.com.au","false","false","false","","bing-news-rss","Thu, 15 Oct 2020 05:37:00 GMT","NRL 2020: Sam Thaiday backs Patrick Carrigan as Brisbane Broncos captain","https://www.townsvillebulletin.com.au/sport/nrl/former-brisbane-broncos-captain-sam-thaiday-says-patrick-carrigan-should-become-the-next-skipper-of-the-nrl-club/news-story/5e262fcccd65327d7ff890da0d959eed","Incoming coach Kevin Walters is set to sack Alex Glenn as captain of the Broncos and there are a number of leading candidates for the job. And the man who filled for Glenn in 2020 has the blessing of ..."
"bri","Brisbane Broncos","Patrick Carrigan","Lock","2","player_specific_contract_candidate","zerotackle.com","false","false","true","contract_or_signing_language|contract_table","zerotackle-direct-player-profile","","Patrick Carrigan (Brisbane Broncos) - NRL Stats, News, Contract &amp; Player Profile - Zero Tackle","https://www.zerotackle.com/players/patrick-carrigan/","Player Contracts Player Contracts Team 2026 2027 2028 2029 2030 Brisbane Broncos $750K $750K $750K Stats 2026 Stats Round Opp P T G MINS AR ARM LB LBA TA OL TK MT TB KM 40/20 PE ER TOTALS 12 4 1 0 759 178 1482 1 2 2 5 486 39 17 9 0 6 4 1 0 0 0 63 14 118 0 0 0 0 45 4 1 0 0 1 1 2 0 0 0 66 16 128 0 1 1 0 43 2 0 0 0 0 0 3 0 0 0 80 23 169 0 0 0 1 43 7 2 0 0 0 0 4 0 0 0 80 20 177 0 0 0 1 52 5 3 0 0 1 0 5 0 0 0 80 22 179 0 "
"bri","Brisbane Broncos","Billy Walters","Interchange","1","player_specific_contract_candidate","zerotackle.com","false","false","true","contract_or_signing_language|contract_table","zerotackle-direct-player-profile","","Billy Walters (Brisbane Broncos) - NRL Stats, News, Contract &amp; Player Profile - Zero Tackle","https://www.zerotackle.com/players/billy-walters/","Player Contracts Player Contracts Team 2026 2027 2028 2029 2030 Brisbane Broncos ✔ Stats Latest NRL News Broncos set to re-sign star spine member Leo Twemlow - June 20, 2026 Latest NRL News Broncos cult hero set for return to league after rehabbing ACL Kye Ferreira - June 16, 2026 Billy Walters Billy Walters confirms contract negotiations, unsure of future Scott Pryde - June 8, 2026 Cameron Bukowski Broncos golden ch"
"bri","Brisbane Broncos","Xavier Willison","Interchange","1","player_specific_salary_candidate","foxsports.com.au","false","false","false","money","bing-news-rss","Wed, 08 Jul 2026 01:54:00 GMT","Broncos' bid to retain rising star; Intense seven-club, $1m race for Panthers star: Transfer Whispers","https://www.foxsports.com.au/nrl/nrl-premiership/intense-sevenclub-1m-race-developing-for-star-panther-as-club-faces-brutal-roster-reality/news-story/d63356512cc1a68ceac5d85acf94b03a","According to WWOS, Xavier Willison is set to re-sign with the Broncos long-term, being seen as a key piece of the club's forward pack moving forward."
"bri","Brisbane Broncos","Xavier Willison","Interchange","2","player_specific_contract_candidate","zerotackle.com","false","false","true","contract_or_signing_language|contract_table","zerotackle-direct-player-profile","","Xavier Willison (Brisbane Broncos) - NRL Stats, News, Contract &amp; Player Profile - Zero Tackle","https://www.zerotackle.com/players/xavier-willison/","Player Contracts Player Contracts Team 2026 2027 2028 2029 2030 Brisbane Broncos ✔ ✔ Stats 2026 Stats Round Opp P T G MINS AR ARM LB LBA TA OL TK MT TB KM 40/20 PE ER TOTALS 16 16 4 0 947 211 1922 3 0 0 9 547 36 29 0 0 7 13 1 0 0 0 41 5 47 0 0 0 0 21 2 0 0 0 0 2 2 0 0 0 58 9 80 0 0 0 0 33 2 0 0 0 0 0 3 0 0 0 47 9 82 0 0 0 0 22 1 0 0 0 2 1 4 0 0 0 44 13 107 0 0 0 0 42 3 2 0 0 0 0 5 4 1 0 54 13 139 0 0 0 1 28 2 2 0 0 1"
"bri","Brisbane Broncos","Jack Gosiewski","Interchange","1","player_specific_contract_candidate","zerotackle.com","false","false","true","contract_or_signing_language|contract_table","zerotackle-direct-player-profile","","Jack Gosiewski (Brisbane Broncos) - NRL Stats, News, Contract &amp; Player Profile - Zero Tackle","https://www.zerotackle.com/players/jack-gosiewski/","Player Contracts Player Contracts Team 2026 2027 2028 2029 2030 Brisbane Broncos ✔ Stats 2026 Stats Round Opp P T G MINS AR ARM LB LBA TA OL TK MT TB KM 40/20 PE ER TOTALS 10 0 0 0 466 78 611 0 1 1 3 275 16 3 0 0 2 3 1 0 0 0 59 8 57 0 0 0 0 28 3 0 0 0 0 0 2 0 0 0 27 5 34 0 0 0 0 6 2 0 0 0 0 0 7 0 0 0 38 10 102 0 0 0 0 27 1 2 0 0 0 0 8 0 0 0 49 9 65 0 0 0 0 42 1 0 0 0 0 0 9 0 0 0 62 6 34 0 0 0 0 41 2 0 0 0 1 0 10 0 0 "
"bri","Brisbane Broncos","Aublix Tawha","Interchange","1","player_specific_contract_candidate","zerotackle.com","false","false","true","contract_or_signing_language|contract_table","zerotackle-direct-player-profile","","Aublix Tawha (Brisbane Broncos) - NRL Stats, News, Contract &amp; Player Profile - Zero Tackle","https://www.zerotackle.com/players/aublix-tawha/","Player Contracts Player Contracts Team 2026 2027 2028 2029 2030 Brisbane Broncos ✔ ✔ Stats 2026 Stats Round Opp P T G MINS AR ARM LB LBA TA OL TK MT TB KM 40/20 PE ER TOTALS 12 0 0 0 141 29 252 1 0 0 1 97 10 3 0 0 2 2 1 0 0 0 21 3 34 0 0 0 0 11 2 0 0 0 1 0 2 0 0 0 32 4 38 0 0 0 0 18 1 0 0 0 1 0 3 0 0 0 0 0 0 0 0 0 0 0 0 0 0 0 0 0 4 0 0 0 18 7 59 1 0 0 0 17 4 1 0 0 0 0 5 0 0 0 0 0 0 0 0 0 0 0 0 0 0 0 0 0 6 0 0 0 0 0 0"
"bri","Brisbane Broncos","Ben Talty","Unknown","1","player_specific_contract_candidate","racingandsports.com.au","false","true","false","contract_or_salary_language|signing_language|term_length_language","bing-html|bing-html-lite","","Big Ben extends time at Broncos dream factory - Racing and Sports","https://www.racingandsports.com.au/news/sports/rugby-league/0001-01-01/big-ben-extends-time-at-broncos-dream-factory/700192","Brisbane's mature-age rookie Ben Talty signed his two-year extension as soon as he laid eyes on it after making the most of his NRL opportunity. After inking a two-year contract extension, Brisbane prop ..."
"bri","Brisbane Broncos","Ben Talty","Unknown","2","player_specific_contract_candidate","sportingnews.com","false","true","false","contract_or_salary_language|term_length_language","bing-html|bing-html-lite","","Emerging late bloomer inks two-year contract extension at the Broncos ...","https://www.sportingnews.com/au/rugby-league/news/ben-talty-nrl-contract-extension-broncos/d4ca0098585af1844c6c81e6","17 Sept 2025 Ben Talty's whirlwind year has reached another milestone, with the 26-year-old middle forward signing a fresh two-year contract extension at the Brisbane Broncos."
"bri","Brisbane Broncos","Ben Talty","Unknown","3","player_specific_contract_candidate","raidercast.com.au","false","true","false","contract_or_salary_language|term_language|term_length_language","bing-html|bing-html-lite","","Mid-season Broncos arrival ""with plenty of impact"" inks new NRL contract","https://raidercast.com.au/mid-season-broncos-arrival-with-plenty-of-impact-inks-new-nrl-contract/","17 Sept 2025 Broncos re-sign prop Ben Talty for two years, ensuring his stay through 2027 seasons. Zero Tackle The Brisbane Broncos have confirmed the re-signing of prop Ben Talty. The 26-year ..."
"bri","Brisbane Broncos","Ben Talty","Unknown","4","player_specific_contract_candidate","centralwesterndaily.com.au","false","true","false","contract_or_salary_language|term_length_language","bing-html|bing-html-lite","","Big Ben extends time at Broncos dream factory","https://www.centralwesterndaily.com.au/story/9068820/big-ben-extends-time-at-broncos-dream-factory/","17 Sept 2025 After inking a two-year contract extension, Brisbane prop Ben Talty is living a dream that has already exceeded his expectations. The 26-year-old was battling away for North Sydney in the ..."
"bri","Brisbane Broncos","Ben Talty","Unknown","5","player_specific_contract_candidate","benallaensign.com.au","false","true","false","contract_or_salary_language|term_length_language","bing-html|bing-html-lite","","Big Ben extends time at Broncos dream factory | Benalla Ensign","https://www.benallaensign.com.au/rugby-league/big-ben-extends-time-at-broncos-dream-factory/","17 Sept 2025 After inking a two-year contract extension, Brisbane prop Ben Talty is living a dream that has already exceeded his expectations."
"bri","Brisbane Broncos","Ben Talty","Unknown","6","player_specific_contract_candidate","theqldr.com.au","false","true","false","contract_or_salary_language|term_length_language","bing-html|bing-html-lite","","Big Ben extends time at Broncos dream factory – The Queenslander","https://theqldr.com.au/sport/2025/09/17/rl_broncos_talty/","17 Sept 2025 After inking a two-year contract extension, Brisbane prop Ben Talty is living a dream that has already exceeded his expectations. The 26-year-old was battling away for North Sydney in the ..."
"bri","Brisbane Broncos","Ben Talty","Unknown","7","player_specific_contract_candidate","zerotackle.com","false","false","true","contract_or_signing_language|contract_table","zerotackle-direct-player-profile","","Ben Talty (Brisbane Broncos) - NRL Stats, News, Contract &amp; Player Profile - Zero Tackle","https://www.zerotackle.com/players/ben-talty/","Player Contracts Player Contracts Team 2026 2027 2028 2029 2030 Brisbane Broncos ✔ ✔ Stats 2026 Stats Round Opp P T G MINS AR ARM LB LBA TA OL TK MT TB KM 40/20 PE ER TOTALS 16 8 2 0 555 136 1263 2 1 1 4 378 19 11 0 0 7 4 1 0 0 0 27 6 43 0 0 0 0 18 0 0 0 0 1 1 2 0 0 0 26 2 17 0 0 0 0 19 2 0 0 0 1 0 3 0 0 0 27 8 71 0 0 0 0 16 2 1 0 0 0 0 4 0 0 0 28 9 73 0 1 1 2 15 3 0 0 0 0 0 5 0 0 0 25 8 91 0 0 0 0 12 3 0 0 0 0 0 6 4"
"bri","Brisbane Broncos","Blake Mozer","Unknown","1","player_specific_contract_candidate","zerotackle.com","false","false","true","contract_or_signing_language|contract_table","zerotackle-direct-player-profile","","Blake Mozer (Brisbane Broncos) - NRL Stats, News, Contract &amp; Player Profile - Zero Tackle","https://www.zerotackle.com/players/blake-mozer/","Player Contracts Player Contracts Team 2026 2027 2028 2029 2030 Brisbane Broncos ✔ ✔ Stats 2026 Stats Round Opp P T G MINS AR ARM LB LBA TA OL TK MT TB KM 40/20 PE ER TOTALS 4 0 0 0 56 6 48 0 0 0 0 50 3 0 0 0 2 0 3 0 0 0 0 0 0 0 0 0 0 0 0 0 0 0 0 0 6 0 0 0 10 1 9 0 0 0 0 12 1 0 0 0 0 0 17 0 0 0 26 3 18 0 0 0 0 24 1 0 0 0 1 0 18 0 0 0 20 2 21 0 0 0 0 14 1 0 0 0 1 0 Patrick Carrigan Carrigan's suspension length confirm"
"bri","Brisbane Broncos","Ben Te Kura","Unknown","1","player_specific_salary_candidate","dailytelegraph.com.au","false","false","false","money|contract_or_salary_language","bing-news-rss","Wed, 01 Jul 2026 12:19:00 GMT","Broncos giant Ben Te Kura quits NRL to chase multimillion-dollar NFL dream","https://www.dailytelegraph.com.au/sport/broncos-giant-ben-te-kura-quits-nrl-to-chase-multimilliondollar-nfl-dream/news-story/6ed511b49e9e218d01a95be7885c961a","The Broncos have granted a full and immediate release to Ben Te Kura as the front-row giant edges a step closer to clinching a $1 million NFL contract."
"bri","Brisbane Broncos","Ben Te Kura","Unknown","2","player_specific_salary_candidate","heraldsun.com.au","false","false","false","money|contract_or_salary_language","bing-news-rss","Wed, 01 Jul 2026 12:49:00 GMT","Broncos giant Ben Te Kura quits NRL to chase multimillion-dollar NFL dream","https://www.heraldsun.com.au/sport/broncos-giant-ben-te-kura-quits-nrl-to-chase-multimilliondollar-nfl-dream/news-story/6ed511b49e9e218d01a95be7885c961a","The Broncos have granted a full and immediate release to Ben Te Kura as the front-row giant edges a step closer to clinching a $1 million NFL contract."
"bri","Brisbane Broncos","Ben Te Kura","Unknown","3","player_specific_contract_candidate","dailytelegraph.com.au","false","false","false","contract_or_salary_language|term_length_language","bing-news-rss","Wed, 01 Jul 2026 10:20:00 GMT","Broncos youngster Ben Te Kura released from NRL contract to chase NFL dream","https://www.dailytelegraph.com.au/sport/nrl/broncos-youngster-ben-te-kura-released-from-nrl-contract-to-chasenfl-dream/news-story/da3f72c4fe02281f73ae7cf2eb3a67f9","The 22-year-old has made just five appearances for Brisbane since making his debut in 2024, and back in April was given permission to take a break from his NRL commitments to attend a six-week NFL ..."
"bri","Brisbane Broncos","Ben Te Kura","Unknown","4","player_specific_contract_candidate","themercury.com.au","false","false","false","contract_or_salary_language|term_length_language","bing-news-rss","Wed, 01 Jul 2026 10:50:00 GMT","Broncos youngster Ben Te Kura released from NRL contract to chase NFL dream","https://www.themercury.com.au/sport/nrl/broncos-youngster-ben-te-kura-released-from-nrl-contract-to-chasenfl-dream/news-story/da3f72c4fe02281f73ae7cf2eb3a67f9","The 22-year-old has made just five appearances for Brisbane since making his debut in 2024, and back in April was given permission to take a break from his NRL commitments to attend a six-week NFL ..."
"bri","Brisbane Broncos","Ben Te Kura","Unknown","5","player_specific_contract_candidate","cairnspost.com.au","false","false","false","contract_or_salary_language|term_length_language","bing-news-rss","Wed, 01 Jul 2026 10:50:00 GMT","Broncos youngster Ben Te Kura released from NRL contract to chase NFL dream","https://www.cairnspost.com.au/sport/nrl/broncos-youngster-ben-te-kura-released-from-nrl-contract-to-chasenfl-dream/news-story/da3f72c4fe02281f73ae7cf2eb3a67f9","The 22-year-old has made just five appearances for Brisbane since making his debut in 2024, and back in April was given permission to take a break from his NRL commitments to attend a six-week NFL ..."
"bri","Brisbane Broncos","Ben Te Kura","Unknown","6","player_specific_profile_candidate","ntnews.com.au","false","false","false","","bing-news-rss","Sat, 06 Jun 2026 12:05:00 GMT","Australian NFL agent claims Ben Te Kura 'maybe even better' than Super Bowl star Jordan Mailata","https://www.ntnews.com.au/sport/nrl/australian-nfl-agent-claims-ben-te-kura-maybe-even-better-than-super-bowl-star-jordan-mailata/news-story/7f8d9fc57b747b1a6e6a9103520855ea","Dwane Bugden, Australia's only accredited NFL agent, has spent the past eight weeks watching Te Kura undergo a battery of workouts to determine if the Broncos giant has a future in America. The ..."
"bri","Brisbane Broncos","Ben Te Kura","Unknown","7","player_specific_profile_candidate","adelaidenow.com.au","false","false","false","","bing-news-rss","Sat, 11 Apr 2026 13:09:00 GMT","Ben Te Kura to start NFL testing after Broncos grant 205cm giant provisional release","https://www.adelaidenow.com.au/sport/nrl/ben-te-kura-to-start-nfl-testing-after-broncos-grant-205cm-giant-provisional-release/news-story/aff9d971c81be854ef4d10014542b5b8","This masthead can reveal Te Kura is embarking on a bombshell defection to American Football after attracting interest from up to 20 NFL clubs hunting for Australia's next version of Jordan Mailata."
"bri","Brisbane Broncos","Ben Te Kura","Unknown","8","player_specific_profile_candidate","thechronicle.com.au","false","false","false","","bing-news-rss","Sat, 11 Apr 2026 13:20:00 GMT","Ben Te Kura to start NFL testing after Broncos grant 205cm giant provisional release","https://www.thechronicle.com.au/sport/nrl/ben-te-kura-to-start-nfl-testing-after-broncos-grant-205cm-giant-provisional-release/news-story/aff9d971c81be854ef4d10014542b5b8","Broncos giant Ben Te Kura could become the second player in NRL history to play in the NFL after attracting interest from up to 20 franchises hunting for Australia's next Jordan Mailata. This masthead ..."
"bri","Brisbane Broncos","Cory Paix","Unknown","1","player_specific_contract_candidate","goldcoastbulletin.com.au","false","false","false","contract_or_salary_language|signing_language|term_length_language","bing-news-rss","Thu, 19 Mar 2026 03:59:00 GMT","Cory Paix signs two-year Broncos extension amid ongoing battle for Brisbane No.9 jersey","https://www.goldcoastbulletin.com.au/sport/nrl/cory-paix-signs-twoyear-broncos-extension-amid-ongoing-battle-for-brisbane-no9-jersey/news-story/f1da6e82036f7a237442b85344a44a55","This masthead can reveal Paix has agreed to terms on a new deal with Brisbane in a boost for the hooker ahead of Friday night's clash against Melbourne at AAMI Park. The Toowoomba terrier was seeking ..."
"bri","Brisbane Broncos","Cory Paix","Unknown","2","player_specific_contract_candidate","couriermail.com.au","false","false","false","contract_or_salary_language|term_length_language","bing-news-rss","Tue, 31 Mar 2026 08:39:00 GMT","Retention spree: Cory Paix, teen star Antonio Verhoeven sign new Broncos deals","https://www.couriermail.com.au/sport/nrl/cory-paix-signs-new-broncos-deal-leaving-rival-billy-walters-fighting-for-his-red-hill-future/news-story/7ff2b899c54f5b422af2c8eccb29f0af","The rejuvenated Paix has completed his remarkable resurrection by signing a two-year deal in the lead-up to Saturday night's derby clash against the Titans at Cbus Super Stadium. The development came ..."
"bri","Brisbane Broncos","Cory Paix","Unknown","3","player_specific_contract_candidate","townsvillebulletin.com.au","false","false","false","contract_or_salary_language|term_length_language","bing-news-rss","Thu, 19 Mar 2026 03:59:00 GMT","Cory Paix signs two-year Broncos extension amid ongoing battle for Brisbane No.9 jersey","https://www.townsvillebulletin.com.au/sport/nrl/cory-paix-signs-twoyear-broncos-extension-amid-ongoing-battle-for-brisbane-no9-jersey/news-story/f1da6e82036f7a237442b85344a44a55","Cory Paix is poised to ink a contract extension with the Broncos in a move that intensifies Brisbane's hooking battle and could leave a cult hero facing a salary-cap squeeze. This masthead can reveal ..."
"bri","Brisbane Broncos","Cory Paix","Unknown","4","player_specific_contract_candidate","zerotackle.com","false","false","true","contract_or_signing_language|contract_table","zerotackle-direct-player-profile","","Cory Paix (Brisbane Broncos) - NRL Stats, News, Contract &amp; Player Profile - Zero Tackle","https://www.zerotackle.com/players/cory-paix/","Player Contracts Player Contracts Team 2026 2027 2028 2029 2030 Brisbane Broncos ✔ ✔ ✔ Stats 2026 Stats Round Opp P T G MINS AR ARM LB LBA TA OL TK MT TB KM 40/20 PE ER TOTALS 15 8 2 0 934 27 196 1 0 0 0 566 36 3 3 0 2 2 1 0 0 0 42 0 0 0 0 0 0 26 2 0 0 0 2 0 2 0 0 0 53 2 10 0 0 0 0 29 3 0 0 0 0 0 3 0 0 0 80 2 17 0 0 0 0 44 3 0 0 0 0 0 4 0 0 0 69 1 5 0 0 0 0 53 5 0 0 0 0 0 5 0 0 0 80 4 27 0 0 0 0 47 5 0 0 0 0 0 6 0 0 "
"bri","Brisbane Broncos","Delouise Hoeter","Unknown","1","player_specific_contract_candidate","zerotackle.com","false","false","true","contract_or_signing_language|contract_table","zerotackle-direct-player-profile","","Delouise Hoeter (Brisbane Broncos) - NRL Stats, News, Contract &amp; Player Profile - Zero Tackle","https://www.zerotackle.com/players/delouise-hoeter/","Player Contracts Player Contracts Team 2026 2027 2028 2029 2030 Brisbane Broncos ✔ Stats Latest NRL News Broncos veteran suffers serious leg injury Leo Twemlow - April 2, 2026 Delouise Hoeter Broncos back earns another NRL season Scott Pryde - October 24, 2025 Delouise Hoeter Double injury blow for Broncos, one could miss remainder of season Ethan Lee Chalk - April 10, 2024 Injuries & Suspensions Broncos back reveals"
"bri","Brisbane Broncos","Hayze Perham","Unknown","1","player_specific_contract_candidate","zerotackle.com","false","false","true","contract_or_signing_language|contract_table","zerotackle-direct-player-profile","","Hayze Perham (Brisbane Broncos) - NRL Stats, News, Contract &amp; Player Profile - Zero Tackle","https://www.zerotackle.com/players/hayze-perham/","Player Contracts Player Contracts Team 2026 2027 2028 2029 2030 Brisbane Broncos ✔ Stats 2026 Stats Round Opp P T G MINS AR ARM LB LBA TA OL TK MT TB KM 40/20 PE ER TOTALS 9 4 1 0 264 55 437 0 2 2 3 12 3 6 60 0 0 4 6 0 0 0 0 0 0 0 0 0 0 0 0 0 0 0 0 0 7 0 0 0 24 6 58 0 0 0 0 1 0 0 0 0 0 0 8 0 0 0 80 14 115 0 1 1 1 5 1 1 47 0 0 0 10 0 0 0 0 0 0 0 0 0 0 0 0 0 0 0 0 0 11 0 0 0 0 0 0 0 0 0 0 0 0 0 0 0 0 0 14 0 0 0 0 0 0 0"
"bri","Brisbane Broncos","Jaiyden Hunt","Unknown","1","player_specific_contract_candidate","zerotackle.com","false","false","true","contract_or_signing_language|contract_table","zerotackle-direct-player-profile","","Jaiyden Hunt (Brisbane Broncos) - NRL Stats, News, Contract &amp; Player Profile - Zero Tackle","https://www.zerotackle.com/players/jaiyden-hunt/","Player Contracts Player Contracts Team 2026 2027 2028 2029 2030 Brisbane Broncos ✔ Stats 2026 Stats Round Opp P T G MINS AR ARM LB LBA TA OL TK MT TB KM 40/20 PE ER TOTALS 9 0 0 0 118 16 115 0 0 0 0 54 4 0 0 0 0 1 1 0 0 0 0 0 0 0 0 0 0 0 0 0 0 0 0 0 2 0 0 0 0 0 0 0 0 0 0 0 0 0 0 0 0 0 3 0 0 0 0 0 0 0 0 0 0 0 0 0 0 0 0 0 4 0 0 0 0 0 0 0 0 0 0 0 0 0 0 0 0 0 5 0 0 0 0 0 0 0 0 0 0 0 0 0 0 0 0 0 8 0 0 0 29 5 31 0 0 0 0 12"
"bri","Brisbane Broncos","Jesse Arthars","Unknown","1","player_specific_salary_candidate","dailytelegraph.com.au","false","false","false","money|contract_or_salary_language|term_length_language","bing-news-rss","Sun, 07 Jun 2026 06:52:00 GMT","Gold Coast Titans withdraw $600k offer for Jesse Arthars after Broncos winger missed deadline","https://www.dailytelegraph.com.au/sport/nrl/gold-coast-titans-withdraw-600k-offer-for-jesse-arthars-after-broncos-winger-missed-deadline/news-story/193e268e548cf57a65e3fd91a9fdaa20","The fed-up Titans rescinded their two-year offer to Arthars, which was worth more than $600,000, over the weekend. Titans coach Josh Hannay was keen to bring Arthars back to the Gold Coast to cover ..."
"bri","Brisbane Broncos","Jesse Arthars","Unknown","2","player_specific_contract_candidate","dailytelegraph.com.au","false","false","false","contract_or_salary_language|term_language","bing-news-rss","Fri, 29 May 2026 04:56:00 GMT","Jesse Arthars to leave Broncos at end of 2026 season, Sharks extend Sam Stonestreet","https://www.dailytelegraph.com.au/sport/nrl/jesse-arthars-to-leave-broncos-at-end-of-2026-season-amid-salary-cap-pressures/news-story/36664c6089176c5167538c6e9ebf24bd","Arthars will depart Red Hill at the end of 2026 after being squeezed out of the Broncos by salary cap pressures and Brisbane's log-jam of rising outside backs. Arthars, 27, has spent six seasons at ..."
"bri","Brisbane Broncos","Jesse Arthars","Unknown","3","player_specific_contract_candidate","goldcoastbulletin.com.au","false","false","false","contract_or_salary_language|term_language","bing-news-rss","Fri, 29 May 2026 04:56:00 GMT","Jesse Arthars to leave Broncos at end of 2026 season, Sharks extend Sam Stonestreet","https://www.goldcoastbulletin.com.au/sport/nrl/jesse-arthars-to-leave-broncos-at-end-of-2026-season-amid-salary-cap-pressures/news-story/36664c6089176c5167538c6e9ebf24bd","Arthars will depart Red Hill at the end of 2026 after being squeezed out of the Broncos by salary cap pressures and Brisbane's log-jam of rising outside backs. Arthars, 27, has spent six seasons at ..."
"bri","Brisbane Broncos","Jesse Arthars","Unknown","4","player_specific_contract_candidate","themercury.com.au","false","false","false","contract_or_salary_language|term_language","bing-news-rss","Fri, 29 May 2026 04:56:00 GMT","Jesse Arthars to leave Broncos at end of 2026 season, Sharks extend Sam Stonestreet","https://www.themercury.com.au/sport/nrl/jesse-arthars-to-leave-broncos-at-end-of-2026-season-amid-salary-cap-pressures/news-story/36664c6089176c5167538c6e9ebf24bd","Arthars will depart Red Hill at the end of 2026 after being squeezed out of the Broncos by salary cap pressures and Brisbane's log-jam of rising outside backs. Arthars, 27, has spent six seasons at ..."
"bri","Brisbane Broncos","Jesse Arthars","Unknown","5","player_specific_contract_candidate","au.sports.yahoo.com","false","false","false","contract_or_salary_language","bing-news-rss","Sat, 06 Jun 2026 17:00:00 GMT","Titans withdraw contract offer for Jesse Arthars","https://au.sports.yahoo.com/titans-withdraw-contract-offer-jesse-061756450.html","The Gold Coast Titans have withdrawn a contract offer for Brisbane Broncos outside back Jesse Arthars after missing a deadline to confirm the deal. Arthars failed to make a decision in time and missed ..."
"bri","Brisbane Broncos","Jesse Arthars","Unknown","6","player_specific_contract_candidate","goldcoastbulletin.com.au","false","false","false","contract_or_salary_language","bing-news-rss","Tue, 30 Nov 2021 16:00:00 GMT","NRL Transfer system: Broncos loan Jesse Arthars to Warriors","https://www.goldcoastbulletin.com.au/sport/nrl/nrl-transfer-system-code-set-to-review-transfer-window-draft-options/news-story/97107536b007ad764b8497eec8837fbd","Player loan deals between NRL clubs were meant as a temporary feature to deal with the Covid crisis, but it seems they are here to stay. The Brisbane centre will start training with Nathan Brown's ..."
"bri","Brisbane Broncos","Jesse Arthars","Unknown","7","player_specific_contract_candidate","au.sports.yahoo.com","false","false","false","contract_or_salary_language","bing-news-rss","Sat, 13 Jun 2026 17:00:00 GMT","Broncos winger set for Super League switch","https://au.sports.yahoo.com/broncos-winger-set-super-league-224837282.html","Brisbane Broncos outside back Jesse Arthars could leave the NRL altogether, as a move to the Super League is growing likely, with Catalans Dragons emerging as a leading option for the 2027 season. The ..."
"bri","Brisbane Broncos","Jesse Arthars","Unknown","8","player_specific_profile_candidate","theaustralian.com.au","false","false","false","","bing-news-rss","Thu, 18 Jun 2026 16:55:00 GMT","'We just can't afford them': Jesse Arthars' exit leaves eightunsigned Broncos fighting for deals in 2027","https://www.theaustralian.com.au/sport/nrl/we-just-cant-afford-them-the-nine-unsigned-broncos-fighting-for-deals-in-2027/news-story/2578b17d3fbe11cd24883b17775fae5f","Brisbane's retention of boom playmaker Tom Duffy has left nine Broncos stars in a desperate fight for contracts as the June 30 transfer deadline looms."
"bri","Brisbane Broncos","Jesse Arthars","Unknown","9","player_specific_profile_candidate","cairnspost.com.au","false","false","false","","bing-news-rss","Thu, 21 May 2026 21:42:00 GMT","Brisbane Broncos poach boom utility back Jesse Arthars from Gold Coast Titans","https://www.cairnspost.com.au/sport/brisbane-broncos-poach-boom-utility-back-jesse-arthars-from-gold-coast-titans/news-story/1523e03de4d1d7da202b6c03f83f846c","In a move that will intensify their Queensland rivalry, the 'Big Brother' Broncos have sneaked under the guard of the struggling Titans to steal one of their most promising outside backs. THE DETAILS: ..."
"bri","Brisbane Broncos","Jesse Arthars","Unknown","10","player_specific_contract_candidate","zerotackle.com","false","false","true","contract_or_signing_language|contract_table","zerotackle-direct-player-profile","","Jesse Arthars (Brisbane Broncos) - NRL Stats, News, Contract &amp; Player Profile - Zero Tackle","https://www.zerotackle.com/players/jesse-arthars/","Player Contracts Player Contracts Team 2026 2027 2028 2029 2030 Brisbane Broncos ✔ Catalans Dragons ✔ ✔ Stats 2026 Stats Round Opp P T G MINS AR ARM LB LBA TA OL TK MT TB KM 40/20 PE ER TOTALS 11 20 5 0 741 116 1164 5 0 1 1 65 10 19 4 0 2 9 5 4 1 0 80 16 182 1 0 0 0 4 0 2 0 0 0 0 6 4 1 0 80 15 190 1 0 0 0 5 4 2 4 0 0 0 7 0 0 0 56 10 85 0 0 0 0 6 1 2 0 0 0 2 9 0 0 0 46 5 28 0 0 0 0 3 0 0 0 0 0 0 10 0 0 0 80 9 82 0 0 0"
"bri","Brisbane Broncos","Josh Rogers","Unknown","1","player_specific_contract_candidate","zerotackle.com","false","false","true","contract_or_signing_language|contract_table","zerotackle-direct-player-profile","","Josh Rogers (Brisbane Broncos) - NRL Stats, News, Contract &amp; Player Profile - Zero Tackle","https://www.zerotackle.com/players/josh-rogers/","Player Contracts Player Contracts Team 2026 2027 2028 2029 2030 Brisbane Broncos ✔ Stats 2026 Stats Round Opp P T G MINS AR ARM LB LBA TA OL TK MT TB KM 40/20 PE ER TOTALS 6 0 0 0 122 8 80 0 0 0 2 106 4 1 0 0 0 0 6 0 0 0 25 1 8 0 0 0 0 23 0 0 0 0 0 0 7 0 0 0 49 0 0 0 0 0 0 44 1 0 0 0 0 0 8 0 0 0 21 2 21 0 0 0 0 19 2 0 0 0 0 0 9 0 0 0 0 0 0 0 0 0 0 0 0 0 0 0 0 0 15 0 0 0 27 5 51 0 0 0 2 20 1 1 0 0 0 0 17 0 0 0 0 0 0 0"
"bri","Brisbane Broncos","Josiah Karapani","Unknown","1","player_specific_contract_candidate","msn.com","false","false","false","term_length_language","bing-news-rss","Sun, 28 Jun 2026 22:05:10 GMT","Broncos winger Josiah Karapani stood down after alleged drink driving, traffic offences","https://www.msn.com/en-au/news/australia/broncos-winger-josiah-karapani-stood-down-after-alleged-drink-driving-traffic-offences/ar-AA26LHGM","In a statement, the club confirmed the 24-year-old had been issued with a notice to appear in court and would not be available for the next NRL game."
"bri","Brisbane Broncos","Josiah Karapani","Unknown","2","player_specific_profile_candidate","adelaidenow.com.au","false","false","false","","bing-news-rss","Wed, 08 Jul 2026 08:09:00 GMT","Broncos clash with Queensland Rugby League over ban for winger Josiah Karapani","https://www.adelaidenow.com.au/sport/nrl/broncos-clash-with-queensland-rugby-league-over-ban-for-winger-josiah-karapani/news-story/bab80872a1aebf86d6c7c7d337b30fe6","Josiah Karapani is one mistake away from the sack as a booze-ban brouhaha breaks out between the Broncos and the Queensland Rugby League over the troubled Brisbane winger."
"bri","Brisbane Broncos","Josiah Karapani","Unknown","3","player_specific_profile_candidate","weeklytimesnow.com.au","false","false","false","","bing-news-rss","Sun, 28 Jun 2026 11:10:00 GMT","Brisbane Broncos star Josiah Karapani in trouble with police over alleged drink driving","https://www.weeklytimesnow.com.au/affiliates/kayo/brisbane-broncos-star-josiah-karapani-in-trouble-with-police-over-alleged-drink-driving/news-story/67837bdf4854e8032c6491aafdcb89d5","Brisbane's season from hell has taken another turn with winger Josiah Karapani dropped after he was allegedly involved in another off-field incident."
"bri","Brisbane Broncos","Josiah Karapani","Unknown","4","player_specific_profile_candidate","ntnews.com.au","false","false","false","","bing-news-rss","Wed, 08 Jul 2026 13:44:00 GMT","Broncos clash with Queensland Rugby League over ban for winger Josiah Karapani","https://www.ntnews.com.au/sport/nrl/broncos-clash-with-queensland-rugby-league-over-ban-for-winger-josiah-karapani/news-story/bab80872a1aebf86d6c7c7d337b30fe6","Josiah Karapani is one mistake away from the sack as a booze-ban brouhaha breaks out between the Broncos and the Queensland Rugby League over the troubled Brisbane winger."
"bri","Brisbane Broncos","Josiah Karapani","Unknown","5","player_specific_contract_candidate","zerotackle.com","false","false","true","contract_or_signing_language|contract_table","zerotackle-direct-player-profile","","Josiah Karapani (Brisbane Broncos) - NRL Stats, News, Contract &amp; Player Profile - Zero Tackle","https://www.zerotackle.com/players/josiah-karapani/","Player Contracts Player Contracts Team 2026 2027 2028 2029 2030 Brisbane Broncos ✔ ✔ Stats 2026 Stats Round Opp P T G MINS AR ARM LB LBA TA OL TK MT TB KM 40/20 PE ER TOTALS 14 20 5 0 1095 251 2158 12 0 1 0 59 12 26 35 0 3 11 1 0 0 0 80 16 164 0 0 0 0 4 1 3 0 0 0 1 2 0 0 0 80 13 150 0 0 0 0 1 0 2 0 0 0 0 3 0 0 0 80 21 158 0 0 0 0 7 1 2 0 0 0 0 4 0 0 0 80 13 140 1 0 0 0 2 1 2 0 0 0 1 6 4 1 0 80 16 159 2 0 1 0 10 2 2 3"
"bri","Brisbane Broncos","Tom Duffy","Unknown","1","player_specific_contract_candidate","cairnspost.com.au","false","false","false","contract_or_salary_language|term_language|term_length_language","bing-news-rss","Thu, 04 Jun 2026 07:48:00 GMT","Tom Duffy set to sign two-year extension with the Broncos as he auditions for permanent starting spot","https://www.cairnspost.com.au/sport/nrl/tom-duffy-set-to-sign-twoyear-extension-with-the-broncos-as-he-auditions-for-permanent-starting-spot/news-story/2fc6588c46013e6ada7887aef730a11a","This masthead can reveal Duffy is on the verge of inking a two-year extension to remain at the Broncos until the end of 2028 in a deal that will see him throw down the gauntlet to incoming recruit ..."
"bri","Brisbane Broncos","Tom Duffy","Unknown","2","player_specific_contract_candidate","geelongadvertiser.com.au","false","false","false","contract_or_salary_language|term_length_language","bing-news-rss","Wed, 03 Jun 2026 17:00:00 GMT","Tom Duffy set to sign two-year extension with the Broncos as he auditions for permanent starting spot","https://www.geelongadvertiser.com.au/sport/nrl/tom-duffy-set-to-sign-twoyear-extension-with-the-broncos-as-he-auditions-for-permanent-starting-spot/news-story/2fc6588c46013e6ada7887aef730a11a","Ezra Mam's shock axing as five-eighth has opened the door for Tom Duffy to wear the No.6 jumper. Now Duffy is set to celebrate a new contract as he prepares to audition for a permanent starting role."
"bri","Brisbane Broncos","Tom Duffy","Unknown","3","player_specific_contract_candidate","adelaidenow.com.au","false","false","false","contract_or_salary_language|term_language|term_length_language","bing-news-rss","Thu, 04 Jun 2026 07:19:00 GMT","Tom Duffy set to sign two-year extension with the Broncos as he auditions for permanent starting spot","https://www.adelaidenow.com.au/sport/nrl/tom-duffy-set-to-sign-twoyear-extension-with-the-broncos-as-he-auditions-for-permanent-starting-spot/news-story/2fc6588c46013e6ada7887aef730a11a","This masthead can reveal Duffy is on the verge of inking a two-year extension to remain at the Broncos until the end of 2028 in a deal that will see him throw down the gauntlet to incoming recruit ..."
"bri","Brisbane Broncos","Tom Duffy","Unknown","4","player_specific_contract_candidate","heraldsun.com.au","false","false","false","contract_or_salary_language","bing-news-rss","Mon, 13 Apr 2026 12:39:00 GMT","Broncos rookie Tom Duffy welcomes halfback duel with future teammate Jonah Pezet","https://www.heraldsun.com.au/sport/nrl/broncos-rookie-tom-duffy-welcomes-halfback-duel-with-future-teammate-jonah-pezet/news-story/ac1ef03d45eb49e9f7bdef1de76c802b","Young gun Tom Duffy has refused to play second fiddle to incoming rival Jonah Pezet as Brisbane bosses open contract talks to secure their halfback future. Broncos bosses have kicked off contract ..."
"bri","Brisbane Broncos","Tom Duffy","Unknown","5","player_specific_contract_candidate","goldcoastbulletin.com.au","false","false","false","contract_or_salary_language","bing-news-rss","Sun, 12 Apr 2026 05:00:00 GMT","Market Watch: Broncos kick off talks with Tom Duffy over contract extension","https://www.goldcoastbulletin.com.au/sport/nrl/market-watch-broncos-kick-off-talks-with-tom-duffy-over-contract-extension/news-story/3006cba23c30a26e04b210b0ba8b0052","This masthead can reveal Broncos bosses are in discussions on a contract extension in a move that will see Duffy and incoming recruit Jonah Pezet battle it out for the No.7 jumper vacated by the ..."
"bri","Brisbane Broncos","Tom Duffy","Unknown","6","player_specific_contract_candidate","msn.com","false","false","false","contract_or_salary_language|term_length_language","bing-news-rss","Mon, 15 Jun 2026 23:38:05 GMT","Broncos halfback signs new long-term contract","https://www.msn.com/en-au/sport/rugby_league/broncos-halfback-signs-new-long-term-contract/ar-AA25L17V","The Brisbane Broncos have announced the extension of young gun halfback Tom Duffy on a two-year deal following a positive start to his career at Red Hill. The 22-year-old rising star moved down from ..."
"bri","Brisbane Broncos","Tom Duffy","Unknown","7","player_specific_contract_candidate","thechronicle.com.au","false","false","false","contract_or_salary_language","bing-news-rss","Sun, 12 Apr 2026 05:00:00 GMT","Market Watch: Broncos kick off talks with Tom Duffy over contract extension","https://www.thechronicle.com.au/sport/nrl/market-watch-broncos-kick-off-talks-with-tom-duffy-over-contract-extension/news-story/3006cba23c30a26e04b210b0ba8b0052","Tom Duffy has thrown down the challenge to Jonah Pezet for the soon-to-be vacant Broncos No.7 jersey, with Brisbane bosses in talks to extend the young star's contract after his stunning debut. This ..."
"bri","Brisbane Broncos","Tom Duffy","Unknown","8","player_specific_profile_candidate","heraldsun.com.au","false","false","false","contract_or_salary_language|signing_language|term_length_language","bing-news-rss","Mon, 22 Jun 2026 12:14:00 GMT","Broncos champion Ben Hunt inks new one-year deal to defy retirement calls","https://www.heraldsun.com.au/sport/nrl/ben-hunt-brushes-off-retirement-pleas-from-nrl-greats-despite-brisbane-broncos-slump/news-story/0b707e4a6fc1118d7ceea4290fad1cb5","Broncos veteran Ben Hunt has set up a fierce halfback battle with young guns Tom Duffy and Jonah Pezet, and is on track to join Cameron Smith in the 400-game club, after signing a new deal. Hunt's ..."
"bri","Brisbane Broncos","Tom Duffy","Unknown","9","player_specific_profile_candidate","theaustralian.com.au","false","false","false","contract_or_salary_language|term_length_language","bing-news-rss","Mon, 22 Jun 2026 01:47:00 GMT","Broncos champion Ben Hunt inks new one-year deal to defy retirement calls","https://www.theaustralian.com.au/sport/nrl/ben-hunt-brushes-off-retirement-pleas-from-nrl-greats-despite-brisbane-broncos-slump/news-story/0b707e4a6fc1118d7ceea4290fad1cb5","Ben Hunt has shelved retirement plans and has inked a one-year extension as the Broncos champion throws down the gauntlet to young guns Tom Duffy and Jonah Pezet."
"bri","Brisbane Broncos","Tom Duffy","Unknown","10","player_specific_contract_candidate","zerotackle.com","false","false","true","contract_or_signing_language|contract_table","zerotackle-direct-player-profile","","Tom Duffy (Brisbane Broncos) - NRL Stats, News, Contract &amp; Player Profile - Zero Tackle","https://www.zerotackle.com/players/tom-duffy/","Player Contracts Player Contracts Team 2026 2027 2028 2029 2030 Brisbane Broncos ✔ ✔ ✔ Stats 2026 Stats Round Opp P T G MINS AR ARM LB LBA TA OL TK MT TB KM 40/20 PE ER TOTALS 11 33 1 14 396 42 230 1 5 6 0 108 13 0 1191 0 0 2 6 11 0 5 80 8 38 0 3 2 0 15 3 0 694 0 0 1 7 0 0 0 0 0 0 0 0 0 0 0 0 0 0 0 0 0 8 0 0 0 0 0 0 0 0 0 0 0 0 0 0 0 0 0 9 8 0 4 36 12 56 0 1 1 0 9 1 0 111 0 0 0 10 0 0 0 20 1 10 0 0 0 0 6 1 0 0 0 0 0 "
"can","Canberra Raiders","Kaeo Weekes","Fullback","1","player_specific_profile_candidate","raiders.com.au","true","false","false","","official-club-signings-topic","","Signings Kaeo Weekes Re-Signs with the Raiders","https://www.raiders.com.au/news/2024/09/24/kaeo-weekes-re-signs-with-the-raiders/","RateLimitTriggeredError: Per IP rate limit exceeded"
"can","Canberra Raiders","Kaeo Weekes","Fullback","2","player_specific_profile_candidate","raiders.com.au","true","false","false","","official-club-signings-topic","","Signings Kaeo Weekes signs with the Raiders","https://www.raiders.com.au/news/2023/10/25/kaeo-weekes-signs-with-the-raiders/","RateLimitTriggeredError: Per IP rate limit exceeded"
"can","Canberra Raiders","Kaeo Weekes","Fullback","3","player_specific_contract_candidate","zerotackle.com","false","false","true","contract_or_signing_language|contract_table","zerotackle-direct-player-profile","","Kaeo Weekes (Canberra Raiders) - NRL Stats, News, Contract &amp; Player Profile - Zero Tackle","https://www.zerotackle.com/players/kaeo-weekes/","Player Contracts Player Contracts Team 2026 2027 2028 2029 2030 Canberra Raiders ✔ ✔ $850K $850K Stats 2026 Stats Round Opp P T G MINS AR ARM LB LBA TA OL TK MT TB KM 40/20 PE ER TOTALS 17 32 8 0 1362 244 2747 8 8 4 8 61 23 90 184 0 6 10 1 0 0 0 82 19 188 1 1 1 1 2 1 5 0 0 0 0 2 4 1 0 80 12 130 1 0 0 0 4 3 2 17 0 0 1 3 0 0 0 80 19 204 0 1 1 0 5 0 11 0 0 0 0 4 4 1 0 80 15 193 0 2 1 0 1 4 7 0 0 0 2 5 0 0 0 80 11 123 0 "
"can","Canberra Raiders","Savelio Tamale","Winger","1","player_specific_contract_candidate","raiders.com.au","true","false","false","contract_or_signing_language|term_language","official-club-signings-topic","2025-06-30T23:24:25+00:00","Raiders Re-Sign Savelio Tamale","https://www.raiders.com.au/news/2025/07/01/raiders-re-sign-savelio-tamale/","Title: Raiders Re-Sign Savelio Tamale URL Source: https://www.raiders.com.au/news/2025/07/01/raiders-re-sign-savelio-tamale/ Published Time: 2025-06-30T23:24:25+00:00 Markdown Content: [Skip to main content](https://www.raiders.com.au/news/2025/07/01/raiders-re-sign-savelio-tamale/#main-content) ## Main [![Image 2: raiders logo](https://www.raiders.com.au/.theme/raiders/badge-light.svg?bust=202607060241)![Image 3: raiders logo](https://www.raiders.com.au/.theme/raiders/text.svg?bust=202607060241)](https://www.raiders.com.au/) [](https://www.raiders.com.au/search/) * [News](https://www.raiders.com.au/news/) * [Video](https://www.raiders.com.au/watch/) * [Draw](https://www.raiders.com.au/draw/"
"can","Canberra Raiders","Savelio Tamale","Winger","2","player_specific_contract_candidate","zerotackle.com","false","false","true","contract_or_signing_language|contract_table","zerotackle-direct-player-profile","","Savelio Tamale (Canberra Raiders) - NRL Stats, News, Contract &amp; Player Profile - Zero Tackle","https://www.zerotackle.com/players/savelio-tamale/","Player Contracts Player Contracts Team 2026 2027 2028 2029 2030 Canberra Raiders ✔ ✔ ✔ Stats 2026 Stats Round Opp P T G MINS AR ARM LB LBA TA OL TK MT TB KM 40/20 PE ER TOTALS 14 28 7 0 999 238 2300 8 1 1 6 42 17 68 56 0 5 27 1 0 0 0 82 14 142 0 1 0 1 2 1 9 0 0 0 1 2 0 0 0 80 21 184 0 0 0 1 2 2 4 0 0 0 2 3 8 2 0 80 29 277 1 0 0 0 6 1 5 0 0 1 2 4 4 1 0 80 14 175 3 0 0 0 4 1 6 20 0 0 1 5 0 0 0 70 16 153 0 0 0 1 5 2 9 0"
"can","Canberra Raiders","Matthew Timoko","Centre","1","player_specific_contract_candidate","zerotackle.com","false","false","true","contract_or_signing_language|contract_table","zerotackle-direct-player-profile","","Matthew Timoko (Canberra Raiders) - NRL Stats, News, Contract &amp; Player Profile - Zero Tackle","https://www.zerotackle.com/players/matthew-timoko/","Player Contracts Player Contracts Team 2026 2027 2028 2029 2030 Canberra Raiders ✔ MO CO Stats 2026 Stats Round Opp P T G MINS AR ARM LB LBA TA OL TK MT TB KM 40/20 PE ER TOTALS 13 16 4 0 891 189 1951 6 4 2 15 142 19 44 7 0 7 6 2 0 0 0 20 5 57 0 0 0 1 8 1 3 0 0 0 0 5 0 0 0 0 0 0 0 0 0 0 0 0 0 0 0 0 0 7 4 1 0 71 13 150 1 0 0 1 7 0 4 7 0 0 0 8 4 1 0 80 16 165 1 1 0 0 7 4 2 0 0 1 1 9 0 0 0 80 25 324 1 0 0 1 11 1 5 0 0 0"
"can","Canberra Raiders","Sebastian Kris","Centre","1","player_specific_profile_candidate","raiders.com.au","true","false","false","","official-club-signings-topic","","Signings Raiders Re-Sign Sebastian Kris and Xavier Savage","https://www.raiders.com.au/news/2021/06/29/raiders-re-sign-sebastian-kris-and-xavier-savage/","RateLimitTriggeredError: Per IP rate limit exceeded"
"can","Canberra Raiders","Sebastian Kris","Centre","2","player_specific_contract_candidate","zerotackle.com","false","false","true","contract_or_signing_language|contract_table","zerotackle-direct-player-profile","","Sebastian Kris (Canberra Raiders) - NRL Stats, News, Contract &amp; Player Profile - Zero Tackle","https://www.zerotackle.com/players/sebastian-kris/","Player Contracts Player Contracts Team 2026 2027 2028 2029 2030 Canberra Raiders ✔ ✔ Stats 2026 Stats Round Opp P T G MINS AR ARM LB LBA TA OL TK MT TB KM 40/20 PE ER TOTALS 14 16 4 0 1082 176 1696 7 4 0 14 142 29 26 53 0 5 11 1 0 0 0 82 8 84 1 0 0 1 17 3 1 0 0 0 0 2 0 0 0 80 12 127 0 1 0 1 8 3 2 0 0 2 0 3 0 0 0 80 13 115 0 1 0 1 14 3 2 15 0 1 2 4 0 0 0 80 14 124 1 1 0 3 6 0 2 3 0 0 1 5 0 0 0 80 16 159 0 0 0 1 7 4 3 "
"can","Canberra Raiders","Xavier Savage","Winger","1","player_specific_profile_candidate","raiders.com.au","true","false","false","","official-club-signings-topic","","Signings Xavier Savage Re-Signs with the Raiders","https://www.raiders.com.au/news/2022/08/18/xavier-savage-re-signs-with-the-raiders/","RateLimitTriggeredError: Per IP rate limit exceeded"
"can","Canberra Raiders","Xavier Savage","Winger","2","player_specific_profile_candidate","raiders.com.au","true","false","false","","official-club-signings-topic","","Signings Raiders Re-Sign Sebastian Kris and Xavier Savage","https://www.raiders.com.au/news/2021/06/29/raiders-re-sign-sebastian-kris-and-xavier-savage/","RateLimitTriggeredError: Per IP rate limit exceeded"
"can","Canberra Raiders","Xavier Savage","Winger","3","player_specific_contract_candidate","zerotackle.com","false","false","true","contract_or_signing_language|contract_table","zerotackle-direct-player-profile","","Xavier Savage (Canberra Raiders) - NRL Stats, News, Contract &amp; Player Profile - Zero Tackle","https://www.zerotackle.com/players/xavier-savage/","Player Contracts Player Contracts Team 2026 2027 2028 2029 2030 Canberra Raiders ✔ ✔ Stats 2026 Stats Round Opp P T G MINS AR ARM LB LBA TA OL TK MT TB KM 40/20 PE ER TOTALS 12 32 8 0 940 140 1681 5 0 1 2 57 9 32 104 0 1 17 1 8 2 0 82 17 155 1 0 0 0 8 2 8 0 0 0 4 2 0 0 0 80 20 184 1 0 0 1 3 0 4 56 0 0 2 3 0 0 0 80 13 91 0 0 0 0 3 0 5 15 0 0 0 4 4 1 0 80 18 192 2 0 1 1 1 2 5 8 0 0 1 5 0 0 0 71 9 110 0 0 0 0 5 1 4 0 0 "
"can","Canberra Raiders","Ethan Strange","Five-Eighth","1","player_specific_profile_candidate","raiders.com.au","true","false","false","","official-club-signings-topic","","Signings Ethan Strange remains a Raider until end of","https://www.raiders.com.au/news/2024/04/17/ethan-strange-remains-a-raider-until-end-of-2028/","RateLimitTriggeredError: Per IP rate limit exceeded"
"can","Canberra Raiders","Ethan Strange","Five-Eighth","2","player_specific_contract_candidate","zerotackle.com","false","false","true","contract_or_signing_language|contract_table","zerotackle-direct-player-profile","","Ethan Strange (Canberra Raiders) - NRL Stats, News, Contract &amp; Player Profile - Zero Tackle","https://www.zerotackle.com/players/ethan-strange/","Player Contracts Player Contracts Team 2026 2027 2028 2029 2030 Canberra Raiders ✔ ✔ ✔ Stats 2026 Stats Round Opp P T G MINS AR ARM LB LBA TA OL TK MT TB KM 40/20 PE ER TOTALS 17 20 5 0 1162 146 1221 7 9 5 12 309 33 62 1164 0 3 13 1 0 0 0 82 4 25 0 0 0 0 20 4 1 172 0 0 0 2 0 0 0 80 8 104 2 0 0 0 34 2 0 54 0 0 0 3 0 0 0 80 9 79 0 0 0 2 28 3 5 35 0 1 1 4 0 0 0 80 9 80 0 0 0 1 20 0 1 0 0 0 0 5 4 1 0 80 12 112 1 1 1 0 24"
"can","Canberra Raiders","Ethan Sanders","Halfback","1","player_specific_profile_candidate","zerotackle.com","false","false","false","","bing-news-rss","Sun, 05 Jul 2026 04:04:00 GMT","The biggest misconception around the Eels ""rebuild""","https://www.zerotackle.com/the-biggest-misconception-around-the-eels-rebuild-235478/","If this were a true rebuild, the Eels would have prioritised Blaize Talagi, Ethan Sanders and Matt Arthur as the spine for the future and focused on their young crop of players. The performance on the ..."
"can","Canberra Raiders","Ethan Sanders","Halfback","2","player_specific_contract_candidate","zerotackle.com","false","false","true","contract_or_signing_language|contract_table","zerotackle-direct-player-profile","","Ethan Sanders (Canberra Raiders) - NRL Stats, News, Contract &amp; Player Profile - Zero Tackle","https://www.zerotackle.com/players/ethan-sanders/","Player Contracts Player Contracts Team 2026 2027 2028 2029 2030 Canberra Raiders ✔ ✔ Stats 2026 Stats Round Opp P T G MINS AR ARM LB LBA TA OL TK MT TB KM 40/20 PE ER TOTALS 17 113 2 52 1344 106 757 4 10 12 6 309 56 17 7358 0 6 16 1 13 1 4 82 5 21 1 1 1 0 22 4 1 266 0 0 0 2 2 0 1 80 3 19 0 1 1 1 17 3 0 398 0 0 2 3 2 0 1 80 6 51 1 0 0 1 21 2 1 550 0 0 0 4 6 0 3 80 12 81 0 0 0 2 13 4 3 402 0 0 1 5 4 0 2 80 10 52 0 0 0 "
"can","Canberra Raiders","Josh Papali'i","Prop","1","player_specific_contract_candidate","zerotackle.com","false","false","true","contract_or_signing_language|contract_table","zerotackle-direct-player-profile","","Josh Papalii (Canberra Raiders) - NRL Stats, News, Contract &amp; Player Profile - Zero Tackle","https://www.zerotackle.com/players/josh-papalii/","Player Contracts Player Contracts Team 2026 2027 2028 2029 2030 Canberra Raiders ✔ Stats 2026 Stats Round Opp P T G MINS AR ARM LB LBA TA OL TK MT TB KM 40/20 PE ER TOTALS 6 0 0 0 179 34 333 0 0 0 1 101 5 2 0 0 2 0 1 0 0 0 19 1 10 0 0 0 0 13 1 0 0 0 0 0 3 0 0 0 57 8 89 0 0 0 0 35 0 2 0 0 1 0 5 0 0 0 40 8 70 0 0 0 0 19 0 0 0 0 1 0 6 0 0 0 22 6 50 0 0 0 0 14 2 0 0 0 0 0 7 0 0 0 13 4 42 0 0 0 0 7 1 0 0 0 0 0 19 0 0 0 28"
"can","Canberra Raiders","Tom Starling","Hooker","1","player_specific_contract_candidate","ntnews.com.au","false","false","false","signing_language|term_language","bing-news-rss","Tue, 29 Sep 2020 09:00:00 GMT","NRL: Rising hooker Tom Starling primed for his first NRL finals series with Canberra","https://www.ntnews.com.au/sport/nrl/nrl-rising-hooker-tom-starling-primed-for-his-first-nrl-finals-series-with-canberra/news-story/78a1986b0a5e4a6ca096081620e6d61d","Emerging hooker Tom Starling re-signed with Canberra until the end of 2022, now he has his sights set on starring in his first NRL finals series. A Central Coast product, Starling aspired to become ..."
"can","Canberra Raiders","Tom Starling","Hooker","2","player_specific_profile_candidate","raiders.com.au","true","false","false","","official-club-signings-topic","","Signings Tom Starling Re-Signs with the Raiders","https://www.raiders.com.au/news/2025/05/16/tom-starling-re-signs-with-the-raiders/","RateLimitTriggeredError: Per IP rate limit exceeded"
"can","Canberra Raiders","Tom Starling","Hooker","3","player_specific_profile_candidate","raiders.com.au","true","false","false","","official-club-signings-topic","","Signings Raiders re-sign Tom Starling and sign Simi Sasagi","https://www.raiders.com.au/news/2023/08/22/raiders-re-sign-tom-starling-and-sign-simi-sasagi/","RateLimitTriggeredError: Per IP rate limit exceeded"
"can","Canberra Raiders","Tom Starling","Hooker","4","player_specific_contract_candidate","zerotackle.com","false","false","true","contract_or_signing_language|contract_table","zerotackle-direct-player-profile","","Tom Starling (Canberra Raiders) - NRL Stats, News, Contract &amp; Player Profile - Zero Tackle","https://www.zerotackle.com/players/tom-starling/","Player Contracts Player Contracts Team 2026 2027 2028 2029 2030 Canberra Raiders ✔ ✔ Stats 2026 Stats Round Opp P T G MINS AR ARM LB LBA TA OL TK MT TB KM 40/20 PE ER TOTALS 17 8 2 0 903 75 804 2 2 2 6 552 66 16 26 0 4 3 1 0 0 0 65 10 113 0 1 0 0 38 5 2 0 0 1 0 2 0 0 0 64 5 40 0 0 0 0 49 7 0 0 0 0 1 3 0 0 0 31 1 15 0 0 0 0 22 0 1 0 0 1 0 4 0 0 0 61 2 12 0 0 0 1 36 6 0 0 0 0 0 5 0 0 0 50 3 27 0 0 0 0 29 4 0 0 0 0 0 6 "
"can","Canberra Raiders","Joseph Tapine","Prop","1","player_specific_contract_candidate","adelaidenow.com.au","false","false","false","contract_or_salary_language","bing-news-rss","Thu, 25 Jun 2026 00:33:00 GMT","NRL 2016: Newcastle Knights release Joseph Tapine after signing a contract with Canberra Raiders","https://www.adelaidenow.com.au/sport/nrl/nrl-2016-newcastle-knights-release-joseph-tapine-after-signing-a-contract-with-canberra-raiders/news-story/521aeb39aeb5be58eb6108e6738a0a37","THE three-way tug of war between Newcastle, Canberra and Joe Tapine is over after the Knights released the second rower from his 2016 contract. In a statement the club said the details of the release ..."
"can","Canberra Raiders","Joseph Tapine","Prop","2","player_specific_contract_candidate","zerotackle.com","false","false","true","contract_or_signing_language|contract_table","zerotackle-direct-player-profile","","Joseph Tapine (Canberra Raiders) - NRL Stats, News, Contract &amp; Player Profile - Zero Tackle","https://www.zerotackle.com/players/joseph-tapine/","Player Contracts Player Contracts Team 2026 2027 2028 2029 2030 Canberra Raiders $950K $950K PO Stats 2026 Stats Round Opp P T G MINS AR ARM LB LBA TA OL TK MT TB KM 40/20 PE ER TOTALS 17 0 0 0 922 248 2226 0 1 0 31 550 35 35 0 0 8 7 1 0 0 0 55 8 66 0 0 0 2 27 2 1 0 0 1 2 2 0 0 0 54 13 118 0 0 0 2 32 3 1 0 0 2 0 3 0 0 0 34 11 76 0 0 0 4 21 1 3 0 0 1 0 4 0 0 0 53 16 133 0 0 0 1 35 1 3 0 0 1 1 5 0 0 0 53 18 169 0 0 0 0"
"can","Canberra Raiders","Hudson Young","2nd Row","1","player_specific_contract_candidate","au.sports.yahoo.com","false","false","false","contract_or_salary_language","bing-news-rss","Sat, 16 May 2026 22:14:00 GMT","Hudson Young to begin negotiations over future","https://au.sports.yahoo.com/hudson-young-begin-negotiations-over-051454113.html","The Canberra Raiders are set to kick off talks with Hudson Young in the coming weeks over a long-term contract extension. Young has become one of the best - and more importantly most consistent - ..."
"can","Canberra Raiders","Hudson Young","2nd Row","2","player_specific_profile_candidate","raiders.com.au","true","false","false","","official-club-signings-topic","","Signings Hudson Young Re-Signs with the Raiders","https://www.raiders.com.au/news/2023/09/08/hudson-young-re-signs-with-the-raiders/","RateLimitTriggeredError: Per IP rate limit exceeded"
"can","Canberra Raiders","Hudson Young","2nd Row","3","player_specific_profile_candidate","raiders.com.au","true","false","false","","official-club-signings-topic","","Signings Hudson Young Re-Signs with the Raiders","https://www.raiders.com.au/news/2021/03/11/hudson-young-re-signs-with-the-raiders/","RateLimitTriggeredError: Per IP rate limit exceeded"
"can","Canberra Raiders","Hudson Young","2nd Row","4","player_specific_contract_candidate","zerotackle.com","false","false","true","contract_or_signing_language|contract_table","zerotackle-direct-player-profile","","Hudson Young (Canberra Raiders) - NRL Stats, News, Contract &amp; Player Profile - Zero Tackle","https://www.zerotackle.com/players/hudson-young/","Player Contracts Player Contracts Team 2026 2027 2028 2029 2030 Canberra Raiders $650K $650K Stats 2026 Stats Round Opp P T G MINS AR ARM LB LBA TA OL TK MT TB KM 40/20 PE ER TOTALS 16 24 6 0 1258 268 2099 4 3 6 27 514 59 48 135 0 12 20 1 0 0 0 82 18 149 0 0 1 3 34 3 3 26 0 2 2 2 0 0 0 80 13 112 0 0 0 0 38 5 2 7 0 1 1 3 0 0 0 80 17 130 1 0 1 3 34 2 4 8 0 1 3 4 4 1 0 80 14 140 1 0 0 1 26 6 5 0 0 0 3 5 0 0 0 80 20 168 "
"can","Canberra Raiders","Noah Martin","2nd Row","1","player_specific_contract_candidate","zerotackle.com","false","false","true","contract_or_signing_language|contract_table","zerotackle-direct-player-profile","","Noah Martin (Canberra Raiders) - NRL Stats, News, Contract &amp; Player Profile - Zero Tackle","https://www.zerotackle.com/players/noah-martin/","Player Contracts Player Contracts Team 2026 2027 2028 2029 2030 Canberra Raiders ✔ ✔ ✔ Stats 2026 Stats Round Opp P T G MINS AR ARM LB LBA TA OL TK MT TB KM 40/20 PE ER TOTALS 9 12 3 0 637 73 667 4 0 0 1 365 18 19 10 0 2 5 1 8 2 0 82 8 74 2 0 0 0 48 0 3 0 0 2 0 2 0 0 0 80 10 90 0 0 0 0 51 3 2 0 0 0 0 3 0 0 0 80 6 49 0 0 0 1 44 1 1 0 0 0 0 4 0 0 0 80 9 99 0 0 0 0 46 4 4 10 0 0 1 5 0 0 0 80 7 78 1 0 0 0 60 3 2 0 0 0 3 "
"can","Canberra Raiders","Corey Horsburgh","Lock","1","player_specific_profile_candidate","raiders.com.au","true","false","false","","official-club-signings-topic","","Signings Corey Horsburgh Re-Signs with the Raiders","https://www.raiders.com.au/news/2023/09/20/corey-horsburgh-re-signs-with-the-raiders/","RateLimitTriggeredError: Per IP rate limit exceeded"
"can","Canberra Raiders","Corey Horsburgh","Lock","2","player_specific_contract_candidate","zerotackle.com","false","false","true","contract_or_signing_language|contract_table","zerotackle-direct-player-profile","","Corey Horsburgh (Canberra Raiders) - NRL Stats, News, Contract &amp; Player Profile - Zero Tackle","https://www.zerotackle.com/players/corey-horsburgh/","Player Contracts Player Contracts Team 2026 2027 2028 2029 2030 Canberra Raiders ✔ ✔ Stats 2026 Stats Round Opp P T G MINS AR ARM LB LBA TA OL TK MT TB KM 40/20 PE ER TOTALS 17 8 2 0 929 227 1931 1 0 0 25 594 32 33 0 0 12 7 1 0 0 0 67 15 138 0 0 0 1 43 4 5 0 0 1 0 2 0 0 0 54 14 130 0 0 0 3 30 3 0 0 0 0 1 3 0 0 0 52 9 78 0 0 0 2 28 3 2 0 0 0 0 4 0 0 0 54 13 119 0 0 0 0 32 1 1 0 0 2 0 5 0 0 0 42 8 63 0 0 0 1 29 1 0 0 0"
"can","Canberra Raiders","Jayden Brailey","Interchange","1","player_specific_profile_candidate","raiders.com.au","true","false","false","","official-club-signings-topic","","Signings Raiders Sign Jayden Brailey","https://www.raiders.com.au/news/2025/03/26/raiders-sign-jayden-brailey/","RateLimitTriggeredError: Per IP rate limit exceeded"
"can","Canberra Raiders","Jayden Brailey","Interchange","2","player_specific_contract_candidate","zerotackle.com","false","false","true","contract_or_signing_language|contract_table","zerotackle-direct-player-profile","","Jayden Brailey (Canberra Raiders) - NRL Stats, News, Contract &amp; Player Profile - Zero Tackle","https://www.zerotackle.com/players/jayden-brailey/","Player Contracts Player Contracts Team 2026 2027 2028 2029 2030 Canberra Raiders ✔ ✔ Stats 2026 Stats Round Opp P T G MINS AR ARM LB LBA TA OL TK MT TB KM 40/20 PE ER TOTALS 15 0 0 0 532 56 477 0 0 0 0 317 13 3 0 0 3 2 1 0 0 0 23 1 10 0 0 0 0 12 0 0 0 0 0 0 2 0 0 0 16 0 0 0 0 0 0 10 1 0 0 0 0 0 3 0 0 0 49 1 12 0 0 0 0 25 0 0 0 0 0 1 4 0 0 0 19 0 0 0 0 0 0 15 1 0 0 0 0 0 5 0 0 0 30 4 46 0 0 0 0 14 0 2 0 0 0 1 6 0 0 0 "
"can","Canberra Raiders","Zac Hosking","Interchange","1","player_specific_contract_candidate","raiders.com.au","true","false","false","contract_or_signing_language|term_language|term_length_language","official-club-signings-topic","2025-08-19T22:58:19+00:00","Simi Sasagi Re-Signs with the Raiders","https://www.raiders.com.au/news/2025/08/20/simi-sasagi-re-signs-with-the-raiders/","Title: Simi Sasagi Re-Signs with the Raiders URL Source: https://www.raiders.com.au/news/2025/08/20/simi-sasagi-re-signs-with-the-raiders/ Published Time: 2025-08-19T22:58:19+00:00 Markdown Content: [Skip to main content](https://www.raiders.com.au/news/2025/08/20/simi-sasagi-re-signs-with-the-raiders/#main-content) ## Main [![Image 2: raiders logo](https://www.raiders.com.au/.theme/raiders/badge-light.svg?bust=202607060241)![Image 3: raiders logo](https://www.raiders.com.au/.theme/raiders/text.svg?bust=202607060241)](https://www.raiders.com.au/) [](https://www.raiders.com.au/search/) * [News](https://www.raiders.com.au/news/) * [Video](https://www.raiders.com.au/watch/) * [Draw](https://www"
"can","Canberra Raiders","Zac Hosking","Interchange","2","player_specific_profile_candidate","raiders.com.au","true","false","false","","official-club-signings-topic","","Signings Raiders Re-Sign Zac Hosking","https://www.raiders.com.au/news/2025/07/17/raiders-re-sign-zac-hosking/","RateLimitTriggeredError: Per IP rate limit exceeded"
"can","Canberra Raiders","Zac Hosking","Interchange","3","player_specific_contract_candidate","raiders.com.au","true","false","false","contract_or_signing_language|term_language","official-club-signings-topic","2025-06-30T23:24:25+00:00","Raiders Re-Sign Savelio Tamale","https://www.raiders.com.au/news/2025/07/01/raiders-re-sign-savelio-tamale/","Title: Raiders Re-Sign Savelio Tamale URL Source: https://www.raiders.com.au/news/2025/07/01/raiders-re-sign-savelio-tamale/ Published Time: 2025-06-30T23:24:25+00:00 Markdown Content: [Skip to main content](https://www.raiders.com.au/news/2025/07/01/raiders-re-sign-savelio-tamale/#main-content) ## Main [![Image 2: raiders logo](https://www.raiders.com.au/.theme/raiders/badge-light.svg?bust=202607060241)![Image 3: raiders logo](https://www.raiders.com.au/.theme/raiders/text.svg?bust=202607060241)](https://www.raiders.com.au/) [](https://www.raiders.com.au/search/) * [News](https://www.raiders.com.au/news/) * [Video](https://www.raiders.com.au/watch/) * [Draw](https://www.raiders.com.au/draw/"
"can","Canberra Raiders","Zac Hosking","Interchange","4","player_specific_contract_candidate","raiders.com.au","true","false","false","contract_or_signing_language|term_length_language","official-club-signings-topic","2021-11-01T23:21:38+00:00","Adam Elliott Signs with the Raiders","https://www.raiders.com.au/news/2021/11/02/adam-elliott-signs-with-the-raiders/","Title: Adam Elliott Signs with the Raiders URL Source: https://www.raiders.com.au/news/2021/11/02/adam-elliott-signs-with-the-raiders/ Published Time: 2021-11-01T23:21:38+00:00 Markdown Content: [Skip to main content](https://www.raiders.com.au/news/2021/11/02/adam-elliott-signs-with-the-raiders/#main-content) ## Main [![Image 1: raiders logo](https://www.raiders.com.au/.theme/raiders/badge-light.svg?bust=202607060241)![Image 2: raiders logo](https://www.raiders.com.au/.theme/raiders/text.svg?bust=202607060241)](https://www.raiders.com.au/) [](https://www.raiders.com.au/search/) * [News](https://www.raiders.com.au/news/) * [Video](https://www.raiders.com.au/watch/) * [Draw](https://www.raide"
"can","Canberra Raiders","Zac Hosking","Interchange","5","player_specific_contract_candidate","zerotackle.com","false","false","true","contract_or_signing_language|contract_table","zerotackle-direct-player-profile","","Zac Hosking (Canberra Raiders) - NRL Stats, News, Contract &amp; Player Profile - Zero Tackle","https://www.zerotackle.com/players/zac-hosking/","Player Contracts Player Contracts Team 2026 2027 2028 2029 2030 Canberra Raiders ✔ ✔ ✔ Stats 2026 Stats Round Opp P T G MINS AR ARM LB LBA TA OL TK MT TB KM 40/20 PE ER TOTALS 15 16 4 0 941 174 1440 2 1 0 16 495 23 13 0 0 0 4 1 0 0 0 30 11 95 0 0 0 2 18 2 2 0 0 0 0 2 0 0 0 45 7 54 0 0 0 0 38 2 0 0 0 0 1 3 0 0 0 39 7 61 0 0 0 0 26 1 0 0 0 0 0 4 0 0 0 28 9 79 0 0 0 2 17 0 1 0 0 0 0 5 0 0 0 57 9 52 0 0 0 1 43 1 0 0 0 0 "
"can","Canberra Raiders","Morgan Smithies","Interchange","1","player_specific_profile_candidate","raiders.com.au","true","false","false","","official-club-signings-topic","","Signings Morgan Smithies Signs with the Raiders","https://www.raiders.com.au/news/2023/10/31/morgan-smithies-signs-with-the-raiders/","RateLimitTriggeredError: Per IP rate limit exceeded"
"can","Canberra Raiders","Morgan Smithies","Interchange","2","player_specific_contract_candidate","zerotackle.com","false","false","true","contract_or_signing_language|contract_table","zerotackle-direct-player-profile","","Morgan Smithies (Canberra Raiders) - NRL Stats, News, Contract &amp; Player Profile - Zero Tackle","https://www.zerotackle.com/players/morgan-smithies/","Player Contracts Player Contracts Team 2026 2027 2028 2029 2030 Canberra Raiders ✔ Stats 2026 Stats Round Opp P T G MINS AR ARM LB LBA TA OL TK MT TB KM 40/20 PE ER TOTALS 17 0 0 0 670 123 1022 0 0 0 2 460 20 7 0 0 3 3 1 0 0 0 42 19 131 0 0 0 1 22 0 3 0 0 1 0 2 0 0 0 37 3 29 0 0 0 0 29 0 0 0 0 0 0 3 0 0 0 28 3 32 0 0 0 0 27 0 1 0 0 0 0 4 0 0 0 42 5 37 0 0 0 1 31 4 1 0 0 0 1 5 0 0 0 34 5 44 0 0 0 0 28 1 0 0 0 0 0 6 0 "
"can","Canberra Raiders","Simi Sasagi","Interchange","1","player_specific_profile_candidate","goldcoastbulletin.com.au","false","false","false","","bing-news-rss","Tue, 12 May 2026 06:31:00 GMT","Canberra Raiders star Simi Sasagi opens up on engagement, family, chasing NRL dream","https://www.goldcoastbulletin.com.au/sport/nrl/canberra-raiders-star-simi-sasagi-opens-up-on-engagement-family-chasing-nrl-dream/news-story/01c76a4b05b095624e313f2eb56f26f1","Hiding in a shoebox in the back of his closet was a secret Sasagi had been keeping since January. ""I knew she wouldn't look – well, I was hoping she wouldn't – in any of the shoe boxes,"" Sasagi ..."
"can","Canberra Raiders","Simi Sasagi","Interchange","2","player_specific_profile_candidate","adelaidenow.com.au","false","false","false","","bing-news-rss","Tue, 12 May 2026 06:02:00 GMT","Canberra Raiders star Simi Sasagi opens up on engagement, family, chasing NRL dream","https://www.adelaidenow.com.au/sport/nrl/canberra-raiders-star-simi-sasagi-opens-up-on-engagement-family-chasing-nrl-dream/news-story/01c76a4b05b095624e313f2eb56f26f1","Simi Sasagi used to go to Boost Juice in the hopes the girl he had a crush on was working. Now, they are engaged – something that wouldn't have been possible without a brave move away from home."
"can","Canberra Raiders","Simi Sasagi","Interchange","3","player_specific_contract_candidate","raiders.com.au","true","false","false","contract_or_signing_language|term_language|term_length_language","official-club-signings-topic","2025-08-19T22:58:19+00:00","Simi Sasagi Re-Signs with the Raiders","https://www.raiders.com.au/news/2025/08/20/simi-sasagi-re-signs-with-the-raiders/","Title: Simi Sasagi Re-Signs with the Raiders URL Source: https://www.raiders.com.au/news/2025/08/20/simi-sasagi-re-signs-with-the-raiders/ Published Time: 2025-08-19T22:58:19+00:00 Markdown Content: [Skip to main content](https://www.raiders.com.au/news/2025/08/20/simi-sasagi-re-signs-with-the-raiders/#main-content) ## Main [![Image 2: raiders logo](https://www.raiders.com.au/.theme/raiders/badge-light.svg?bust=202607060241)![Image 3: raiders logo](https://www.raiders.com.au/.theme/raiders/text.svg?bust=202607060241)](https://www.raiders.com.au/) [](https://www.raiders.com.au/search/) * [News](https://www.raiders.com.au/news/) * [Video](https://www.raiders.com.au/watch/) * [Draw](https://www"
"can","Canberra Raiders","Simi Sasagi","Interchange","4","player_specific_contract_candidate","raiders.com.au","true","false","false","contract_or_signing_language|term_language","official-club-signings-topic","2025-06-30T23:24:25+00:00","Raiders Re-Sign Savelio Tamale","https://www.raiders.com.au/news/2025/07/01/raiders-re-sign-savelio-tamale/","Title: Raiders Re-Sign Savelio Tamale URL Source: https://www.raiders.com.au/news/2025/07/01/raiders-re-sign-savelio-tamale/ Published Time: 2025-06-30T23:24:25+00:00 Markdown Content: [Skip to main content](https://www.raiders.com.au/news/2025/07/01/raiders-re-sign-savelio-tamale/#main-content) ## Main [![Image 2: raiders logo](https://www.raiders.com.au/.theme/raiders/badge-light.svg?bust=202607060241)![Image 3: raiders logo](https://www.raiders.com.au/.theme/raiders/text.svg?bust=202607060241)](https://www.raiders.com.au/) [](https://www.raiders.com.au/search/) * [News](https://www.raiders.com.au/news/) * [Video](https://www.raiders.com.au/watch/) * [Draw](https://www.raiders.com.au/draw/"
"can","Canberra Raiders","Simi Sasagi","Interchange","5","player_specific_profile_candidate","raiders.com.au","true","false","false","","official-club-signings-topic","","Signings Raiders re-sign Tom Starling and sign Simi Sasagi","https://www.raiders.com.au/news/2023/08/22/raiders-re-sign-tom-starling-and-sign-simi-sasagi/","RateLimitTriggeredError: Per IP rate limit exceeded"
"can","Canberra Raiders","Simi Sasagi","Interchange","6","player_specific_contract_candidate","raiders.com.au","true","false","false","contract_or_signing_language|term_length_language","official-club-signings-topic","2021-11-01T23:21:38+00:00","Adam Elliott Signs with the Raiders","https://www.raiders.com.au/news/2021/11/02/adam-elliott-signs-with-the-raiders/","Title: Adam Elliott Signs with the Raiders URL Source: https://www.raiders.com.au/news/2021/11/02/adam-elliott-signs-with-the-raiders/ Published Time: 2021-11-01T23:21:38+00:00 Markdown Content: [Skip to main content](https://www.raiders.com.au/news/2021/11/02/adam-elliott-signs-with-the-raiders/#main-content) ## Main [![Image 1: raiders logo](https://www.raiders.com.au/.theme/raiders/badge-light.svg?bust=202607060241)![Image 2: raiders logo](https://www.raiders.com.au/.theme/raiders/text.svg?bust=202607060241)](https://www.raiders.com.au/) [](https://www.raiders.com.au/search/) * [News](https://www.raiders.com.au/news/) * [Video](https://www.raiders.com.au/watch/) * [Draw](https://www.raide"
"can","Canberra Raiders","Simi Sasagi","Interchange","7","player_specific_contract_candidate","zerotackle.com","false","false","true","contract_or_signing_language|contract_table","zerotackle-direct-player-profile","","Simi Sasagi (Canberra Raiders) - NRL Stats, News, Contract &amp; Player Profile - Zero Tackle","https://www.zerotackle.com/players/simi-sasagi/","Player Contracts Player Contracts Team 2026 2027 2028 2029 2030 Canberra Raiders ✔ ✔ ✔ Stats 2026 Stats Round Opp P T G MINS AR ARM LB LBA TA OL TK MT TB KM 40/20 PE ER TOTALS 11 20 5 0 824 183 1848 6 6 6 9 172 30 49 64 0 3 5 1 0 0 0 82 20 189 0 1 1 0 18 4 4 0 0 0 1 2 0 0 0 72 14 130 0 2 0 3 20 1 9 0 0 0 0 3 0 0 0 80 16 155 0 0 0 1 15 3 5 0 0 1 0 4 0 0 0 80 17 134 0 2 1 2 14 4 8 23 0 0 0 5 4 1 0 80 19 226 1 0 1 2 17 "
"can","Canberra Raiders","Ata Mariota","Unknown","1","player_specific_contract_candidate","zerotackle.com","false","false","true","contract_or_signing_language|contract_table","zerotackle-direct-player-profile","","Ata Mariota (Canberra Raiders) - NRL Stats, News, Contract &amp; Player Profile - Zero Tackle","https://www.zerotackle.com/players/ata-mariota/","Player Contracts Player Contracts Team 2026 2027 2028 2029 2030 Canberra Raiders ✔ Stats 2026 Stats Round Opp P T G MINS AR ARM LB LBA TA OL TK MT TB KM 40/20 PE ER TOTALS 17 0 0 0 753 155 1441 0 0 0 8 453 29 19 0 0 3 7 1 0 0 0 27 10 99 0 0 0 0 16 0 1 0 0 0 0 2 0 0 0 37 4 38 0 0 0 0 31 2 0 0 0 0 1 3 0 0 0 20 5 45 0 0 0 0 15 2 3 0 0 1 0 4 0 0 0 37 10 96 0 0 0 0 19 1 0 0 0 0 0 5 0 0 0 23 1 17 0 0 0 0 15 1 0 0 0 0 0 6 0"
"can","Canberra Raiders","Chevy Stewart","Unknown","1","player_specific_contract_candidate","zerotackle.com","false","false","true","contract_or_signing_language|contract_table","zerotackle-direct-player-profile","","Chevy Stewart (Canberra Raiders) - NRL Stats, News, Contract &amp; Player Profile - Zero Tackle","https://www.zerotackle.com/players/chevy-stewart/","Player Contracts Player Contracts Team 2026 2027 2028 2029 2030 Canberra Raiders ✔ MO Stats 2026 Stats Round Opp P T G MINS AR ARM LB LBA TA OL TK MT TB KM 40/20 PE ER TOTALS 9 0 0 0 17 7 58 0 0 0 0 0 0 2 0 0 0 0 5 0 0 0 0 0 0 0 0 0 0 0 0 0 0 0 0 0 8 0 0 0 0 0 0 0 0 0 0 0 0 0 0 0 0 0 9 0 0 0 17 7 58 0 0 0 0 0 0 2 0 0 0 0 10 0 0 0 0 0 0 0 0 0 0 0 0 0 0 0 0 0 12 0 0 0 0 0 0 0 0 0 0 0 0 0 0 0 0 0 13 0 0 0 0 0 0 0 0 0 0 "
"can","Canberra Raiders","Coby Black","Unknown","1","player_specific_contract_candidate","goldcoastbulletin.com.au","false","false","false","contract_or_salary_language","bing-news-rss","Fri, 12 Jun 2026 06:00:00 GMT","Former Brisbane Broncos prodigy Coby Black speaks about controversial exit ahead of NRL debut for Canberra","https://www.goldcoastbulletin.com.au/sport/nrl/former-brisbane-broncos-prodigy-coby-black-speaks-about-controversial-exit-ahead-of-nrl-debut-for-canberra/news-story/459f0902bb148af120350943a0424b72","Black, 20, is set to make his NRL debut for the Raiders on Saturday after being named 18th man for Canberra's clash with Parramatta in Sydney. A potential first grade debut this weekend will cap a ..."
"can","Canberra Raiders","Coby Black","Unknown","2","player_specific_contract_candidate","zerotackle.com","false","false","true","contract_or_signing_language|contract_table","zerotackle-direct-player-profile","","Coby Black (Canberra Raiders) - NRL Stats, News, Contract &amp; Player Profile - Zero Tackle","https://www.zerotackle.com/players/coby-black/","Player Contracts Player Contracts Team 2026 2027 2028 2029 2030 Canberra Raiders ✔ ✔ ✔ Stats 2026 Stats Round Opp P T G MINS AR ARM LB LBA TA OL TK MT TB KM 40/20 PE ER TOTALS 3 0 0 0 0 0 0 0 0 0 0 0 0 0 0 0 0 0 12 0 0 0 0 0 0 0 0 0 0 0 0 0 0 0 0 0 15 0 0 0 0 0 0 0 0 0 0 0 0 0 0 0 0 0 19 0 0 0 0 0 0 0 0 0 0 0 0 0 0 0 0 0 NRL Editorial and Opinion Forget the hype: Zane Harrison is making a real case to... Magdalena Mu"
"can","Canberra Raiders","Daine Laurie","Unknown","1","player_specific_profile_candidate","au.sports.yahoo.com","false","false","false","","bing-news-rss","Tue, 23 Jun 2026 08:09:00 GMT","Cause of Daine Laurie's suspension revealed","https://au.sports.yahoo.com/cause-daine-laurie-suspension-revealed-220941212.html","Canberra Raiders star Daine Laurie was a surprise omission from the Green Machine's line-up to face the St George Illawarra Dragons on Sunday. Laurie has played nine games for the Raiders this year, ..."
"can","Canberra Raiders","Daine Laurie","Unknown","2","player_specific_profile_candidate","geelongadvertiser.com.au","false","false","false","","bing-news-rss","Sat, 27 Jun 2026 04:50:00 GMT","NRL 2021: Wests Tigers rookie Daine Laurie reveals the incredible story of his name","https://www.geelongadvertiser.com.au/sport/nrl/nrl-2021-wests-tigers-rookie-daine-laurie-reveals-the-incredible-story-of-his-name/news-story/8e1a9b0f85a00f5a84cf2d699cf87741","Tigers recruit Daine Laurie has had a tougher road to the nrl than most, but his story reveals a man who was destined to make it. Largely without him, sure. But still, part of this proud Bundjalung ..."
"can","Canberra Raiders","Daine Laurie","Unknown","3","player_specific_contract_candidate","zerotackle.com","false","false","true","contract_or_signing_language|contract_table","zerotackle-direct-player-profile","","Daine Laurie (Canberra Raiders) - NRL Stats, News, Contract &amp; Player Profile - Zero Tackle","https://www.zerotackle.com/players/daine-laurie/","Player Contracts Player Contracts Team 2026 2027 2028 2029 2030 Canberra Raiders ✔ ✔ ✔ Stats 2026 Stats Round Opp P T G MINS AR ARM LB LBA TA OL TK MT TB KM 40/20 PE ER TOTALS 15 4 1 0 537 80 723 4 1 3 3 201 21 21 249 0 2 7 1 0 0 0 0 0 0 0 0 0 0 0 0 0 0 0 0 0 2 0 0 0 0 0 0 0 0 0 0 0 0 0 0 0 0 0 3 0 0 0 0 0 0 0 0 0 0 0 0 0 0 0 0 0 4 0 0 0 0 0 0 0 0 0 0 0 0 0 0 0 0 0 6 0 0 0 0 0 0 0 0 0 0 0 0 0 0 0 0 0 7 0 0 0 0 0 0 0 "
"can","Canberra Raiders","Jake Clydesdale","Unknown","1","player_specific_contract_candidate","zerotackle.com","false","false","true","contract_or_signing_language|contract_table","zerotackle-direct-player-profile","","Jake Clydsdale (Canberra Raiders) - NRL Stats, News, Contract &amp; Player Profile - Zero Tackle","https://www.zerotackle.com/players/jake-clydsdale/","Player Contracts Player Contracts Team 2026 2027 2028 2029 2030 Canberra Raiders ✔ Stats 2026 Stats Round Opp P T G MINS AR ARM LB LBA TA OL TK MT TB KM 40/20 PE ER TOTALS 2 0 0 0 0 0 0 0 0 0 0 0 0 0 0 0 0 0 12 0 0 0 0 0 0 0 0 0 0 0 0 0 0 0 0 0 17 0 0 0 0 0 0 0 0 0 0 0 0 0 0 0 0 0 NRL Editorial and Opinion SIX players the Parramatta Eels should target for the rest of... Kye Ferreira - April 19, 2026 NRL Editorial and"
"can","Canberra Raiders","Joe Roddy","Unknown","1","player_specific_contract_candidate","au.sports.yahoo.com","false","false","false","contract_or_salary_language|term_language","bing-news-rss","Wed, 24 Jun 2026 17:00:00 GMT","Raiders extend promising pathways talent","https://au.sports.yahoo.com/raiders-extend-promising-pathways-talent-041228176.html","The Canberra Raiders have confirmed the extension of forward Joe Roddy for a further three years, keeping him at the club until the end of the 2030 season. In his limited time in the NRL, Roddy has ..."
"can","Canberra Raiders","Joe Roddy","Unknown","2","player_specific_profile_candidate","raiders.com.au","true","false","false","","official-club-signings-topic","","Signings Joe Roddy extends with Raiders until end of","https://www.raiders.com.au/news/2026/06/25/joe-roddy-extends-with-raiders-until-end-of-2030/","RateLimitTriggeredError: Per IP rate limit exceeded"
"can","Canberra Raiders","Joe Roddy","Unknown","3","player_specific_contract_candidate","zerotackle.com","false","false","true","contract_or_signing_language|contract_table","zerotackle-direct-player-profile","","Joe Roddy (Canberra Raiders) - NRL Stats, News, Contract &amp; Player Profile - Zero Tackle","https://www.zerotackle.com/players/joe-roddy/","Player Contracts Player Contracts Team 2026 2027 2028 2029 2030 Canberra Raiders ✔ ✔ ✔ ✔ ✔ Stats 2026 Stats Round Opp P T G MINS AR ARM LB LBA TA OL TK MT TB KM 40/20 PE ER TOTALS 7 0 0 0 87 9 76 0 0 0 0 65 6 1 0 0 1 0 2 0 0 0 0 0 0 0 0 0 0 0 0 0 0 0 0 0 4 0 0 0 16 3 30 0 0 0 0 14 1 1 0 0 0 0 6 0 0 0 0 0 0 0 0 0 0 0 0 0 0 0 0 0 7 0 0 0 0 0 0 0 0 0 0 0 0 0 0 0 0 0 8 0 0 0 37 2 19 0 0 0 0 29 3 0 0 0 0 0 9 0 0 0 34 4 27"
"can","Canberra Raiders","Matty Nicholson","Unknown","1","player_specific_profile_candidate","raiders.com.au","true","false","false","","official-club-signings-topic","","Signings Raiders Sign Matty Nicholson","https://www.raiders.com.au/news/2024/07/12/raiders-sign-matty-nicholson/","RateLimitTriggeredError: Per IP rate limit exceeded"
"can","Canberra Raiders","Matty Nicholson","Unknown","2","player_specific_contract_candidate","zerotackle.com","false","false","true","contract_or_signing_language|contract_table","zerotackle-direct-player-profile","","Matty Nicholson (Canberra Raiders) - NRL Stats, News, Contract &amp; Player Profile - Zero Tackle","https://www.zerotackle.com/players/matty-nicholson/","Player Contracts Player Contracts Team 2026 2027 2028 2029 2030 Canberra Raiders ✔ ✔ Stats Latest NRL News Fears NRL season is over with surgery booked for Raiders forward Leo Twemlow - March 12, 2026 Latest NRL News Three Sharks approach perfection in shock semi-final win: NRL Finals, Raiders... Scott Pryde - September 20, 2025 Matty Nicholson Future-focused: Raiders set to enter talks with injured young forward Eth"
"can","Canberra Raiders","Michael Asomua","Unknown","1","player_specific_contract_candidate","zerotackle.com","false","false","true","contract_or_signing_language|contract_table","zerotackle-direct-player-profile","","Michael Asomua (Canberra Raiders) - NRL Stats, News, Contract &amp; Player Profile - Zero Tackle","https://www.zerotackle.com/players/michael-asomua/","Player Contracts Player Contracts Team 2026 2027 2028 2029 2030 Canberra Raiders ✔ Stats Michael Asomua Raiders lock in double re-signing Scott Pryde - November 22, 2023 Latest News FULL TIME: Storm vs Titans &#8211; Round 19, 2026 July 12, 2026 FULL TIME: Sea Eagles vs Cowboys &#8211; Round 19, 2026 July 12, 2026 FINAL TEAMS: Storm vs Titans &#8211; Round 19, 2026 July 12, 2026 FULL TIME: Rabbitohs vs Knights &#8211"
"can","Canberra Raiders","Myles Martin","Unknown","1","player_specific_contract_candidate","zerotackle.com","false","false","true","contract_or_signing_language|contract_table","zerotackle-direct-player-profile","","Myles Martin (Canberra Raiders) - NRL Stats, News, Contract &amp; Player Profile - Zero Tackle","https://www.zerotackle.com/players/myles-martin/","Player Contracts Player Contracts Team 2026 2027 2028 2029 2030 Canberra Raiders ✔ ✔ Stats Canberra Raiders Should the Raiders re-sign Josh Papalii? Scott Pryde - August 26, 2025 NRL Editorial and Opinion Rookie Watch: Top 100 young players yet to play NRL: 40-21 Ethan Lee Chalk - June 26, 2025 Myles Martin Knights confirm departures of six players Ethan Lee Chalk - September 18, 2024 Myles Martin NRL club confirms s"
"can","Canberra Raiders","Owen Pattie","Unknown","1","player_specific_contract_candidate","zerotackle.com","false","false","true","contract_or_signing_language|contract_table","zerotackle-direct-player-profile","","Owen Pattie (Canberra Raiders) - NRL Stats, News, Contract &amp; Player Profile - Zero Tackle","https://www.zerotackle.com/players/owen-pattie/","Player Contracts Player Contracts Team 2026 2027 2028 2029 2030 Canberra Raiders ✔ ✔ ✔ Stats 2026 Stats Round Opp P T G MINS AR ARM LB LBA TA OL TK MT TB KM 40/20 PE ER TOTALS 10 4 1 0 302 36 274 1 0 1 5 196 26 6 614 3 1 3 8 0 0 0 0 0 0 0 0 0 0 0 0 0 0 0 0 0 9 0 0 0 18 3 12 0 0 0 0 14 2 0 47 0 0 1 10 0 0 0 17 2 11 0 0 0 0 8 0 0 61 0 0 0 12 0 0 0 25 2 17 0 0 0 0 16 2 0 41 0 0 0 13 0 0 0 18 1 24 1 0 0 0 11 5 0 0 0 0 1 "
"can","Canberra Raiders","Sione Finau","Unknown","1","player_specific_contract_candidate","zerotackle.com","false","false","true","contract_or_signing_language|contract_table","zerotackle-direct-player-profile","","Sione Finau (Canberra Raiders) - NRL Stats, News, Contract &amp; Player Profile - Zero Tackle","https://www.zerotackle.com/players/sione-finau/","Player Contracts Player Contracts Team 2026 2027 2028 2029 2030 Canberra Raiders ✔ ✔ ✔ Stats Latest NRL News Former NRL star aspires to play again and reunite with family Kye Ferreira - May 24, 2026 Sione Finau ""Another level"": Finau on how he's changed his game since joining... Isaac Issa - January 27, 2026 Latest NRL News Raiders recruit reveals why he left the Dragons Isaac Issa - January 24, 2026 Latest NRL News "
"can","Canberra Raiders","Vena Patuki-Case","Unknown","1","player_specific_contract_candidate","zerotackle.com","false","false","true","contract_or_signing_language|contract_table","zerotackle-direct-player-profile","","Vena Patuki-Case (Canberra Raiders) - NRL Stats, News, Contract &amp; Player Profile - Zero Tackle","https://www.zerotackle.com/players/vena-patuki-case/","Player Contracts Player Contracts Team 2026 2027 2028 2029 2030 Canberra Raiders ✔ Stats 2026 Stats Round Opp P T G MINS AR ARM LB LBA TA OL TK MT TB KM 40/20 PE ER TOTALS 3 0 0 0 23 7 61 0 0 0 0 13 0 1 0 0 0 1 14 0 0 0 0 0 0 0 0 0 0 0 0 0 0 0 0 0 15 0 0 0 23 7 61 0 0 0 0 13 0 1 0 0 0 1 16 0 0 0 0 0 0 0 0 0 0 0 0 0 0 0 0 0 Canberra Raiders Should the Raiders re-sign Josh Papalii? Scott Pryde - August 26, 2025 Vena Pa"
"cby","Canterbury-Bankstown Bulldogs","Connor Tracey","Fullback","1","player_specific_profile_candidate","bulldogs.com.au","true","false","false","","official-club-signings-topic","","Club News Canterbury Confirms Connor Tracey Signing","https://www.bulldogs.com.au/news/2023/11/28/canterbury-confirms-connor-tracey-signing/","RateLimitTriggeredError: Per IP rate limit exceeded"
"cby","Canterbury-Bankstown Bulldogs","Connor Tracey","Fullback","2","player_specific_contract_candidate","zerotackle.com","false","false","true","contract_or_signing_language|contract_table","zerotackle-direct-player-profile","","Connor Tracey (Canterbury-Bankstown Bulldogs) - NRL Stats, News, Contract &amp; Player Profile - Zero Tackle","https://www.zerotackle.com/players/connor-tracey/","Player Contracts Player Contracts Team 2026 2027 2028 2029 2030 Canterbury-Bankstown Bulldogs ✔ ✔ ✔ Stats 2026 Stats Round Opp P T G MINS AR ARM LB LBA TA OL TK MT TB KM 40/20 PE ER TOTALS 14 12 3 0 1133 281 2692 8 2 2 12 38 17 37 48 0 3 20 1 0 0 0 90 23 246 0 1 0 2 2 1 4 0 0 0 1 3 4 1 0 80 24 214 2 0 0 2 5 1 3 0 0 0 2 4 0 0 0 80 23 233 1 0 0 0 2 2 3 0 0 0 3 5 4 1 0 80 17 183 1 0 0 0 5 0 2 0 0 0 3 6 0 0 0 80 17 132 0"
"cby","Canterbury-Bankstown Bulldogs","Jacob Kiraz","Winger","1","player_specific_profile_candidate","couriermail.com.au","false","false","false","","bing-news-rss","Sun, 07 Jun 2026 09:15:00 GMT","NRL Late Mail Round 14: Jacob Kiraz, Stephen Crichton set to play for Bulldogs","https://www.couriermail.com.au/sport/nrl/supercoach-news/nrl-late-mail-round-14-bulldogs-star-jacob-kiraz-in-doubt-with-mystery-injury/news-story/b38bfa55f7a4e6cfbcb3d287dfab457e","Bulldogs stars Jacob Kiraz and Stephen Crichton have survived the 24-hour cut and are set to take the field for Canterbury's King's Birthday clash against the Eels. Kiraz has struggled with a calf ..."
"cby","Canterbury-Bankstown Bulldogs","Jacob Kiraz","Winger","2","player_specific_profile_candidate","bulldogs.com.au","true","false","false","","official-club-signings-topic","","Club News Jacob Kiraz Commits to the Bulldogs Through","https://www.bulldogs.com.au/news/2023/10/20/jacob-kiraz-commits-to-the-bulldogs-through-2027/","RateLimitTriggeredError: Per IP rate limit exceeded"
"cby","Canterbury-Bankstown Bulldogs","Jacob Kiraz","Winger","3","player_specific_contract_candidate","zerotackle.com","false","false","true","contract_or_signing_language|contract_table","zerotackle-direct-player-profile","","Jacob Kiraz (Canterbury-Bankstown Bulldogs) - NRL Stats, News, Contract &amp; Player Profile - Zero Tackle","https://www.zerotackle.com/players/jacob-kiraz/","Player Contracts Player Contracts Team 2026 2027 2028 2029 2030 Canterbury-Bankstown Bulldogs ✔ ✔ ✔ Stats 2026 Stats Round Opp P T G MINS AR ARM LB LBA TA OL TK MT TB KM 40/20 PE ER TOTALS 12 24 6 0 899 242 2228 7 2 1 45 49 14 44 42 0 4 9 1 4 1 0 90 29 278 1 1 0 4 4 0 1 19 0 0 1 3 0 0 0 80 17 139 0 0 0 2 6 3 0 0 0 1 1 4 4 1 0 80 18 178 0 1 1 5 8 5 1 0 0 0 1 5 0 0 0 80 23 197 0 0 0 3 3 0 3 0 0 1 1 6 4 1 0 80 14 160 1 "
"cby","Canterbury-Bankstown Bulldogs","Bronson Xerri","Centre","1","player_specific_salary_candidate","theaustralian.com.au","false","false","false","money|contract_or_salary_language","bing-news-rss","Thu, 09 Jul 2026 15:02:00 GMT","Out of favour Bulldogs star Bronson Xerri signs with Melbourne Storm for 2027 on three year deal","https://www.theaustralian.com.au/sport/nrl/panthers-face-fight-to-keep-moses-leota-amid-1m-offers-from-rival-clubs/news-story/a045139211659d185b490cb11f8c5055","Moses Leota's value is set to reach the $1 million mark with six clubs, including the Sydney Roosters, Dolphins and Perth, expressing interest in the Panthers enforcer."
"cby","Canterbury-Bankstown Bulldogs","Bronson Xerri","Centre","2","player_specific_contract_candidate","au.sports.yahoo.com","false","false","false","contract_or_salary_language|signing_language|term_length_language","bing-news-rss","Thu, 09 Jul 2026 16:06:00 GMT","Bronson Xerri Bulldogs departure official as new club confirm signing","https://au.sports.yahoo.com/bronson-xerri-bulldogs-departure-official-230624395.html","Bronson Xerri will join the Melbourne Storm from the 2027 NRL season after signing a three-year contract with the club, bringing an end to his stint at the Canterbury Bulldogs. The move comes after a ..."
"cby","Canterbury-Bankstown Bulldogs","Bronson Xerri","Centre","3","player_specific_contract_candidate","au.sports.yahoo.com","false","false","false","contract_or_salary_language|term_length_language","bing-news-rss","Fri, 26 Jun 2026 20:24:00 GMT","Bronson Xerri set to make call on his NRL future","https://au.sports.yahoo.com/bronson-xerri-set-call-nrl-032444855.html","Melbourne Storm have pulled off one of the more compelling transfer market moves of the season. The Daily Telegraph reports that Bronson Xerri is set to sign a three-year deal with the Storm and end a ..."
"cby","Canterbury-Bankstown Bulldogs","Bronson Xerri","Centre","4","player_specific_contract_candidate","adelaidenow.com.au","false","false","false","contract_or_salary_language|signing_language","bing-news-rss","Thu, 09 Jul 2026 04:32:00 GMT","Out of favour Bulldogs star Bronson Xerri signs with Melbourne Storm for 2027 on three year deal","https://www.adelaidenow.com.au/sport/nrl/panthers-face-fight-to-keep-moses-leota-amid-1m-offers-from-rival-clubs/news-story/a045139211659d185b490cb11f8c5055","Centre Bronson Xerri has confirmed he will join Melbourne next season but insists that he is committed to finishing the season on a positive note at the Bulldogs."
"cby","Canterbury-Bankstown Bulldogs","Bronson Xerri","Centre","5","player_specific_contract_candidate","theaustralian.com.au","false","false","false","contract_or_salary_language","bing-news-rss","Tue, 17 Mar 2026 17:00:00 GMT","Bulldogs coach Cameron Ciraldo reacts to Bronson Xerri after shock axing","https://www.theaustralian.com.au/sport/nrl/bulldogs-coach-cameron-ciraldo-reacts-to-bronson-xerri-after-shock-axing/news-story/1444748c1c5d0248cf13047a15de880a","And Ciraldo could not give assurances Xerri would see out the final two years of his contract at Belmore. Xerri created a furore this week by threatening to immediately quit the Bulldogs after being ..."
"cby","Canterbury-Bankstown Bulldogs","Bronson Xerri","Centre","6","player_specific_contract_candidate","couriermail.com.au","false","false","false","term_length_language","bing-news-rss","Wed, 24 Jun 2026 07:19:00 GMT","Bronson Xerri set to leave Bulldogs after another shock demotion, Eels confirm interest","https://www.couriermail.com.au/sport/nrl/bronson-xerri-set-to-leave-bulldogs-after-another-shock-demotion/news-story/de38df873c392ed9dd76b32d345917b4","Xerri was seen with his agent Matt Desira on a flight back to Sydney on Tuesday night with his future now well and truly in the spotlight. Parramatta have also met Xerri as the 25-year-old ponders his ..."
"cby","Canterbury-Bankstown Bulldogs","Bronson Xerri","Centre","7","player_specific_contract_candidate","smh.com.au","false","false","false","term_language","bing-news-rss","Wed, 24 Jun 2026 06:02:00 GMT","Bronson Xerri hits open market early as rivals push for pre-June 30 move","https://www.smh.com.au/sport/nrl/bronson-xerri-hits-open-market-early-as-rivals-push-for-pre-june-30-move-20260624-p609mt.html","Bulldogs star Bronson Xerri is on the radar of several NRL rivals as an early exit from Canterbury looms at the end of 2026. Xerri and his management have held talks with officials from Melbourne and ..."
"cby","Canterbury-Bankstown Bulldogs","Bronson Xerri","Centre","8","player_specific_contract_candidate","cairnspost.com.au","false","false","false","term_language|term_length_language","bing-news-rss","Tue, 17 Mar 2026 05:00:00 GMT","Which NRL clubs are potential suitors for Bronson Xerri if released from Bulldogs?","https://www.cairnspost.com.au/sport/nrl/which-nrl-clubs-are-potential-suitors-for-bronson-xerri-if-released-from-bulldogs/news-story/be6e4a180c7a789ee1861f5fa25b0723","Xerri is locked down at the Bulldogs until the end of 2027, but if he is to make an early exit from Canterbury, here is a look at how every club is placed to sign the 25-year-old."
"cby","Canterbury-Bankstown Bulldogs","Bronson Xerri","Centre","9","player_specific_contract_candidate","msn.com","false","false","false","contract_or_salary_language|signing_language|term_length_language","bing-news-rss","Thu, 09 Jul 2026 20:10:00 GMT","Rival snaps up Dogs outcast on multi-year deal as early release granted","https://www.msn.com/en-au/news/other/rival-snaps-up-dogs-outcast-on-multi-year-deal-as-early-release-granted/ar-AA27AcPa","Bronson Xerri will join the Melbourne Storm next season after the club announced they'd signed the strike centre on a three-year deal."
"cby","Canterbury-Bankstown Bulldogs","Bronson Xerri","Centre","10","player_specific_contract_candidate","msn.com","false","false","false","contract_or_salary_language|signing_language|term_length_language","bing-news-rss","Thu, 09 Jul 2026 15:15:00 GMT","Xerri agrees to new deal with rival club","https://www.msn.com/en-au/sport/rugby_league/xerri-agrees-to-new-deal-with-rival-club/ar-AA27B7nF","Bronson Xerri won't be a Bulldog in 2027 after the strike centre signed a three-year deal with a powerhouse club that was desperate for outside backs."
"cby","Canterbury-Bankstown Bulldogs","Bronson Xerri","Centre","11","player_specific_profile_candidate","zerotackle.com","false","false","false","","bing-news-rss","Sun, 05 Jul 2026 04:04:00 GMT","The biggest misconception around the Eels ""rebuild""","https://www.zerotackle.com/the-biggest-misconception-around-the-eels-rebuild-235478/","They failed to sign Keaon Koloamatangi, Bronson Xerri, Lachlan Galvin and released Zac Lomax, who wanted to pursue opportunities with R360. They are also reportedly targeting Moses Leota from Penrith ..."
"cby","Canterbury-Bankstown Bulldogs","Bronson Xerri","Centre","12","player_specific_profile_candidate","msn.com","false","false","false","","bing-news-rss","Wed, 24 Jun 2026 18:20:06 GMT","Bronson Xerri hits open market early as rivals push for pre-June 30 move","https://www.msn.com/en-au/news/other/bronson-xerri-hits-open-market-early-as-rivals-push-for-pre-june-30-move/ar-AA26oI9x","The Bulldogs centre is eyeing an early exit from Belmore after a drama-charged season."
"cby","Canterbury-Bankstown Bulldogs","Bronson Xerri","Centre","13","player_specific_contract_candidate","zerotackle.com","false","false","true","contract_or_signing_language|contract_table","zerotackle-direct-player-profile","","Bronson Xerri (Canterbury-Bankstown Bulldogs) - NRL Stats, News, Contract &amp; Player Profile - Zero Tackle","https://www.zerotackle.com/players/bronson-xerri/","Player Contracts Player Contracts Team 2026 2027 2028 2029 2030 Canterbury-Bankstown Bulldogs ✔ Melbourne Storm ✔ ✔ ✔ Stats 2026 Stats Round Opp P T G MINS AR ARM LB LBA TA OL TK MT TB KM 40/20 PE ER TOTALS 14 8 2 0 926 152 1502 3 5 4 3 131 24 42 26 0 4 6 1 0 0 0 90 16 153 0 0 0 0 25 2 0 0 0 0 0 5 0 0 0 0 0 0 0 0 0 0 0 0 0 0 0 0 0 6 0 0 0 80 13 160 0 1 1 1 6 2 4 0 0 0 0 7 4 1 0 80 15 140 1 2 2 1 9 1 4 0 0 0 0 8 0 0 0"
"cby","Canterbury-Bankstown Bulldogs","Stephen Crichton","Centre","1","player_specific_salary_candidate","adelaidenow.com.au","false","false","false","money|contract_or_salary_language","bing-news-rss","Sat, 23 Jan 2021 12:31:00 GMT","Stephen Crichton set to become highest-paid centre in NRL — here's who he beat to the title","https://www.adelaidenow.com.au/sport/nrl/stephen-crichtons-contract-standoff-costs-penrith-a-pretty-penny/news-story/c9aced98ad5f9dbf107ff5d2d25c4469","Stephen Crichton is set to become the highest-earning centre in the NRL, overtaking some seriously big names. See full list. Crichton will be offered a $10,000-a-game upgrade to his existing contract ..."
"cby","Canterbury-Bankstown Bulldogs","Stephen Crichton","Centre","2","player_specific_salary_candidate","themercury.com.au","false","false","false","money|contract_or_salary_language","bing-news-rss","Sun, 26 Jul 2020 14:16:00 GMT","Stephen Crichton set to re-sign with Panthers on $1.5m deal","https://www.themercury.com.au/sport/nrl/stephen-crichton-set-to-resign-with-panthers-on-15m-deal/news-story/3ad49d1d3ad263294d543a5560230776","He attracted interest from six rival clubs, but the Penrith Panthers have moved quickly to re-sign their brightest young talent on a monster deal worth $1.5 million. Crichton is close to signing a ..."
"cby","Canterbury-Bankstown Bulldogs","Stephen Crichton","Centre","3","player_specific_profile_candidate","themercury.com.au","false","false","false","","bing-news-rss","Fri, 12 Feb 2021 16:01:00 GMT","Bulldogs bring Seumanufagai back to NRL, Stephen Crichton to re-sign with Penrith","https://www.themercury.com.au/sport/nrl/panthers-star-stephen-crichton-to-sign-new-contract-with-penrith/news-story/358449eecc133b25c89fcf7844c9e59d","Seumanufagai left the NRL after one year with the Sharks in 2018, having played 105 top grade games at the Tigers. He spent the past two seasons playing for Leeds in England and was part of their ..."
"cby","Canterbury-Bankstown Bulldogs","Stephen Crichton","Centre","4","player_specific_contract_candidate","bulldogs.com.au","true","false","false","contract_or_signing_language|term_language|term_length_language","official-club-signings-topic","2025-10-02T05:00:28+00:00","Skip Commits: Crichton Signs Long-Term Contract Extension","https://www.bulldogs.com.au/news/2025/10/02/skip-commits-crichton-signs-long-term-contract-extension/","Title: Skip Commits: Crichton Signs Long-Term Contract Extension URL Source: https://www.bulldogs.com.au/news/2025/10/02/skip-commits-crichton-signs-long-term-contract-extension/ Published Time: 2025-10-02T05:00:28+00:00 Markdown Content: [Skip to main content](https://www.bulldogs.com.au/news/2025/10/02/skip-commits-crichton-signs-long-term-contract-extension/#main-content) ## Main [![Image 2: bulldogs logo](https://www.bulldogs.com.au/globalassets/.lookups/themes/bulldogs-badge.svg)![Image 3: bulldogs logo](https://www.bulldogs.com.au/globalassets/.lookups/themes/bulldogs_text.svg)](https://www.bulldogs.com.au/) [](https://www.bulldogs.com.au/search/) * [News](https://www.bulldogs.com.au/n"
"cby","Canterbury-Bankstown Bulldogs","Stephen Crichton","Centre","5","player_specific_contract_candidate","zerotackle.com","false","false","true","contract_or_signing_language|contract_table","zerotackle-direct-player-profile","","Stephen Crichton (Canterbury-Bankstown Bulldogs) - NRL Stats, News, Contract &amp; Player Profile - Zero Tackle","https://www.zerotackle.com/players/stephen-crichton/","Player Contracts Player Contracts Team 2026 2027 2028 2029 2030 Canterbury-Bankstown Bulldogs $850K $850K ✔ ✔ ✔ Stats 2026 Stats Round Opp P T G MINS AR ARM LB LBA TA OL TK MT TB KM 40/20 PE ER TOTALS 15 78 4 30 1159 154 1655 5 7 7 12 171 28 38 1121 0 6 14 1 7 0 3 90 14 177 0 1 1 1 10 1 0 0 0 1 2 3 6 0 3 80 13 156 0 1 1 1 12 3 4 14 0 0 0 4 4 0 2 80 11 110 0 0 0 1 17 6 1 74 0 0 0 5 6 0 3 43 8 90 0 0 0 1 1 1 2 0 0 0 2 "
"cby","Canterbury-Bankstown Bulldogs","Marcelo Montoya","Winger","1","player_specific_profile_candidate","couriermail.com.au","false","false","false","","bing-news-rss","Wed, 17 Jun 2026 08:59:00 GMT","Canterbury Bulldogs winger Marcelo Montoya announces NRL retirement","https://www.couriermail.com.au/sport/nrl/canterbury-bulldogs-winger-marcelo-montoya-announces-nrl-retirement/news-story/1f158635f08a8bc48e83016270be3054","Montoya, who has played for the Bulldogs and Warriors has called time on his career after struggling to stay on the field throughout the 2026 season, only playing eight games to start the year. Moving ..."
"cby","Canterbury-Bankstown Bulldogs","Marcelo Montoya","Winger","2","player_specific_profile_candidate","dailytelegraph.com.au","false","false","false","","bing-news-rss","Wed, 17 Jun 2026 08:59:00 GMT","Canterbury Bulldogs winger Marcelo Montoya announces NRL retirement","https://www.dailytelegraph.com.au/sport/nrl/canterbury-bulldogs-winger-marcelo-montoya-announces-nrl-retirement/news-story/1f158635f08a8bc48e83016270be3054","Montoya, who has played for the Bulldogs and Warriors has called time on his career after struggling to stay on the field throughout the 2026 season, only playing eight games to start the year. Moving ..."
"cby","Canterbury-Bankstown Bulldogs","Marcelo Montoya","Winger","3","player_specific_profile_candidate","geelongadvertiser.com.au","false","false","false","","bing-news-rss","Wed, 17 Jun 2026 08:59:00 GMT","Canterbury Bulldogs winger Marcelo Montoya announces NRL retirement","https://www.geelongadvertiser.com.au/sport/nrl/canterbury-bulldogs-winger-marcelo-montoya-announces-nrl-retirement/news-story/1f158635f08a8bc48e83016270be3054","Injuries have limited Marcelo Montoya to just eight games in 2026, prompting the Canterbury Bulldogs winger to confirm he will retire at season's end after 10 seasons in the NRL. Montoya, who has ..."
"cby","Canterbury-Bankstown Bulldogs","Marcelo Montoya","Winger","4","player_specific_contract_candidate","zerotackle.com","false","false","true","contract_or_signing_language|contract_table","zerotackle-direct-player-profile","","Marcelo Montoya (Canterbury-Bankstown Bulldogs) - NRL Stats, News, Contract &amp; Player Profile - Zero Tackle","https://www.zerotackle.com/players/marcelo-montoya/","Player Contracts Player Contracts Team 2026 2027 2028 2029 2030 Canterbury-Bankstown Bulldogs ✔ Stats 2026 Stats Round Opp P T G MINS AR ARM LB LBA TA OL TK MT TB KM 40/20 PE ER TOTALS 9 4 1 0 650 147 1256 3 0 0 3 45 16 33 0 0 2 13 1 0 0 0 90 28 244 1 0 0 0 6 1 5 0 0 0 2 3 0 0 0 80 17 146 0 0 0 1 4 2 2 0 0 0 0 4 0 0 0 80 21 214 1 0 0 1 10 1 5 0 0 0 0 5 4 1 0 80 17 146 1 0 0 0 9 4 4 0 0 1 3 6 0 0 0 80 18 144 0 0 0 0 3"
"cby","Canterbury-Bankstown Bulldogs","Matt Burton","Five-Eighth","1","player_specific_profile_candidate","au.sports.yahoo.com","false","false","false","","bing-news-rss","Thu, 11 Jun 2026 17:00:00 GMT","NRL sanction Perth Bears with fine, breach notice","https://au.sports.yahoo.com/nrl-sanction-perth-bears-fine-014107443.html","The NRL has pulled up the Perth Bears for comments made by coach Mal Meninga on their ambitions to sign contracted duo Matt Burton and Jacob Preston from the Canterbury-Bankstown Bulldogs. The ..."
"cby","Canterbury-Bankstown Bulldogs","Matt Burton","Five-Eighth","2","player_specific_contract_candidate","zerotackle.com","false","false","true","contract_or_signing_language|contract_table","zerotackle-direct-player-profile","","Matt Burton (Canterbury-Bankstown Bulldogs) - NRL Stats, News, Contract &amp; Player Profile - Zero Tackle","https://www.zerotackle.com/players/matt-burton/","Player Contracts Player Contracts Team 2026 2027 2028 2029 2030 Canterbury-Bankstown Bulldogs $750K $750K Stats 2026 Stats Round Opp P T G MINS AR ARM LB LBA TA OL TK MT TB KM 40/20 PE ER TOTALS 16 50 4 17 1212 188 1852 7 7 4 7 260 22 44 3321 1 11 12 1 0 0 0 90 15 156 0 0 0 0 10 1 4 462 0 0 0 3 0 0 0 80 8 73 1 0 0 1 19 0 2 824 1 0 0 4 8 2 0 80 12 133 3 0 0 0 17 2 5 195 0 0 2 5 2 0 1 80 9 94 0 0 0 1 19 1 5 182 0 1 0 6"
"cby","Canterbury-Bankstown Bulldogs","Lachlan Galvin","Halfback","1","player_specific_salary_candidate","townsvillebulletin.com.au","false","false","false","money|contract_or_salary_language|signing_language","bing-news-rss","Tue, 15 Apr 2025 11:04:00 GMT","Wests Tigers to resist dropping Lachlan Galvin after star rejects $6m deal, commits to quitting the club","https://www.townsvillebulletin.com.au/sport/nrl/lachlan-galvin-rejects-contract-extension-from-wests-tigers-ready-to-head-to-open-market-on-november-1/news-story/edbef7c99e2065ec87a23cdc7f292649?using_ew=false&using_ew_noesi=false","Benji Marshall is committed to the biggest call of his coaching career when Latu Fainu returns from injury as the true value of Lachlan Galvin's rejected Wests Tigers contract can be revealed. It ..."
"cby","Canterbury-Bankstown Bulldogs","Lachlan Galvin","Halfback","2","player_specific_salary_candidate","7news.com.au","false","false","false","money","bing-news-rss","Thu, 22 May 2025 12:15:00 GMT","Lachlan Galvin nears Wests Tigers exit as $2m sacrifice emerges in offers from Eels and Bulldogs","https://7news.com.au/sport/rugby-league/lachlan-galvin-nears-wests-tigers-exit-as-2m-sacrifice-emerges-in-offers-from-eels-and-bulldogs-c-18790860","Departing Wests Tigers star Lachlan Galvin is reportedly weighing up offers from the Bulldogs and Eels as the drawn out saga appears to nearing a speedy conclusion. The Sydney Morning Herald reports ..."
"cby","Canterbury-Bankstown Bulldogs","Lachlan Galvin","Halfback","3","player_specific_contract_candidate","theaustralian.com.au","false","false","false","signing_language","bing-news-rss","Wed, 01 Jul 2026 03:43:00 GMT","Lachlan Galvin called into NSW Blues camp ahead of the State of Origin decider","https://www.theaustralian.com.au/sport/nrl/lachlan-galvin-called-into-nsw-blues-camp-ahead-of-the-state-of-origin-decider/news-story/b34bb1bba2ab116e6a9187f09059c8a3","Canterbury's Lachlan Galvin has been drafted into an extended NSW camp. While there is no suggestion Galvin will play Wednesday night's State of Origin decider, Galvin will join camp for experience ..."
"cby","Canterbury-Bankstown Bulldogs","Lachlan Galvin","Halfback","4","player_specific_profile_candidate","bulldogs.com.au","true","false","false","","official-club-signings-topic","","Bulldogs Bulldogs Confirm Signing of Lachlan Galvin","https://www.bulldogs.com.au/news/2025/05/30/bulldogs-confirm-signing-of-lachlan-galvin/","RateLimitTriggeredError: Per IP rate limit exceeded"
"cby","Canterbury-Bankstown Bulldogs","Lachlan Galvin","Halfback","5","player_specific_contract_candidate","zerotackle.com","false","false","true","contract_or_signing_language|contract_table","zerotackle-direct-player-profile","","Lachlan Galvin (Canterbury-Bankstown Bulldogs) - NRL Stats, News, Contract &amp; Player Profile - Zero Tackle","https://www.zerotackle.com/players/lachlan-galvin/","Player Contracts Player Contracts Team 2026 2027 2028 2029 2030 Canterbury-Bankstown Bulldogs $750K $750K $750K Stats 2026 Stats Round Opp P T G MINS AR ARM LB LBA TA OL TK MT TB KM 40/20 PE ER TOTALS 16 24 6 0 1293 227 1919 6 14 8 10 373 37 37 4251 0 7 13 1 0 0 0 90 22 190 0 2 1 0 35 1 3 173 0 0 1 3 0 0 0 80 13 124 0 0 0 0 27 9 0 131 0 0 1 4 0 0 0 80 28 231 0 1 0 1 26 4 3 105 0 1 2 5 4 1 0 80 9 70 0 0 0 0 30 1 0 259"
"cby","Canterbury-Bankstown Bulldogs","Max King","Prop","1","player_specific_contract_candidate","zerotackle.com","false","false","true","contract_or_signing_language|contract_table","zerotackle-direct-player-profile","","Max King (Canterbury-Bankstown Bulldogs) - NRL Stats, News, Contract &amp; Player Profile - Zero Tackle","https://www.zerotackle.com/players/max-king/","Player Contracts Player Contracts Team 2026 2027 2028 2029 2030 Canterbury-Bankstown Bulldogs ✔ ✔ Stats 2026 Stats Round Opp P T G MINS AR ARM LB LBA TA OL TK MT TB KM 40/20 PE ER TOTALS 12 4 1 0 602 162 1467 3 2 0 13 420 23 16 0 0 3 4 1 0 0 0 54 13 113 0 0 0 1 51 4 0 0 0 1 0 3 0 0 0 52 15 135 0 1 0 0 27 1 2 0 0 0 0 4 0 0 0 46 13 115 1 0 0 1 28 2 0 0 0 2 1 5 0 0 0 50 13 118 0 0 0 1 33 2 0 0 0 0 1 6 0 0 0 45 13 123 0 "
"cby","Canterbury-Bankstown Bulldogs","Bailey Hayward","Hooker","1","player_specific_contract_candidate","zerotackle.com","false","false","true","contract_or_signing_language|contract_table","zerotackle-direct-player-profile","","Bailey Hayward (Canterbury-Bankstown Bulldogs) - NRL Stats, News, Contract &amp; Player Profile - Zero Tackle","https://www.zerotackle.com/players/bailey-hayward/","Player Contracts Player Contracts Team 2026 2027 2028 2029 2030 Canterbury-Bankstown Bulldogs ✔ ✔ ✔ Stats 2026 Stats Round Opp P T G MINS AR ARM LB LBA TA OL TK MT TB KM 40/20 PE ER TOTALS 16 0 0 0 1110 34 239 0 4 2 1 623 56 3 315 0 6 2 1 0 0 0 90 1 9 0 0 0 0 54 6 0 0 0 0 0 3 0 0 0 69 2 16 0 1 0 0 35 4 0 0 0 1 0 4 0 0 0 71 0 0 0 0 0 0 35 6 0 0 0 0 0 5 0 0 0 80 3 36 0 0 0 0 49 1 0 52 0 0 0 6 0 0 0 68 2 16 0 0 0 0 33 3"
"cby","Canterbury-Bankstown Bulldogs","Leo Thompson","Prop","1","player_specific_profile_candidate","bulldogs.com.au","true","false","false","","official-club-signings-topic","","Signings Bulldogs Sign Leo Thompson for","https://www.bulldogs.com.au/news/2025/01/03/bulldogs-sign-leo-thompson-for-2026/","RateLimitTriggeredError: Per IP rate limit exceeded"
"cby","Canterbury-Bankstown Bulldogs","Leo Thompson","Prop","2","player_specific_contract_candidate","zerotackle.com","false","false","true","contract_or_signing_language|contract_table","zerotackle-direct-player-profile","","Leo Thompson (Canterbury-Bankstown Bulldogs) - NRL Stats, News, Contract &amp; Player Profile - Zero Tackle","https://www.zerotackle.com/players/leo-thompson/","Player Contracts Player Contracts Team 2026 2027 2028 2029 2030 Canterbury-Bankstown Bulldogs $825K $825K $825K $825K Stats 2026 Stats Round Opp P T G MINS AR ARM LB LBA TA OL TK MT TB KM 40/20 PE ER TOTALS 11 0 0 0 641 152 1296 0 1 0 12 404 26 24 0 0 4 9 7 0 0 0 44 11 80 0 1 0 0 22 2 1 0 0 1 1 8 0 0 0 49 12 123 0 0 0 2 25 1 2 0 0 0 0 9 0 0 0 57 19 161 0 0 0 2 41 1 3 0 0 0 3 10 0 0 0 56 15 124 0 0 0 1 35 2 4 0 0 0 0 "
"cby","Canterbury-Bankstown Bulldogs","Viliame Kikau","2nd Row","1","player_specific_contract_candidate","cairnspost.com.au","false","false","false","contract_or_salary_language|term_language","bing-news-rss","Wed, 18 Jul 2018 06:08:00 GMT","Penrith re-sign Viliame Kikau on a new deal until the end of 2022","https://www.cairnspost.com.au/sport/nrl/penrith-resign-viliame-kikau-on-a-new-deal-until-the-end-of-2022/news-story/1476ef8ba4360a568f54b28991913ded","THE Panthers have received a massive boost on the eve of the finals, with boom youngster Viliame Kikau committing to the club long term. Despite being on contract until the end of next year, the ..."
"cby","Canterbury-Bankstown Bulldogs","Viliame Kikau","2nd Row","2","player_specific_contract_candidate","zerotackle.com","false","false","true","contract_or_signing_language|contract_table","zerotackle-direct-player-profile","","Viliame Kikau (Canterbury-Bankstown Bulldogs) - NRL Stats, News, Contract &amp; Player Profile - Zero Tackle","https://www.zerotackle.com/players/viliame-kikau/","Player Contracts Player Contracts Team 2026 2027 2028 2029 2030 Canterbury-Bankstown Bulldogs $800K ✔ ✔ Stats 2026 Stats Round Opp P T G MINS AR ARM LB LBA TA OL TK MT TB KM 40/20 PE ER TOTALS 7 4 1 0 505 73 666 3 0 0 22 165 27 19 0 0 2 5 1 0 0 0 84 17 195 2 0 0 6 17 3 8 0 0 0 0 3 0 0 0 80 16 147 0 0 0 3 28 9 0 0 0 0 2 4 0 0 0 80 9 100 0 0 0 2 35 3 5 0 0 0 0 5 0 0 0 80 9 44 0 0 0 3 21 5 0 0 0 1 0 6 4 1 0 80 11 107 1 "
"cby","Canterbury-Bankstown Bulldogs","Jacob Preston","2nd Row","1","player_specific_contract_candidate","couriermail.com.au","false","false","false","contract_or_salary_language|signing_language|term_length_language","bing-news-rss","Thu, 11 Jun 2026 07:45:00 GMT","Jacob Preston set to hit free agency as Bulldogs contract negotiations stall","https://www.couriermail.com.au/sport/nrl/jacob-preston-set-to-hit-free-agency-as-bulldogs-contract-negotiations-stall/news-story/7a3b6d99bf57d322ae1996ae63d8caf9","This masthead understands Preston is resigned to heading to free agency on November 1 with seven NRL rivals prepared to launch big-money bids for the hard-running back-rower. The 24-year-old has ..."
"cby","Canterbury-Bankstown Bulldogs","Jacob Preston","2nd Row","2","player_specific_contract_candidate","heraldsun.com.au","false","false","false","contract_or_salary_language|signing_language|term_length_language","bing-news-rss","Thu, 11 Jun 2026 07:45:00 GMT","Jacob Preston set to hit free agency as Bulldogs contract negotiations stall","https://www.heraldsun.com.au/sport/nrl/jacob-preston-set-to-hit-free-agency-as-bulldogs-contract-negotiations-stall/news-story/7a3b6d99bf57d322ae1996ae63d8caf9","This masthead understands Preston is resigned to heading to free agency on November 1 with seven NRL rivals prepared to launch big-money bids for the hard-running back-rower. The 24-year-old has ..."
"cby","Canterbury-Bankstown Bulldogs","Jacob Preston","2nd Row","3","player_specific_contract_candidate","au.sports.yahoo.com","false","false","false","contract_or_salary_language","bing-news-rss","Wed, 10 Jun 2026 17:00:00 GMT","Bulldogs risk losing star forward at contract crossroads","https://au.sports.yahoo.com/bulldogs-risk-losing-star-forward-061902937.html","The Canterbury-Bankstown Bulldogs are in the fight to secure Jacob Preston long term before the star second rower can negotiate with rival clubs in November for a 2028 contract. Preston has been a ..."
"cby","Canterbury-Bankstown Bulldogs","Jacob Preston","2nd Row","4","player_specific_contract_candidate","thechronicle.com.au","false","false","false","contract_or_salary_language","bing-news-rss","Thu, 11 Jun 2026 07:45:00 GMT","Jacob Preston set to hit free agency as Bulldogs contract negotiations stall","https://www.thechronicle.com.au/sport/nrl/jacob-preston-set-to-hit-free-agency-as-bulldogs-contract-negotiations-stall/news-story/7a3b6d99bf57d322ae1996ae63d8caf9","The Bulldogs are in danger of losing a NSW Origin hopeful, with the star forward set to hit free agency on November 1, as contract negotiations hit a roadblock. This masthead understands Preston is ..."
"cby","Canterbury-Bankstown Bulldogs","Jacob Preston","2nd Row","5","player_specific_profile_candidate","au.sports.yahoo.com","false","false","false","","bing-news-rss","Thu, 11 Jun 2026 17:00:00 GMT","NRL sanction Perth Bears with fine, breach notice","https://au.sports.yahoo.com/nrl-sanction-perth-bears-fine-014107443.html","The NRL has pulled up the Perth Bears for comments made by coach Mal Meninga on their ambitions to sign contracted duo Matt Burton and Jacob Preston from the Canterbury-Bankstown Bulldogs. The ..."
"cby","Canterbury-Bankstown Bulldogs","Jacob Preston","2nd Row","6","player_specific_contract_candidate","zerotackle.com","false","false","true","contract_or_signing_language|contract_table","zerotackle-direct-player-profile","","Jacob Preston (Canterbury-Bankstown Bulldogs) - NRL Stats, News, Contract &amp; Player Profile - Zero Tackle","https://www.zerotackle.com/players/jacob-preston/","Player Contracts Player Contracts Team 2026 2027 2028 2029 2030 Canterbury-Bankstown Bulldogs ✔ ✔ Stats 2026 Stats Round Opp P T G MINS AR ARM LB LBA TA OL TK MT TB KM 40/20 PE ER TOTALS 12 16 4 0 859 121 1090 9 0 2 5 398 22 21 115 0 3 8 1 4 1 0 90 13 136 1 0 0 1 44 0 1 42 0 0 1 3 4 1 0 80 9 81 1 0 0 0 37 2 1 0 0 0 0 4 0 0 0 80 10 80 0 0 0 1 32 7 1 39 0 0 1 5 0 0 0 80 15 122 0 0 0 0 34 1 3 0 0 0 3 6 4 1 0 80 10 115 3"
"cby","Canterbury-Bankstown Bulldogs","Jaeman Salmon","Lock","1","player_specific_contract_candidate","bulldogs.com.au","true","false","false","term_language|term_length_language","official-club-signings-topic","2025-04-08T02:36:29+00:00","Salmon Signs On","https://www.bulldogs.com.au/news/2025/04/08/salmon-signs-on/","Title: Salmon Signs On URL Source: https://www.bulldogs.com.au/news/2025/04/08/salmon-signs-on/ Published Time: 2025-04-08T02:36:29+00:00 Markdown Content: [Skip to main content](https://www.bulldogs.com.au/news/2025/04/08/salmon-signs-on/#main-content) ## Main [![Image 2: bulldogs logo](https://www.bulldogs.com.au/globalassets/.lookups/themes/bulldogs-badge.svg)![Image 3: bulldogs logo](https://www.bulldogs.com.au/globalassets/.lookups/themes/bulldogs_text.svg)](https://www.bulldogs.com.au/) [](https://www.bulldogs.com.au/search/) * [News](https://www.bulldogs.com.au/news/) * [Video](https://www.bulldogs.com.au/watch/) * [Draw](https://www.bulldogs.com.au/draw/) * [Ladder](https://www.bulld"
"cby","Canterbury-Bankstown Bulldogs","Jaeman Salmon","Lock","2","player_specific_contract_candidate","zerotackle.com","false","false","true","contract_or_signing_language|contract_table","zerotackle-direct-player-profile","","Jaeman Salmon (Canterbury-Bankstown Bulldogs) - NRL Stats, News, Contract &amp; Player Profile - Zero Tackle","https://www.zerotackle.com/players/jaeman-salmon/","Player Contracts Player Contracts Team 2026 2027 2028 2029 2030 Canterbury-Bankstown Bulldogs ✔ ✔ Stats 2026 Stats Round Opp P T G MINS AR ARM LB LBA TA OL TK MT TB KM 40/20 PE ER TOTALS 16 4 1 0 937 159 1452 3 2 3 4 514 39 14 14 0 2 8 1 0 0 0 47 7 72 0 0 0 1 33 1 0 0 0 0 0 3 0 0 0 55 7 61 0 0 0 0 22 2 1 0 0 0 0 4 0 0 0 58 9 82 0 0 0 0 35 5 0 0 0 0 1 5 0 0 0 46 8 83 0 1 1 0 29 2 0 0 0 0 0 6 0 0 0 53 13 110 0 0 0 0 28"
"cby","Canterbury-Bankstown Bulldogs","Kurt Mann","Interchange","1","player_specific_contract_candidate","zerotackle.com","false","false","true","contract_or_signing_language|contract_table","zerotackle-direct-player-profile","","Kurt Mann (Canterbury-Bankstown Bulldogs) - NRL Stats, News, Contract &amp; Player Profile - Zero Tackle","https://www.zerotackle.com/players/kurt-mann/","Player Contracts Player Contracts Team 2026 2027 2028 2029 2030 Canterbury-Bankstown Bulldogs ✔ Stats 2026 Stats Round Opp P T G MINS AR ARM LB LBA TA OL TK MT TB KM 40/20 PE ER TOTALS 14 0 0 0 494 86 728 2 0 1 1 303 30 25 0 0 1 3 1 0 0 0 44 12 101 0 0 0 0 23 4 2 0 0 0 0 3 0 0 0 36 9 66 0 0 0 0 22 4 1 0 0 0 0 4 0 0 0 43 9 64 0 0 0 0 31 4 1 0 0 0 0 5 0 0 0 47 7 57 0 0 0 0 26 0 5 0 0 0 1 6 0 0 0 27 3 20 0 0 0 0 18 1 0 "
"cby","Canterbury-Bankstown Bulldogs","Sitili Tupouniua","Interchange","1","player_specific_contract_candidate","zerotackle.com","false","false","true","contract_or_signing_language|contract_table","zerotackle-direct-player-profile","","Sitili Tupouniua (Canterbury-Bankstown Bulldogs) - NRL Stats, News, Contract &amp; Player Profile - Zero Tackle","https://www.zerotackle.com/players/sitili-tupouniua/","Player Contracts Player Contracts Team 2026 2027 2028 2029 2030 Canterbury-Bankstown Bulldogs $600K $600K $600K Stats 2026 Stats Round Opp P T G MINS AR ARM LB LBA TA OL TK MT TB KM 40/20 PE ER TOTALS 14 16 4 0 858 172 1565 3 5 2 4 434 33 32 0 0 2 9 1 0 0 0 54 12 120 0 0 0 0 23 0 2 0 0 0 2 3 0 0 0 30 10 79 0 0 0 0 22 0 3 0 0 0 1 4 0 0 0 56 21 202 0 0 0 0 33 4 1 0 0 0 0 5 4 1 0 34 7 48 1 0 0 0 14 1 3 0 0 1 0 6 4 1 0 4"
"cby","Canterbury-Bankstown Bulldogs","Josh Curran","Interchange","1","player_specific_profile_candidate","bulldogs.com.au","true","false","false","","official-club-signings-topic","","Signings Josh Curran Extends as a Bulldog","https://www.bulldogs.com.au/news/2024/10/02/josh-curran-extends-as-a-bulldog/","RateLimitTriggeredError: Per IP rate limit exceeded"
"cby","Canterbury-Bankstown Bulldogs","Josh Curran","Interchange","2","player_specific_contract_candidate","bulldogs.com.au","true","false","false","contract_or_signing_language|term_language|term_length_language","official-club-signings-topic","2023-10-26T00:26:38+00:00","A Curran Affair: Canterbury confirm a 2024 move","https://www.bulldogs.com.au/news/2023/10/26/a-curran-affair-canterbury-confirm-a-2024-move/","Title: A Curran Affair: Canterbury confirm a 2024 move URL Source: https://www.bulldogs.com.au/news/2023/10/26/a-curran-affair-canterbury-confirm-a-2024-move/ Published Time: 2023-10-26T00:26:38+00:00 Markdown Content: [Skip to main content](https://www.bulldogs.com.au/news/2023/10/26/a-curran-affair-canterbury-confirm-a-2024-move/#main-content) ## Main [![Image 2: bulldogs logo](https://www.bulldogs.com.au/globalassets/.lookups/themes/bulldogs-badge.svg)![Image 3: bulldogs logo](https://www.bulldogs.com.au/globalassets/.lookups/themes/bulldogs_text.svg)](https://www.bulldogs.com.au/) [](https://www.bulldogs.com.au/search/) * [News](https://www.bulldogs.com.au/news/) * [Video](https://www.bu"
"cby","Canterbury-Bankstown Bulldogs","Josh Curran","Interchange","3","player_specific_contract_candidate","zerotackle.com","false","false","true","contract_or_signing_language|contract_table","zerotackle-direct-player-profile","","Josh Curran (Canterbury-Bankstown Bulldogs) - NRL Stats, News, Contract &amp; Player Profile - Zero Tackle","https://www.zerotackle.com/players/josh-curran/","Player Contracts Player Contracts Team 2026 2027 2028 2029 2030 Canterbury-Bankstown Bulldogs ✔ Perth Bears ✔ ✔ ✔ Stats 2026 Stats Round Opp P T G MINS AR ARM LB LBA TA OL TK MT TB KM 40/20 PE ER TOTALS 12 12 3 0 493 67 566 3 1 1 4 242 13 14 7 0 3 10 1 0 0 0 11 0 0 0 0 0 0 11 0 0 0 0 0 0 3 0 0 0 23 4 29 0 1 1 0 13 2 2 0 0 0 0 4 0 0 0 4 3 22 0 0 0 0 3 1 0 0 0 0 0 7 0 0 0 80 10 78 0 0 0 0 11 2 2 0 0 1 5 8 0 0 0 0 0 0 0"
"cby","Canterbury-Bankstown Bulldogs","Samuel Hughes","Interchange","1","player_specific_contract_candidate","zerotackle.com","false","false","true","contract_or_signing_language|contract_table","zerotackle-direct-player-profile","","Samuel Hughes (Canterbury-Bankstown Bulldogs) - NRL Stats, News, Contract &amp; Player Profile - Zero Tackle","https://www.zerotackle.com/players/samuel-hughes/","Player Contracts Player Contracts Team 2026 2027 2028 2029 2030 Canterbury-Bankstown Bulldogs ✔ Stats 2026 Stats Round Opp P T G MINS AR ARM LB LBA TA OL TK MT TB KM 40/20 PE ER TOTALS 8 4 1 0 225 65 571 1 0 0 1 144 2 6 0 0 4 1 1 0 0 0 19 4 37 0 0 0 0 20 0 0 0 0 1 0 3 0 0 0 16 3 39 0 0 0 0 10 1 0 0 0 1 0 5 0 0 0 25 5 50 0 0 0 0 10 0 0 0 0 0 0 6 4 1 0 24 9 81 1 0 0 0 14 0 1 0 0 0 0 7 0 0 0 39 12 88 0 0 0 1 24 1 1 0 0 "
"cby","Canterbury-Bankstown Bulldogs","Daniel Suluka-Fifita","Unknown","1","player_specific_contract_candidate","au.sports.yahoo.com","false","false","false","contract_or_salary_language|signing_language","bing-news-rss","Mon, 25 May 2026 19:52:00 GMT","St Helens bring in prop Suluka-Fifita from NRL","https://au.sports.yahoo.com/st-helens-bring-prop-suluka-095218294.html","St Helens have signed prop forward Daniel Suluka-Fifita on a two-and-a-half-year deal from NRL side Canterbury-Bankstown Bulldogs. Suleka-Fifita has signed immediately and will link up with Paul ..."
"cby","Canterbury-Bankstown Bulldogs","Daniel Suluka-Fifita","Unknown","2","player_specific_contract_candidate","zerotackle.com","false","false","true","contract_or_signing_language|contract_table","zerotackle-direct-player-profile","","Daniel Suluka-Fifita (Canterbury-Bankstown Bulldogs) - NRL Stats, News, Contract &amp; Player Profile - Zero Tackle","https://www.zerotackle.com/players/daniel-suluka-fifita/","Player Contracts Player Contracts Team 2026 2027 2028 2029 2030 Canterbury-Bankstown Bulldogs ✔ Stats Latest NRL News Bulldogs grant forward immediate release Scott Pryde - May 26, 2026 Daniel Suluka-Fifita Eels confirm long sideline stint for Paulo, set shock return timeline... Scott Pryde - May 26, 2026 Latest NRL News Bulldogs enforcer linked to immediate switch of clubs Leo Twemlow - May 23, 2026 Latest NRL News "
"cby","Canterbury-Bankstown Bulldogs","Enari Tuala","Unknown","1","player_specific_contract_candidate","couriermail.com.au","false","false","false","contract_or_salary_language|signing_language|term_length_language","bing-news-rss","Fri, 05 Jun 2026 04:06:00 GMT","Bulldogs secure Enari Tuala, Sharks re-sign Will Kennedy, Knights extend Origin hopeful Dylan Lucas","https://www.couriermail.com.au/sport/nrl/knights-star-dylan-lucas-inks-three-year-extension-to-stay-in-newcastle-until-the-end-of-2030/news-story/4fb4e103934c19d8e684dc816af82799","The centre/winger has inked a two-year extension before the end of his current deal which was set to expire this November. It comes after the club earlier this season also extended Connor Tracey's ..."
"cby","Canterbury-Bankstown Bulldogs","Enari Tuala","Unknown","2","player_specific_profile_candidate","bulldogs.com.au","true","false","false","","official-club-signings-topic","","Bulldogs Enari Tuala Joins Bulldogs","https://www.bulldogs.com.au/news/2024/11/12/enari-tuala-joins-bulldogs/","RateLimitTriggeredError: Per IP rate limit exceeded"
"cby","Canterbury-Bankstown Bulldogs","Enari Tuala","Unknown","3","player_specific_contract_candidate","zerotackle.com","false","false","true","contract_or_signing_language|contract_table","zerotackle-direct-player-profile","","Enari Tuala (Canterbury-Bankstown Bulldogs) - NRL Stats, News, Contract &amp; Player Profile - Zero Tackle","https://www.zerotackle.com/players/enari-tuala/","Player Contracts Player Contracts Team 2026 2027 2028 2029 2030 Canterbury-Bankstown Bulldogs ✔ ✔ ✔ Stats 2026 Stats Round Opp P T G MINS AR ARM LB LBA TA OL TK MT TB KM 40/20 PE ER TOTALS 13 8 2 0 963 211 2004 8 3 2 4 167 19 44 44 0 2 14 1 0 0 0 0 0 0 0 0 0 0 0 0 0 0 0 0 0 3 0 0 0 80 11 88 0 0 0 0 23 4 1 0 0 0 0 4 0 0 0 80 21 216 1 1 0 0 21 2 4 0 0 0 0 5 0 0 0 80 15 157 0 1 1 1 30 1 4 0 0 1 3 6 0 0 0 80 20 180 1 0 0"
"cby","Canterbury-Bankstown Bulldogs","Finau Latu","Unknown","1","player_specific_contract_candidate","zerotackle.com","false","false","true","contract_or_signing_language|contract_table","zerotackle-direct-player-profile","","Finau Latu (Canterbury-Bankstown Bulldogs) - NRL Stats, News, Contract &amp; Player Profile - Zero Tackle","https://www.zerotackle.com/players/finau-latu/","Player Contracts Player Contracts Team 2026 2027 2028 2029 2030 Canterbury-Bankstown Bulldogs ✔ ✔ ✔ Stats Latest NRL News Rookie Watch: The TEN best young prospects yet to debut at... Ethan Lee Chalk - October 29, 2025 St George Illawarra Dragons 12 players to exit Dragons as Flanagan's rebuild continues Scott Pryde - September 17, 2025 Finau Latu Rookie Watch: Top 100 young players yet to play NRL: 20-1 Ethan Lee Ch"
"cby","Canterbury-Bankstown Bulldogs","Harry Hayes","Unknown","1","player_specific_contract_candidate","zerotackle.com","false","false","true","contract_or_signing_language|contract_table","zerotackle-direct-player-profile","","Harry Hayes (Canterbury-Bankstown Bulldogs) - NRL Stats, News, Contract &amp; Player Profile - Zero Tackle","https://www.zerotackle.com/players/harry-hayes/","Player Contracts Player Contracts Team 2026 2027 2028 2029 2030 Canterbury-Bankstown Bulldogs ✔ ✔ ✔ ✔ Stats 2026 Stats Round Opp P T G MINS AR ARM LB LBA TA OL TK MT TB KM 40/20 PE ER TOTALS 13 0 0 0 551 101 878 0 0 0 8 391 40 4 0 0 3 2 1 0 0 0 49 12 101 0 0 0 1 34 2 0 0 0 0 0 3 0 0 0 39 13 113 0 0 0 0 29 4 0 0 0 0 0 6 0 0 0 42 12 126 0 0 0 0 31 3 1 0 0 0 1 7 0 0 0 45 7 58 0 0 0 0 30 2 0 0 0 0 0 8 0 0 0 32 5 53 0 0 0"
"cby","Canterbury-Bankstown Bulldogs","Jack Todd","Unknown","1","player_specific_contract_candidate","zerotackle.com","false","false","true","contract_or_signing_language|contract_table","zerotackle-direct-player-profile","","Jack Todd (Canterbury-Bankstown Bulldogs) - NRL Stats, News, Contract &amp; Player Profile - Zero Tackle","https://www.zerotackle.com/players/jack-todd/","Player Contracts Player Contracts Team 2026 2027 2028 2029 2030 Canterbury-Bankstown Bulldogs ✔ Stats Jack Todd Phil Gould gives latest on injured Bulldogs duo Ethan Lee Chalk - June 14, 2025 Jack Todd Bulldogs youngster set for surgery on fractured arm Scott Pryde - April 19, 2025 Jack Todd From injury heartbreak to NRL debut: The inspiring journey of Jack... Ethan Lee Chalk - March 31, 2025 Jack Todd Young Bulldogs"
"cby","Canterbury-Bankstown Bulldogs","Jake Turpin","Unknown","1","player_specific_contract_candidate","ntnews.com.au","false","false","false","contract_or_salary_language","bing-news-rss","Mon, 20 May 2019 09:20:00 GMT","Broncos rookie Jake Turpin wants to prove himself an NRL quality player","https://www.ntnews.com.au/sport/nrl/broncos-rookie-jake-turpin-wants-to-prove-himself-an-nrl-quality-player/news-story/292f7d648374a80f8763a55703ab0f31","Unbeaten Bronco Jake Turpin says he wants to ""make a mark'' in coming weeks to draw a contract offer from the Broncos or NRL rivals. Brisbane have won all four games in which off-contract Turpin, a 22 ..."
"cby","Canterbury-Bankstown Bulldogs","Jake Turpin","Unknown","2","player_specific_contract_candidate","adelaidenow.com.au","false","false","false","contract_or_salary_language","bing-news-rss","Wed, 05 Jun 2019 10:14:00 GMT","Jake Turpin's good form key to securing Brisbane Broncos contract","https://www.adelaidenow.com.au/sport/nrl/jake-turpins-good-form-key-to-securing-brisbane-broncos-contract/news-story/5f23f0a075ad02c93ca6ba1052644779","The challenge now for the Broncos is what to do with three off-contract hookers at a time when Turpin is banging down the door for an upgrade at Red Hill. McCullough, Turpin and James Segeyaro, ..."
"cby","Canterbury-Bankstown Bulldogs","Jake Turpin","Unknown","3","player_specific_profile_candidate","goldcoastbulletin.com.au","false","false","false","","bing-news-rss","Wed, 17 Jul 2019 08:56:00 GMT","Broncos must fend off NRL rivals' interest in rookie Jake Turpin","https://www.goldcoastbulletin.com.au/sport/broncos-must-fend-off-nrl-rivals-interest-in-rookie-jake-turpin/news-story/d952e58c08a775c04c7486dabf31779c","On Thursday night, Brisbane must defeat Canterbury to keep their slim finals hopes alive. But the battle doesn't end there, with the Bulldogs sniffing around one of the Broncos' hottest rookie talents ..."
"cby","Canterbury-Bankstown Bulldogs","Jake Turpin","Unknown","4","player_specific_contract_candidate","zerotackle.com","false","false","true","contract_or_signing_language|contract_table","zerotackle-direct-player-profile","","Jake Turpin (Canterbury-Bankstown Bulldogs) - NRL Stats, News, Contract &amp; Player Profile - Zero Tackle","https://www.zerotackle.com/players/jake-turpin/","Player Contracts Player Contracts Team 2026 2027 2028 2029 2030 Canterbury-Bankstown Bulldogs ✔ Stats 2026 Stats Round Opp P T G MINS AR ARM LB LBA TA OL TK MT TB KM 40/20 PE ER TOTALS 6 0 0 0 122 1 4 0 0 0 1 84 8 0 0 0 1 0 1 0 0 0 0 0 0 0 0 0 0 0 0 0 0 0 0 0 3 0 0 0 0 0 0 0 0 0 0 0 0 0 0 0 0 0 6 0 0 0 20 0 0 0 0 0 0 10 3 0 0 0 0 0 7 0 0 0 0 0 0 0 0 0 0 0 0 0 0 0 0 0 8 0 0 0 58 0 0 0 0 0 0 38 0 0 0 0 1 0 9 0 0 0 44 1"
"cby","Canterbury-Bankstown Bulldogs","Jonathan Sua","Unknown","1","player_specific_contract_candidate","zerotackle.com","false","false","true","contract_or_signing_language|contract_table","zerotackle-direct-player-profile","","Jonathan Sua (Canterbury-Bankstown Bulldogs) - NRL Stats, News, Contract &amp; Player Profile - Zero Tackle","https://www.zerotackle.com/players/jonathan-sua/","Player Contracts Player Contracts Team 2026 2027 2028 2029 2030 Canterbury-Bankstown Bulldogs ✔ Stats 2026 Stats Round Opp P T G MINS AR ARM LB LBA TA OL TK MT TB KM 40/20 PE ER TOTALS 7 4 1 0 355 90 811 1 0 0 1 22 9 9 0 0 0 9 4 0 0 0 0 0 0 0 0 0 0 0 0 0 0 0 0 0 7 4 1 0 35 7 79 1 0 0 0 1 0 1 0 0 0 1 8 0 0 0 80 24 251 0 0 0 0 6 1 3 0 0 0 1 9 0 0 0 80 22 183 0 0 0 1 7 3 1 0 0 0 2 10 0 0 0 80 13 132 0 0 0 0 7 5 1 0 0 0 "
"cby","Canterbury-Bankstown Bulldogs","Kade Dykes","Unknown","1","player_specific_contract_candidate","zerotackle.com","false","false","true","contract_or_signing_language|contract_table","zerotackle-direct-player-profile","","Kade Dykes (Canterbury-Bankstown Bulldogs) - NRL Stats, News, Contract &amp; Player Profile - Zero Tackle","https://www.zerotackle.com/players/kade-dykes/","Player Contracts Player Contracts Team 2026 2027 2028 2029 2030 Canterbury-Bankstown Bulldogs ✔ Stats Leo Thompson Contract plays: Will Leo Thompson move the Bulldogs needle? Scott Pryde - December 28, 2025 Canterbury-Bankstown Bulldogs Canterbury Bulldogs team list questions for 2026: Halfback, hooker and young... Scott Pryde - December 23, 2025 NRL Editorial and Opinion The under the radar signing who could become "
"cby","Canterbury-Bankstown Bulldogs","Lipoi Hopoi","Unknown","1","player_specific_contract_candidate","zerotackle.com","false","false","true","contract_or_signing_language|contract_table","zerotackle-direct-player-profile","","Lipoi Hopoi (Canterbury-Bankstown Bulldogs) - NRL Stats, News, Contract &amp; Player Profile - Zero Tackle","https://www.zerotackle.com/players/lipoi-hopoi/","Player Contracts Player Contracts Team 2026 2027 2028 2029 2030 Canterbury-Bankstown Bulldogs ✔ Stats 2026 Stats Round Opp P T G MINS AR ARM LB LBA TA OL TK MT TB KM 40/20 PE ER TOTALS 11 0 0 0 132 22 188 0 0 0 1 68 9 3 0 0 1 0 4 0 0 0 22 3 23 0 0 0 0 11 3 0 0 0 0 0 5 0 0 0 38 7 66 0 0 0 0 15 3 2 0 0 1 0 6 0 0 0 0 0 0 0 0 0 0 0 0 0 0 0 0 0 7 0 0 0 0 0 0 0 0 0 0 0 0 0 0 0 0 0 9 0 0 0 0 0 0 0 0 0 0 0 0 0 0 0 0 0 10 0 0"
"cby","Canterbury-Bankstown Bulldogs","Mitchell Woods","Unknown","1","player_specific_contract_candidate","zerotackle.com","false","false","true","contract_or_signing_language|contract_table","zerotackle-direct-player-profile","","Mitchell Woods (Canterbury-Bankstown Bulldogs) - NRL Stats, News, Contract &amp; Player Profile - Zero Tackle","https://www.zerotackle.com/players/mitchell-woods/","Player Contracts Player Contracts Team 2026 2027 2028 2029 2030 Canterbury-Bankstown Bulldogs ✔ ✔ Stats NRL Editorial and Opinion Forget the hype: Zane Harrison is making a real case to... Magdalena Murdoch - June 22, 2026 Latest NRL News Bulldogs seek expert specialist for young stars troubled hamstrings Leo Twemlow - May 11, 2026 Latest NRL News Injury setbacks continuing on rising Bulldogs star Leo Twemlow - May 1"
"cby","Canterbury-Bankstown Bulldogs","Patrick Young","Unknown","1","player_specific_contract_candidate","zerotackle.com","false","false","true","contract_or_signing_language|contract_table","zerotackle-direct-player-profile","","Patrick Young (Canterbury-Bankstown Bulldogs) - NRL Stats, News, Contract &amp; Player Profile - Zero Tackle","https://www.zerotackle.com/players/patrick-young/","Player Contracts Player Contracts Team 2026 2027 2028 2029 2030 Canterbury-Bankstown Bulldogs ✔ Stats Jonathan Sua Phil Gould confirms rookie duo to join Bulldogs Top 30 roster Ethan Lee Chalk - November 27, 2025 Latest News FULL TIME: Storm vs Titans &#8211; Round 19, 2026 July 12, 2026 FULL TIME: Sea Eagles vs Cowboys &#8211; Round 19, 2026 July 12, 2026 FINAL TEAMS: Storm vs Titans &#8211; Round 19, 2026 July 12, "
"cby","Canterbury-Bankstown Bulldogs","Sean O'Sullivan","Unknown","1","player_specific_contract_candidate","zerotackle.com","false","false","true","contract_or_signing_language|contract_table","zerotackle-direct-player-profile","","Sean O&#039;Sullivan (Canterbury-Bankstown Bulldogs) - NRL Stats, News, Contract &amp; Player Profile - Zero Tackle","https://www.zerotackle.com/players/sean-osullivan/","Player Contracts Player Contracts Team 2026 2027 2028 2029 2030 Canterbury-Bankstown Bulldogs ✔ MO Stats 2026 Stats Round Opp P T G MINS AR ARM LB LBA TA OL TK MT TB KM 40/20 PE ER TOTALS 8 0 0 0 157 20 164 0 3 0 0 53 6 1 312 0 3 1 3 0 0 0 0 0 0 0 0 0 0 0 0 0 0 0 0 0 4 0 0 0 20 5 50 0 0 0 0 9 0 0 41 0 0 0 5 0 0 0 37 1 4 0 0 0 0 17 3 0 76 0 1 0 10 0 0 0 79 7 60 0 1 0 0 19 3 1 195 0 2 1 12 0 0 0 0 0 0 0 0 0 0 0 0 0 0 0"
"cby","Canterbury-Bankstown Bulldogs","Zyon Maiu’u","Unknown","1","player_specific_contract_candidate","zerotackle.com","false","false","true","contract_or_signing_language|contract_table","zerotackle-direct-player-profile","","Zyon Maiu&#039;u (Canterbury-Bankstown Bulldogs) - NRL Stats, News, Contract &amp; Player Profile - Zero Tackle","https://www.zerotackle.com/players/zyon-maiuu/","Player Contracts Player Contracts Team 2026 2027 2028 2029 2030 Canterbury-Bankstown Bulldogs ✔ Stats Latest NRL News Future Bears?: Canterbury Bulldogs duo on the radar of NRL expansion... Ethan Lee Chalk - August 23, 2025 Zyon Maiu'u Canterbury Bulldogs forward linked with exit Ethan Lee Chalk - June 25, 2025 Zyon Maiu'u Reason behind surprise Warriors release revealed Scott Pryde - February 10, 2025 Zyon Maiu'u Yo"
"cro","Cronulla-Sutherland Sharks","Will Kennedy","Fullback","1","player_specific_contract_candidate","couriermail.com.au","false","false","false","contract_or_salary_language|signing_language|term_length_language","bing-news-rss","Fri, 05 Jun 2026 04:06:00 GMT","Bulldogs secure Enari Tuala, Sharks re-sign Will Kennedy, Knights extend Origin hopeful Dylan Lucas","https://www.couriermail.com.au/sport/nrl/knights-star-dylan-lucas-inks-three-year-extension-to-stay-in-newcastle-until-the-end-of-2030/news-story/4fb4e103934c19d8e684dc816af82799","The centre/winger has inked a two-year extension before the end of his current deal which was set to expire this November. It comes after the club earlier this season also extended Connor Tracey's ..."
"cro","Cronulla-Sutherland Sharks","Will Kennedy","Fullback","2","player_specific_contract_candidate","sharks.com.au","true","false","false","contract_or_signing_language|term_language","official-club-signings-topic","2026-06-04T06:00:00+00:00","Will signs on for 2027","https://www.sharks.com.au/news/2026/06/04/will-signs-on-for-2027/","Title: Will signs on for 2027 URL Source: https://www.sharks.com.au/news/2026/06/04/will-signs-on-for-2027/ Published Time: 2026-06-04T06:00:00+00:00 Markdown Content: [Skip to main content](https://www.sharks.com.au/news/2026/06/04/will-signs-on-for-2027/#main-content) ## Main [![Image 1: sharks logo](https://www.sharks.com.au/.theme/sharks/badge-light.svg?bust=202607060241)![Image 2: sharks logo](https://www.sharks.com.au/.theme/sharks/text.svg?bust=202607060241)](https://www.sharks.com.au/) [](https://www.sharks.com.au/search/) * [News](https://www.sharks.com.au/news/) * [Watch](https://www.sharks.com.au/watch/) * [Draw](https://www.sharks.com.au/draw/) * [Ladder](https://www.sharks.com.a"
"cro","Cronulla-Sutherland Sharks","Sione Katoa","Winger","1","player_specific_contract_candidate","sharks.com.au","true","false","false","contract_or_signing_language|term_length_language","official-club-signings-topic","2026-03-26T07:00:00+00:00","Sharks snap up Trout as Englishman signs two-year deal","https://www.sharks.com.au/news/2026/03/26/sharks-reel-in-trout-as-englishman-signs-two-year-deal/","Title: Sharks snap up Trout as Englishman signs two-year deal URL Source: https://www.sharks.com.au/news/2026/03/26/sharks-reel-in-trout-as-englishman-signs-two-year-deal/ Published Time: 2026-03-26T07:00:00+00:00 Markdown Content: [Skip to main content](https://www.sharks.com.au/news/2026/03/26/sharks-reel-in-trout-as-englishman-signs-two-year-deal/#main-content) ## Main [![Image 1: sharks logo](https://www.sharks.com.au/.theme/sharks/badge-light.svg?bust=202607060241)![Image 2: sharks logo](https://www.sharks.com.au/.theme/sharks/text.svg?bust=202607060241)](https://www.sharks.com.au/) [](https://www.sharks.com.au/search/) * [News](https://www.sharks.com.au/news/) * [Watch](https://www.sha"
"cro","Cronulla-Sutherland Sharks","Sione Katoa","Winger","2","player_specific_contract_candidate","zerotackle.com","false","false","true","contract_or_signing_language|contract_table","zerotackle-direct-player-profile","","Sione Katoa - Zero Tackle","https://www.zerotackle.com/players/sione-katoa/","Player Contracts Player Contracts Team 2026 2027 2028 2029 2030 No current contract Stats Jesse Ramien Cowboys confirm double signing blow on rivals Scott Pryde - May 26, 2026 Latest Rumours Queensland club expected to pursue Sharks winger Kye Ferreira - May 24, 2026 Cronulla Sharks ""Copy and paste Tuesday"" gives way to Sharks shock, likely contract... Scott Pryde - April 22, 2026 Latest NRL News NRL captain set to d"
"cro","Cronulla-Sutherland Sharks","Jesse Ramien","Centre","1","player_specific_contract_candidate","espn.com.au","false","false","false","term_length_language","bing-news-rss","Tue, 26 May 2026 10:32:00 GMT","Sharks duo sign with Cowboys as Taulagi exit looms","https://www.espn.com.au/nrl/story/_/id/48879506/nrl-cronulla-sharks-duo-sione-katoa-jesse-ramien-sign-cowboys","North Queensland's assembly of a potent attacking backline has gone up a notch with the signings of Cronulla outside backs Sione Katoa and Jesse Ramien. The dynamic duo have both inked two-year deals ..."
"cro","Cronulla-Sutherland Sharks","Jesse Ramien","Centre","2","player_specific_contract_candidate","sharks.com.au","true","false","false","contract_or_signing_language|term_length_language","official-club-signings-topic","2026-03-26T07:00:00+00:00","Sharks snap up Trout as Englishman signs two-year deal","https://www.sharks.com.au/news/2026/03/26/sharks-reel-in-trout-as-englishman-signs-two-year-deal/","Title: Sharks snap up Trout as Englishman signs two-year deal URL Source: https://www.sharks.com.au/news/2026/03/26/sharks-reel-in-trout-as-englishman-signs-two-year-deal/ Published Time: 2026-03-26T07:00:00+00:00 Markdown Content: [Skip to main content](https://www.sharks.com.au/news/2026/03/26/sharks-reel-in-trout-as-englishman-signs-two-year-deal/#main-content) ## Main [![Image 1: sharks logo](https://www.sharks.com.au/.theme/sharks/badge-light.svg?bust=202607060241)![Image 2: sharks logo](https://www.sharks.com.au/.theme/sharks/text.svg?bust=202607060241)](https://www.sharks.com.au/) [](https://www.sharks.com.au/search/) * [News](https://www.sharks.com.au/news/) * [Watch](https://www.sha"
"cro","Cronulla-Sutherland Sharks","Jesse Ramien","Centre","3","player_specific_contract_candidate","zerotackle.com","false","false","true","contract_or_signing_language|contract_table","zerotackle-direct-player-profile","","Jesse Ramien (Cronulla Sharks) - NRL Stats, News, Contract &amp; Player Profile - Zero Tackle","https://www.zerotackle.com/players/jesse-ramien/","Player Contracts Player Contracts Team 2026 2027 2028 2029 2030 Cronulla Sharks $600K North Queensland Cowboys ✔ ✔ Stats 2026 Stats Round Opp P T G MINS AR ARM LB LBA TA OL TK MT TB KM 40/20 PE ER TOTALS 11 20 5 0 859 158 1461 5 1 2 11 155 20 25 0 0 8 10 1 8 2 0 80 15 149 2 0 1 1 14 1 3 0 0 1 0 2 0 0 0 80 14 128 0 0 0 1 21 0 3 0 0 2 4 3 0 0 0 80 16 143 0 0 0 0 16 1 1 0 0 0 1 4 0 0 0 80 16 170 0 0 0 0 15 2 4 0 0 0 1 5"
"cro","Cronulla-Sutherland Sharks","KL Iro","Centre","1","player_specific_contract_candidate","dailytelegraph.com.au","false","false","false","signing_language","bing-news-rss","Tue, 02 Jun 2026 11:23:00 GMT","SuperCoach NRL: Is Alex Twal really a sell? KL Iro benched | Round 14 teams","https://www.dailytelegraph.com.au/sport/nrl/supercoach-nrl-is-alex-twal-really-a-sell-kl-iro-benched-round-14-teams/audio/0d0cbc92784ce8849ae92f0624ec36fa","Alex Twal is the most popular sell of the week but is he really a sell? Not if he only misses one week. Plus get the verdict on KL Iro's benching and the unexpected return of Mark Nawaqanitawase. Join ..."
"cro","Cronulla-Sutherland Sharks","KL Iro","Centre","2","player_specific_contract_candidate","sharks.com.au","true","false","false","contract_or_signing_language|term_length_language","official-club-signings-topic","2026-03-26T07:00:00+00:00","Sharks snap up Trout as Englishman signs two-year deal","https://www.sharks.com.au/news/2026/03/26/sharks-reel-in-trout-as-englishman-signs-two-year-deal/","Title: Sharks snap up Trout as Englishman signs two-year deal URL Source: https://www.sharks.com.au/news/2026/03/26/sharks-reel-in-trout-as-englishman-signs-two-year-deal/ Published Time: 2026-03-26T07:00:00+00:00 Markdown Content: [Skip to main content](https://www.sharks.com.au/news/2026/03/26/sharks-reel-in-trout-as-englishman-signs-two-year-deal/#main-content) ## Main [![Image 1: sharks logo](https://www.sharks.com.au/.theme/sharks/badge-light.svg?bust=202607060241)![Image 2: sharks logo](https://www.sharks.com.au/.theme/sharks/text.svg?bust=202607060241)](https://www.sharks.com.au/) [](https://www.sharks.com.au/search/) * [News](https://www.sharks.com.au/news/) * [Watch](https://www.sha"
"cro","Cronulla-Sutherland Sharks","Ronaldo Mulitalo","Winger","1","player_specific_contract_candidate","zerotackle.com","false","false","true","contract_or_signing_language|contract_table","zerotackle-direct-player-profile","","Ronaldo Mulitalo (Cronulla Sharks) - NRL Stats, News, Contract &amp; Player Profile - Zero Tackle","https://www.zerotackle.com/players/ronaldo-mulitalo/","Player Contracts Player Contracts Team 2026 2027 2028 2029 2030 Cronulla Sharks ✔ ✔ ✔ Stats 2026 Stats Round Opp P T G MINS AR ARM LB LBA TA OL TK MT TB KM 40/20 PE ER TOTALS 7 24 6 0 559 122 1061 7 1 1 10 29 11 15 35 0 3 7 11 8 2 0 80 20 187 1 0 0 1 1 2 1 0 0 0 1 13 0 0 0 80 14 110 0 0 0 1 3 1 2 0 0 0 1 14 8 2 0 80 20 202 4 1 0 3 1 2 3 35 0 0 1 15 0 0 0 80 18 111 0 0 0 3 3 0 3 0 0 0 0 16 4 1 0 79 17 125 1 0 0 0 10 0"
"cro","Cronulla-Sutherland Sharks","Braydon Trindall","Five-Eighth","1","player_specific_profile_candidate","msn.com","false","false","false","","bing-news-rss","Fri, 19 Jun 2026 17:07:54 GMT","Bald truth is numbers show Shark sits among NRL's elite","https://www.msn.com/en-au/sport/cricket/bald-truth-is-numbers-show-shark-sits-among-nrls-elite/ar-AA266cXx","Braydon Trindall has begun to establish himself as one of the NRL's most damaging playmakers and the statistics back it up."
"cro","Cronulla-Sutherland Sharks","Braydon Trindall","Five-Eighth","2","player_specific_contract_candidate","zerotackle.com","false","false","true","contract_or_signing_language|contract_table","zerotackle-direct-player-profile","","Braydon Trindall (Cronulla Sharks) - NRL Stats, News, Contract &amp; Player Profile - Zero Tackle","https://www.zerotackle.com/players/braydon-trindall/","Player Contracts Player Contracts Team 2026 2027 2028 2029 2030 Cronulla Sharks $650K $650K $650K Stats 2026 Stats Round Opp P T G MINS AR ARM LB LBA TA OL TK MT TB KM 40/20 PE ER TOTALS 16 54 8 10 1280 97 676 6 14 21 7 213 34 14 7412 1 8 15 1 8 2 0 80 6 55 1 2 4 0 6 1 1 375 1 1 2 2 0 0 0 80 11 36 0 0 0 0 10 1 1 467 0 1 1 3 4 1 0 80 9 46 1 0 0 1 17 2 2 444 0 1 0 4 0 0 0 80 8 70 0 2 2 2 12 5 3 440 0 0 1 5 0 0 0 80 9 5"
"cro","Cronulla-Sutherland Sharks","Nicho Hynes","Halfback","1","player_specific_contract_candidate","zerotackle.com","false","false","true","contract_or_signing_language|contract_table","zerotackle-direct-player-profile","","Nicho Hynes (Cronulla Sharks) - NRL Stats, News, Contract &amp; Player Profile - Zero Tackle","https://www.zerotackle.com/players/nicho-hynes/","Player Contracts Player Contracts Team 2026 2027 2028 2029 2030 Cronulla Sharks $1M $1M $1M $1M Stats 2026 Stats Round Opp P T G MINS AR ARM LB LBA TA OL TK MT TB KM 40/20 PE ER TOTALS 13 144 6 60 1040 146 1189 7 18 17 16 288 24 17 2034 0 4 10 1 22 2 7 80 12 101 2 0 0 1 16 0 5 63 0 0 0 2 2 0 1 80 9 60 0 0 0 0 32 1 0 68 0 0 0 3 2 0 1 80 18 117 0 2 1 3 20 2 1 223 0 0 0 4 10 0 5 80 13 107 0 1 2 3 30 5 1 170 0 0 1 5 12 0"
"cro","Cronulla-Sutherland Sharks","Addin Fonua-Blake","Prop","1","player_specific_profile_candidate","ntnews.com.au","false","false","false","","bing-news-rss","Sat, 27 Jun 2026 22:05:00 GMT","Manly Sea Eagles' Jake Trbojevic, Addin Fonua-Blake to miss NRL season start","https://www.ntnews.com.au/sport/manly-star-forwards-jake-trbojevic-and-addin-fonuablake-to-miss-start-of-next-season/news-story/b4342f5c36cf0b768274209fcd34f6de","Jake Trbojevic and Addin Fonua-Blake's long-term injuries look set to cause long-term pain to Manly, with the star Sea Eagles pair sidelined until after the start of season 2020. The Daily Telegraph ..."
"cro","Cronulla-Sutherland Sharks","Addin Fonua-Blake","Prop","2","player_specific_contract_candidate","zerotackle.com","false","false","true","contract_or_signing_language|contract_table","zerotackle-direct-player-profile","","Addin Fonua-Blake (Cronulla Sharks) - NRL Stats, News, Contract &amp; Player Profile - Zero Tackle","https://www.zerotackle.com/players/addin-fonua-blake/","Player Contracts Player Contracts Team 2026 2027 2028 2029 2030 Cronulla Sharks $1M $1M $1M Stats 2026 Stats Round Opp P T G MINS AR ARM LB LBA TA OL TK MT TB KM 40/20 PE ER TOTALS 17 0 0 0 802 207 2198 1 1 1 12 403 11 41 0 0 2 6 1 0 0 0 53 18 200 0 0 0 1 28 1 3 0 0 0 1 2 0 0 0 54 11 99 0 0 0 0 28 1 1 0 0 0 0 3 0 0 0 59 9 91 0 0 0 0 39 1 2 0 0 0 1 4 0 0 0 52 17 222 0 0 0 0 20 2 3 0 0 0 0 5 0 0 0 49 9 102 0 0 0 1 28 1"
"cro","Cronulla-Sutherland Sharks","Blayke Brailey","Hooker","1","player_specific_profile_candidate","dailytelegraph.com.au","false","false","false","","bing-news-rss","Sat, 20 Jun 2026 11:36:00 GMT","NRL Late Mail Round 16: Blayke Brailey cleared to return, Angus Crichton ruled out","https://www.dailytelegraph.com.au/sport/nrl/supercoach-news/nrl-late-mail-round-16-tony-sukkar-out-to-cement-spot-as-kai-pearcepaul-out-longterm/news-story/fd01c7a3b67db7f285e2683191dce3e0","Sharks star Blayke Brailey has been cleared to make a shock early return, just 20 days after having surgery on a broken arm, while a key Roosters enforcer has been ruled out. See all the Round 16 team ..."
"cro","Cronulla-Sutherland Sharks","Blayke Brailey","Hooker","2","player_specific_contract_candidate","zerotackle.com","false","false","true","contract_or_signing_language|contract_table","zerotackle-direct-player-profile","","Blayke Brailey (Cronulla Sharks) - NRL Stats, News, Contract &amp; Player Profile - Zero Tackle","https://www.zerotackle.com/players/blayke-brailey/","Player Contracts Player Contracts Team 2026 2027 2028 2029 2030 Cronulla Sharks ✔ ✔ ✔ ✔ ✔ Stats 2026 Stats Round Opp P T G MINS AR ARM LB LBA TA OL TK MT TB KM 40/20 PE ER TOTALS 14 4 1 0 968 79 693 2 11 13 10 510 20 12 104 0 8 3 1 0 0 0 80 8 79 0 1 1 1 45 2 2 4 0 2 1 2 0 0 0 80 6 51 0 0 0 0 41 0 1 62 0 0 0 3 0 0 0 80 5 35 0 1 1 3 55 1 1 0 0 2 0 4 0 0 0 80 8 52 0 0 1 0 38 1 1 0 0 0 1 5 0 0 0 80 5 38 0 0 1 0 40 1 1 8 "
"cro","Cronulla-Sutherland Sharks","Tom Hazleton","Prop","1","player_specific_contract_candidate","zerotackle.com","false","false","true","contract_or_signing_language|contract_table","zerotackle-direct-player-profile","","Thomas Hazelton (Cronulla Sharks) - NRL Stats, News, Contract &amp; Player Profile - Zero Tackle","https://www.zerotackle.com/players/thomas-hazelton/","Player Contracts Player Contracts Team 2026 2027 2028 2029 2030 Cronulla Sharks ✔ ✔ ✔ Stats 2026 Stats Round Opp P T G MINS AR ARM LB LBA TA OL TK MT TB KM 40/20 PE ER TOTALS 16 8 2 0 572 151 1357 2 1 0 1 382 14 9 0 0 5 4 1 0 0 0 35 6 52 0 0 0 0 26 0 0 0 0 0 0 2 0 0 0 39 9 59 0 0 0 0 23 2 2 0 0 0 3 3 0 0 0 44 7 56 0 0 0 0 41 1 0 0 0 0 0 4 0 0 0 40 9 99 0 0 0 0 25 0 1 0 0 0 0 5 0 0 0 42 10 87 0 0 0 0 24 1 0 0 0 1 0 6 "
"cro","Cronulla-Sutherland Sharks","Briton Nikora","2nd Row","1","player_specific_contract_candidate","zerotackle.com","false","false","true","contract_or_signing_language|contract_table","zerotackle-direct-player-profile","","Briton Nikora (Cronulla Sharks) - NRL Stats, News, Contract &amp; Player Profile - Zero Tackle","https://www.zerotackle.com/players/briton-nikora/","Player Contracts Player Contracts Team 2026 2027 2028 2029 2030 Cronulla Sharks $600K $600K Stats 2026 Stats Round Opp P T G MINS AR ARM LB LBA TA OL TK MT TB KM 40/20 PE ER TOTALS 14 8 2 0 923 117 852 2 1 0 11 419 33 11 0 0 7 14 1 4 1 0 80 6 48 0 0 0 1 26 3 0 0 0 2 0 2 0 0 0 80 10 56 0 0 0 2 47 0 1 0 0 1 0 3 0 0 0 80 10 61 0 0 0 1 36 1 0 0 0 0 1 5 0 0 0 20 6 49 0 0 0 1 7 0 0 0 0 0 0 6 0 0 0 26 6 45 0 0 0 0 10 0 1 0 "
"cro","Cronulla-Sutherland Sharks","Teig Wilton","2nd Row","1","player_specific_contract_candidate","zerotackle.com","false","false","true","contract_or_signing_language|contract_table","zerotackle-direct-player-profile","","Teig Wilton (Cronulla Sharks) - NRL Stats, News, Contract &amp; Player Profile - Zero Tackle","https://www.zerotackle.com/players/teig-wilton/","Player Contracts Player Contracts Team 2026 2027 2028 2029 2030 Cronulla Sharks ✔ ✔ Stats 2026 Stats Round Opp P T G MINS AR ARM LB LBA TA OL TK MT TB KM 40/20 PE ER TOTALS 14 24 6 0 1060 140 1247 4 0 0 10 461 39 16 0 0 8 5 3 0 0 0 28 4 31 0 0 0 0 15 0 0 0 0 1 0 4 4 1 0 80 10 104 1 0 0 0 28 5 1 0 0 0 0 5 4 1 0 80 9 98 0 0 0 1 36 3 3 0 0 1 1 6 0 0 0 80 10 66 0 0 0 0 43 7 0 0 0 1 0 8 0 0 0 80 8 81 0 0 0 0 32 6 0 0 0 1 "
"cro","Cronulla-Sutherland Sharks","Cameron McInnes","Lock","1","player_specific_contract_candidate","dailytelegraph.com.au","false","false","false","contract_or_salary_language|signing_language|term_length_language","bing-news-rss","Sat, 23 May 2026 03:56:00 GMT","Cameron McInnes to leave Sharks after 2026 season, agrees to join York Knights in Super League","https://www.dailytelegraph.com.au/sport/nrl/cameron-mcinnes-to-leave-cronulla-sharks-after-2026-season-and-join-york-knights-in-super-league/news-story/cb26b80a5a0cc10cf80effd95bd4f1f1","One of the game's toughest forwards, McInnes has agreed to join the newly-promoted York Knights on a three-year deal in the English Super League from next season. The major career decision will ..."
"cro","Cronulla-Sutherland Sharks","Cameron McInnes","Lock","2","player_specific_contract_candidate","ntnews.com.au","false","false","false","contract_or_salary_language|signing_language|term_length_language","bing-news-rss","Sat, 23 May 2026 03:56:00 GMT","Cameron McInnes to leave Sharks after 2026 season, agrees to join York Knights in Super League","https://www.ntnews.com.au/sport/nrl/cameron-mcinnes-to-leave-cronulla-sharks-after-2026-season-and-join-york-knights-in-super-league/news-story/cb26b80a5a0cc10cf80effd95bd4f1f1","One of the game's toughest forwards, McInnes has agreed to join the newly-promoted York Knights on a three-year deal in the English Super League from next season. The major career decision will ..."
"cro","Cronulla-Sutherland Sharks","Cameron McInnes","Lock","3","player_specific_contract_candidate","heraldsun.com.au","false","false","false","contract_or_salary_language|signing_language|term_length_language","bing-news-rss","Sat, 23 May 2026 03:56:00 GMT","Cameron McInnes to leave Sharks after 2026 season, agrees to join York Knights in Super League","https://www.heraldsun.com.au/sport/nrl/cameron-mcinnes-to-leave-cronulla-sharks-after-2026-season-and-join-york-knights-in-super-league/news-story/cb26b80a5a0cc10cf80effd95bd4f1f1","One of the game's toughest forwards, McInnes has agreed to join the newly-promoted York Knights on a three-year deal in the English Super League from next season. The major career decision will ..."
"cro","Cronulla-Sutherland Sharks","Cameron McInnes","Lock","4","player_specific_contract_candidate","smh.com.au","false","false","false","contract_or_salary_language|term_length_language","bing-news-rss","Thu, 07 May 2026 12:30:00 GMT","Bears table two-year deal for NSW Origin representative","https://www.smh.com.au/sport/nrl/bears-table-two-year-deal-for-nsw-origin-representative-20260507-p5zumi.html","Perth Bears are hoping to make Cameron McInnes their biggest-name recruit to date after tabling a two-year contract for the Cronulla co-captain. McInnes, a former NSW Blues forward who is considered ..."
"cro","Cronulla-Sutherland Sharks","Cameron McInnes","Lock","5","player_specific_contract_candidate","au.sports.yahoo.com","false","false","false","contract_or_salary_language|term_language","bing-news-rss","Mon, 25 May 2026 20:31:00 GMT","McInnes confirms Sharks exit amid talks with one NRL club","https://au.sports.yahoo.com/mcinnes-confirms-sharks-exit-amid-033101455.html","Cronulla Sharks will say goodbye to one of the NRL's toughest veterans in Cameron McInnes as he departs from the Shire at year's end. McInnes's current contract expires at the end of 2026, with the ..."
"cro","Cronulla-Sutherland Sharks","Cameron McInnes","Lock","6","player_specific_contract_candidate","theleader.com.au","false","false","false","contract_or_salary_language","bing-news-rss","Tue, 28 Apr 2026 08:56:00 GMT","Off-contract Sharks favourite eyes NRL expansion move","https://www.theleader.com.au/story/9235127/off-contract-sharks-favourite-eyes-nrl-expansion-move/","Cameron McInnes hopes to have clarity on his future in the coming weeks admitting the prospect of being a foundation player at an NRL expansion club appeals to him. Eight months after rupturing his ..."
"cro","Cronulla-Sutherland Sharks","Cameron McInnes","Lock","7","player_specific_profile_candidate","au.sports.yahoo.com","false","false","false","","bing-news-rss","Mon, 02 Mar 2026 17:12:00 GMT","SIX potential landing spots for Cameron McInnes","https://au.sports.yahoo.com/six-potential-landing-spots-cameron-011239560.html","Few men in rugby league have the same blend of grit, leadership and intensity like Cameron McInnes. Dubbed the toughest man in rugby league, McInnes shows up week in, week out, putting his body on the ..."
"cro","Cronulla-Sutherland Sharks","Cameron McInnes","Lock","8","player_specific_contract_candidate","zerotackle.com","false","false","true","contract_or_signing_language|contract_table","zerotackle-direct-player-profile","","Cameron McInnes (Cronulla Sharks) - NRL Stats, News, Contract &amp; Player Profile - Zero Tackle","https://www.zerotackle.com/players/cameron-mcinnes/","Player Contracts Player Contracts Team 2026 2027 2028 2029 2030 Cronulla Sharks ✔ Stats 2026 Stats Round Opp P T G MINS AR ARM LB LBA TA OL TK MT TB KM 40/20 PE ER TOTALS 9 0 0 0 412 88 674 1 0 0 2 305 8 8 0 0 4 2 8 0 0 0 24 4 33 0 0 0 0 15 1 0 0 0 0 0 9 0 0 0 39 5 56 0 0 0 0 27 0 0 0 0 0 0 10 0 0 0 41 9 70 0 0 0 1 30 0 0 0 0 2 0 13 0 0 0 54 17 109 0 0 0 1 44 0 4 0 0 0 0 14 0 0 0 40 7 50 0 0 0 0 29 2 0 0 0 0 0 15 0 0"
"cro","Cronulla-Sutherland Sharks","Billy Burns","Interchange","1","player_specific_contract_candidate","zerotackle.com","false","false","true","contract_or_signing_language|contract_table","zerotackle-direct-player-profile","","Billy Burns (Cronulla Sharks) - NRL Stats, News, Contract &amp; Player Profile - Zero Tackle","https://www.zerotackle.com/players/billy-burns/","Player Contracts Player Contracts Team 2026 2027 2028 2029 2030 Cronulla Sharks ✔ ✔ ✔ Stats 2026 Stats Round Opp P T G MINS AR ARM LB LBA TA OL TK MT TB KM 40/20 PE ER TOTALS 16 16 4 0 1011 137 1181 4 1 2 15 489 57 17 75 0 9 11 1 0 0 0 80 7 66 0 0 0 1 32 4 3 0 0 1 0 2 0 0 0 80 9 60 0 0 0 1 28 6 2 0 0 0 3 3 0 0 0 62 5 76 1 0 0 0 33 5 2 0 0 0 0 4 4 1 0 80 7 74 1 0 0 1 33 7 0 0 0 1 0 5 4 1 0 76 9 84 1 0 0 2 42 2 1 0 0 1"
"cro","Cronulla-Sutherland Sharks","Jesse Colquhoun","Interchange","1","player_specific_contract_candidate","nrl.com","false","false","false","contract_or_salary_language|signing_language|term_length_language","bing-news-rss","Mon, 02 Mar 2026 15:59:00 GMT","'Stay a one-club player': Loyal Colquhoun vows to deliver for Sharks","https://www.nrl.com/news/2026/03/04/stay-a-one-club-player-loyal-colquhoun-vows-to-deliver-for-sharks/","Recently re-signed Shark Jesse Colquhoun has declared his desire to finish his career a one-club player as he looks to deliver on the expectations that come with a four-year extension. The 24-year-old ..."
"cro","Cronulla-Sutherland Sharks","Jesse Colquhoun","Interchange","2","player_specific_contract_candidate","zerotackle.com","false","false","true","contract_or_signing_language|contract_table","zerotackle-direct-player-profile","","Jesse Colquhoun (Cronulla Sharks) - NRL Stats, News, Contract &amp; Player Profile - Zero Tackle","https://www.zerotackle.com/players/jesse-colquhoun/","Player Contracts Player Contracts Team 2026 2027 2028 2029 2030 Cronulla Sharks ✔ ✔ ✔ ✔ ✔ Stats 2026 Stats Round Opp P T G MINS AR ARM LB LBA TA OL TK MT TB KM 40/20 PE ER TOTALS 15 12 3 0 664 187 1607 2 0 0 8 461 11 15 0 0 4 6 1 0 0 0 47 9 76 0 0 0 0 33 0 0 0 0 1 0 2 0 0 0 53 16 116 0 0 0 1 42 1 0 0 0 0 0 3 0 0 0 48 8 67 0 0 0 0 41 1 1 0 0 0 2 4 4 1 0 49 10 95 0 0 0 1 25 2 2 0 0 0 1 5 0 0 0 38 9 81 0 0 0 1 24 2 1 0 "
"cro","Cronulla-Sutherland Sharks","Sifa Talakai","Interchange","1","player_specific_contract_candidate","zerotackle.com","false","false","true","contract_or_signing_language|contract_table","zerotackle-direct-player-profile","","Siosifa Talakai (Cronulla Sharks) - NRL Stats, News, Contract &amp; Player Profile - Zero Tackle","https://www.zerotackle.com/players/siosifa-talakai/","Player Contracts Player Contracts Team 2026 2027 2028 2029 2030 Cronulla Sharks ✔ Perth Bears ✔ ✔ ✔ Stats 2026 Stats Round Opp P T G MINS AR ARM LB LBA TA OL TK MT TB KM 40/20 PE ER TOTALS 16 12 3 0 562 124 1354 2 2 0 3 182 25 29 0 0 1 4 1 0 0 0 30 8 87 0 0 0 0 10 0 0 0 0 0 1 2 0 0 0 19 3 24 0 0 0 0 16 2 0 0 0 0 0 3 0 0 0 27 5 68 0 0 0 0 14 1 1 0 0 0 1 4 0 0 0 22 4 56 0 0 0 0 13 0 0 0 0 0 0 5 4 1 0 43 10 106 1 0 0 0 "
"cro","Cronulla-Sutherland Sharks","Toby Rudolf","Interchange","1","player_specific_contract_candidate","zerotackle.com","false","false","true","contract_or_signing_language|contract_table","zerotackle-direct-player-profile","","Toby Rudolf (Cronulla Sharks) - NRL Stats, News, Contract &amp; Player Profile - Zero Tackle","https://www.zerotackle.com/players/toby-rudolf/","Player Contracts Player Contracts Team 2026 2027 2028 2029 2030 Cronulla Sharks ✔ Stats 2026 Stats Round Opp P T G MINS AR ARM LB LBA TA OL TK MT TB KM 40/20 PE ER TOTALS 13 0 0 0 478 123 1105 1 0 0 6 287 27 16 0 0 2 5 1 0 0 0 26 7 64 0 0 0 0 17 2 0 0 0 0 0 2 0 0 0 29 9 67 0 0 0 0 19 1 0 0 0 0 0 3 0 0 0 31 8 88 0 0 0 1 16 3 3 0 0 0 0 4 0 0 0 38 10 67 0 0 0 1 20 2 1 0 0 1 0 5 0 0 0 38 6 70 1 0 0 0 30 2 1 0 0 1 0 6 0 0"
"cro","Cronulla-Sutherland Sharks","Braden Uele","Unknown","1","player_specific_contract_candidate","zerotackle.com","false","false","true","contract_or_signing_language|contract_table","zerotackle-direct-player-profile","","Braden Uele (Cronulla Sharks) - NRL Stats, News, Contract &amp; Player Profile - Zero Tackle","https://www.zerotackle.com/players/braden-hamlin-uele/","Player Contracts Player Contracts Team 2026 2027 2028 2029 2030 Cronulla Sharks ✔ Stats 2026 Stats Round Opp P T G MINS AR ARM LB LBA TA OL TK MT TB KM 40/20 PE ER TOTALS 5 0 0 0 34 10 92 0 0 0 1 17 2 2 0 0 0 1 1 0 0 0 22 6 62 0 0 0 0 11 1 0 0 0 0 1 2 0 0 0 0 0 0 0 0 0 0 0 0 0 0 0 0 0 3 0 0 0 0 0 0 0 0 0 0 0 0 0 0 0 0 0 4 0 0 0 12 4 30 0 0 0 1 6 1 2 0 0 0 0 11 0 0 0 0 0 0 0 0 0 0 0 0 0 0 0 0 0 Latest NRL News Sharks "
"cro","Cronulla-Sutherland Sharks","Hohepa Puru","Unknown","1","player_specific_contract_candidate","zerotackle.com","false","false","true","contract_or_signing_language|contract_table","zerotackle-direct-player-profile","","Hohepa Puru (Cronulla Sharks) - NRL Stats, News, Contract &amp; Player Profile - Zero Tackle","https://www.zerotackle.com/players/hohepa-puru/","Player Contracts Player Contracts Team 2026 2027 2028 2029 2030 Cronulla Sharks ✔ Stats 2026 Stats Round Opp P T G MINS AR ARM LB LBA TA OL TK MT TB KM 40/20 PE ER TOTALS 14 4 1 0 323 37 278 1 0 0 1 189 11 9 1 0 2 4 1 0 0 0 0 0 0 0 0 0 0 0 0 0 0 0 0 0 2 0 0 0 16 7 41 0 0 0 0 10 0 1 0 0 0 1 4 0 0 0 0 0 0 0 0 0 0 0 0 0 0 0 0 0 5 0 0 0 0 0 0 0 0 0 0 0 0 0 0 0 0 0 8 0 0 0 0 0 0 0 0 0 0 0 0 0 0 0 0 0 9 0 0 0 0 0 0 0 0 0 0"
"cro","Cronulla-Sutherland Sharks","Jayden Berrell","Unknown","1","player_specific_contract_candidate","zerotackle.com","false","false","true","contract_or_signing_language|contract_table","zerotackle-direct-player-profile","","Jayden Berrell (Cronulla Sharks) - NRL Stats, News, Contract &amp; Player Profile - Zero Tackle","https://www.zerotackle.com/players/jayden-berrell/","Player Contracts Player Contracts Team 2026 2027 2028 2029 2030 Cronulla Sharks ✔ Stats 2026 Stats Round Opp P T G MINS AR ARM LB LBA TA OL TK MT TB KM 40/20 PE ER TOTALS 7 0 0 0 107 10 75 0 0 0 0 72 6 3 7 0 2 2 6 0 0 0 0 0 0 0 0 0 0 0 0 0 0 0 0 0 11 0 0 0 30 4 26 0 0 0 0 20 1 2 0 0 0 0 13 0 0 0 0 0 0 0 0 0 0 0 0 0 0 0 0 0 14 0 0 0 31 3 32 0 0 0 0 20 3 0 0 0 0 1 15 0 0 0 31 2 16 0 0 0 0 25 2 1 7 0 1 0 18 0 0 0 15 1 1"
"cro","Cronulla-Sutherland Sharks","Liam Ison","Unknown","1","player_specific_contract_candidate","au.sports.yahoo.com","false","false","false","contract_or_salary_language|signing_language|term_length_language","bing-news-rss","Wed, 06 May 2026 17:01:00 GMT","Sign or send: Verdicts on five off-contract NRL names","https://au.sports.yahoo.com/sign-send-verdicts-five-off-004228342.html","""Send. Perth should be his landing spot, realistically. Liam Ison hasn't been signed to play reserve grade forever. There's a very clear reason why William Kennedy was only given a one-year, cut-price ..."
"cro","Cronulla-Sutherland Sharks","Liam Ison","Unknown","2","player_specific_contract_candidate","zerotackle.com","false","false","true","contract_or_signing_language|contract_table","zerotackle-direct-player-profile","","Liam Ison (Cronulla Sharks) - NRL Stats, News, Contract &amp; Player Profile - Zero Tackle","https://www.zerotackle.com/players/liam-ison/","Player Contracts Player Contracts Team 2026 2027 2028 2029 2030 Cronulla Sharks ✔ ✔ Stats Latest NRL News Sharks to face major contract challenges Magdalena Murdoch - February 27, 2026 Cooper Bai SEVEN rookies to watch this NRL season Magdalena Murdoch - February 26, 2026 Liam Ison Sharks youngster reveals what motivated his harrowing injury comeback Isaac Issa - December 16, 2025 Liam Ison Worst fears confirmed for "
"cro","Cronulla-Sutherland Sharks","Mawene Hiroti","Unknown","1","player_specific_contract_candidate","zerotackle.com","false","false","true","contract_or_signing_language|contract_table","zerotackle-direct-player-profile","","Mawene Hiroti (Cronulla Sharks) - NRL Stats, News, Contract &amp; Player Profile - Zero Tackle","https://www.zerotackle.com/players/mawene-hiroti/","Player Contracts Player Contracts Team 2026 2027 2028 2029 2030 Cronulla Sharks ✔ Gold Coast Titans ✔ ✔ Stats 2026 Stats Round Opp P T G MINS AR ARM LB LBA TA OL TK MT TB KM 40/20 PE ER TOTALS 13 10 2 1 480 94 888 4 1 1 0 63 13 9 0 0 0 6 3 0 0 0 0 0 0 0 0 0 0 0 0 0 0 0 0 0 5 0 0 0 0 0 0 0 0 0 0 0 0 0 0 0 0 0 6 4 1 0 80 15 157 1 0 0 0 16 4 0 0 0 0 1 8 0 0 0 80 16 154 2 0 0 0 6 2 1 0 0 0 0 9 0 0 0 80 12 134 0 0 0 0 3 2"
"cro","Cronulla-Sutherland Sharks","Niwhai Puru","Unknown","1","player_specific_contract_candidate","zerotackle.com","false","false","true","contract_or_signing_language|contract_table","zerotackle-direct-player-profile","","Niwhai Puru (Cronulla Sharks) - NRL Stats, News, Contract &amp; Player Profile - Zero Tackle","https://www.zerotackle.com/players/niwhai-puru/","Player Contracts Player Contracts Team 2026 2027 2028 2029 2030 Cronulla Sharks ✔ Stats 2026 Stats Round Opp P T G MINS AR ARM LB LBA TA OL TK MT TB KM 40/20 PE ER TOTALS 3 4 1 0 240 19 178 1 0 1 2 85 10 4 427 0 3 4 13 4 1 0 80 9 102 0 0 0 0 25 2 0 88 0 0 1 14 0 0 0 80 6 52 1 0 1 1 32 6 2 146 0 1 2 15 0 0 0 80 4 24 0 0 0 1 28 2 2 193 0 2 1 Latest NRL News Cronulla Sharks lock in rising star duo for 2026 Ethan Lee Cha"
"cro","Cronulla-Sutherland Sharks","Oregon Kaufusi","Unknown","1","player_specific_contract_candidate","zerotackle.com","false","false","true","contract_or_signing_language|contract_table","zerotackle-direct-player-profile","","Oregon Kaufusi (Cronulla Sharks) - NRL Stats, News, Contract &amp; Player Profile - Zero Tackle","https://www.zerotackle.com/players/oregon-kaufusi/","Player Contracts Player Contracts Team 2026 2027 2028 2029 2030 Cronulla Sharks ✔ ✔ Stats 2026 Stats Round Opp P T G MINS AR ARM LB LBA TA OL TK MT TB KM 40/20 PE ER TOTALS 14 4 1 0 319 74 624 1 1 1 15 178 5 11 0 0 0 1 1 0 0 0 27 7 66 0 0 0 1 14 0 3 0 0 0 0 2 0 0 0 30 5 30 0 0 0 1 21 1 0 0 0 0 0 3 0 0 0 21 6 44 0 0 0 2 12 0 0 0 0 0 1 4 0 0 0 27 4 28 0 0 0 2 20 2 0 0 0 0 0 5 0 0 0 35 6 52 0 0 0 0 24 0 0 0 0 0 0 6 0 0 "
"cro","Cronulla-Sutherland Sharks","Riley Jones","Unknown","1","player_specific_contract_candidate","zerotackle.com","false","false","true","contract_or_signing_language|contract_table","zerotackle-direct-player-profile","","Riley Jones (Cronulla Sharks) - NRL Stats, News, Contract &amp; Player Profile - Zero Tackle","https://www.zerotackle.com/players/riley-jones/","Player Contracts Player Contracts Team 2026 2027 2028 2029 2030 Cronulla Sharks ✔ Stats 2026 Stats Round Opp P T G MINS AR ARM LB LBA TA OL TK MT TB KM 40/20 PE ER TOTALS 5 0 0 0 0 0 0 0 0 0 0 0 0 0 0 0 0 0 6 0 0 0 0 0 0 0 0 0 0 0 0 0 0 0 0 0 8 0 0 0 0 0 0 0 0 0 0 0 0 0 0 0 0 0 9 0 0 0 0 0 0 0 0 0 0 0 0 0 0 0 0 0 10 0 0 0 0 0 0 0 0 0 0 0 0 0 0 0 0 0 13 0 0 0 0 0 0 0 0 0 0 0 0 0 0 0 0 0 Riley Jones Sharks sign versati"
"cro","Cronulla-Sutherland Sharks","Sam Stonestreet","Unknown","1","player_specific_contract_candidate","goldcoastbulletin.com.au","false","false","false","contract_or_salary_language|term_language","bing-news-rss","Fri, 29 May 2026 04:56:00 GMT","Jesse Arthars to leave Broncos at end of 2026 season, Sharks extend Sam Stonestreet","https://www.goldcoastbulletin.com.au/sport/nrl/jesse-arthars-to-leave-broncos-at-end-of-2026-season-amid-salary-cap-pressures/news-story/36664c6089176c5167538c6e9ebf24bd","Arthars will depart Red Hill at the end of 2026 after being squeezed out of the Broncos by salary cap pressures and Brisbane's log-jam of rising outside backs. Arthars, 27, has spent six seasons at ..."
"cro","Cronulla-Sutherland Sharks","Thomas Dellow","Unknown","1","player_specific_contract_candidate","zerotackle.com","false","false","true","contract_or_signing_language|contract_table","zerotackle-direct-player-profile","","Thomas Dellow (Cronulla Sharks) - NRL Stats, News, Contract &amp; Player Profile - Zero Tackle","https://www.zerotackle.com/players/thomas-dellow/","Player Contracts Player Contracts Team 2026 2027 2028 2029 2030 Cronulla Sharks ✔ ✔ Stats Coinbase Dellow's dream: Sharks prospect leading Endeavour's schoolboy charge Ethan Lee Chalk - August 26, 2025 Latest News FULL TIME: Storm vs Titans &#8211; Round 19, 2026 July 12, 2026 FULL TIME: Sea Eagles vs Cowboys &#8211; Round 19, 2026 July 12, 2026 FINAL TEAMS: Storm vs Titans &#8211; Round 19, 2026 July 12, 2026 FULL T"
"cro","Cronulla-Sutherland Sharks","Tuku Hau Tapuha","Unknown","1","player_specific_contract_candidate","zerotackle.com","false","false","true","contract_or_signing_language|contract_table","zerotackle-direct-player-profile","","Tuku Hau Tapuha (Cronulla Sharks) - NRL Stats, News, Contract &amp; Player Profile - Zero Tackle","https://www.zerotackle.com/players/tuku-hau-tapuha/","Player Contracts Player Contracts Team 2026 2027 2028 2029 2030 Cronulla Sharks ✔ Stats 2026 Stats Round Opp P T G MINS AR ARM LB LBA TA OL TK MT TB KM 40/20 PE ER TOTALS 3 0 0 0 33 12 98 0 0 0 1 16 0 1 0 0 0 0 15 0 0 0 0 0 0 0 0 0 0 0 0 0 0 0 0 0 18 0 0 0 19 6 38 0 0 0 1 10 0 0 0 0 0 0 19 0 0 0 14 6 60 0 0 0 0 6 0 1 0 0 0 0 Tuku Hau Tapuha Sharks forward lands extension Ethan Lee Chalk - December 20, 2024 Tuku Hau T"
"dol","Dolphins","Hamiso Tabuai-Fidow","Fullback","1","player_specific_profile_candidate","abc.net.au","false","false","false","","bing-news-rss","Sun, 07 Sep 2025 18:53:00 GMT","Hamiso Tabuai-Fidow to miss rugby league Test matches after suffering injury in Dolphins' final NRL games","https://www.abc.net.au/news/2025-09-08/hamiso-tabuai-fidow-to-miss-rugby-league-test-matches/105750248","Dolphins flyer Hamiso Tabuai-Fidow's knee injury will keep him out of the Pacific Championships as he was preparing to reunite with Samoa. Before the injury, speculation had swirled over whether the ..."
"dol","Dolphins","Hamiso Tabuai-Fidow","Fullback","2","player_specific_profile_candidate","abc.net.au","false","false","false","","bing-news-rss","Sat, 06 Sep 2025 18:37:00 GMT","NRL finals schedule revealed, Eels thumping hands Knights wooden spoon, Hamiso Tabuai-Fidow injured in Dolphins' big win over Raiders","https://www.abc.net.au/news/2025-09-07/nrl-live-blog-dolphins-vs-raiders-eels-vs-knights/105745290","The NRL has released the schedule for the first two weeks of the finals series, with the Storm and Bulldogs starting the playoffs on Friday night. Both elimination finals will be played on the ..."
"dol","Dolphins","Hamiso Tabuai-Fidow","Fullback","3","player_specific_profile_candidate","msn.com","false","false","false","","bing-news-rss","Fri, 10 Jul 2026 01:13:00 GMT","Two Maroons guns back up for Dolphins in Shark hunt","https://www.msn.com/en-au/sport/rugby/two-maroons-guns-back-up-for-dolphins-in-shark-hunt/ar-AA27CeNn","The Dolphins will back up two of their Queensland forwards, but Hamiso Tabuai-Fidow and Selwyn Cobbo will be rested for the home clash with Cronulla."
"dol","Dolphins","Hamiso Tabuai-Fidow","Fullback","4","player_specific_contract_candidate","zerotackle.com","false","false","true","contract_or_signing_language|contract_table","zerotackle-direct-player-profile","","Hamiso Tabuai-Fidow ( Dolphins) - NRL Stats, News, Contract &amp; Player Profile - Zero Tackle","https://www.zerotackle.com/players/hamiso-tabuai-fidow/","Player Contracts Player Contracts Team 2026 2027 2028 2029 2030 Dolphins $950K $950K Stats 2026 Stats Round Opp P T G MINS AR ARM LB LBA TA OL TK MT TB KM 40/20 PE ER TOTALS 15 44 11 0 1195 230 2415 8 12 8 8 124 18 55 5 0 2 20 1 4 1 0 80 8 122 1 0 0 2 9 2 2 0 0 0 0 2 4 1 0 80 24 325 1 0 0 0 7 1 6 0 0 0 2 3 4 1 0 80 15 183 0 2 1 0 5 3 0 0 0 0 0 4 0 0 0 80 19 140 0 1 1 1 8 2 8 0 0 0 3 5 8 2 0 80 18 213 1 1 0 1 10 3 5 0"
"dol","Dolphins","Jamayne Isaako","Winger","1","player_specific_contract_candidate","theaustralian.com.au","false","false","false","contract_or_salary_language|term_length_language","bing-news-rss","Sat, 28 Mar 2026 17:00:00 GMT","Dolphins flyer Jamayne Isaako signs two-year deal with Melbourne Storm","https://www.theaustralian.com.au/sport/nrl/dolphins-flyer-jamayne-isaako-signs-twoyear-deal-with-melbourne-storm/news-story/888f838b248b206ab666944e2b58b40d","The move comes as the Storm look to fill the void left by winger Will Warbrick, who is expected to finalise a multi-year deal with the New Zealand Warriors starting in 2027. Craig Bellamy's ..."
"dol","Dolphins","Jamayne Isaako","Winger","2","player_specific_contract_candidate","au.sports.yahoo.com","false","false","false","signing_language","bing-news-rss","Sat, 28 Mar 2026 17:00:00 GMT","Jamayne Isaako drops bombshell on Dolphins, set to quit club","https://au.sports.yahoo.com/jamayne-isaako-drops-bombshell-dolphins-030132151.html","Dolphins star winger and goal-kicker Jamayne Isaako has quit the club and will join the Melbourne Storm from the start of 2027. The consistent winger, who has been with the Dolphins since their first ..."
"dol","Dolphins","Jamayne Isaako","Winger","3","player_specific_contract_candidate","illawarramercury.com.au","false","false","false","contract_or_salary_language","bing-news-rss","Wed, 19 Nov 2025 07:55:00 GMT","'Love to stay': Isaako wants new Dolphins deal done","https://www.illawarramercury.com.au/story/9115557/love-to-stay-isaako-wants-new-dolphins-deal-done/","Dolphins point-scoring whiz Jamayne Isaako wants to get an extension done at the club but is still waiting for a contract offer to be tabled. Coach Kristian Woolf said in September that the New ..."
"dol","Dolphins","Jamayne Isaako","Winger","4","player_specific_contract_candidate","canberratimes.com.au","false","false","false","contract_or_salary_language","bing-news-rss","Wed, 19 Nov 2025 07:55:00 GMT","'Love to stay': Isaako wants new Dolphins deal done","https://www.canberratimes.com.au/story/9115557/love-to-stay-isaako-wants-new-dolphins-deal-done/","Dolphins point-scoring whiz Jamayne Isaako wants to get an extension done at the club but is still waiting for a contract offer to be tabled."
"dol","Dolphins","Jamayne Isaako","Winger","5","player_specific_contract_candidate","zerotackle.com","false","false","true","contract_or_signing_language|contract_table","zerotackle-direct-player-profile","","Jamayne Isaako ( Dolphins) - NRL Stats, News, Contract &amp; Player Profile - Zero Tackle","https://www.zerotackle.com/players/jamayne-isaako/","Player Contracts Player Contracts Team 2026 2027 2028 2029 2030 Dolphins ✔ Melbourne Storm ✔ ✔ Stats 2026 Stats Round Opp P T G MINS AR ARM LB LBA TA OL TK MT TB KM 40/20 PE ER TOTALS 17 202 15 71 1365 294 2815 16 1 1 15 80 23 52 33 0 4 19 1 14 1 5 80 15 154 1 0 0 2 3 2 2 0 0 0 2 2 6 0 3 80 14 126 0 0 0 0 6 0 1 0 0 0 1 3 18 1 7 80 21 187 1 0 0 0 5 1 2 13 0 0 0 4 8 1 2 80 24 192 1 1 0 5 5 3 5 0 0 0 1 5 6 0 3 80 17 176"
"dol","Dolphins","Selwyn Cobbo","Centre","1","player_specific_contract_candidate","couriermail.com.au","false","false","false","contract_or_salary_language|signing_language|term_length_language","bing-news-rss","Tue, 21 Apr 2026 12:32:00 GMT","Selwyn Cobbo rejects NRL rivals to re-sign with Dolphins on fresh one year extension","https://www.couriermail.com.au/sport/nrl/selwyn-cobbow-rejects-nrl-rivals-to-resign-with-dolphins-on-fresh-one-year-extension/news-story/33b89a228df4d38ecac7c6cd0989b4f3","The former Broncos flyer has inked a one-year extension with the Dolphins for the 2027 season ahead of Saturday's away trip to face the Warriors in Wellington. Cobbo was thrown a lifeline by the ..."
"dol","Dolphins","Selwyn Cobbo","Centre","2","player_specific_contract_candidate","themercury.com.au","false","false","false","contract_or_salary_language|signing_language|term_length_language","bing-news-rss","Tue, 21 Apr 2026 12:32:00 GMT","Selwyn Cobbo rejects NRL rivals to re-sign with Dolphins on fresh one year extension","https://www.themercury.com.au/sport/nrl/selwyn-cobbow-rejects-nrl-rivals-to-resign-with-dolphins-on-fresh-one-year-extension/news-story/33b89a228df4d38ecac7c6cd0989b4f3","He was handed a one-year NRL lifeline to join the Dolphins after falling out of favour at the Broncos, and now former Queensland Origin star Selwyn Cobbo has made a call on his future. The former ..."
"dol","Dolphins","Selwyn Cobbo","Centre","3","player_specific_contract_candidate","au.news.yahoo.com","false","false","false","contract_or_salary_language|term_length_language","bing-news-rss","Tue, 21 Apr 2026 07:33:00 GMT","Blow for Brisbane Broncos fans after outside back inks NRL deal with Dolphins for 2027","https://au.news.yahoo.com/blow-for-brisbane-broncos-fans-after-outside-back-inks-nrl-deal-with-dolphins-for-2027-213251307.html","Add Yahoo as a preferred source to see more of our stories on Google. Broncos fans hoping that Selwyn Cobbo's stint at the Dolphins would only be a one-year affair have been left sorely disappointed ..."
"dol","Dolphins","Selwyn Cobbo","Centre","4","player_specific_contract_candidate","thechronicle.com.au","false","false","false","contract_or_salary_language|signing_language|term_length_language","bing-news-rss","Tue, 21 Apr 2026 12:32:00 GMT","Selwyn Cobbo rejects NRL rivals to re-sign with Dolphins on fresh one year extension","https://www.thechronicle.com.au/sport/nrl/selwyn-cobbow-rejects-nrl-rivals-to-resign-with-dolphins-on-fresh-one-year-extension/news-story/33b89a228df4d38ecac7c6cd0989b4f3","He was handed a one-year NRL lifeline to join the Dolphins after falling out of favour at the Broncos, and now former Queensland Origin star Selwyn Cobbo has made a call on his future. The former ..."
"dol","Dolphins","Selwyn Cobbo","Centre","5","player_specific_profile_candidate","couriermail.com.au","false","false","false","","bing-news-rss","Mon, 02 Mar 2026 05:34:00 GMT","Selwyn Cobbo targeted by NRL rivals, Dolphins coach Kristian Woolf a key figure in retaining the former Origin star","https://www.couriermail.com.au/sport/nrl/selwyn-cobbo-targeted-by-nrl-rivals-dolphins-coach-kristian-woolf-a-key-figure-in-retaining-the-former-origin-star/news-story/1e21c38caad0715e83a412b066f124d7","But Cobbo's manager says the former Broncos flyer is relishing his opening months at the Dolphins and believes coach Kristian Woolf shapes as a trump card in keeping the matchwinner at Redcliffe for ..."
"dol","Dolphins","Selwyn Cobbo","Centre","6","player_specific_contract_candidate","zerotackle.com","false","false","true","contract_or_signing_language|contract_table","zerotackle-direct-player-profile","","Selwyn Cobbo ( Dolphins) - NRL Stats, News, Contract &amp; Player Profile - Zero Tackle","https://www.zerotackle.com/players/selwyn-cobbo/","Player Contracts Player Contracts Team 2026 2027 2028 2029 2030 Dolphins ✔ ✔ Stats 2026 Stats Round Opp P T G MINS AR ARM LB LBA TA OL TK MT TB KM 40/20 PE ER TOTALS 15 56 14 0 1189 281 2829 17 0 3 7 66 15 66 69 0 3 32 1 0 0 0 80 15 155 1 0 1 1 5 0 2 11 0 1 2 2 0 0 0 80 19 191 0 0 0 0 3 0 3 0 0 0 1 3 4 1 0 80 16 169 1 0 0 1 4 1 6 0 0 0 1 4 0 0 0 80 20 191 0 0 0 3 7 2 3 0 0 0 4 5 0 0 0 78 13 153 1 0 1 0 3 1 2 0 0 0 4 "
"dol","Dolphins","Herbie Farnworth","Centre","1","player_specific_salary_candidate","news.com.au","false","false","false","money|contract_or_salary_language","bing-news-rss","Thu, 02 Apr 2026 13:25:00 GMT","Dolphins star Herbie Farnworth being circled by NRL powerhouse","https://www.news.com.au/sport/nrl/dolphins-star-herbie-farnworth-being-circled-by-nrl-powerhouse/news-story/dd116401a460bcb7a24bf81d061041a0","One of the stars of the NRL on a reported salary of around $1 million a season, rumours have emerged linking Farnworth to the Sydney Roosters. Watch every game of every round of the Premiership Season ..."
"dol","Dolphins","Herbie Farnworth","Centre","2","player_specific_salary_candidate","townsvillebulletin.com.au","false","false","false","money|contract_or_salary_language","bing-news-rss","Thu, 02 Apr 2026 12:25:00 GMT","Dolphins star Herbie Farnworth being circled by NRL powerhouse","https://www.townsvillebulletin.com.au/sport/nrl/dolphins-star-herbie-farnworth-being-circled-by-nrl-powerhouse/news-story/dd116401a460bcb7a24bf81d061041a0","One of the bright young star's of the league has found himself in the rumour mill with an NRL powerhouse reportedly circling. One of the stars of the NRL on a reported salary of around $1 million a ..."
"dol","Dolphins","Herbie Farnworth","Centre","3","player_specific_salary_candidate","goldcoastbulletin.com.au","false","false","false","money","bing-news-rss","Wed, 10 Jun 2026 19:05:00 GMT","Dolphins fear star centre Herbie Farnworth could be lost to the Sydney Roosters | Sport Confidential","https://www.goldcoastbulletin.com.au/sport/nrl/kangaroos-launch-bid-for-payne-haas-to-defect-from-samoa-ahead-of-world-cup/news-story/0ff5db1fe64e5d6e36f16715efc2f7c2","The Dolphins are preparing to fight a fierce $1 million bidding war to re-sign star centre Herbie Farnworth, amid fears the English international could be lost to a rival Sydney club. The in-form ..."
"dol","Dolphins","Herbie Farnworth","Centre","4","player_specific_contract_candidate","au.sports.yahoo.com","false","false","false","contract_or_salary_language","bing-news-rss","Thu, 11 Jun 2026 17:00:00 GMT","Dolphins facing uphill battle to retain Herbie Farnworth","https://au.sports.yahoo.com/dolphins-facing-uphill-battle-retain-024939288.html","The Dolphins face the prospect of losing one of the game's most elite players, with fears Herbie Farnworth is keen to test his worth on the open market for a 2028 contract. Farnworth is contracted ..."
"dol","Dolphins","Herbie Farnworth","Centre","5","player_specific_contract_candidate","townsvillebulletin.com.au","false","false","false","contract_or_salary_language","bing-news-rss","Tue, 19 Sep 2023 11:58:00 GMT","NRL 2023: Broncos star Herbie Farnworth reveals underwhelming contract offer behind Dolphins move","https://www.townsvillebulletin.com.au/sport/nrl/nrl-2023-broncos-star-herbie-farnworth-reveals-underwhelming-contract-offer-behind-dolphins-move/news-story/96fca1fe420ceff320d29cb4f60ce0fc","Dolphins defector Farnworth opened up about his reasons for quitting Brisbane as he prepares for what he hopes is his penultimate Broncos game in Saturday night's preliminary final against the ..."
"dol","Dolphins","Herbie Farnworth","Centre","6","player_specific_contract_candidate","au.sports.yahoo.com","false","false","false","contract_or_salary_language","bing-news-rss","Tue, 23 Jun 2026 01:28:00 GMT","""Haven't spoken, haven't heard"": Herbie Farnworth provides contract update, speaks on Roosters link","https://au.sports.yahoo.com/haven-t-spoken-haven-t-082836162.html","Dolphins star Herbie Farnworth has confirmed he has not been in talks with the Sydney Roosters, despite being heavily linked to the club from the start of 2028. The centre is off-contract at the end ..."
"dol","Dolphins","Herbie Farnworth","Centre","7","player_specific_contract_candidate","au.sports.yahoo.com","false","false","false","contract_or_salary_language","bing-news-rss","Wed, 25 Mar 2026 17:00:00 GMT","Farnworth takes shot at Broncos, talks Dolphins contract extension","https://au.sports.yahoo.com/farnworth-takes-shot-broncos-talks-060040871.html","Dolphins centre Herbie Farnworth was always a good player at the Brisbane Broncos, but after moving to the Dolphins, he has developed into one of the NRL's most impactful centres. His direct try ..."
"dol","Dolphins","Herbie Farnworth","Centre","8","player_specific_profile_candidate","couriermail.com.au","false","false","false","","bing-news-rss","Tue, 23 Jun 2026 12:03:00 GMT","Herbie Farnworth focused on Dolphins' push for historic premiership amid speculation on NRL future","https://www.couriermail.com.au/sport/nrl/herbie-farnworth-focused-on-dolphins-push-for-historic-premiership-amid-speculation-on-nrl-future/news-story/9af6ed2e3c370d5e92d9981b5fa59ff4","The Dolphins in-form centre — some say the best in his position in the world — is set to be a man in demand when he becomes a free agent on November 1 but has delivered a strong hint he wants to stay ..."
"dol","Dolphins","Herbie Farnworth","Centre","9","player_specific_contract_candidate","zerotackle.com","false","false","true","contract_or_signing_language|contract_table","zerotackle-direct-player-profile","","Herbie Farnworth ( Dolphins) - NRL Stats, News, Contract &amp; Player Profile - Zero Tackle","https://www.zerotackle.com/players/herbie-farnworth/","Player Contracts Player Contracts Team 2026 2027 2028 2029 2030 Dolphins $850K ✔ Stats 2026 Stats Round Opp P T G MINS AR ARM LB LBA TA OL TK MT TB KM 40/20 PE ER TOTALS 16 32 8 0 1285 275 2592 10 8 4 51 236 15 106 107 0 0 21 1 4 1 0 80 17 154 0 0 0 2 19 1 2 0 0 0 1 2 0 0 0 80 17 150 0 0 0 6 11 1 5 22 0 0 1 3 0 0 0 80 15 117 2 0 1 4 9 0 4 0 0 0 2 4 0 0 0 80 22 202 0 0 0 4 16 2 10 32 0 0 1 5 4 1 0 80 13 162 0 1 0 3 19"
"dol","Dolphins","Jack Bostock","Winger","1","player_specific_contract_candidate","zerotackle.com","false","false","true","contract_or_signing_language|contract_table","zerotackle-direct-player-profile","","Jack Bostock ( Dolphins) - NRL Stats, News, Contract &amp; Player Profile - Zero Tackle","https://www.zerotackle.com/players/jack-bostock/","Player Contracts Player Contracts Team 2026 2027 2028 2029 2030 Dolphins ✔ ✔ Stats 2026 Stats Round Opp P T G MINS AR ARM LB LBA TA OL TK MT TB KM 40/20 PE ER TOTALS 10 16 4 0 702 156 1349 3 6 7 10 129 17 18 18 0 4 14 9 8 2 0 80 22 188 1 1 0 2 16 1 1 0 0 0 2 10 4 1 0 80 14 184 0 2 1 0 10 1 5 0 0 3 1 11 4 1 0 80 18 158 1 0 0 1 20 5 4 12 0 0 1 12 0 0 0 80 13 131 0 1 1 0 25 3 2 0 0 0 2 14 0 0 0 80 22 186 0 1 2 2 12 0 1 "
"dol","Dolphins","Kodi Nikorima","Five-Eighth","1","player_specific_contract_candidate","dailytelegraph.com.au","false","false","false","contract_or_salary_language","bing-news-rss","Fri, 30 Apr 2021 11:56:00 GMT","NRL: Kodi Nikorima recommits to New Zealand Warriors","https://www.dailytelegraph.com.au/sport/nrl/nrl-kodi-nikorima-recommits-to-new-zealand-warriors/news-story/87f0e46ed56dfdb03f57b698cafcd54c","Nikorima has taken up a player option on his contract, allowing him to continue playing for the Warriors into next season. Born in New Zealand, Nikorima has made 40 appearances for the Warriors since ..."
"dol","Dolphins","Kodi Nikorima","Five-Eighth","2","player_specific_contract_candidate","au.sports.yahoo.com","false","false","false","contract_or_salary_language","bing-news-rss","Mon, 22 Jun 2026 00:10:00 GMT","""Will know soon"": Nikorima provides contract update as negotiations continue","https://au.sports.yahoo.com/know-soon-nikorima-provides-contract-071028051.html","Kodi Nikorima has entered extension talks with the Dolphins amid whispers of his departure and a potential Super League switch. The negotiations add further intrigue to who takes the Dolphins' number ..."
"dol","Dolphins","Kodi Nikorima","Five-Eighth","3","player_specific_contract_candidate","au.sports.yahoo.com","false","false","false","contract_or_salary_language","bing-news-rss","Wed, 17 Jun 2026 17:00:00 GMT","Dolphins extension looming whilst another star emerges in Origin conversation","https://au.sports.yahoo.com/dolphins-extension-looming-whilst-another-233428652.html","Kodi Nikorima has entered extension talks with the Dolphins amid whispers of his departure and a potential Super League switch. The negotiations add further intrigue to who takes the Dolphins' number ..."
"dol","Dolphins","Kodi Nikorima","Five-Eighth","4","player_specific_contract_candidate","msn.com","false","false","false","term_length_language","bing-news-rss","Sat, 11 Jul 2026 19:11:57 GMT","Rabbitohs plan to make a play for Dolphins veteran half","https://www.msn.com/en-au/sport/nhl/rabbitohs-plan-to-make-a-play-for-dolphins-veteran-half/ar-AA27IiPX","Kodi Nikorima remains unsigned for 2027, and there is one team in the NRL that has expressed interest in the 32-year-old. The Daily Telegraph reports that Wayne Bennett is intrigued by the prospect of ..."
"dol","Dolphins","Kodi Nikorima","Five-Eighth","5","player_specific_contract_candidate","espn.co.uk","false","false","false","contract_or_salary_language","bing-news-rss","Thu, 25 Jun 2026 22:11:00 GMT","Woolf answers Dolphins 2027 halves puzzle","https://www.espn.co.uk/nrl/story/_/id/49182473/nrl-report-dolphins-coach-kristian-woolf-answers-2027-halves-puzzle","The Dolphins hope to get a contract extension done for in-form five-eighth Kodi Nikorima despite the arrival of England playmaker George Williams in 2027."
"dol","Dolphins","Kodi Nikorima","Five-Eighth","6","player_specific_contract_candidate","msn.com","false","false","false","contract_or_salary_language","bing-news-rss","Thu, 25 Jun 2026 18:22:54 GMT","Room for two: Woolf answers Dolphins 2027 halves puzzle","https://www.msn.com/en-au/sport/afl/room-for-two-woolf-answers-dolphins-2027-halves-puzzle/ar-AA26yUTG","Dolphins coach Kristian Woolf hopes a new deal for No.6 Kodi Nikorima can be done and insists there is room for him and England star George Williams in 2027."
"dol","Dolphins","Kodi Nikorima","Five-Eighth","7","player_specific_contract_candidate","zerotackle.com","false","false","true","contract_or_signing_language|contract_table","zerotackle-direct-player-profile","","Kodi Nikorima ( Dolphins) - NRL Stats, News, Contract &amp; Player Profile - Zero Tackle","https://www.zerotackle.com/players/kodi-nikorima/","Player Contracts Player Contracts Team 2026 2027 2028 2029 2030 Dolphins ✔ Stats 2026 Stats Round Opp P T G MINS AR ARM LB LBA TA OL TK MT TB KM 40/20 PE ER TOTALS 14 12 3 0 1076 102 689 3 16 10 11 286 32 13 623 0 5 7 1 0 0 0 80 9 49 0 0 0 2 17 2 1 0 0 0 0 2 0 0 0 80 10 73 0 0 0 0 17 3 2 105 0 1 2 3 0 0 0 80 3 12 0 1 1 2 26 1 0 64 0 0 0 4 0 0 0 80 11 65 0 0 0 3 24 6 2 42 0 0 1 5 0 0 0 80 9 57 0 1 1 1 23 4 0 58 0 1 0 "
"dol","Dolphins","Isaiya Katoa","Halfback","1","player_specific_profile_candidate","couriermail.com.au","false","false","false","","bing-news-rss","Sat, 07 Mar 2026 07:00:00 GMT","Isaiya Katoa reveals how Reece Walsh's Broncos title heroics have inspired him to deliver a Dolphins premiership","https://www.couriermail.com.au/sport/nrl/isaiya-katoa-reveals-how-reece-walshs-broncos-title-heroics-have-inspired-him-to-deliver-a-dolphins-premiership/news-story/5ddca05af838bc8ff1ccb9e6653cebcb","Katoa launches his 2026 campaign in Sunday's clash at Suncorp Stadium against South Sydney, a side coached by his former mentor Wayne Bennett, and all eyes will be on the Tongan Test sensation. There ..."
"dol","Dolphins","Isaiya Katoa","Halfback","2","player_specific_contract_candidate","zerotackle.com","false","false","true","contract_or_signing_language|contract_table","zerotackle-direct-player-profile","","Isaiya Katoa ( Dolphins) - NRL Stats, News, Contract &amp; Player Profile - Zero Tackle","https://www.zerotackle.com/players/isaiya-katoa/","Player Contracts Player Contracts Team 2026 2027 2028 2029 2030 Dolphins $650K $650K $650K Stats 2026 Stats Round Opp P T G MINS AR ARM LB LBA TA OL TK MT TB KM 40/20 PE ER TOTALS 14 10 2 1 1050 144 1011 1 12 11 5 312 45 9 6429 0 2 9 1 0 0 0 80 9 63 0 2 2 1 21 6 0 366 0 0 1 2 0 0 0 80 10 74 0 0 1 1 20 4 2 422 0 0 0 3 0 0 0 80 9 68 0 2 2 1 25 8 1 605 0 0 2 4 0 0 0 80 14 100 0 1 0 0 20 1 1 375 0 0 0 5 0 0 0 80 6 43 0 0"
"dol","Dolphins","Daniel Saifiti","Prop","1","player_specific_profile_candidate","abc.net.au","false","false","false","","bing-news-rss","Sun, 03 May 2026 17:00:00 GMT","Dolphins prop Daniel Saifiti retires from NRL due to ongoing shoulder problems","https://www.abc.net.au/news/2026-05-04/saifiti-medically-retires-due-to-shoulder-issue/106638868","Daniel Saifiti has played his last NRL game after rehab on a chronically injured shoulder failed to allow him to return to the field. Saifiti joined the Dolphins in 2025 and played eight games after a ..."
"dol","Dolphins","Daniel Saifiti","Prop","2","player_specific_contract_candidate","zerotackle.com","false","false","true","contract_or_signing_language|contract_table","zerotackle-direct-player-profile","","Daniel Saifiti ( Dolphins) - NRL Stats, News, Contract &amp; Player Profile - Zero Tackle","https://www.zerotackle.com/players/daniel-saifiti/","Player Contracts Player Contracts Team 2026 2027 2028 2029 2030 Dolphins $800K Stats Latest NRL News Former Origin enforcer announces medical retirement Leo Twemlow - May 4, 2026 Daniel Saifiti Dolphins forward fighting to avoid medical retirement Scott Pryde - April 29, 2026 Latest NRL News Averillo set for extended sideline stint, Marshall-King's return pushed back again Scott Pryde - April 28, 2026 Daniel Saifiti "
"dol","Dolphins","Jeremy Marshall-King","Hooker","1","player_specific_contract_candidate","zerotackle.com","false","false","true","contract_or_signing_language|contract_table","zerotackle-direct-player-profile","","Jeremy Marshall-King ( Dolphins) - NRL Stats, News, Contract &amp; Player Profile - Zero Tackle","https://www.zerotackle.com/players/jeremy-marshall-king/","Player Contracts Player Contracts Team 2026 2027 2028 2029 2030 Dolphins ✔ ✔ ✔ Stats 2026 Stats Round Opp P T G MINS AR ARM LB LBA TA OL TK MT TB KM 40/20 PE ER TOTALS 9 8 2 0 608 42 395 3 1 0 7 343 21 7 0 0 3 2 10 4 1 0 50 5 38 1 0 0 0 16 0 2 0 0 0 0 11 0 0 0 59 4 36 0 0 0 1 34 3 0 0 0 2 0 12 0 0 0 80 3 28 0 0 0 1 37 3 1 0 0 0 0 14 0 0 0 68 7 68 0 0 0 0 33 0 1 0 0 1 0 15 4 1 0 68 5 52 1 0 0 1 40 3 3 0 0 0 1 16 0 0 0"
"dol","Dolphins","Thomas Flegler","Prop","1","player_specific_contract_candidate","zerotackle.com","false","false","true","contract_or_signing_language|contract_table","zerotackle-direct-player-profile","","Tom Flegler ( Dolphins) - NRL Stats, News, Contract &amp; Player Profile - Zero Tackle","https://www.zerotackle.com/players/thomas-flegler/","Player Contracts Player Contracts Team 2026 2027 2028 2029 2030 Dolphins $900K $900K Stats 2026 Stats Round Opp P T G MINS AR ARM LB LBA TA OL TK MT TB KM 40/20 PE ER TOTALS 15 8 2 0 510 122 1193 2 0 0 10 291 9 23 0 0 11 7 1 0 0 0 43 8 94 0 0 0 0 29 1 3 0 0 2 0 2 0 0 0 22 5 43 0 0 0 1 12 0 1 0 0 0 0 4 0 0 0 36 15 132 0 0 0 4 13 1 1 0 0 0 1 5 0 0 0 43 8 77 0 0 0 2 23 2 0 0 0 3 0 7 0 0 0 42 10 125 0 0 0 0 23 0 2 0 0 1 "
"dol","Dolphins","Felise Kaufusi","2nd Row","1","player_specific_contract_candidate","brisbanetimes.com.au","false","false","false","contract_or_salary_language","bing-news-rss","Thu, 29 Jan 2026 13:13:00 GMT","Standout 2025 Dolphin who needed two needles a game among players facing NRL exile","https://www.brisbanetimes.com.au/sport/nrl/standout-2025-dolphin-who-needed-two-needles-a-game-among-players-facing-nrl-exile-20260129-p5nxz6.html","Dolphins enforcer Felise Kaufusi believes the allure of achieving ""something special"" will keep his off-contract teammates from being lured to rival outfits, despite the looming selection battle that ..."
"dol","Dolphins","Felise Kaufusi","2nd Row","2","player_specific_profile_candidate","portnews.com.au","false","false","false","","bing-news-rss","Tue, 21 Mar 2023 15:16:00 GMT","Dolphins' Kaufusi, Storm's Hughes cop NRL bans","https://www.portnews.com.au/story/8130463/dolphins-kaufusi-storms-hughes-cop-nrl-bans/whats-on/","Dolphins forward Felise Kaufusi doesn't believe his previous brushes with the NRL judiciary led to him receiving a four-game suspension that has rubbed him out of Friday's blockbuster Brisbane derby ..."
"dol","Dolphins","Felise Kaufusi","2nd Row","3","player_specific_contract_candidate","zerotackle.com","false","false","true","contract_or_signing_language|contract_table","zerotackle-direct-player-profile","","Felise Kaufusi ( Dolphins) - NRL Stats, News, Contract &amp; Player Profile - Zero Tackle","https://www.zerotackle.com/players/felise-kaufusi/","Player Contracts Player Contracts Team 2026 2027 2028 2029 2030 Dolphins ✔ ✔ Stats 2026 Stats Round Opp P T G MINS AR ARM LB LBA TA OL TK MT TB KM 40/20 PE ER TOTALS 17 0 0 0 441 90 816 0 1 1 2 240 15 6 0 0 3 2 1 0 0 0 37 5 60 0 0 0 0 18 0 0 0 0 0 0 2 0 0 0 36 4 51 0 0 0 0 27 0 0 0 0 1 0 3 0 0 0 41 9 69 0 0 0 0 21 2 0 0 0 1 0 4 0 0 0 38 7 66 0 0 0 0 25 2 0 0 0 0 0 5 0 0 0 26 2 26 0 0 0 1 21 1 1 0 0 1 0 7 0 0 0 18 5 5"
"dol","Dolphins","Kulikefu Finefeuiaki","2nd Row","1","player_specific_contract_candidate","zerotackle.com","false","false","true","contract_or_signing_language|contract_table","zerotackle-direct-player-profile","","Kulikefu Finefeuiaki ( Dolphins) - NRL Stats, News, Contract &amp; Player Profile - Zero Tackle","https://www.zerotackle.com/players/kulikefu-finefeuiaki/","Player Contracts Player Contracts Team 2026 2027 2028 2029 2030 Dolphins $625K $625K Stats 2026 Stats Round Opp P T G MINS AR ARM LB LBA TA OL TK MT TB KM 40/20 PE ER TOTALS 17 12 3 0 1260 237 2402 4 1 1 2 579 39 43 0 0 3 10 1 4 1 0 80 13 160 1 0 0 0 30 4 3 0 0 0 1 2 4 1 0 80 20 215 0 1 1 0 34 3 2 0 0 0 2 3 0 0 0 80 19 185 0 0 0 0 33 3 5 0 0 0 0 4 0 0 0 80 20 222 1 0 0 1 36 2 7 0 0 0 0 5 0 0 0 80 8 80 0 0 0 0 39 3 2 "
"dol","Dolphins","Tom Gilbert","Lock","1","player_specific_contract_candidate","geelongadvertiser.com.au","false","false","false","contract_or_salary_language|term_length_language","bing-news-rss","Tue, 26 Apr 2022 07:52:00 GMT","NRL transfer news: Dolphins sign Tom Gilbert from Cowboys on three-year deal","https://www.geelongadvertiser.com.au/sport/nrl/nrl-transfer-news-dolphins-sign-tom-gilbert-from-cowboys-on-threeyear-deal/news-story/cd80cf9df7c937bfd7052a527b9e2492","A week after missing out on Knights superstar Kalyn Ponga, the Dolphins have bolstered their long-term future with the acquisition of the off-contract Gilbert. At 21, Gilbert has a bright career in ..."
"dol","Dolphins","Tom Gilbert","Lock","2","player_specific_contract_candidate","zerotackle.com","false","false","true","contract_or_signing_language|contract_table","zerotackle-direct-player-profile","","Tom Gilbert ( Dolphins) - NRL Stats, News, Contract &amp; Player Profile - Zero Tackle","https://www.zerotackle.com/players/tom-gilbert/","Player Contracts Player Contracts Team 2026 2027 2028 2029 2030 Dolphins ✔ ✔ ✔ Stats 2026 Stats Round Opp P T G MINS AR ARM LB LBA TA OL TK MT TB KM 40/20 PE ER TOTALS 16 0 0 0 669 178 1682 1 0 0 1 521 35 15 21 0 7 6 1 0 0 0 36 7 77 0 0 0 0 28 1 1 0 0 1 1 2 0 0 0 44 14 135 0 0 0 0 43 0 2 0 0 0 0 3 0 0 0 55 19 174 0 0 0 0 32 0 0 0 0 0 0 4 0 0 0 52 14 131 0 0 0 0 37 7 1 0 0 1 1 5 0 0 0 45 7 55 0 0 0 0 33 1 0 0 0 0 0 7 "
"dol","Dolphins","Kurt Donoghoe","Interchange","1","player_specific_contract_candidate","illawarramercury.com.au","false","false","false","contract_or_salary_language|term_language","bing-news-rss","Wed, 04 Feb 2026 04:14:00 GMT","Donoghoe has nose for NSW after Dolphins extension","https://www.illawarramercury.com.au/story/9167785/donoghoe-has-nose-for-nsw-after-dolphins-extension/","Dolphins utility Kurt Donoghoe has set his sights on a NSW jersey after inking an extension until the end of 2028. The Newcastle-born 1980s-style tough nut, who was on the club's books until 2027, has ..."
"dol","Dolphins","Kurt Donoghoe","Interchange","2","player_specific_profile_candidate","goldcoastbulletin.com.au","false","false","false","","bing-news-rss","Thu, 07 Aug 2025 17:00:00 GMT","Dolphins' Kurt Donoghoe mounting a case to be considered the toughest player in the NRL","https://www.goldcoastbulletin.com.au/sport/nrl/dolphins-kurt-donoghoe-mounting-a-case-to-be-considered-the-toughest-player-in-the-nrl/news-story/5b9a5e23b79853c2e684111b2240e37c","In a nightmare season beset by injuries, the Dolphins have unearthed a lock forward who has a genuine claim to be considered the toughest player in the NRL. Donoghoe has produced a breakout season for ..."
"dol","Dolphins","Kurt Donoghoe","Interchange","3","player_specific_contract_candidate","zerotackle.com","false","false","true","contract_or_signing_language|contract_table","zerotackle-direct-player-profile","","Kurt Donoghoe ( Dolphins) - NRL Stats, News, Contract &amp; Player Profile - Zero Tackle","https://www.zerotackle.com/players/kurt-donoghoe/","Player Contracts Player Contracts Team 2026 2027 2028 2029 2030 Dolphins ✔ ✔ ✔ Stats 2026 Stats Round Opp P T G MINS AR ARM LB LBA TA OL TK MT TB KM 40/20 PE ER TOTALS 10 8 2 0 458 82 708 2 2 2 0 284 28 15 50 0 2 6 5 0 0 0 29 1 9 0 0 0 0 14 4 0 0 0 0 0 9 0 0 0 26 8 71 0 0 0 0 17 1 0 31 0 0 0 11 0 0 0 48 4 26 0 0 0 0 29 2 0 19 0 1 0 12 0 0 0 51 9 86 0 0 0 0 33 2 0 0 0 0 2 14 4 1 0 49 8 72 1 1 1 0 27 1 6 0 0 0 0 15 0 0"
"dol","Dolphins","Connelly Lemuelu","Interchange","1","player_specific_contract_candidate","brisbanetimes.com.au","false","false","false","contract_or_salary_language|term_language","bing-news-rss","Tue, 16 Dec 2025 01:29:00 GMT","'Point to prove': Cobbo clue revealed as breakout star kept from Bears' grasp","https://www.brisbanetimes.com.au/sport/nrl/breakout-star-kept-out-of-bears-clutches-as-cobbo-clue-revealed-20251216-p5no14.html","The Dolphins have kept breakout forward Connelly Lemuelu out of the Perth Bears' clutches, securing the backrower on a contract extension to the end of 2027. Lemuelu had been a free agent since ..."
"dol","Dolphins","Connelly Lemuelu","Interchange","2","player_specific_contract_candidate","zerotackle.com","false","false","true","contract_or_signing_language|contract_table","zerotackle-direct-player-profile","","Connelly Lemuelu ( Dolphins) - NRL Stats, News, Contract &amp; Player Profile - Zero Tackle","https://www.zerotackle.com/players/connelly-lemuelu/","Player Contracts Player Contracts Team 2026 2027 2028 2029 2030 Dolphins ✔ ✔ Stats 2026 Stats Round Opp P T G MINS AR ARM LB LBA TA OL TK MT TB KM 40/20 PE ER TOTALS 17 12 3 0 1360 188 1774 6 2 3 12 594 36 38 0 0 7 16 1 0 0 0 80 13 120 0 1 0 2 35 1 3 0 0 0 2 2 0 0 0 80 10 109 0 0 0 1 35 1 3 0 0 0 2 3 4 1 0 80 10 81 1 0 0 0 42 0 1 0 0 0 0 4 0 0 0 80 9 88 0 0 0 1 41 2 6 0 0 2 1 5 0 0 0 80 4 32 0 0 0 2 36 7 1 0 0 1 2 7 "
"dol","Dolphins","Max Plath","Interchange","1","player_specific_contract_candidate","zerotackle.com","false","false","true","contract_or_signing_language|contract_table","zerotackle-direct-player-profile","","Max Plath ( Dolphins) - NRL Stats, News, Contract &amp; Player Profile - Zero Tackle","https://www.zerotackle.com/players/max-plath/","Player Contracts Player Contracts Team 2026 2027 2028 2029 2030 Dolphins ✔ ✔ ✔ Stats 2026 Stats Round Opp P T G MINS AR ARM LB LBA TA OL TK MT TB KM 40/20 PE ER TOTALS 15 4 1 0 910 132 1137 2 2 2 1 544 30 26 0 0 4 5 2 0 0 0 42 3 30 0 0 0 0 38 0 0 0 0 0 1 3 0 0 0 61 10 78 0 0 0 0 27 2 0 0 0 0 1 4 0 0 0 74 8 72 0 0 0 0 44 7 2 0 0 0 0 5 0 0 0 64 3 22 0 0 0 0 45 2 1 0 0 0 1 7 0 0 0 76 7 63 0 0 0 0 57 4 2 0 0 0 0 8 0 0 0 "
"dol","Dolphins","Morgan Knowles","Interchange","1","player_specific_contract_candidate","zerotackle.com","false","false","true","contract_or_signing_language|contract_table","zerotackle-direct-player-profile","","Morgan Knowles ( Dolphins) - NRL Stats, News, Contract &amp; Player Profile - Zero Tackle","https://www.zerotackle.com/players/morgan-knowles/","Player Contracts Player Contracts Team 2026 2027 2028 2029 2030 Dolphins ✔ ✔ Stats 2026 Stats Round Opp P T G MINS AR ARM LB LBA TA OL TK MT TB KM 40/20 PE ER TOTALS 16 4 1 0 814 133 1172 2 0 0 4 553 57 4 0 0 11 7 1 0 0 0 67 7 59 0 0 0 1 51 4 0 0 0 1 2 2 0 0 0 51 5 47 0 0 0 0 38 2 0 0 0 1 1 3 0 0 0 68 12 94 0 0 0 1 42 6 0 0 0 0 0 4 0 0 0 56 11 100 0 0 0 0 40 5 0 0 0 0 1 5 0 0 0 50 8 59 0 0 0 0 44 3 0 0 0 3 0 7 0 0 0 "
"dol","Dolphins","Jake Averillo","Unknown","1","player_specific_salary_candidate","adelaidenow.com.au","false","false","false","money|contract_or_salary_language","bing-news-rss","Sun, 22 Feb 2026 16:00:00 GMT","Las Vegas Confidential: Clubs battling for Jake Averillo's signature | Inside the Bulldogs' $20,000 night","https://www.adelaidenow.com.au/sport/nrl/las-vegas-confidential-inside-the-bulldogs-20000-las-vegas-night-matt-lodge-mystery-solved/news-story/cdad3cf6c2dbaad42960fe4b84a4187a","Dragons officials have held talks with a versatile Dolphins star who is off contract at the end of the season, but will have to fight to secure his signature amid interest from other clubs. LAS VEGAS ..."
"dol","Dolphins","Jake Averillo","Unknown","2","player_specific_profile_candidate","au.news.yahoo.com","false","false","false","contract_or_salary_language|signing_language|term_length_language","bing-news-rss","Tue, 23 Jun 2026 16:59:00 GMT","Wests Tigers continue signing spree as NRL club inks deal with replacement for Jarome Luai","https://au.news.yahoo.com/wests-tigers-continue-signing-spree-as-nrl-club-inks-deal-with-replacement-for-jarome-luai-234639107.html","The Wests Tigers have confirmed the signing of Jake Averillo on a four-year deal from 2027 as a potential long-term replacement for Jarome Luai. Tigers five-eighth Luai will join the PNG Chiefs in ..."
"dol","Dolphins","Jake Averillo","Unknown","3","player_specific_profile_candidate","au.news.yahoo.com","false","false","false","contract_or_salary_language","bing-news-rss","Wed, 03 Jun 2026 17:00:00 GMT","Wests Tigers sign Jarome Luai replacement as Knights ink deal with State of Origin player","https://au.news.yahoo.com/wests-tigers-sign-jarome-luai-replacement-as-knights-ink-deal-with-state-of-origin-player-061024582.html","Add Yahoo as a preferred source to see more of our stories on Google. The Wests Tigers are set to sign Dolphins back Jake Averillo as a potential replacement for Jarome Luai when he exits the NRL club ..."
"dol","Dolphins","Jake Averillo","Unknown","4","player_specific_contract_candidate","zerotackle.com","false","false","true","contract_or_signing_language|contract_table","zerotackle-direct-player-profile","","Jake Averillo ( Dolphins) - NRL Stats, News, Contract &amp; Player Profile - Zero Tackle","https://www.zerotackle.com/players/jake-averillo/","Player Contracts Player Contracts Team 2026 2027 2028 2029 2030 Dolphins $400K Wests Tigers ✔ ✔ ✔ ✔ Stats 2026 Stats Round Opp P T G MINS AR ARM LB LBA TA OL TK MT TB KM 40/20 PE ER TOTALS 9 24 6 0 701 126 1461 7 3 4 7 123 13 20 63 0 3 5 1 4 1 0 71 8 164 0 0 0 0 18 1 0 24 0 1 1 2 4 1 0 80 16 168 1 0 0 0 9 1 4 0 0 0 0 3 8 2 0 80 20 200 1 0 0 0 15 2 3 0 0 0 0 4 4 1 0 80 22 265 1 0 0 2 12 1 5 10 0 0 0 5 0 0 0 80 11 178 "
"dol","Dolphins","Brad Schneider","Unknown","1","player_specific_profile_candidate","townsvillebulletin.com.au","false","false","false","","bing-news-rss","Wed, 13 Aug 2025 16:37:00 GMT","Market Watch: Dolphins sign 2024 premiership winner Brad Schneider","https://www.townsvillebulletin.com.au/sport/nrl/market-watch-dolphins-sign-2024-premiership-winner-brad-schneider/news-story/fe1c6772a6306cd4897946cfd89fbfb7","Having aborted their pursuit of English playmaker George Williams, the Dolphins have instead turned to the reigning four-time premiers. Schneider will head to Redcliffe for the 2026 season as a ..."
"dol","Dolphins","Brad Schneider","Unknown","2","player_specific_contract_candidate","zerotackle.com","false","false","true","contract_or_signing_language|contract_table","zerotackle-direct-player-profile","","Brad Schneider ( Dolphins) - NRL Stats, News, Contract &amp; Player Profile - Zero Tackle","https://www.zerotackle.com/players/brad-schneider/","Player Contracts Player Contracts Team 2026 2027 2028 2029 2030 Dolphins ✔ Stats 2026 Stats Round Opp P T G MINS AR ARM LB LBA TA OL TK MT TB KM 40/20 PE ER TOTALS 15 8 2 0 706 76 568 1 5 4 2 259 25 13 2025 0 3 6 1 0 0 0 68 2 31 0 0 0 0 45 4 0 0 0 0 1 2 0 0 0 53 4 30 0 0 0 1 37 3 0 0 0 1 1 3 0 0 0 33 2 15 0 0 0 0 18 0 1 0 0 0 0 4 0 0 0 6 0 0 0 0 0 0 4 1 0 0 0 0 0 5 0 0 0 0 0 0 0 0 0 0 0 0 0 0 0 0 0 7 0 0 0 59 6 38 0 "
"dol","Dolphins","Brian Pouniu","Unknown","1","player_specific_contract_candidate","zerotackle.com","false","false","true","contract_or_signing_language|contract_table","zerotackle-direct-player-profile","","Brian Pouniu ( Dolphins) - NRL Stats, News, Contract &amp; Player Profile - Zero Tackle","https://www.zerotackle.com/players/brian-pouniu/","Player Contracts Player Contracts Team 2026 2027 2028 2029 2030 Dolphins ✔ Stats 2026 Stats Round Opp P T G MINS AR ARM LB LBA TA OL TK MT TB KM 40/20 PE ER TOTALS 8 0 0 0 80 10 75 0 2 0 0 8 0 0 0 0 0 1 2 0 0 0 0 0 0 0 0 0 0 0 0 0 0 0 0 0 3 0 0 0 0 0 0 0 0 0 0 0 0 0 0 0 0 0 8 0 0 0 0 0 0 0 0 0 0 0 0 0 0 0 0 0 12 0 0 0 80 10 75 0 2 0 0 8 0 0 0 0 0 1 15 0 0 0 0 0 0 0 0 0 0 0 0 0 0 0 0 0 16 0 0 0 0 0 0 0 0 0 0 0 0 0 0 0"
"dol","Dolphins","Elijah Rasmussen","Unknown","1","player_specific_contract_candidate","zerotackle.com","false","false","true","contract_or_signing_language|contract_table","zerotackle-direct-player-profile","","Elijah Rasmussen ( Dolphins) - NRL Stats, News, Contract &amp; Player Profile - Zero Tackle","https://www.zerotackle.com/players/elijah-rasmussen/","Player Contracts Player Contracts Team 2026 2027 2028 2029 2030 Dolphins ✔ ✔ Stats Elijah Rasmussen Dolphins confirm development list for 2025 Ethan Lee Chalk - November 19, 2024 Elijah Rasmussen Exciting young prop inks three-year contract with Dolphins Ethan Lee Chalk - May 23, 2024 Latest NRL News & Rugby League Updates Dolphins sign young Kiwi bopper for 2023 Jack Blyth - November 30, 2022 Latest News FULL TIME: "
"dol","Dolphins","Francis Molo","Unknown","1","player_specific_salary_candidate","au.sports.yahoo.com","false","false","false","money|contract_or_salary_language","bing-news-rss","Mon, 16 Mar 2026 16:59:00 GMT","Francis Molo makes surprise NRL contract call","https://au.sports.yahoo.com/francis-molo-makes-surprise-nrl-005908336.html","Dolphins forward Francis Molo is set to re-sign with the club on a deal worth $1 million over the next two years. The Dolphins, who see him as a key part of their middle third rotation, have been in ..."
"dol","Dolphins","Francis Molo","Unknown","2","player_specific_contract_candidate","au.sports.yahoo.com","false","false","false","contract_or_salary_language","bing-news-rss","Mon, 01 Jun 2026 16:33:00 GMT","Dolphins confirm extension of international forward","https://au.sports.yahoo.com/dolphins-confirm-extension-international-forward-233311156.html","The Dolphins have moved to re-sign an integral part of their engine room, extending Francis Molo at the club for an extra two years. With 161 games of NRL experience, Molo is a key aspect of the ..."
"dol","Dolphins","Francis Molo","Unknown","3","player_specific_contract_candidate","illawarramercury.com.au","false","false","false","contract_or_salary_language|term_length_language","bing-news-rss","Tue, 02 Jun 2026 07:49:00 GMT","Sober for three years: Molo strikes new Dolphins deal","https://www.illawarramercury.com.au/story/9277381/sober-for-three-years-molo-strikes-new-dolphins-deal/","Dolphins prop Francis Molo credited his decision to quit alcohol as a turning point in his life as he inked a new two-year extension. The 31-year-old powerhouse will now be on board at the Dolphins ..."
"dol","Dolphins","Francis Molo","Unknown","4","player_specific_contract_candidate","canberratimes.com.au","false","false","false","contract_or_salary_language|term_length_language","bing-news-rss","Tue, 02 Jun 2026 07:49:00 GMT","Sober for three years: Molo strikes new Dolphins deal","https://www.canberratimes.com.au/story/9277381/sober-for-three-years-molo-strikes-new-dolphins-deal/","Dolphins prop Francis Molo credited his decision to quit alcohol as a turning point in his life as he inked a new two-year extension."
"dol","Dolphins","Francis Molo","Unknown","5","player_specific_profile_candidate","ntnews.com.au","false","false","false","","bing-news-rss","Tue, 16 Mar 2021 04:59:00 GMT","NRL 2021: St George Illawarra sign prop Francis Molo from Cowboys days before Round 2 clash","https://www.ntnews.com.au/sport/nrl-2021-st-george-illawarra-sign-prop-francis-molo-from-cowboys-days-before-round-2-clash/news-story/7084dae975e6672c7c427dcfd3794f3b","The Dragons will add another Queensland recruit next year, and in a twist of fate, the big Cowboy will take on his future teammates this weekend. News Corp can reveal Molo will quit North Queensland ..."
"dol","Dolphins","Francis Molo","Unknown","6","player_specific_contract_candidate","zerotackle.com","false","false","true","contract_or_signing_language|contract_table","zerotackle-direct-player-profile","","Francis Molo ( Dolphins) - NRL Stats, News, Contract &amp; Player Profile - Zero Tackle","https://www.zerotackle.com/players/francis-molo/","Player Contracts Player Contracts Team 2026 2027 2028 2029 2030 Dolphins ✔ ✔ ✔ Stats 2026 Stats Round Opp P T G MINS AR ARM LB LBA TA OL TK MT TB KM 40/20 PE ER TOTALS 13 0 0 0 440 113 1062 1 0 0 6 284 11 7 0 0 0 2 4 0 0 0 24 7 77 0 0 0 1 15 0 2 0 0 0 1 5 0 0 0 42 5 46 0 0 0 1 32 3 0 0 0 0 0 7 0 0 0 25 7 56 0 0 0 0 21 2 0 0 0 0 1 8 0 0 0 35 9 97 0 0 0 0 22 0 1 0 0 0 0 9 0 0 0 23 8 73 0 0 0 0 13 0 1 0 0 0 0 10 0 0 0 2"
"dol","Dolphins","LJ Nonu","Unknown","1","player_specific_contract_candidate","zerotackle.com","false","false","true","contract_or_signing_language|contract_table","zerotackle-direct-player-profile","","LJ Nonu ( Dolphins) - NRL Stats, News, Contract &amp; Player Profile - Zero Tackle","https://www.zerotackle.com/players/lj-nonu/","Player Contracts Player Contracts Team 2026 2027 2028 2029 2030 Dolphins ✔ ✔ Stats Latest NRL News Averillo set for extended sideline stint, Marshall-King's return pushed back again Scott Pryde - April 28, 2026 Tevita Naufahu Dolphins hand contract upgrades to talented young trio Ethan Lee Chalk - July 25, 2025 LJ Nonu Queensland announce team for U19s Men's State of Origin match Ethan Lee Chalk - June 12, 2024 Lates"
"dol","Dolphins","Oryn Keeley","Unknown","1","player_specific_contract_candidate","au.sports.yahoo.com","false","false","false","contract_or_salary_language|signing_language","bing-news-rss","Sun, 28 Jun 2026 17:14:00 GMT","Deadline deal: Storm and Dolphins agree to immediate swap","https://au.sports.yahoo.com/deadline-deal-storm-dolphins-agree-001307060.html","The Melbourne Storm and Dolphins have agreed to an immediate switch of clubs for Oryn Keeley just 48 hours out from the NRL's in-season player movement deadline. Keeley, a second-rower, had already ..."
"dol","Dolphins","Oryn Keeley","Unknown","2","player_specific_contract_candidate","zerotackle.com","false","false","true","contract_or_signing_language|contract_table","zerotackle-direct-player-profile","","Oryn Keeley (Melbourne Storm) - NRL Stats, News, Contract &amp; Player Profile - Zero Tackle","https://www.zerotackle.com/players/oryn-keeley/","Player Contracts Player Contracts Team 2026 2027 2028 2029 2030 Melbourne Storm ✔ ✔ ✔ Stats 2026 Stats Round Opp P T G MINS AR ARM LB LBA TA OL TK MT TB KM 40/20 PE ER TOTALS 11 0 0 0 262 59 542 2 0 1 2 141 18 8 0 0 0 4 1 0 0 0 35 8 96 0 0 0 1 29 4 0 0 0 0 0 2 0 0 0 36 10 66 0 0 0 0 22 3 0 0 0 0 0 3 0 0 0 25 10 77 0 0 0 1 16 0 2 0 0 0 0 4 0 0 0 0 0 0 0 0 0 0 0 0 0 0 0 0 0 7 0 0 0 0 0 0 0 0 0 0 0 0 0 0 0 0 0 9 0 0 0 0"
"dol","Dolphins","Ray Stone","Unknown","1","player_specific_contract_candidate","zerotackle.com","false","false","true","contract_or_signing_language|contract_table","zerotackle-direct-player-profile","","Ray Stone ( Dolphins) - NRL Stats, News, Contract &amp; Player Profile - Zero Tackle","https://www.zerotackle.com/players/ray-stone/","Player Contracts Player Contracts Team 2026 2027 2028 2029 2030 Dolphins ✔ Stats 2026 Stats Round Opp P T G MINS AR ARM LB LBA TA OL TK MT TB KM 40/20 PE ER TOTALS 14 4 1 0 488 93 899 1 1 1 0 316 19 12 0 0 2 4 2 0 0 0 36 5 45 0 0 0 0 28 3 1 0 0 0 0 3 0 0 0 37 7 55 0 0 0 0 23 4 0 0 0 0 0 4 0 0 0 34 8 87 0 0 0 0 22 2 0 0 0 0 0 5 0 0 0 13 2 16 0 0 0 0 6 0 2 0 0 0 0 7 0 0 0 42 10 112 0 0 0 0 22 0 1 0 0 2 0 8 0 0 0 45 3 2"
"dol","Dolphins","Sebastian Su’a","Unknown","1","player_specific_profile_candidate","abc.net.au","false","false","false","","bing-news-rss","Wed, 04 Feb 2026 07:13:00 GMT","NRL rookie Sebastian Su'a poised for breakout year after injury-plagued 2025 season with Dolphins","https://www.abc.net.au/news/2026-02-05/nrl-rookie-sebastian-su-a-poised-for-breakout-year/106307552","Dolphins young forward Sebastian Su'a is poised for a breakout year in 2026 after suffering an injury in 2025. He has been with the Dolphins since March of 2025 after playing one NRL match for the ..."
"dol","Dolphins","Sebastian Su’a","Unknown","2","player_specific_profile_candidate","adelaidenow.com.au","false","false","false","","bing-news-rss","Thu, 05 Feb 2026 10:08:00 GMT","Dolphins rising star Sebastian Su'a poised for breakout season in 2026","https://www.adelaidenow.com.au/sport/nrl/dolphins-rising-star-sebastian-sua-poised-for-breakout-season-in-2026/news-story/894eca6b38e232f3a771a6f1550162f1","Newcastle recruit Sebastian Su'a has recovered from a knee injury and looks set to make his Redcliffe debut in the 2026 NRL Premiership. The son of former New Zealand Test cricketer Murphy Su'a, 'Seb' ..."
"dol","Dolphins","Sebastian Su’a","Unknown","3","player_specific_contract_candidate","zerotackle.com","false","false","true","contract_or_signing_language|contract_table","zerotackle-direct-player-profile","","Sebastian Su&#039;a ( Dolphins) - NRL Stats, News, Contract &amp; Player Profile - Zero Tackle","https://www.zerotackle.com/players/sebastian-sua/","Player Contracts Player Contracts Team 2026 2027 2028 2029 2030 Dolphins ✔ ✔ Stats 2026 Stats Round Opp P T G MINS AR ARM LB LBA TA OL TK MT TB KM 40/20 PE ER TOTALS 5 0 0 0 31 5 33 0 0 0 0 19 3 0 0 0 0 0 1 0 0 0 0 0 0 0 0 0 0 0 0 0 0 0 0 0 3 0 0 0 0 0 0 0 0 0 0 0 0 0 0 0 0 0 15 0 0 0 0 0 0 0 0 0 0 0 0 0 0 0 0 0 18 0 0 0 31 5 33 0 0 0 0 19 3 0 0 0 0 0 19 0 0 0 0 0 0 0 0 0 0 0 0 0 0 0 0 0 Sebastian Su'a Dolphin joins "
"dol","Dolphins","Tevita Naufahu","Unknown","1","player_specific_contract_candidate","nrl.com","false","false","false","contract_or_salary_language","bing-news-rss","Fri, 08 Aug 2025 17:00:00 GMT","Tevita Naufahu is quite the finisher","https://www.nrl.com/news/2025/08/10/tevita-naufahu-is-quite-the-finisher/","National Rugby League respects and honours the Traditional Custodians of the land and pay our respects to their Elders past, present and future. We acknowledge the stories, traditions and living ..."
"dol","Dolphins","Tevita Naufahu","Unknown","2","player_specific_contract_candidate","zerotackle.com","false","false","true","contract_or_signing_language|contract_table","zerotackle-direct-player-profile","","Tevita Naufahu ( Dolphins) - NRL Stats, News, Contract &amp; Player Profile - Zero Tackle","https://www.zerotackle.com/players/tevita-naufahu/","Player Contracts Player Contracts Team 2026 2027 2028 2029 2030 Dolphins ✔ ✔ Stats 2026 Stats Round Opp P T G MINS AR ARM LB LBA TA OL TK MT TB KM 40/20 PE ER TOTALS 10 12 3 0 415 103 1075 9 0 1 1 22 4 31 66 0 0 6 8 0 0 0 15 4 19 0 0 0 0 0 0 0 0 0 0 0 9 0 0 0 0 0 0 0 0 0 0 0 0 0 0 0 0 0 10 0 0 0 0 0 0 0 0 0 0 0 0 0 0 0 0 0 11 0 0 0 0 0 0 0 0 0 0 0 0 0 0 0 0 0 12 4 1 0 80 16 195 3 0 0 0 3 0 6 29 0 0 1 15 4 1 0 80 23 2"
"dol","Dolphins","Trai Fuller","Unknown","1","player_specific_salary_candidate","theaustralian.com.au","false","false","false","money|contract_or_salary_language|signing_language|term_length_language","bing-news-rss","Thu, 23 Apr 2026 23:00:00 GMT","Dolphins star Trai Fuller rejects $1.7m English Super League contract to stay in NRL","https://www.theaustralian.com.au/sport/nrl/dolphins-star-trai-fuller-rejects-17m-english-super-league-contract-to-stay-in-nrl/news-story/143eac95d2568c2af0408df6ddc1aa07","This masthead can reveal Fuller's remarkable salary sacrifice on the eve of the Dolphins' crucial round 8 clash against the Warriors in Wellington on Saturday. The 29-year-old remains off-contract at ..."
"dol","Dolphins","Trai Fuller","Unknown","2","player_specific_salary_candidate","cairnspost.com.au","false","false","false","money|contract_or_salary_language|signing_language|term_length_language","bing-news-rss","Fri, 24 Apr 2026 09:01:00 GMT","Dolphins star Trai Fuller rejects $1.7m English Super League contract to stay in NRL","https://www.cairnspost.com.au/sport/nrl/dolphins-star-trai-fuller-rejects-17m-english-super-league-contract-to-stay-in-nrl/news-story/143eac95d2568c2af0408df6ddc1aa07","This masthead can reveal Fuller's remarkable salary sacrifice on the eve of the Dolphins' crucial round 8 clash against the Warriors in Wellington on Saturday. The 29-year-old remains off-contract at ..."
"dol","Dolphins","Trai Fuller","Unknown","3","player_specific_salary_candidate","themercury.com.au","false","false","false","money|contract_or_salary_language|signing_language","bing-news-rss","Fri, 24 Apr 2026 09:01:00 GMT","Dolphins star Trai Fuller rejects $1.7m English Super League contract to stay in NRL","https://www.themercury.com.au/sport/nrl/dolphins-star-trai-fuller-rejects-17m-english-super-league-contract-to-stay-in-nrl/news-story/143eac95d2568c2af0408df6ddc1aa07","Dolphins star Trai Fuller has turned down an extraordinary $1.2 million in the English Super League, in a bid to stay in the NRL and secure his future with Redcliffe. This masthead can reveal Fuller's ..."
"dol","Dolphins","Trai Fuller","Unknown","4","player_specific_contract_candidate","theaustralian.com.au","false","false","false","contract_or_salary_language|signing_language","bing-news-rss","Wed, 08 Apr 2026 15:19:00 GMT","Dolphins star Trai Fuller rejects approach from Dragons as offer falls short | Sport Confidential","https://www.theaustralian.com.au/sport/nrl/nrl-rules-out-potential-salary-cap-relief-for-injuryplagued-parramatta-eels-sport-confidential/news-story/7de2d67b10b67a0b0adc14aa45a4314f","The Dragons were keen on adding Fuller for the rest of the season however his camp wanted next year included in any potential move. With his partner pregnant, Fuller was not keen on making a ..."
"dol","Dolphins","Trai Fuller","Unknown","5","player_specific_contract_candidate","au.news.yahoo.com","false","false","false","contract_or_salary_language","bing-news-rss","Tue, 09 Jun 2026 03:30:00 GMT","Dolphins over dollars: Trai's cup Fuller with new deal","https://au.news.yahoo.com/dolphins-over-dollars-trais-cup-173000194.html","Add Yahoo as a preferred source to see more of our stories on Google. Trai Fuller is too good not to be playing regular NRL but the dynamic fullback has still spurned a multi-million dollar offer from ..."
"dol","Dolphins","Trai Fuller","Unknown","6","player_specific_contract_candidate","zerotackle.com","false","false","true","contract_or_signing_language|contract_table","zerotackle-direct-player-profile","","Trai Fuller ( Dolphins) - NRL Stats, News, Contract &amp; Player Profile - Zero Tackle","https://www.zerotackle.com/players/trai-fuller/","Player Contracts Player Contracts Team 2026 2027 2028 2029 2030 Dolphins ✔ ✔ Stats 2026 Stats Round Opp P T G MINS AR ARM LB LBA TA OL TK MT TB KM 40/20 PE ER TOTALS 12 8 2 0 489 138 1307 1 3 2 7 54 12 36 40 0 1 7 1 0 0 0 9 4 47 0 0 0 0 1 1 0 0 0 0 0 2 0 0 0 0 0 0 0 0 0 0 0 0 0 0 0 0 0 3 0 0 0 0 0 0 0 0 0 0 0 0 0 0 0 0 0 4 0 0 0 0 0 0 0 0 0 0 0 0 0 0 0 0 0 5 0 0 0 0 0 0 0 0 0 0 0 0 0 0 0 0 0 7 0 0 0 0 0 0 0 0 0 0 0 0"
"gld","Gold Coast Titans","Keano Kini","Fullback","1","player_specific_profile_candidate","ntnews.com.au","false","false","false","","bing-news-rss","Sat, 06 Jun 2026 15:13:00 GMT","NRL Round 14: Keano Kini steals victory as Gold Coast Titans win 28-23 over Brisbane Broncos","https://www.ntnews.com.au/sport/nrl/nrl-round-14-keano-kini-steals-victory-as-gold-coast-titans-win-2823-over-brisbane-broncos/news-story/db3b0bb3d1d5f09b73358319fc9af389","In arguably the greatest M1 derby of all-time, Kini conjured an epic 55-metre chip-and-chase try to snatch a famous Titans victory and leave the Broncos' title hopes on life support before 41,087 ..."
"gld","Gold Coast Titans","Keano Kini","Fullback","2","player_specific_profile_candidate","cairnspost.com.au","false","false","false","","bing-news-rss","Sat, 06 Jun 2026 15:13:00 GMT","NRL Round 14: Keano Kini steals victory as Gold Coast Titans win 28-23 over Brisbane Broncos","https://www.cairnspost.com.au/sport/nrl/nrl-round-14-keano-kini-steals-victory-as-gold-coast-titans-win-2823-over-brisbane-broncos/news-story/db3b0bb3d1d5f09b73358319fc9af389","This time last year, the Broncos donned their black jerseys and blew the Titans away to reignite their premiership push. But now their hopes are in tatters, as the Titans got their revenge with a try ..."
"gld","Gold Coast Titans","Keano Kini","Fullback","3","player_specific_contract_candidate","zerotackle.com","false","false","true","contract_or_signing_language|contract_table","zerotackle-direct-player-profile","","Keano Kini (Gold Coast Titans) - NRL Stats, News, Contract &amp; Player Profile - Zero Tackle","https://www.zerotackle.com/players/keano-kini/","Player Contracts Player Contracts Team 2026 2027 2028 2029 2030 Gold Coast Titans ✔ ✔ ✔ ✔ ✔ Stats 2026 Stats Round Opp P T G MINS AR ARM LB LBA TA OL TK MT TB KM 40/20 PE ER TOTALS 16 12 3 0 1275 379 3231 15 9 9 41 59 41 75 152 0 0 30 1 0 0 0 80 17 100 0 1 1 2 7 3 4 0 0 0 0 2 0 0 0 80 21 187 0 1 0 3 5 2 3 9 0 0 3 3 0 0 0 80 22 179 1 1 0 3 6 2 6 0 0 0 4 4 0 0 0 80 23 152 0 1 0 4 1 1 3 0 0 0 3 5 0 0 0 80 22 199 1 0 0 1"
"gld","Gold Coast Titans","Jaylan De Groot","Winger","1","player_specific_contract_candidate","zerotackle.com","false","false","true","contract_or_signing_language|contract_table","zerotackle-direct-player-profile","","Jaylan De Groot (Gold Coast Titans) - NRL Stats, News, Contract &amp; Player Profile - Zero Tackle","https://www.zerotackle.com/players/jaylan-de-groot/","Player Contracts Player Contracts Team 2026 2027 2028 2029 2030 Gold Coast Titans ✔ ✔ Stats 2026 Stats Round Opp P T G MINS AR ARM LB LBA TA OL TK MT TB KM 40/20 PE ER TOTALS 11 0 0 0 320 36 300 0 1 0 2 44 7 4 8 0 1 3 6 0 0 0 0 0 0 0 0 0 0 0 0 0 0 0 0 0 7 0 0 0 80 9 85 0 0 0 0 9 2 2 0 0 0 1 9 0 0 0 0 0 0 0 0 0 0 0 0 0 0 0 0 0 10 0 0 0 0 0 0 0 0 0 0 0 0 0 0 0 0 0 11 0 0 0 0 0 0 0 0 0 0 0 0 0 0 0 0 0 12 0 0 0 80 11 86 "
"gld","Gold Coast Titans","Jojo Fifita","Centre","1","player_specific_contract_candidate","zerotackle.com","false","false","true","contract_or_signing_language|contract_table","zerotackle-direct-player-profile","","Jojo Fifita (Gold Coast Titans) - NRL Stats, News, Contract &amp; Player Profile - Zero Tackle","https://www.zerotackle.com/players/jojo-fifita/","Player Contracts Player Contracts Team 2026 2027 2028 2029 2030 Gold Coast Titans ✔ ✔ Stats 2026 Stats Round Opp P T G MINS AR ARM LB LBA TA OL TK MT TB KM 40/20 PE ER TOTALS 17 28 7 0 1360 209 2084 6 2 2 8 266 39 39 31 0 1 17 1 0 0 0 80 9 74 0 0 0 2 13 3 0 0 0 0 0 2 4 1 0 80 10 108 1 0 0 0 12 3 1 0 0 0 1 3 0 0 0 80 6 59 1 0 0 1 18 3 1 0 0 0 1 4 0 0 0 80 9 113 1 0 0 1 14 1 5 0 0 0 2 5 8 2 0 80 10 177 0 0 0 0 23 2 5 0"
"gld","Gold Coast Titans","Phillip Sami","Centre","1","player_specific_contract_candidate","goldcoastbulletin.com.au","false","false","false","term_length_language","bing-news-rss","Tue, 19 Nov 2019 04:37:00 GMT","Titans secure key piece of club's future in flyer Phillip Sami","https://www.goldcoastbulletin.com.au/sport/titans-secure-key-piece-of-clubs-future-in-flyer-phillip-sami/news-story/8412b20f0c2e92d61e8761d80b6dc887","Gold Coast have beaten off a number of interested NRL rivals to lock in 22-year-old flyer Phillip Sami to the club, with enforcer Jai Arrow next on their retention list. It comes as clubs begin ..."
"gld","Gold Coast Titans","Phillip Sami","Centre","2","player_specific_contract_candidate","zerotackle.com","false","false","true","contract_or_signing_language|contract_table","zerotackle-direct-player-profile","","Phillip Sami (Gold Coast Titans) - NRL Stats, News, Contract &amp; Player Profile - Zero Tackle","https://www.zerotackle.com/players/phillip-sami/","Player Contracts Player Contracts Team 2026 2027 2028 2029 2030 Gold Coast Titans ✔ St George Illawarra Dragons ✔ ✔ ✔ Stats 2026 Stats Round Opp P T G MINS AR ARM LB LBA TA OL TK MT TB KM 40/20 PE ER TOTALS 16 44 11 0 1280 364 3428 10 0 1 11 62 13 56 55 0 7 30 1 0 0 0 80 11 102 0 0 0 0 2 1 3 0 0 0 0 2 0 0 0 80 21 179 0 0 0 0 4 2 3 0 0 1 4 3 0 0 0 80 20 186 1 0 0 0 8 0 4 0 0 1 0 4 4 1 0 80 18 237 0 0 0 1 3 0 3 0 0 0 1"
"gld","Gold Coast Titans","Max Feagai","Winger","1","player_specific_contract_candidate","zerotackle.com","false","false","true","contract_or_signing_language|contract_table","zerotackle-direct-player-profile","","Max Feagai (Gold Coast Titans) - NRL Stats, News, Contract &amp; Player Profile - Zero Tackle","https://www.zerotackle.com/players/max-feagai/","Player Contracts Player Contracts Team 2026 2027 2028 2029 2030 Gold Coast Titans ✔ ✔ Stats 2026 Stats Round Opp P T G MINS AR ARM LB LBA TA OL TK MT TB KM 40/20 PE ER TOTALS 6 0 0 0 240 24 206 0 0 0 0 52 5 4 0 0 0 0 1 0 0 0 80 7 68 0 0 0 0 12 2 1 0 0 0 0 2 0 0 0 80 12 82 0 0 0 0 16 2 2 0 0 0 0 3 0 0 0 80 5 56 0 0 0 0 24 1 1 0 0 0 0 4 0 0 0 0 0 0 0 0 0 0 0 0 0 0 0 0 0 5 0 0 0 0 0 0 0 0 0 0 0 0 0 0 0 0 0 15 0 0 0 0 0 "
"gld","Gold Coast Titans","AJ Brimson","Five-Eighth","1","player_specific_salary_candidate","themercury.com.au","false","false","false","money","bing-news-rss","Fri, 11 Sep 2020 08:51:00 GMT","NRL 2020: AJ Brimson turned down Sydney moves, sacrificed $500,000 to remain with Titans","https://www.themercury.com.au/sport/nrl/nrl-2020-aj-brimson-turned-down-sydney-moves-sacrificed-500000-to-remain-with-titans/news-story/3d299533a35b8ca68293d7de64ffa1b2","Brimson has emerged as one of the NRL's form players and will look to inflict more pain on the Broncos club that snubbed him as a junior when the Titans tackle Brisbane at Cbus Super Stadium on ..."
"gld","Gold Coast Titans","AJ Brimson","Five-Eighth","2","player_specific_contract_candidate","geelongadvertiser.com.au","false","false","false","contract_or_salary_language","bing-news-rss","Mon, 25 Nov 2019 08:00:00 GMT","Gold Coast extend contract of promising playmaker AJ Brimson","https://www.geelongadvertiser.com.au/sport/gold-coast-extend-contract-of-promising-playmaker-aj-brimson/news-story/e6544762c56560365f488aa196e4bf7d","Gold Coast coach Justin Holbrook has made a strong early move at the club by locking in a major part of their future by extending the contract of local product AJ Brimson."
"gld","Gold Coast Titans","AJ Brimson","Five-Eighth","3","player_specific_contract_candidate","au.news.yahoo.com","false","false","false","contract_or_salary_language","bing-news-rss","Tue, 19 May 2026 21:02:00 GMT","Bulldogs 'monitoring' former Queensland State of Origin player to potentially sign as fullback","https://au.news.yahoo.com/bulldogs-monitoring-former-queensland-state-of-origin-player-to-potentially-sign-as-fullback-040226019.html","Add Yahoo as a preferred source to see more of our stories on Google. The Canterbury Bulldogs are reportedly 'monitoring' the contract situation with AJ Brimson at the Gold Coast Titans, and could be ..."
"gld","Gold Coast Titans","AJ Brimson","Five-Eighth","4","player_specific_profile_candidate","dailytelegraph.com.au","false","false","false","","bing-news-rss","Sun, 29 Mar 2026 06:23:00 GMT","NRL Late Mail round 4: AJ Brimson set for centre switch, Ollie Pascoe to debut","https://www.dailytelegraph.com.au/sport/nrl/supercoach-news/nrl-late-mail-round-4-aj-brimson-set-for-centre-switch-in-titans-shakeup/news-story/4ec5b66d4c659a7cee9460141500d225","Titans coach Josh Hannay is preparing to switch AJ Brimson to centre in a remodelled backline and hand an NRL debut to one of Queensland's top toilers. As revealed by this masthead on Wednesday, ..."
"gld","Gold Coast Titans","AJ Brimson","Five-Eighth","5","player_specific_profile_candidate","cairnspost.com.au","false","false","false","","bing-news-rss","Tue, 10 Mar 2020 12:39:00 GMT","NRL 2020 team news: Gold Coast Titans, AJ Brimson, Shannon Boyd","https://www.cairnspost.com.au/sport/nrl-2020-team-news-gold-coast-titans-aj-brimson-shannon-boyd/news-story/63273cd0d5a0f0640c3d2a6580e076ff","Brimson is managing a stress fracture in his back, with Titans head of performance and culture Mal Meninga admitting the young gun was a ""week-to-week proposition"". Prop Shannon Boyd (shoulder) has ..."
"gld","Gold Coast Titans","AJ Brimson","Five-Eighth","6","player_specific_profile_candidate","au.sports.yahoo.com","false","false","false","","bing-news-rss","Wed, 20 May 2026 17:00:00 GMT","FIVE potential landing spots for AJ Brimson","https://au.sports.yahoo.com/five-potential-landing-spots-aj-205756332.html","Contracts have never meant less when it comes to rugby league. Despite recently re-signing with the Gold Coast Titans, fullback turn five-eighth turn centre AJ Brimson is being linked with a move away ..."
"gld","Gold Coast Titans","AJ Brimson","Five-Eighth","7","player_specific_profile_candidate","townsvillebulletin.com.au","false","false","false","","bing-news-rss","Fri, 26 Feb 2021 08:13:00 GMT","NRL 2021: Gold Coast Titans to unleash speed demon AJ Brimson","https://www.townsvillebulletin.com.au/sport/nrl/nrl-2021-gold-coast-titans-to-unleash-speed-demon-aj-brimson/news-story/1a66e93b17db89e15bb75c5f05a6cf42","AJ Brimson was the form player of 2020 and the Gold Coast Titans fullback won't let a foot injury slow him down in 2021. Brimson will make his first appearance of the season in a trial game for Gold ..."
"gld","Gold Coast Titans","Jayden Campbell","Halfback","1","player_specific_contract_candidate","zerotackle.com","false","false","true","contract_or_signing_language|contract_table","zerotackle-direct-player-profile","","Jayden Campbell (Gold Coast Titans) - NRL Stats, News, Contract &amp; Player Profile - Zero Tackle","https://www.zerotackle.com/players/jayden-campbell/","Player Contracts Player Contracts Team 2026 2027 2028 2029 2030 Gold Coast Titans $700K ✔ ✔ ✔ ✔ Stats 2026 Stats Round Opp P T G MINS AR ARM LB LBA TA OL TK MT TB KM 40/20 PE ER TOTALS 14 110 8 39 1115 139 1640 8 9 6 12 266 49 29 4856 0 2 12 3 12 2 2 75 6 164 2 0 0 0 19 2 3 325 0 0 0 4 8 0 4 80 7 59 0 2 2 1 23 1 1 443 0 0 0 5 4 0 2 80 12 102 1 0 1 2 19 4 1 325 0 0 0 6 24 2 8 80 9 205 1 1 0 0 18 2 1 419 0 0 1 7 4 0 2 "
"gld","Gold Coast Titans","Moeaki Fotuaika","Prop","1","player_specific_contract_candidate","cairnspost.com.au","false","false","false","term_length_language","bing-news-rss","Tue, 27 Aug 2019 09:51:00 GMT","Titans secure boom young forward Moeaki Fotuaika as they ramp up future plans for club","https://www.cairnspost.com.au/sport/titans-secure-boom-young-forward-moeaki-fotuaika-as-they-ramp-up-future-plans-for-club/news-story/470e922201f3346cef661cfa65f11f1f","The 19-year-old has averaged 129 running metres this season, with 21 tackle busts and 13 offloads during his time at the struggling Gold Coast this year. The Keebra Park product has gone from a ""train ..."
"gld","Gold Coast Titans","Moeaki Fotuaika","Prop","2","player_specific_contract_candidate","zerotackle.com","false","false","true","contract_or_signing_language|contract_table","zerotackle-direct-player-profile","","Moeaki Fotuaika (Gold Coast Titans) - NRL Stats, News, Contract &amp; Player Profile - Zero Tackle","https://www.zerotackle.com/players/moeaki-fotuaika/","Player Contracts Player Contracts Team 2026 2027 2028 2029 2030 Gold Coast Titans $750K $750K Stats 2026 Stats Round Opp P T G MINS AR ARM LB LBA TA OL TK MT TB KM 40/20 PE ER TOTALS 16 4 1 0 749 161 1542 1 2 0 6 465 24 20 0 0 6 5 1 0 0 0 45 11 103 0 0 0 0 27 1 3 0 0 0 0 2 0 0 0 38 9 108 0 0 0 0 20 1 0 0 0 0 1 3 0 0 0 39 9 68 0 1 0 1 23 1 0 0 0 0 3 4 0 0 0 39 10 104 0 0 0 0 25 1 1 0 0 1 0 5 0 0 0 38 7 70 0 0 0 0 26 0"
"gld","Gold Coast Titans","Sam Verrills","Hooker","1","player_specific_contract_candidate","dailytelegraph.com.au","false","false","false","term_length_language","bing-news-rss","Fri, 01 May 2026 11:00:00 GMT","Titans rookie Oliver Pascoe is set to squeeze premiership-winning hooker Sam Verrills out of the Gold Coast","https://www.dailytelegraph.com.au/sport/nrl/titans-rookie-oliver-pascoe-is-set-to-squeeze-premiershipwinning-hooker-sam-verrills-out-of-the-gold-coast/news-story/c4f8b8dc1bdb28a8e2892fbfb6e73e99","Oliver Pascoe is the 26-year-old tradie that has impressed the Titans so much in his rookie season that he is set to squeeze an NRL premiership-winner out of the Gold Coast. Pascoe will make his fifth ..."
"gld","Gold Coast Titans","Sam Verrills","Hooker","2","player_specific_profile_candidate","goldcoastbulletin.com.au","false","false","false","","bing-news-rss","Fri, 01 May 2026 11:00:00 GMT","Titans rookie Oliver Pascoe is set to squeeze premiership-winning hooker Sam Verrills out of the Gold Coast","https://www.goldcoastbulletin.com.au/sport/nrl/titans-rookie-oliver-pascoe-is-set-to-squeeze-premiershipwinning-hooker-sam-verrills-out-of-the-gold-coast/news-story/c4f8b8dc1bdb28a8e2892fbfb6e73e99","Pascoe will make his fifth NRL appearance for the Titans against Canberra on Saturday at Cbus Super Stadium after coming from the clouds. As recently as a year ago, Pascoe thought his dream of playing ..."
"gld","Gold Coast Titans","Sam Verrills","Hooker","3","player_specific_contract_candidate","zerotackle.com","false","false","true","contract_or_signing_language|contract_table","zerotackle-direct-player-profile","","Sam Verrills (Gold Coast Titans) - NRL Stats, News, Contract &amp; Player Profile - Zero Tackle","https://www.zerotackle.com/players/sam-verrills/","Player Contracts Player Contracts Team 2026 2027 2028 2029 2030 Gold Coast Titans ✔ Stats 2026 Stats Round Opp P T G MINS AR ARM LB LBA TA OL TK MT TB KM 40/20 PE ER TOTALS 12 4 1 0 503 20 139 1 2 2 1 283 17 1 0 0 5 1 1 4 1 0 62 6 36 1 0 0 0 39 5 1 0 0 0 0 2 0 0 0 52 2 17 0 1 1 0 27 0 0 0 0 1 0 3 0 0 0 72 0 0 0 1 1 0 37 0 0 0 0 1 0 4 0 0 0 55 3 26 0 0 0 0 40 0 0 0 0 2 0 5 0 0 0 58 0 0 0 0 0 0 34 1 0 0 0 0 0 6 0 0 0 3"
"gld","Gold Coast Titans","Tino Fa’asuamaleaui","Prop","1","player_specific_contract_candidate","geelongadvertiser.com.au","false","false","false","contract_or_salary_language","bing-news-rss","Sat, 06 Jun 2026 21:49:00 GMT","NRL news: Gold Coast Titans star Tino Fa'asuamaleaui a perfect target for Dolphins","https://www.geelongadvertiser.com.au/sport/nrl/teams/nrl-2022-recruitment-broncos-desperate-to-keep-selwyn-cobbo-out-of-clutches-of-dolphins/news-story/40860e1ba2dda4d86022cf9505b74b4a","The Titans face a fight to keep Tino Fa'asuamaleaui after the star forward confirmed he will test his value on the open market — and he already has a link to the Dolphins. Fa'asuamaleaui will field ..."
"gld","Gold Coast Titans","Tino Fa’asuamaleaui","Prop","2","player_specific_contract_candidate","thechronicle.com.au","false","false","false","contract_or_salary_language","bing-news-rss","Tue, 09 Feb 2021 06:18:00 GMT","NRL 2021: Gold Coast Titans David Fifita, Tino Fa'asuamaleaui, Kevin Proctor injured","https://www.thechronicle.com.au/sport/nrl/nrl-2021-gold-coast-titans-david-fifita-tino-faasuamaleaui-kevin-proctor-injured/news-story/48c7ee3ca55df19f8ba1f3fc6198165e","Fifita suffered what appeared to be a thumb injury during a contract training session on Tuesday and later complained of soreness and movement issues. While the injury appeared to be minor, and Fifita ..."
"gld","Gold Coast Titans","Tino Fa’asuamaleaui","Prop","3","player_specific_profile_candidate","goldcoastbulletin.com.au","false","false","false","","bing-news-rss","Mon, 15 Jun 2026 05:42:00 GMT","Qld star Tino Fa'asuamaleaui rejoins Camp Maroon following the death of his father Fereti","https://www.goldcoastbulletin.com.au/sport/nrl/maroons-prop-tino-faasuamaleaui-has-vowed-to-play-in-origin-ii-following-the-death-of-his-father-fereti/news-story/8cdfe5061484f7ad4d969d82ac0539aa","Tino Fa'asuamaleaui will take the field in Origin II after rejoining Camp Maroons following the death of his father, Fereti, the man he will play for when he runs out onto the MCG. Fa'asuamaleaui's ..."
"gld","Gold Coast Titans","Tino Fa’asuamaleaui","Prop","4","player_specific_contract_candidate","zerotackle.com","false","false","true","contract_or_signing_language|contract_table","zerotackle-direct-player-profile","","Tino Fa&#039;asuamaleaui (Gold Coast Titans) - NRL Stats, News, Contract &amp; Player Profile - Zero Tackle","https://www.zerotackle.com/players/tino-faasuamaleaui/","Player Contracts Player Contracts Team 2026 2027 2028 2029 2030 Gold Coast Titans $1.2M $1.2M $1.2M $1.2M $1.2M Stats 2026 Stats Round Opp P T G MINS AR ARM LB LBA TA OL TK MT TB KM 40/20 PE ER TOTALS 16 0 0 0 868 227 2034 0 4 2 13 499 41 20 0 0 4 12 1 0 0 0 49 12 90 0 0 0 1 27 2 0 0 0 0 1 2 0 0 0 46 12 103 0 0 0 0 27 4 1 0 0 0 0 3 0 0 0 48 9 87 0 0 0 0 27 1 2 0 0 1 1 4 0 0 0 49 13 132 0 0 0 0 26 0 0 0 0 1 2 5 0 0 0 "
"gld","Gold Coast Titans","Klese Haas","2nd Row","1","player_specific_contract_candidate","au.sports.yahoo.com","false","false","false","contract_or_salary_language|term_language","bing-news-rss","Tue, 23 Jun 2026 18:15:00 GMT","Gold Coast Titans forward Klese Haas confirms NRL future","https://au.sports.yahoo.com/gold-coast-titans-forward-klese-081529774.html","The Gold Coast Titans have confirmed prop Klese Haas is going nowhere, signing a contract extension with the club through to the end of 2029. Already locked up for 2027, the brother of Payne Haas has ..."
"gld","Gold Coast Titans","Klese Haas","2nd Row","2","player_specific_contract_candidate","titans.com.au","true","false","false","contract_or_signing_language|term_language|term_length_language","official-club-signings-topic","2026-06-24T07:59:00+00:00","Homegrown Haas: Klese extends Gold Coast journey to '29","https://www.titans.com.au/news/2026/06/24/homegrown-haas-klese-extends-gold-coast-journey/","Title: Homegrown Haas: Klese extends Gold Coast journey to '29 URL Source: https://www.titans.com.au/news/2026/06/24/homegrown-haas-klese-extends-gold-coast-journey/ Published Time: 2026-06-24T07:59:00+00:00 Markdown Content: [Skip to main content](https://www.titans.com.au/news/2026/06/24/homegrown-haas-klese-extends-gold-coast-journey/#main-content) ## Main [![Image 1: titans logo](https://www.titans.com.au/.theme/titans/badge.svg?bust=202607060241)![Image 2: titans logo](https://www.titans.com.au/.theme/titans/text.svg?bust=202607060241)](https://www.titans.com.au/) [](https://www.titans.com.au/search/) * [News](https://www.titans.com.au/news/) * [Watch](https://www.titans.com.au/watch/) "
"gld","Gold Coast Titans","Klese Haas","2nd Row","3","player_specific_contract_candidate","zerotackle.com","false","false","true","contract_or_signing_language|contract_table","zerotackle-direct-player-profile","","Klese Haas (Gold Coast Titans) - NRL Stats, News, Contract &amp; Player Profile - Zero Tackle","https://www.zerotackle.com/players/klese-haas/","Player Contracts Player Contracts Team 2026 2027 2028 2029 2030 Gold Coast Titans ✔ ✔ ✔ ✔ Stats 2026 Stats Round Opp P T G MINS AR ARM LB LBA TA OL TK MT TB KM 40/20 PE ER TOTALS 15 0 0 0 543 117 1002 0 0 0 19 360 13 19 0 0 4 2 1 0 0 0 29 5 44 0 0 0 0 19 2 0 0 0 0 0 2 0 0 0 35 12 115 0 0 0 2 22 1 2 0 0 0 0 3 0 0 0 29 7 54 0 0 0 0 22 0 1 0 0 0 0 4 0 0 0 41 8 77 0 0 0 1 28 1 0 0 0 1 0 5 0 0 0 37 12 123 0 0 0 2 18 0 3 0"
"gld","Gold Coast Titans","Beau Fermor","2nd Row","1","player_specific_contract_candidate","zerotackle.com","false","false","true","contract_or_signing_language|contract_table","zerotackle-direct-player-profile","","Beau Fermor (Gold Coast Titans) - NRL Stats, News, Contract &amp; Player Profile - Zero Tackle","https://www.zerotackle.com/players/beau-fermor/","Player Contracts Player Contracts Team 2026 2027 2028 2029 2030 Gold Coast Titans ✔ ✔ ✔ ✔ Stats 2026 Stats Round Opp P T G MINS AR ARM LB LBA TA OL TK MT TB KM 40/20 PE ER TOTALS 16 4 1 0 1265 226 1946 3 4 0 13 558 44 30 21 0 3 18 1 0 0 0 80 8 70 0 0 0 0 40 4 1 0 0 0 0 2 0 0 0 80 10 84 0 0 0 0 46 2 2 10 0 0 1 3 0 0 0 80 10 80 0 0 0 0 42 4 1 0 0 0 1 4 0 0 0 80 15 127 0 0 0 1 31 3 0 0 0 2 2 5 0 0 0 80 15 156 0 0 0 1 30"
"gld","Gold Coast Titans","Chris Randall","Lock","1","player_specific_contract_candidate","zerotackle.com","false","false","true","contract_or_signing_language|contract_table","zerotackle-direct-player-profile","","Chris Randall (Gold Coast Titans) - NRL Stats, News, Contract &amp; Player Profile - Zero Tackle","https://www.zerotackle.com/players/chris-randall/","Player Contracts Player Contracts Team 2026 2027 2028 2029 2030 Gold Coast Titans ✔ ✔ Stats 2026 Stats Round Opp P T G MINS AR ARM LB LBA TA OL TK MT TB KM 40/20 PE ER TOTALS 13 4 1 0 607 92 779 1 0 0 0 387 16 13 35 0 6 2 1 0 0 0 49 6 47 0 0 0 0 28 1 0 0 0 2 0 2 0 0 0 53 8 61 0 0 0 0 39 1 0 35 0 0 0 3 0 0 0 54 6 32 0 0 0 0 34 1 3 0 0 1 0 4 0 0 0 44 7 74 0 0 0 0 29 0 0 0 0 0 0 5 0 0 0 51 13 131 0 0 0 0 26 4 0 0 0 0 0 "
"gld","Gold Coast Titans","Luke Sommerton","Interchange","1","player_specific_contract_candidate","zerotackle.com","false","false","true","contract_or_signing_language|contract_table","zerotackle-direct-player-profile","","Luke Sommerton (Gold Coast Titans) - NRL Stats, News, Contract &amp; Player Profile - Zero Tackle","https://www.zerotackle.com/players/luke-sommerton/","Player Contracts Player Contracts Team 2026 2027 2028 2029 2030 Gold Coast Titans ✔ ✔ Stats 2026 Stats Round Opp P T G MINS AR ARM LB LBA TA OL TK MT TB KM 40/20 PE ER TOTALS 6 0 0 0 53 7 47 0 0 0 0 34 2 2 0 0 1 0 1 0 0 0 0 0 0 0 0 0 0 0 0 0 0 0 0 0 2 0 0 0 28 2 6 0 0 0 0 16 1 0 0 0 1 0 11 0 0 0 12 2 17 0 0 0 0 9 1 2 0 0 0 0 12 0 0 0 13 3 24 0 0 0 0 9 0 0 0 0 0 0 14 0 0 0 0 0 0 0 0 0 0 0 0 0 0 0 0 0 15 0 0 0 0 0 0 0 "
"gld","Gold Coast Titans","Jaimin Joliffe","Interchange","1","player_specific_contract_candidate","zerotackle.com","false","false","true","contract_or_signing_language|contract_table","zerotackle-direct-player-profile","","Jaimin Jolliffe (Gold Coast Titans) - NRL Stats, News, Contract &amp; Player Profile - Zero Tackle","https://www.zerotackle.com/players/jaimin-jolliffe/","Player Contracts Player Contracts Team 2026 2027 2028 2029 2030 Gold Coast Titans ✔ Stats Latest NRL News Titans monitoring returning Bulldogs enforcer Leo Twemlow - April 2, 2026 Latest NRL News Titans forward suffers season-ending injury Isaac Issa - January 23, 2026 Latest NRL News NRL club step up contract talks with veteran forward Ethan Lee Chalk - December 14, 2025 Perth Bears Four new players on Bears list of"
"gld","Gold Coast Titans","Kurtis Morrin","Interchange","1","player_specific_contract_candidate","titans.com.au","true","false","false","contract_or_signing_language|term_language|term_length_language","official-club-signings-topic","2026-06-22T21:18:38+00:00","Energy man Morrin stays a Titan until '29","https://www.titans.com.au/news/2026/06/22/energy-man-morrin-stays-a-titan-until-29/","Title: Energy man Morrin stays a Titan until '29 URL Source: https://www.titans.com.au/news/2026/06/22/energy-man-morrin-stays-a-titan-until-29/ Published Time: 2026-06-22T21:18:38+00:00 Markdown Content: [Skip to main content](https://www.titans.com.au/news/2026/06/22/energy-man-morrin-stays-a-titan-until-29/#main-content) ## Main [![Image 1: titans logo](https://www.titans.com.au/.theme/titans/badge.svg?bust=202607060241)![Image 2: titans logo](https://www.titans.com.au/.theme/titans/text.svg?bust=202607060241)](https://www.titans.com.au/) [](https://www.titans.com.au/search/) * [News](https://www.titans.com.au/news/) * [Watch](https://www.titans.com.au/watch/) * [Draw](https://www.titans."
"gld","Gold Coast Titans","Kurtis Morrin","Interchange","2","player_specific_contract_candidate","zerotackle.com","false","false","true","contract_or_signing_language|contract_table","zerotackle-direct-player-profile","","Kurtis Morrin (Gold Coast Titans) - NRL Stats, News, Contract &amp; Player Profile - Zero Tackle","https://www.zerotackle.com/players/kurtis-morrin/","Player Contracts Player Contracts Team 2026 2027 2028 2029 2030 Gold Coast Titans ✔ ✔ ✔ ✔ Stats 2026 Stats Round Opp P T G MINS AR ARM LB LBA TA OL TK MT TB KM 40/20 PE ER TOTALS 16 24 6 0 657 144 1185 5 0 1 6 371 45 31 0 0 3 13 1 0 0 0 27 6 41 0 0 0 0 15 0 0 0 0 0 2 2 0 0 0 42 7 58 0 0 1 0 23 2 1 0 0 0 0 3 4 1 0 39 7 61 1 0 0 0 22 5 1 0 0 1 0 4 0 0 0 36 8 65 0 0 0 1 21 5 3 0 0 0 1 5 0 0 0 29 8 71 0 0 0 0 15 2 3 0 0 "
"gld","Gold Coast Titans","Cooper Bai","Interchange","1","player_specific_contract_candidate","theaustralian.com.au","false","false","false","contract_or_salary_language|signing_language","bing-news-rss","Mon, 09 Feb 2026 16:00:00 GMT","Gold Coast Titans rookie Cooper Bai has contract clause that could see him join PNG Chiefs","https://www.theaustralian.com.au/sport/nrl/gold-coast-titans-rookie-cooper-bai-has-contract-clause-that-could-see-him-join-png-chiefs/news-story/642f04d85435db0af4cb1c36d3907662","Bai is set to be targeted by new Chiefs football boss Michael Chammas ahead of the expansion club's 2028 NRL launch. The Titans last week trumpeted the retention of Bai on a contract extension after ..."
"gld","Gold Coast Titans","Cooper Bai","Interchange","2","player_specific_contract_candidate","themercury.com.au","false","false","false","contract_or_salary_language|signing_language","bing-news-rss","Tue, 10 Feb 2026 08:00:00 GMT","Gold Coast Titans rookie Cooper Bai has contract clause that could see him join PNG Chiefs","https://www.themercury.com.au/sport/nrl/gold-coast-titans-rookie-cooper-bai-has-contract-clause-that-could-see-him-join-png-chiefs/news-story/642f04d85435db0af4cb1c36d3907662","Titans young gun Cooper Bai has joined Payne Haas as a prime recruitment target for the cashed-up PNG Chiefs following revelations of a secret contract clause. Bai is set to be targeted by new Chiefs ..."
"gld","Gold Coast Titans","Cooper Bai","Interchange","3","player_specific_contract_candidate","zerotackle.com","false","false","true","contract_or_signing_language|contract_table","zerotackle-direct-player-profile","","Cooper Bai (Gold Coast Titans) - NRL Stats, News, Contract &amp; Player Profile - Zero Tackle","https://www.zerotackle.com/players/cooper-bai/","Player Contracts Player Contracts Team 2026 2027 2028 2029 2030 Gold Coast Titans ✔ ✔ Stats 2026 Stats Round Opp P T G MINS AR ARM LB LBA TA OL TK MT TB KM 40/20 PE ER TOTALS 15 8 2 0 478 118 1048 5 2 1 8 299 27 12 0 0 1 4 1 0 0 0 28 6 51 0 0 0 1 13 4 2 0 0 0 0 2 4 1 0 26 11 96 1 0 0 0 11 0 0 0 0 0 0 3 0 0 0 21 7 64 0 0 0 0 11 0 1 0 0 0 0 4 0 0 0 31 9 81 0 0 0 1 21 1 0 0 0 1 0 5 0 0 0 35 6 55 0 0 0 0 26 1 0 0 0 0 0 6"
"gld","Gold Coast Titans","Adam Christensen","Unknown","1","player_specific_contract_candidate","zerotackle.com","false","false","true","contract_or_signing_language|contract_table","zerotackle-direct-player-profile","","Adam Christensen (Gold Coast Titans) - NRL Stats, News, Contract &amp; Player Profile - Zero Tackle","https://www.zerotackle.com/players/adam-christensen/","Player Contracts Player Contracts Team 2026 2027 2028 2029 2030 Gold Coast Titans ✔ ✔ Stats 2026 Stats Round Opp P T G MINS AR ARM LB LBA TA OL TK MT TB KM 40/20 PE ER TOTALS 5 0 0 0 21 3 29 0 0 0 0 6 0 1 0 0 0 0 6 0 0 0 21 3 29 0 0 0 0 6 0 1 0 0 0 0 7 0 0 0 0 0 0 0 0 0 0 0 0 0 0 0 0 0 12 0 0 0 0 0 0 0 0 0 0 0 0 0 0 0 0 0 15 0 0 0 0 0 0 0 0 0 0 0 0 0 0 0 0 0 16 0 0 0 0 0 0 0 0 0 0 0 0 0 0 0 0 0 No posts to display La"
"gld","Gold Coast Titans","Allan Fitzgibbon","Unknown","1","player_specific_contract_candidate","zerotackle.com","false","false","true","contract_or_signing_language|contract_table","zerotackle-direct-player-profile","","Allan Fitzgibbon (Gold Coast Titans) - NRL Stats, News, Contract &amp; Player Profile - Zero Tackle","https://www.zerotackle.com/players/allan-fitzgibbon/","Player Contracts Player Contracts Team 2026 2027 2028 2029 2030 Gold Coast Titans ? Stats No posts to display Latest News FULL TIME: Storm vs Titans &#8211; Round 19, 2026 July 12, 2026 FULL TIME: Sea Eagles vs Cowboys &#8211; Round 19, 2026 July 12, 2026 FINAL TEAMS: Storm vs Titans &#8211; Round 19, 2026 July 12, 2026 FULL TIME: Rabbitohs vs Knights &#8211; Round 19, 2026 July 12, 2026 Bronson Xerri reveals why he "
"gld","Gold Coast Titans","Arama Hau","Unknown","1","player_specific_contract_candidate","ntnews.com.au","false","false","false","contract_or_salary_language|term_language|term_length_language","bing-news-rss","Thu, 21 May 2026 07:05:00 GMT","Gold Coast Titans re-sign rising forward Arama Hau until 2028 after he rejected Perth Bears","https://www.ntnews.com.au/sport/nrl/gold-coast-titans-resign-rising-forward-arama-hau-until-2028-after-he-rejected-perth-bears/news-story/8169a15127fbc189dce7b585cabb2bc2","Hau has formally inked a two-year extension with the Titans – keeping him on the Gold Coast until the end of 2028 – after backflipping on a move to the Bears. Hau was on the verge of joining Meninga ..."
"gld","Gold Coast Titans","Arama Hau","Unknown","2","player_specific_contract_candidate","goldcoastbulletin.com.au","false","false","false","term_language","bing-news-rss","Fri, 22 May 2026 12:58:00 GMT","Gold Coast Titans re-sign rising forward Arama Hau until 2028 after he rejected Perth Bears","https://www.goldcoastbulletin.com.au/sport/nrl/gold-coast-titans-resign-rising-forward-arama-hau-until-2028-after-he-rejected-perth-bears/news-story/8169a15127fbc189dce7b585cabb2bc2","Josh Hannay has convinced one of his rising stars – who was on the verge of joining Mal Meninga's Bears – to re-sign with the Titans, in another brutal blow for the Perth side. Hau has formally inked ..."
"gld","Gold Coast Titans","Arama Hau","Unknown","3","player_specific_contract_candidate","au.sports.yahoo.com","false","false","false","term_language","bing-news-rss","Wed, 13 May 2026 17:00:00 GMT","Gold Coast Titans extend promising young gun","https://au.sports.yahoo.com/gold-coast-titans-extend-promising-235657997.html","The Gold Coast Titans have announced the re-signing of rising star Arama Hau until the end of the 2028 season. The Gold Coast local junior successfully progressed through the club's 'Future Titans' ..."
"gld","Gold Coast Titans","Arama Hau","Unknown","4","player_specific_contract_candidate","titans.com.au","true","false","false","contract_or_signing_language|term_language|term_length_language","official-club-signings-topic","2026-05-14T20:45:31+00:00","Hau good: Local junior extends through to 2028","https://www.titans.com.au/news/2026/05/14/hau-good-local-junior-extends-through-to-2028/","Title: Hau good: Local junior extends through to 2028 URL Source: https://www.titans.com.au/news/2026/05/14/hau-good-local-junior-extends-through-to-2028/ Published Time: 2026-05-14T20:45:31+00:00 Markdown Content: [Skip to main content](https://www.titans.com.au/news/2026/05/14/hau-good-local-junior-extends-through-to-2028/#main-content) ## Main [![Image 1: titans logo](https://www.titans.com.au/.theme/titans/badge.svg?bust=202607060241)![Image 2: titans logo](https://www.titans.com.au/.theme/titans/text.svg?bust=202607060241)](https://www.titans.com.au/) [](https://www.titans.com.au/search/) * [News](https://www.titans.com.au/news/) * [Watch](https://www.titans.com.au/watch/) * [Draw](http"
"gld","Gold Coast Titans","Arama Hau","Unknown","5","player_specific_contract_candidate","zerotackle.com","false","false","true","contract_or_signing_language|contract_table","zerotackle-direct-player-profile","","Arama Hau (Gold Coast Titans) - NRL Stats, News, Contract &amp; Player Profile - Zero Tackle","https://www.zerotackle.com/players/arama-hau/","Player Contracts Player Contracts Team 2026 2027 2028 2029 2030 Gold Coast Titans ✔ ✔ ✔ Stats 2026 Stats Round Opp P T G MINS AR ARM LB LBA TA OL TK MT TB KM 40/20 PE ER TOTALS 16 24 6 0 1099 114 1017 7 3 0 13 483 52 40 4 0 4 10 1 0 0 0 80 11 65 0 1 0 1 31 3 2 0 0 0 1 2 0 0 0 80 12 108 0 0 0 2 29 7 2 0 0 1 0 3 0 0 0 80 6 38 0 1 0 2 43 4 1 0 0 0 0 4 8 2 0 80 11 166 2 0 0 0 33 1 7 0 0 0 1 5 0 0 0 80 11 85 0 0 0 1 29 1 "
"gld","Gold Coast Titans","Brock Gray","Unknown","1","player_specific_contract_candidate","zerotackle.com","false","false","true","contract_or_signing_language|contract_table","zerotackle-direct-player-profile","","Brock Gray (Gold Coast Titans) - NRL Stats, News, Contract &amp; Player Profile - Zero Tackle","https://www.zerotackle.com/players/brock-gray/","Player Contracts Player Contracts Team 2026 2027 2028 2029 2030 Gold Coast Titans ✔ ✔ Stats Brock Gray Titans extend ""hungry"" prop on two-year deal Isaac Issa - November 28, 2025 Brock Gray Titans rookie ruled out for season with knee injury Scott Pryde - April 30, 2025 Brock Gray Staggering 20 charges confirmed with 7 suspended: NRL judiciary wrap, Round... Scott Pryde - April 30, 2025 Brock Gray Edwards learns fate"
"gld","Gold Coast Titans","Jensen Taumoepeau","Unknown","1","player_specific_contract_candidate","zerotackle.com","false","false","true","contract_or_signing_language|contract_table","zerotackle-direct-player-profile","","Jensen Taumoepeau (Gold Coast Titans) - NRL Stats, News, Contract &amp; Player Profile - Zero Tackle","https://www.zerotackle.com/players/jensen-taumoepeau/","Player Contracts Player Contracts Team 2026 2027 2028 2029 2030 Gold Coast Titans ✔ ✔ Stats 2026 Stats Round Opp P T G MINS AR ARM LB LBA TA OL TK MT TB KM 40/20 PE ER TOTALS 7 0 0 0 472 102 870 2 0 0 1 18 3 14 32 0 0 6 2 0 0 0 0 0 0 0 0 0 0 0 0 0 0 0 0 0 10 0 0 0 80 14 139 1 0 0 0 3 0 1 32 0 0 1 11 0 0 0 80 15 111 0 0 0 0 2 0 4 0 0 0 0 12 0 0 0 80 25 232 1 0 0 1 1 0 2 0 0 0 2 14 0 0 0 80 14 121 0 0 0 0 5 1 2 0 0 0 1"
"gld","Gold Coast Titans","Jett Liu","Unknown","1","player_specific_contract_candidate","zerotackle.com","false","false","true","contract_or_signing_language|contract_table","zerotackle-direct-player-profile","","Jett Liu (Gold Coast Titans) - NRL Stats, News, Contract &amp; Player Profile - Zero Tackle","https://www.zerotackle.com/players/jett-liu/","Player Contracts Player Contracts Team 2026 2027 2028 2029 2030 Gold Coast Titans ✔ Stats 2026 Stats Round Opp P T G MINS AR ARM LB LBA TA OL TK MT TB KM 40/20 PE ER TOTALS 5 0 0 0 32 6 53 0 0 0 1 19 1 0 0 0 0 0 4 0 0 0 0 0 0 0 0 0 0 0 0 0 0 0 0 0 5 0 0 0 0 0 0 0 0 0 0 0 0 0 0 0 0 0 15 0 0 0 21 5 45 0 0 0 1 7 1 0 0 0 0 0 16 0 0 0 11 1 8 0 0 0 0 12 0 0 0 0 0 0 17 0 0 0 0 0 0 0 0 0 0 0 0 0 0 0 0 0 Latest NRL News Rooki"
"gld","Gold Coast Titans","Josh Patson","Unknown","1","player_specific_contract_candidate","zerotackle.com","false","false","true","contract_or_signing_language|contract_table","zerotackle-direct-player-profile","","Josh Patston (Gold Coast Titans) - NRL Stats, News, Contract &amp; Player Profile - Zero Tackle","https://www.zerotackle.com/players/josh-patston/","Player Contracts Player Contracts Team 2026 2027 2028 2029 2030 Gold Coast Titans ✔ ✔ Stats 2026 Stats Round Opp P T G MINS AR ARM LB LBA TA OL TK MT TB KM 40/20 PE ER TOTALS 11 0 0 0 210 36 330 0 0 0 6 159 7 6 0 0 2 1 3 0 0 0 0 0 0 0 0 0 0 0 0 0 0 0 0 0 7 0 0 0 24 4 41 0 0 0 1 19 0 1 0 0 0 1 9 0 0 0 0 0 0 0 0 0 0 0 0 0 0 0 0 0 10 0 0 0 21 3 32 0 0 0 0 14 0 0 0 0 0 0 11 0 0 0 0 0 0 0 0 0 0 0 0 0 0 0 0 0 12 0 0 0 23 6"
"gld","Gold Coast Titans","Lachlan Ilias","Unknown","1","player_specific_contract_candidate","zerotackle.com","false","false","true","contract_or_signing_language|contract_table","zerotackle-direct-player-profile","","Lachlan Ilias (Gold Coast Titans) - NRL Stats, News, Contract &amp; Player Profile - Zero Tackle","https://www.zerotackle.com/players/lachlan-ilias/","Player Contracts Player Contracts Team 2026 2027 2028 2029 2030 Gold Coast Titans ✔ ✔ Stats 2026 Stats Round Opp P T G MINS AR ARM LB LBA TA OL TK MT TB KM 40/20 PE ER TOTALS 10 8 0 4 565 57 425 1 2 1 4 157 19 5 1445 0 5 12 1 2 0 1 80 9 78 1 0 0 0 24 3 0 244 0 2 3 2 6 0 3 80 7 59 0 0 0 0 12 2 1 724 0 1 1 3 0 0 0 5 2 11 0 0 0 0 5 0 0 0 0 0 1 4 0 0 0 80 6 49 0 0 0 1 20 3 2 88 0 1 1 5 0 0 0 80 14 77 0 0 0 1 23 2 0 110 0"
"gld","Gold Coast Titans","Siale Faeamani","Unknown","1","player_specific_contract_candidate","zerotackle.com","false","false","true","contract_or_signing_language|contract_table","zerotackle-direct-player-profile","","Siale Faeamani (Gold Coast Titans) - NRL Stats, News, Contract &amp; Player Profile - Zero Tackle","https://www.zerotackle.com/players/siale-faeamani/","Player Contracts Player Contracts Team 2026 2027 2028 2029 2030 Gold Coast Titans ✔ Stats 2026 Stats Round Opp P T G MINS AR ARM LB LBA TA OL TK MT TB KM 40/20 PE ER TOTALS 8 16 4 0 640 125 1172 3 1 1 3 25 8 34 0 0 1 7 1 4 1 0 80 14 152 1 0 0 0 0 0 4 0 0 0 2 2 0 0 0 80 17 150 0 0 0 0 2 0 7 0 0 0 0 3 0 0 0 80 11 103 0 0 0 0 6 1 5 0 0 0 1 4 0 0 0 80 14 123 0 0 0 0 6 1 1 0 0 0 0 5 0 0 0 80 16 186 0 0 0 0 0 1 5 0 0 0 0 6"
"gld","Gold Coast Titans","Tuki Simpkins","Unknown","1","player_specific_contract_candidate","zerotackle.com","false","false","true","contract_or_signing_language|contract_table","zerotackle-direct-player-profile","","Tukimihia Simpkins (Gold Coast Titans) - NRL Stats, News, Contract &amp; Player Profile - Zero Tackle","https://www.zerotackle.com/players/tukimihia-simpkins/","Player Contracts Player Contracts Team 2026 2027 2028 2029 2030 Gold Coast Titans ✔ Stats 2026 Stats Round Opp P T G MINS AR ARM LB LBA TA OL TK MT TB KM 40/20 PE ER TOTALS 3 0 0 0 47 10 71 0 0 0 0 39 2 1 0 0 1 1 1 0 0 0 31 6 40 0 0 0 0 27 1 0 0 0 0 0 2 0 0 0 0 0 0 0 0 0 0 0 0 0 0 0 0 0 3 0 0 0 16 4 31 0 0 0 0 12 1 1 0 0 1 1 Latest NRL News Titans skipper Tino among four players charged by MRC Kye Ferreira - March 8,"
"gld","Gold Coast Titans","Tony Francis","Unknown","1","player_specific_contract_candidate","zerotackle.com","false","false","true","contract_or_signing_language|contract_table","zerotackle-direct-player-profile","","Tony Francis (Gold Coast Titans) - NRL Stats, News, Contract &amp; Player Profile - Zero Tackle","https://www.zerotackle.com/players/tony-francis/","Player Contracts Player Contracts Team 2026 2027 2028 2029 2030 Gold Coast Titans ✔ ✔ Stats Sam Verrills Titans make Sam Verrills call ahead of Dolphins clash Kye Ferreira - March 10, 2026 Tony Francis Titans back, Dolphins half charged by MRC Scott Pryde - February 13, 2026 Tony Francis Off-contract Titans winger lands new contract Ethan Lee Chalk - August 23, 2025 Tony Francis Titans provide update on Fifita, revea"
"gld","Gold Coast Titans","Zane Harrison","Unknown","1","player_specific_contract_candidate","dailytelegraph.com.au","false","false","false","contract_or_salary_language","bing-news-rss","Sun, 21 Jun 2026 08:39:00 GMT","Gold Coast Titans in talks to secure rising star halfback Zane Harrison on massive contract extension","https://www.dailytelegraph.com.au/sport/nrl/gold-coast-titans-in-talks-to-secure-rising-star-halfback-zane-harrison-on-massive-contract-extension/news-story/8838e1526d5de41d707c2a34e4b3d433","The Titans are hoping to lock Harrison into a new deal to keep him on the Gold Coast until at least 2029 before he becomes a free agent on November 1. Harrison, 20, celebrated the finest moment of his ..."
"gld","Gold Coast Titans","Zane Harrison","Unknown","2","player_specific_contract_candidate","goldcoastbulletin.com.au","false","false","false","contract_or_salary_language","bing-news-rss","Sun, 21 Jun 2026 08:39:00 GMT","Gold Coast Titans in talks to secure rising star halfback Zane Harrison on massive contract extension","https://www.goldcoastbulletin.com.au/sport/nrl/gold-coast-titans-in-talks-to-secure-rising-star-halfback-zane-harrison-on-massive-contract-extension/news-story/8838e1526d5de41d707c2a34e4b3d433","The Titans are hoping to lock Harrison into a new deal to keep him on the Gold Coast until at least 2029 before he becomes a free agent on November 1. Harrison, 20, celebrated the finest moment of his ..."
"gld","Gold Coast Titans","Zane Harrison","Unknown","3","player_specific_contract_candidate","ntnews.com.au","false","false","false","contract_or_salary_language","bing-news-rss","Sun, 21 Jun 2026 08:39:00 GMT","Gold Coast Titans in talks to secure rising star halfback Zane Harrison on massive contract extension","https://www.ntnews.com.au/sport/nrl/gold-coast-titans-in-talks-to-secure-rising-star-halfback-zane-harrison-on-massive-contract-extension/news-story/8838e1526d5de41d707c2a34e4b3d433","Field goal hero Zane Harrison has told the Titans he wants to win a premiership on the Gold Coast. Now the club has moved to lock down the ""diehard Titans tragic"" before he hits the open market. The ..."
"gld","Gold Coast Titans","Zane Harrison","Unknown","4","player_specific_contract_candidate","adelaidenow.com.au","false","false","false","contract_or_salary_language","bing-news-rss","Sun, 21 Jun 2026 08:09:00 GMT","Gold Coast Titans in talks to secure rising star halfback Zane Harrison on massive contract extension","https://www.adelaidenow.com.au/sport/nrl/gold-coast-titans-in-talks-to-secure-rising-star-halfback-zane-harrison-on-massive-contract-extension/news-story/8838e1526d5de41d707c2a34e4b3d433","The Titans are hoping to lock Harrison into a new deal to keep him on the Gold Coast until at least 2029 before he becomes a free agent on November 1. Harrison, 20, celebrated the finest moment of his ..."
"gld","Gold Coast Titans","Zane Harrison","Unknown","5","player_specific_contract_candidate","zerotackle.com","false","false","true","contract_or_signing_language|contract_table","zerotackle-direct-player-profile","","Zane Harrison (Gold Coast Titans) - NRL Stats, News, Contract &amp; Player Profile - Zero Tackle","https://www.zerotackle.com/players/zane-harrison/","Player Contracts Player Contracts Team 2026 2027 2028 2029 2030 Gold Coast Titans ✔ ✔ Stats 2026 Stats Round Opp P T G MINS AR ARM LB LBA TA OL TK MT TB KM 40/20 PE ER TOTALS 11 1 0 0 640 72 470 1 6 5 1 183 18 5 2328 0 1 5 1 0 0 0 0 0 0 0 0 0 0 0 0 0 0 0 0 0 6 0 0 0 0 0 0 0 0 0 0 0 0 0 0 0 0 0 7 0 0 0 0 0 0 0 0 0 0 0 0 0 0 0 0 0 10 0 0 0 80 9 66 0 1 0 1 25 3 0 461 0 0 0 11 0 0 0 80 9 59 0 0 0 0 21 4 1 120 0 0 0 12 0 "
"man","Manly Warringah Sea Eagles","Tom Trbojevic","Fullback","1","player_specific_contract_candidate","themercury.com.au","false","false","false","signing_language|term_length_language","bing-news-rss","Fri, 15 Nov 2019 07:18:00 GMT","Jake, Tom Trbojevic re-sign with Manly Sea Eagles untill 2026","https://www.themercury.com.au/sport/nrl/locked-in-manly-sea-eagles-stars-resign-on-mega-deals/news-story/ae245b144355fc597a9d7f3b7cf92b55","As revealed by The Daily Telegraph earlier this month, Jake Trbojevic and Tom Trbojevic have agreed to six-year extensions to their current contracts. Despite multi-million dollar offers from rival ..."
"man","Manly Warringah Sea Eagles","Tom Trbojevic","Fullback","2","player_specific_contract_candidate","7news.com.au","false","false","false","contract_or_salary_language","bing-news-rss","Mon, 27 Oct 2025 14:08:00 GMT","David Fifita's Titans deal set to be torn up for immediate move to South Sydney, Tom Trbojevic re-signs with Manly","https://7news.com.au/sport/rugby-league/david-fifitas-titans-deal-set-to-be-torn-up-for-immediate-move-to-south-sydney-tom-trbojevic-re-signs-with-manly-c-20494543","The eight-time Queensland Origin representative is reportedly in line for a multi-year deal with the Rabbitohs beginning with the 2026 season. Fifita is just over a year removed from backflipping on a ..."
"man","Manly Warringah Sea Eagles","Tom Trbojevic","Fullback","3","player_specific_profile_candidate","smh.com.au","false","false","false","","bing-news-rss","Sun, 29 Mar 2026 09:48:00 GMT","Why Tom Trbojevic could be the biggest winner in Manly's latest drama","https://www.smh.com.au/sport/nrl/why-tom-trbojevic-could-be-the-biggest-winner-in-manly-s-latest-drama-20260329-p5zjod.html","Manly officials are backing Kieran Foran to get the best out of former teammate Tom Trbojevic, and they will also consult the captain about who should be the next Sea Eagles head coach. Owner and ..."
"man","Manly Warringah Sea Eagles","Tom Trbojevic","Fullback","4","player_specific_profile_candidate","cairnspost.com.au","false","false","false","","bing-news-rss","Mon, 05 Apr 2021 04:02:00 GMT","NRL casualty ward: Kalyn Ponga, Tom Trbojevic, Harry Grant return to ease injury dramas","https://www.cairnspost.com.au/sport/nrl/nrl-casualty-ward-kalyn-ponga-tom-trbojevic-harry-grant-return-to-ease-injury-dramas/news-story/59ec66fa66782a9e75c79994239ae621","Just as a host of NRL guns were set to return and ease the casualty ward chaos, two of the biggest names could be another week away from making their first appearances of 2021. Despite losing star ..."
"man","Manly Warringah Sea Eagles","Tom Trbojevic","Fullback","5","player_specific_contract_candidate","zerotackle.com","false","false","true","contract_or_signing_language|contract_table","zerotackle-direct-player-profile","","Tom Trbojevic (Manly Sea Eagles) - NRL Stats, News, Contract &amp; Player Profile - Zero Tackle","https://www.zerotackle.com/players/tom-trbojevic/","Player Contracts Player Contracts Team 2026 2027 2028 2029 2030 Manly Sea Eagles $1.3M $900K Stats 2026 Stats Round Opp P T G MINS AR ARM LB LBA TA OL TK MT TB KM 40/20 PE ER TOTALS 10 24 6 0 698 199 1716 5 8 7 16 28 8 34 69 0 1 10 1 4 1 0 82 19 193 1 1 2 1 4 1 5 0 0 0 1 2 4 1 0 80 20 166 1 1 1 4 1 2 4 19 0 0 3 4 8 2 0 80 24 215 0 1 0 0 1 1 4 25 0 0 1 5 4 1 0 47 15 134 0 1 1 2 1 0 2 0 0 0 0 6 4 1 0 80 24 195 1 1 1 1 "
"man","Manly Warringah Sea Eagles","Jason Saab","Winger","1","player_specific_contract_candidate","seaeagles.com.au","true","false","false","contract_or_signing_language|term_language|term_length_language","official-club-signings-topic","2026-06-02T03:45:00+00:00","Foran appointed Head Coach at Manly","https://www.seaeagles.com.au/news/2026/06/02/foran-appointed-head-coach-at-manly/","Title: Foran appointed Head Coach at Manly URL Source: https://www.seaeagles.com.au/news/2026/06/02/foran-appointed-head-coach-at-manly/ Published Time: 2026-06-02T03:45:00+00:00 Markdown Content: [Skip to main content](https://www.seaeagles.com.au/news/2026/06/02/foran-appointed-head-coach-at-manly/#main-content) ## Main [![Image 3: sea-eagles logo](https://www.seaeagles.com.au/globalassets/.lookups/themes/sea-eagles-2026/sea_eagles_logo_80_fc_rgb-11.svg)![Image 4: sea-eagles logo](https://www.seaeagles.com.au/globalassets/.lookups/themes/sea-eagles-2026/sea-eagles-nav-logo-mobile1.svg)](https://www.seaeagles.com.au/) [](https://www.seaeagles.com.au/search/) * [News](https://www.seaeagles.c"
"man","Manly Warringah Sea Eagles","Jason Saab","Winger","2","player_specific_profile_candidate","seaeagles.com.au","true","false","false","","official-club-signings-topic","","Signings Sea Eagles reward Jason Saab with contract extension","https://www.seaeagles.com.au/news/2024/06/04/sea-eagles-reward-jason-saab-with-contract-extension/","RateLimitTriggeredError: Per IP rate limit exceeded"
"man","Manly Warringah Sea Eagles","Jason Saab","Winger","3","player_specific_contract_candidate","zerotackle.com","false","false","true","contract_or_signing_language|contract_table","zerotackle-direct-player-profile","","Jason Saab (Manly Sea Eagles) - NRL Stats, News, Contract &amp; Player Profile - Zero Tackle","https://www.zerotackle.com/players/jason-saab/","Player Contracts Player Contracts Team 2026 2027 2028 2029 2030 Manly Sea Eagles ✔ ✔ ✔ ✔ Stats 2026 Stats Round Opp P T G MINS AR ARM LB LBA TA OL TK MT TB KM 40/20 PE ER TOTALS 16 40 10 0 1279 230 2150 12 2 2 1 74 16 25 64 0 2 23 1 0 0 0 82 15 154 0 0 0 0 5 0 1 0 0 0 1 2 0 0 0 80 8 54 0 0 0 0 7 2 0 0 0 0 2 4 0 0 0 72 15 165 1 0 1 0 6 1 2 0 0 1 1 6 0 0 0 80 15 94 0 1 1 0 5 1 1 0 0 0 0 7 0 0 0 80 12 135 0 0 0 0 2 0 1 "
"man","Manly Warringah Sea Eagles","Tolutau Koula","Centre","1","player_specific_contract_candidate","seaeagles.com.au","true","false","false","contract_or_signing_language|term_language|term_length_language","official-club-signings-topic","2026-02-20T21:45:00+00:00","New five-year deal for Koula at Manly","https://www.seaeagles.com.au/news/2026/02/21/new-five-year-deal-for-koula-at-manly/","Title: New five-year deal for Koula at Manly URL Source: https://www.seaeagles.com.au/news/2026/02/21/new-five-year-deal-for-koula-at-manly/ Published Time: 2026-02-20T21:45:00+00:00 Markdown Content: [Skip to main content](https://www.seaeagles.com.au/news/2026/02/21/new-five-year-deal-for-koula-at-manly/#main-content) ## Main [![Image 3: sea-eagles logo](https://www.seaeagles.com.au/globalassets/.lookups/themes/sea-eagles-2026/sea_eagles_logo_80_fc_rgb-11.svg)![Image 4: sea-eagles logo](https://www.seaeagles.com.au/globalassets/.lookups/themes/sea-eagles-2026/sea-eagles-nav-logo-mobile1.svg)](https://www.seaeagles.com.au/) [](https://www.seaeagles.com.au/search/) * [News](https://www.seaea"
"man","Manly Warringah Sea Eagles","Tolutau Koula","Centre","2","player_specific_contract_candidate","zerotackle.com","false","false","true","contract_or_signing_language|contract_table","zerotackle-direct-player-profile","","Tolutau Koula (Manly Sea Eagles) - NRL Stats, News, Contract &amp; Player Profile - Zero Tackle","https://www.zerotackle.com/players/tolutau-koula/","Player Contracts Player Contracts Team 2026 2027 2028 2029 2030 Manly Sea Eagles ✔ ✔ ✔ ✔ ✔ Stats 2026 Stats Round Opp P T G MINS AR ARM LB LBA TA OL TK MT TB KM 40/20 PE ER TOTALS 17 24 6 0 1292 247 2779 13 11 9 10 140 24 73 114 0 7 19 1 4 1 0 82 16 201 2 1 0 2 14 1 7 0 0 0 2 2 0 0 0 80 13 138 0 0 0 0 5 5 0 45 0 1 1 4 4 1 0 80 14 242 2 0 1 0 16 3 5 0 0 1 1 5 4 1 0 80 12 155 2 1 1 1 9 1 8 45 0 1 0 6 0 0 0 80 15 144 0 "
"man","Manly Warringah Sea Eagles","Reuben Garrick","Centre","1","player_specific_contract_candidate","zerotackle.com","false","false","true","contract_or_signing_language|contract_table","zerotackle-direct-player-profile","","Reuben Garrick (Manly Sea Eagles) - NRL Stats, News, Contract &amp; Player Profile - Zero Tackle","https://www.zerotackle.com/players/reuben-garrick/","Player Contracts Player Contracts Team 2026 2027 2028 2029 2030 Manly Sea Eagles ✔ Sydney Roosters ✔ ✔ ✔ Stats 2026 Stats Round Opp P T G MINS AR ARM LB LBA TA OL TK MT TB KM 40/20 PE ER TOTALS 16 74 6 25 1259 239 2103 8 7 2 22 210 28 36 82 0 7 24 1 2 0 1 82 11 90 0 0 0 1 10 3 3 0 0 0 1 2 0 0 0 80 9 132 0 0 0 0 14 1 3 0 0 0 2 4 0 0 0 80 17 125 0 1 0 0 19 3 1 19 0 0 1 5 4 1 0 80 17 146 1 0 0 4 7 2 3 0 0 1 1 6 8 2 0 80"
"man","Manly Warringah Sea Eagles","Lehi Hopoate","Winger","1","player_specific_profile_candidate","seaeagles.com.au","true","false","false","","official-club-signings-topic","","Signings New deal at Sea Eagles for Lehi Hopoate","https://www.seaeagles.com.au/news/2025/02/28/new-deal-at-sea-eagles-for-lehi-hopoate/","RateLimitTriggeredError: Per IP rate limit exceeded"
"man","Manly Warringah Sea Eagles","Lehi Hopoate","Winger","2","player_specific_contract_candidate","zerotackle.com","false","false","true","contract_or_signing_language|contract_table","zerotackle-direct-player-profile","","Lehi Hopoate (Manly Sea Eagles) - NRL Stats, News, Contract &amp; Player Profile - Zero Tackle","https://www.zerotackle.com/players/lehi-hopoate/","Player Contracts Player Contracts Team 2026 2027 2028 2029 2030 Manly Sea Eagles ✔ ✔ Stats 2026 Stats Round Opp P T G MINS AR ARM LB LBA TA OL TK MT TB KM 40/20 PE ER TOTALS 16 56 14 0 1274 268 2589 18 3 2 11 113 32 39 18 0 7 16 1 0 0 0 82 16 144 1 0 0 1 2 4 6 0 0 0 0 2 0 0 0 80 13 129 0 0 0 0 6 2 1 0 0 1 2 4 0 0 0 80 25 255 1 0 0 2 7 1 6 0 0 0 3 5 8 2 0 80 19 228 2 0 0 1 6 3 2 14 0 0 1 6 4 1 0 80 15 121 1 0 0 1 12 3"
"man","Manly Warringah Sea Eagles","Luke Brooks","Five-Eighth","1","player_specific_contract_candidate","zerotackle.com","false","false","true","contract_or_signing_language|contract_table","zerotackle-direct-player-profile","","Luke Brooks (Manly Sea Eagles) - NRL Stats, News, Contract &amp; Player Profile - Zero Tackle","https://www.zerotackle.com/players/luke-brooks/","Player Contracts Player Contracts Team 2026 2027 2028 2029 2030 Manly Sea Eagles $650K $650K Stats 2026 Stats Round Opp P T G MINS AR ARM LB LBA TA OL TK MT TB KM 40/20 PE ER TOTALS 15 8 2 0 1166 144 1209 3 8 7 9 311 56 26 2784 0 2 17 1 0 0 0 82 7 17 0 1 1 0 21 6 1 219 0 0 0 2 0 0 0 80 13 155 1 0 0 0 22 4 4 88 0 0 2 4 0 0 0 80 11 96 0 0 0 0 30 6 2 196 0 0 2 5 4 1 0 80 9 68 0 0 0 0 12 2 0 87 0 0 0 6 0 0 0 80 10 133 0 "
"man","Manly Warringah Sea Eagles","Jamal Fogarty","Halfback","1","player_specific_contract_candidate","abc.net.au","false","false","false","signing_language","bing-news-rss","Sun, 29 Mar 2026 17:00:00 GMT","Star Manly recruit Jamal Fogarty labels sacking of ex-coach Anthony Seibold 'pretty disappointing'","https://www.abc.net.au/news/2026-03-30/nrl-jamal-fogarty-manly-anthony-seibold-sacking-disappointing/106513404","Jamal Fogarty has labelled Manly's decision to sack Anthony Seibold three games into the season ""pretty disappointing"". Seibold convinced Fogarty to leave the Raiders to join the Sea Eagles in the off ..."
"man","Manly Warringah Sea Eagles","Jamal Fogarty","Halfback","2","player_specific_contract_candidate","zerotackle.com","false","false","true","contract_or_signing_language|contract_table","zerotackle-direct-player-profile","","Jamal Fogarty (Manly Sea Eagles) - NRL Stats, News, Contract &amp; Player Profile - Zero Tackle","https://www.zerotackle.com/players/jamal-fogarty/","Player Contracts Player Contracts Team 2026 2027 2028 2029 2030 Manly Sea Eagles $650K $650K $650K Stats 2026 Stats Round Opp P T G MINS AR ARM LB LBA TA OL TK MT TB KM 40/20 PE ER TOTALS 15 99 4 41 1204 102 780 4 6 14 2 315 44 13 7064 3 3 6 1 14 1 5 82 3 18 0 0 1 0 20 6 0 343 0 0 1 2 8 1 2 80 5 60 1 0 0 0 22 5 2 393 0 0 1 4 4 0 2 80 8 72 0 0 0 0 29 2 1 338 0 0 0 5 16 0 8 80 5 39 0 1 2 0 9 2 0 286 0 0 0 6 8 0 4 80 7 "
"man","Manly Warringah Sea Eagles","Taniela Paseka","Prop","1","player_specific_profile_candidate","seaeagles.com.au","true","false","false","","official-club-signings-topic","","Signings Sea Eagles extend Taniela Paseka out to","https://www.seaeagles.com.au/news/2024/08/05/sea-eagles-extend-taniela-paseka-out-to-2029/","RateLimitTriggeredError: Per IP rate limit exceeded"
"man","Manly Warringah Sea Eagles","Taniela Paseka","Prop","2","player_specific_contract_candidate","zerotackle.com","false","false","true","contract_or_signing_language|contract_table","zerotackle-direct-player-profile","","Taniela Paseka (Manly Sea Eagles) - NRL Stats, News, Contract &amp; Player Profile - Zero Tackle","https://www.zerotackle.com/players/taniela-paseka/","Player Contracts Player Contracts Team 2026 2027 2028 2029 2030 Manly Sea Eagles $725K $725K $725K $725K Stats 2026 Stats Round Opp P T G MINS AR ARM LB LBA TA OL TK MT TB KM 40/20 PE ER TOTALS 17 8 2 0 857 234 2317 2 1 0 16 427 26 34 0 0 3 3 1 0 0 0 55 18 150 0 0 0 1 30 2 2 0 0 0 0 2 0 0 0 55 9 108 0 0 0 1 30 4 1 0 0 0 0 4 0 0 0 58 6 81 0 0 0 0 32 4 2 0 0 0 0 5 0 0 0 40 17 201 0 0 0 1 16 1 2 0 0 0 0 6 0 0 0 54 15 14"
"man","Manly Warringah Sea Eagles","Jake Simpkin","Hooker","1","player_specific_contract_candidate","seaeagles.com.au","true","false","false","contract_or_signing_language|term_length_language","official-club-signings-topic","2024-07-01T04:05:00+00:00","Sea Eagles re-sign hooker Gordon Chan Kum Tong","https://www.seaeagles.com.au/news/2024/07/01/sea-eagles-re-sign-hooker-gordon-chan-kum-tong/","Title: Sea Eagles re-sign hooker Gordon Chan Kum Tong URL Source: https://www.seaeagles.com.au/news/2024/07/01/sea-eagles-re-sign-hooker-gordon-chan-kum-tong/ Published Time: 2024-07-01T04:05:00+00:00 Markdown Content: [Skip to main content](https://www.seaeagles.com.au/news/2024/07/01/sea-eagles-re-sign-hooker-gordon-chan-kum-tong/#main-content) ## Main [![Image 2: sea-eagles logo](https://www.seaeagles.com.au/globalassets/.lookups/themes/sea-eagles-2026/sea_eagles_logo_80_fc_rgb-11.svg)![Image 3: sea-eagles logo](https://www.seaeagles.com.au/globalassets/.lookups/themes/sea-eagles-2026/sea-eagles-nav-logo-mobile1.svg)](https://www.seaeagles.com.au/) [](https://www.seaeagles.com.au/search/)"
"man","Manly Warringah Sea Eagles","Jake Simpkin","Hooker","2","player_specific_profile_candidate","seaeagles.com.au","true","false","false","","official-club-signings-topic","","Signings Sea Eagles sign hooker Jake Simpkin","https://www.seaeagles.com.au/news/2024/06/03/sea-eagles-sign-hooker-jake-simpkin/","RateLimitTriggeredError: Per IP rate limit exceeded"
"man","Manly Warringah Sea Eagles","Jake Simpkin","Hooker","3","player_specific_contract_candidate","zerotackle.com","false","false","true","contract_or_signing_language|contract_table","zerotackle-direct-player-profile","","Jake Simpkin (Manly Sea Eagles) - NRL Stats, News, Contract &amp; Player Profile - Zero Tackle","https://www.zerotackle.com/players/jake-simpkin/","Player Contracts Player Contracts Team 2026 2027 2028 2029 2030 Manly Sea Eagles ✔ ✔ ✔ Stats 2026 Stats Round Opp P T G MINS AR ARM LB LBA TA OL TK MT TB KM 40/20 PE ER TOTALS 17 0 0 0 1020 50 452 1 5 4 2 625 52 8 1 0 3 3 1 0 0 0 82 2 12 0 0 0 0 63 5 0 0 0 0 1 2 0 0 0 51 2 25 0 0 0 0 33 5 0 0 0 0 0 4 0 0 0 56 3 38 0 0 0 0 41 3 1 0 0 1 0 5 0 0 0 49 2 17 0 1 1 0 17 0 1 0 0 0 0 6 0 0 0 54 1 13 0 1 1 0 41 3 1 0 0 0 1 7 0"
"man","Manly Warringah Sea Eagles","Kobe Hetherington","Prop","1","player_specific_contract_candidate","thechronicle.com.au","false","false","false","signing_language","bing-news-rss","Mon, 23 Feb 2026 07:01:00 GMT","Kobe Hetherington avoided four surgeries to join exclusive club of father-son premiership winners","https://www.thechronicle.com.au/sport/nrl/kobe-hetherington-avoided-four-surgeries-to-join-exclusive-club-of-fatherson-premiership-winners/news-story/2979d202e6782b9e28364464caab64d2","Had he followed medical advice and gone under the knife last season, former Bronco Kobe Hetherington would've missed out on joining an exclusive premiership club involving his father. The recent ..."
"man","Manly Warringah Sea Eagles","Kobe Hetherington","Prop","2","player_specific_contract_candidate","zerotackle.com","false","false","true","contract_or_signing_language|contract_table","zerotackle-direct-player-profile","","Kobe Hetherington (Manly Sea Eagles) - NRL Stats, News, Contract &amp; Player Profile - Zero Tackle","https://www.zerotackle.com/players/kobe-hetherington/","Player Contracts Player Contracts Team 2026 2027 2028 2029 2030 Manly Sea Eagles ✔ ✔ ✔ ✔ Stats 2026 Stats Round Opp P T G MINS AR ARM LB LBA TA OL TK MT TB KM 40/20 PE ER TOTALS 15 4 1 0 618 135 1198 3 1 0 1 357 21 19 0 0 2 4 1 0 0 0 36 6 40 0 0 0 0 33 4 3 0 0 0 0 2 0 0 0 43 10 87 0 0 0 0 21 3 0 0 0 1 0 4 0 0 0 73 9 86 0 0 0 0 53 1 2 0 0 0 0 5 0 0 0 47 11 113 0 0 0 0 17 1 2 0 0 1 1 6 4 1 0 43 15 127 1 0 0 0 21 3 4 0 "
"man","Manly Warringah Sea Eagles","Haumole Olakau'atu","2nd Row","1","player_specific_profile_candidate","dailytelegraph.com.au","false","false","false","","bing-news-rss","Sun, 21 Jun 2026 05:01:00 GMT","Haumole Olakau'atu breaks his silence on shock Origin axing","https://www.dailytelegraph.com.au/sport/nrl/haumole-olakauatu-breaks-his-silence-on-shock-origin-axing/news-story/86540d347ff418170a6e1bdd079c8653","Blues fans are still clueless as to why the world's best edge forward was dropped for the MCG clash, and they'll have to wait a little longer to find out after Olakau'atu politely refused to expand on ..."
"man","Manly Warringah Sea Eagles","Haumole Olakau'atu","2nd Row","2","player_specific_profile_candidate","dailytelegraph.com.au","false","false","false","","bing-news-rss","Sun, 21 Jun 2026 05:01:00 GMT","'I'm available': Haumole Olakau'atu eager for Blues recall ahead of State of Origin decider","https://www.dailytelegraph.com.au/sport/nrl/im-available-haumole-olakauatu-eager-for-blues-recall-ahead-of-state-of-origin-decider/news-story/ca669b370ccc27a4ba04bbe1bfcc93bf","Blues fans are still clueless as to why the world's best edge forward was dropped for the MCG clash, and they'll have to wait a little longer to find out after Olakau'atu politely refused to expand on ..."
"man","Manly Warringah Sea Eagles","Haumole Olakau'atu","2nd Row","3","player_specific_profile_candidate","seaeagles.com.au","true","false","false","","official-club-signings-topic","","Signings Sea Eagles secure new six year-deal for Haumole Olakau'atu","https://www.seaeagles.com.au/news/2023/12/07/sea-eagles-secure-new-six-year-deal-for-haumole-olakauatu/","RateLimitTriggeredError: Per IP rate limit exceeded"
"man","Manly Warringah Sea Eagles","Haumole Olakau'atu","2nd Row","4","player_specific_contract_candidate","zerotackle.com","false","false","true","contract_or_signing_language|contract_table","zerotackle-direct-player-profile","","Haumole Olakau&#039;atu (Manly Sea Eagles) - NRL Stats, News, Contract &amp; Player Profile - Zero Tackle","https://www.zerotackle.com/players/haumole-olakauatu/","Player Contracts Player Contracts Team 2026 2027 2028 2029 2030 Manly Sea Eagles $850K $850K $850K $850K $850K Stats 2026 Stats Round Opp P T G MINS AR ARM LB LBA TA OL TK MT TB KM 40/20 PE ER TOTALS 16 28 7 0 1164 254 2557 10 3 5 11 371 22 91 12 0 7 22 1 4 1 0 77 12 115 0 0 0 1 23 2 7 0 0 1 0 2 4 1 0 80 7 67 1 0 0 0 28 3 3 0 0 0 2 4 0 0 0 80 10 98 0 0 0 1 39 1 3 0 0 1 2 5 4 1 0 68 24 272 2 1 2 0 6 1 8 0 0 0 2 6 0 0 "
"man","Manly Warringah Sea Eagles","Ben Trbojevic","2nd Row","1","player_specific_contract_candidate","themercury.com.au","false","false","false","contract_or_salary_language|term_length_language","bing-news-rss","Wed, 20 Nov 2019 03:06:00 GMT","Manly Sea Eagles re-sign Ben Trbojevic to two-year extension","https://www.themercury.com.au/sport/nrl/manly-sea-eagles-resign-ben-trbojevic-to-twoyear-extension/news-story/c26cce69d1bf139d263e39f37f7a4ae6","The Sea Eagles have completed the family coup by signing the younger Trbojevic to a two-year deal. The news comes just a week after Jake and Tom confirmed they would retire as one-club legends after ..."
"man","Manly Warringah Sea Eagles","Ben Trbojevic","2nd Row","2","player_specific_profile_candidate","seaeagles.com.au","true","false","false","","official-club-signings-topic","","Signings New three-year deal for Ben Trbojevic at Sea Eagles","https://www.seaeagles.com.au/news/2024/02/09/new-three-year-deal-for-ben-trbojevic-at-sea-eagles/","RateLimitTriggeredError: Per IP rate limit exceeded"
"man","Manly Warringah Sea Eagles","Ben Trbojevic","2nd Row","3","player_specific_contract_candidate","zerotackle.com","false","false","true","contract_or_signing_language|contract_table","zerotackle-direct-player-profile","","Ben Trbojevic (Manly Sea Eagles) - NRL Stats, News, Contract &amp; Player Profile - Zero Tackle","https://www.zerotackle.com/players/ben-trbojevic/","Player Contracts Player Contracts Team 2026 2027 2028 2029 2030 Manly Sea Eagles ✔ ✔ Stats 2026 Stats Round Opp P T G MINS AR ARM LB LBA TA OL TK MT TB KM 40/20 PE ER TOTALS 17 20 5 0 1274 225 2034 7 5 3 25 473 32 30 90 0 13 11 1 0 0 0 82 11 101 0 0 0 1 35 4 0 0 0 0 0 2 0 0 0 80 14 138 0 0 0 3 26 3 1 0 0 0 0 4 0 0 0 80 13 136 0 0 0 1 39 4 3 0 0 0 1 5 4 1 0 80 16 161 1 2 1 3 24 1 5 21 0 0 0 6 0 0 0 80 13 98 0 0 0 0 35"
"man","Manly Warringah Sea Eagles","Jake Trbojevic","Lock","1","player_specific_contract_candidate","dailytelegraph.com.au","false","false","false","contract_or_salary_language|signing_language|term_length_language","bing-news-rss","Wed, 20 May 2026 10:03:00 GMT","Jake Trbojevic triggers extension clause in Manly Sea Eagles contract","https://www.dailytelegraph.com.au/sport/nrl/jake-trbojevic-triggers-extension-clause-in-manly-sea-eagles-contract/news-story/c24b1e095952c98b5cc5953d86b7f1d3","Trbojevic, 32, has agreed to play a further season at the club where he made his NRL debut as a 19-year-old. Trbojevic celebrated his 250-game milestone in Manly's most recent home game against the ..."
"man","Manly Warringah Sea Eagles","Jake Trbojevic","Lock","2","player_specific_contract_candidate","goldcoastbulletin.com.au","false","false","false","contract_or_salary_language|signing_language|term_length_language","bing-news-rss","Wed, 20 May 2026 10:03:00 GMT","Jake Trbojevic triggers extension clause in Manly Sea Eagles contract","https://www.goldcoastbulletin.com.au/sport/nrl/jake-trbojevic-triggers-extension-clause-in-manly-sea-eagles-contract/news-story/c24b1e095952c98b5cc5953d86b7f1d3","Trbojevic, 32, has agreed to play a further season at the club where he made his NRL debut as a 19-year-old. Trbojevic celebrated his 250-game milestone in Manly's most recent home game against the ..."
"man","Manly Warringah Sea Eagles","Jake Trbojevic","Lock","3","player_specific_contract_candidate","themercury.com.au","false","false","false","contract_or_salary_language","bing-news-rss","Wed, 20 May 2026 10:03:00 GMT","Jake Trbojevic triggers extension clause in Manly Sea Eagles contract","https://www.themercury.com.au/sport/nrl/jake-trbojevic-triggers-extension-clause-in-manly-sea-eagles-contract/news-story/c24b1e095952c98b5cc5953d86b7f1d3","The resurgence of Manly under interim coach Kieran Foran has prompted Jake Trbojevic to activate a clause in his contract that automatically triggers a new 12-month extension. Trbojevic, 32, has ..."
"man","Manly Warringah Sea Eagles","Jake Trbojevic","Lock","4","player_specific_contract_candidate","thechronicle.com.au","false","false","false","contract_or_salary_language","bing-news-rss","Wed, 20 May 2026 10:03:00 GMT","Jake Trbojevic triggers extension clause in Manly Sea Eagles contract","https://www.thechronicle.com.au/sport/nrl/jake-trbojevic-triggers-extension-clause-in-manly-sea-eagles-contract/news-story/c24b1e095952c98b5cc5953d86b7f1d3","The resurgence of Manly under interim coach Kieran Foran has prompted Jake Trbojevic to activate a clause in his contract that automatically triggers a new 12-month extension. Trbojevic, 32, has ..."
"man","Manly Warringah Sea Eagles","Jake Trbojevic","Lock","5","player_specific_profile_candidate","themercury.com.au","false","false","false","signing_language|term_length_language","bing-news-rss","Fri, 15 Nov 2019 07:18:00 GMT","Jake, Tom Trbojevic re-sign with Manly Sea Eagles untill 2026","https://www.themercury.com.au/sport/nrl/locked-in-manly-sea-eagles-stars-resign-on-mega-deals/news-story/ae245b144355fc597a9d7f3b7cf92b55","As revealed by The Daily Telegraph earlier this month, Jake Trbojevic and Tom Trbojevic have agreed to six-year extensions to their current contracts. Despite multi-million dollar offers from rival ..."
"man","Manly Warringah Sea Eagles","Jake Trbojevic","Lock","6","player_specific_profile_candidate","seaeagles.com.au","true","false","false","","official-club-signings-topic","","Signings Manly great Jake Trbojevic confirmed for","https://www.seaeagles.com.au/news/2026/05/20/manly-great-jake-trbojevic-confirmed-for-2027/","RateLimitTriggeredError: Per IP rate limit exceeded"
"man","Manly Warringah Sea Eagles","Jake Trbojevic","Lock","7","player_specific_contract_candidate","zerotackle.com","false","false","true","contract_or_signing_language|contract_table","zerotackle-direct-player-profile","","Jake Trbojevic (Manly Sea Eagles) - NRL Stats, News, Contract &amp; Player Profile - Zero Tackle","https://www.zerotackle.com/players/jake-trbojevic/","Player Contracts Player Contracts Team 2026 2027 2028 2029 2030 Manly Sea Eagles $1.1M ✔ Stats 2026 Stats Round Opp P T G MINS AR ARM LB LBA TA OL TK MT TB KM 40/20 PE ER TOTALS 17 4 1 0 1054 117 942 0 0 0 2 568 23 9 0 0 5 3 1 0 0 0 60 7 51 0 0 0 0 38 4 0 0 0 2 1 2 0 0 0 66 3 23 0 0 0 0 43 3 0 0 0 0 0 4 0 0 0 46 2 17 0 0 0 0 23 0 0 0 0 0 0 5 0 0 0 63 8 81 0 0 0 0 31 1 0 0 0 0 0 6 0 0 0 28 3 19 0 0 0 0 21 0 0 0 0 0 0 "
"man","Manly Warringah Sea Eagles","Siosiua Taukeiaho","Interchange","1","player_specific_contract_candidate","zerotackle.com","false","false","true","contract_or_signing_language|contract_table","zerotackle-direct-player-profile","","Siosiua Taukeiaho (Manly Sea Eagles) - NRL Stats, News, Contract &amp; Player Profile - Zero Tackle","https://www.zerotackle.com/players/siosiua-taukeiaho/","Player Contracts Player Contracts Team 2026 2027 2028 2029 2030 Manly Sea Eagles ✔ Stats 2026 Stats Round Opp P T G MINS AR ARM LB LBA TA OL TK MT TB KM 40/20 PE ER TOTALS 5 4 1 0 160 66 569 1 0 0 2 73 6 4 0 0 1 1 1 0 0 0 14 8 46 0 0 0 0 3 0 0 0 0 0 0 7 0 0 0 28 13 139 0 0 0 0 14 4 0 0 0 0 0 8 0 0 0 37 16 130 0 0 0 1 14 0 0 0 0 0 0 9 0 0 0 52 17 130 0 0 0 1 33 2 1 0 0 0 1 10 4 1 0 29 12 124 1 0 0 0 9 0 3 0 0 1 0 Late"
"man","Manly Warringah Sea Eagles","Nathan Brown","Interchange","1","player_specific_salary_candidate","adelaidenow.com.au","false","false","false","money|contract_or_salary_language","bing-news-rss","Thu, 25 Mar 2021 10:59:00 GMT","Parramatta Eels reportedly withdraw $1.2m deal for Nathan Brown","https://www.adelaidenow.com.au/sport/nrl/parramatta-eels-reportedly-withdraw-12m-deal-for-nathan-brown/news-story/b72c4c86712b6f3af2a90f3bea87d5e8","Nathan Brown's future is in jeopardy after the Parramatta Eels reportedly withdrew a $1.2 million contract offer for the star forward. The Sydney Morning Herald reported Parramatta offered Brown a two ..."
"man","Manly Warringah Sea Eagles","Nathan Brown","Interchange","2","player_specific_contract_candidate","zerotackle.com","false","false","true","contract_or_signing_language|contract_table","zerotackle-direct-player-profile","","Nathan Brown (Manly Sea Eagles) - NRL Stats, News, Contract &amp; Player Profile - Zero Tackle","https://www.zerotackle.com/players/nathan-brown/","Player Contracts Player Contracts Team 2026 2027 2028 2029 2030 Manly Sea Eagles ✔ Stats 2026 Stats Round Opp P T G MINS AR ARM LB LBA TA OL TK MT TB KM 40/20 PE ER TOTALS 12 0 0 0 429 146 1199 1 2 1 1 210 25 12 0 0 3 5 1 0 0 0 22 3 25 0 0 0 0 18 4 0 0 0 2 0 2 0 0 0 14 3 28 0 0 0 0 9 0 0 0 0 0 0 9 0 0 0 29 8 63 0 0 0 0 14 1 1 0 0 0 1 10 0 0 0 30 12 106 0 1 1 0 14 1 1 0 0 0 0 11 0 0 0 43 14 124 0 0 0 0 21 3 1 0 0 0 0 "
"man","Manly Warringah Sea Eagles","Ethan Bullemor","Interchange","1","player_specific_contract_candidate","zerotackle.com","false","false","true","contract_or_signing_language|contract_table","zerotackle-direct-player-profile","","Ethan Bullemor (Manly Sea Eagles) - NRL Stats, News, Contract &amp; Player Profile - Zero Tackle","https://www.zerotackle.com/players/ethan-bullemor/","Player Contracts Player Contracts Team 2026 2027 2028 2029 2030 Manly Sea Eagles ✔ ✔ ✔ ✔ Stats 2026 Stats Round Opp P T G MINS AR ARM LB LBA TA OL TK MT TB KM 40/20 PE ER TOTALS 16 4 1 0 522 130 1146 1 0 0 3 272 5 14 0 0 1 3 1 0 0 0 39 7 54 0 0 0 0 28 1 1 0 0 0 0 2 0 0 0 37 7 57 0 0 0 0 28 0 0 0 0 0 0 4 0 0 0 0 0 0 0 0 0 0 0 0 0 0 0 0 0 5 0 0 0 33 12 96 0 0 0 0 13 0 4 0 0 0 0 6 0 0 0 38 9 76 0 0 0 1 29 0 0 0 0 0 0 7 "
"man","Manly Warringah Sea Eagles","Joey Walsh","Interchange","1","player_specific_profile_candidate","themercury.com.au","false","false","false","signing_language","bing-news-rss","Wed, 24 Jun 2026 08:14:00 GMT","NRL market watch: Eels prop Junior Paulo fighting for his future at Parramatta","https://www.themercury.com.au/sport/nrl/nrl-market-watch-rising-nrl-star-joey-walsh-commits-his-longterm-future-to-manly/news-story/20e0e3472ebd0704364c7ae3b45a5e2e","In a strong vote of confidence for Fozball, boom rookie Joey Walsh has re-signed with Manly until the end of the 2029 NRL season."
"man","Manly Warringah Sea Eagles","Joey Walsh","Interchange","2","player_specific_profile_candidate","seaeagles.com.au","true","false","false","","official-club-signings-topic","","Signings Joey Walsh extends contract at Manly ![Image","https://www.seaeagles.com.au/news/2026/06/24/joey-walsh-extends-contract-at-manly/","RateLimitTriggeredError: Per IP rate limit exceeded"
"man","Manly Warringah Sea Eagles","Joey Walsh","Interchange","3","player_specific_contract_candidate","seaeagles.com.au","true","false","false","contract_or_signing_language|term_language|term_length_language","official-club-signings-topic","2026-06-19T05:00:00+00:00","Faulalo extends to 2029","https://www.seaeagles.com.au/news/2026/06/19/faulalo-extends-to-2029/","Title: Faulalo extends to 2029 URL Source: https://www.seaeagles.com.au/news/2026/06/19/faulalo-extends-to-2029/ Published Time: 2026-06-19T05:00:00+00:00 Markdown Content: [Skip to main content](https://www.seaeagles.com.au/news/2026/06/19/faulalo-extends-to-2029/#main-content) ## Main [![Image 3: sea-eagles logo](https://www.seaeagles.com.au/globalassets/.lookups/themes/sea-eagles-2026/sea_eagles_logo_80_fc_rgb-11.svg)![Image 4: sea-eagles logo](https://www.seaeagles.com.au/globalassets/.lookups/themes/sea-eagles-2026/sea-eagles-nav-logo-mobile1.svg)](https://www.seaeagles.com.au/) [](https://www.seaeagles.com.au/search/) * [News](https://www.seaeagles.com.au/news/) * [Watch](https://www.s"
"man","Manly Warringah Sea Eagles","Joey Walsh","Interchange","4","player_specific_contract_candidate","seaeagles.com.au","true","false","false","contract_or_signing_language|term_length_language","official-club-signings-topic","2024-07-01T04:05:00+00:00","Sea Eagles re-sign hooker Gordon Chan Kum Tong","https://www.seaeagles.com.au/news/2024/07/01/sea-eagles-re-sign-hooker-gordon-chan-kum-tong/","Title: Sea Eagles re-sign hooker Gordon Chan Kum Tong URL Source: https://www.seaeagles.com.au/news/2024/07/01/sea-eagles-re-sign-hooker-gordon-chan-kum-tong/ Published Time: 2024-07-01T04:05:00+00:00 Markdown Content: [Skip to main content](https://www.seaeagles.com.au/news/2024/07/01/sea-eagles-re-sign-hooker-gordon-chan-kum-tong/#main-content) ## Main [![Image 2: sea-eagles logo](https://www.seaeagles.com.au/globalassets/.lookups/themes/sea-eagles-2026/sea_eagles_logo_80_fc_rgb-11.svg)![Image 3: sea-eagles logo](https://www.seaeagles.com.au/globalassets/.lookups/themes/sea-eagles-2026/sea-eagles-nav-logo-mobile1.svg)](https://www.seaeagles.com.au/) [](https://www.seaeagles.com.au/search/)"
"man","Manly Warringah Sea Eagles","Joey Walsh","Interchange","5","player_specific_profile_candidate","seaeagles.com.au","true","false","false","","official-club-signings-topic","","Signings Sea Eagles sign exciting young half Joey Walsh","https://www.seaeagles.com.au/news/2024/07/01/sea-eagles-sign-exciting-young-half-joey-walsh/","RateLimitTriggeredError: Per IP rate limit exceeded"
"man","Manly Warringah Sea Eagles","Joey Walsh","Interchange","6","player_specific_contract_candidate","zerotackle.com","false","false","true","contract_or_signing_language|contract_table","zerotackle-direct-player-profile","","Joey Walsh (Manly Sea Eagles) - NRL Stats, News, Contract &amp; Player Profile - Zero Tackle","https://www.zerotackle.com/players/joey-walsh/","Player Contracts Player Contracts Team 2026 2027 2028 2029 2030 Manly Sea Eagles ✔ ✔ ✔ ✔ Stats 2026 Stats Round Opp P T G MINS AR ARM LB LBA TA OL TK MT TB KM 40/20 PE ER TOTALS 11 8 2 0 362 57 408 2 3 0 6 118 14 10 539 1 2 6 1 0 0 0 0 0 0 0 0 0 0 0 0 0 0 0 0 0 9 0 0 0 80 9 70 0 1 0 1 31 4 1 186 0 0 0 10 4 1 0 80 16 105 1 1 0 1 20 1 1 134 1 1 2 11 0 0 0 0 0 0 0 0 0 0 0 0 0 0 0 0 0 12 0 0 0 0 0 0 0 0 0 0 0 0 0 0 0 0 0"
"man","Manly Warringah Sea Eagles","Aaron Schoupp","Unknown","1","player_specific_profile_candidate","seaeagles.com.au","true","false","false","","official-club-signings-topic","","Signings Sea Eagles sign Aaron Schoupp","https://www.seaeagles.com.au/news/2024/05/20/sea-eagles-sign-aaron-schoupp/","RateLimitTriggeredError: Per IP rate limit exceeded"
"man","Manly Warringah Sea Eagles","Aaron Schoupp","Unknown","2","player_specific_contract_candidate","zerotackle.com","false","false","true","contract_or_signing_language|contract_table","zerotackle-direct-player-profile","","Aaron Schoupp (Manly Sea Eagles) - NRL Stats, News, Contract &amp; Player Profile - Zero Tackle","https://www.zerotackle.com/players/aaron-schoupp/","Player Contracts Player Contracts Team 2026 2027 2028 2029 2030 Manly Sea Eagles ✔ Stats 2026 Stats Round Opp P T G MINS AR ARM LB LBA TA OL TK MT TB KM 40/20 PE ER TOTALS 2 0 0 0 21 5 52 0 1 0 1 7 0 1 0 0 0 0 17 0 0 0 21 5 52 0 1 0 1 7 0 1 0 0 0 0 18 0 0 0 0 0 0 0 0 0 0 0 0 0 0 0 0 0 Latest NRL News Schoupp reveals career plans after Manly deal Isaac Issa - January 7, 2026 Anthony Seibold Manly edge backs Seibold am"
"man","Manly Warringah Sea Eagles","Blake Wilson","Unknown","1","player_specific_profile_candidate","seaeagles.com.au","true","false","false","","official-club-signings-topic","","Signings Blake Wilson joins Manly ![Image","https://www.seaeagles.com.au/news/2025/10/24/former-bulldogs-winger-blake-wilson-joins-manly/","RateLimitTriggeredError: Per IP rate limit exceeded"
"man","Manly Warringah Sea Eagles","Blake Wilson","Unknown","2","player_specific_contract_candidate","zerotackle.com","false","false","true","contract_or_signing_language|contract_table","zerotackle-direct-player-profile","","Blake Wilson (Manly Sea Eagles) - NRL Stats, News, Contract &amp; Player Profile - Zero Tackle","https://www.zerotackle.com/players/blake-wilson/","Player Contracts Player Contracts Team 2026 2027 2028 2029 2030 Manly Sea Eagles ✔ ✔ Stats 2026 Stats Round Opp P T G MINS AR ARM LB LBA TA OL TK MT TB KM 40/20 PE ER TOTALS 6 4 1 0 96 18 169 1 0 0 0 8 3 2 0 0 0 3 9 0 0 0 0 0 0 0 0 0 0 0 0 0 0 0 0 0 10 0 0 0 0 0 0 0 0 0 0 0 0 0 0 0 0 0 11 0 0 0 16 5 50 0 0 0 0 0 0 1 0 0 0 0 12 4 1 0 80 13 119 1 0 0 0 8 3 1 0 0 0 3 13 0 0 0 0 0 0 0 0 0 0 0 0 0 0 0 0 0 17 0 0 0 0 0 0 0"
"man","Manly Warringah Sea Eagles","Caleb Navale","Unknown","1","player_specific_profile_candidate","seaeagles.com.au","true","false","false","","official-club-signings-topic","","Signings Sea Eagles extend Caleb Navale","https://www.seaeagles.com.au/news/2024/07/11/sea-eagles-extend-caleb-navale/","RateLimitTriggeredError: Per IP rate limit exceeded"
"man","Manly Warringah Sea Eagles","Caleb Navale","Unknown","2","player_specific_profile_candidate","seaeagles.com.au","true","false","false","","official-club-signings-topic","","Signings Sea Eagles sign Caleb Navale for three years","https://www.seaeagles.com.au/news/2024/01/08/sea-eagles-sign-caleb-navale-for-three-years/","RateLimitTriggeredError: Per IP rate limit exceeded"
"man","Manly Warringah Sea Eagles","Caleb Navale","Unknown","3","player_specific_contract_candidate","zerotackle.com","false","false","true","contract_or_signing_language|contract_table","zerotackle-direct-player-profile","","Caleb Navale (Manly Sea Eagles) - NRL Stats, News, Contract &amp; Player Profile - Zero Tackle","https://www.zerotackle.com/players/caleb-navale/","Player Contracts Player Contracts Team 2026 2027 2028 2029 2030 Manly Sea Eagles ✔ ✔ Stats Caleb Navale Manly forward suffers horror injury blow at training Scott Pryde - February 11, 2026 Caleb Navale Young Sea Eagles forward confirms future with new deal Scott Pryde - July 11, 2024 Caleb Navale Fijian representative signs new deal with Sea Eagles Scott Pryde - January 8, 2024 Latest News FULL TIME: Storm vs Titans "
"man","Manly Warringah Sea Eagles","Clayton Faulalo","Unknown","1","player_specific_contract_candidate","foxsports.com.au","false","false","false","contract_or_salary_language|term_length_language","bing-news-rss","Fri, 19 Jun 2026 00:20:00 GMT","Breakout star's contract reward; Bronco's exit confirmed in 'major statement signing' — NRL Daily","https://www.foxsports.com.au/nrl/nrl-premiership/nrl-2026-clayton-faulalo-signs-new-deal-with-manly-sea-eagles-jesse-arthars-to-leave-brisbane-broncos/news-story/cb69a7b7c51aa14a07fa7f60e7ed1931","Clayton Faulalo has been rewarded with a contract extension after a standout period filling for the injured Tom Trbojevic, with the 26-year-old signing on for a further two seasons at Manly."
"man","Manly Warringah Sea Eagles","Clayton Faulalo","Unknown","2","player_specific_contract_candidate","seaeagles.com.au","true","false","false","contract_or_signing_language|term_language|term_length_language","official-club-signings-topic","2026-06-19T05:00:00+00:00","Faulalo extends to 2029","https://www.seaeagles.com.au/news/2026/06/19/faulalo-extends-to-2029/","Title: Faulalo extends to 2029 URL Source: https://www.seaeagles.com.au/news/2026/06/19/faulalo-extends-to-2029/ Published Time: 2026-06-19T05:00:00+00:00 Markdown Content: [Skip to main content](https://www.seaeagles.com.au/news/2026/06/19/faulalo-extends-to-2029/#main-content) ## Main [![Image 3: sea-eagles logo](https://www.seaeagles.com.au/globalassets/.lookups/themes/sea-eagles-2026/sea_eagles_logo_80_fc_rgb-11.svg)![Image 4: sea-eagles logo](https://www.seaeagles.com.au/globalassets/.lookups/themes/sea-eagles-2026/sea-eagles-nav-logo-mobile1.svg)](https://www.seaeagles.com.au/) [](https://www.seaeagles.com.au/search/) * [News](https://www.seaeagles.com.au/news/) * [Watch](https://www.s"
"man","Manly Warringah Sea Eagles","Clayton Faulalo","Unknown","3","player_specific_contract_candidate","zerotackle.com","false","false","true","contract_or_signing_language|contract_table","zerotackle-direct-player-profile","","Clayton Faulalo (Manly Sea Eagles) - NRL Stats, News, Contract &amp; Player Profile - Zero Tackle","https://www.zerotackle.com/players/clayton-faulalo/","Player Contracts Player Contracts Team 2026 2027 2028 2029 2030 Manly Sea Eagles ✔ ✔ ✔ ✔ Stats 2026 Stats Round Opp P T G MINS AR ARM LB LBA TA OL TK MT TB KM 40/20 PE ER TOTALS 12 24 6 0 710 143 1407 7 9 7 3 69 24 31 31 0 1 8 1 0 0 0 0 0 0 0 0 0 0 0 0 0 0 0 0 0 5 0 0 0 80 10 88 0 0 0 1 4 3 0 3 0 0 0 6 0 0 0 0 0 0 0 0 0 0 0 0 0 0 0 0 0 7 0 0 0 68 16 144 0 1 1 1 14 2 5 0 0 0 1 8 4 1 0 80 8 86 1 1 1 0 16 3 3 0 0 0 2 9 "
"man","Manly Warringah Sea Eagles","Navren Willett","Unknown","1","player_specific_contract_candidate","zerotackle.com","false","false","true","contract_or_signing_language|contract_table","zerotackle-direct-player-profile","","Navren Willett (Manly Sea Eagles) - NRL Stats, News, Contract &amp; Player Profile - Zero Tackle","https://www.zerotackle.com/players/navren-willett/","Player Contracts Player Contracts Team 2026 2027 2028 2029 2030 Manly Sea Eagles ✔ ✔ Stats Navren Willett Rookie Watch: Top 100 young players yet to play NRL: 20-1 Ethan Lee Chalk - July 2, 2025 Latest News FULL TIME: Storm vs Titans &#8211; Round 19, 2026 July 12, 2026 FULL TIME: Sea Eagles vs Cowboys &#8211; Round 19, 2026 July 12, 2026 FINAL TEAMS: Storm vs Titans &#8211; Round 19, 2026 July 12, 2026 FULL TIME: Ra"
"man","Manly Warringah Sea Eagles","Onitoni Large","Unknown","1","player_specific_contract_candidate","zerotackle.com","false","false","true","contract_or_signing_language|contract_table","zerotackle-direct-player-profile","","Onitoni Large (Manly Sea Eagles) - NRL Stats, News, Contract &amp; Player Profile - Zero Tackle","https://www.zerotackle.com/players/onitoni-large/","Player Contracts Player Contracts Team 2026 2027 2028 2029 2030 Manly Sea Eagles ✔ ✔ Stats Latest NRL News &#8220;Gut-wrenching&#8221;: Manly star suffers long-term injury in dominant win Leo Twemlow - June 28, 2026 Latest NRL News NSWRL name Under 19s Blues squad for junior Origin clash Leo Twemlow - June 11, 2026 Latest NRL News Brooks open for positional switch to unearth rising stars Leo Twemlow - February 25, 20"
"man","Manly Warringah Sea Eagles","Paul Bryan","Unknown","1","player_specific_contract_candidate","zerotackle.com","false","false","true","contract_or_signing_language|contract_table","zerotackle-direct-player-profile","","Paul Bryan (Manly Sea Eagles) - NRL Stats, News, Contract &amp; Player Profile - Zero Tackle","https://www.zerotackle.com/players/paul-bryan/","Player Contracts Player Contracts Team 2026 2027 2028 2029 2030 Manly Sea Eagles ✔ Stats 2026 Stats Round Opp P T G MINS AR ARM LB LBA TA OL TK MT TB KM 40/20 PE ER TOTALS 4 0 0 0 29 2 16 0 0 0 0 20 1 0 0 0 0 0 2 0 0 0 22 1 8 0 0 0 0 15 0 0 0 0 0 0 4 0 0 0 7 1 8 0 0 0 0 5 1 0 0 0 0 0 5 0 0 0 0 0 0 0 0 0 0 0 0 0 0 0 0 0 6 0 0 0 0 0 0 0 0 0 0 0 0 0 0 0 0 0 Paul Bryan Knights forward rejects extension, set to test open "
"man","Manly Warringah Sea Eagles","Simione Laiafi","Unknown","1","player_specific_contract_candidate","zerotackle.com","false","false","true","contract_or_signing_language|contract_table","zerotackle-direct-player-profile","","Simione Laiafi (Manly Sea Eagles) - NRL Stats, News, Contract &amp; Player Profile - Zero Tackle","https://www.zerotackle.com/players/simione-laiafi/","Player Contracts Player Contracts Team 2026 2027 2028 2029 2030 Manly Sea Eagles ✔ ✔ ✔ Stats 2026 Stats Round Opp P T G MINS AR ARM LB LBA TA OL TK MT TB KM 40/20 PE ER TOTALS 11 0 0 0 152 45 393 0 0 0 1 103 8 3 0 0 1 1 4 0 0 0 13 3 26 0 0 0 0 9 0 0 0 0 0 0 5 0 0 0 0 0 0 0 0 0 0 0 0 0 0 0 0 0 6 0 0 0 19 2 12 0 0 0 0 23 1 0 0 0 0 0 8 0 0 0 0 0 0 0 0 0 0 0 0 0 0 0 0 0 12 0 0 0 0 0 0 0 0 0 0 0 0 0 0 0 0 0 13 0 0 0 15 4 "
"man","Manly Warringah Sea Eagles","Zach Dockar-Clay","Unknown","1","player_specific_contract_candidate","zerotackle.com","false","false","true","contract_or_signing_language|contract_table","zerotackle-direct-player-profile","","Zach Dockar-Clay (Manly Sea Eagles) - NRL Stats, News, Contract &amp; Player Profile - Zero Tackle","https://www.zerotackle.com/players/zach-dockar-clay/","Player Contracts Player Contracts Team 2026 2027 2028 2029 2030 Manly Sea Eagles ✔ ✔ Stats 2026 Stats Round Opp P T G MINS AR ARM LB LBA TA OL TK MT TB KM 40/20 PE ER TOTALS 2 0 0 0 36 2 14 0 0 0 0 20 1 0 0 0 0 0 10 0 0 0 0 0 0 0 0 0 0 0 0 0 0 0 0 0 11 0 0 0 36 2 14 0 0 0 0 20 1 0 0 0 0 0 Latest NRL News Contract plays: Experience out, experience in, but do the Sea Eagles... Scott Pryde - December 24, 2025 Zach Docka"
"man","Manly Warringah Sea Eagles","Zaidas Muagututia","Unknown","1","player_specific_contract_candidate","zerotackle.com","false","false","true","contract_or_signing_language|contract_table","zerotackle-direct-player-profile","","Zaidas Muagututia (Manly Sea Eagles) - NRL Stats, News, Contract &amp; Player Profile - Zero Tackle","https://www.zerotackle.com/players/zaidas-muagututia/","Player Contracts Player Contracts Team 2026 2027 2028 2029 2030 Manly Sea Eagles ✔ ✔ Stats 2026 Stats Round Opp P T G MINS AR ARM LB LBA TA OL TK MT TB KM 40/20 PE ER TOTALS 1 0 0 0 0 0 0 0 0 0 0 0 0 0 0 0 0 0 18 0 0 0 0 0 0 0 0 0 0 0 0 0 0 0 0 0 Team Lists and Selections Teen bolter in frame for Manly Sea Eagles No.9 role Ethan Lee Chalk - December 24, 2025 Latest News FULL TIME: Storm vs Titans &#8211; Round 19, 20"
"mel","Melbourne Storm","Sualauvi Fa’alogo","Fullback","1","player_specific_contract_candidate","zerotackle.com","false","false","true","contract_or_signing_language|contract_table","zerotackle-direct-player-profile","","Sua Fa&#039;alogo (Melbourne Storm) - NRL Stats, News, Contract &amp; Player Profile - Zero Tackle","https://www.zerotackle.com/players/sua-faalogo/","Player Contracts Player Contracts Team 2026 2027 2028 2029 2030 Melbourne Storm ✔ ✔ ✔ Stats 2026 Stats Round Opp P T G MINS AR ARM LB LBA TA OL TK MT TB KM 40/20 PE ER TOTALS 17 74 13 11 1300 329 3387 20 15 8 16 72 33 101 223 0 7 13 1 8 2 0 80 21 197 0 5 1 1 2 3 2 16 0 0 0 2 12 3 0 76 18 160 3 2 1 0 1 1 10 23 0 0 2 3 4 1 0 80 25 256 1 0 0 0 0 2 9 0 0 0 2 4 4 1 0 80 18 203 2 1 0 1 3 1 6 0 0 1 1 5 4 1 0 80 16 153 1 0 0"
"mel","Melbourne Storm","Will Warbrick","Winger","1","player_specific_contract_candidate","ntnews.com.au","false","false","false","contract_or_salary_language|signing_language","bing-news-rss","Mon, 09 Mar 2026 09:59:00 GMT","Melbourne Storm star Will Warbrick poised to join Warriors on multi-year NRL deal","https://www.ntnews.com.au/sport/nrl/melbourne-storm-star-will-warbrick-poised-to-join-warriors-on-multiyear-nrl-deal/news-story/b0570988de5944d43aa326110dfe1766","This masthead can reveal that Warbrick is poised to sign for the Warriors on a multi-year deal from the end of the season as he prepares to cross the ditch to continue his rugby league career."
"mel","Melbourne Storm","Will Warbrick","Winger","2","player_specific_contract_candidate","zerotackle.com","false","false","true","contract_or_signing_language|contract_table","zerotackle-direct-player-profile","","Will Warbrick (Melbourne Storm) - NRL Stats, News, Contract &amp; Player Profile - Zero Tackle","https://www.zerotackle.com/players/will-warbrick/","Player Contracts Player Contracts Team 2026 2027 2028 2029 2030 Melbourne Storm ✔ New Zealand Warriors ✔ ✔ ✔ Stats 2026 Stats Round Opp P T G MINS AR ARM LB LBA TA OL TK MT TB KM 40/20 PE ER TOTALS 17 64 16 0 1334 287 2579 11 0 2 13 88 18 55 0 0 2 33 1 4 1 0 74 16 146 1 0 0 0 3 1 5 0 0 0 1 2 4 1 0 80 16 199 2 0 1 0 8 1 4 0 0 0 1 3 0 0 0 80 18 174 0 0 0 1 6 0 3 0 0 0 3 4 16 4 0 80 16 163 2 0 0 0 10 2 7 0 0 0 1 5 0 0 0"
"mel","Melbourne Storm","Jack Howarth","Centre","1","player_specific_contract_candidate","zerotackle.com","false","false","true","contract_or_signing_language|contract_table","zerotackle-direct-player-profile","","Jack Howarth (Melbourne Storm) - NRL Stats, News, Contract &amp; Player Profile - Zero Tackle","https://www.zerotackle.com/players/jack-howarth/","Player Contracts Player Contracts Team 2026 2027 2028 2029 2030 Melbourne Storm $500K $500K Stats 2026 Stats Round Opp P T G MINS AR ARM LB LBA TA OL TK MT TB KM 40/20 PE ER TOTALS 14 20 5 0 1068 204 1885 4 5 3 10 173 25 43 32 0 4 11 1 4 1 0 80 17 159 2 0 0 0 13 3 4 0 0 1 2 2 4 1 0 80 11 93 0 0 0 1 24 0 1 0 0 0 0 3 0 0 0 80 16 154 0 0 0 0 20 5 3 0 0 1 1 4 0 0 0 36 6 44 0 0 0 1 4 1 0 0 0 0 0 6 4 1 0 80 14 146 1 1 0 1 "
"mel","Melbourne Storm","Nick Meaney","Centre","1","player_specific_contract_candidate","goldcoastbulletin.com.au","false","false","false","contract_or_salary_language","bing-news-rss","Thu, 08 Jan 2026 05:50:00 GMT","Perth Bears sign Melbourne Storm utility Nick Meaney as ninth signing for inaugural NRL squad","https://www.goldcoastbulletin.com.au/sport/nrl/perth-bears-sign-melbourne-storm-utility-nick-meaney-as-ninth-signing-for-inaugural-nrl-squad/news-story/5389158d7dd78c60e106d00614e5adcf","The Storm have been told that Meaney will play out the final year of his contract in Melbourne before linking up with the Bears from next year. The Bears will now turn their attention to landing ..."
"mel","Melbourne Storm","Nick Meaney","Centre","2","player_specific_profile_candidate","melbournestorm.com.au","true","false","false","","official-club-signings-topic","","Signings Nick Meaney to remain in purple until the end of","https://www.melbournestorm.com.au/news/2024/04/09/nick-meaney-to-remain-in-purple-until-the-end-of-2026/","RateLimitTriggeredError: Per IP rate limit exceeded"
"mel","Melbourne Storm","Nick Meaney","Centre","3","player_specific_contract_candidate","zerotackle.com","false","false","true","contract_or_signing_language|contract_table","zerotackle-direct-player-profile","","Nick Meaney (Melbourne Storm) - NRL Stats, News, Contract &amp; Player Profile - Zero Tackle","https://www.zerotackle.com/players/nick-meaney/","Player Contracts Player Contracts Team 2026 2027 2028 2029 2030 Melbourne Storm ✔ Perth Bears ✔ ✔ ✔ Stats 2026 Stats Round Opp P T G MINS AR ARM LB LBA TA OL TK MT TB KM 40/20 PE ER TOTALS 13 94 3 41 975 154 1299 4 0 0 6 132 28 23 19 0 0 11 1 16 0 8 80 12 89 1 0 0 0 5 1 0 19 0 0 1 2 12 0 6 80 7 78 0 0 0 0 3 0 0 0 0 0 0 3 0 0 0 80 13 100 0 0 0 0 1 0 3 0 0 0 1 5 2 0 1 80 10 74 0 0 0 0 10 4 0 0 0 0 0 6 6 0 3 80 14 119 0"
"mel","Melbourne Storm","Xavier Coates","Winger","1","player_specific_profile_candidate","ntnews.com.au","false","false","false","","bing-news-rss","Wed, 23 Dec 2020 11:44:00 GMT","NRL 2021: Melbourne Storm coach Craig Bellamy meets with Brisbane Broncos star Xavier Coates","https://www.ntnews.com.au/sport/nrl-2021-melbourne-storm-coach-craig-bellamy-meets-with-brisbane-broncos-star-xavier-coates/news-story/936a0ea2eb452d522ba6080a607c34b9","A casual meeting involving one of Brisbane's young stars at a Gold Coast coffee club could have major ramifications for the Broncos. On Tuesday, Bellamy secretly met with the Broncos' State of Origin ..."
"mel","Melbourne Storm","Xavier Coates","Winger","2","player_specific_profile_candidate","melbournestorm.com.au","true","false","false","","official-club-signings-topic","","Signings Xavier Coates extends to","https://www.melbournestorm.com.au/news/2025/09/06/xavier-coates-extends-to-2027/","RateLimitTriggeredError: Per IP rate limit exceeded"
"mel","Melbourne Storm","Xavier Coates","Winger","3","player_specific_contract_candidate","zerotackle.com","false","false","true","contract_or_signing_language|contract_table","zerotackle-direct-player-profile","","Xavier Coates (Melbourne Storm) - NRL Stats, News, Contract &amp; Player Profile - Zero Tackle","https://www.zerotackle.com/players/xavier-coates/","Player Contracts Player Contracts Team 2026 2027 2028 2029 2030 Melbourne Storm ✔ ✔ Stats Xavier Coates Xavier Coates suffers horror injury setback Scott Pryde - June 5, 2026 Latest NRL News Taulagi is concussed and Coates is weeks away, so who plays... Scott Pryde - April 29, 2026 Xavier Coates Storm reveal Xavier Coates likely return date, confirm status of Kamikamica Scott Pryde - April 28, 2026 Latest NRL News Ri"
"mel","Melbourne Storm","Cameron Munster","Five-Eighth","1","player_specific_contract_candidate","ntnews.com.au","false","false","false","contract_or_salary_language|term_length_language","bing-news-rss","Tue, 10 May 2016 15:00:00 GMT","Melbourne Storm lock down rising fullback Cameron Munster with two-year contract extension","https://www.ntnews.com.au/sport/nrl/teams/storm/melbourne-storm-lock-down-rising-fullback-cameron-munster-with-twoyear-contract-extension/news-story/fec9dcfa4127b242dbe9f453e6e49cfb","MELBOURNE Storm are celebrating a huge boost, after locking away one of the NRL's brightest young stars with a new deal with the club. The Herald Sun understands Munster — already under contract until ..."
"mel","Melbourne Storm","Cameron Munster","Five-Eighth","2","player_specific_contract_candidate","au.sports.yahoo.com","false","false","false","contract_or_salary_language|term_language","bing-news-rss","Sat, 13 Jun 2026 17:00:00 GMT","Storm reveal Cameron Munster contract plans","https://au.sports.yahoo.com/storm-reveal-cameron-munster-contract-023435832.html","The Melbourne Storm have confirmed they will offer Cameron Munster a contract extension if he wants to play on beyond the end of 2027. The Storm five-eighth and Queensland captain has barely been out ..."
"mel","Melbourne Storm","Cameron Munster","Five-Eighth","3","player_specific_contract_candidate","theaustralian.com.au","false","false","false","contract_or_salary_language","bing-news-rss","Sat, 13 Jun 2026 14:38:00 GMT","Melbourne Storm prepare to table offer to make Cameron Munster a one-club man","https://www.theaustralian.com.au/sport/nrl/i-love-queensland-why-origin-passion-could-prevent-cameron-munster-codeswitch/news-story/d2c3ed572dca7dbfa923bc673ded1722","Storm supremo Matt Tripp has issued a hands-off edict to poaching rivals as Munster prepares to lead Queensland into Origin II battle against NSW this Wednesday night at the MCG. Munster is ..."
"mel","Melbourne Storm","Cameron Munster","Five-Eighth","4","player_specific_contract_candidate","goldcoastbulletin.com.au","false","false","false","contract_or_salary_language","bing-news-rss","Fri, 12 Jun 2026 12:05:00 GMT","Melbourne Storm prepare to table offer to make Cameron Munster a one-club man","https://www.goldcoastbulletin.com.au/sport/nrl/i-love-queensland-why-origin-passion-could-prevent-cameron-munster-codeswitch/news-story/d2c3ed572dca7dbfa923bc673ded1722","Storm bosses are set to table a new deal for Cameron Munster in a bid to stave off the threat of rugby union and ensure the Origin star finishes his glittering career in Melbourne. Storm supremo Matt ..."
"mel","Melbourne Storm","Cameron Munster","Five-Eighth","5","player_specific_contract_candidate","zerotackle.com","false","false","true","contract_or_signing_language|contract_table","zerotackle-direct-player-profile","","Cameron Munster (Melbourne Storm) - NRL Stats, News, Contract &amp; Player Profile - Zero Tackle","https://www.zerotackle.com/players/cameron-munster/","Player Contracts Player Contracts Team 2026 2027 2028 2029 2030 Melbourne Storm $1.1M $1.1M Stats 2026 Stats Round Opp P T G MINS AR ARM LB LBA TA OL TK MT TB KM 40/20 PE ER TOTALS 18 18 4 1 1428 228 1707 5 8 11 26 467 74 39 2977 0 6 12 1 0 0 0 80 12 80 0 0 2 3 29 5 1 217 0 0 0 2 0 0 0 80 9 69 0 1 1 0 29 4 3 153 0 1 0 3 0 0 0 80 22 193 1 0 0 2 24 4 4 173 0 1 0 4 0 0 0 80 12 122 0 0 0 0 20 3 3 74 0 0 1 5 0 0 0 80 14 1"
"mel","Melbourne Storm","Jahrome Hughes","Halfback","1","player_specific_contract_candidate","goldcoastbulletin.com.au","false","false","false","contract_or_salary_language|term_length_language","bing-news-rss","Sat, 20 Feb 2021 08:21:00 GMT","NRL 2021: Warriors make huge play to lure Melbourne star Jahrome Hughes to New Zealand","https://www.goldcoastbulletin.com.au/sport/nrl/nrl-2021-warriors-make-huge-play-to-lure-melbourne-star-jahrome-hughes-to-new-zealand/news-story/d85136d436f9ef413ddfa147162730aa","The Sunday Mail can reveal the Storm have tabled an increased deal to Hughes in the wake of an aggressive poaching bid from the Warriors, who have offered him a three-year deal worth more than $2.5 ..."
"mel","Melbourne Storm","Jahrome Hughes","Halfback","2","player_specific_contract_candidate","zerotackle.com","false","false","true","contract_or_signing_language|contract_table","zerotackle-direct-player-profile","","Jahrome Hughes (Melbourne Storm) - NRL Stats, News, Contract &amp; Player Profile - Zero Tackle","https://www.zerotackle.com/players/jahrome-hughes/","Player Contracts Player Contracts Team 2026 2027 2028 2029 2030 Melbourne Storm $850K ✔ ✔ ✔ ✔ Stats 2026 Stats Round Opp P T G MINS AR ARM LB LBA TA OL TK MT TB KM 40/20 PE ER TOTALS 15 12 3 0 1177 166 1321 6 19 20 11 226 50 40 5215 2 3 5 1 0 0 0 80 15 119 0 2 2 0 13 4 3 145 0 1 0 2 4 1 0 80 9 82 1 0 1 0 12 5 6 481 0 0 0 3 0 0 0 80 26 193 0 5 1 1 17 3 4 251 0 0 0 4 0 0 0 80 9 84 2 2 3 1 12 5 4 381 0 0 0 5 0 0 0 80 12"
"mel","Melbourne Storm","Stefano Utoikamanu","Prop","1","player_specific_salary_candidate","townsvillebulletin.com.au","false","false","false","money|contract_or_salary_language|signing_language","bing-news-rss","Fri, 22 Nov 2019 07:17:00 GMT","Parramatta teen Stefano Utoikamanu signs $800,000 deal with Wests Tigers","https://www.townsvillebulletin.com.au/sport/nrl/parramatta-teen-stefano-utoikamanu-signs-800000-deal-with-wests-tigers/news-story/622e252e07247def11e840effbb9e57a","Considered among the Eels most promising players, Utoikamanu has agreed to join the Tigers for three years from 2021 – and potentially sooner. Despite still having 12 months to serve at Parramatta, ..."
"mel","Melbourne Storm","Stefano Utoikamanu","Prop","2","player_specific_contract_candidate","zerotackle.com","false","false","true","contract_or_signing_language|contract_table","zerotackle-direct-player-profile","","Stefano Utoikamanu (Melbourne Storm) - NRL Stats, News, Contract &amp; Player Profile - Zero Tackle","https://www.zerotackle.com/players/stefano-utoikamanu/","Player Contracts Player Contracts Team 2026 2027 2028 2029 2030 Melbourne Storm $600K $600K Stats 2026 Stats Round Opp P T G MINS AR ARM LB LBA TA OL TK MT TB KM 40/20 PE ER TOTALS 17 4 1 0 906 220 2187 2 0 0 17 487 16 75 0 0 3 7 1 0 0 0 50 19 239 1 0 0 0 15 1 6 0 0 1 1 2 0 0 0 60 18 175 0 0 0 2 27 0 9 0 0 0 2 3 0 0 0 61 10 107 0 0 0 0 44 1 4 0 0 0 0 4 0 0 0 55 9 87 0 0 0 2 28 0 0 0 0 0 1 5 0 0 0 49 11 88 0 0 0 2 33 "
"mel","Melbourne Storm","Harry Grant","Hooker","1","player_specific_contract_candidate","townsvillebulletin.com.au","false","false","false","contract_or_salary_language","bing-news-rss","Sat, 11 Dec 2021 16:00:00 GMT","NRL news: Jesse Arthars takes up Harry Grant's advice on loan deal to New Zealand Warriors","https://www.townsvillebulletin.com.au/sport/nrl/nrl-news-ash-taylor-opens-up-on-the-pressure-of-being-a-million-dollar-man/news-story/b749fb0a1e4bbcfd6b2378f3c8e051e6","Jesse Arthars knew the man to call when he was approached about a loan move to the New Zealand Warriors — and his advice helped seal the deal. Grant and then Wests Tigers centre Paul Momirovski made ..."
"mel","Melbourne Storm","Harry Grant","Hooker","2","player_specific_profile_candidate","melbournestorm.com.au","true","false","false","","official-club-signings-topic","","Signings Harry Grant re-signs until","https://www.melbournestorm.com.au/news/2025/11/20/harry-grant-re-signs-until-2028/","RateLimitTriggeredError: Per IP rate limit exceeded"
"mel","Melbourne Storm","Harry Grant","Hooker","3","player_specific_contract_candidate","zerotackle.com","false","false","true","contract_or_signing_language|contract_table","zerotackle-direct-player-profile","","Harry Grant (Melbourne Storm) - NRL Stats, News, Contract &amp; Player Profile - Zero Tackle","https://www.zerotackle.com/players/harry-grant/","Player Contracts Player Contracts Team 2026 2027 2028 2029 2030 Melbourne Storm $850K ✔ ✔ Stats 2026 Stats Round Opp P T G MINS AR ARM LB LBA TA OL TK MT TB KM 40/20 PE ER TOTALS 19 34 6 5 1418 149 1075 11 6 7 12 766 60 34 1049 0 9 7 1 8 2 0 59 7 86 2 0 0 0 28 2 4 30 0 1 0 2 4 1 0 80 10 68 1 1 1 1 47 4 4 0 0 0 1 3 6 0 3 80 12 98 0 0 0 0 42 6 0 69 0 2 0 4 4 0 2 80 5 27 0 2 1 0 36 4 1 60 0 0 1 5 0 0 0 62 1 7 0 0 0 0 38"
"mel","Melbourne Storm","Josh King","Prop","1","player_specific_profile_candidate","melbournestorm.com.au","true","false","false","","official-club-signings-topic","","Signings Josh King Extends Storm Contract","https://www.melbournestorm.com.au/news/2025/03/13/josh-king-extends-storm-contract/","RateLimitTriggeredError: Per IP rate limit exceeded"
"mel","Melbourne Storm","Josh King","Prop","2","player_specific_contract_candidate","zerotackle.com","false","false","true","contract_or_signing_language|contract_table","zerotackle-direct-player-profile","","Josh King (Melbourne Storm) - NRL Stats, News, Contract &amp; Player Profile - Zero Tackle","https://www.zerotackle.com/players/josh-king/","Player Contracts Player Contracts Team 2026 2027 2028 2029 2030 Melbourne Storm ✔ ✔ Stats 2026 Stats Round Opp P T G MINS AR ARM LB LBA TA OL TK MT TB KM 40/20 PE ER TOTALS 17 8 2 0 991 190 1610 2 0 0 10 540 27 12 38 0 3 5 1 0 0 0 70 14 118 0 0 0 1 28 1 1 0 0 0 1 2 0 0 0 55 13 119 0 0 0 1 35 1 0 0 0 0 0 3 0 0 0 48 9 72 0 0 0 1 25 1 0 0 0 0 0 4 0 0 0 64 11 85 0 0 0 0 28 3 0 0 0 2 0 5 0 0 0 51 11 90 0 0 0 1 25 1 0 0 0 "
"mel","Melbourne Storm","Shawn Blore","2nd Row","1","player_specific_contract_candidate","au.sports.yahoo.com","false","false","false","contract_or_salary_language|term_language","bing-news-rss","Wed, 10 Jun 2026 17:00:00 GMT","Why Shawn Blore's reported next NRL club makes no sense","https://au.sports.yahoo.com/why-shawn-blore-reported-next-053528157.html","Melbourne Storm star Shawn Blore appears to have taken a step towards returning to Sydney at the end of his deal with the Melbourne Storm. Off-contract at the end of 2026, Blore has been able to ..."
"mel","Melbourne Storm","Shawn Blore","2nd Row","2","player_specific_profile_candidate","townsvillebulletin.com.au","false","false","false","","bing-news-rss","Wed, 23 Dec 2020 06:00:00 GMT","NRL 2021: Wests Tigers' rebuilt pack to break 'ninth place' curse","https://www.townsvillebulletin.com.au/sport/nrl/nrl-2021-wests-tigers-rebuilt-pack-to-break-ninth-place-curse/news-story/8104ee01cf067b8adfc4fca7b665b4dc","Despite talk Michael Maguire's tough approach was causing player unrest at Concord, boom rookie Shawn Blore knocked back several NRL rivals to re-sign with the club. It's one of the reasons Blore is ..."
"mel","Melbourne Storm","Shawn Blore","2nd Row","3","player_specific_contract_candidate","zerotackle.com","false","false","true","contract_or_signing_language|contract_table","zerotackle-direct-player-profile","","Shawn Blore (Melbourne Storm) - NRL Stats, News, Contract &amp; Player Profile - Zero Tackle","https://www.zerotackle.com/players/shawn-blore/","Player Contracts Player Contracts Team 2026 2027 2028 2029 2030 Melbourne Storm $450K Stats 2026 Stats Round Opp P T G MINS AR ARM LB LBA TA OL TK MT TB KM 40/20 PE ER TOTALS 9 0 0 0 419 57 547 0 1 2 3 155 11 4 0 0 0 3 7 0 0 0 33 4 50 0 0 0 0 12 1 0 0 0 0 0 8 0 0 0 43 8 73 0 0 0 0 22 1 0 0 0 0 1 9 0 0 0 80 11 86 0 0 0 2 28 1 0 0 0 0 2 10 0 0 0 72 7 69 0 1 2 0 22 2 1 0 0 0 0 11 0 0 0 80 11 109 0 0 0 1 31 2 2 0 0 0 0 1"
"mel","Melbourne Storm","Joe Chan","2nd Row","1","player_specific_contract_candidate","zerotackle.com","false","false","true","contract_or_signing_language|contract_table","zerotackle-direct-player-profile","","Joe Chan (Melbourne Storm) - NRL Stats, News, Contract &amp; Player Profile - Zero Tackle","https://www.zerotackle.com/players/joe-chan/","Player Contracts Player Contracts Team 2026 2027 2028 2029 2030 Melbourne Storm ✔ ✔ ✔ Stats 2026 Stats Round Opp P T G MINS AR ARM LB LBA TA OL TK MT TB KM 40/20 PE ER TOTALS 17 8 2 0 976 153 1399 6 1 1 6 357 51 23 21 0 9 10 1 4 1 0 80 15 189 2 0 0 1 27 3 1 0 0 1 1 2 0 0 0 71 11 139 0 0 0 0 34 4 1 0 0 0 0 3 4 1 0 80 12 100 3 0 1 2 36 2 6 21 0 1 0 4 0 0 0 80 12 111 0 1 0 0 30 3 2 0 0 0 1 5 0 0 0 80 8 48 0 0 0 0 47 3 2"
"mel","Melbourne Storm","Trent Loiero","Lock","1","player_specific_contract_candidate","zerotackle.com","false","false","true","contract_or_signing_language|contract_table","zerotackle-direct-player-profile","","Trent Loiero (Melbourne Storm) - NRL Stats, News, Contract &amp; Player Profile - Zero Tackle","https://www.zerotackle.com/players/trent-loiero/","Player Contracts Player Contracts Team 2026 2027 2028 2029 2030 Melbourne Storm ✔ ✔ ✔ Stats 2026 Stats Round Opp P T G MINS AR ARM LB LBA TA OL TK MT TB KM 40/20 PE ER TOTALS 17 8 2 0 1005 189 1501 2 1 1 16 552 30 30 9 0 8 5 3 0 0 0 51 11 97 0 0 0 2 37 1 0 0 0 0 0 4 0 0 0 60 8 63 0 0 0 1 28 0 3 0 0 0 0 5 0 0 0 55 9 74 0 0 0 2 37 2 3 0 0 2 0 6 0 0 0 80 8 53 0 0 0 0 44 3 1 0 0 3 0 7 0 0 0 69 8 92 0 0 0 0 46 1 1 0 0 1 0"
"mel","Melbourne Storm","Tyran Wishart","Interchange","1","player_specific_contract_candidate","zerotackle.com","false","false","true","contract_or_signing_language|contract_table","zerotackle-direct-player-profile","","Tyran Wishart (Melbourne Storm) - NRL Stats, News, Contract &amp; Player Profile - Zero Tackle","https://www.zerotackle.com/players/tyran-wishart/","Player Contracts Player Contracts Team 2026 2027 2028 2029 2030 Melbourne Storm $350K Perth Bears ✔ ✔ ✔ ✔ Stats 2026 Stats Round Opp P T G MINS AR ARM LB LBA TA OL TK MT TB KM 40/20 PE ER TOTALS 12 4 1 0 428 65 632 3 1 1 4 179 15 11 527 0 2 1 1 0 0 0 46 10 97 1 0 0 1 20 0 1 0 0 0 0 2 0 0 0 25 7 60 0 0 0 0 11 1 1 0 0 0 0 3 0 0 0 26 6 63 0 0 0 0 20 0 0 20 0 0 0 4 0 0 0 47 3 36 0 0 0 0 16 3 0 26 0 0 0 5 0 0 0 46 6 43 0 "
"mel","Melbourne Storm","Cooper Clarke","Interchange","1","player_specific_contract_candidate","au.news.yahoo.com","false","false","false","contract_or_salary_language|term_length_language","bing-news-rss","Tue, 31 Mar 2026 17:00:00 GMT","Melbourne Storm deal blow to rival NRL teams as young gun inks new long-term deal with club","https://au.news.yahoo.com/melbourne-storm-deal-blow-to-rival-nrl-teams-as-young-gun-inks-new-long-term-deal-with-club-014947749.html","Add Yahoo as a preferred source to see more of our stories on Google. Melbourne young gun Cooper Clarke has been rewarded for his meteoric rise into the NRL, with the Storm handing the 19-year-old a ..."
"mel","Melbourne Storm","Cooper Clarke","Interchange","2","player_specific_profile_candidate","melbournestorm.com.au","true","false","false","","official-club-signings-topic","","Signings Cooper Clarke re-signs until","https://www.melbournestorm.com.au/news/2026/04/01/cooper-clarke-re-signs-until-2029/","RateLimitTriggeredError: Per IP rate limit exceeded"
"mel","Melbourne Storm","Cooper Clarke","Interchange","3","player_specific_contract_candidate","zerotackle.com","false","false","true","contract_or_signing_language|contract_table","zerotackle-direct-player-profile","","Cooper Clarke (Melbourne Storm) - NRL Stats, News, Contract &amp; Player Profile - Zero Tackle","https://www.zerotackle.com/players/cooper-clarke/","Player Contracts Player Contracts Team 2026 2027 2028 2029 2030 Melbourne Storm ✔ ✔ ✔ ✔ Stats 2026 Stats Round Opp P T G MINS AR ARM LB LBA TA OL TK MT TB KM 40/20 PE ER TOTALS 17 8 2 0 851 159 1453 2 1 0 8 426 27 36 0 0 3 5 1 0 0 0 22 9 88 0 0 0 1 12 0 3 0 0 0 1 2 0 0 0 29 7 65 0 0 0 1 17 2 0 0 0 0 0 3 0 0 0 41 5 49 0 0 0 0 21 0 0 0 0 0 0 4 0 0 0 43 9 66 0 0 0 0 17 4 2 0 0 0 0 5 0 0 0 54 7 55 0 0 0 0 24 0 0 0 0 0 0 "
"mel","Melbourne Storm","Alec MacDonald","Interchange","1","player_specific_contract_candidate","zerotackle.com","false","false","true","contract_or_signing_language|contract_table","zerotackle-direct-player-profile","","Alec MacDonald (Melbourne Storm) - NRL Stats, News, Contract &amp; Player Profile - Zero Tackle","https://www.zerotackle.com/players/alec-macdonald/","Player Contracts Player Contracts Team 2026 2027 2028 2029 2030 Melbourne Storm ✔ ✔ ✔ Stats 2026 Stats Round Opp P T G MINS AR ARM LB LBA TA OL TK MT TB KM 40/20 PE ER TOTALS 13 4 1 0 509 86 703 1 0 0 2 319 16 5 0 0 1 6 1 0 0 0 1 1 6 0 0 0 0 0 0 0 0 0 0 0 3 0 0 0 64 8 73 0 0 0 0 38 5 1 0 0 0 0 4 0 0 0 42 6 49 0 0 0 0 22 0 0 0 0 0 0 5 0 0 0 44 8 62 0 0 0 0 30 0 0 0 0 0 0 6 0 0 0 47 3 27 0 0 0 0 36 2 0 0 0 0 0 7 0 0 0 "
"mel","Melbourne Storm","Tui Kamikamica","Interchange","1","player_specific_contract_candidate","adelaidenow.com.au","false","false","false","term_length_language","bing-news-rss","Mon, 30 Mar 2026 08:38:00 GMT","Melbourne Storm star Tui Kamikamica in hospital after suffering suspected stroke","https://www.adelaidenow.com.au/sport/nrl/melbourne-storm-star-tui-kamikamica-in-hospital-after-suffering-suspected-stroke/news-story/53edd2cef43712479f50550afdd66f22","A Melbourne Storm star has been rushed to hospital following a suspected stroke on Monday morning. The 31-year-old Fijian international is in his tenth season at the club, but his immediate playing ..."
"mel","Melbourne Storm","Tui Kamikamica","Interchange","2","player_specific_profile_candidate","theaustralian.com.au","false","false","false","","bing-news-rss","Wed, 15 Apr 2026 17:00:00 GMT","Tui Kamikamica sets sights on remarkable NRL comeback after being hospitalised for stroke","https://www.theaustralian.com.au/sport/nrl/tui-kamikamica-sets-sights-on-remarkable-nrl-comeback-after-being-hospitalised-for-stroke/news-story/7deac545ad5bc494ba4400b6b0e97693","This masthead can reveal Kamikamica checked out of a rehabilitation clinic and returned home as the Fijian Test captain plots a stunning comeback to the NRL. Kamikamica was a surprise visitor at ..."
"mel","Melbourne Storm","Tui Kamikamica","Interchange","3","player_specific_profile_candidate","themercury.com.au","false","false","false","","bing-news-rss","Mon, 30 Mar 2026 09:48:00 GMT","Melbourne Storm forward Tui Kamikamica's incredible first words post-stroke surgery","https://www.themercury.com.au/sport/nrl/melbourne-storm-forward-tui-kamikamica-in-hospital-after-suffering-suspected-stroke/news-story/51bc8ea7a8127017ee03c2cf17c02bfa","A routine trip to the toilet turned into a life-threatening emergency for Storm's Tui Kamikamica. Now the Melbourne prop's first words to teammates after surgery can be revealed. This masthead can ..."
"mel","Melbourne Storm","Tui Kamikamica","Interchange","4","player_specific_profile_candidate","goldcoastbulletin.com.au","false","false","false","","bing-news-rss","Tue, 28 Apr 2026 12:22:00 GMT","Tui Kamikamica hoping to make NRL return this year despite suffering a stroke","https://www.goldcoastbulletin.com.au/sport/nrl/tui-kamikamica-hoping-to-make-nrl-return-this-year-despite-suffering-a-stroke/news-story/a1884359543a8fc4a91b81cb8f659472","After suffering a stroke in late March, 142-game forward Tui Kamikamica has defied the odds after having successful brain and heart surgery. The club have announced they are ""hopeful"" he will play ..."
"mel","Melbourne Storm","Tui Kamikamica","Interchange","5","player_specific_profile_candidate","themercury.com.au","false","false","false","","bing-news-rss","Tue, 28 Apr 2026 12:22:00 GMT","Tui Kamikamica hoping to make NRL return this year despite suffering a stroke","https://www.themercury.com.au/sport/nrl/tui-kamikamica-hoping-to-make-nrl-return-this-year-despite-suffering-a-stroke/news-story/a1884359543a8fc4a91b81cb8f659472","Melbourne Storm forward Tui Kamikamica has defied the odds - planning to make his NRL return after two serious surgeries. After suffering a stroke in late March, 142-game forward Tui Kamikamica has ..."
"mel","Melbourne Storm","Tui Kamikamica","Interchange","6","player_specific_profile_candidate","smh.com.au","false","false","false","","bing-news-rss","Wed, 29 Apr 2026 12:20:00 GMT","'Back in six weeks': Kamikamica sets footy return date after terrifying stroke","https://www.smh.com.au/sport/nrl/back-in-six-weeks-kamikamica-sets-footy-return-date-after-terrifying-stroke-20260429-p5zs6g.html","You have reached your maximum number of saved items. Remove items from your saved list to add more. Melbourne prop Tui Kamikamica has revealed he could be just six weeks away from making a remarkable ..."
"mel","Melbourne Storm","Tui Kamikamica","Interchange","7","player_specific_profile_candidate","au.sports.yahoo.com","false","false","false","","bing-news-rss","Sat, 13 Jun 2026 23:48:00 GMT","Kamikamica runs into roadblock on recovery from stroke","https://au.sports.yahoo.com/kamikamica-runs-roadblock-recovery-stroke-064812323.html","Melbourne Storm forward Tui Kamikamica's chances of returning to the NRL are dwindling after a setback during his recovery from a stroke. The NRL world was brought together earlier this year to ..."
"mel","Melbourne Storm","Tui Kamikamica","Interchange","8","player_specific_profile_candidate","thechronicle.com.au","false","false","false","","bing-news-rss","Thu, 16 Apr 2026 07:41:00 GMT","Tui Kamikamica sets sights on remarkable NRL comeback after being hospitalised for stroke","https://www.thechronicle.com.au/sport/nrl/tui-kamikamica-sets-sights-on-remarkable-nrl-comeback-after-being-hospitalised-for-stroke/news-story/7deac545ad5bc494ba4400b6b0e97693","After a terrifying stroke left Tui Kamikamica hospitalised, the Storm enforcer is back at training and determined to make his NRL return, declaring: ""I just want to help my teammates"". This masthead ..."
"mel","Melbourne Storm","Tui Kamikamica","Interchange","9","player_specific_contract_candidate","melbournestorm.com.au","true","false","false","contract_or_signing_language|term_length_language","official-club-signings-topic","2026-01-29T03:55:20+00:00","Kamikamica renews for 2026","https://www.melbournestorm.com.au/news/2026/01/29/kamikamica-renews-for-2026/","Title: Kamikamica renews for 2026 URL Source: https://www.melbournestorm.com.au/news/2026/01/29/kamikamica-renews-for-2026/ Published Time: 2026-01-29T03:55:20+00:00 Markdown Content: [Skip to main content](https://www.melbournestorm.com.au/news/2026/01/29/kamikamica-renews-for-2026/#main-content) ## Main [![Image 1: storm logo](https://www.melbournestorm.com.au/.theme/storm/badge-light.svg?bust=202607060241)![Image 2: storm logo](https://www.melbournestorm.com.au/.theme/storm/text.svg?bust=202607060241)](https://www.melbournestorm.com.au/) [](https://www.melbournestorm.com.au/search/) * [News](https://www.melbournestorm.com.au/news/) * [Watch](https://www.melbournestorm.com.au/watch/) * [Dr"
"mel","Melbourne Storm","Tui Kamikamica","Interchange","10","player_specific_contract_candidate","zerotackle.com","false","false","true","contract_or_signing_language|contract_table","zerotackle-direct-player-profile","","Tui Kamikamica (Melbourne Storm) - NRL Stats, News, Contract &amp; Player Profile - Zero Tackle","https://www.zerotackle.com/players/tui-kamikamica/","Player Contracts Player Contracts Team 2026 2027 2028 2029 2030 Melbourne Storm ✔ Stats 2026 Stats Round Opp P T G MINS AR ARM LB LBA TA OL TK MT TB KM 40/20 PE ER TOTALS 4 0 0 0 144 46 442 0 0 0 0 61 7 1 0 0 0 0 1 0 0 0 45 16 153 0 0 0 0 13 2 1 0 0 0 0 2 0 0 0 45 13 130 0 0 0 0 19 1 0 0 0 0 0 3 0 0 0 29 8 75 0 0 0 0 20 3 0 0 0 0 0 4 0 0 0 25 9 84 0 0 0 0 9 1 0 0 0 0 0 Tui Kamikamica Kamikamica runs into roadblock on"
"mel","Melbourne Storm","Ativalu Lisati","Unknown","1","player_specific_contract_candidate","zerotackle.com","false","false","true","contract_or_signing_language|contract_table","zerotackle-direct-player-profile","","Ativalu Lisati (Melbourne Storm) - NRL Stats, News, Contract &amp; Player Profile - Zero Tackle","https://www.zerotackle.com/players/ativalu-lisati/","Player Contracts Player Contracts Team 2026 2027 2028 2029 2030 Melbourne Storm ✔ ✔ Stats 2026 Stats Round Opp P T G MINS AR ARM LB LBA TA OL TK MT TB KM 40/20 PE ER TOTALS 10 12 3 0 759 132 1145 1 1 0 4 387 26 14 25 0 1 4 1 4 1 0 80 18 152 0 0 0 1 42 1 0 0 0 0 0 2 0 0 0 80 14 114 0 0 0 2 42 1 2 0 0 0 0 9 0 0 0 63 13 110 0 0 0 0 41 0 0 0 0 0 1 10 4 1 0 80 17 172 1 1 0 1 34 2 8 0 0 0 0 11 0 0 0 80 13 128 0 0 0 0 44 1 "
"mel","Melbourne Storm","Davvy Moale","Unknown","1","player_specific_contract_candidate","zerotackle.com","false","false","true","contract_or_signing_language|contract_table","zerotackle-direct-player-profile","","Davvy Moale (Melbourne Storm) - NRL Stats, News, Contract &amp; Player Profile - Zero Tackle","https://www.zerotackle.com/players/davvy-moale/","Player Contracts Player Contracts Team 2026 2027 2028 2029 2030 Melbourne Storm ✔ Manly Sea Eagles ✔ ✔ ✔ Stats 2026 Stats Round Opp P T G MINS AR ARM LB LBA TA OL TK MT TB KM 40/20 PE ER TOTALS 12 0 0 0 217 44 398 0 0 0 0 122 8 4 0 0 2 2 1 0 0 0 27 6 58 0 0 0 0 13 0 0 0 0 1 0 2 0 0 0 0 0 0 0 0 0 0 0 0 0 0 0 0 0 3 0 0 0 0 0 0 0 0 0 0 0 0 0 0 0 0 0 4 0 0 0 0 0 0 0 0 0 0 0 0 0 0 0 0 0 5 0 0 0 18 5 32 0 0 0 0 6 1 0 0 0 0"
"mel","Melbourne Storm","Gabriel Satrick","Unknown","1","player_specific_contract_candidate","zerotackle.com","false","false","true","contract_or_signing_language|contract_table","zerotackle-direct-player-profile","","Gabriel Satrick (Melbourne Storm) - NRL Stats, News, Contract &amp; Player Profile - Zero Tackle","https://www.zerotackle.com/players/gabriel-satrick/","Player Contracts Player Contracts Team 2026 2027 2028 2029 2030 Melbourne Storm ? Stats 2026 Stats Round Opp P T G MINS AR ARM LB LBA TA OL TK MT TB KM 40/20 PE ER TOTALS 1 0 0 0 25 0 0 0 0 0 0 12 2 0 22 0 0 0 12 0 0 0 25 0 0 0 0 0 0 12 2 0 22 0 0 0 No posts to display Latest News FULL TIME: Storm vs Titans &#8211; Round 19, 2026 July 12, 2026 FULL TIME: Sea Eagles vs Cowboys &#8211; Round 19, 2026 July 12, 2026 FINA"
"mel","Melbourne Storm","Jack Hetherington","Unknown","1","player_specific_contract_candidate","zerotackle.com","false","false","true","contract_or_signing_language|contract_table","zerotackle-direct-player-profile","","Jack Hetherington (Melbourne Storm) - NRL Stats, News, Contract &amp; Player Profile - Zero Tackle","https://www.zerotackle.com/players/jack-hetherington/","Player Contracts Player Contracts Team 2026 2027 2028 2029 2030 Melbourne Storm ✔ Stats 2026 Stats Round Opp P T G MINS AR ARM LB LBA TA OL TK MT TB KM 40/20 PE ER TOTALS 12 0 0 0 154 26 244 0 0 0 0 93 4 3 0 0 1 0 2 0 0 0 34 4 41 0 0 0 0 20 1 0 0 0 0 0 3 0 0 0 0 0 0 0 0 0 0 0 0 0 0 0 0 0 4 0 0 0 0 0 0 0 0 0 0 0 0 0 0 0 0 0 5 0 0 0 21 3 19 0 0 0 0 18 1 0 0 0 0 0 6 0 0 0 0 0 0 0 0 0 0 0 0 0 0 0 0 0 7 0 0 0 15 1 4 0 0 0"
"mel","Melbourne Storm","Josiah Pahulu","Unknown","1","player_specific_profile_candidate","melbournestorm.com.au","true","false","false","","official-club-signings-topic","","Signings Storm sign prop Josiah Pahulu","https://www.melbournestorm.com.au/news/2025/05/26/storm-sign-prop-josiah-pahulu/","RateLimitTriggeredError: Per IP rate limit exceeded"
"mel","Melbourne Storm","Josiah Pahulu","Unknown","2","player_specific_contract_candidate","zerotackle.com","false","false","true","contract_or_signing_language|contract_table","zerotackle-direct-player-profile","","Josiah Pahulu (Melbourne Storm) - NRL Stats, News, Contract &amp; Player Profile - Zero Tackle","https://www.zerotackle.com/players/josiah-pahulu/","Player Contracts Player Contracts Team 2026 2027 2028 2029 2030 Melbourne Storm ✔ ✔ Stats 2026 Stats Round Opp P T G MINS AR ARM LB LBA TA OL TK MT TB KM 40/20 PE ER TOTALS 7 0 0 0 18 2 28 0 0 0 0 7 2 0 0 0 0 0 8 0 0 0 0 0 0 0 0 0 0 0 0 0 0 0 0 0 9 0 0 0 0 0 0 0 0 0 0 0 0 0 0 0 0 0 11 0 0 0 0 0 0 0 0 0 0 0 0 0 0 0 0 0 13 0 0 0 0 0 0 0 0 0 0 0 0 0 0 0 0 0 14 0 0 0 0 0 0 0 0 0 0 0 0 0 0 0 0 0 17 0 0 0 0 0 0 0 0 0 0 0 0"
"mel","Melbourne Storm","Lazarus Vaalepu","Unknown","1","player_specific_contract_candidate","au.news.yahoo.com","false","false","false","term_length_language","bing-news-rss","Tue, 30 Jun 2026 04:10:00 GMT","Melbourne Storm grant immediate release to NRL grand final player to sign with new club","https://au.news.yahoo.com/melbourne-storm-grant-immediate-release-to-nrl-grand-final-player-to-sign-with-new-club-103930783.html","The Melbourne Storm have announced the immediate departure of 27-year-old forward Lazarus Vaalepu to sign with Leigh Leopards in the English Super League. Vaalepu played 11 NRL ga ..."
"mel","Melbourne Storm","Lazarus Vaalepu","Unknown","2","player_specific_profile_candidate","zerotackle.com","false","false","false","","bing-news-rss","Tue, 30 Jun 2026 01:36:00 GMT","Melbourne Storm confirm immediate departure of prop","https://www.zerotackle.com/melbourne-storm-confirm-immediate-departure-of-prop-235434/","The Melbourne Storm have confirmed the immediate departure of Lazarus Vaalepu who will take up an opportunity with the Leigh Leopards in the English Super League. Vaalepu has managed 11 games with the ..."
"mel","Melbourne Storm","Lazarus Vaalepu","Unknown","3","player_specific_contract_candidate","zerotackle.com","false","false","true","contract_or_signing_language|contract_table","zerotackle-direct-player-profile","","Lazarus Vaalepu (Leigh Leopards) - NRL Stats, News, Contract &amp; Player Profile - Zero Tackle","https://www.zerotackle.com/players/lazarus-vaalepu/","Player Contracts Player Contracts Team 2026 2027 2028 2029 2030 Leigh Leopards ✔ Lazarus Vaalepu Melbourne Storm confirm immediate departure of prop Scott Pryde - June 30, 2026 Melbourne Storm Melbourne Storm forward being shopped to Super League teams Kye Ferreira - June 18, 2026 Lazarus Vaalepu Storm extend international forward, another set to follow Ethan Lee Chalk - October 12, 2025 Ativalu Lisati Melbourne Stor"
"mel","Melbourne Storm","Manaia Waitere","Unknown","1","player_specific_contract_candidate","zerotackle.com","false","false","true","contract_or_signing_language|contract_table","zerotackle-direct-player-profile","","Manaia Waitere (Melbourne Storm) - NRL Stats, News, Contract &amp; Player Profile - Zero Tackle","https://www.zerotackle.com/players/manaia-waitere/","Player Contracts Player Contracts Team 2026 2027 2028 2029 2030 Melbourne Storm ✔ ✔ Stats 2026 Stats Round Opp P T G MINS AR ARM LB LBA TA OL TK MT TB KM 40/20 PE ER TOTALS 9 8 2 0 434 62 494 3 1 2 2 89 12 13 9 0 2 4 4 0 0 0 40 5 55 1 0 1 0 11 1 1 0 0 2 0 5 4 1 0 80 13 96 1 0 0 0 28 3 2 0 0 0 0 6 0 0 0 9 3 19 0 0 0 0 1 0 0 0 0 0 0 7 0 0 0 80 9 84 0 1 1 0 10 2 3 0 0 0 2 8 0 0 0 80 7 45 0 0 0 1 12 0 1 0 0 0 1 9 0 0 0 0"
"mel","Melbourne Storm","Marion Seve","Unknown","1","player_specific_contract_candidate","zerotackle.com","false","false","true","contract_or_signing_language|contract_table","zerotackle-direct-player-profile","","Marion Seve (Melbourne Storm) - NRL Stats, News, Contract &amp; Player Profile - Zero Tackle","https://www.zerotackle.com/players/marion-seve/","Player Contracts Player Contracts Team 2026 2027 2028 2029 2030 Melbourne Storm ? Stats Xavier Coates Storm reveal Xavier Coates likely return date, confirm status of Kamikamica Scott Pryde - April 28, 2026 Marion Seve Storm back set to ink new NRL contract Scott Pryde - October 23, 2025 Marion Seve Melbourne Storm provide official update on FIVE injured players Ethan Lee Chalk - June 26, 2025 Marion Seve Melbourne S"
"mel","Melbourne Storm","Moses Leo","Unknown","1","player_specific_profile_candidate","melbournestorm.com.au","true","false","false","","official-club-signings-topic","","Signings Moses Leo to join Storm early","https://www.melbournestorm.com.au/news/2024/11/19/moses-leo-to-join-storm-early/","RateLimitTriggeredError: Per IP rate limit exceeded"
"mel","Melbourne Storm","Moses Leo","Unknown","2","player_specific_profile_candidate","melbournestorm.com.au","true","false","false","","official-club-signings-topic","","Signings Moses Leo to join Melbourne Storm","https://www.melbournestorm.com.au/news/2024/09/20/moses-leo-to-join-melbourne-storm/","RateLimitTriggeredError: Per IP rate limit exceeded"
"mel","Melbourne Storm","Moses Leo","Unknown","3","player_specific_contract_candidate","zerotackle.com","false","false","true","contract_or_signing_language|contract_table","zerotackle-direct-player-profile","","Moses Leo (Melbourne Storm) - NRL Stats, News, Contract &amp; Player Profile - Zero Tackle","https://www.zerotackle.com/players/moses-leo/","Player Contracts Player Contracts Team 2026 2027 2028 2029 2030 Melbourne Storm ✔ CO Stats 2026 Stats Round Opp P T G MINS AR ARM LB LBA TA OL TK MT TB KM 40/20 PE ER TOTALS 11 32 8 0 762 131 1507 11 0 0 3 73 19 40 33 0 3 10 1 4 1 0 80 14 171 3 0 0 0 14 2 6 0 0 0 0 2 4 1 0 80 8 105 1 0 0 0 7 1 3 0 0 1 1 3 0 0 0 77 16 151 0 0 0 1 10 4 2 0 0 1 3 4 0 0 0 69 6 43 0 0 0 0 11 4 0 0 0 0 0 6 0 0 0 71 10 66 0 0 0 0 6 2 3 0 0 "
"mel","Melbourne Storm","Siulagi Tuimalata-Brown","Unknown","","no_candidate_found","","","","","","","","","",""
"mel","Melbourne Storm","Trent Toelau","Unknown","1","player_specific_contract_candidate","zerotackle.com","false","false","true","contract_or_signing_language|contract_table","zerotackle-direct-player-profile","","Trent Toelau (Melbourne Storm) - NRL Stats, News, Contract &amp; Player Profile - Zero Tackle","https://www.zerotackle.com/players/trent-toelau/","Player Contracts Player Contracts Team 2026 2027 2028 2029 2030 Melbourne Storm ✔ Stats 2026 Stats Round Opp P T G MINS AR ARM LB LBA TA OL TK MT TB KM 40/20 PE ER TOTALS 9 4 1 0 247 20 179 1 1 1 1 115 22 2 439 0 2 3 9 0 0 0 67 5 22 0 0 0 0 24 6 0 249 0 0 1 10 0 0 0 0 0 0 0 0 0 0 0 0 0 0 0 0 0 11 0 0 0 0 0 0 0 0 0 0 0 0 0 0 0 0 0 12 0 0 0 55 4 35 0 0 0 1 32 8 0 53 0 0 1 13 0 0 0 18 0 0 0 0 0 0 14 2 0 3 0 0 0 14 0 0 0"
"nzl","New Zealand Warriors","Charnze Nicoll-Klokstad","Fullback","1","player_specific_contract_candidate","ntnews.com.au","false","false","false","contract_or_salary_language","bing-news-rss","Wed, 24 Jul 2019 12:59:00 GMT","Canberra to lock Charnze Nicoll-Klokstad in with contract extension","https://www.ntnews.com.au/sport/canberra-to-lock-charnze-nicollklokstad-in-with-contract-extension/news-story/2d46101437fb29341b0a6f116cb1fbdc","The Daily Telegraph can reveal Raiders officials will meet with the flyer's agent in New Zealand next week to kickstart negotiations. The Raiders play the Warriors at Mt Smart Stadium next Friday and ..."
"nzl","New Zealand Warriors","Charnze Nicoll-Klokstad","Fullback","2","player_specific_profile_candidate","ntnews.com.au","false","false","false","","bing-news-rss","Thu, 04 Jun 2026 23:25:00 GMT","Charnze Nicoll-Klokstad's cut-priced 'Whisperer' driving rapid NRL rise","https://www.ntnews.com.au/sport/charnze-nicollklokstads-cutpriced-whisperer-driving-rapid-nrl-rise/news-story/9629f018165f211105951fdb953b6ba6","In a year where 'Whisperers' have continuously been in the headlines — most notably Joe Wehbe and Bradley Charles Stubbs — it now appears McFadden, the largely anonymous Raiders assistant coach, could ..."
"nzl","New Zealand Warriors","Charnze Nicoll-Klokstad","Fullback","3","player_specific_contract_candidate","zerotackle.com","false","false","true","contract_or_signing_language|contract_table","zerotackle-direct-player-profile","","Charnze Nicoll-Klokstad (New Zealand Warriors) - NRL Stats, News, Contract &amp; Player Profile - Zero Tackle","https://www.zerotackle.com/players/charnze-nicoll-klokstad/","Player Contracts Player Contracts Team 2026 2027 2028 2029 2030 New Zealand Warriors ✔ ✔ Stats 2026 Stats Round Opp P T G MINS AR ARM LB LBA TA OL TK MT TB KM 40/20 PE ER TOTALS 9 32 8 0 660 126 1134 9 2 2 5 105 16 20 19 0 1 6 1 4 1 0 80 17 144 1 0 0 0 7 2 7 0 0 0 1 2 0 0 0 67 9 89 0 0 0 0 21 2 3 0 0 0 0 4 8 2 0 80 9 74 2 0 0 0 13 5 4 2 0 0 1 5 0 0 0 73 12 102 0 2 2 1 18 3 0 0 0 0 2 7 0 0 0 80 18 155 0 0 0 0 10 1 1 0"
"nzl","New Zealand Warriors","Dallin Watene-Zelezniak","Winger","1","player_specific_contract_candidate","dailytelegraph.com.au","false","false","false","contract_or_salary_language|term_length_language","bing-news-rss","Sun, 21 Jun 2026 06:39:00 GMT","Dallin Watene-Zelezniak to sign Warriors extension","https://www.dailytelegraph.com.au/sport/nrl/dallin-watenezelezniak-to-sign-warriors-extension/news-story/02106a40d047e5eb76f62519ab0174eb","Ahead of Sunday's clash with the Cowboys in Christchurch, the 30-year-old is preparing to take his career at the Warriors to a seventh season by signing a new 12-month contract. A cult figure among ..."
"nzl","New Zealand Warriors","Dallin Watene-Zelezniak","Winger","2","player_specific_contract_candidate","rnz.co.nz","false","false","false","contract_or_salary_language|term_language","bing-news-rss","Sun, 05 Jul 2026 23:51:00 GMT","NZ Warriors star Dallin Watene-Zelezniak extends contract through 2028","https://www.rnz.co.nz/news/sport/680770/nz-warriors-star-dallin-watene-zelezniak-extends-contract-through-2028","NZ Warriors coach Andrew Webster has seen his wish granted, with tryscoring wing Dallin Watene-Zelezniak locked into a contract extension that will see him stay at Mt Smart until the end of 2028."
"nzl","New Zealand Warriors","Dallin Watene-Zelezniak","Winger","3","player_specific_contract_candidate","ntnews.com.au","false","false","false","contract_or_salary_language|term_length_language","bing-news-rss","Sun, 21 Jun 2026 06:39:00 GMT","Dallin Watene-Zelezniak to sign Warriors extension","https://www.ntnews.com.au/sport/nrl/dallin-watenezelezniak-to-sign-warriors-extension/news-story/02106a40d047e5eb76f62519ab0174eb","Ahead of Sunday's clash with the Cowboys in Christchurch, the 30-year-old is preparing to take his career at the Warriors to a seventh season by signing a new 12-month contract. A cult figure among ..."
"nzl","New Zealand Warriors","Dallin Watene-Zelezniak","Winger","4","player_specific_contract_candidate","au.sports.yahoo.com","false","false","false","contract_or_salary_language|term_length_language","bing-news-rss","Sat, 20 Jun 2026 17:00:00 GMT","Whispers of extension for Warriors winger","https://au.sports.yahoo.com/whispers-extension-warriors-winger-044659320.html","Dallin Watene-Zelezniak is set to extend his stay at the Warriors, with the veteran winger poised to sign a one-year contract extension that would take him into a seventh season at the club. Since ..."
"nzl","New Zealand Warriors","Dallin Watene-Zelezniak","Winger","5","player_specific_contract_candidate","thechronicle.com.au","false","false","false","contract_or_salary_language|term_length_language","bing-news-rss","Sun, 21 Jun 2026 06:39:00 GMT","Dallin Watene-Zelezniak to sign Warriors extension","https://www.thechronicle.com.au/sport/nrl/dallin-watenezelezniak-to-sign-warriors-extension/news-story/02106a40d047e5eb76f62519ab0174eb","Ahead of Sunday's clash with the Cowboys in Christchurch, the 30-year-old is preparing to take his career at the Warriors to a seventh season by signing a new 12-month contract. A cult figure among ..."
"nzl","New Zealand Warriors","Dallin Watene-Zelezniak","Winger","6","player_specific_contract_candidate","au.sports.yahoo.com","false","false","false","contract_or_salary_language","bing-news-rss","Sun, 05 Jul 2026 23:14:00 GMT","Warriors re-sign prolific try-scoring winger","https://au.sports.yahoo.com/warriors-sign-prolific-try-scoring-061456326.html","The New Zealand Warriors have confirmed Dallin Watene-Zelezniak will remain in Auckland until at least the end of the 2028 NRL season. The Kiwi international's new extension will mark an eight-year ..."
"nzl","New Zealand Warriors","Dallin Watene-Zelezniak","Winger","7","player_specific_contract_candidate","zerotackle.com","false","false","true","contract_or_signing_language|contract_table","zerotackle-direct-player-profile","","Dallin Watene-Zelezniak (New Zealand Warriors) - NRL Stats, News, Contract &amp; Player Profile - Zero Tackle","https://www.zerotackle.com/players/dallin-watene-zelezniak/","Player Contracts Player Contracts Team 2026 2027 2028 2029 2030 New Zealand Warriors ✔ ✔ ✔ Stats 2026 Stats Round Opp P T G MINS AR ARM LB LBA TA OL TK MT TB KM 40/20 PE ER TOTALS 15 64 16 0 1176 224 2078 12 0 0 15 64 13 33 0 0 3 22 1 0 0 0 80 11 79 0 0 0 0 4 1 5 0 0 0 1 2 8 2 0 80 12 107 1 0 0 0 6 0 4 0 0 0 2 3 0 0 0 80 14 114 0 0 0 2 7 1 3 0 0 1 2 4 0 0 0 80 13 116 0 0 0 1 4 2 3 0 0 0 3 5 12 3 0 80 14 188 2 0 0 1 4"
"nzl","New Zealand Warriors","Rocco Berry","Centre","1","player_specific_contract_candidate","zerotackle.com","false","false","true","contract_or_signing_language|contract_table","zerotackle-direct-player-profile","","Rocco Berry (New Zealand Warriors) - NRL Stats, News, Contract &amp; Player Profile - Zero Tackle","https://www.zerotackle.com/players/rocco-berry/","Player Contracts Player Contracts Team 2026 2027 2028 2029 2030 New Zealand Warriors ✔ Stats Latest NRL News Warriors confirm injury update for Fisher-Harris, Halasima, Berry Leo Twemlow - July 1, 2026 Roger Tuivasa-Sheck Shoulder blow for Tuivasa-Sheck, but seven to return after bye for... Scott Pryde - May 5, 2026 Latest NRL News Warriors CEO urges NRL to make key move amid expansion debates Magdalena Murdoch - Apr"
"nzl","New Zealand Warriors","Adam Pompey","Centre","1","player_specific_contract_candidate","zerotackle.com","false","false","true","contract_or_signing_language|contract_table","zerotackle-direct-player-profile","","Adam Pompey (New Zealand Warriors) - NRL Stats, News, Contract &amp; Player Profile - Zero Tackle","https://www.zerotackle.com/players/adam-pompey/","Player Contracts Player Contracts Team 2026 2027 2028 2029 2030 New Zealand Warriors ✔ ✔ Stats 2026 Stats Round Opp P T G MINS AR ARM LB LBA TA OL TK MT TB KM 40/20 PE ER TOTALS 11 38 2 15 870 148 1227 2 7 4 8 132 27 18 18 0 2 10 1 4 1 0 80 14 144 0 1 0 2 11 6 5 0 0 0 1 2 0 0 0 80 9 74 0 0 0 0 14 2 1 0 0 0 0 4 0 0 0 70 7 45 0 0 0 0 13 2 0 0 0 1 0 5 0 0 0 80 9 65 0 0 0 1 9 3 1 0 0 0 0 9 0 0 0 80 12 104 0 0 0 0 11 1 1 "
"nzl","New Zealand Warriors","Roger Tuivasa-Sheck","Winger","1","player_specific_contract_candidate","abc.net.au","false","false","false","contract_or_salary_language|signing_language|term_length_language","bing-news-rss","Fri, 27 Mar 2026 09:51:00 GMT","Roger Tuivasa-Sheck signs for English club Wakefield Trinity, to leave Warriors at end of NRL season","https://www.abc.net.au/news/2026-03-28/roger-tuivasa-sheck-signs-for-english-club-wakefield-trinity/106506466","Former Dally M medal winner Roger Tuivasa-Sheck will leave the New Zealand Warriors at the end of the season. The Kiwi international has signed a two-year deal to play for Wakefield Trinity in the ..."
"nzl","New Zealand Warriors","Roger Tuivasa-Sheck","Winger","2","player_specific_contract_candidate","theaustralian.com.au","false","false","false","signing_language","bing-news-rss","Mon, 25 May 2026 17:26:00 GMT","'ACL confirmed': Roger Tuivasa-Sheck's NRL career is over after devastating knee injury confirmed","https://www.theaustralian.com.au/news/latest-news/acl-confirmed-roger-tuivasashecks-nrl-career-is-over-after-devastating-knee-injury-confirmed/news-story/e8a505b13b0c17fcdf6c6c5c43feae90","Tuivasa-Sheck, 32, will leave the Warriors at the end of the year to join Super League side Wakefield Trinity for the next two seasons. It's a brutal way for his NRL career to end, with Tuivasa-Sheck ..."
"nzl","New Zealand Warriors","Roger Tuivasa-Sheck","Winger","3","player_specific_contract_candidate","dailytelegraph.com.au","false","false","false","signing_language","bing-news-rss","Mon, 25 May 2026 17:29:00 GMT","'ACL confirmed': Roger Tuivasa-Sheck's NRL career is over after devastating knee injury confirmed","https://www.dailytelegraph.com.au/sport/nrl/acl-confirmed-roger-tuivasashecks-nrl-career-is-over-after-devastating-knee-injury-confirmed/news-story/e8a505b13b0c17fcdf6c6c5c43feae90","Tuivasa-Sheck, 32, will leave the Warriors at the end of the year to join Super League side Wakefield Trinity for the next two seasons. It's a brutal way for his NRL career to end, with Tuivasa-Sheck ..."
"nzl","New Zealand Warriors","Roger Tuivasa-Sheck","Winger","4","player_specific_contract_candidate","heraldsun.com.au","false","false","false","term_language","bing-news-rss","Tue, 27 Feb 2018 09:01:00 GMT","Warriors captain Roger Tuivasa-Sheck re-signs with New Zealand until 2022","https://www.heraldsun.com.au/sport/nrl/teams/warriors/warriors-captain-roger-tuivasasheck-resigns-with-new-zealand-until-2022/news-story/1398fbd52b53170cc3bd246a49c30d26","The Warriors announced the move at their season launch on Tuesday. ""I'm excited knowing my future will be with the Vodafone Warriors for another four years after this season,"" said Tuivasa-Sheck."
"nzl","New Zealand Warriors","Roger Tuivasa-Sheck","Winger","5","player_specific_profile_candidate","foxsports.com.au","false","false","false","","bing-news-rss","Sun, 24 May 2026 17:00:00 GMT","BREAKING: Warriors confirm Roger Tuivasa-Sheck ACL fears as legend's NRL career over","https://www.foxsports.com.au/nrl/nrl-premiership/nrl-2026-fears-roger-tuivasasheck-has-suffered-torn-acl-update-career-over-warriors/news-story/de699aeb7d2bd403090e39849b0e1a0e","WHAT'S GAMBLING REALLY COSTING YOU? Set a deposit limit. For Free and confidential support call 1800 858 858 or visit gamblinghelponline.org.au. ""That's my footy for the year. ACL confirmed. Tough to ..."
"nzl","New Zealand Warriors","Roger Tuivasa-Sheck","Winger","6","player_specific_profile_candidate","au.sports.yahoo.com","false","false","false","","bing-news-rss","Sun, 24 May 2026 17:00:00 GMT","Has Roger Tuivasa-Sheck played his last NRL game?","https://au.sports.yahoo.com/roger-tuivasa-sheck-played-last-011527641.html","There are major fears Roger Tuivasa-Sheck has played his last game in the NRL following the New Zealand Warriors star hobbling off the field at Kogarah on Saturday night. The New Zealand Warriors went ..."
"nzl","New Zealand Warriors","Roger Tuivasa-Sheck","Winger","7","player_specific_profile_candidate","ntnews.com.au","false","false","false","","bing-news-rss","Wed, 12 Aug 2020 09:18:00 GMT","Roger Tuivasa-Sheck considering code switch as angst grows among New Zealand Warriors players","https://www.ntnews.com.au/sport/nrl/roger-tuivasasheck-considering-shock-code-switch-as-angst-grows-among-new-zealand-warriors-players/news-story/d597e2cdce61111073fc2a91d6ba805b","Skipper Roger Tuivasa-Sheck is considering a shock code switch and he isn't the only Warriors player thinking about exiting the embattled club. Super Rugby side Auckland Blues have reached out to ..."
"nzl","New Zealand Warriors","Roger Tuivasa-Sheck","Winger","8","player_specific_profile_candidate","abc.net.au","false","false","false","","bing-news-rss","Mon, 25 May 2026 17:00:00 GMT","Roger Tuivasa-Sheck to miss rest of 2026 NRL season after ACL injury","https://www.abc.net.au/news/2026-05-26/roger-tuivasa-sheck-to-miss-rest-of-2026-nrl-season-acl-injury/106722022","Roger Tuivasa-Sheck has announced he will miss the rest of the NRL season after injuring his ACL last weekend. Tuivasa-Sheck, 32, limped off in the Warriors' round 12 win over the St George Illawarra ..."
"nzl","New Zealand Warriors","Roger Tuivasa-Sheck","Winger","9","player_specific_profile_candidate","au.sports.yahoo.com","false","false","false","","bing-news-rss","Fri, 29 May 2026 16:59:00 GMT","Where does Roger Tuivasa-Sheck sit among the all-time NRL backline greats?","https://au.sports.yahoo.com/where-does-roger-tuivasa-sheck-224738920.html","Unfortunate news dropped during the week as it was confirmed that Roger Tuivasa-Sheck has suffered an ACL injury. It brings to an end an NRL career that spanned over 13 seasons (across 15 years), 242 ..."
"nzl","New Zealand Warriors","Roger Tuivasa-Sheck","Winger","10","player_specific_contract_candidate","zerotackle.com","false","false","true","contract_or_signing_language|contract_table","zerotackle-direct-player-profile","","Roger Tuivasa-Sheck (New Zealand Warriors) - NRL Stats, News, Contract &amp; Player Profile - Zero Tackle","https://www.zerotackle.com/players/roger-tuivasa-sheck/","Player Contracts Player Contracts Team 2026 2027 2028 2029 2030 New Zealand Warriors $650K Wakefield Trinity ✔ ✔ Stats 2026 Stats Round Opp P T G MINS AR ARM LB LBA TA OL TK MT TB KM 40/20 PE ER TOTALS 10 10 2 1 731 154 1523 5 4 5 3 64 14 23 59 0 1 12 1 0 0 0 80 16 167 2 1 2 1 9 3 0 31 0 0 1 2 2 0 1 80 22 210 0 0 0 0 1 0 0 0 0 0 2 3 0 0 0 80 19 182 0 0 0 0 3 0 3 0 0 0 0 4 0 0 0 80 16 168 0 0 0 0 5 0 0 0 0 0 1 5 0 0 0"
"nzl","New Zealand Warriors","Luke Metcalf","Five-Eighth","1","player_specific_salary_candidate","dailytelegraph.com.au","false","false","false","money|contract_or_salary_language|signing_language|term_length_language","bing-news-rss","Thu, 14 May 2026 11:45:00 GMT","Luke Metcalf agrees to join St George Illawarra Dragons on three-year deal","https://www.dailytelegraph.com.au/sport/dragons-in-box-seat-to-sign-luke-metcalf-as-canterbury-pulls-out/news-story/40c8d2814940c3fe3ea1ea9da6178d64","It is understood Metcalf has agreed to a three-year contract worth about $900,000 a season as the Dragons look to fast-trick their rise from the bottom of the premiership ladder. Metcalf flew to ..."
"nzl","New Zealand Warriors","Luke Metcalf","Five-Eighth","2","player_specific_salary_candidate","foxsports.com.au","false","false","false","money","bing-news-rss","Thu, 14 May 2026 12:22:00 GMT","Dragons confirm 'significant' $2.7m coup as Luke Metcalf signs on","https://www.foxsports.com.au/nrl/nrl-premiership/nrl-2026-luke-metcalf-signs-threeyear-deal-with-dragons-contract-details-pay-warriors/news-story/5221c4895130a16c0378b74f3833af16","WHAT'S GAMBLING REALLY COSTING YOU? Set a deposit limit. For Free and confidential support call 1800 858 858 or visit gamblinghelponline.org.au. Metcalf had been given permission by the Warriors to ..."
"nzl","New Zealand Warriors","Luke Metcalf","Five-Eighth","3","player_specific_contract_candidate","couriermail.com.au","false","false","false","contract_or_salary_language|signing_language|term_length_language","bing-news-rss","Thu, 14 May 2026 11:45:00 GMT","Luke Metcalf agrees to join St George Illawarra Dragons on three-year deal","https://www.couriermail.com.au/sport/dragons-in-box-seat-to-sign-luke-metcalf-as-canterbury-pulls-out/news-story/40c8d2814940c3fe3ea1ea9da6178d64","St George Illawarra are set to secure their second key spine member in as many months with star Warriors playmaker Luke Metcalf agreeing to a long-term deal. It is understood Metcalf has agreed to a ..."
"nzl","New Zealand Warriors","Luke Metcalf","Five-Eighth","4","player_specific_contract_candidate","news.com.au","false","false","false","signing_language","bing-news-rss","Mon, 11 May 2026 20:42:00 GMT","New Zealand Warriors' frosty response as Luke Metcalf seeks exit","https://www.news.com.au/sport/nrl/nrl-bombshell-as-new-zealand-warriors-star-luke-metcalf-seeks-exit/news-story/1bb2726ed79d4409d38ee52948572b89","Watch every game of every round of the Premiership Season LIVE with no ad-breaks during play on FOX LEAGUE, available on Kayo Sports | New to Kayo? Join now and get your first month for just $1. ""The ..."
"nzl","New Zealand Warriors","Luke Metcalf","Five-Eighth","5","player_specific_contract_candidate","ntnews.com.au","false","false","false","signing_language","bing-news-rss","Mon, 11 May 2026 20:42:00 GMT","New Zealand Warriors' frosty response as Luke Metcalf seeks exit","https://www.ntnews.com.au/sport/nrl/nrl-bombshell-as-new-zealand-warriors-star-luke-metcalf-seeks-exit/news-story/1bb2726ed79d4409d38ee52948572b89","Watch every game of every round of the Premiership Season LIVE with no ad-breaks during play on FOX LEAGUE, available on Kayo Sports | New to Kayo? Join now and get your first month for just $1. ""The ..."
"nzl","New Zealand Warriors","Luke Metcalf","Five-Eighth","6","player_specific_profile_candidate","theaustralian.com.au","false","false","false","","bing-news-rss","Tue, 05 May 2026 17:00:00 GMT","Luke Metcalf's management to seek clarity on star's role as halfback position uncertain","https://www.theaustralian.com.au/sport/nrl/luke-metcalfs-management-to-seek-clarity-on-stars-role-as-halfback-position-uncertain/news-story/be241f8b9c43c49b35f6b6951fdac326","Despite previously being regarded as the club's premier playmaker, Metcalf remains behind in-form Tanah Boyd as the Warriors sit second on the NRL premiership ladder. Those close to Metcalf claim he ..."
"nzl","New Zealand Warriors","Luke Metcalf","Five-Eighth","7","player_specific_profile_candidate","goldcoastbulletin.com.au","false","false","false","","bing-news-rss","Tue, 12 May 2026 09:53:00 GMT","Luke Metcalf appears destined for Warriors exit after major call following Tanah Boyd re-signing","https://www.goldcoastbulletin.com.au/sport/nrl/teams/warriors/tanah-boyd-commits-to-warriors-as-huge-new-deal-sparks-casts-doubt-on-luke-metcalfs-future/news-story/1d202d4ff6daf3c98ca9910632897286","Metcalf was been sensationally left out of the Warriors' entire 22-man squad for Sunday's NRL Magic Round clash with premiers Brisbane while he considers his future beyond this season. Warriors chief ..."
"nzl","New Zealand Warriors","Luke Metcalf","Five-Eighth","8","player_specific_profile_candidate","warriors.kiwi","true","false","false","","official-club-signings-topic","","Warriors Offical statement regarding Luke Metcalf's playing future","https://www.warriors.kiwi/news/2026/05/12/warriors-issue-statement-about-luke-metcalf/","RateLimitTriggeredError: Per IP rate limit exceeded"
"nzl","New Zealand Warriors","Luke Metcalf","Five-Eighth","9","player_specific_contract_candidate","zerotackle.com","false","false","true","contract_or_signing_language|contract_table","zerotackle-direct-player-profile","","Luke Metcalf (New Zealand Warriors) - NRL Stats, News, Contract &amp; Player Profile - Zero Tackle","https://www.zerotackle.com/players/luke-metcalf/","Player Contracts Player Contracts Team 2026 2027 2028 2029 2030 New Zealand Warriors ✔ St George Illawarra Dragons $900K $900K $900K Stats 2026 Stats Round Opp P T G MINS AR ARM LB LBA TA OL TK MT TB KM 40/20 PE ER TOTALS 6 0 0 0 155 15 146 0 0 0 0 35 5 1 234 0 0 2 4 0 0 0 80 6 62 0 0 0 0 15 5 1 200 0 0 2 5 0 0 0 75 9 84 0 0 0 0 20 0 0 34 0 0 0 9 0 0 0 0 0 0 0 0 0 0 0 0 0 0 0 0 0 16 0 0 0 0 0 0 0 0 0 0 0 0 0 0 0 0 0 "
"nzl","New Zealand Warriors","Tanah Boyd","Halfback","1","player_specific_contract_candidate","news.com.au","false","false","false","contract_or_salary_language|term_length_language","bing-news-rss","Fri, 22 May 2026 07:02:00 GMT","Injured halfback Tanah Boyd locked in to Warriors on new deal","https://www.news.com.au/sport/nrl/injured-halfback-tanah-boyd-locked-in-to-warriors-on-new-deal/news-story/57c2f12bef44f9eb9eacbd3406c35dd0","The three-year contract extension will keep the 25-year-old at the Warriors until the end of the 2029 NRL season. Boyd ruptured the anterior cruciate ligament (ACL) in his right knee in the opening ..."
"nzl","New Zealand Warriors","Tanah Boyd","Halfback","2","player_specific_contract_candidate","goldcoastbulletin.com.au","false","false","false","contract_or_salary_language|term_length_language","bing-news-rss","Fri, 22 May 2026 07:02:00 GMT","Injured halfback Tanah Boyd locked in to Warriors on new deal","https://www.goldcoastbulletin.com.au/sport/nrl/injured-halfback-tanah-boyd-locked-in-to-warriors-on-new-deal/news-story/57c2f12bef44f9eb9eacbd3406c35dd0","The three-year contract extension will keep the 25-year-old at the Warriors until the end of the 2029 NRL season. Boyd ruptured the anterior cruciate ligament (ACL) in his right knee in the opening ..."
"nzl","New Zealand Warriors","Tanah Boyd","Halfback","3","player_specific_profile_candidate","couriermail.com.au","false","false","false","","bing-news-rss","Tue, 12 May 2026 09:53:00 GMT","Luke Metcalf appears destined for Warriors exit after major call following Tanah Boyd re-signing","https://www.couriermail.com.au/sport/nrl/teams/warriors/tanah-boyd-commits-to-warriors-as-huge-new-deal-sparks-casts-doubt-on-luke-metcalfs-future/news-story/1d202d4ff6daf3c98ca9910632897286","Metcalf was been sensationally left out of the Warriors' entire 22-man squad for Sunday's NRL Magic Round clash with premiers Brisbane while he considers his future beyond this season. Warriors chief ..."
"nzl","New Zealand Warriors","Tanah Boyd","Halfback","4","player_specific_contract_candidate","warriors.kiwi","true","false","false","contract_or_signing_language|term_length_language","official-club-signings-topic","2026-07-06T06:58:00+00:00","Martin signs on for another season to extend stay","https://www.warriors.kiwi/news/2026/07/06/martin-extends-stay-until-end-of-2027-nrl-season/","Title: Martin signs on for another season to extend stay URL Source: https://www.warriors.kiwi/news/2026/07/06/martin-extends-stay-until-end-of-2027-nrl-season/ Published Time: 2026-07-06T06:58:00+00:00 Markdown Content: [Skip to main content](https://www.warriors.kiwi/news/2026/07/06/martin-extends-stay-until-end-of-2027-nrl-season/#main-content) ## Main [![Image 2: warriors logo](https://www.warriors.kiwi/.theme/warriors/badge-light.svg?bust=202607060241)![Image 3: warriors logo](https://www.warriors.kiwi/.theme/warriors/text.svg?bust=202607060241)](https://www.warriors.kiwi/) [](https://www.warriors.kiwi/search/) * [News](https://www.warriors.kiwi/news/) * [Watch](https://www.warriors.kiw"
"nzl","New Zealand Warriors","Tanah Boyd","Halfback","5","player_specific_contract_candidate","warriors.kiwi","true","false","false","contract_or_signing_language|term_language|term_length_language","official-club-signings-topic","2026-05-22T00:00:00+00:00","Boyd signs three-year extension to end of 2029 season","https://www.warriors.kiwi/news/2026/05/22/boyd-re-signed-until-end-of-2029-nrl-season/","Title: Boyd signs three-year extension to end of 2029 season URL Source: https://www.warriors.kiwi/news/2026/05/22/boyd-re-signed-until-end-of-2029-nrl-season/ Published Time: 2026-05-22T00:00:00+00:00 Markdown Content: [Skip to main content](https://www.warriors.kiwi/news/2026/05/22/boyd-re-signed-until-end-of-2029-nrl-season/#main-content) ## Main [![Image 3: warriors logo](https://www.warriors.kiwi/.theme/warriors/badge-light.svg?bust=202607060241)![Image 4: warriors logo](https://www.warriors.kiwi/.theme/warriors/text.svg?bust=202607060241)](https://www.warriors.kiwi/) [](https://www.warriors.kiwi/search/) * [News](https://www.warriors.kiwi/news/) * [Watch](https://www.warriors.kiwi/watc"
"nzl","New Zealand Warriors","Tanah Boyd","Halfback","6","player_specific_contract_candidate","zerotackle.com","false","false","true","contract_or_signing_language|contract_table","zerotackle-direct-player-profile","","Tanah Boyd (New Zealand Warriors) - NRL Stats, News, Contract &amp; Player Profile - Zero Tackle","https://www.zerotackle.com/players/tanah-boyd/","Player Contracts Player Contracts Team 2026 2027 2028 2029 2030 New Zealand Warriors ✔ ✔ ✔ ✔ Stats 2026 Stats Round Opp P T G MINS AR ARM LB LBA TA OL TK MT TB KM 40/20 PE ER TOTALS 10 92 3 40 726 80 640 3 9 10 2 178 32 13 4855 1 0 6 1 18 1 7 80 11 90 1 2 2 0 20 3 2 354 0 0 0 2 14 1 5 80 6 57 0 0 2 0 21 4 1 797 1 0 1 3 14 1 5 80 13 125 2 1 2 0 15 5 4 653 0 0 1 4 2 0 1 80 11 80 0 2 2 1 21 3 0 419 0 0 1 5 6 0 3 80 10 7"
"nzl","New Zealand Warriors","James Fisher-Harris","Prop","1","player_specific_contract_candidate","zerotackle.com","false","false","true","contract_or_signing_language|contract_table","zerotackle-direct-player-profile","","James Fisher-Harris (New Zealand Warriors) - NRL Stats, News, Contract &amp; Player Profile - Zero Tackle","https://www.zerotackle.com/players/james-fisher-harris/","Player Contracts Player Contracts Team 2026 2027 2028 2029 2030 New Zealand Warriors $950K $950K $950K Stats 2026 Stats Round Opp P T G MINS AR ARM LB LBA TA OL TK MT TB KM 40/20 PE ER TOTALS 13 8 2 0 701 219 1869 1 1 1 8 411 30 19 0 0 3 5 1 0 0 0 50 20 157 0 0 0 5 18 1 3 0 0 1 0 2 0 0 0 59 18 151 0 0 0 0 35 1 2 0 0 0 1 3 4 1 0 46 18 161 0 0 0 0 29 2 2 0 0 0 1 4 0 0 0 49 15 139 0 0 0 0 28 1 0 0 0 0 0 5 0 0 0 51 14 11"
"nzl","New Zealand Warriors","Wayde Egan","Hooker","1","player_specific_contract_candidate","zerotackle.com","false","false","true","contract_or_signing_language|contract_table","zerotackle-direct-player-profile","","Wayde Egan (New Zealand Warriors) - NRL Stats, News, Contract &amp; Player Profile - Zero Tackle","https://www.zerotackle.com/players/wayde-egan/","Player Contracts Player Contracts Team 2026 2027 2028 2029 2030 New Zealand Warriors $600K $600K Stats 2026 Stats Round Opp P T G MINS AR ARM LB LBA TA OL TK MT TB KM 40/20 PE ER TOTALS 16 8 2 0 964 81 758 5 9 8 9 493 36 6 2 0 4 4 1 0 0 0 61 8 68 0 0 0 1 24 2 0 0 0 0 0 2 0 0 0 65 2 22 0 0 0 0 30 1 0 0 0 0 0 3 0 0 0 69 5 50 0 2 1 0 25 0 0 2 0 0 0 4 0 0 0 61 2 19 0 0 0 1 31 2 0 0 0 0 0 5 0 0 0 68 11 94 1 0 0 3 40 1 1 0"
"nzl","New Zealand Warriors","Jackson Ford","Prop","1","player_specific_contract_candidate","zerotackle.com","false","false","true","contract_or_signing_language|contract_table","zerotackle-direct-player-profile","","Jackson Ford (New Zealand Warriors) - NRL Stats, News, Contract &amp; Player Profile - Zero Tackle","https://www.zerotackle.com/players/jackson-ford/","Player Contracts Player Contracts Team 2026 2027 2028 2029 2030 New Zealand Warriors ✔ ✔ Stats 2026 Stats Round Opp P T G MINS AR ARM LB LBA TA OL TK MT TB KM 40/20 PE ER TOTALS 14 18 4 1 990 244 2251 6 0 0 10 576 42 28 0 0 6 7 1 0 0 0 70 22 218 0 0 0 0 28 4 2 0 0 0 0 2 4 1 0 76 16 154 1 0 0 1 37 2 5 0 0 0 0 3 6 1 1 80 23 238 2 0 0 0 44 3 2 0 0 1 2 4 0 0 0 68 13 110 0 0 0 0 45 3 1 0 0 0 2 5 0 0 0 65 18 143 0 0 0 0 35"
"nzl","New Zealand Warriors","Kurt Capewell","2nd Row","1","player_specific_salary_candidate","ntnews.com.au","false","false","false","money","bing-news-rss","Wed, 14 Apr 2021 09:04:00 GMT","Panthers and Maroons forward linked with $450k move to Broncos","https://www.ntnews.com.au/sport/nrl/nrl-2021-kurt-capewell-future-brisbane-broncos-penrith-panthers-contract/news-story/3d044a604eb62b04e1b5caec7e9e777a","In form Penrith Panthers back-rower Kurt Capewell has been linked with a move to the Brisbane Broncos ahead of the 2022 NRL season. The Courier Mail reported the Queensland Origin star has been in ..."
"nzl","New Zealand Warriors","Kurt Capewell","2nd Row","2","player_specific_contract_candidate","rnz.co.nz","false","false","false","contract_or_salary_language","bing-news-rss","Tue, 07 Jul 2026 20:03:00 GMT","Warriors turn attention to retaining Origin star Kurt Capewell","https://www.rnz.co.nz/news/sport/686527/warriors-turn-attention-to-retaining-origin-star-kurt-capewell","NZ Warriors coach Andrew Webster seems quietly confident of retaining Origin star Kurt Capewell beyond the end of his contract this season. The Auckland-based NRL club has already had a great week on ..."
"nzl","New Zealand Warriors","Kurt Capewell","2nd Row","3","player_specific_contract_candidate","zerotackle.com","false","false","true","contract_or_signing_language|contract_table","zerotackle-direct-player-profile","","Kurt Capewell (New Zealand Warriors) - NRL Stats, News, Contract &amp; Player Profile - Zero Tackle","https://www.zerotackle.com/players/kurt-capewell/","Player Contracts Player Contracts Team 2026 2027 2028 2029 2030 New Zealand Warriors $600K Stats 2026 Stats Round Opp P T G MINS AR ARM LB LBA TA OL TK MT TB KM 40/20 PE ER TOTALS 9 8 2 0 642 90 734 2 1 1 6 263 40 8 0 0 4 4 1 4 1 0 80 11 98 1 0 1 2 25 5 1 0 0 2 0 7 0 0 0 66 7 74 0 0 0 1 26 1 1 0 0 0 0 8 0 0 0 76 9 84 0 0 0 0 33 3 1 0 0 0 0 9 0 0 0 80 9 103 0 1 0 0 29 6 0 0 0 0 0 11 4 1 0 80 10 60 0 0 0 0 27 7 1 0 0 1"
"nzl","New Zealand Warriors","Leka Halasima","2nd Row","1","player_specific_contract_candidate","zerotackle.com","false","false","true","contract_or_signing_language|contract_table","zerotackle-direct-player-profile","","Leka Halasima (New Zealand Warriors) - NRL Stats, News, Contract &amp; Player Profile - Zero Tackle","https://www.zerotackle.com/players/leka-halasima/","Player Contracts Player Contracts Team 2026 2027 2028 2029 2030 New Zealand Warriors ✔ ✔ ✔ ✔ Stats 2026 Stats Round Opp P T G MINS AR ARM LB LBA TA OL TK MT TB KM 40/20 PE ER TOTALS 13 20 5 0 856 116 1020 4 0 0 3 279 39 37 0 0 10 13 1 4 1 0 35 6 21 0 0 0 1 8 2 3 0 0 0 1 2 8 2 0 80 14 117 1 0 0 0 35 2 6 0 0 1 1 3 4 1 0 80 12 121 1 0 0 0 12 2 2 0 0 0 0 4 0 0 0 66 8 66 0 0 0 0 22 6 1 0 0 1 0 5 0 0 0 80 11 94 0 0 0 1 34 "
"nzl","New Zealand Warriors","Mitch Barnett","Lock","1","player_specific_contract_candidate","rnz.co.nz","false","false","false","contract_or_salary_language|term_length_language","bing-news-rss","Thu, 16 Apr 2026 14:18:00 GMT","NRL: NZ Warriors sign Grant Anderson in Brisbane Broncos exchange for Mitch Barnett","https://www.rnz.co.nz/news/sport/592595/nrl-nz-warriors-sign-grant-anderson-in-brisbane-broncos-exchange-for-mitch-barnett","NZ Warriors have completed a rumoured player exchange with Brisbane Broncos, receiving outside back Grant Anderson on a three-year contract from next season. The deal compensates the Auckland NRL club ..."
"nzl","New Zealand Warriors","Mitch Barnett","Lock","2","player_specific_contract_candidate","au.news.yahoo.com","false","false","false","signing_language","bing-news-rss","Thu, 16 Apr 2026 09:15:00 GMT","Broncos star on cusp of re-signing after teammate sent to Warriors in Mitch Barnett swap","https://au.news.yahoo.com/broncos-star-on-cusp-of-re-signing-after-teammate-sent-to-warriors-in-mitch-barnett-swap-231619119.html","Mitch Barnett has finally secured his widely publicised move to the Broncos after the Warriors landed outside back Grant Anderson in return. Former Storm star Anderson has agreed to cut his stay in ..."
"nzl","New Zealand Warriors","Chanel Tevita-Harris","Interchange","1","player_specific_contract_candidate","zerotackle.com","false","false","true","contract_or_signing_language|contract_table","zerotackle-direct-player-profile","","Chanel Harris-Tavita (New Zealand Warriors) - NRL Stats, News, Contract &amp; Player Profile - Zero Tackle","https://www.zerotackle.com/players/chanel-harris-tavita/","Player Contracts Player Contracts Team 2026 2027 2028 2029 2030 New Zealand Warriors ✔ ✔ Stats 2026 Stats Round Opp P T G MINS AR ARM LB LBA TA OL TK MT TB KM 40/20 PE ER TOTALS 15 28 3 8 957 65 526 2 10 10 4 187 28 12 3358 0 2 9 1 8 2 0 80 6 57 1 2 1 0 14 4 1 142 0 0 0 2 0 0 0 9 0 0 0 0 0 0 1 1 0 42 0 0 0 4 0 0 0 0 0 0 0 0 0 0 0 0 0 0 0 0 0 5 0 0 0 0 0 0 0 0 0 0 0 0 0 0 0 0 0 6 0 0 0 74 10 45 0 1 1 1 15 0 3 138 0 0 "
"nzl","New Zealand Warriors","Erin Clark","Interchange","1","player_specific_contract_candidate","zerotackle.com","false","false","true","contract_or_signing_language|contract_table","zerotackle-direct-player-profile","","Erin Clark (New Zealand Warriors) - NRL Stats, News, Contract &amp; Player Profile - Zero Tackle","https://www.zerotackle.com/players/erin-clark/","Player Contracts Player Contracts Team 2026 2027 2028 2029 2030 New Zealand Warriors ✔ ✔ ✔ ✔ Stats 2026 Stats Round Opp P T G MINS AR ARM LB LBA TA OL TK MT TB KM 40/20 PE ER TOTALS 16 16 4 0 859 236 2167 5 4 4 17 457 14 25 1 0 5 5 1 0 0 0 53 17 128 0 0 0 2 21 1 1 0 0 1 1 2 0 0 0 50 12 114 0 1 2 1 24 0 1 0 0 0 0 3 4 1 0 55 15 138 1 1 0 2 23 1 1 0 0 0 0 4 0 0 0 59 12 95 0 0 0 1 29 3 0 0 0 0 1 5 4 1 0 50 15 121 0 0 0 4"
"nzl","New Zealand Warriors","Morgan Gannon","Interchange","1","player_specific_contract_candidate","couriermail.com.au","false","false","false","contract_or_salary_language|term_length_language","bing-news-rss","Thu, 11 Jun 2026 12:27:00 GMT","Warriors grant Morgan Gannon early release with international gun returning to UK","https://www.couriermail.com.au/sport/nrl/warriors-grant-morgan-gannon-early-release-with-international-gun-returning-to-uk/news-story/330a6affb7e5a6f8f44363de2963c52e","English forward Morgan Gannon will depart the Warriors at the end of this season just 12-months into a three-year deal due to personal reasons. The Warriors have granted Gannon the unfortunate release ..."
"nzl","New Zealand Warriors","Morgan Gannon","Interchange","2","player_specific_contract_candidate","dailytelegraph.com.au","false","false","false","contract_or_salary_language","bing-news-rss","Thu, 11 Jun 2026 12:27:00 GMT","Warriors grant Morgan Gannon early release with international gun returning to UK","https://www.dailytelegraph.com.au/sport/nrl/warriors-grant-morgan-gannon-early-release-with-international-gun-returning-to-uk/news-story/330a6affb7e5a6f8f44363de2963c52e","The Warriors have granted Gannon the unfortunate release despite holding high hopes for the powerful back rower. Gannon's release will free-up significant salary cap space for the Warriors, who also ..."
"nzl","New Zealand Warriors","Morgan Gannon","Interchange","3","player_specific_contract_candidate","themercury.com.au","false","false","false","contract_or_salary_language","bing-news-rss","Wed, 10 Jun 2026 17:00:00 GMT","Warriors grant Morgan Gannon early release with international gun returning to UK","https://www.themercury.com.au/sport/nrl/warriors-grant-morgan-gannon-early-release-with-international-gun-returning-to-uk/news-story/330a6affb7e5a6f8f44363de2963c52e","The Warriors have granted Gannon the unfortunate release despite holding high hopes for the powerful back rower. Gannon's release will free-up significant salary cap space for the Warriors, who also ..."
"nzl","New Zealand Warriors","Morgan Gannon","Interchange","4","player_specific_contract_candidate","thechronicle.com.au","false","false","false","contract_or_salary_language","bing-news-rss","Thu, 11 Jun 2026 12:27:00 GMT","Warriors grant Morgan Gannon early release with international gun returning to UK","https://www.thechronicle.com.au/sport/nrl/warriors-grant-morgan-gannon-early-release-with-international-gun-returning-to-uk/news-story/330a6affb7e5a6f8f44363de2963c52e","The Warriors have granted Gannon the unfortunate release despite holding high hopes for the powerful back rower. Gannon's release will free-up significant salary cap space for the Warriors, who also ..."
"nzl","New Zealand Warriors","Morgan Gannon","Interchange","5","player_specific_contract_candidate","zerotackle.com","false","false","true","contract_or_signing_language|contract_table","zerotackle-direct-player-profile","","Morgan Gannon (New Zealand Warriors) - NRL Stats, News, Contract &amp; Player Profile - Zero Tackle","https://www.zerotackle.com/players/morgan-gannon/","Player Contracts Player Contracts Team 2026 2027 2028 2029 2030 New Zealand Warriors ✔ Stats 2026 Stats Round Opp P T G MINS AR ARM LB LBA TA OL TK MT TB KM 40/20 PE ER TOTALS 3 0 0 0 5 0 0 0 0 0 0 4 2 0 0 0 0 0 1 0 0 0 0 0 0 0 0 0 0 0 0 0 0 0 0 0 2 0 0 0 0 0 0 0 0 0 0 0 0 0 0 0 0 0 3 0 0 0 5 0 0 0 0 0 0 4 2 0 0 0 0 0 Latest NRL News Warriors confirm recruit will leave club in early exit Leo Twemlow - June 10, 2026 R"
"nzl","New Zealand Warriors","Marata Niukore","Interchange","1","player_specific_contract_candidate","theaustralian.com.au","false","false","false","contract_or_salary_language|term_length_language","bing-news-rss","Fri, 13 Mar 2026 17:01:00 GMT","NRL transfer news: Warriors set to lose Marata Niukore to Knights","https://www.theaustralian.com.au/sport/nrl/nrl-transfer-news-wests-tigers-set-to-extend-star-halfback-adam-doueihi/news-story/ad054a531ffbfae7c6662caf6863db4f","Just days after Warriors representative prop Mitchell Barnett inked a three-year deal with the Broncos for 2027, Niukore, 29, is in the final stages of inking a deal under Justin Holbrook at the ..."
"nzl","New Zealand Warriors","Marata Niukore","Interchange","2","player_specific_contract_candidate","couriermail.com.au","false","false","false","contract_or_salary_language","bing-news-rss","Sat, 14 Mar 2026 05:58:00 GMT","NRL transfer news: Warriors set to lose Marata Niukore to Knights","https://www.couriermail.com.au/sport/nrl/nrl-transfer-news-wests-tigers-set-to-extend-star-halfback-adam-doueihi/news-story/ad054a531ffbfae7c6662caf6863db4f","Still reeling from the loss of Mitch Barnett, the Warriors are preparing to lose another major cog in their forward pack, with a star in the final stages of inking a deal with a rival club. Just days ..."
"nzl","New Zealand Warriors","Marata Niukore","Interchange","3","player_specific_contract_candidate","zerotackle.com","false","false","true","contract_or_signing_language|contract_table","zerotackle-direct-player-profile","","Marata Niukore (New Zealand Warriors) - NRL Stats, News, Contract &amp; Player Profile - Zero Tackle","https://www.zerotackle.com/players/marata-niukore/","Player Contracts Player Contracts Team 2026 2027 2028 2029 2030 New Zealand Warriors $775K Newcastle Knights ✔ ✔ ✔ Stats 2026 Stats Round Opp P T G MINS AR ARM LB LBA TA OL TK MT TB KM 40/20 PE ER TOTALS 10 4 1 0 357 54 418 1 1 1 0 170 13 4 0 0 2 0 3 0 0 0 61 13 95 0 0 0 0 30 0 1 0 0 0 0 4 0 0 0 34 4 33 0 0 0 0 17 0 0 0 0 0 0 5 0 0 0 46 3 23 0 0 0 0 22 4 1 0 0 0 0 6 4 1 0 34 7 46 1 1 1 0 16 2 2 0 0 1 0 7 0 0 0 0 0 0 "
"nzl","New Zealand Warriors","Jacob Laban","Unknown","1","player_specific_contract_candidate","zerotackle.com","false","false","true","contract_or_signing_language|contract_table","zerotackle-direct-player-profile","","Jacob Laban (New Zealand Warriors) - NRL Stats, News, Contract &amp; Player Profile - Zero Tackle","https://www.zerotackle.com/players/jacob-laban/","Player Contracts Player Contracts Team 2026 2027 2028 2029 2030 New Zealand Warriors ✔ ✔ ✔ ✔ Stats 2026 Stats Round Opp P T G MINS AR ARM LB LBA TA OL TK MT TB KM 40/20 PE ER TOTALS 16 12 3 0 843 125 1070 5 0 1 3 405 47 22 0 0 4 11 1 0 0 0 46 6 39 0 0 0 1 17 5 0 0 0 0 1 2 0 0 0 65 10 88 0 0 0 0 37 5 1 0 0 1 0 3 0 0 0 63 11 92 0 0 0 1 20 1 2 0 0 0 0 4 4 1 0 46 13 112 1 0 0 0 26 5 3 0 0 0 1 5 0 0 0 41 4 25 0 0 0 0 13 1"
"nzl","New Zealand Warriors","Alofiana Khan-Pereira","Unknown","1","player_specific_contract_candidate","zerotackle.com","false","false","true","contract_or_signing_language|contract_table","zerotackle-direct-player-profile","","Alofiana Khan-Pereira (New Zealand Warriors) - NRL Stats, News, Contract &amp; Player Profile - Zero Tackle","https://www.zerotackle.com/players/alofiana-khan-pereira/","Player Contracts Player Contracts Team 2026 2027 2028 2029 2030 New Zealand Warriors ✔ ✔ ✔ Stats 2026 Stats Round Opp P T G MINS AR ARM LB LBA TA OL TK MT TB KM 40/20 PE ER TOTALS 10 44 11 0 671 118 1097 12 2 0 1 42 11 29 0 0 3 9 3 0 0 0 0 0 0 0 0 0 0 0 0 0 0 0 0 0 6 0 0 0 80 12 114 0 0 0 0 6 2 4 0 0 0 1 7 8 2 0 80 12 105 3 0 0 0 6 1 5 0 0 0 2 8 8 2 0 80 16 119 2 0 0 0 7 2 3 0 0 0 0 9 8 2 0 80 11 168 2 0 0 1 3 2 4 0 "
"nzl","New Zealand Warriors","Ali Leiataua","Unknown","1","player_specific_contract_candidate","zerotackle.com","false","false","true","contract_or_signing_language|contract_table","zerotackle-direct-player-profile","","Ali Leiataua (New Zealand Warriors) - NRL Stats, News, Contract &amp; Player Profile - Zero Tackle","https://www.zerotackle.com/players/ali-leiataua/","Player Contracts Player Contracts Team 2026 2027 2028 2029 2030 New Zealand Warriors ✔ ✔ Stats 2026 Stats Round Opp P T G MINS AR ARM LB LBA TA OL TK MT TB KM 40/20 PE ER TOTALS 13 16 4 0 1010 122 1164 5 5 3 5 169 32 42 10 0 7 7 1 0 0 0 79 8 92 0 0 0 0 10 3 1 0 0 0 0 2 4 1 0 80 7 115 0 1 1 0 15 1 6 0 0 1 1 3 0 0 0 80 8 40 0 0 0 0 27 1 3 0 0 1 0 6 4 1 0 80 7 37 1 0 0 1 9 3 4 0 0 0 0 7 0 0 0 68 5 78 1 1 1 1 19 1 3 0 0 "
"nzl","New Zealand Warriors","Demitric Vaimauga","Unknown","1","player_specific_contract_candidate","zerotackle.com","false","false","true","contract_or_signing_language|contract_table","zerotackle-direct-player-profile","","Demitric Vaimauga (New Zealand Warriors) - NRL Stats, News, Contract &amp; Player Profile - Zero Tackle","https://www.zerotackle.com/players/demitric-vaimauga/","Player Contracts Player Contracts Team 2026 2027 2028 2029 2030 New Zealand Warriors ✔ ✔ ✔ Stats 2026 Stats Round Opp P T G MINS AR ARM LB LBA TA OL TK MT TB KM 40/20 PE ER TOTALS 16 0 0 0 538 136 1145 0 2 1 8 292 17 29 10 0 5 7 1 0 0 0 27 6 52 0 0 0 0 11 0 0 0 0 0 0 2 0 0 0 36 11 100 0 0 0 0 14 1 1 0 0 0 0 3 0 0 0 43 8 71 0 0 0 0 29 2 1 0 0 1 1 4 0 0 0 0 0 0 0 0 0 0 0 0 0 0 0 0 0 5 0 0 0 32 7 58 0 0 0 1 18 0 2 0 0 0"
"nzl","New Zealand Warriors","Eddie Ieremia-Toeava","Unknown","1","player_specific_contract_candidate","zerotackle.com","false","false","true","contract_or_signing_language|contract_table","zerotackle-direct-player-profile","","Eddie Ieremia-Toeava (New Zealand Warriors) - NRL Stats, News, Contract &amp; Player Profile - Zero Tackle","https://www.zerotackle.com/players/eddie-ieremia-toeava/","Player Contracts Player Contracts Team 2026 2027 2028 2029 2030 New Zealand Warriors ✔ ✔ ✔ Stats 2026 Stats Round Opp P T G MINS AR ARM LB LBA TA OL TK MT TB KM 40/20 PE ER TOTALS 10 0 0 0 252 48 418 0 1 1 1 166 9 6 0 0 3 3 2 0 0 0 0 0 0 0 0 0 0 0 0 0 0 0 0 0 5 0 0 0 0 0 0 0 0 0 0 0 0 0 0 0 0 0 6 0 0 0 0 0 0 0 0 0 0 0 0 0 0 0 0 0 8 0 0 0 0 0 0 0 0 0 0 0 0 0 0 0 0 0 9 0 0 0 34 11 93 0 0 0 1 20 0 3 0 0 2 0 12 0 0 0 17 "
"nzl","New Zealand Warriors","Haizyn Mellars","Unknown","1","player_specific_contract_candidate","zerotackle.com","false","false","true","contract_or_signing_language|contract_table","zerotackle-direct-player-profile","","Haizyn Mellars (New Zealand Warriors) - NRL Stats, News, Contract &amp; Player Profile - Zero Tackle","https://www.zerotackle.com/players/haizyn-mellars/","Player Contracts Player Contracts Team 2026 2027 2028 2029 2030 New Zealand Warriors ✔ ✔ ✔ Stats Roger Tuivasa-Sheck Shoulder blow for Tuivasa-Sheck, but seven to return after bye for... Scott Pryde - May 5, 2026 Roger Tuivasa-Sheck &#8220;Challenge we all need&#8221;: Tuivasa-Sheck admits fresh blood a need for... John Lazo-Ron - February 11, 2026 Alofiana Khan-Pereira Contract plays: Warriors make key 2026 moves, b"
"nzl","New Zealand Warriors","Jye Linnane","Unknown","1","player_specific_contract_candidate","zerotackle.com","false","false","true","contract_or_signing_language|contract_table","zerotackle-direct-player-profile","","Jye Linnane (New Zealand Warriors) - NRL Stats, News, Contract &amp; Player Profile - Zero Tackle","https://www.zerotackle.com/players/jye-linnane/","Player Contracts Player Contracts Team 2026 2027 2028 2029 2030 New Zealand Warriors ✔ ✔ ✔ Stats Roger Tuivasa-Sheck Shoulder blow for Tuivasa-Sheck, but seven to return after bye for... Scott Pryde - May 5, 2026 Alofiana Khan-Pereira Contract plays: Warriors make key 2026 moves, but will consistency be... Scott Pryde - January 3, 2026 New Zealand Warriors A rare Warriors headache: Who starts 2026 in the halves? John"
"nzl","New Zealand Warriors","Kayliss Fatialofa","Unknown","1","player_specific_contract_candidate","zerotackle.com","false","false","true","contract_or_signing_language|contract_table","zerotackle-direct-player-profile","","Kayliss Fatialofa (New Zealand Warriors) - NRL Stats, News, Contract &amp; Player Profile - Zero Tackle","https://www.zerotackle.com/players/kayliss-fatialofa/","Player Contracts Player Contracts Team 2026 2027 2028 2029 2030 New Zealand Warriors ✔ ✔ Stats 2026 Stats Round Opp P T G MINS AR ARM LB LBA TA OL TK MT TB KM 40/20 PE ER TOTALS 6 0 0 0 0 0 0 0 0 0 0 0 0 0 0 0 0 0 9 0 0 0 0 0 0 0 0 0 0 0 0 0 0 0 0 0 12 0 0 0 0 0 0 0 0 0 0 0 0 0 0 0 0 0 13 0 0 0 0 0 0 0 0 0 0 0 0 0 0 0 0 0 15 0 0 0 0 0 0 0 0 0 0 0 0 0 0 0 0 0 16 0 0 0 0 0 0 0 0 0 0 0 0 0 0 0 0 0 17 0 0 0 0 0 0 0 0 0 0"
"nzl","New Zealand Warriors","Sam Healey","Unknown","1","player_specific_contract_candidate","zerotackle.com","false","false","true","contract_or_signing_language|contract_table","zerotackle-direct-player-profile","","Samuel Healey (New Zealand Warriors) - NRL Stats, News, Contract &amp; Player Profile - Zero Tackle","https://www.zerotackle.com/players/samuel-healey/","Player Contracts Player Contracts Team 2026 2027 2028 2029 2030 New Zealand Warriors ✔ ✔ Stats 2026 Stats Round Opp P T G MINS AR ARM LB LBA TA OL TK MT TB KM 40/20 PE ER TOTALS 14 8 2 0 307 49 541 4 0 1 2 176 11 19 6 0 1 2 1 0 0 0 19 3 32 1 0 0 1 9 1 0 0 0 0 1 2 0 0 0 28 7 76 0 0 0 0 11 1 2 0 0 0 0 3 0 0 0 22 6 54 0 0 0 0 12 0 2 0 0 0 0 4 0 0 0 19 3 21 0 0 0 0 12 1 0 0 0 0 0 5 0 0 0 12 6 58 0 0 1 0 4 0 3 6 0 0 1 6 0"
"nzl","New Zealand Warriors","Taine Tuaupiki","Unknown","1","player_specific_contract_candidate","zerotackle.com","false","false","true","contract_or_signing_language|contract_table","zerotackle-direct-player-profile","","Taine Tuaupiki (New Zealand Warriors) - NRL Stats, News, Contract &amp; Player Profile - Zero Tackle","https://www.zerotackle.com/players/taine-tuaupiki/","Player Contracts Player Contracts Team 2026 2027 2028 2029 2030 New Zealand Warriors ✔ ✔ ✔ Stats 2026 Stats Round Opp P T G MINS AR ARM LB LBA TA OL TK MT TB KM 40/20 PE ER TOTALS 16 24 3 6 1099 264 2504 9 2 4 4 69 16 75 8 0 0 14 1 0 0 0 0 0 0 0 0 0 0 0 0 0 0 0 0 0 2 0 0 0 71 22 207 0 0 0 0 6 2 6 0 0 0 1 3 2 0 1 80 17 187 1 0 1 0 3 2 7 0 0 0 1 4 0 0 0 68 17 144 0 1 1 0 4 2 6 0 0 0 0 5 0 0 0 80 16 111 0 0 0 1 6 2 3 0 "
"nzl","New Zealand Warriors","Tanner Stowers-Smith","Unknown","1","player_specific_contract_candidate","zerotackle.com","false","false","true","contract_or_signing_language|contract_table","zerotackle-direct-player-profile","","Tanner Stowers-Smith (New Zealand Warriors) - NRL Stats, News, Contract &amp; Player Profile - Zero Tackle","https://www.zerotackle.com/players/tanner-stowers-smith/","Player Contracts Player Contracts Team 2026 2027 2028 2029 2030 New Zealand Warriors ✔ ✔ ✔ Stats 2026 Stats Round Opp P T G MINS AR ARM LB LBA TA OL TK MT TB KM 40/20 PE ER TOTALS 13 0 0 0 443 142 1320 0 0 0 1 269 28 22 0 0 2 6 1 0 0 0 40 14 134 0 0 0 0 12 4 1 0 0 0 0 2 0 0 0 35 13 120 0 0 0 0 19 4 2 0 0 0 0 3 0 0 0 0 0 0 0 0 0 0 0 0 0 0 0 0 0 4 0 0 0 39 11 101 0 0 0 0 36 1 1 0 0 1 1 5 0 0 0 42 16 143 0 0 0 0 22 3 2 "
"nzl","New Zealand Warriors","Te Maire Martin","Unknown","1","player_specific_contract_candidate","au.sports.yahoo.com","false","false","false","contract_or_salary_language","bing-news-rss","Mon, 06 Jul 2026 02:15:00 GMT","Another one: Warriors land second contract extension on busy Monday","https://au.sports.yahoo.com/another-one-warriors-land-second-091558345.html","The New Zealand Warriors have confirmed Te Maire Martin will spend another season with the club, extending his contract through to the end of the 2027 NRL season. The half has been in fine form for ..."
"nzl","New Zealand Warriors","Te Maire Martin","Unknown","2","player_specific_profile_candidate","dailytelegraph.com.au","false","false","false","contract_or_salary_language","bing-news-rss","Sun, 05 Jul 2026 14:22:00 GMT","Warriors reward veteran half with contract extension; Dragons star Luciano Leilua quits NRL","https://www.dailytelegraph.com.au/sport/nrl/luciano-leilua-quits-nrl-as-dragons-massive-roster-overhaul-continues/news-story/de58edb5ea1fac9f5d36c141faa5bc96","The Warriors have rewarded halfback Te Maire Martin for sustaining the club's march to the finals despite injury adversity in their halves."
"nzl","New Zealand Warriors","Te Maire Martin","Unknown","3","player_specific_profile_candidate","rnz.co.nz","false","false","false","","bing-news-rss","Thu, 09 Jul 2026 13:08:00 GMT","Simple pleasures keep veteran halfback Te Maire Martin at NZ Warriors","https://www.rnz.co.nz/news/sport/695844/simple-pleasures-keep-veteran-halfback-te-maire-martin-at-nz-warriors","Te Maire Martin's decision to extend his stay with NZ Warriors may have come down to a couple of basic life essentials - his life anyway. Hunting and fishing. On Monday, the veteran half completed a ..."
"nzl","New Zealand Warriors","Te Maire Martin","Unknown","4","player_specific_contract_candidate","warriors.kiwi","true","false","false","contract_or_signing_language|term_length_language","official-club-signings-topic","2026-07-06T06:58:00+00:00","Martin signs on for another season to extend stay","https://www.warriors.kiwi/news/2026/07/06/martin-extends-stay-until-end-of-2027-nrl-season/","Title: Martin signs on for another season to extend stay URL Source: https://www.warriors.kiwi/news/2026/07/06/martin-extends-stay-until-end-of-2027-nrl-season/ Published Time: 2026-07-06T06:58:00+00:00 Markdown Content: [Skip to main content](https://www.warriors.kiwi/news/2026/07/06/martin-extends-stay-until-end-of-2027-nrl-season/#main-content) ## Main [![Image 2: warriors logo](https://www.warriors.kiwi/.theme/warriors/badge-light.svg?bust=202607060241)![Image 3: warriors logo](https://www.warriors.kiwi/.theme/warriors/text.svg?bust=202607060241)](https://www.warriors.kiwi/) [](https://www.warriors.kiwi/search/) * [News](https://www.warriors.kiwi/news/) * [Watch](https://www.warriors.kiw"
"nzl","New Zealand Warriors","Te Maire Martin","Unknown","5","player_specific_contract_candidate","zerotackle.com","false","false","true","contract_or_signing_language|contract_table","zerotackle-direct-player-profile","","Te Maire Martin (New Zealand Warriors) - NRL Stats, News, Contract &amp; Player Profile - Zero Tackle","https://www.zerotackle.com/players/te-maire-martin/","Player Contracts Player Contracts Team 2026 2027 2028 2029 2030 New Zealand Warriors ✔ ✔ Stats 2026 Stats Round Opp P T G MINS AR ARM LB LBA TA OL TK MT TB KM 40/20 PE ER TOTALS 7 16 4 0 554 83 640 5 9 8 6 162 22 22 1634 0 1 8 11 4 1 0 74 9 90 0 1 2 0 28 3 1 194 0 0 1 12 8 2 0 80 8 50 2 0 0 0 27 3 4 248 0 1 2 13 0 0 0 80 17 100 1 0 2 2 21 2 2 319 0 0 0 15 4 1 0 80 8 64 1 0 0 0 23 3 4 298 0 0 3 16 0 0 0 80 15 95 0 3 2"
"new","Newcastle Knights","Kalyn Ponga","Fullback","1","player_specific_salary_candidate","ntnews.com.au","false","false","false","money|contract_or_salary_language|term_length_language","bing-news-rss","Wed, 14 Aug 2019 13:13:00 GMT","Should Newcastle Knights pay $1 million a season to keep Kalyn Ponga?","https://www.ntnews.com.au/sport/should-newcastle-knights-pay-1-million-a-season-to-keep-kalyn-ponga/news-story/58dd75bd170767c20b0454cdc885d28a","Newcastle Knights star Kalyn Ponga burst on to the rugby league scene like a one-in-a-million player — but is the 21-year-old worth $1 million a season? LEAGUE CENTRAL went to the heart and soul of ..."
"new","Newcastle Knights","Kalyn Ponga","Fullback","2","player_specific_contract_candidate","goldcoastbulletin.com.au","false","false","false","contract_or_salary_language","bing-news-rss","Thu, 11 Jun 2026 21:07:00 GMT","Monday Bunker: Kalyn Ponga is not worth one million per season","https://www.goldcoastbulletin.com.au/sport/monday-bunker-kalyn-ponga-is-not-worth-one-million-per-season/news-story/3f55d657ad633a2dad677c0cd7ba94ce","Our Monday Bunker crew were in agreement that Kalyn Ponga isn't worth his six million dollar asking price, with one panel member believing he isn't even in the game's elite category. HAVE YOUR SAY The ..."
"new","Newcastle Knights","Kalyn Ponga","Fullback","3","player_specific_contract_candidate","thechronicle.com.au","false","false","false","contract_or_salary_language","bing-news-rss","Mon, 13 May 2024 14:55:00 GMT","Kalyn Ponga third-party deal being investigated by NRL","https://www.thechronicle.com.au/sport/nrl/kalyn-ponga-thirdparty-deal-being-investigated-by-nrl/news-story/52db5f6c59bcb6778a0d9bc6da0ce9c9","The NRL is investigating a potential breach of the salary cap over a third-party deal involving Newcastle superstar Kalyn Ponga. ""The NRL is aware of the matter and is reviewing it,"" the league told ..."
"new","Newcastle Knights","Kalyn Ponga","Fullback","4","player_specific_profile_candidate","theaustralian.com.au","false","false","false","","bing-news-rss","Fri, 05 Jun 2026 17:00:00 GMT","NRL Round 14: Kalyn Ponga receives warning, free to play Origin II shoulder charge","https://www.theaustralian.com.au/sport/nrl/nrl-round-14-phoenix-crossland-taken-to-hospital-in-knights-v-storm-clash/news-story/a7de6d131fc490e9c6cbceab3e1921ce","Ponga came under scrutiny for a tackle on Melbourne flyer Will Warbrick during Newcastle's loss on Friday night. Ponga dislodged the ball in the try scoring effort. However he has been cleared by the ..."
"new","Newcastle Knights","Kalyn Ponga","Fullback","5","player_specific_profile_candidate","couriermail.com.au","false","false","false","","bing-news-rss","Sat, 06 Jun 2026 08:40:00 GMT","NRL Round 14: Kalyn Ponga receives warning, free to play Origin II shoulder charge","https://www.couriermail.com.au/sport/nrl/nrl-round-14-phoenix-crossland-taken-to-hospital-in-knights-v-storm-clash/news-story/a7de6d131fc490e9c6cbceab3e1921ce","Ponga came under scrutiny for a tackle on Melbourne flyer Will Warbrick during Newcastle's loss on Friday night. Ponga dislodged the ball in the try scoring effort. However he has been cleared by the ..."
"new","Newcastle Knights","Kalyn Ponga","Fullback","6","player_specific_profile_candidate","7news.com.au","false","false","false","contract_or_salary_language","bing-news-rss","Mon, 23 Sep 2024 08:54:00 GMT","Broncos superstar Reece Walsh agrees to multi-million dollar contract extension","https://7news.com.au/sport/rugby-league/broncos-superstar-reece-walsh-agrees-to-multi-million-dollar-contract-extension-c-16162034","It is thought Walsh's new contract will make him second-highest paid player in the competition behind Newcastle Knights star Kalyn Ponga. Walsh is only 22 years old and Broncos ..."
"new","Newcastle Knights","Kalyn Ponga","Fullback","7","player_specific_profile_candidate","ntnews.com.au","false","false","false","","bing-news-rss","Thu, 17 Nov 2016 10:34:00 GMT","Newcastle Knights legend Andrew Johns gives Kalyn Ponga his seal of approval","https://www.ntnews.com.au/sport/nrl/teams/knights/newcastle-knights-legend-andrew-johns-gives-kalyn-ponga-his-seal-of-approval/news-story/cda03405ffca1116b677a86979f998cc","LEAGUE immortal Andrew Johns believes the big dollars Newcastle Knights are spending on Cowboys young gun Kalyn Ponga will be money well spent. Newcastle's greatest player lavished Ponga with praise ..."
"new","Newcastle Knights","Kalyn Ponga","Fullback","8","player_specific_profile_candidate","themercury.com.au","false","false","false","","bing-news-rss","Fri, 05 Jun 2026 15:02:00 GMT","Kalyn Ponga embroiled in storm once again as he almost repeats Origin offence","https://www.themercury.com.au/sport/nrl/kalyn-ponga-embroiled-in-storm-once-again-as-he-almost-repeats-origin-offence/news-story/20df2ae8229dbbf6bb77d1a7db79c62c","The Newcastle Knights star stayed on the pitch against Melbourne Storm as he did not make contact with Will Warbrick and actually produced a try-saving tackle. Watch every game of every round of the ..."
"new","Newcastle Knights","Kalyn Ponga","Fullback","9","player_specific_profile_candidate","newcastleknights.com.au","true","false","false","","official-club-signings-topic","","Signings Kalyn Ponga Re-Signs","https://www.newcastleknights.com.au/news/2022/04/20/kalyn-ponga-re-signs/","RateLimitTriggeredError: Per IP rate limit exceeded"
"new","Newcastle Knights","Kalyn Ponga","Fullback","10","player_specific_contract_candidate","zerotackle.com","false","false","true","contract_or_signing_language|contract_table","zerotackle-direct-player-profile","","Kalyn Ponga (Newcastle Knights) - NRL Stats, News, Contract &amp; Player Profile - Zero Tackle","https://www.zerotackle.com/players/kalyn-ponga/","Player Contracts Player Contracts Team 2026 2027 2028 2029 2030 Newcastle Knights $1.2M ✔ ✔ ✔ ✔ Stats 2026 Stats Round Opp P T G MINS AR ARM LB LBA TA OL TK MT TB KM 40/20 PE ER TOTALS 12 84 3 36 870 234 2010 5 15 11 15 31 18 55 1348 0 3 18 1 8 0 4 80 18 157 1 0 2 2 8 0 8 261 0 0 0 2 8 1 2 28 9 110 0 0 0 0 0 1 6 67 0 0 1 9 14 0 7 80 21 204 1 0 1 2 3 2 7 183 0 1 2 10 8 0 4 77 23 241 1 6 2 3 1 1 5 186 0 0 0 11 8 0 4 75"
"new","Newcastle Knights","Dominic Young","Winger","1","player_specific_contract_candidate","zerotackle.com","false","false","true","contract_or_signing_language|contract_table","zerotackle-direct-player-profile","","Dominic Young (Newcastle Knights) - NRL Stats, News, Contract &amp; Player Profile - Zero Tackle","https://www.zerotackle.com/players/dominic-young/","Player Contracts Player Contracts Team 2026 2027 2028 2029 2030 Newcastle Knights ✔ ✔ Stats 2026 Stats Round Opp P T G MINS AR ARM LB LBA TA OL TK MT TB KM 40/20 PE ER TOTALS 17 60 15 0 1360 268 2828 23 1 4 16 32 6 75 72 0 3 29 1 4 1 0 80 19 195 1 1 1 1 0 0 9 0 0 0 3 2 8 2 0 80 18 134 2 0 0 2 3 0 3 0 0 0 3 3 0 0 0 80 13 158 1 0 0 1 2 0 2 0 0 2 0 4 12 3 0 80 19 269 1 0 0 0 1 0 7 0 0 0 0 5 8 2 0 80 15 194 2 0 0 0 5 1 3"
"new","Newcastle Knights","Dane Gagai","Centre","1","player_specific_contract_candidate","couriermail.com.au","false","false","false","contract_or_salary_language|signing_language|term_length_language","bing-news-rss","Thu, 25 Jun 2026 06:51:00 GMT","Dane Gagai agrees to return to Brisbane Broncos on a one-year deal","https://www.couriermail.com.au/sport/nrl/broncos-coach-michael-maguire-addresses-bid-to-bring-dane-gagai-back-to-brisbane/news-story/c263768d094b39318ccb5745856f834e","The former Queensland Origin star has agreed to terms on a one-year contract, with the Broncos staving off interest from four rivals to bring Gagai back for a Red Hill swan song. Gagai passed a ..."
"new","Newcastle Knights","Dane Gagai","Centre","2","player_specific_contract_candidate","au.sports.yahoo.com","false","false","false","contract_or_salary_language|signing_language|term_length_language","bing-news-rss","Wed, 24 Jun 2026 18:40:00 GMT","Dane Gagai makes a decision on his NRL future","https://au.sports.yahoo.com/dane-gagai-makes-decision-nrl-014002709.html","Dane Gagai's NRL future has been settled, with the veteran centre set to join the Brisbane Broncos on a one-year deal from next season, bringing a decorated 16-year career full circle. The Newcastle ..."
"new","Newcastle Knights","Dane Gagai","Centre","3","player_specific_contract_candidate","goldcoastbulletin.com.au","false","false","false","contract_or_salary_language|signing_language|term_length_language","bing-news-rss","Thu, 25 Jun 2026 06:51:00 GMT","Dane Gagai agrees to return to Brisbane Broncos on a one-year deal","https://www.goldcoastbulletin.com.au/sport/nrl/broncos-coach-michael-maguire-addresses-bid-to-bring-dane-gagai-back-to-brisbane/news-story/c263768d094b39318ccb5745856f834e","The former Queensland Origin star has agreed to terms on a one-year contract, with the Broncos staving off interest from four rivals to bring Gagai back for a Red Hill swan song. Gagai passed a ..."
"new","Newcastle Knights","Dane Gagai","Centre","4","player_specific_contract_candidate","zerotackle.com","false","false","false","contract_or_salary_language|signing_language|term_length_language","bing-news-rss","Wed, 24 Jun 2026 20:05:00 GMT","Dane Gagai makes a decision on his NRL future","https://www.zerotackle.com/dane-gagai-makes-a-decision-on-his-nrl-future-235249/","Dane Gagai's NRL future has been settled, with the veteran centre set to join the Brisbane Broncos on a one-year deal from next season, bringing a decorated 16-year career full circle."
"new","Newcastle Knights","Dane Gagai","Centre","5","player_specific_contract_candidate","theaustralian.com.au","false","false","false","contract_or_salary_language|term_length_language","bing-news-rss","Mon, 22 Jun 2026 17:00:00 GMT","Dane Gagai set for shock Broncos return as Knights pull out of the race","https://www.theaustralian.com.au/sport/nrl/maroons-great-dane-gagai-in-talks-over-shock-return-to-brisbane-broncos/news-story/e483e590e2d2bba6faea6f4feb5d0ce6","Newcastle recruitment boss Peter O'Sullivan has addressed Gagai's future in the steel city, conceding the resurgent Knights cannot table a new deal for the 35-year-old due to salary-cap restrictions."
"new","Newcastle Knights","Dane Gagai","Centre","6","player_specific_contract_candidate","townsvillebulletin.com.au","false","false","false","contract_or_salary_language|term_length_language","bing-news-rss","Tue, 23 Jun 2026 04:46:00 GMT","Dane Gagai set for shock Broncos return as Knights pull out of the race","https://www.townsvillebulletin.com.au/sport/nrl/maroons-great-dane-gagai-in-talks-over-shock-return-to-brisbane-broncos/news-story/e483e590e2d2bba6faea6f4feb5d0ce6","Newcastle recruitment boss Peter O'Sullivan has addressed Gagai's future in the steel city, conceding the resurgent Knights cannot table a new deal for the 35-year-old due to salary-cap restrictions."
"new","Newcastle Knights","Dane Gagai","Centre","7","player_specific_contract_candidate","goldcoastbulletin.com.au","false","false","false","term_length_language","bing-news-rss","Sat, 16 May 2026 15:28:00 GMT","Why evergreen Knights veteran Dane Gagai wants not one, but two, Maroons jerseys from Queensland coach Billy Slater","https://www.goldcoastbulletin.com.au/sport/nrl/why-evergreen-knights-veteran-dane-gagai-wants-not-one-but-two-maroons-jerseys-from-queensland-coach-billy-slater/news-story/540ee9aaf15bba717365f5f3d9f7e544","Like Aussie pop icon John Farnham's farewell tour that wasn't, this year isn't a rugby league swan song for Gagai, who is still unsigned for next season. But that hasn't stopped the 35-year old from ..."
"new","Newcastle Knights","Dane Gagai","Centre","8","player_specific_contract_candidate","themercury.com.au","false","false","false","contract_or_salary_language","bing-news-rss","Mon, 05 Apr 2021 05:22:00 GMT","NRL 2021: Dane Gagai set to follow Adam Reynolds out door at Rabbitohs","https://www.themercury.com.au/sport/nrl/nrl-2021-dane-gagai-set-to-follow-adam-reynolds-out-door-at-rabbitohs/news-story/bf572d7454b3012a7eee99a5ab1e0d7f","South Sydney's bulging salary cap seems certain to push Reynolds out and now The Daily Telegraph has been told State of Origin star Gagai is almost certain to leave Redfern after this season. Gagai's ..."
"new","Newcastle Knights","Dane Gagai","Centre","9","player_specific_contract_candidate","adelaidenow.com.au","false","false","false","signing_language","bing-news-rss","Mon, 22 May 2017 08:35:00 GMT","Newcastle to confirm Dane Gagai exit with Queensland Origin centre set to join South Sydney","https://www.adelaidenow.com.au/sport/nrl/teams/knights/newcastle-to-confirm-dane-gagai-exit-with-queensland-origin-centre-set-to-join-south-sydney/news-story/84051b657a031f2fb64e9ac43ca10af7","NEWCASTLE are set to confirm the club will part company with centre Dane Gagai at the end of the season after six years at the Knights. In the worst kept secret in rugby league, Gagai, who was named ..."
"new","Newcastle Knights","Dane Gagai","Centre","10","player_specific_profile_candidate","adelaidenow.com.au","false","false","false","","bing-news-rss","Fri, 05 Jun 2026 08:43:00 GMT","Frustrated by James Roberts' arrival, Dane Gagai could quit South Sydney","https://www.adelaidenow.com.au/sport/nrl/teams/rabbitohs/frustrated-by-james-roberts-arrival-dane-gagai-could-quit-south-sydney/news-story/8bcc94ae8fae19a81fd9d9aeefdc295c","With James Roberts' arrival from Brisbane meaning a shift from centre to the wing, Dane Gagai could leave South Sydney for an NRL rival that will play him in his preferred position. The Daily ..."
"new","Newcastle Knights","Dane Gagai","Centre","11","player_specific_profile_candidate","au.sports.yahoo.com","false","false","false","","bing-news-rss","Wed, 06 May 2026 17:01:00 GMT","NRL veteran weighing up surprise move to play alongside brother","https://au.sports.yahoo.com/nrl-veteran-weighing-surprise-move-014519836.html","With 323 NRL games and 16 seasons under his belt, Dane Gagai has accomplished nearly everything in the NRL. However, one thing he hasn't had the opportunity to do is play with his brother, Jacob Gagai ..."
"new","Newcastle Knights","Dane Gagai","Centre","12","player_specific_contract_candidate","zerotackle.com","false","false","true","contract_or_signing_language|contract_table","zerotackle-direct-player-profile","","Dane Gagai (Newcastle Knights) - NRL Stats, News, Contract &amp; Player Profile - Zero Tackle","https://www.zerotackle.com/players/dane-gagai/","Player Contracts Player Contracts Team 2026 2027 2028 2029 2030 Newcastle Knights ✔ Brisbane Broncos ✔ Stats 2026 Stats Round Opp P T G MINS AR ARM LB LBA TA OL TK MT TB KM 40/20 PE ER TOTALS 17 8 2 0 1360 241 2063 8 9 8 18 254 63 91 107 0 4 24 1 0 0 0 80 13 109 1 1 1 0 18 4 5 0 0 0 2 2 0 0 0 80 13 160 0 0 0 0 13 3 8 1 0 0 0 3 0 0 0 80 13 95 0 0 0 1 12 3 3 0 0 1 4 4 0 0 0 80 14 90 0 1 1 1 11 1 9 21 0 0 2 5 0 0 0 80 1"
"new","Newcastle Knights","Bradman Best","Centre","1","player_specific_contract_candidate","au.sports.yahoo.com","false","false","false","contract_or_salary_language|signing_language|term_length_language","bing-news-rss","Wed, 24 Jun 2026 18:03:00 GMT","Bradman Best contract talks intensify at Newcastle Knights","https://au.sports.yahoo.com/bradman-best-contract-talks-intensify-010344667.html","Bradman Best has confirmed his 17-year-old younger brother Baxter Best will join the Newcastle Knights squad next season. The 17-year-old outside back is currently playing for the Souths Logan Magpies ..."
"new","Newcastle Knights","Bradman Best","Centre","2","player_specific_profile_candidate","newcastleherald.com.au","false","false","false","","bing-news-rss","Tue, 30 Jun 2026 07:53:00 GMT","Greg Inglis was one of the NRL's great centres. This is what he thinks of Bradman Best","https://www.newcastleherald.com.au/story/9301978/greg-inglis-weighs-in-on-nsw-recalling-knights-star-bradman-best/","Maroons legend Greg Inglis believes recalled NSW centre Bradman Best can become a rugby league great, but only if he can manage to solve one not-so-simple thing."
"new","Newcastle Knights","Bradman Best","Centre","3","player_specific_contract_candidate","zerotackle.com","false","false","true","contract_or_signing_language|contract_table","zerotackle-direct-player-profile","","Bradman Best (Newcastle Knights) - NRL Stats, News, Contract &amp; Player Profile - Zero Tackle","https://www.zerotackle.com/players/bradman-best/","Player Contracts Player Contracts Team 2026 2027 2028 2029 2030 Newcastle Knights $725K $725K Stats 2026 Stats Round Opp P T G MINS AR ARM LB LBA TA OL TK MT TB KM 40/20 PE ER TOTALS 10 16 4 0 761 127 1494 3 10 11 6 135 22 29 30 0 0 8 1 4 1 0 80 17 174 0 0 0 0 14 2 0 0 0 0 1 2 0 0 0 80 16 190 1 1 2 0 4 1 5 0 0 0 0 3 0 0 0 80 13 127 0 1 1 0 14 0 2 19 0 0 1 4 0 0 0 80 10 81 0 0 0 0 23 3 2 11 0 0 0 5 0 0 0 41 4 41 0 1 1"
"new","Newcastle Knights","Greg Marzhew","Winger","1","player_specific_contract_candidate","au.sports.yahoo.com","false","false","false","contract_or_salary_language|signing_language|term_language","bing-news-rss","Tue, 12 May 2026 16:59:00 GMT","""Turned down higher offers"": Greg Marzhew locks up next NRL contract","https://au.sports.yahoo.com/turned-down-higher-offers-greg-082856523.html","Newcastle Knights winger Greg Marzhew has signed a long-term contract extension, locking up his future with the club until the end of 2029. The outside back, known for his powerhouse running and ..."
"new","Newcastle Knights","Greg Marzhew","Winger","2","player_specific_contract_candidate","newcastleknights.com.au","true","false","false","contract_or_signing_language|term_language|term_length_language","official-club-signings-topic","2026-05-13T08:01:31+00:00","Greg Marzhew signs multi year extension","https://www.newcastleknights.com.au/news/2026/05/13/greg-marzhew-signs-multi-year-extension/","Title: Greg Marzhew signs multi year extension URL Source: https://www.newcastleknights.com.au/news/2026/05/13/greg-marzhew-signs-multi-year-extension/ Published Time: 2026-05-13T08:01:31+00:00 Markdown Content: [Skip to main content](https://www.newcastleknights.com.au/news/2026/05/13/greg-marzhew-signs-multi-year-extension/#main-content) ## Main [![Image 1: knights logo](https://www.newcastleknights.com.au/.theme/knights/badge-light.svg?bust=202607060241)![Image 2: knights logo](https://www.newcastleknights.com.au/.theme/knights/text.svg?bust=202607060241)](https://www.newcastleknights.com.au/) [](https://www.newcastleknights.com.au/search/) * [News](https://www.newcastleknights.com.au/new"
"new","Newcastle Knights","Greg Marzhew","Winger","3","player_specific_contract_candidate","newcastleknights.com.au","true","false","false","contract_or_signing_language|term_length_language","official-club-signings-topic","2022-11-30T01:41:31+00:00","Knights confirm Randall-Marzhew swap deal","https://www.newcastleknights.com.au/news/2022/11/30/knights-confirm-randall-marzhew-swap-deal/","Title: Knights confirm Randall-Marzhew swap deal URL Source: https://www.newcastleknights.com.au/news/2022/11/30/knights-confirm-randall-marzhew-swap-deal/ Published Time: 2022-11-30T01:41:31+00:00 Markdown Content: [Skip to main content](https://www.newcastleknights.com.au/news/2022/11/30/knights-confirm-randall-marzhew-swap-deal/#main-content) ## Main [![Image 1: knights logo](https://www.newcastleknights.com.au/.theme/knights/badge-light.svg?bust=202607060241)![Image 2: knights logo](https://www.newcastleknights.com.au/.theme/knights/text.svg?bust=202607060241)](https://www.newcastleknights.com.au/) [](https://www.newcastleknights.com.au/search/) * [News](https://www.newcastleknights.com."
"new","Newcastle Knights","Greg Marzhew","Winger","4","player_specific_contract_candidate","zerotackle.com","false","false","true","contract_or_signing_language|contract_table","zerotackle-direct-player-profile","","Greg Marzhew (Newcastle Knights) - NRL Stats, News, Contract &amp; Player Profile - Zero Tackle","https://www.zerotackle.com/players/greg-marzhew/","Player Contracts Player Contracts Team 2026 2027 2028 2029 2030 Newcastle Knights ✔ ✔ ✔ ✔ Stats 2026 Stats Round Opp P T G MINS AR ARM LB LBA TA OL TK MT TB KM 40/20 PE ER TOTALS 16 60 15 0 1236 286 3054 17 3 0 9 30 14 71 53 0 7 16 1 4 1 0 80 20 198 1 0 0 0 4 1 7 0 0 0 2 2 4 1 0 80 12 138 1 0 0 0 0 0 3 0 0 0 0 3 4 1 0 80 21 204 2 0 0 0 0 1 5 0 0 1 4 4 0 0 0 80 21 201 0 0 0 0 4 1 3 0 0 1 0 5 8 2 0 80 19 242 1 0 0 0 3 "
"new","Newcastle Knights","Fletcher Sharpe","Five-Eighth","1","player_specific_contract_candidate","zerotackle.com","false","false","true","contract_or_signing_language|contract_table","zerotackle-direct-player-profile","","Fletcher Sharpe (Newcastle Knights) - NRL Stats, News, Contract &amp; Player Profile - Zero Tackle","https://www.zerotackle.com/players/fletcher-sharpe/","Player Contracts Player Contracts Team 2026 2027 2028 2029 2030 Newcastle Knights ✔ ✔ ✔ Stats 2026 Stats Round Opp P T G MINS AR ARM LB LBA TA OL TK MT TB KM 40/20 PE ER TOTALS 15 28 7 0 1146 180 1630 7 9 7 9 218 33 45 393 0 2 13 1 4 1 0 26 5 39 0 1 1 2 5 1 5 20 0 0 1 4 0 0 0 80 6 37 0 1 1 0 22 3 3 102 0 0 0 5 4 1 0 80 11 122 0 0 1 1 11 2 5 88 0 1 0 6 0 0 0 80 6 79 1 1 0 0 20 5 0 121 0 0 1 7 0 0 0 80 19 113 0 0 0 1 5"
"new","Newcastle Knights","Dylan Brown","Halfback","1","player_specific_salary_candidate","msn.com","false","false","false","money|contract_or_salary_language","bing-news-rss","Tue, 30 Jun 2026 15:06:27 GMT","10 highest paid NRL players for 2026","https://www.msn.com/en-au/sport/rugby_league/10-highest-paid-nrl-players-for-2026/ar-AA2719cA","Driven by expanding club salary caps, rugby league's elite stars are securing record-shattering paydays for the 2026 NRL season. Led by Dylan Brown's historic $13 million move, this list looks at the ..."
"new","Newcastle Knights","Dylan Brown","Halfback","2","player_specific_contract_candidate","au.sports.yahoo.com","false","false","false","contract_or_salary_language","bing-news-rss","Sat, 11 Jul 2026 14:48:00 GMT","Phoenix Crossland delivers verdict on Dylan Brown's $13-million deal","https://au.sports.yahoo.com/phoenix-crossland-delivers-verdict-dylan-214841938.html","Newcastle Knights hooker Phoenix Crossland has opened up about his reaction to Dylan Brown's record-breaking contract and his experience so far playing with him in the spine. Brown's arrival at the ..."
"new","Newcastle Knights","Dylan Brown","Halfback","3","player_specific_contract_candidate","nrl.com","false","false","false","contract_or_salary_language","bing-news-rss","Sun, 31 May 2026 03:00:00 GMT","Milestone man: Victory over old club no big deal for Dyl","https://www.nrl.com/news/2026/05/31/milestone-man-victory-over-old-club-no-big-deal-for-dyl/","Win or lose, Newcastle Knights halfback Dylan Brown was always going to enjoy his first game against his old club Parramatta. But Brown acknowledged that a 28-22 victory against the Eels at McDonald ..."
"new","Newcastle Knights","Dylan Brown","Halfback","4","player_specific_profile_candidate","zerotackle.com","false","false","false","","bing-news-rss","Sun, 05 Jul 2026 04:04:00 GMT","The biggest misconception around the Eels ""rebuild""","https://www.zerotackle.com/the-biggest-misconception-around-the-eels-rebuild-235478/","With a spine of Clint Gutherson, Dylan Brown, Mitch Moses, and Reed Mahoney that downgraded to Josh Hodgson, who spent the entire 2022 season recovering from an ACL injury, to replace Mahoney, the ..."
"new","Newcastle Knights","Dylan Brown","Halfback","5","player_specific_contract_candidate","zerotackle.com","false","false","true","contract_or_signing_language|contract_table","zerotackle-direct-player-profile","","Dylan Brown (Newcastle Knights) - NRL Stats, News, Contract &amp; Player Profile - Zero Tackle","https://www.zerotackle.com/players/dylan-brown/","Player Contracts Player Contracts Team 2026 2027 2028 2029 2030 Newcastle Knights $1.3M $1.3M $1.3M $1.3M $1.3M Stats 2026 Stats Round Opp P T G MINS AR ARM LB LBA TA OL TK MT TB KM 40/20 PE ER TOTALS 13 9 2 0 984 189 1666 3 6 8 17 277 23 28 3963 0 3 11 1 0 0 0 80 15 126 0 1 0 1 21 5 0 263 0 0 1 2 0 0 0 41 5 45 1 1 2 2 10 0 1 124 0 0 0 7 0 0 0 80 12 90 0 0 1 2 17 7 1 448 0 0 0 8 4 1 0 80 15 201 2 0 0 2 28 0 5 439 0 0"
"new","Newcastle Knights","Jacob Saifiti","Prop","1","player_specific_contract_candidate","adelaidenow.com.au","false","false","false","contract_or_salary_language|signing_language|term_language","bing-news-rss","Fri, 22 May 2026 12:03:00 GMT","NRL star Jacob Saifiti opens up on heartbreaking end with brother Daniel, and carrying name in Origin","https://www.adelaidenow.com.au/sport/nrl/teams/nrl-star-jacob-saifiti-opens-up-on-heartbreaking-end-with-brother-daniel-and-carrying-name-in-origin/news-story/2e4a92d0b1332653e2030a253912b71c","It was the end of the 2024 season and former Knights captain Daniel had just signed a contract with the Dolphins after nine years at the club. Meanwhile, Jacob was nursing a calf injury he just ..."
"new","Newcastle Knights","Jacob Saifiti","Prop","2","player_specific_contract_candidate","newcastleknights.com.au","true","false","false","contract_or_signing_language|term_language|term_length_language","official-club-signings-topic","2026-06-04T01:09:21+00:00","Dylan Lucas re-signs for three more years","https://www.newcastleknights.com.au/news/2026/06/04/dylan-lucas-re-signs-for-three-more-years/","Title: Dylan Lucas re-signs for three more years URL Source: https://www.newcastleknights.com.au/news/2026/06/04/dylan-lucas-re-signs-for-three-more-years/ Published Time: 2026-06-04T01:09:21+00:00 Markdown Content: [Skip to main content](https://www.newcastleknights.com.au/news/2026/06/04/dylan-lucas-re-signs-for-three-more-years/#main-content) ## Main [![Image 1: knights logo](https://www.newcastleknights.com.au/.theme/knights/badge-light.svg?bust=202607060241)![Image 2: knights logo](https://www.newcastleknights.com.au/.theme/knights/text.svg?bust=202607060241)](https://www.newcastleknights.com.au/) [](https://www.newcastleknights.com.au/search/) * [News](https://www.newcastleknights.com."
"new","Newcastle Knights","Jacob Saifiti","Prop","3","player_specific_contract_candidate","newcastleknights.com.au","true","false","false","contract_or_signing_language|term_language","official-club-signings-topic","2026-05-13T23:59:43+00:00","Two more years for Jermaine McEwen","https://www.newcastleknights.com.au/news/2026/05/14/two-more-years-for-jermaine-mcewen/","Title: Two more years for Jermaine McEwen URL Source: https://www.newcastleknights.com.au/news/2026/05/14/two-more-years-for-jermaine-mcewen/ Published Time: 2026-05-13T23:59:43+00:00 Markdown Content: [Skip to main content](https://www.newcastleknights.com.au/news/2026/05/14/two-more-years-for-jermaine-mcewen/#main-content) ## Main [![Image 1: knights logo](https://www.newcastleknights.com.au/.theme/knights/badge-light.svg?bust=202607060241)![Image 2: knights logo](https://www.newcastleknights.com.au/.theme/knights/text.svg?bust=202607060241)](https://www.newcastleknights.com.au/) [](https://www.newcastleknights.com.au/search/) * [News](https://www.newcastleknights.com.au/news/) * [Watch](h"
"new","Newcastle Knights","Jacob Saifiti","Prop","4","player_specific_contract_candidate","newcastleknights.com.au","true","false","false","contract_or_signing_language|term_language|term_length_language","official-club-signings-topic","2026-05-13T08:01:31+00:00","Greg Marzhew signs multi year extension","https://www.newcastleknights.com.au/news/2026/05/13/greg-marzhew-signs-multi-year-extension/","Title: Greg Marzhew signs multi year extension URL Source: https://www.newcastleknights.com.au/news/2026/05/13/greg-marzhew-signs-multi-year-extension/ Published Time: 2026-05-13T08:01:31+00:00 Markdown Content: [Skip to main content](https://www.newcastleknights.com.au/news/2026/05/13/greg-marzhew-signs-multi-year-extension/#main-content) ## Main [![Image 1: knights logo](https://www.newcastleknights.com.au/.theme/knights/badge-light.svg?bust=202607060241)![Image 2: knights logo](https://www.newcastleknights.com.au/.theme/knights/text.svg?bust=202607060241)](https://www.newcastleknights.com.au/) [](https://www.newcastleknights.com.au/search/) * [News](https://www.newcastleknights.com.au/new"
"new","Newcastle Knights","Jacob Saifiti","Prop","5","player_specific_contract_candidate","newcastleknights.com.au","true","false","false","contract_or_signing_language|term_length_language","official-club-signings-topic","2022-11-30T01:41:31+00:00","Knights confirm Randall-Marzhew swap deal","https://www.newcastleknights.com.au/news/2022/11/30/knights-confirm-randall-marzhew-swap-deal/","Title: Knights confirm Randall-Marzhew swap deal URL Source: https://www.newcastleknights.com.au/news/2022/11/30/knights-confirm-randall-marzhew-swap-deal/ Published Time: 2022-11-30T01:41:31+00:00 Markdown Content: [Skip to main content](https://www.newcastleknights.com.au/news/2022/11/30/knights-confirm-randall-marzhew-swap-deal/#main-content) ## Main [![Image 1: knights logo](https://www.newcastleknights.com.au/.theme/knights/badge-light.svg?bust=202607060241)![Image 2: knights logo](https://www.newcastleknights.com.au/.theme/knights/text.svg?bust=202607060241)](https://www.newcastleknights.com.au/) [](https://www.newcastleknights.com.au/search/) * [News](https://www.newcastleknights.com."
"new","Newcastle Knights","Jacob Saifiti","Prop","6","player_specific_contract_candidate","newcastleknights.com.au","true","false","false","contract_or_signing_language|term_length_language","official-club-signings-topic","2022-11-16T00:09:37+00:00","Knights sign Jackson Hastings","https://www.newcastleknights.com.au/news/2022/11/16/knights-sign-jackson-hastings/","Title: Knights sign Jackson Hastings URL Source: https://www.newcastleknights.com.au/news/2022/11/16/knights-sign-jackson-hastings/ Published Time: 2022-11-16T00:09:37+00:00 Markdown Content: [Skip to main content](https://www.newcastleknights.com.au/news/2022/11/16/knights-sign-jackson-hastings/#main-content) ## Main [![Image 2: knights logo](https://www.newcastleknights.com.au/.theme/knights/badge-light.svg?bust=202607060241)![Image 3: knights logo](https://www.newcastleknights.com.au/.theme/knights/text.svg?bust=202607060241)](https://www.newcastleknights.com.au/) [](https://www.newcastleknights.com.au/search/) * [News](https://www.newcastleknights.com.au/news/) * [Watch](https://www.newc"
"new","Newcastle Knights","Jacob Saifiti","Prop","7","player_specific_contract_candidate","zerotackle.com","false","false","true","contract_or_signing_language|contract_table","zerotackle-direct-player-profile","","Jacob Saifiti (Newcastle Knights) - NRL Stats, News, Contract &amp; Player Profile - Zero Tackle","https://www.zerotackle.com/players/jacob-saifiti/","Player Contracts Player Contracts Team 2026 2027 2028 2029 2030 Newcastle Knights $700K $700K Stats 2026 Stats Round Opp P T G MINS AR ARM LB LBA TA OL TK MT TB KM 40/20 PE ER TOTALS 17 4 1 0 846 171 1674 0 1 1 5 436 40 21 0 0 1 1 1 0 0 0 53 12 113 0 0 0 0 36 0 1 0 0 0 0 2 0 0 0 53 12 122 0 0 0 0 27 1 2 0 0 0 0 3 0 0 0 43 11 112 0 0 0 0 23 1 1 0 0 0 0 4 0 0 0 52 12 138 0 0 0 1 35 2 5 0 0 0 0 5 0 0 0 65 19 178 0 0 0 1"
"new","Newcastle Knights","Phoenix Crossland","Hooker","1","player_specific_contract_candidate","au.sports.yahoo.com","false","false","false","contract_or_salary_language","bing-news-rss","Sat, 11 Jul 2026 14:48:00 GMT","Phoenix Crossland delivers verdict on Dylan Brown's $13-million deal","https://au.sports.yahoo.com/phoenix-crossland-delivers-verdict-dylan-214841938.html","Newcastle Knights hooker Phoenix Crossland has opened up about his reaction to Dylan Brown's record-breaking contract and his experience so far playing with him in the spine. Brown's arrival at the ..."
"new","Newcastle Knights","Phoenix Crossland","Hooker","2","player_specific_contract_candidate","zerotackle.com","false","false","true","contract_or_signing_language|contract_table","zerotackle-direct-player-profile","","Phoenix Crossland (Newcastle Knights) - NRL Stats, News, Contract &amp; Player Profile - Zero Tackle","https://www.zerotackle.com/players/phoenix-crossland/","Player Contracts Player Contracts Team 2026 2027 2028 2029 2030 Newcastle Knights ✔ ✔ ✔ Stats 2026 Stats Round Opp P T G MINS AR ARM LB LBA TA OL TK MT TB KM 40/20 PE ER TOTALS 17 8 2 0 1257 33 255 1 2 0 1 746 50 3 556 3 6 6 1 0 0 0 80 1 10 0 0 0 0 48 3 0 49 1 0 0 2 0 0 0 80 4 24 0 0 0 1 25 2 0 197 0 0 1 3 0 0 0 80 2 25 0 0 0 0 51 3 1 50 0 1 0 4 0 0 0 77 0 0 0 0 0 0 52 1 0 57 0 0 0 5 4 1 0 77 6 63 0 0 0 0 39 4 0 0 0 "
"new","Newcastle Knights","Trey Mooney","Prop","1","player_specific_contract_candidate","zerotackle.com","false","false","true","contract_or_signing_language|contract_table","zerotackle-direct-player-profile","","Trey Mooney (Newcastle Knights) - NRL Stats, News, Contract &amp; Player Profile - Zero Tackle","https://www.zerotackle.com/players/trey-mooney/","Player Contracts Player Contracts Team 2026 2027 2028 2029 2030 Newcastle Knights ✔ ✔ ✔ ✔ Stats 2026 Stats Round Opp P T G MINS AR ARM LB LBA TA OL TK MT TB KM 40/20 PE ER TOTALS 15 20 5 0 737 168 1477 5 0 0 18 476 31 34 16 0 11 9 1 4 1 0 49 14 132 1 0 0 3 33 2 2 0 0 0 1 2 0 0 0 50 17 118 0 0 0 5 26 1 1 16 0 1 1 3 0 0 0 44 9 62 0 0 0 2 29 1 1 0 0 2 2 5 0 0 0 40 7 43 0 0 0 0 34 1 3 0 0 0 0 6 4 1 0 48 7 49 1 0 0 0 37 3"
"new","Newcastle Knights","Dylan Lucas","2nd Row","1","player_specific_contract_candidate","couriermail.com.au","false","false","false","contract_or_salary_language|signing_language|term_length_language","bing-news-rss","Fri, 05 Jun 2026 04:06:00 GMT","Bulldogs secure Enari Tuala, Sharks re-sign Will Kennedy, Knights extend Origin hopeful Dylan Lucas","https://www.couriermail.com.au/sport/nrl/knights-star-dylan-lucas-inks-three-year-extension-to-stay-in-newcastle-until-the-end-of-2030/news-story/4fb4e103934c19d8e684dc816af82799","The centre/winger has inked a two-year extension before the end of his current deal which was set to expire this November. It comes after the club earlier this season also extended Connor Tracey's ..."
"new","Newcastle Knights","Dylan Lucas","2nd Row","2","player_specific_contract_candidate","goldcoastbulletin.com.au","false","false","false","contract_or_salary_language|signing_language|term_length_language","bing-news-rss","Fri, 05 Jun 2026 04:06:00 GMT","Bulldogs secure Enari Tuala, Sharks re-sign Will Kennedy, Knights extend Origin hopeful Dylan Lucas","https://www.goldcoastbulletin.com.au/sport/nrl/knights-star-dylan-lucas-inks-three-year-extension-to-stay-in-newcastle-until-the-end-of-2030/news-story/4fb4e103934c19d8e684dc816af82799","The centre/winger has inked a two-year extension before the end of his current deal which was set to expire this November. It comes after the club earlier this season also extended Connor Tracey's ..."
"new","Newcastle Knights","Dylan Lucas","2nd Row","3","player_specific_profile_candidate","cairnspost.com.au","false","false","false","","bing-news-rss","Sat, 30 May 2026 12:14:00 GMT","Dylan Lucas stars as Newcastle Knights hold on to win 28-22 in thriller over Parramatta Eels","https://www.cairnspost.com.au/sport/nrl/dylan-lucas-stars-as-newcastle-knights-hold-on-to-win-2822-in-thriller-over-parramatta-eels/news-story/87664affd4e324cd64314073ef993850","In a week dominated by State of Origin and all the chatter that surrounds it, no sides were more affected by the mammoth clash than Newcastle and Parramatta. The Eels lost their skipper Mitchell Moses ..."
"new","Newcastle Knights","Dylan Lucas","2nd Row","4","player_specific_contract_candidate","newcastleknights.com.au","true","false","false","contract_or_signing_language|term_language|term_length_language","official-club-signings-topic","2026-06-04T01:09:21+00:00","Dylan Lucas re-signs for three more years","https://www.newcastleknights.com.au/news/2026/06/04/dylan-lucas-re-signs-for-three-more-years/","Title: Dylan Lucas re-signs for three more years URL Source: https://www.newcastleknights.com.au/news/2026/06/04/dylan-lucas-re-signs-for-three-more-years/ Published Time: 2026-06-04T01:09:21+00:00 Markdown Content: [Skip to main content](https://www.newcastleknights.com.au/news/2026/06/04/dylan-lucas-re-signs-for-three-more-years/#main-content) ## Main [![Image 1: knights logo](https://www.newcastleknights.com.au/.theme/knights/badge-light.svg?bust=202607060241)![Image 2: knights logo](https://www.newcastleknights.com.au/.theme/knights/text.svg?bust=202607060241)](https://www.newcastleknights.com.au/) [](https://www.newcastleknights.com.au/search/) * [News](https://www.newcastleknights.com."
"new","Newcastle Knights","Dylan Lucas","2nd Row","5","player_specific_contract_candidate","zerotackle.com","false","false","true","contract_or_signing_language|contract_table","zerotackle-direct-player-profile","","Dylan Lucas (Newcastle Knights) - NRL Stats, News, Contract &amp; Player Profile - Zero Tackle","https://www.zerotackle.com/players/dylan-lucas/","Player Contracts Player Contracts Team 2026 2027 2028 2029 2030 Newcastle Knights ✔ ✔ ✔ ✔ ✔ Stats 2026 Stats Round Opp P T G MINS AR ARM LB LBA TA OL TK MT TB KM 40/20 PE ER TOTALS 15 36 9 0 1190 184 1862 8 0 1 4 584 23 37 29 0 5 7 1 0 0 0 80 16 138 0 0 0 0 45 2 1 0 0 0 0 2 0 0 0 80 14 124 0 0 0 0 30 0 3 0 0 0 0 3 0 0 0 80 11 108 0 0 0 0 39 1 3 0 0 0 1 4 4 1 0 70 13 120 1 0 0 0 44 2 4 0 0 2 1 5 0 0 0 80 18 167 0 0 0 "
"new","Newcastle Knights","Jermaine McEwen","2nd Row","1","player_specific_contract_candidate","townsvillebulletin.com.au","false","false","false","term_length_language","bing-news-rss","Wed, 03 Jun 2026 09:51:00 GMT","Knights star Jermaine McEwen faces NRL probe after drink-driving charge","https://www.townsvillebulletin.com.au/sport/nrl/knights-star-jermaine-mcewen-faces-nrl-probe-after-drinkdriving-charge/news-story/9580b96e7eef7e2c456d6f03754d83e0","Newcastle Knights back-rower Jermaine McEwen is under NRL integrity unit investigation after police charged the 21-year-old with drink-driving and driving with a suspended licence. The Knights were ..."
"new","Newcastle Knights","Jermaine McEwen","2nd Row","2","player_specific_profile_candidate","couriermail.com.au","false","false","false","","bing-news-rss","Wed, 03 Jun 2026 11:43:00 GMT","Knights star Jermaine McEwen referred to NRL Integrity Unit after drink driving charges","https://www.couriermail.com.au/sport/nrl/knights-star-jermaine-mcewen-referred-to-nrl-integrity-unit-after-drink-driving-charges/news-story/5155c3650faa25d8805079e3a8ab3d9c","The SMH report McEwen was charged for driving with a suspended licence and low-range drink-driving. Watch every game of every round of the NRL Premiership LIVE with no ad-breaks during play on FOX ..."
"new","Newcastle Knights","Jermaine McEwen","2nd Row","3","player_specific_profile_candidate","thechronicle.com.au","false","false","false","","bing-news-rss","Wed, 03 Jun 2026 09:51:00 GMT","Knights star Jermaine McEwen faces NRL probe after drink-driving charge","https://www.thechronicle.com.au/sport/nrl/knights-star-jermaine-mcewen-faces-nrl-probe-after-drinkdriving-charge/news-story/9580b96e7eef7e2c456d6f03754d83e0","The Knights were made aware of the incident and reported it to the integrity unity following making inquiries. McEwen will appear in Newcastle Local Court for the first time for mention on June 25."
"new","Newcastle Knights","Jermaine McEwen","2nd Row","4","player_specific_contract_candidate","newcastleknights.com.au","true","false","false","contract_or_signing_language|term_language","official-club-signings-topic","2026-05-13T23:59:43+00:00","Two more years for Jermaine McEwen","https://www.newcastleknights.com.au/news/2026/05/14/two-more-years-for-jermaine-mcewen/","Title: Two more years for Jermaine McEwen URL Source: https://www.newcastleknights.com.au/news/2026/05/14/two-more-years-for-jermaine-mcewen/ Published Time: 2026-05-13T23:59:43+00:00 Markdown Content: [Skip to main content](https://www.newcastleknights.com.au/news/2026/05/14/two-more-years-for-jermaine-mcewen/#main-content) ## Main [![Image 1: knights logo](https://www.newcastleknights.com.au/.theme/knights/badge-light.svg?bust=202607060241)![Image 2: knights logo](https://www.newcastleknights.com.au/.theme/knights/text.svg?bust=202607060241)](https://www.newcastleknights.com.au/) [](https://www.newcastleknights.com.au/search/) * [News](https://www.newcastleknights.com.au/news/) * [Watch](h"
"new","Newcastle Knights","Jermaine McEwen","2nd Row","5","player_specific_contract_candidate","zerotackle.com","false","false","true","contract_or_signing_language|contract_table","zerotackle-direct-player-profile","","Jermaine McEwen (Newcastle Knights) - NRL Stats, News, Contract &amp; Player Profile - Zero Tackle","https://www.zerotackle.com/players/jermaine-mcewen/","Player Contracts Player Contracts Team 2026 2027 2028 2029 2030 Newcastle Knights ✔ ✔ ✔ Stats 2026 Stats Round Opp P T G MINS AR ARM LB LBA TA OL TK MT TB KM 40/20 PE ER TOTALS 15 4 1 0 1161 177 1498 2 1 2 3 503 43 26 64 0 11 11 1 0 0 0 68 7 47 0 0 0 0 35 0 3 0 0 3 1 2 0 0 0 80 14 104 0 0 0 0 28 1 0 0 0 1 2 3 0 0 0 80 10 69 0 0 0 0 40 6 0 0 0 0 1 4 0 0 0 80 13 126 1 0 1 0 37 7 3 0 0 0 0 5 0 0 0 80 13 113 0 0 0 1 39 4"
"new","Newcastle Knights","Mathew Croker","Lock","","no_candidate_found","","","","","","","","","",""
"new","Newcastle Knights","Sandon Smith","Interchange","1","player_specific_contract_candidate","zerotackle.com","false","false","true","contract_or_signing_language|contract_table","zerotackle-direct-player-profile","","Sandon Smith (Newcastle Knights) - NRL Stats, News, Contract &amp; Player Profile - Zero Tackle","https://www.zerotackle.com/players/sandon-smith/","Player Contracts Player Contracts Team 2026 2027 2028 2029 2030 Newcastle Knights $500K $500K $500K $500K Stats 2026 Stats Round Opp P T G MINS AR ARM LB LBA TA OL TK MT TB KM 40/20 PE ER TOTALS 16 60 1 28 1056 166 1184 1 13 11 10 261 56 13 2971 0 5 8 1 0 0 0 54 7 62 0 1 1 0 13 3 0 112 0 0 0 2 8 0 4 80 11 60 0 1 1 0 8 2 1 171 0 0 0 3 4 0 2 80 16 114 0 1 0 1 18 7 2 118 0 0 0 4 4 0 2 80 10 63 0 1 0 0 15 3 1 513 0 1 0 5"
"new","Newcastle Knights","Tyson Frizell","Interchange","1","player_specific_contract_candidate","townsvillebulletin.com.au","false","false","false","contract_or_salary_language","bing-news-rss","Sat, 21 Mar 2020 08:58:00 GMT","NRL contracts on hold as clubs offer redundancies for staff amid coronavirus financial storm","https://www.townsvillebulletin.com.au/sport/nrl/nrl-contracts-on-hold-as-clubs-offer-redundancies-for-staff-amid-coronavirus-financial-storm/news-story/762b5e56d3d3345c527ec6396737425a","The Sunday Telegraph can reveal that Kangaroos stars Nick Cotric and Tyson Frizell have had their contract negotiations put on hold as every club scrambles to deal with an uncertain financial future."
"new","Newcastle Knights","Tyson Frizell","Interchange","2","player_specific_contract_candidate","zerotackle.com","false","false","true","contract_or_signing_language|contract_table","zerotackle-direct-player-profile","","Tyson Frizell (Newcastle Knights) - NRL Stats, News, Contract &amp; Player Profile - Zero Tackle","https://www.zerotackle.com/players/tyson-frizell/","Player Contracts Player Contracts Team 2026 2027 2028 2029 2030 Newcastle Knights ✔ Stats 2026 Stats Round Opp P T G MINS AR ARM LB LBA TA OL TK MT TB KM 40/20 PE ER TOTALS 15 8 2 0 577 138 1353 1 1 0 12 335 18 13 11 0 4 5 1 0 0 0 47 10 90 0 0 0 2 31 5 0 0 0 1 0 2 4 1 0 37 10 92 0 0 0 0 20 1 1 0 0 1 0 3 0 0 0 37 6 56 0 0 0 1 29 2 1 11 0 0 0 4 4 1 0 40 11 119 1 0 0 0 25 0 3 0 0 0 0 5 0 0 0 40 18 166 0 0 0 2 22 1 0 0 0"
"new","Newcastle Knights","Brodie Jones","Interchange","1","player_specific_contract_candidate","zerotackle.com","false","false","true","contract_or_signing_language|contract_table","zerotackle-direct-player-profile","","Brodie Jones (Newcastle Knights) - NRL Stats, News, Contract &amp; Player Profile - Zero Tackle","https://www.zerotackle.com/players/brodie-jones/","Player Contracts Player Contracts Team 2026 2027 2028 2029 2030 Newcastle Knights ✔ Stats Latest NRL News Knights forward reveals potential golf switch Leo Twemlow - May 28, 2026 Brodie Jones Controversial call irrelevant after stunning match-winning try Alex Stuart - June 22, 2025 Brodie Jones $14,700 in fines as suspensions avoided: NRL judiciary wrap, Round 10 Scott Pryde - May 14, 2025 Brodie Jones Knights trio, "
"new","Newcastle Knights","Cody Hopwood","Interchange","1","player_specific_contract_candidate","zerotackle.com","false","false","true","contract_or_signing_language|contract_table","zerotackle-direct-player-profile","","Cody Hopwood (Newcastle Knights) - NRL Stats, News, Contract &amp; Player Profile - Zero Tackle","https://www.zerotackle.com/players/cody-hopwood/","Player Contracts Player Contracts Team 2026 2027 2028 2029 2030 Newcastle Knights ✔ ✔ ✔ Stats 2026 Stats Round Opp P T G MINS AR ARM LB LBA TA OL TK MT TB KM 40/20 PE ER TOTALS 14 0 0 0 192 59 434 1 0 0 4 146 4 8 0 0 0 0 3 0 0 0 0 0 0 0 0 0 0 0 0 0 0 0 0 0 4 0 0 0 25 8 57 0 0 0 0 12 1 0 0 0 0 0 6 0 0 0 0 0 0 0 0 0 0 0 0 0 0 0 0 0 7 0 0 0 18 8 53 0 0 0 2 14 0 0 0 0 0 0 8 0 0 0 13 8 53 0 0 0 0 8 0 0 0 0 0 0 9 0 0 0 12 "
"new","Newcastle Knights","Asu Kepaoa","Unknown","1","player_specific_profile_candidate","news.com.au","false","false","false","","bing-news-rss","Sat, 20 Jun 2026 06:48:00 GMT","Newcastle Knights player Asu Kepaoa sent off after alleged homophobic slur","https://www.news.com.au/sport/nrl/knights/newcastle-knights-player-asu-kepaoa-sent-off-after-alleged-homophobic-slur/news-story/f8b468abbb22a460e0d816d13294dcfd","The NSW back-rower was sent off shortly before half time on Friday night after allegedly hurling a homophobic slur towards Dragons player Nathan Lawson. Newcastle Knights player Asu Kepaoa was ordered ..."
"new","Newcastle Knights","Asu Kepaoa","Unknown","2","player_specific_profile_candidate","abc.net.au","false","false","false","","bing-news-rss","Wed, 24 Jun 2026 05:49:00 GMT","Newcastle Knights player Asu Kepaoa banned for six weeks after using homophobic slur","https://www.abc.net.au/news/2026-06-25/asu-kepaoa-banned-for-six-weeks-over-homophobic-slur/106839020","Newcastle forward Asu Kepaoa has been hit with a six-match ban for using a homophonic slur in a round-of-16 NSW Cup match. Kepaoa fronted the NSWRL judiciary on Wednesday when he pleaded guilty to ..."
"new","Newcastle Knights","Asu Kepaoa","Unknown","3","player_specific_profile_candidate","goldcoastbulletin.com.au","false","false","false","","bing-news-rss","Mon, 22 Jun 2026 08:42:00 GMT","'Referred': Asu Kepaoa sent straight to the NSWRL judiciary for alleged homophobic slur in NSW Cup match","https://www.goldcoastbulletin.com.au/sport/nrl/referred-asu-kepaoa-sent-straight-to-the-nswrl-judiciary-for-alleged-homophobic-slur-in-nsw-cup-match/news-story/5c2bbcb7ce32255193cf16c4c991362e","The NSWRL confirmed via a statement on Monday the Knights player would have to front the judiciary for the alleged slur directed towards Dragons winger Nathan Lawson. Kepaoa was sent off just before ..."
"new","Newcastle Knights","Asu Kepaoa","Unknown","4","player_specific_profile_candidate","themercury.com.au","false","false","false","","bing-news-rss","Fri, 19 Jun 2026 04:56:00 GMT","Knights player referred straight to judiciary over alleged homophobic slur, facing lengthy ban","https://www.themercury.com.au/sport/nrl/asu-kepaoa-sent-off-in-nsw-cup-after-alleged-homophobic-slur/news-story/070b34967090484d996d7553c56a1d02","Knights back-rower Asu Kepaoa is facing a lengthy ban for allegedly directing a homophobic slur at a NSW Cup rival after the NSWRL referred him straight to judiciary. Kepaoa was sent off in the first ..."
"new","Newcastle Knights","Asu Kepaoa","Unknown","5","player_specific_contract_candidate","zerotackle.com","false","false","true","contract_or_signing_language|contract_table","zerotackle-direct-player-profile","","Asu Kepaoa (Newcastle Knights) - NRL Stats, News, Contract &amp; Player Profile - Zero Tackle","https://www.zerotackle.com/players/asu-kepaoa/","Player Contracts Player Contracts Team 2026 2027 2028 2029 2030 Newcastle Knights ✔ ✔ Stats 2026 Stats Round Opp P T G MINS AR ARM LB LBA TA OL TK MT TB KM 40/20 PE ER TOTALS 1 0 0 0 0 0 0 0 0 0 0 0 0 0 0 0 0 0 8 0 0 0 0 0 0 0 0 0 0 0 0 0 0 0 0 0 Latest NRL News Asu Kepaoa handed long ban by NSWRL judiciary over slur Scott Pryde - June 25, 2026 Latest NRL News NSW Cup second rower sent to judiciary after alleged homo"
"new","Newcastle Knights","Elijah Salesa-Leaumoana","Unknown","1","player_specific_contract_candidate","zerotackle.com","false","false","true","contract_or_signing_language|contract_table","zerotackle-direct-player-profile","","Elijah Salesa-Leaumoana (Newcastle Knights) - NRL Stats, News, Contract &amp; Player Profile - Zero Tackle","https://www.zerotackle.com/players/elijah-salesa-leaumoana/","Player Contracts Player Contracts Team 2026 2027 2028 2029 2030 Newcastle Knights ✔ ✔ Stats 2026 Stats Round Opp P T G MINS AR ARM LB LBA TA OL TK MT TB KM 40/20 PE ER TOTALS 2 0 0 0 22 3 15 0 0 0 0 12 0 0 0 0 0 1 7 0 0 0 0 0 0 0 0 0 0 0 0 0 0 0 0 0 8 0 0 0 22 3 15 0 0 0 0 12 0 0 0 0 0 1 Elijah Salesa-Leaumoana Newcastle Knights extend young forward Ethan Lee Chalk - June 25, 2025 Latest News FULL TIME: Storm vs Tita"
"new","Newcastle Knights","Francis Manuleleua","Unknown","1","player_specific_contract_candidate","au.sports.yahoo.com","false","false","false","contract_or_salary_language|term_language","bing-news-rss","Wed, 22 Apr 2026 16:59:00 GMT","Panthers reject earns contract extension at Knights","https://au.sports.yahoo.com/panthers-reject-earns-contract-extension-014054061.html","It isn't often the Penrith Panthers make a recruitment blunder. However, their decision to let Francis Manuleleua leave at the end of 2024 may just come back to bite them. Manuleleua joined the ..."
"new","Newcastle Knights","Francis Manuleleua","Unknown","2","player_specific_contract_candidate","zerotackle.com","false","false","true","contract_or_signing_language|contract_table","zerotackle-direct-player-profile","","Francis Manuleleua (Newcastle Knights) - NRL Stats, News, Contract &amp; Player Profile - Zero Tackle","https://www.zerotackle.com/players/francis-manuleleua/","Player Contracts Player Contracts Team 2026 2027 2028 2029 2030 Newcastle Knights ✔ CO Stats 2026 Stats Round Opp P T G MINS AR ARM LB LBA TA OL TK MT TB KM 40/20 PE ER TOTALS 12 0 0 0 237 27 257 2 0 1 4 101 16 3 0 0 0 0 1 0 0 0 0 0 0 0 0 0 0 0 0 0 0 0 0 0 2 0 0 0 0 0 0 0 0 0 0 0 0 0 0 0 0 0 3 0 0 0 11 1 6 0 0 0 0 9 1 0 0 0 0 0 7 0 0 0 80 11 123 2 0 1 0 31 6 1 0 0 0 0 8 0 0 0 65 5 41 0 0 0 2 26 6 0 0 0 0 0 9 0 0 0 7 "
"new","Newcastle Knights","James Schiller","Unknown","1","player_specific_contract_candidate","zerotackle.com","false","false","true","contract_or_signing_language|contract_table","zerotackle-direct-player-profile","","James Schiller (Newcastle Knights) - NRL Stats, News, Contract &amp; Player Profile - Zero Tackle","https://www.zerotackle.com/players/james-schiller/","Player Contracts Player Contracts Team 2026 2027 2028 2029 2030 Newcastle Knights ✔ ✔ Stats 2026 Stats Round Opp P T G MINS AR ARM LB LBA TA OL TK MT TB KM 40/20 PE ER TOTALS 2 0 0 0 80 11 105 0 0 0 0 8 7 6 0 0 0 2 8 0 0 0 80 11 105 0 0 0 0 8 7 6 0 0 0 2 16 0 0 0 0 0 0 0 0 0 0 0 0 0 0 0 0 0 James Schiller Judiciary hands down charges after Saturday clashes Alex Stuart - June 22, 2025 James Schiller Three suspended, f"
"new","Newcastle Knights","Lachlan Crouch","Unknown","1","player_specific_contract_candidate","zerotackle.com","false","false","true","contract_or_signing_language|contract_table","zerotackle-direct-player-profile","","Lachlan Crouch (Newcastle Knights) - NRL Stats, News, Contract &amp; Player Profile - Zero Tackle","https://www.zerotackle.com/players/lachlan-crouch/","Player Contracts Player Contracts Team 2026 2027 2028 2029 2030 Newcastle Knights ✔ ✔ ✔ Stats 2026 Stats Round Opp P T G MINS AR ARM LB LBA TA OL TK MT TB KM 40/20 PE ER TOTALS 3 0 0 0 57 17 139 1 0 0 0 41 0 2 0 0 1 1 17 0 0 0 0 0 0 0 0 0 0 0 0 0 0 0 0 0 18 0 0 0 41 11 95 0 0 0 0 25 0 0 0 0 0 0 19 0 0 0 16 6 44 1 0 0 0 16 0 2 0 0 1 1 NRL Editorial and Opinion Rookie Watch: The TEN best young prospects yet to debut at"
"new","Newcastle Knights","Matt Arthur","Unknown","1","player_specific_contract_candidate","zerotackle.com","false","false","true","contract_or_signing_language|contract_table","zerotackle-direct-player-profile","","Matt Arthur (Newcastle Knights) - NRL Stats, News, Contract &amp; Player Profile - Zero Tackle","https://www.zerotackle.com/players/matt-arthur/","Player Contracts Player Contracts Team 2026 2027 2028 2029 2030 Newcastle Knights ✔ ✔ Stats Matt Arthur Newcastle Knights recruit sustains injury Ethan Lee Chalk - March 4, 2025 Matt Arthur Eels confirm departures of eleven players Matt Clements - September 11, 2024 Matt Arthur Parramatta young gun reportedly locks up new home Scott Pryde - August 20, 2024 Matt Arthur Eels make bombshell call over future of gun rooki"
"new","Newcastle Knights","Pasamu Saulo","Unknown","1","player_specific_contract_candidate","zerotackle.com","false","false","true","contract_or_signing_language|contract_table","zerotackle-direct-player-profile","","Pasami Saulo (Newcastle Knights) - NRL Stats, News, Contract &amp; Player Profile - Zero Tackle","https://www.zerotackle.com/players/pasami-saulo/","Player Contracts Player Contracts Team 2026 2027 2028 2029 2030 Newcastle Knights ✔ ✔ Stats 2026 Stats Round Opp P T G MINS AR ARM LB LBA TA OL TK MT TB KM 40/20 PE ER TOTALS 13 0 0 0 355 75 668 0 0 0 2 238 6 7 0 0 1 3 1 0 0 0 23 3 19 0 0 0 0 20 0 0 0 0 0 0 2 0 0 0 41 10 94 0 0 0 0 13 1 2 0 0 0 1 3 0 0 0 24 4 37 0 0 0 0 18 1 0 0 0 0 1 4 0 0 0 27 8 64 0 0 0 1 20 1 4 0 0 0 1 5 0 0 0 15 6 67 0 0 0 0 15 0 0 0 0 0 0 6 0 0"
"new","Newcastle Knights","Peter Hola","Unknown","1","player_specific_contract_candidate","zerotackle.com","false","false","true","contract_or_signing_language|contract_table","zerotackle-direct-player-profile","","Peter Hola (Newcastle Knights) - NRL Stats, News, Contract &amp; Player Profile - Zero Tackle","https://www.zerotackle.com/players/peter-hola/","Player Contracts Player Contracts Team 2026 2027 2028 2029 2030 Newcastle Knights ✔ ✔ Stats 2026 Stats Round Opp P T G MINS AR ARM LB LBA TA OL TK MT TB KM 40/20 PE ER TOTALS 1 0 0 0 13 2 20 0 0 0 0 6 1 0 0 0 0 1 7 0 0 0 13 2 20 0 0 0 0 6 1 0 0 0 0 1 Latest NRL News Newcastle Knights duo undergo surgery in double blow Leo Twemlow - June 19, 2026 Latest NRL News Dolphins set to confirm nine player departures Ethan Lee"
"new","Newcastle Knights","Thomas Cant","Unknown","1","player_specific_contract_candidate","au.sports.yahoo.com","false","false","false","contract_or_salary_language|signing_language|term_length_language","bing-news-rss","Tue, 10 Feb 2026 07:48:00 GMT","Thomas Cant signs contract extension after rival offers","https://au.sports.yahoo.com/thomas-cant-signs-contract-extension-234739631.html","Newcastle Knights forward Thomas Cant showed a lot of potential last season, playing a career high 18 games and now has a new deal to show for it. Already signed for 2026, Cant has signed a two-year ..."
"new","Newcastle Knights","Thomas Cant","Unknown","2","player_specific_contract_candidate","zerotackle.com","false","false","true","contract_or_signing_language|contract_table","zerotackle-direct-player-profile","","Thomas Cant (Newcastle Knights) - NRL Stats, News, Contract &amp; Player Profile - Zero Tackle","https://www.zerotackle.com/players/thomas-cant/","Player Contracts Player Contracts Team 2026 2027 2028 2029 2030 Newcastle Knights ✔ ✔ ✔ Stats 2026 Stats Round Opp P T G MINS AR ARM LB LBA TA OL TK MT TB KM 40/20 PE ER TOTALS 12 0 0 0 315 50 438 0 0 0 0 188 15 12 0 0 0 0 1 0 0 0 24 6 60 0 0 0 0 14 3 0 0 0 0 0 2 0 0 0 0 0 0 0 0 0 0 0 0 0 0 0 0 0 3 0 0 0 22 6 55 0 0 0 0 16 1 0 0 0 0 0 4 0 0 0 19 3 28 0 0 0 0 15 2 1 0 0 0 0 5 0 0 0 0 0 0 0 0 0 0 0 0 0 0 0 0 0 6 0 0 0 "
"new","Newcastle Knights","Wil Sullivan","Unknown","1","player_specific_contract_candidate","zerotackle.com","false","false","true","contract_or_signing_language|contract_table","zerotackle-direct-player-profile","","Wil Sullivan (Newcastle Knights) - NRL Stats, News, Contract &amp; Player Profile - Zero Tackle","https://www.zerotackle.com/players/wil-sullivan/","Player Contracts Player Contracts Team 2026 2027 2028 2029 2030 Newcastle Knights ✔ ✔ ✔ Stats NRL Editorial and Opinion Rookie Watch: The TEN best young prospects yet to debut at... Ethan Lee Chalk - November 12, 2025 Wil Sullivan U19s QLD forward finds new home Ethan Lee Chalk - February 26, 2025 North Queensland Cowboys Cowboys confirm SEVEN promotions to NRL squad Scott Pryde - October 26, 2023 Latest News FULL TI"
"new","Newcastle Knights","Wilson Decourcey","Unknown","1","player_specific_contract_candidate","zerotackle.com","false","false","true","contract_or_signing_language|contract_table","zerotackle-direct-player-profile","","Wilson De Courcey (Newcastle Knights) - NRL Stats, News, Contract &amp; Player Profile - Zero Tackle","https://www.zerotackle.com/players/wilson-de-courcey/","Player Contracts Player Contracts Team 2026 2027 2028 2029 2030 Newcastle Knights ✔ Stats 2026 Stats Round Opp P T G MINS AR ARM LB LBA TA OL TK MT TB KM 40/20 PE ER TOTALS 3 0 0 0 81 9 74 0 0 0 1 10 5 1 0 0 1 0 4 0 0 0 0 0 0 0 0 0 0 0 0 0 0 0 0 0 5 0 0 0 40 5 54 0 0 0 1 6 3 1 0 0 0 0 6 0 0 0 41 4 20 0 0 0 0 4 2 0 0 0 1 0 Latest NRL News Newcastle Knights young gun makes stunning contract decision Aden McGovern - May"
"nql","North Queensland Cowboys","Scott Drinkwater","Fullback","1","player_specific_salary_candidate","couriermail.com.au","false","false","false","money|contract_or_salary_language|term_language|term_length_language","bing-news-rss","Wed, 15 Apr 2026 07:17:00 GMT","Dragons table $3 million contract for Cowboys star Scott Drinkwater, Tom Chester set to re-sign","https://www.couriermail.com.au/sport/nrl/dragons-table-3-million-bid-for-cowboys-star-fullback-scott-drinkwater/news-story/339dd7e5ffa12e46d7b8996f53677be9","This masthead can reveal St George Illawarra bosses have offered Drinkwater a three-year contract until the end of 2029 amid interest from five clubs for the North Queensland fullback. Cowboys chiefs ..."
"nql","North Queensland Cowboys","Scott Drinkwater","Fullback","2","player_specific_salary_candidate","cairnspost.com.au","false","false","false","money|contract_or_salary_language|term_language|term_length_language","bing-news-rss","Wed, 15 Apr 2026 07:17:00 GMT","Dragons table $3 million contract for Cowboys star Scott Drinkwater, Tom Chester set to re-sign","https://www.cairnspost.com.au/sport/nrl/dragons-table-3-million-bid-for-cowboys-star-fullback-scott-drinkwater/news-story/339dd7e5ffa12e46d7b8996f53677be9","This masthead can reveal St George Illawarra bosses have offered Drinkwater a three-year contract until the end of 2029 amid interest from five clubs for the North Queensland fullback. Cowboys chiefs ..."
"nql","North Queensland Cowboys","Scott Drinkwater","Fullback","3","player_specific_contract_candidate","townsvillebulletin.com.au","false","false","false","contract_or_salary_language|signing_language","bing-news-rss","Fri, 10 Apr 2026 08:42:00 GMT","Cowboys star Scott Drinkwater closes in on move to the Dragons","https://www.townsvillebulletin.com.au/sport/nrl/cowboys-star-scott-drinkwater-closes-in-on-move-to-the-dragons/news-story/cb630e296a22f1b9f82e940ad0522818","Drinkwater has another year remaining on his deal with the Cowboys but the club re-signed Jaxon Purdue on a long-term extension this week with the plan to eventually move him to the No.1 jersey. Those ..."
"nql","North Queensland Cowboys","Scott Drinkwater","Fullback","4","player_specific_contract_candidate","zerotackle.com","false","false","true","contract_or_signing_language|contract_table","zerotackle-direct-player-profile","","Scott Drinkwater (North Queensland Cowboys) - NRL Stats, News, Contract &amp; Player Profile - Zero Tackle","https://www.zerotackle.com/players/scott-drinkwater/","Player Contracts Player Contracts Team 2026 2027 2028 2029 2030 North Queensland Cowboys $750K St George Illawarra Dragons $950K $950K $950K Stats 2026 Stats Round Opp P T G MINS AR ARM LB LBA TA OL TK MT TB KM 40/20 PE ER TOTALS 17 36 8 1 1352 331 2619 7 23 18 22 102 35 60 1718 2 7 29 1 0 0 0 68 19 117 0 0 0 1 4 2 3 71 0 0 2 2 0 0 0 80 16 143 0 2 2 0 4 3 3 48 0 0 2 3 4 1 0 80 22 224 1 1 1 2 4 3 7 102 0 0 2 4 2 0 1 8"
"nql","North Queensland Cowboys","Murray Taulagi","Winger","1","player_specific_contract_candidate","au.sports.yahoo.com","false","false","false","contract_or_salary_language","bing-news-rss","Thu, 28 May 2026 17:00:00 GMT","Murray Taulagi set for club switch after surprise Cowboys move","https://au.sports.yahoo.com/murray-taulagi-set-club-switch-005319377.html","North Queensland Cowboys outside back Murray Taulagi has sensationally had his contract offer taken off the table by the club. The winger has been linked with an exit from the club in recent times, ..."
"nql","North Queensland Cowboys","Murray Taulagi","Winger","2","player_specific_profile_candidate","couriermail.com.au","false","false","false","","bing-news-rss","Tue, 26 May 2026 07:29:00 GMT","Murray Taulagi's North Queensland Cowboys career over after signing of Sharks backline duo","https://www.couriermail.com.au/sport/nrl/murray-taulagis-north-queensland-cowboys-career-over-after-signing-of-sharks-backline-duo/news-story/99febe9f8e34e1f976672899efcda8d8","The Cowboys have completed a Shark attack, snaring Ramien and Katoa to bolster their backline stocks at a time when resurgent North Queensland are charging towards a finals campaign. Centre Ramien and ..."
"nql","North Queensland Cowboys","Murray Taulagi","Winger","3","player_specific_profile_candidate","goldcoastbulletin.com.au","false","false","false","","bing-news-rss","Tue, 26 May 2026 07:29:00 GMT","Murray Taulagi's North Queensland Cowboys career over after signing of Sharks backline duo","https://www.goldcoastbulletin.com.au/sport/nrl/murray-taulagis-north-queensland-cowboys-career-over-after-signing-of-sharks-backline-duo/news-story/99febe9f8e34e1f976672899efcda8d8","The Cowboys have completed a Shark attack, snaring Ramien and Katoa to bolster their backline stocks at a time when resurgent North Queensland are charging towards a finals campaign. Centre Ramien and ..."
"nql","North Queensland Cowboys","Murray Taulagi","Winger","4","player_specific_profile_candidate","townsvillebulletin.com.au","false","false","false","","bing-news-rss","Sun, 24 May 2026 23:45:00 GMT","North Queensland Cowboys coach Todd Payten has named Reuben Cotter and Murray Taulagi to play this weekend","https://www.townsvillebulletin.com.au/sport/nrl/decision-on-todd-paytens-cowboys-future-imminent-after-strong-hint-from-ceo/news-story/671724b15c1985c64bb40b7dd13c33ad","Cowboys coach Todd Payten has made two changes to his side that beat the Rabbitohs, with a star winger returning and his skipper expected to back up after Origin I. See all the latest team news Cotter ..."
"nql","North Queensland Cowboys","Murray Taulagi","Winger","5","player_specific_profile_candidate","cairnspost.com.au","false","false","false","","bing-news-rss","Sun, 24 May 2026 23:41:00 GMT","North Queensland Cowboys coach Todd Payten has named Reuben Cotter and Murray Taulagi to play this weekend","https://www.cairnspost.com.au/sport/nrl/decision-on-todd-paytens-cowboys-future-imminent-after-strong-hint-from-ceo/news-story/671724b15c1985c64bb40b7dd13c33ad","Cotter was one of two changes to North Queensland's team this week with star winger Murray Taulagi named to make his return from a concussion. Cowboys coach Todd Payten said the club's medical staff ..."
"nql","North Queensland Cowboys","Murray Taulagi","Winger","6","player_specific_contract_candidate","zerotackle.com","false","false","true","contract_or_signing_language|contract_table","zerotackle-direct-player-profile","","Murray Taulagi (North Queensland Cowboys) - NRL Stats, News, Contract &amp; Player Profile - Zero Tackle","https://www.zerotackle.com/players/murray-taulagi/","Player Contracts Player Contracts Team 2026 2027 2028 2029 2030 North Queensland Cowboys ✔ Stats 2026 Stats Round Opp P T G MINS AR ARM LB LBA TA OL TK MT TB KM 40/20 PE ER TOTALS 14 44 11 0 939 195 1837 10 5 1 9 71 16 30 39 0 2 8 1 8 2 0 80 17 170 1 0 0 1 6 1 1 0 0 0 1 2 0 0 0 80 14 143 0 1 0 1 7 3 1 0 0 0 0 3 8 2 0 80 19 169 2 0 0 0 4 0 3 25 0 0 1 4 4 1 0 80 15 134 1 1 0 0 3 2 3 0 0 0 0 5 4 1 0 80 22 160 1 1 0 3 6 "
"nql","North Queensland Cowboys","Zac Laybutt","Centre","1","player_specific_profile_candidate","townsvillebulletin.com.au","false","false","false","","bing-news-rss","Wed, 29 Apr 2026 08:33:00 GMT","NRL 2026: Cowboys international Zac Laybutt thinking about potential PNG move after Luai defection","https://www.townsvillebulletin.com.au/sport/nrl/teams/cowboys/nrl-2026-cowboys-international-zac-laybutt-thinking-about-potential-png-move-after-luai-defection/news-story/827606a26e58ff82b583a1d13adec451","The Chiefs sent a shockwave through the NRL this week when NSW Blues playmaker Jarome Luai was unveiled as its inaugural signing. Laybutt, who has represented Papua New Guinea at the international ..."
"nql","North Queensland Cowboys","Zac Laybutt","Centre","2","player_specific_profile_candidate","adelaidenow.com.au","false","false","false","","bing-news-rss","Wed, 29 Apr 2026 08:04:00 GMT","NRL 2026: Cowboys international Zac Laybutt thinking about potential PNG move after Luai defection","https://www.adelaidenow.com.au/sport/nrl/teams/cowboys/nrl-2026-cowboys-international-zac-laybutt-thinking-about-potential-png-move-after-luai-defection/news-story/827606a26e58ff82b583a1d13adec451","The Chiefs sent a shockwave through the NRL this week when NSW Blues playmaker Jarome Luai was unveiled as its inaugural signing. Laybutt, who has represented Papua New Guinea at the international ..."
"nql","North Queensland Cowboys","Zac Laybutt","Centre","3","player_specific_contract_candidate","zerotackle.com","false","false","true","contract_or_signing_language|contract_table","zerotackle-direct-player-profile","","Zac Laybutt (North Queensland Cowboys) - NRL Stats, News, Contract &amp; Player Profile - Zero Tackle","https://www.zerotackle.com/players/zac-laybutt/","Player Contracts Player Contracts Team 2026 2027 2028 2029 2030 North Queensland Cowboys ✔ ✔ Stats 2026 Stats Round Opp P T G MINS AR ARM LB LBA TA OL TK MT TB KM 40/20 PE ER TOTALS 15 8 2 0 988 158 1361 6 5 2 4 107 15 26 17 0 2 15 3 0 0 0 0 0 0 0 0 0 0 0 0 0 0 0 0 0 4 0 0 0 80 7 52 0 1 1 0 21 0 0 0 0 0 1 5 0 0 0 24 4 44 0 0 0 0 1 0 0 0 0 0 0 6 4 1 0 80 17 176 1 0 0 0 3 0 1 0 0 0 0 7 0 0 0 80 13 135 0 0 0 0 9 0 2 0 0"
"nql","North Queensland Cowboys","Jaxon Purdue","Centre","1","player_specific_salary_candidate","townsvillebulletin.com.au","false","false","false","money|contract_or_salary_language|term_length_language","bing-news-rss","Sat, 21 Mar 2026 08:00:00 GMT","Cowboys confident in signing Jaxon Purdue to $3 million mega-extension","https://www.townsvillebulletin.com.au/sport/nrl/cowboys-confident-in-signing-jaxon-purdue-to-3-million-megaextension/news-story/6fdb8b42d8d121d5410bd6f78796abc3","Jaxon Purdue is off-contract and has been linked with several NRL rivals, including the Storm, Bulldogs and Perth, but the Cowboys insist the 20-year-old sensation is going nowhere. This masthead can ..."
"nql","North Queensland Cowboys","Jaxon Purdue","Centre","2","player_specific_salary_candidate","goldcoastbulletin.com.au","false","false","false","money|contract_or_salary_language|term_length_language","bing-news-rss","Sat, 21 Mar 2026 08:00:00 GMT","Cowboys confident in signing Jaxon Purdue to $3 million mega-extension","https://www.goldcoastbulletin.com.au/sport/nrl/cowboys-confident-in-signing-jaxon-purdue-to-3-million-megaextension/news-story/6fdb8b42d8d121d5410bd6f78796abc3","This masthead can reveal Cowboys bosses have kicked-off extension talks with Purdue's management in the lead-up to Sunday's clash against the Titans at Queensland Country Bank Stadium. The 20-year-old ..."
"nql","North Queensland Cowboys","Jaxon Purdue","Centre","3","player_specific_contract_candidate","au.news.yahoo.com","false","false","false","money|contract_or_salary_language","bing-news-rss","Tue, 07 Apr 2026 17:00:00 GMT","Cowboys lock down star in $3 million move as claim about meeting with NRL rival shot down","https://au.news.yahoo.com/cowboys-lock-down-star-in-3-million-move-as-claim-about-meeting-with-nrl-rival-shot-down-025537979.html","Add Yahoo as a preferred source to see more of our stories on Google. The Cowboys have reportedly locked down young gun Jaxon Purdue to a new long-term contract that's understood to be worth around $3 ..."
"nql","North Queensland Cowboys","Jaxon Purdue","Centre","4","player_specific_contract_candidate","townsvillebulletin.com.au","false","false","false","contract_or_salary_language|term_length_language","bing-news-rss","Wed, 08 Apr 2026 05:30:00 GMT","Cowboys star Jaxon Purdue commits future to club with new four-year deal","https://www.townsvillebulletin.com.au/news/townsville/cowboys-star-jaxon-purdue-commits-future-to-club-with-new-fouryear-deal/news-story/1465894f3ae02ced449cce97a7e7c22d","The attacking threat, who was in the sights of several rival clubs, has instead chosen to remain close to home after coming through the Cowboys Academy Program following his schooling years in Mackay."
"nql","North Queensland Cowboys","Jaxon Purdue","Centre","5","player_specific_contract_candidate","goldcoastbulletin.com.au","false","false","false","contract_or_salary_language|term_length_language","bing-news-rss","Mon, 02 Mar 2026 10:27:00 GMT","Cowboys chase Jaxon Purdue contract extension as fullback switch looms","https://www.goldcoastbulletin.com.au/sport/nrl/cowboys-chase-jaxon-purdue-contract-extension-as-fullback-switch-looms/news-story/ec97e75ece8fd9184b4c5599bb23d3b0","The Cowboys are in talks with Purdue over a two-year extension to keep the potential future Maroons flyer in Townsville. On the back of a breakout 2025 season, Purdue showed glimpses of what he could ..."
"nql","North Queensland Cowboys","Jaxon Purdue","Centre","6","player_specific_contract_candidate","thechronicle.com.au","false","false","false","contract_or_salary_language|term_length_language","bing-news-rss","Mon, 02 Mar 2026 11:21:00 GMT","Cowboys chase Jaxon Purdue contract extension as fullback switch looms","https://www.thechronicle.com.au/sport/nrl/cowboys-chase-jaxon-purdue-contract-extension-as-fullback-switch-looms/news-story/ec97e75ece8fd9184b4c5599bb23d3b0","Cowboys young gun Jaxon Purdue has shown he can excel at fullback after impressing during their Las Vegas loss, as the club works to secure him on a two-year extension. The Cowboys are in talks with ..."
"nql","North Queensland Cowboys","Jaxon Purdue","Centre","7","player_specific_profile_candidate","themercury.com.au","false","false","false","","bing-news-rss","Thu, 21 May 2026 08:20:00 GMT","North Queensland Cowboys star Jaxon Purdue's State of Origin ambitions laid bare after Maroons snub","https://www.themercury.com.au/sport/nrl/north-queensland-cowboys-star-jaxon-purdues-state-of-origin-ambitions-laid-bare-after-maroons-snub/news-story/70679d1eea63b2435229560f6d122e32","Purdue was put forward as a potential bolter for Billy Slater's Queensland squad, but missed out as Ezra Mam and Gehamat Shibasaki were named on the interchange as the two backs. Purdue said he was ..."
"nql","North Queensland Cowboys","Jaxon Purdue","Centre","8","player_specific_profile_candidate","goldcoastbulletin.com.au","false","false","false","","bing-news-rss","Tue, 16 Jun 2026 09:00:00 GMT","Todd Payten's shock call to unlock rising Cowboys star Jaxon Purdue's potential","https://www.goldcoastbulletin.com.au/sport/nrl/todd-paytens-shock-call-to-unlock-rising-cowboys-star-jaxon-purdues-potential/news-story/0df905d8beb8d5e67f22e506aa5b612e","Purdue will start his first NRL game in the No.6 jersey since round 22, 2025, while the Cowboys also welcome back a trio of injured players. Maroons backrower Jeremiah Nanai and veteran winger Braidon ..."
"nql","North Queensland Cowboys","Jaxon Purdue","Centre","9","player_specific_profile_candidate","ntnews.com.au","false","false","false","","bing-news-rss","Mon, 25 May 2026 05:27:00 GMT","'Dream come true': Xavier Kerrisk makes emotional North Queensland Cowboys NRL debut","https://www.ntnews.com.au/sport/nrl/dream-come-true-xavier-kerrisk-makes-emotional-north-queensland-cowboys-nrl-debut/news-story/0d4de2e2d82235a0d9e9be35da3b3bfd","The NRL's latest debutant has opened up on his journey to first grade, the multiple false starts he had to endure, and the touching moment he shared with St Patrick's classmate Jaxon Purdue. The ..."
"nql","North Queensland Cowboys","Jaxon Purdue","Centre","10","player_specific_contract_candidate","zerotackle.com","false","false","true","contract_or_signing_language|contract_table","zerotackle-direct-player-profile","","Jaxon Purdue (North Queensland Cowboys) - NRL Stats, News, Contract &amp; Player Profile - Zero Tackle","https://www.zerotackle.com/players/jaxon-purdue/","Player Contracts Player Contracts Team 2026 2027 2028 2029 2030 North Queensland Cowboys ✔ ✔ ✔ ✔ ✔ Stats 2026 Stats Round Opp P T G MINS AR ARM LB LBA TA OL TK MT TB KM 40/20 PE ER TOTALS 17 24 6 0 1364 244 2186 11 8 6 12 262 43 44 106 0 6 21 1 0 0 0 80 21 175 0 0 0 0 12 7 6 0 0 0 2 2 4 1 0 80 12 136 2 0 0 0 12 2 2 0 0 0 1 3 4 1 0 80 17 134 1 2 2 3 8 1 3 0 0 0 1 4 0 0 0 80 17 144 1 1 1 1 10 2 1 14 0 0 1 5 8 2 0 80 15"
"nql","North Queensland Cowboys","Robert Derby","Winger","1","player_specific_contract_candidate","zerotackle.com","false","false","true","contract_or_signing_language|contract_table","zerotackle-direct-player-profile","","Robert Derby (North Queensland Cowboys) - NRL Stats, News, Contract &amp; Player Profile - Zero Tackle","https://www.zerotackle.com/players/robert-derby/","Player Contracts Player Contracts Team 2026 2027 2028 2029 2030 North Queensland Cowboys ✔ ✔ ✔ Stats 2026 Stats Round Opp P T G MINS AR ARM LB LBA TA OL TK MT TB KM 40/20 PE ER TOTALS 7 0 0 0 80 23 175 0 0 0 0 12 1 1 0 0 0 1 1 0 0 0 0 0 0 0 0 0 0 0 0 0 0 0 0 0 6 0 0 0 0 0 0 0 0 0 0 0 0 0 0 0 0 0 9 0 0 0 0 0 0 0 0 0 0 0 0 0 0 0 0 0 10 0 0 0 0 0 0 0 0 0 0 0 0 0 0 0 0 0 11 0 0 0 0 0 0 0 0 0 0 0 0 0 0 0 0 0 12 0 0 0 80 2"
"nql","North Queensland Cowboys","Jake Clifford","Five-Eighth","1","player_specific_contract_candidate","couriermail.com.au","false","false","false","contract_or_salary_language|term_language|term_length_language","bing-news-rss","Thu, 07 May 2026 03:00:00 GMT","Jake Clifford commits future to Cowboys with new two-year contract extension","https://www.couriermail.com.au/sport/jake-clifford-commits-future-to-cowboys-with-new-twoyear-contract-extension/news-story/e0dd7c58abb4dad0556cb397c56495b6","The late-blooming Clifford has inked a two-year contract extension to remain at the Cowboys until the end of 2028 in a boost for the club on the eve of Friday night's clash against the Eels in ..."
"nql","North Queensland Cowboys","Jake Clifford","Five-Eighth","2","player_specific_contract_candidate","theaustralian.com.au","false","false","false","contract_or_salary_language|term_language|term_length_language","bing-news-rss","Wed, 06 May 2026 17:01:00 GMT","Jake Clifford commits future to Cowboys with new two-year contract extension","https://www.theaustralian.com.au/sport/nrl/jake-clifford-commits-future-to-cowboys-with-new-twoyear-contract-extension/news-story/e0dd7c58abb4dad0556cb397c56495b6","The late-blooming Clifford has inked a two-year contract extension to remain at the Cowboys until the end of 2028 in a boost for the club on the eve of Friday night's clash against the Eels in ..."
"nql","North Queensland Cowboys","Jake Clifford","Five-Eighth","3","player_specific_contract_candidate","townsvillebulletin.com.au","false","false","false","term_length_language","bing-news-rss","Sun, 07 Jun 2026 04:36:00 GMT","Emerging North Queensland Cowboys playmaker puts hand up for NRL debut","https://www.townsvillebulletin.com.au/sport/nrl/emerging-north-queensland-cowboys-playmaker-puts-hand-up-for-nrl-debut/news-story/704834cb216b30c399a7bfeeffa3ba5a","The 20-year-old has stepped in to the primary playmaker role at the Pride this year after deputising Jake Clifford and Tom Duffy last season. The former Queensland U19s squad member finished his ..."
"nql","North Queensland Cowboys","Jake Clifford","Five-Eighth","4","player_specific_profile_candidate","themercury.com.au","false","false","false","","bing-news-rss","Tue, 12 May 2026 16:59:00 GMT","State of Origin: Cowboys half Jake Clifford in Magic Round shootout for Maroons jersey","https://www.themercury.com.au/sport/nrl/state-of-origin-cowboys-half-jake-clifford-in-magic-round-shootout-for-maroons-jersey/news-story/9aad8008a2e3e16e8bce8e46a0b64b67","Cowboys playmaker Jake Clifford has emerged as a potential Maroons bolter following long-term injury to reigning Wally Lewis medallist Tom Dearden. Clifford has stepped into Dearden's No. 7 jersey at ..."
"nql","North Queensland Cowboys","Jake Clifford","Five-Eighth","5","player_specific_contract_candidate","cowboys.com.au","true","false","false","contract_or_signing_language|term_language|term_length_language","official-club-signings-topic","2026-05-06T23:56:00+00:00","Clifford re-signs until the end of 2028","https://www.cowboys.com.au/news/2026/05/07/cowboys-extend-clifford-jake-2028/","Title: Clifford re-signs until the end of 2028 URL Source: https://www.cowboys.com.au/news/2026/05/07/cowboys-extend-clifford-jake-2028/ Published Time: 2026-05-06T23:56:00+00:00 Markdown Content: [Skip to main content](https://www.cowboys.com.au/news/2026/05/07/cowboys-extend-clifford-jake-2028/#main-content) ## Main [![Image 1: cowboys logo](https://www.cowboys.com.au/.theme/cowboys/badge-light.svg?bust=202607060241)![Image 2: cowboys logo](https://www.cowboys.com.au/.theme/cowboys/text.svg?bust=202607060241)](https://www.cowboys.com.au/) [](https://www.cowboys.com.au/search/) * [News](https://www.cowboys.com.au/news/) * [Watch](https://www.cowboys.com.au/watch/) * [Draw](https://www.cowbo"
"nql","North Queensland Cowboys","Jake Clifford","Five-Eighth","6","player_specific_contract_candidate","zerotackle.com","false","false","true","contract_or_signing_language|contract_table","zerotackle-direct-player-profile","","Jake Clifford (North Queensland Cowboys) - NRL Stats, News, Contract &amp; Player Profile - Zero Tackle","https://www.zerotackle.com/players/jake-clifford/","Player Contracts Player Contracts Team 2026 2027 2028 2029 2030 North Queensland Cowboys ✔ ✔ ✔ Stats 2026 Stats Round Opp P T G MINS AR ARM LB LBA TA OL TK MT TB KM 40/20 PE ER TOTALS 17 132 6 53 1364 151 1281 8 12 14 14 265 35 36 5046 2 9 22 1 6 0 3 80 8 53 0 0 1 0 17 2 2 334 0 2 2 2 4 0 2 80 10 112 0 0 1 3 14 2 3 33 0 0 1 3 14 1 5 80 12 94 1 1 1 0 13 1 2 124 0 1 3 4 6 1 1 80 14 156 2 1 0 1 11 4 9 195 0 0 1 5 12 1 4"
"nql","North Queensland Cowboys","Tom Dearden","Halfback","1","player_specific_contract_candidate","themercury.com.au","false","false","false","contract_or_salary_language|term_length_language","bing-news-rss","Tue, 26 May 2026 00:29:00 GMT","NRL 2020: Broncos young gun Tom Dearden on his contract and coach Kevin Walters","https://www.themercury.com.au/sport/nrl/broncos-playmaker-tom-dearden-vows-to-make-coach-kevin-walters-proud/news-story/bf360cdfe74d4cb64712e33b9db9d53c","Tom Dearden was a shining light for the Broncos in 2020, and the young gun has revealed where his future lies as the club announced a major sponsorship deal. The 19-year-old is off contract at the end ..."
"nql","North Queensland Cowboys","Tom Dearden","Halfback","2","player_specific_profile_candidate","cairnspost.com.au","false","false","false","","bing-news-rss","Thu, 09 Jul 2026 10:17:00 GMT","North Queensland Cowboys star Tom Dearden ruled out as Payten provides State of Origin update","https://www.cairnspost.com.au/sport/cowboys-playmaker-jaxon-purdue-thriving-after-finding-freedom-in-new-role/news-story/cdb83ca373c9e5b76140b4d6afac0380","Cowboys co-captain Tom Dearden has been ruled out of Sunday's meeting with Manly despite a return to full training as he fights to come back from an ankle injury."
"nql","North Queensland Cowboys","Tom Dearden","Halfback","3","player_specific_profile_candidate","thechronicle.com.au","false","false","false","","bing-news-rss","Mon, 06 Jul 2026 23:20:00 GMT","Todd Payten's promising Tom Dearden update and Haylee Hifo named to make NRLW debut for North Queensland","https://www.thechronicle.com.au/sport/nrl/todd-paytens-promising-tom-dearden-update-and-haylee-hifo-named-to-make-nrlw-debut-for-north-queensland/news-story/2c411b16ecbaf442489af2b59c927c4a","Plans to celebrate Tom Dearden's return from an ankle injury might need to be put on ice after the Cowboys skipper was a glaring omission from Todd Payten's starting side to play the Sea Eagles."
"nql","North Queensland Cowboys","Tom Dearden","Halfback","4","player_specific_contract_candidate","cowboys.com.au","true","false","false","contract_or_signing_language|term_language|term_length_language","official-club-signings-topic","2026-05-06T23:56:00+00:00","Clifford re-signs until the end of 2028","https://www.cowboys.com.au/news/2026/05/07/cowboys-extend-clifford-jake-2028/","Title: Clifford re-signs until the end of 2028 URL Source: https://www.cowboys.com.au/news/2026/05/07/cowboys-extend-clifford-jake-2028/ Published Time: 2026-05-06T23:56:00+00:00 Markdown Content: [Skip to main content](https://www.cowboys.com.au/news/2026/05/07/cowboys-extend-clifford-jake-2028/#main-content) ## Main [![Image 1: cowboys logo](https://www.cowboys.com.au/.theme/cowboys/badge-light.svg?bust=202607060241)![Image 2: cowboys logo](https://www.cowboys.com.au/.theme/cowboys/text.svg?bust=202607060241)](https://www.cowboys.com.au/) [](https://www.cowboys.com.au/search/) * [News](https://www.cowboys.com.au/news/) * [Watch](https://www.cowboys.com.au/watch/) * [Draw](https://www.cowbo"
"nql","North Queensland Cowboys","Tom Dearden","Halfback","5","player_specific_contract_candidate","zerotackle.com","false","false","true","contract_or_signing_language|contract_table","zerotackle-direct-player-profile","","Tom Dearden (North Queensland Cowboys) - NRL Stats, News, Contract &amp; Player Profile - Zero Tackle","https://www.zerotackle.com/players/tom-dearden/","Player Contracts Player Contracts Team 2026 2027 2028 2029 2030 North Queensland Cowboys $700K $700K $700K $700K Stats 2026 Stats Round Opp P T G MINS AR ARM LB LBA TA OL TK MT TB KM 40/20 PE ER TOTALS 10 4 1 0 801 141 1123 5 14 11 3 240 16 26 1635 0 2 3 1 0 0 0 80 12 89 0 1 1 0 37 1 3 55 0 0 0 2 0 0 0 80 8 54 0 0 0 0 24 3 0 194 0 0 0 3 0 0 0 80 15 90 0 0 0 0 26 2 2 277 0 1 0 4 0 0 0 80 12 77 1 1 1 0 18 1 1 162 0 0 0"
"nql","North Queensland Cowboys","Jason Taumalolo","Prop","1","player_specific_salary_candidate","dailytelegraph.com.au","false","false","false","money|contract_or_salary_language|signing_language|term_length_language","bing-news-rss","Mon, 25 Sep 2017 17:00:00 GMT","Pizza shop story behind how Jason Taumalolo became North Queensland's $10 million man","https://www.dailytelegraph.com.au/sport/nrl/pizza-shop-story-behind-how-jason-taumalolo-became-north-queenslands-10-million-man/news-story/e2c192649dd68f998a02ede73b67825b","It was a deal struck at a pizza shop in Townsville. Six months ago he signed one of the richest deals in NRL history when he inked a 10-year, $10 million contract. But long before Taumalolo would ..."
"nql","North Queensland Cowboys","Jason Taumalolo","Prop","2","player_specific_salary_candidate","couriermail.com.au","false","false","false","money|contract_or_salary_language|term_length_language","bing-news-rss","Wed, 22 Mar 2017 06:20:00 GMT","Ben Ikin says Jason Taumalolo cost himself $5 million by signing 10-year deal with Cowboys","https://www.couriermail.com.au/sport/nrl/ben-ikin-says-jason-taumalolo-cost-himself-5-million-by-signing-10year-deal-with-cowboys/news-story/0e28c8a47006afb5caae5e513cfe158e","THE Cowboys have taken some risks by giving Jason Taumalolo a 10-year-deal but according to Ben Ikin the club is still the big winner, with the Dally M star costing himself up to $5 million. Ikin is a ..."
"nql","North Queensland Cowboys","Jason Taumalolo","Prop","3","player_specific_contract_candidate","nrl.com","false","false","false","signing_language","bing-news-rss","Sat, 27 Jun 2026 03:26:00 GMT","NRL congratulates Jason Taumalolo","https://www.nrl.com/news/2026/06/27/nrl-congratulates-jason-taumalolo/","National Rugby League (NRL) CEO Andrew Abdo has congratulated North Queensland Cowboys prop Jason Taumalolo, who will play his 300th NRL match today. Taumalolo will become the 56th player to join the ..."
"nql","North Queensland Cowboys","Jason Taumalolo","Prop","4","player_specific_contract_candidate","goldcoastbulletin.com.au","false","false","false","term_length_language","bing-news-rss","Sun, 21 Jun 2026 19:18:00 GMT","'He was my idol': Jeremiah Nanai's touching tribute to Jason Taumalolo","https://www.goldcoastbulletin.com.au/sport/nrl/jason-taumalolo-charged-by-nrl-judiciary-ahead-of-milestone-300th-game/news-story/30ddbb735fc2989b998be44404efa490","At the top of his game Taumalolo was the most damaging ballrunner the NRL has ever seen, skittling the competition's toughest forwards with ease. In the mind of a 10-year-old Nanai, the Tongan ..."
"nql","North Queensland Cowboys","Jason Taumalolo","Prop","5","player_specific_contract_candidate","geelongadvertiser.com.au","false","false","false","term_length_language","bing-news-rss","Sun, 21 Jun 2026 19:31:00 GMT","'He was my idol': Jeremiah Nanai's touching tribute to Jason Taumalolo","https://www.geelongadvertiser.com.au/sport/nrl/jason-taumalolo-charged-by-nrl-judiciary-ahead-of-milestone-300th-game/news-story/30ddbb735fc2989b998be44404efa490","At the top of his game Taumalolo was the most damaging ballrunner the NRL has ever seen, skittling the competition's toughest forwards with ease. In the mind of a 10-year-old Nanai, the Tongan ..."
"nql","North Queensland Cowboys","Jason Taumalolo","Prop","6","player_specific_profile_candidate","smh.com.au","false","false","false","term_language","bing-news-rss","Fri, 26 Jun 2026 22:00:00 GMT","'You feel like you're going to black out:' How Taumalolo ignored the pain to reach 300 NRL games","https://www.smh.com.au/sport/nrl/you-feel-like-you-re-going-to-black-out-how-taumalolo-ignored-the-pain-to-reach-300-nrl-games-20260625-p609xt.html","You have reached your maximum number of saved items. Remove items from your saved list to add more. Midway through the 2017 season Jason Taumalolo walked up to the North Queensland medical staff and ..."
"nql","North Queensland Cowboys","Jason Taumalolo","Prop","7","player_specific_profile_candidate","theaustralian.com.au","false","false","false","","bing-news-rss","Fri, 27 Mar 2026 17:00:00 GMT","Investigation into Jason Taumalolo's State of Origin eligibility officially ends 14-years of confusion","https://www.theaustralian.com.au/sport/nrl/investiation-into-jason-taumalolos-state-of-origin-eligibility-officially-ends-14years-of-confusion/news-story/c61e8b1579202657e611df20d7c25b3a","An investigation by this masthead has finally uncovered the truth surrounding Taumalolo's Origin eligibility - ending 14 years of confusion as to whether the Cowboys champion can play for the Maroons."
"nql","North Queensland Cowboys","Jason Taumalolo","Prop","8","player_specific_profile_candidate","ntnews.com.au","false","false","false","","bing-news-rss","Mon, 02 Mar 2020 05:27:00 GMT","Best ever: Hunger driving Jason Taumalolo to leave lasting NRL legacy","https://www.ntnews.com.au/sport/nrl/nrl-2020-jason-taumalolo-best-ever-north-queensland-cowboys-legacy-rugby-league/news-story/24f2696bfd131912ceddac94d8ba668a","Already considered the NRL's premier forward, Taumalolo will assume a more senior role in a younger Cowboys' forward pack when they kick off their season against Brisbane next Friday. Watch the 2020 ..."
"nql","North Queensland Cowboys","Jason Taumalolo","Prop","9","player_specific_profile_candidate","au.sports.yahoo.com","false","false","false","","bing-news-rss","Tue, 23 Jun 2026 17:00:00 GMT","300-game goliath: TEN greatest Jason Taumalolo career moments","https://au.sports.yahoo.com/300-game-goliath-ten-greatest-203938978.html","North Queensland Cowboys star Jason Taumalolo will mark his 300th NRL game this weekend, joining an elite list of the code's 55 legends who have reached the triple century. What makes it even more ..."
"nql","North Queensland Cowboys","Jason Taumalolo","Prop","10","player_specific_profile_candidate","themercury.com.au","false","false","false","","bing-news-rss","Fri, 06 Sep 2019 10:42:00 GMT","NRL boss Todd Greenberg meets with Jason Taumalolo over threats of Tongan boycott","https://www.themercury.com.au/sport/nrl/nrl-boss-todd-greenberg-meets-with-jason-taumalolo-over-threats-of-tongan-boycott/news-story/36fb10b902bf3da057ffbe9710a5c4d5","NRL boss Todd Greenberg will meet with Tongan kingpin Jason Taumalolo in a desperate effort to end the disastrous boycott which threatens to end the Pacific Island's rise. In a move that could have a ..."
"nql","North Queensland Cowboys","Jason Taumalolo","Prop","11","player_specific_contract_candidate","zerotackle.com","false","false","true","contract_or_signing_language|contract_table","zerotackle-direct-player-profile","","Jason Taumalolo (North Queensland Cowboys) - NRL Stats, News, Contract &amp; Player Profile - Zero Tackle","https://www.zerotackle.com/players/jason-taumalolo/","Player Contracts Player Contracts Team 2026 2027 2028 2029 2030 North Queensland Cowboys $950K $950K Stats 2026 Stats Round Opp P T G MINS AR ARM LB LBA TA OL TK MT TB KM 40/20 PE ER TOTALS 16 0 0 0 743 222 2472 1 2 2 15 301 34 36 0 0 1 4 1 0 0 0 43 12 141 0 0 0 1 19 2 2 0 0 0 0 2 0 0 0 47 12 148 0 0 0 1 20 2 1 0 0 0 0 3 0 0 0 50 15 176 0 0 0 1 15 3 1 0 0 0 0 4 0 0 0 50 15 153 0 0 0 1 20 0 0 0 0 0 0 5 0 0 0 44 15 163"
"nql","North Queensland Cowboys","Reed Mahoney","Hooker","1","player_specific_contract_candidate","theaustralian.com.au","false","false","false","term_length_language","bing-news-rss","Sun, 24 May 2026 17:00:00 GMT","'Dream come true': Xavier Kerrisk makes emotional North Queensland Cowboys NRL debut","https://www.theaustralian.com.au/sport/nrl/dream-come-true-xavier-kerrisk-makes-emotional-north-queensland-cowboys-nrl-debut/news-story/0d4de2e2d82235a0d9e9be35da3b3bfd","The 20-year-old rake became Cowboy No.334 on Sunday when he replaced Reed Mahoney in the 72nd minute, completing his childhood dream. ""It's definitely a dream come true. It's hard to put into words ..."
"nql","North Queensland Cowboys","Reed Mahoney","Hooker","2","player_specific_profile_candidate","zerotackle.com","false","false","false","","bing-news-rss","Sun, 05 Jul 2026 04:04:00 GMT","The biggest misconception around the Eels ""rebuild""","https://www.zerotackle.com/the-biggest-misconception-around-the-eels-rebuild-235478/","With a spine of Clint Gutherson, Dylan Brown, Mitch Moses, and Reed Mahoney that downgraded to Josh Hodgson, who spent the entire 2022 season recovering from an ACL injury, to replace Mahoney, the ..."
"nql","North Queensland Cowboys","Reed Mahoney","Hooker","3","player_specific_contract_candidate","cowboys.com.au","true","false","false","contract_or_signing_language|term_length_language","official-club-signings-topic","2026-01-20T06:25:00+00:00","Cowboys sign Luke","https://www.cowboys.com.au/news/2026/01/20/cowboys-sign-luke/","Title: Cowboys sign Luke URL Source: https://www.cowboys.com.au/news/2026/01/20/cowboys-sign-luke/ Published Time: 2026-01-20T06:25:00+00:00 Markdown Content: [Skip to main content](https://www.cowboys.com.au/news/2026/01/20/cowboys-sign-luke/#main-content) ## Main [![Image 1: cowboys logo](https://www.cowboys.com.au/.theme/cowboys/badge-light.svg?bust=202607060241)![Image 2: cowboys logo](https://www.cowboys.com.au/.theme/cowboys/text.svg?bust=202607060241)](https://www.cowboys.com.au/) [](https://www.cowboys.com.au/search/) * [News](https://www.cowboys.com.au/news/) * [Watch](https://www.cowboys.com.au/watch/) * [Draw](https://www.cowboys.com.au/draw/) * [Ladder](https://www.cowboys.com.au"
"nql","North Queensland Cowboys","Reed Mahoney","Hooker","4","player_specific_contract_candidate","zerotackle.com","false","false","true","contract_or_signing_language|contract_table","zerotackle-direct-player-profile","","Reed Mahoney (North Queensland Cowboys) - NRL Stats, News, Contract &amp; Player Profile - Zero Tackle","https://www.zerotackle.com/players/reed-mahoney/","Player Contracts Player Contracts Team 2026 2027 2028 2029 2030 North Queensland Cowboys ✔ ✔ ✔ Stats 2026 Stats Round Opp P T G MINS AR ARM LB LBA TA OL TK MT TB KM 40/20 PE ER TOTALS 16 12 3 0 1013 60 480 5 3 3 2 591 56 12 793 1 8 12 1 0 0 0 80 5 30 0 0 0 0 47 2 1 120 0 0 1 2 0 0 0 56 4 27 0 0 0 1 40 6 1 0 0 0 2 3 0 0 0 62 4 25 0 0 0 0 33 4 0 110 0 0 0 4 0 0 0 62 0 0 0 0 0 0 28 4 0 0 0 1 1 5 0 0 0 80 6 52 0 0 0 0 47"
"nql","North Queensland Cowboys","Coen Hess","Prop","1","player_specific_contract_candidate","themercury.com.au","false","false","false","signing_language","bing-news-rss","Tue, 02 Jun 2026 09:00:00 GMT","Cowboys star Coen Hess in line for North Queensland's 'highest honour'","https://www.themercury.com.au/sport/nrl/cowboys-star-coen-hess-in-line-for-north-queenslands-highest-honour/news-story/5b98650f2eaa288abc1074bbb1e20d66","Hess will join an illustrious crew of just 11 players to reach the double-century for the club when the Cowboys host the Dolphins in a Queensland Day blockbuster. The hard-nosed forward scored a try ..."
"nql","North Queensland Cowboys","Coen Hess","Prop","2","player_specific_contract_candidate","zerotackle.com","false","false","true","contract_or_signing_language|contract_table","zerotackle-direct-player-profile","","Coen Hess (North Queensland Cowboys) - NRL Stats, News, Contract &amp; Player Profile - Zero Tackle","https://www.zerotackle.com/players/coen-hess/","Player Contracts Player Contracts Team 2026 2027 2028 2029 2030 North Queensland Cowboys ✔ ✔ Stats 2026 Stats Round Opp P T G MINS AR ARM LB LBA TA OL TK MT TB KM 40/20 PE ER TOTALS 17 4 1 0 667 140 1490 1 0 0 10 404 14 18 0 0 2 5 1 0 0 0 38 8 94 0 0 0 0 29 2 0 0 0 0 0 2 0 0 0 32 7 69 0 0 0 0 21 1 2 0 0 0 1 3 0 0 0 40 8 96 0 0 0 0 23 0 1 0 0 1 0 4 0 0 0 43 10 109 0 0 0 0 10 0 1 0 0 1 0 5 0 0 0 41 7 120 0 0 0 0 20 1 2"
"nql","North Queensland Cowboys","Heilum Luki","2nd Row","1","player_specific_profile_candidate","nrl.com","false","false","false","","bing-news-rss","Fri, 15 May 2026 17:00:00 GMT","Luki hoping for change of luck in pursuit of Origin dream","https://www.nrl.com/news/2026/05/17/luki-hoping-for-change-of-luck-in-pursuit-of-origin-dream/","Is North Queensland Cowboys second rower Heilum Luki ready for the State of Origin arena? ""Bloody oath"" - according to North Queensland Cowboys captain Reuben Cotter. ""He's been playing some great ..."
"nql","North Queensland Cowboys","Heilum Luki","2nd Row","2","player_specific_contract_candidate","zerotackle.com","false","false","true","contract_or_signing_language|contract_table","zerotackle-direct-player-profile","","Heilum Luki (North Queensland Cowboys) - NRL Stats, News, Contract &amp; Player Profile - Zero Tackle","https://www.zerotackle.com/players/heilum-luki/","Player Contracts Player Contracts Team 2026 2027 2028 2029 2030 North Queensland Cowboys $650K $650K $650K $650K Stats 2026 Stats Round Opp P T G MINS AR ARM LB LBA TA OL TK MT TB KM 40/20 PE ER TOTALS 17 28 7 0 1364 190 1801 10 0 1 1 663 38 37 0 0 11 11 1 4 1 0 80 10 97 1 0 0 0 48 3 3 0 0 0 0 2 0 0 0 80 9 90 0 0 0 0 43 3 3 0 0 1 1 3 0 0 0 80 19 159 0 0 0 0 40 1 0 0 0 1 1 4 4 1 0 80 10 90 1 0 0 0 37 2 2 0 0 1 2 5 0 0"
"nql","North Queensland Cowboys","Jeremiah Nanai","2nd Row","1","player_specific_contract_candidate","couriermail.com.au","false","false","false","term_length_language","bing-news-rss","Sun, 21 Jun 2026 19:18:00 GMT","'He was my idol': Jeremiah Nanai's touching tribute to Jason Taumalolo","https://www.couriermail.com.au/sport/nrl/jason-taumalolo-charged-by-nrl-judiciary-ahead-of-milestone-300th-game/news-story/30ddbb735fc2989b998be44404efa490","At the top of his game Taumalolo was the most damaging ballrunner the NRL has ever seen, skittling the competition's toughest forwards with ease. In the mind of a 10-year-old Nanai, the Tongan ..."
"nql","North Queensland Cowboys","Jeremiah Nanai","2nd Row","2","player_specific_contract_candidate","thechronicle.com.au","false","false","false","term_length_language","bing-news-rss","Sun, 28 Jun 2026 03:17:00 GMT","Jeremiah Nanai makes Origin case after winning effort in Jason Taumalolo's 300th","https://www.thechronicle.com.au/sport/nrl/jeremiah-nanai-masterpiece-delivers-cowboys-an-emotional-win-in-jason-taumalolos-300th/news-story/f77d4a8a269e9b7ed8539a7175c990f9","Nanai soared through the air to score the match-sealing try at the death and could have finished the match with a hat-trick if not for a contentious no-try call in the first half. The 23-year-old ..."
"nql","North Queensland Cowboys","Jeremiah Nanai","2nd Row","3","player_specific_contract_candidate","zerotackle.com","false","false","true","contract_or_signing_language|contract_table","zerotackle-direct-player-profile","","Jeremiah Nanai (North Queensland Cowboys) - NRL Stats, News, Contract &amp; Player Profile - Zero Tackle","https://www.zerotackle.com/players/jeremiah-nanai/","Player Contracts Player Contracts Team 2026 2027 2028 2029 2030 North Queensland Cowboys $800K $800K Stats 2026 Stats Round Opp P T G MINS AR ARM LB LBA TA OL TK MT TB KM 40/20 PE ER TOTALS 6 12 3 0 374 50 477 1 0 0 3 133 13 9 0 0 0 2 8 0 0 0 59 7 61 0 0 0 1 23 1 0 0 0 0 0 9 0 0 0 43 7 58 0 0 0 0 23 2 1 0 0 0 0 16 4 1 0 80 9 121 1 0 0 0 36 0 3 0 0 0 1 17 8 2 0 80 11 100 0 0 0 1 17 7 1 0 0 0 1 19 0 0 0 82 11 100 0 0 0"
"nql","North Queensland Cowboys","Reuben Cotter","Lock","1","player_specific_profile_candidate","couriermail.com.au","false","false","false","","bing-news-rss","Sun, 24 May 2026 23:43:00 GMT","North Queensland Cowboys coach Todd Payten has named Reuben Cotter and Murray Taulagi to play this weekend","https://www.couriermail.com.au/sport/nrl/decision-on-todd-paytens-cowboys-future-imminent-after-strong-hint-from-ceo/news-story/671724b15c1985c64bb40b7dd13c33ad","Cotter was one of two changes to North Queensland's team this week with star winger Murray Taulagi named to make his return from a concussion. Cowboys coach Todd Payten said the club's medical staff ..."
"nql","North Queensland Cowboys","Reuben Cotter","Lock","2","player_specific_profile_candidate","foxsports.com.au","false","false","false","","bing-news-rss","Tue, 16 Jun 2026 18:17:00 GMT","Reuben Cotter came from an incredible Maroons hotspot... but he's the champion no one saw coming","https://www.foxsports.com.au/nrl/state-of-origin/state-of-origin-2026-reuben-cotter-profile-his-journey-to-nrl-and-maroons-stalwart-sarina-north-queensland-cowboys-feature/news-story/30f877f4de6f38558fe35bb75f4e6525","Sarina is a town shaped by the sugar cane fields and the massive coal loaders stretching out into the ocean on the horizon. Watch every game of every round of the Premiership Season LIVE with no ..."
"nql","North Queensland Cowboys","Reuben Cotter","Lock","3","player_specific_profile_candidate","townsvillebulletin.com.au","false","false","false","","bing-news-rss","Sun, 24 May 2026 23:45:00 GMT","North Queensland Cowboys coach Todd Payten has named Reuben Cotter and Murray Taulagi to play this weekend","https://www.townsvillebulletin.com.au/sport/nrl/decision-on-todd-paytens-cowboys-future-imminent-after-strong-hint-from-ceo/news-story/671724b15c1985c64bb40b7dd13c33ad","Cowboys coach Todd Payten has made two changes to his side that beat the Rabbitohs, with a star winger returning and his skipper expected to back up after Origin I. See all the latest team news Cotter ..."
"nql","North Queensland Cowboys","Reuben Cotter","Lock","4","player_specific_contract_candidate","zerotackle.com","false","false","true","contract_or_signing_language|contract_table","zerotackle-direct-player-profile","","Reuben Cotter (North Queensland Cowboys) - NRL Stats, News, Contract &amp; Player Profile - Zero Tackle","https://www.zerotackle.com/players/reuben-cotter/","Player Contracts Player Contracts Team 2026 2027 2028 2029 2030 North Queensland Cowboys $750K $750K $750K Stats 2026 Stats Round Opp P T G MINS AR ARM LB LBA TA OL TK MT TB KM 40/20 PE ER TOTALS 17 8 2 0 1103 172 1525 1 0 0 4 634 66 11 0 0 3 4 1 0 0 0 65 10 98 0 0 0 0 36 5 0 0 0 0 0 3 0 0 0 63 9 89 0 0 0 0 29 4 1 0 0 0 0 4 0 0 0 56 7 66 0 0 0 0 20 3 1 0 0 0 0 5 0 0 0 70 7 62 0 0 0 0 43 5 1 0 0 1 0 6 0 0 0 63 13 137 "
"nql","North Queensland Cowboys","John Bateman","Interchange","1","player_specific_contract_candidate","adelaidenow.com.au","false","false","false","contract_or_salary_language|term_length_language","bing-news-rss","Mon, 01 Jun 2020 17:00:00 GMT","Canberra Raiders star John Bateman reportedly in talks with Wigan Warriors for five-year contract","https://www.adelaidenow.com.au/sport/nrl/canberra-raiders-star-john-bateman-reportedly-in-talks-with-wigan-warriors-for-fiveyear-contract/news-story/cc457b7e2b81f0c8abb20fcf3a70d6a7","Bateman played in the Super League before signing a three-year contract with the Canberra Raiders in 2019. The 26-year-old played a crucial role for the Raiders during his maiden NRL season, guiding ..."
"nql","North Queensland Cowboys","John Bateman","Interchange","2","player_specific_contract_candidate","zerotackle.com","false","false","true","contract_or_signing_language|contract_table","zerotackle-direct-player-profile","","John Bateman (North Queensland Cowboys) - NRL Stats, News, Contract &amp; Player Profile - Zero Tackle","https://www.zerotackle.com/players/john-bateman/","Player Contracts Player Contracts Team 2026 2027 2028 2029 2030 North Queensland Cowboys ✔ Stats 2026 Stats Round Opp P T G MINS AR ARM LB LBA TA OL TK MT TB KM 40/20 PE ER TOTALS 3 0 0 0 88 22 205 0 0 0 3 60 2 2 0 0 0 0 16 0 0 0 32 6 63 0 0 0 0 26 2 0 0 0 0 0 17 0 0 0 33 8 66 0 0 0 1 20 0 1 0 0 0 0 19 0 0 0 23 8 76 0 0 0 2 14 0 1 0 0 0 0 Latest NRL News Former club circling on John Bateman Leo Twemlow - June 24, 202"
"nql","North Queensland Cowboys","Matt Lodge","Interchange","1","player_specific_contract_candidate","ntnews.com.au","false","false","false","contract_or_salary_language|signing_language|term_language","bing-news-rss","Thu, 11 Jul 2019 10:57:00 GMT","Matt Lodge rejects Warriors deal for massive Brisbane Broncos extension","https://www.ntnews.com.au/sport/matt-lodge-rejects-warriors-deal-for-massive-brisbane-broncos-extension/news-story/15943453c812e49a81d37577eec7bd54","The New South Wales Emerging State of Origin squad member has re-signed until the end of the 2022 season, becoming the latest talented Bronco to lock in their long-term future with the club. Lodge, 24 ..."
"nql","North Queensland Cowboys","Matt Lodge","Interchange","2","player_specific_contract_candidate","themercury.com.au","false","false","false","contract_or_salary_language|signing_language","bing-news-rss","Sat, 19 Jun 2021 07:59:00 GMT","NRL 2021: Matt Lodge has told Broncos to sort out a transfer deal if they don't want him","https://www.themercury.com.au/sport/nrl/nrl-2021-matt-lodge-has-told-broncos-to-sort-out-a-transfer-deal-if-they-dont-want-him/news-story/56a27eb6816592389e1cee56ef33944b","It's been almost two months since the Broncos informed Matt Lodge he was free to join another club. But Brisbane still can't broker a transfer deal and the big prop is sick of the mind games. Lodge ..."
"nql","North Queensland Cowboys","Matt Lodge","Interchange","3","player_specific_contract_candidate","cairnspost.com.au","false","false","false","contract_or_salary_language","bing-news-rss","Sat, 14 Apr 2018 12:00:00 GMT","Matt Lodge to pay compensation for New York rampage under new NRL contract","https://www.cairnspost.com.au/sport/matt-lodge-to-pay-compensation-for-new-york-rampage-under-new-nrl-contract/news-story/55c35d43ee2dfa77e52d14e3c4f56b12","THE NRL will refuse to register a new contract for Matt Lodge unless the controversial Brisbane Broncos prop agrees to a compensation package in his upgraded deal. The Sunday Mail can reveal Greenberg ..."
"nql","North Queensland Cowboys","Matt Lodge","Interchange","4","player_specific_contract_candidate","adelaidenow.com.au","false","false","false","contract_or_salary_language","bing-news-rss","Wed, 11 Sep 2019 09:05:00 GMT","Matt Lodge turned down more money from Parramatta to re-sign with Brisbane","https://www.adelaidenow.com.au/sport/nrl/teams/broncos/matt-lodge-turned-down-more-money-from-parramatta-to-resign-with-brisbane/news-story/d8fc395bfd9065550e1f32462800cc24","As Broncoes firebrand Matt Lodge promises an explosive start to Sunday's semi-final clash with Parramatta find out why the Brisbane enforcer knocked back a richer deal with the blue and golds."
"nql","North Queensland Cowboys","Matt Lodge","Interchange","5","player_specific_profile_candidate","msn.com","false","false","false","","bing-news-rss","Sat, 11 Jul 2026 02:00:20 GMT","Matt Lodge transfer saga takes twist as Super League options re-appear","https://www.msn.com/en-us/sports/rugbyleague/matt-lodge-transfer-saga-takes-twist-as-super-league-options-re-appear/ar-AA27H8Gy","One to keep an eye on.."
"nql","North Queensland Cowboys","Matt Lodge","Interchange","6","player_specific_profile_candidate","msn.com","false","false","false","","bing-news-rss","Thu, 09 Jul 2026 05:13:51 GMT","Matt Lodge makes decision on future amidst Super League speculation","https://www.msn.com/en-us/sports/rugbyleague/matt-lodge-makes-decision-on-future-amidst-super-league-speculation/ar-AA27yGnL","He was on the radar of English clubs.."
"nql","North Queensland Cowboys","Matt Lodge","Interchange","7","player_specific_contract_candidate","zerotackle.com","false","false","true","contract_or_signing_language|contract_table","zerotackle-direct-player-profile","","Matthew Lodge (North Queensland Cowboys) - NRL Stats, News, Contract &amp; Player Profile - Zero Tackle","https://www.zerotackle.com/players/matt-lodge/","Player Contracts Player Contracts Team 2026 2027 2028 2029 2030 North Queensland Cowboys ✔ Stats 2026 Stats Round Opp P T G MINS AR ARM LB LBA TA OL TK MT TB KM 40/20 PE ER TOTALS 17 0 0 0 320 103 942 0 0 0 13 163 14 21 13 0 3 2 1 0 0 0 20 10 83 0 0 0 1 7 0 0 0 0 0 0 2 0 0 0 34 5 57 0 0 0 0 23 2 0 13 0 1 1 3 0 0 0 30 11 108 0 0 0 1 11 1 3 0 0 0 0 4 0 0 0 24 4 38 0 0 0 0 13 2 2 0 0 0 0 5 0 0 0 0 0 0 0 0 0 0 0 0 0 0 0 "
"nql","North Queensland Cowboys","Sam McIntyre","Interchange","1","player_specific_contract_candidate","zerotackle.com","false","false","true","contract_or_signing_language|contract_table","zerotackle-direct-player-profile","","Sam McIntyre (North Queensland Cowboys) - NRL Stats, News, Contract &amp; Player Profile - Zero Tackle","https://www.zerotackle.com/players/sam-mcintyre/","Player Contracts Player Contracts Team 2026 2027 2028 2029 2030 North Queensland Cowboys ✔ Stats 2026 Stats Round Opp P T G MINS AR ARM LB LBA TA OL TK MT TB KM 40/20 PE ER TOTALS 16 4 1 0 772 90 756 1 2 1 3 353 45 14 0 0 6 5 1 0 0 0 69 6 43 0 1 1 1 42 3 0 0 0 0 2 2 0 0 0 80 6 58 0 0 0 0 42 4 4 0 0 2 0 3 0 0 0 80 11 96 0 0 0 0 21 5 1 0 0 2 0 4 4 1 0 80 6 43 1 0 0 0 34 5 2 0 0 0 1 5 0 0 0 23 7 50 0 0 0 0 6 2 1 0 0 0 0"
"nql","North Queensland Cowboys","Griffin Neame","Interchange","1","player_specific_contract_candidate","themercury.com.au","false","false","false","contract_or_salary_language|term_length_language","bing-news-rss","Wed, 14 Apr 2021 15:39:00 GMT","Cowboys future proof roster with upgrade for rookie forward Griffin Neame","https://www.themercury.com.au/news/hamiso-tabuaifidow-and-reuben-cotter-ruled-out-for-cowboys/news-story/70b683ce48445e241dff5d3cbe154b71","They have lost size and experience out of the forward pack in the past two weeks, but the Cowboys are looking to the future with latest roster move. The 20-year-old has been promoted into the Cowboys ..."
"nql","North Queensland Cowboys","Griffin Neame","Interchange","2","player_specific_profile_candidate","theaustralian.com.au","false","false","false","","bing-news-rss","Thu, 18 Jun 2026 17:00:00 GMT","'New Zealand deserves another team': Griffin Neame's huge call on NRL expansion","https://www.theaustralian.com.au/sport/nrl/new-zealand-deserves-another-team-griffin-neames-huge-call-on-nrl-expansion/news-story/a4f28dead640a9ca3498ae3aaaf7054f","The NRL is keen to introduce another team in the next few years to balance the competition's schedule and there are two frontrunners: Christchurch, and a fifth Queensland club based in Brisbane's ..."
"nql","North Queensland Cowboys","Griffin Neame","Interchange","3","player_specific_profile_candidate","thechronicle.com.au","false","false","false","","bing-news-rss","Fri, 19 Jun 2026 04:19:00 GMT","'New Zealand deserves another team': Griffin Neame's huge call on NRL expansion","https://www.thechronicle.com.au/sport/nrl/new-zealand-deserves-another-team-griffin-neames-huge-call-on-nrl-expansion/news-story/a4f28dead640a9ca3498ae3aaaf7054f","Cowboys prop Griffin Neame declared rugby league has overtaken rugby union in popularity in New Zealand as he threw his weight behind Christchurch's bid to be the 20th NRL club. The NRL is keen to ..."
"nql","North Queensland Cowboys","Griffin Neame","Interchange","4","player_specific_contract_candidate","zerotackle.com","false","false","true","contract_or_signing_language|contract_table","zerotackle-direct-player-profile","","Griffin Neame (North Queensland Cowboys) - NRL Stats, News, Contract &amp; Player Profile - Zero Tackle","https://www.zerotackle.com/players/griffin-neame/","Player Contracts Player Contracts Team 2026 2027 2028 2029 2030 North Queensland Cowboys ✔ ✔ ✔ ✔ Stats 2026 Stats Round Opp P T G MINS AR ARM LB LBA TA OL TK MT TB KM 40/20 PE ER TOTALS 17 0 0 0 605 149 1392 0 1 0 2 376 48 5 0 0 5 5 1 0 0 0 28 11 112 0 0 0 0 14 4 0 0 0 1 0 2 0 0 0 47 12 123 0 0 0 0 25 6 2 0 0 0 1 3 0 0 0 40 13 132 0 0 0 0 16 3 0 0 0 0 0 4 0 0 0 30 5 43 0 0 0 0 19 2 0 0 0 0 0 5 0 0 0 31 5 56 0 1 0 1 1"
"nql","North Queensland Cowboys","Harrison Edwards","Unknown","1","player_specific_contract_candidate","zerotackle.com","false","false","true","contract_or_signing_language|contract_table","zerotackle-direct-player-profile","","Harrison Edwards (Parramatta Eels) - NRL Stats, News, Contract &amp; Player Profile - Zero Tackle","https://www.zerotackle.com/players/harrison-edwards/","Player Contracts Player Contracts Team 2026 2027 2028 2029 2030 Parramatta Eels ✔ ✔ Stats 2026 Stats Round Opp P T G MINS AR ARM LB LBA TA OL TK MT TB KM 40/20 PE ER TOTALS 9 0 0 0 193 34 300 0 0 0 1 137 3 1 41 0 0 2 2 0 0 0 13 1 14 0 0 0 0 12 1 0 0 0 0 0 6 0 0 0 0 0 0 0 0 0 0 0 0 0 0 0 0 0 7 0 0 0 0 0 0 0 0 0 0 0 0 0 0 0 0 0 13 0 0 0 30 5 33 0 0 0 0 19 0 0 0 0 0 0 14 0 0 0 27 4 44 0 0 0 0 27 1 0 0 0 0 1 15 0 0 0 53 "
"nql","North Queensland Cowboys","James Walsh","Unknown","1","player_specific_contract_candidate","zerotackle.com","false","false","true","contract_or_signing_language|contract_table","zerotackle-direct-player-profile","","James Walsh (North Queensland Cowboys) - NRL Stats, News, Contract &amp; Player Profile - Zero Tackle","https://www.zerotackle.com/players/james-walsh/","Player Contracts Player Contracts Team 2026 2027 2028 2029 2030 North Queensland Cowboys ✔ ✔ ✔ Stats NRL Editorial and Opinion Contract plays: Will Reed Mahoney save Todd Payten? Scott Pryde - December 30, 2025 Featured EXCLUSIVE: Explosive young Dolphin signs with Queensland rivals Ethan Lee Chalk - November 18, 2025 James Walsh Early departure looming?: Roosters, Sea Eagles making moves for Cherry-Evans' immediate."
"nql","North Queensland Cowboys","Jaxson Paulo","Unknown","1","player_specific_contract_candidate","zerotackle.com","false","false","true","contract_or_signing_language|contract_table","zerotackle-direct-player-profile","","Jaxson Paulo (North Queensland Cowboys) - NRL Stats, News, Contract &amp; Player Profile - Zero Tackle","https://www.zerotackle.com/players/jaxson-paulo/","Player Contracts Player Contracts Team 2026 2027 2028 2029 2030 North Queensland Cowboys ✔ Stats Jaxson Paulo Paulo confirms fourth club in four years Scott Pryde - November 12, 2024 Jaxson Paulo Sea Eagles winger set to make surprise move in player swap Scott Pryde - October 3, 2024 Jaxson Paulo Refereeing issues continue to plague NRL as fans call for overhaul Alex Stuart - May 18, 2024 Sydney Roosters Roosters add"
"nql","North Queensland Cowboys","Kai O'Donnell","Unknown","1","player_specific_contract_candidate","zerotackle.com","false","false","true","contract_or_signing_language|contract_table","zerotackle-direct-player-profile","","Kai O&#039;Donnell (North Queensland Cowboys) - NRL Stats, News, Contract &amp; Player Profile - Zero Tackle","https://www.zerotackle.com/players/kai-odonnell/","Player Contracts Player Contracts Team 2026 2027 2028 2029 2030 North Queensland Cowboys ✔ Stats 2026 Stats Round Opp P T G MINS AR ARM LB LBA TA OL TK MT TB KM 40/20 PE ER TOTALS 8 0 0 0 283 41 379 0 0 0 0 126 10 2 0 0 1 1 1 0 0 0 60 11 103 0 0 0 0 28 1 0 0 0 0 0 2 0 0 0 57 8 70 0 0 0 0 24 4 1 0 0 1 0 3 0 0 0 0 0 0 0 0 0 0 0 0 0 0 0 0 0 4 0 0 0 0 0 0 0 0 0 0 0 0 0 0 0 0 0 5 0 0 0 57 10 89 0 0 0 0 21 1 1 0 0 0 1 6 0 "
"nql","North Queensland Cowboys","Kaiden Lahrs","Unknown","1","player_specific_profile_candidate","geelongadvertiser.com.au","false","false","false","","bing-news-rss","Sun, 28 Jun 2026 05:37:00 GMT","Young Cowboy Kaiden Lahrs makes rugby league return after two-month lay-off","https://www.geelongadvertiser.com.au/sport/nrl/young-cowboy-kaiden-lahrs-makes-rugby-league-return-after-twomonth-layoff/news-story/557777d0567069b3816849d076f53ba0","Lahrs played 27 minutes as a forward off the bench for the Townsville Blackhawks in their 16-16 draw against the Northern Pride, making eight runs for 74 metres, breaking three tackles and nailing 14 ..."
"nql","North Queensland Cowboys","Kaiden Lahrs","Unknown","2","player_specific_contract_candidate","zerotackle.com","false","false","true","contract_or_signing_language|contract_table","zerotackle-direct-player-profile","","Kaiden Lahrs (North Queensland Cowboys) - NRL Stats, News, Contract &amp; Player Profile - Zero Tackle","https://www.zerotackle.com/players/kaiden-lahrs/","Player Contracts Player Contracts Team 2026 2027 2028 2029 2030 North Queensland Cowboys ✔ Stats 2026 Stats Round Opp P T G MINS AR ARM LB LBA TA OL TK MT TB KM 40/20 PE ER TOTALS 2 0 0 0 17 3 45 0 0 0 0 10 1 1 0 0 0 0 2 0 0 0 0 0 0 0 0 0 0 0 0 0 0 0 0 0 3 0 0 0 17 3 45 0 0 0 0 10 1 1 0 0 0 0 Matthew Lodge &#8220;Nothing offered&#8221;: Payten clarifies Lodge report, reveals Cowboys contract priority Scott Pryde - Ju"
"nql","North Queensland Cowboys","Mason Kira","Unknown","1","player_specific_contract_candidate","zerotackle.com","false","false","true","contract_or_signing_language|contract_table","zerotackle-direct-player-profile","","Mason Kira (North Queensland Cowboys) - NRL Stats, News, Contract &amp; Player Profile - Zero Tackle","https://www.zerotackle.com/players/mason-kira/","Player Contracts Player Contracts Team 2026 2027 2028 2029 2030 North Queensland Cowboys ✔ Stats Mason Kira Cowboys extend rising star for another 12 months Ethan Lee Chalk - July 5, 2025 NRL Editorial and Opinion Rookie Watch: Top 100 young players yet to play NRL: 40-21 Ethan Lee Chalk - June 26, 2025 Mason Kira Young Cowboys forward earns Top 30 contract Ethan Lee Chalk - September 6, 2024 Mason Kira Queensland an"
"nql","North Queensland Cowboys","Soni Luke","Unknown","1","player_specific_contract_candidate","cowboys.com.au","true","false","false","contract_or_signing_language|term_length_language","official-club-signings-topic","2026-01-20T06:25:00+00:00","Cowboys sign Luke","https://www.cowboys.com.au/news/2026/01/20/cowboys-sign-luke/","Title: Cowboys sign Luke URL Source: https://www.cowboys.com.au/news/2026/01/20/cowboys-sign-luke/ Published Time: 2026-01-20T06:25:00+00:00 Markdown Content: [Skip to main content](https://www.cowboys.com.au/news/2026/01/20/cowboys-sign-luke/#main-content) ## Main [![Image 1: cowboys logo](https://www.cowboys.com.au/.theme/cowboys/badge-light.svg?bust=202607060241)![Image 2: cowboys logo](https://www.cowboys.com.au/.theme/cowboys/text.svg?bust=202607060241)](https://www.cowboys.com.au/) [](https://www.cowboys.com.au/search/) * [News](https://www.cowboys.com.au/news/) * [Watch](https://www.cowboys.com.au/watch/) * [Draw](https://www.cowboys.com.au/draw/) * [Ladder](https://www.cowboys.com.au"
"nql","North Queensland Cowboys","Soni Luke","Unknown","2","player_specific_contract_candidate","zerotackle.com","false","false","true","contract_or_signing_language|contract_table","zerotackle-direct-player-profile","","Soni Luke (North Queensland Cowboys) - NRL Stats, News, Contract &amp; Player Profile - Zero Tackle","https://www.zerotackle.com/players/soni-luke/","Player Contracts Player Contracts Team 2026 2027 2028 2029 2030 North Queensland Cowboys ✔ ✔ Stats 2026 Stats Round Opp P T G MINS AR ARM LB LBA TA OL TK MT TB KM 40/20 PE ER TOTALS 14 8 2 0 342 44 348 2 1 1 2 178 14 6 77 0 2 3 1 0 0 0 0 0 0 0 0 0 0 0 0 0 0 0 0 0 2 0 0 0 24 2 11 0 0 0 0 16 1 0 0 0 0 2 3 0 0 0 18 6 33 0 0 0 0 7 0 0 17 0 0 0 4 0 0 0 18 2 16 0 0 0 0 7 1 0 0 0 0 1 5 0 0 0 0 0 0 0 0 0 0 0 0 0 0 0 0 0 6 4 "
"nql","North Queensland Cowboys","Thomas Mikaele","Unknown","1","player_specific_contract_candidate","zerotackle.com","false","false","true","contract_or_signing_language|contract_table","zerotackle-direct-player-profile","","Thomas Mikaele (North Queensland Cowboys) - NRL Stats, News, Contract &amp; Player Profile - Zero Tackle","https://www.zerotackle.com/players/thomas-mikaele/","Player Contracts Player Contracts Team 2026 2027 2028 2029 2030 North Queensland Cowboys ✔ ✔ ✔ Stats 2026 Stats Round Opp P T G MINS AR ARM LB LBA TA OL TK MT TB KM 40/20 PE ER TOTALS 15 0 0 0 636 190 1869 0 0 0 18 308 9 36 0 0 4 9 1 0 0 0 9 6 71 0 0 0 0 4 0 3 0 0 0 0 4 0 0 0 37 9 68 0 0 0 0 14 0 2 0 0 0 2 5 0 0 0 44 15 146 0 0 0 2 26 0 2 0 0 2 1 6 0 0 0 51 15 209 0 0 0 2 24 2 4 0 0 1 0 7 0 0 0 35 10 113 0 0 0 1 20 0"
"nql","North Queensland Cowboys","Viliami Vailea","Unknown","1","player_specific_contract_candidate","zerotackle.com","false","false","true","contract_or_signing_language|contract_table","zerotackle-direct-player-profile","","Viliami Vailea (North Queensland Cowboys) - NRL Stats, News, Contract &amp; Player Profile - Zero Tackle","https://www.zerotackle.com/players/viliami-vailea/","Player Contracts Player Contracts Team 2026 2027 2028 2029 2030 North Queensland Cowboys ✔ ✔ Stats 2026 Stats Round Opp P T G MINS AR ARM LB LBA TA OL TK MT TB KM 40/20 PE ER TOTALS 2 0 0 0 0 0 0 0 0 0 0 0 0 0 0 0 0 0 7 0 0 0 0 0 0 0 0 0 0 0 0 0 0 0 0 0 12 0 0 0 0 0 0 0 0 0 0 0 0 0 0 0 0 0 Viliami Vailea Three suspended, five fined, one not guilty: NRL judiciary wrap, Round... Scott Pryde - June 11, 2025 Viliami Vail"
"nql","North Queensland Cowboys","Zac Herdegen","Unknown","1","player_specific_contract_candidate","zerotackle.com","false","false","true","contract_or_signing_language|contract_table","zerotackle-direct-player-profile","","Zac Herdegen (North Queensland Cowboys) - NRL Stats, News, Contract &amp; Player Profile - Zero Tackle","https://www.zerotackle.com/players/zac-herdegen/","Player Contracts Player Contracts Team 2026 2027 2028 2029 2030 North Queensland Cowboys ✔ Stats Zac Herdegen Dolphins youngster switches club, earns development contract Ethan Lee Chalk - November 5, 2024 Latest News FULL TIME: Storm vs Titans &#8211; Round 19, 2026 July 12, 2026 FULL TIME: Sea Eagles vs Cowboys &#8211; Round 19, 2026 July 12, 2026 FINAL TEAMS: Storm vs Titans &#8211; Round 19, 2026 July 12, 2026 FU"
"par","Parramatta Eels","Isaiah Iongi","Fullback","1","player_specific_contract_candidate","zerotackle.com","false","false","false","signing_language","bing-news-rss","Sun, 05 Jul 2026 04:04:00 GMT","The biggest misconception around the Eels ""rebuild""","https://www.zerotackle.com/the-biggest-misconception-around-the-eels-rebuild-235478/","Negotiations with Clint Gutherson went from promising to inevitable that he would leave after indirectly swapping Blaize Talagi, who signed with the Penrith Panthers, for Isaiah Iongi, who was a star ..."
"par","Parramatta Eels","Isaiah Iongi","Fullback","2","player_specific_profile_candidate","theaustralian.com.au","false","false","false","contract_or_salary_language","bing-news-rss","Mon, 06 Apr 2026 17:00:00 GMT","Eels boss Jim Sarantinos accelerates push for salary cap relief from NRL over foul play injuries","https://www.theaustralian.com.au/sport/nrl/eels-boss-jim-sarantinos-accelerates-push-for-salary-cap-relief-from-nrl-over-foul-play-injuries/news-story/0c4083d233e5d940358f3a32c7f71c3c","Sarantinos confirmed he planned to open formal discussions with head office over the concept given winger's absence comes hot on the heels of injuries to J'maine Hopgood and Isaiah Iongi. The Eels now ..."
"par","Parramatta Eels","Isaiah Iongi","Fullback","3","player_specific_profile_candidate","news.com.au","false","false","false","","bing-news-rss","Tue, 24 Feb 2026 11:48:00 GMT","NRL launches investigation after Isaiah Iongi suspicious substance pictures","https://www.news.com.au/sport/nrl/nrl-launches-investigation-after-isaiah-iongi-suspicious-substance-pictures/news-story/41cf881f09227eb3cefaca1826179dec","Code Sports published two of the photos on Tuesday morning, but it is unclear when they were taken, or whether or not they are legitimate. Eels officials have contacted Iongi following talks with the ..."
"par","Parramatta Eels","Isaiah Iongi","Fullback","4","player_specific_profile_candidate","couriermail.com.au","false","false","false","","bing-news-rss","Mon, 23 Mar 2026 10:20:00 GMT","Parramatta Eels star Isaiah Iongi cops suspended NRL ban over 'suspicious substance' photos","https://www.couriermail.com.au/sport/nrl/parramatta-eels-star-isaiah-iongi-cops-suspended-nrl-ban-over-suspicious-substance-photos/news-story/90dc74d30341f9873d6e63c5a27f9bf3","Images of Iongi preparing to light a suspicious substance were circulated on social media and subsequently found their way to the Eels, who notified the integrity unit. It is understood the images ..."
"par","Parramatta Eels","Isaiah Iongi","Fullback","5","player_specific_profile_candidate","nrl.com","false","false","false","","bing-news-rss","Mon, 23 Mar 2026 10:46:00 GMT","NRL Breach Notice: Isaiah Iongi","https://www.nrl.com/news/2026/03/23/nrl-breach-notice-isaiah-iongi/","The National Rugby League (NRL) today issued Parramatta Eels player Isaiah Iongi with a Breach Notice alleging a breach of the NRL Code of Conduct following an NRL Integrity Unit investigation. The ..."
"par","Parramatta Eels","Isaiah Iongi","Fullback","6","player_specific_profile_candidate","abc.net.au","false","false","false","","bing-news-rss","Sun, 22 Mar 2026 18:54:00 GMT","Jarome Luai set to miss four weeks, Isaiah Iongi handed NRL breach notice, Ryan Couchman sent to judiciary","https://www.abc.net.au/news/2026-03-23/jarome-luai-miss-four-weeks-isaiah-iongi-nrl-breach-notice/106486368","Wests Tigers captain Jarome Luai will miss at least one month of NRL action after injuring his knee last weekend. The NRL has handed a breach notice to Parramatta fullback Isaiah Iongi St George ..."
"par","Parramatta Eels","Isaiah Iongi","Fullback","7","player_specific_profile_candidate","smh.com.au","false","false","false","","bing-news-rss","Thu, 11 Jun 2026 08:30:00 GMT","'Not something I'm proud of': Eels star breaks silence on photo scandal","https://www.smh.com.au/sport/nrl/not-something-i-m-proud-of-eels-star-breaks-silence-on-photo-scandal-20260610-p605m2.html","Parramatta fullback Isaiah Iongi has spoken for the first time since being sanctioned over photos of him smoking an unknown substance, describing the incident as ""not something I'm proud of"" and a ..."
"par","Parramatta Eels","Isaiah Iongi","Fullback","8","player_specific_profile_candidate","thechronicle.com.au","false","false","false","","bing-news-rss","Mon, 23 Mar 2026 10:20:00 GMT","Parramatta Eels star Isaiah Iongi cops suspended NRL ban over 'suspicious substance' photos","https://www.thechronicle.com.au/sport/nrl/parramatta-eels-star-isaiah-iongi-cops-suspended-nrl-ban-over-suspicious-substance-photos/news-story/90dc74d30341f9873d6e63c5a27f9bf3","The NRL has issued Parramatta star Isaiah Iongi with a breach notice after multiple images were circulated on social media of the young fullback preparing to light a suspicious substance. Images of ..."
"par","Parramatta Eels","Isaiah Iongi","Fullback","9","player_specific_profile_candidate","parraeels.com.au","true","false","false","","official-club-signings-topic","","Signings Isaiah Iongi arrives at Eels","https://www.parraeels.com.au/news/2024/12/09/isaiah-iongi-arrives-at-eels/","RateLimitTriggeredError: Per IP rate limit exceeded"
"par","Parramatta Eels","Isaiah Iongi","Fullback","10","player_specific_contract_candidate","zerotackle.com","false","false","true","contract_or_signing_language|contract_table","zerotackle-direct-player-profile","","Isaiah Iongi (Parramatta Eels) - NRL Stats, News, Contract &amp; Player Profile - Zero Tackle","https://www.zerotackle.com/players/isaiah-iongi/","Player Contracts Player Contracts Team 2026 2027 2028 2029 2030 Parramatta Eels ✔ ✔ ✔ ✔ ✔ Stats 2026 Stats Round Opp P T G MINS AR ARM LB LBA TA OL TK MT TB KM 40/20 PE ER TOTALS 10 16 4 0 754 198 1616 6 6 5 6 69 11 43 24 0 0 13 1 0 0 0 71 16 159 0 1 1 0 11 2 7 0 0 0 1 2 8 2 0 80 16 174 2 0 0 1 5 1 5 0 0 0 1 3 0 0 0 80 18 139 0 0 0 0 5 1 3 7 0 0 1 4 0 0 0 43 10 75 0 0 0 0 3 1 6 0 0 0 1 13 4 1 0 80 21 160 2 1 1 0 3 2 "
"par","Parramatta Eels","Bailey Simonsson","Winger","1","player_specific_contract_candidate","zerotackle.com","false","false","true","contract_or_signing_language|contract_table","zerotackle-direct-player-profile","","Bailey Simonsson (Parramatta Eels) - NRL Stats, News, Contract &amp; Player Profile - Zero Tackle","https://www.zerotackle.com/players/bailey-simonsson/","Player Contracts Player Contracts Team 2026 2027 2028 2029 2030 Parramatta Eels ✔ ✔ Stats 2026 Stats Round Opp P T G MINS AR ARM LB LBA TA OL TK MT TB KM 40/20 PE ER TOTALS 5 8 2 0 369 93 851 2 1 0 9 29 3 18 0 0 2 4 1 0 0 0 70 17 133 0 1 0 3 4 0 3 0 0 1 1 2 0 0 0 80 15 149 0 0 0 1 3 1 3 0 0 0 0 3 0 0 0 80 25 255 0 0 0 1 7 0 4 0 0 1 1 4 4 1 0 80 17 178 1 0 0 2 7 1 3 0 0 0 0 5 4 1 0 59 19 136 1 0 0 2 8 1 5 0 0 0 2 Late"
"par","Parramatta Eels","Will Penisini","Centre","1","player_specific_contract_candidate","zerotackle.com","false","false","true","contract_or_signing_language|contract_table","zerotackle-direct-player-profile","","Will Penisini (Parramatta Eels) - NRL Stats, News, Contract &amp; Player Profile - Zero Tackle","https://www.zerotackle.com/players/will-penisini/","Player Contracts Player Contracts Team 2026 2027 2028 2029 2030 Parramatta Eels ✔ Stats 2026 Stats Round Opp P T G MINS AR ARM LB LBA TA OL TK MT TB KM 40/20 PE ER TOTALS 5 12 3 0 386 76 764 5 1 0 4 45 10 20 0 0 3 5 1 0 0 0 80 13 157 2 0 0 1 9 4 6 0 0 0 2 6 4 1 0 80 16 170 1 1 0 2 10 1 4 0 0 1 1 7 4 1 0 80 15 153 1 0 0 1 11 2 8 0 0 0 0 8 0 0 0 80 22 200 0 0 0 0 9 1 2 0 0 1 1 9 4 1 0 66 10 84 1 0 0 0 6 2 0 0 0 1 1 Par"
"par","Parramatta Eels","Sean Russell","Centre","1","player_specific_contract_candidate","zerotackle.com","false","false","true","contract_or_signing_language|contract_table","zerotackle-direct-player-profile","","Sean Russell (Parramatta Eels) - NRL Stats, News, Contract &amp; Player Profile - Zero Tackle","https://www.zerotackle.com/players/sean-russell/","Player Contracts Player Contracts Team 2026 2027 2028 2029 2030 Parramatta Eels ✔ Perth Bears ✔ ✔ ✔ ✔ Stats 2026 Stats Round Opp P T G MINS AR ARM LB LBA TA OL TK MT TB KM 40/20 PE ER TOTALS 14 16 4 0 1070 162 1369 4 3 3 3 181 30 21 0 0 4 14 1 4 1 0 80 14 112 1 0 0 2 7 0 4 0 0 0 1 2 4 1 0 80 9 63 0 0 0 0 14 3 2 0 0 0 1 3 0 0 0 80 16 136 0 0 1 0 8 1 2 0 0 0 1 4 4 1 0 80 11 130 1 1 1 0 21 5 0 0 0 0 1 5 0 0 0 28 4 26 0 "
"par","Parramatta Eels","Josh Addo-Carr","Winger","1","player_specific_contract_candidate","goldcoastbulletin.com.au","false","false","false","contract_or_salary_language|signing_language","bing-news-rss","Sun, 01 Nov 2020 11:17:00 GMT","Josh Addo-Carr contract: Fresh twist throws race wide open","https://www.goldcoastbulletin.com.au/sport/nrl/josh-addocarr-contract-fresh-twist-throws-race-wide-open/news-story/9197618df7350b408737eef087a29a2b","Just when we thought Josh Addo-Carr was locked in to join the Wests Tigers, the race has been thrown wide open yet again. In another huge twist to the NRL player market circus ahead of Wednesday's ..."
"par","Parramatta Eels","Josh Addo-Carr","Winger","2","player_specific_contract_candidate","cairnspost.com.au","false","false","false","contract_or_salary_language","bing-news-rss","Mon, 28 Sep 2020 10:43:00 GMT","Josh Addo-Carr contract: Melbourne Storm star could sit out 2021 NRL season","https://www.cairnspost.com.au/sport/josh-addocarr-contract-melbourne-storm-star-could-sit-out-2021-nrl-season/news-story/8fe54176cdb25cd95ee2c0315f57efe3","Josh Addo-Carr is facing the possibility of being forced to sit out next season as Melbourne Storm's player swap saga hits another hurdle. As per an ultimatum served earlier in the month, Storm has ..."
"par","Parramatta Eels","Josh Addo-Carr","Winger","3","player_specific_profile_candidate","parraeels.com.au","true","false","false","","official-club-signings-topic","","Signings Josh Addo-Carr joins Parramatta Eels for","https://www.parraeels.com.au/news/2024/11/18/josh-addo-carr-joins-parramatta-eels-for-2025-nrl-season/","RateLimitTriggeredError: Per IP rate limit exceeded"
"par","Parramatta Eels","Josh Addo-Carr","Winger","4","player_specific_contract_candidate","zerotackle.com","false","false","true","contract_or_signing_language|contract_table","zerotackle-direct-player-profile","","Josh Addo-Carr (Parramatta Eels) - NRL Stats, News, Contract &amp; Player Profile - Zero Tackle","https://www.zerotackle.com/players/josh-addo-carr/","Player Contracts Player Contracts Team 2026 2027 2028 2029 2030 Parramatta Eels ✔ ✔ Stats 2026 Stats Round Opp P T G MINS AR ARM LB LBA TA OL TK MT TB KM 40/20 PE ER TOTALS 16 24 6 0 1287 202 2081 8 0 1 0 87 14 58 47 0 3 16 2 0 0 0 80 10 91 0 0 0 0 3 2 0 0 0 0 0 3 4 1 0 80 16 211 0 0 0 0 2 1 5 0 0 0 2 4 4 1 0 80 14 158 1 0 0 0 5 0 8 11 0 1 2 5 0 0 0 85 16 107 0 0 0 0 10 2 2 0 0 1 1 6 4 1 0 80 15 179 2 0 0 0 5 1 5 0 0"
"par","Parramatta Eels","Jonah Pezet","Five-Eighth","1","player_specific_contract_candidate","theaustralian.com.au","false","false","false","contract_or_salary_language","bing-news-rss","Sun, 12 Apr 2026 17:00:00 GMT","Broncos rookie Tom Duffy welcomes halfback duel with future teammate Jonah Pezet","https://www.theaustralian.com.au/sport/nrl/broncos-rookie-tom-duffy-welcomes-halfback-duel-with-future-teammate-jonah-pezet/news-story/ac1ef03d45eb49e9f7bdef1de76c802b","Broncos bosses have kicked off contract extension talks with Duffy's management in a bid to keep the former Cowboys rookie at Red Hill beyond season 2026. Any new deal will put Duffy on a collision ..."
"par","Parramatta Eels","Jonah Pezet","Five-Eighth","2","player_specific_contract_candidate","couriermail.com.au","false","false","false","contract_or_salary_language","bing-news-rss","Mon, 13 Apr 2026 12:39:00 GMT","Broncos rookie Tom Duffy welcomes halfback duel with future teammate Jonah Pezet","https://www.couriermail.com.au/sport/nrl/broncos-rookie-tom-duffy-welcomes-halfback-duel-with-future-teammate-jonah-pezet/news-story/ac1ef03d45eb49e9f7bdef1de76c802b","Young gun Tom Duffy has refused to play second fiddle to incoming rival Jonah Pezet as Brisbane bosses open contract talks to secure their halfback future. Broncos bosses have kicked off contract ..."
"par","Parramatta Eels","Jonah Pezet","Five-Eighth","3","player_specific_contract_candidate","adelaidenow.com.au","false","false","false","contract_or_salary_language","bing-news-rss","Mon, 13 Apr 2026 12:09:00 GMT","Broncos rookie Tom Duffy welcomes halfback duel with future teammate Jonah Pezet","https://www.adelaidenow.com.au/sport/nrl/broncos-rookie-tom-duffy-welcomes-halfback-duel-with-future-teammate-jonah-pezet/news-story/ac1ef03d45eb49e9f7bdef1de76c802b","Young gun Tom Duffy has refused to play second fiddle to incoming rival Jonah Pezet as Brisbane bosses open contract talks to secure their halfback future. Broncos bosses have kicked off contract ..."
"par","Parramatta Eels","Jonah Pezet","Five-Eighth","4","player_specific_contract_candidate","zerotackle.com","false","false","false","signing_language","bing-news-rss","Sun, 05 Jul 2026 04:04:00 GMT","The biggest misconception around the Eels ""rebuild""","https://www.zerotackle.com/the-biggest-misconception-around-the-eels-rebuild-235478/","Mark O'Neill has signed Jack de Belin, Dylan Walker, and Jonah Pezet, thanks to a relationship with Ryles, which is not ideal recruitment, even if the team is rebuilding while Mitch Moses is still at ..."
"par","Parramatta Eels","Jonah Pezet","Five-Eighth","5","player_specific_profile_candidate","couriermail.com.au","false","false","false","contract_or_salary_language","bing-news-rss","Sun, 12 Apr 2026 05:00:00 GMT","Market Watch: Broncos kick off talks with Tom Duffy over contract extension","https://www.couriermail.com.au/sport/nrl/market-watch-broncos-kick-off-talks-with-tom-duffy-over-contract-extension/news-story/3006cba23c30a26e04b210b0ba8b0052","This masthead can reveal Broncos bosses are in discussions on a contract extension in a move that will see Duffy and incoming recruit Jonah Pezet battle it out for the No.7 jumper vacated by the ..."
"par","Parramatta Eels","Jonah Pezet","Five-Eighth","6","player_specific_profile_candidate","goldcoastbulletin.com.au","false","false","false","","bing-news-rss","Sun, 26 Apr 2026 12:13:00 GMT","Meyn Game: Broncos veteran Ben Hunt wants Brisbane's No.7 jersey despite arrival of Jonah Pezet","https://www.goldcoastbulletin.com.au/sport/nrl/meyn-game-broncos-veteran-ben-hunt-wants-brisbanes-no7-jersey-despite-arrival-of-jonah-pezet/news-story/1cd136418bba65ee0791c1a97bb61f42","Hunt has delayed retirement and formally notified the Broncos of his intention to play on into a 19th NRL season in 2027. Sitting on 360 NRL appearances, Hunt will edge towards the magical mark of 400 ..."
"par","Parramatta Eels","Jonah Pezet","Five-Eighth","7","player_specific_profile_candidate","au.sports.yahoo.com","false","false","false","","bing-news-rss","Mon, 06 Apr 2026 17:00:00 GMT","NRL debut looming for Eels teenager as Pezet has scans","https://au.sports.yahoo.com/nrl-debut-looming-eels-teenager-022053284.html","Lorenzo Talataina is on the verge of realising a lifelong dream, with the Parramatta youngster emerging as a shock first-grade contender after Jonah Pezet was struck down with a hamstring complaint ..."
"par","Parramatta Eels","Jonah Pezet","Five-Eighth","8","player_specific_profile_candidate","msn.com","false","false","false","signing_language","bing-news-rss","Mon, 06 Jul 2026 00:38:00 GMT","'No secret': Eels recruit opens up on nightmare season... and ultimate moment of redemption","https://www.msn.com/en-au/news/other/no-secret-eels-recruit-opens-up-on-nightmare-season-and-ultimate-moment-of-redemption/ar-AA27iDXX","Eels halfback Jonah Pezet has endured a ""pretty tough season"" at the club before he joins the Broncos next year, but he bounced back to remind everyone that he belongs in the NRL."
"par","Parramatta Eels","Jonah Pezet","Five-Eighth","9","player_specific_contract_candidate","zerotackle.com","false","false","true","contract_or_signing_language|contract_table","zerotackle-direct-player-profile","","Jonah Pezet (Parramatta Eels) - NRL Stats, News, Contract &amp; Player Profile - Zero Tackle","https://www.zerotackle.com/players/jonah-pezet/","Player Contracts Player Contracts Team 2026 2027 2028 2029 2030 Parramatta Eels ✔ Brisbane Broncos ✔ ✔ ✔ Stats 2026 Stats Round Opp P T G MINS AR ARM LB LBA TA OL TK MT TB KM 40/20 PE ER TOTALS 7 21 3 4 538 39 220 1 2 5 5 103 22 1 1235 0 1 7 1 0 0 0 80 7 37 0 0 0 0 21 3 0 82 0 0 3 2 4 1 0 80 3 25 0 2 3 0 11 1 0 36 0 1 1 3 4 1 0 80 5 42 0 0 1 1 12 3 0 56 0 0 1 4 0 0 0 80 4 21 1 0 1 2 11 5 0 117 0 0 1 5 0 0 0 58 3 15 0"
"par","Parramatta Eels","Mitchell Moses","Halfback","1","player_specific_profile_candidate","abc.net.au","false","false","false","","bing-news-rss","Mon, 01 Jun 2026 17:14:00 GMT","Mitchell Moses's Eels absence raises concerns over potential Origin return","https://www.abc.net.au/news/2026-06-02/nrl-state-of-origin-mitchell-moses-nsw-blues-parramatta-eels/106751432","Mitchell Moses will not play for the Eels in the King's Birthday match against the Bulldogs. Moses was ruled out of State of Origin I with a hamstring injury. It is unclear whether Blues coach Laurie ..."
"par","Parramatta Eels","Mitchell Moses","Halfback","2","player_specific_contract_candidate","zerotackle.com","false","false","true","contract_or_signing_language|contract_table","zerotackle-direct-player-profile","","Mitchell Moses (Parramatta Eels) - NRL Stats, News, Contract &amp; Player Profile - Zero Tackle","https://www.zerotackle.com/players/mitchell-moses/","Player Contracts Player Contracts Team 2026 2027 2028 2029 2030 Parramatta Eels $1.3M $1.3M $1.3M $1.3M Stats 2026 Stats Round Opp P T G MINS AR ARM LB LBA TA OL TK MT TB KM 40/20 PE ER TOTALS 14 65 1 30 1118 104 795 1 8 6 1 254 44 13 7156 0 3 14 1 0 0 0 80 7 45 0 1 0 1 27 2 1 198 0 0 2 2 12 0 6 80 3 31 0 2 2 0 11 4 0 551 0 1 0 3 10 0 5 80 11 93 0 0 0 0 17 3 3 750 0 1 0 4 4 0 2 80 5 34 0 0 0 0 15 3 1 242 0 0 1 5 4 0 "
"par","Parramatta Eels","J'maine Hopgood","Prop","1","player_specific_profile_candidate","theaustralian.com.au","false","false","false","contract_or_salary_language","bing-news-rss","Mon, 06 Apr 2026 17:00:00 GMT","Eels boss Jim Sarantinos accelerates push for salary cap relief from NRL over foul play injuries","https://www.theaustralian.com.au/sport/nrl/eels-boss-jim-sarantinos-accelerates-push-for-salary-cap-relief-from-nrl-over-foul-play-injuries/news-story/0c4083d233e5d940358f3a32c7f71c3c","Sarantinos confirmed he planned to open formal discussions with head office over the concept given winger's absence comes hot on the heels of injuries to J'maine Hopgood and Isaiah Iongi. The Eels now ..."
"par","Parramatta Eels","J'maine Hopgood","Prop","2","player_specific_profile_candidate","parraeels.com.au","true","false","false","","official-club-signings-topic","","Signings J'maine Hopgood extends with Parramatta Eels","https://www.parraeels.com.au/news/2024/08/28/jmaine-hopgood-extends-with-parramatta-eels/","RateLimitTriggeredError: Per IP rate limit exceeded"
"par","Parramatta Eels","J'maine Hopgood","Prop","3","player_specific_profile_candidate","parraeels.com.au","true","false","false","","official-club-signings-topic","","Signings Eels extend J'maine Hopgood","https://www.parraeels.com.au/news/2023/05/12/eels-extend-jmaine-hopgood/","RateLimitTriggeredError: Per IP rate limit exceeded"
"par","Parramatta Eels","J'maine Hopgood","Prop","4","player_specific_contract_candidate","zerotackle.com","false","false","true","contract_or_signing_language|contract_table","zerotackle-direct-player-profile","","J&#039;maine Hopgood (Parramatta Eels) - NRL Stats, News, Contract &amp; Player Profile - Zero Tackle","https://www.zerotackle.com/players/jmaine-hopgood/","Player Contracts Player Contracts Team 2026 2027 2028 2029 2030 Parramatta Eels ✔ ✔ Stats 2026 Stats Round Opp P T G MINS AR ARM LB LBA TA OL TK MT TB KM 40/20 PE ER TOTALS 2 0 0 0 63 12 95 0 0 0 1 53 0 0 0 0 1 1 1 0 0 0 54 9 64 0 0 0 1 46 0 0 0 0 1 1 3 0 0 0 9 3 31 0 0 0 0 7 0 0 0 0 0 0 Injuries & Suspensions Eels confirm injury status for Will Penisini, Ryley Smith Scott Pryde - May 5, 2026 Latest NRL News Eels pro"
"par","Parramatta Eels","Ryley Smith","Hooker","1","player_specific_contract_candidate","zerotackle.com","false","false","true","contract_or_signing_language|contract_table","zerotackle-direct-player-profile","","Ryley Smith (Parramatta Eels) - NRL Stats, News, Contract &amp; Player Profile - Zero Tackle","https://www.zerotackle.com/players/ryley-smith/","Player Contracts Player Contracts Team 2026 2027 2028 2029 2030 Parramatta Eels ✔ ✔ Stats 2026 Stats Round Opp P T G MINS AR ARM LB LBA TA OL TK MT TB KM 40/20 PE ER TOTALS 9 4 1 0 406 14 117 0 1 1 0 253 28 1 124 0 3 1 1 0 0 0 55 2 13 0 0 0 0 41 7 0 0 0 1 1 2 4 1 0 62 2 22 0 0 0 0 35 3 0 13 0 0 0 3 0 0 0 60 2 10 0 0 0 0 50 4 0 53 0 1 0 4 0 0 0 32 0 0 0 0 0 0 22 0 0 0 0 0 0 5 0 0 0 75 4 34 0 1 1 0 37 9 1 18 0 0 0 6 0 "
"par","Parramatta Eels","Junior Paulo","Prop","1","player_specific_contract_candidate","theaustralian.com.au","false","false","false","contract_or_salary_language","bing-news-rss","Wed, 24 Jun 2026 19:13:00 GMT","NRL market watch: Eels prop Junior Paulo fighting for his future at Parramatta","https://www.theaustralian.com.au/sport/nrl/nrl-market-watch-rising-nrl-star-joey-walsh-commits-his-longterm-future-to-manly/news-story/20e0e3472ebd0704364c7ae3b45a5e2e","Paulo, 32, is trying to get back onto the field after having a knee clean-out that has taken longer than expected. Instead, he is having to try to win a contract extension off his reputation and ..."
"par","Parramatta Eels","Junior Paulo","Prop","2","player_specific_contract_candidate","au.sports.yahoo.com","false","false","false","contract_or_salary_language|term_length_language","bing-news-rss","Wed, 24 Jun 2026 17:00:00 GMT","Eels veteran's future remains uncertain","https://au.sports.yahoo.com/eels-veteran-future-remains-uncertain-064452590.html","Parramatta Eels veteran Junior Paulo is keen to remain at the club he made his NRL debut with back in 2013. Although the 32-year-old prop is unsigned for next season and has yet to ink an extension to ..."
"par","Parramatta Eels","Junior Paulo","Prop","3","player_specific_contract_candidate","geelongadvertiser.com.au","false","false","false","contract_or_salary_language","bing-news-rss","Wed, 11 May 2016 04:26:00 GMT","Third grade rugby coach takes blame for Junior Paulo breaching his NRL contract","https://www.geelongadvertiser.com.au/sport/nrl/third-grade-rugby-coach-takes-blame-for-junior-paulo-breaching-his-nrl-contract/news-story/9311f67679138f28d32b4848b12e73e1","A THIRD grade rugby coach has taken all blame for Parramatta enforcer Junior Paulo breaching his NRL contract, saying: ""I just wanted my boys to play alongside a superstar."" Speaking with The Daily ..."
"par","Parramatta Eels","Junior Paulo","Prop","4","player_specific_contract_candidate","themercury.com.au","false","false","false","signing_language","bing-news-rss","Thu, 25 Jun 2026 05:13:00 GMT","NRL market watch: Eels prop Junior Paulo fighting for his future at Parramatta","https://www.themercury.com.au/sport/nrl/nrl-market-watch-rising-nrl-star-joey-walsh-commits-his-longterm-future-to-manly/news-story/20e0e3472ebd0704364c7ae3b45a5e2e","In a strong vote of confidence for Fozball, boom rookie Joey Walsh has re-signed with Manly until the end of the 2029 NRL season."
"par","Parramatta Eels","Junior Paulo","Prop","5","player_specific_contract_candidate","zerotackle.com","false","false","true","contract_or_signing_language|contract_table","zerotackle-direct-player-profile","","Junior Paulo (Parramatta Eels) - NRL Stats, News, Contract &amp; Player Profile - Zero Tackle","https://www.zerotackle.com/players/junior-paulo/","Player Contracts Player Contracts Team 2026 2027 2028 2029 2030 Parramatta Eels $975K Stats 2026 Stats Round Opp P T G MINS AR ARM LB LBA TA OL TK MT TB KM 40/20 PE ER TOTALS 11 4 1 0 578 136 1210 1 0 0 8 267 26 17 0 0 1 4 1 0 0 0 56 8 62 0 0 0 0 40 5 2 0 0 0 1 2 0 0 0 53 12 102 0 0 0 1 22 3 1 0 0 0 0 3 0 0 0 55 11 106 0 0 0 0 34 2 2 0 0 0 2 4 0 0 0 45 8 73 0 0 0 0 22 0 0 0 0 1 0 5 4 1 0 53 13 109 1 0 0 0 23 3 2 0 0 "
"par","Parramatta Eels","Kelma Tuilagi","2nd Row","1","player_specific_contract_candidate","ntnews.com.au","false","false","false","contract_or_salary_language|term_length_language","bing-news-rss","Wed, 15 Apr 2026 01:01:00 GMT","Kelma Tuilagi first Eels casualty of Jaydn Su'A signing | Sport Confidential","https://www.ntnews.com.au/sport/nrl/nrl-club-bosses-call-for-meeting-with-graham-annesley-over-frustrations-with-rule-changes-sport-confidential/news-story/e9b22e067b674c18843989e5061614ad","Parramatta's decision to sign Jaydn Su'A to a lucrative three-year deal is set to come at the expense of a fellow back rower who is now exploring his options at rival clubs. Sport Confidential ..."
"par","Parramatta Eels","Kelma Tuilagi","2nd Row","2","player_specific_profile_candidate","theaustralian.com.au","false","false","false","","bing-news-rss","Wed, 15 Apr 2026 00:59:00 GMT","Kelma Tuilagi first Eels casualty of Jaydn Su'A signing | Sport Confidential","https://www.theaustralian.com.au/sport/nrl/nrl-club-bosses-call-for-meeting-with-graham-annesley-over-frustrations-with-rule-changes-sport-confidential/news-story/e9b22e067b674c18843989e5061614ad","Sport Confidential understands that Tuilagi has begun exploring his options at rival clubs given Su'A's imminent arrival and the presence of back rower Kitione Kautoga, who is contracted for at least ..."
"par","Parramatta Eels","Kelma Tuilagi","2nd Row","3","player_specific_profile_candidate","adelaidenow.com.au","false","false","false","","bing-news-rss","Wed, 15 Apr 2026 01:08:00 GMT","Kelma Tuilagi first Eels casualty of Jaydn Su'A signing | Sport Confidential","https://www.adelaidenow.com.au/sport/nrl/nrl-club-bosses-call-for-meeting-with-graham-annesley-over-frustrations-with-rule-changes-sport-confidential/news-story/e9b22e067b674c18843989e5061614ad","Sport Confidential understands that Tuilagi has begun exploring his options at rival clubs given Su'A's imminent arrival and the presence of back rower Kitione Kautoga, who is contracted for at least ..."
"par","Parramatta Eels","Kelma Tuilagi","2nd Row","4","player_specific_profile_candidate","parraeels.com.au","true","false","false","","official-club-signings-topic","","Signings Parramatta Eels extend Kelma Tuilagi","https://www.parraeels.com.au/news/2024/12/03/parramatta-eels-extend-kelma-tuilagi/","RateLimitTriggeredError: Per IP rate limit exceeded"
"par","Parramatta Eels","Kelma Tuilagi","2nd Row","5","player_specific_profile_candidate","parraeels.com.au","true","false","false","","official-club-signings-topic","","Signings Kelma Tuilagi signs with Parramatta Eels","https://www.parraeels.com.au/news/2023/10/06/kelma-tuilagi-signs-with-parramatta-eels/","RateLimitTriggeredError: Per IP rate limit exceeded"
"par","Parramatta Eels","Kelma Tuilagi","2nd Row","6","player_specific_contract_candidate","zerotackle.com","false","false","true","contract_or_signing_language|contract_table","zerotackle-direct-player-profile","","Kelma Tuilagi (Parramatta Eels) - NRL Stats, News, Contract &amp; Player Profile - Zero Tackle","https://www.zerotackle.com/players/kelma-tuilagi/","Player Contracts Player Contracts Team 2026 2027 2028 2029 2030 Parramatta Eels ✔ Stats 2026 Stats Round Opp P T G MINS AR ARM LB LBA TA OL TK MT TB KM 40/20 PE ER TOTALS 16 16 4 0 971 158 1487 4 3 1 12 424 53 31 18 0 6 11 1 0 0 0 0 0 0 0 0 0 0 0 0 0 0 0 0 0 2 8 2 0 80 12 134 2 0 0 1 23 2 8 0 0 1 0 3 0 0 0 75 8 67 0 1 0 1 36 2 0 18 0 0 0 4 0 0 0 80 8 88 0 0 0 0 46 4 2 0 0 0 1 5 0 0 0 71 11 105 0 0 0 0 33 3 0 0 0 0 2 "
"par","Parramatta Eels","Kitione Kautoga","2nd Row","1","player_specific_contract_candidate","zerotackle.com","false","false","true","contract_or_signing_language|contract_table","zerotackle-direct-player-profile","","Kitione Kautoga (Parramatta Eels) - NRL Stats, News, Contract &amp; Player Profile - Zero Tackle","https://www.zerotackle.com/players/kitione-kautoga/","Player Contracts Player Contracts Team 2026 2027 2028 2029 2030 Parramatta Eels ✔ ✔ Stats 2026 Stats Round Opp P T G MINS AR ARM LB LBA TA OL TK MT TB KM 40/20 PE ER TOTALS 12 8 2 0 942 146 1263 3 3 3 21 351 30 25 37 0 4 14 1 0 0 0 80 13 121 0 0 0 1 30 3 1 0 0 0 2 2 0 0 0 80 12 85 0 0 0 1 21 1 2 0 0 0 2 3 4 1 0 80 9 83 1 0 1 2 34 2 4 0 0 1 2 4 0 0 0 80 10 105 0 1 0 2 36 0 2 0 0 0 1 5 0 0 0 85 12 96 0 0 0 2 25 2 3 0 0"
"par","Parramatta Eels","Jack Williams","Lock","1","player_specific_profile_candidate","parraeels.com.au","true","false","false","","official-club-signings-topic","","Signings Jack Williams signs with Parramatta Eels","https://www.parraeels.com.au/news/2024/10/03/jack-williams-signs-with-parramatta-eels/","RateLimitTriggeredError: Per IP rate limit exceeded"
"par","Parramatta Eels","Jack Williams","Lock","2","player_specific_contract_candidate","zerotackle.com","false","false","true","contract_or_signing_language|contract_table","zerotackle-direct-player-profile","","Jack Williams (Parramatta Eels) - NRL Stats, News, Contract &amp; Player Profile - Zero Tackle","https://www.zerotackle.com/players/jack-williams/","Player Contracts Player Contracts Team 2026 2027 2028 2029 2030 Parramatta Eels ✔ ✔ Stats 2026 Stats Round Opp P T G MINS AR ARM LB LBA TA OL TK MT TB KM 40/20 PE ER TOTALS 17 0 0 0 1190 208 1920 2 1 2 9 678 52 33 0 0 1 11 1 0 0 0 80 10 95 0 0 0 0 44 1 1 0 0 0 1 2 0 0 0 52 9 102 0 0 0 0 37 2 3 0 0 0 0 3 0 0 0 63 10 93 0 0 0 0 50 5 2 0 0 0 0 4 0 0 0 55 12 118 0 0 0 0 32 5 3 0 0 0 1 5 0 0 0 76 14 157 0 0 0 0 47 3 0 0 0"
"par","Parramatta Eels","Dylan Walker","Interchange","1","player_specific_contract_candidate","au.sports.yahoo.com","false","false","false","contract_or_salary_language|term_language","bing-news-rss","Tue, 07 Jul 2026 01:03:00 GMT","Dylan Walker reveals ""disappointing"" contract negotiations","https://au.sports.yahoo.com/dylan-walker-reveals-disappointing-contract-080313101.html","Departing Parramatta Eels lock forward Dylan Walker has revealed his disappointment over not being able to stay in the NRL beyond the end of 2026. Walker, who still believes he has plenty left in the ..."
"par","Parramatta Eels","Dylan Walker","Interchange","2","player_specific_contract_candidate","au.sports.yahoo.com","false","false","false","contract_or_salary_language|term_language|term_length_language","bing-news-rss","Mon, 06 Jul 2026 02:33:00 GMT","Dylan Walker confirms next contract, Eels exit","https://au.sports.yahoo.com/dylan-walker-confirms-next-contract-093330068.html","Parramatta Eels lock forward Dylan Walker has confirmed he will leave the club at the end of 2026, joining English Super League outfit the Leeds Rhinos on a three-year deal. Walker, who has been with ..."
"par","Parramatta Eels","Dylan Walker","Interchange","3","player_specific_contract_candidate","zerotackle.com","false","false","false","signing_language","bing-news-rss","Sun, 05 Jul 2026 04:04:00 GMT","The biggest misconception around the Eels ""rebuild""","https://www.zerotackle.com/the-biggest-misconception-around-the-eels-rebuild-235478/","Mark O'Neill has signed Jack de Belin, Dylan Walker, and Jonah Pezet, thanks to a relationship with Ryles, which is not ideal recruitment, even if the team is rebuilding while Mitch Moses is still at ..."
"par","Parramatta Eels","Dylan Walker","Interchange","4","player_specific_contract_candidate","msn.com","false","false","false","contract_or_salary_language","bing-news-rss","Tue, 30 Jun 2026 13:08:19 GMT","Close to deciding: Dylan Walker weighs contract call as Eels exit looms","https://www.msn.com/en-au/news/other/close-to-deciding-dylan-walker-weighs-contract-call-as-eels-exit-looms/ar-AA26UhB6","Parramatta Eels veteran utility Dylan Walker is close to confirming he will leave the Western Sydney club when his contract expires at the end of this season. Walker has been linked with a move to the ..."
"par","Parramatta Eels","Dylan Walker","Interchange","5","player_specific_profile_candidate","dailytelegraph.com.au","false","false","false","","bing-news-rss","Thu, 02 Jul 2026 05:47:00 GMT","NRL market watch: Panthers grant premiership prop Moses Leota permission to test open market","https://www.dailytelegraph.com.au/sport/nrl/nrl-market-watch-panthers-grant-premiership-prop-moses-leota-permission-to-test-open-market/news-story/4008f19cfa5ee0ca87b94c1606edc5ad","Dylan Walker is set to become the latest high-profile NRL player to move to the Super League with the Parramatta utility on the verge of joining Brad Arthur-coached Leeds."
"par","Parramatta Eels","Dylan Walker","Interchange","6","player_specific_profile_candidate","thechronicle.com.au","false","false","false","","bing-news-rss","Mon, 06 Jul 2026 05:16:00 GMT","Eels star Dylan Walker's exit confirmed as NRL exodus trend continues","https://www.thechronicle.com.au/sport/nrl/eels-star-dylan-walkers-exit-confirmed-as-nrl-exodus-trend-continues/news-story/8887909c5817658e0c4b78a208fcf317","Parramatta veteran Dylan Walker will leave the Eels at the end of the season, joining the Leeds Rhinos in the Super League."
"par","Parramatta Eels","Dylan Walker","Interchange","7","player_specific_profile_candidate","msn.com","false","false","false","","bing-news-rss","Fri, 03 Jul 2026 02:00:56 GMT","Leeds Rhinos get Dylan Walker green light after Brad Arthur talks","https://www.msn.com/en-gb/news/uknews/leeds-rhinos-get-dylan-walker-green-light-after-brad-arthur-talks/ar-AA277Rrl","The NRL star looks set to make the switch to Headingley for 2027 ..."
"par","Parramatta Eels","Dylan Walker","Interchange","8","player_specific_profile_candidate","parraeels.com.au","true","false","false","","official-club-signings-topic","","Dylan Walker: Welcome to the Eels","https://www.parraeels.com.au/news/2025/03/26/welcome-to-the-eels-dylan-walker/","Title: Dylan Walker: Welcome to the Eels URL Source: https://www.parraeels.com.au/news/2025/03/26/welcome-to-the-eels-dylan-walker/ Markdown Content: [Skip to main content](https://www.parraeels.com.au/news/2025/03/26/welcome-to-the-eels-dylan-walker/#main-content) ## Main [![Image 2: eels logo](https://www.parraeels.com.au/.theme/eels/badge.svg?bust=202607060241)![Image 3: eels logo](https://www.parraeels.com.au/.theme/eels/text.svg?bust=202607060241)](https://www.parraeels.com.au/) [](https://www.parraeels.com.au/search/) * [News](https://www.parraeels.com.au/news/) * [Watch](https://www.parraeels.com.au/watch/) * [Draw](https://www.parraeels.com.au/draw/) * [Ladder](https://www.parraeels."
"par","Parramatta Eels","Dylan Walker","Interchange","9","player_specific_contract_candidate","zerotackle.com","false","false","true","contract_or_signing_language|contract_table","zerotackle-direct-player-profile","","Dylan Walker (Parramatta Eels) - NRL Stats, News, Contract &amp; Player Profile - Zero Tackle","https://www.zerotackle.com/players/dylan-walker/","Player Contracts Player Contracts Team 2026 2027 2028 2029 2030 Parramatta Eels ✔ Leeds Rhinos ✔ ✔ ✔ Stats 2026 Stats Round Opp P T G MINS AR ARM LB LBA TA OL TK MT TB KM 40/20 PE ER TOTALS 17 12 3 0 773 158 1312 2 4 2 4 379 39 7 56 0 3 7 1 0 0 0 50 10 68 0 0 0 1 32 3 0 0 0 0 0 2 0 0 0 39 11 118 0 0 0 0 19 3 0 0 0 0 0 3 0 0 0 41 14 129 0 0 0 0 27 1 0 0 0 0 0 4 4 1 0 66 13 106 0 0 0 0 30 2 0 0 0 1 0 5 0 0 0 62 15 149 "
"par","Parramatta Eels","Tallyn Da Silva","Interchange","1","player_specific_contract_candidate","zerotackle.com","false","true","false","contract_or_salary_language","bing-html|bing-html-lite","","Tallyn Da Silva (Parramatta Eels) - NRL Stats, News, ...","https://www.zerotackle.com/players/tallyn-da-silva/","20 Apr 2005 Tallyn Da Silva is a Parramatta Eels NRL player. View career stats, contract details, latest news, injury updates and rumours."
"par","Parramatta Eels","Tallyn Da Silva","Interchange","2","player_specific_contract_candidate","facebook.com","false","true","false","contract_or_salary_language|signing_language|term_language","bing-html|bing-html-lite","","Parramatta - Done Deal Our newest Eel, Tallyn Da Silva, has signed ...","https://www.facebook.com/photo/?fbid=1148344837322632","29 June 2025 Done Deal 🤝 Our newest Eel, Tallyn Da Silva, has signed until the end of the 2029 season and will join the club, effective immediately. Full details..."
"par","Parramatta Eels","Tallyn Da Silva","Interchange","3","player_specific_contract_candidate","zerotackle.com","false","true","false","contract_or_salary_language|signing_language","bing-html|bing-html-lite","","Eels confirm hooking plans as dummy half earns new deal","https://www.zerotackle.com/eels-confirm-hooking-plans-as-dummy-half-earns-new-deal-223793/","1 July 2025 It comes after the club signed Tallyn da Silva from the Tigers. The Parramatta Eels have confirmed their long-term hooking plans, with Ryley Smith ..."
"par","Parramatta Eels","Tallyn Da Silva","Interchange","4","player_specific_contract_candidate","parraeels.com.au","false","true","false","signing_language","bing-html|bing-html-lite","","Parramatta Eels sign Tallyn Da Silva | Eels - parraeels.com.au","https://www.parraeels.com.au/news/2025/06/30/parramatta-eels-sign-tallyn-da-silva/","30 June 2025 Da Silva will commence training with the Eels this week. The Parramatta Eels are excited to announce Tallyn Da Silva will join the club effective immediately until the end of the 2029 ..."
"par","Parramatta Eels","Tallyn Da Silva","Interchange","5","player_specific_contract_candidate","instagram.com","false","true","false","contract_or_salary_language|term_length_language","bing-html|bing-html-lite","","RL_SHOW | Tallyn Da Silva has joined the Parramatta Eels effective ...","https://www.instagram.com/p/DLeVqxJy96P/","133 likes, 1 comments - rl_show on June 28, 2025: ""Tallyn Da Silva has joined the Parramatta Eels effective immediately, signing a four-year deal. #NRL""."
"par","Parramatta Eels","Tallyn Da Silva","Interchange","6","player_specific_profile_candidate","parraeels.com.au","false","true","false","","bing-html|bing-html-lite","","Official NRL profile of Tallyn Da Silva for Parramatta ...","https://www.parraeels.com.au/teams/nrl-premiership/parramatta-eels/tallyn-da-silva/","He joined the Parramatta Eels in 2025, making 9 appearances and scoring a try in his first season with the Blue & Gold. Parramatta Eels respect and honour the ..."
"par","Parramatta Eels","Jack de Belin","Interchange","1","player_specific_contract_candidate","geelongadvertiser.com.au","false","false","false","contract_or_salary_language|signing_language","bing-news-rss","Tue, 11 May 2021 06:03:00 GMT","Jack de Belin knocked back Warriors deal before re-signing with Dragons","https://www.geelongadvertiser.com.au/sport/nrl/the-secret-details-behind-st-george-illawarras-deal-with-jack-de-belin/news-story/b10ffc2ae1ab062455887d0e41e1dc02","He has officially re-signed with the Dragons but Jack de Belin knocked back an even more lucrative contract from an NRL rival in 2020. De Belin and Sinclair were found not guilty on one charge on ..."
"par","Parramatta Eels","Jack de Belin","Interchange","2","player_specific_contract_candidate","goldcoastbulletin.com.au","false","false","false","contract_or_salary_language","bing-news-rss","Thu, 03 Sep 2020 10:36:00 GMT","NRL: St George Illawarra players welcome Jack de Belin's potential contract extension","https://www.goldcoastbulletin.com.au/breaking-news/nrl-st-george-illawarra-players-welcome-jack-de-belins-potential-contract-extension/news-story/a3081529313324185b48037b537289d9","Dragons players believe Jack de Belin would ""dominate"" if he is given clearance to return to the NRL next season. De Belin's challenging career received a boost during the week when the Dragons ..."
"par","Parramatta Eels","Jack de Belin","Interchange","3","player_specific_contract_candidate","ntnews.com.au","false","false","false","contract_or_salary_language","bing-news-rss","Thu, 03 Sep 2020 10:36:00 GMT","NRL: St George Illawarra players welcome Jack de Belin's potential contract extension","https://www.ntnews.com.au/breaking-news/nrl-st-george-illawarra-players-welcome-jack-de-belins-potential-contract-extension/news-story/a3081529313324185b48037b537289d9","Dragons players believe Jack de Belin would ""dominate"" if he is given clearance to return to the NRL next season. De Belin's challenging career received a boost during the week when the Dragons ..."
"par","Parramatta Eels","Jack de Belin","Interchange","4","player_specific_contract_candidate","zerotackle.com","false","false","false","signing_language","bing-news-rss","Sun, 05 Jul 2026 04:04:00 GMT","The biggest misconception around the Eels ""rebuild""","https://www.zerotackle.com/the-biggest-misconception-around-the-eels-rebuild-235478/","Mark O'Neill has signed Jack de Belin, Dylan Walker, and Jonah Pezet, thanks to a relationship with Ryles, which is not ideal recruitment, even if the team is rebuilding while Mitch Moses is still at ..."
"par","Parramatta Eels","Jack de Belin","Interchange","5","player_specific_profile_candidate","heraldsun.com.au","false","false","false","","bing-news-rss","Sat, 16 Feb 2019 16:00:00 GMT","Sponsors actively following Jack de Belin case and NRL's response","https://www.heraldsun.com.au/news/sponsors-actively-following-jack-de-belin-case-and-nrls-response/news-story/e518bd3752181e80c96c76c806d89ab8","With just days until the new NRL season kicks off, the game is facing an unprecedented crisis over its handling of star player Jack de Belin's rape case, with Dragons' sponsors actively looking into ..."
"par","Parramatta Eels","Jack de Belin","Interchange","6","player_specific_profile_candidate","ntnews.com.au","false","false","false","","bing-news-rss","Thu, 04 Jun 2026 00:45:00 GMT","NRL under pressure to stand down star Jack de Belin","https://www.ntnews.com.au/sport/nrl-under-pressure-to-stand-down-star-jack-de-belin/news-story/9ec0289c8b94f8db8c214e0911b9a582","The NRL's handling of the Jack de Belin case is under severe scrutiny, with the NRL's leading women's adviser calling for the Dragons forward to be stood down, while a judge argues this would ..."
"par","Parramatta Eels","Jack de Belin","Interchange","7","player_specific_contract_candidate","zerotackle.com","false","false","true","contract_or_signing_language|contract_table","zerotackle-direct-player-profile","","Jack de Belin (Parramatta Eels) - NRL Stats, News, Contract &amp; Player Profile - Zero Tackle","https://www.zerotackle.com/players/jack-de-belin/","Player Contracts Player Contracts Team 2026 2027 2028 2029 2030 Parramatta Eels ✔ CO Stats 2026 Stats Round Opp P T G MINS AR ARM LB LBA TA OL TK MT TB KM 40/20 PE ER TOTALS 15 0 0 0 512 82 723 0 0 0 1 342 21 4 0 0 2 1 1 0 0 0 51 5 50 0 0 0 0 45 2 0 0 0 0 0 2 0 0 0 37 8 70 0 0 0 0 20 1 0 0 0 0 0 5 0 0 0 0 0 0 0 0 0 0 0 0 0 0 0 0 0 6 0 0 0 24 6 67 0 0 0 0 18 1 0 0 0 0 0 7 0 0 0 29 6 50 0 0 0 0 21 0 0 0 0 0 0 8 0 0 0 4"
"par","Parramatta Eels","Matt Doorey","Interchange","1","player_specific_contract_candidate","zerotackle.com","false","false","true","contract_or_signing_language|contract_table","zerotackle-direct-player-profile","","Matt Doorey (Parramatta Eels) - NRL Stats, News, Contract &amp; Player Profile - Zero Tackle","https://www.zerotackle.com/players/matt-doorey/","Player Contracts Player Contracts Team 2026 2027 2028 2029 2030 Parramatta Eels ✔ ✔ Stats 2026 Stats Round Opp P T G MINS AR ARM LB LBA TA OL TK MT TB KM 40/20 PE ER TOTALS 4 0 0 0 104 29 253 0 0 0 0 53 8 5 0 0 0 1 1 0 0 0 18 5 33 0 0 0 0 13 2 0 0 0 0 0 2 0 0 0 32 9 82 0 0 0 0 9 1 0 0 0 0 0 3 0 0 0 33 8 72 0 0 0 0 16 2 3 0 0 0 1 4 0 0 0 21 7 66 0 0 0 0 15 3 2 0 0 0 0 Injuries & Suspensions Eels confirm injury status "
"par","Parramatta Eels","Brian Kelly","Unknown","1","player_specific_contract_candidate","zerotackle.com","false","false","true","contract_or_signing_language|contract_table","zerotackle-direct-player-profile","","Brian Kelly (Parramatta Eels) - NRL Stats, News, Contract &amp; Player Profile - Zero Tackle","https://www.zerotackle.com/players/brian-kelly/","Player Contracts Player Contracts Team 2026 2027 2028 2029 2030 Parramatta Eels ✔ ✔ Stats 2026 Stats Round Opp P T G MINS AR ARM LB LBA TA OL TK MT TB KM 40/20 PE ER TOTALS 15 16 4 0 1207 268 2416 4 5 5 22 124 38 52 122 0 4 22 1 0 0 0 80 14 112 0 0 0 1 18 3 4 0 0 1 1 4 0 0 0 80 14 133 0 2 2 2 17 1 1 0 0 0 0 5 0 0 0 85 14 87 0 0 0 3 23 5 1 0 0 1 2 6 0 0 0 80 17 167 0 0 0 0 7 2 1 28 0 0 1 7 0 0 0 80 20 174 0 0 1 2 3 4 "
"par","Parramatta Eels","Charlie Guymer","Unknown","1","player_specific_contract_candidate","ntnews.com.au","false","false","false","signing_language","bing-news-rss","Sat, 11 Apr 2026 12:04:00 GMT","Homegrown Eels, led by Charlie Guymer, answer call as Parramatta's injury crisis worsens","https://www.ntnews.com.au/sport/nrl/eels-turn-to-homegrown-trio-led-by-charlie-guymer-as-clubs-injury-crisis-worsens/news-story/4aaa6319367fc749ccd4acecf39e16e1","In the midst of an injury crisis, Parramatta are turning to a homegrown group of mates who won it all almost three years ago, led by future captain Charlie Guymer. Led by the newly-resigned Charlie ..."
"par","Parramatta Eels","Charlie Guymer","Unknown","2","player_specific_contract_candidate","zerotackle.com","false","false","true","contract_or_signing_language|contract_table","zerotackle-direct-player-profile","","Charlie Guymer (Parramatta Eels) - NRL Stats, News, Contract &amp; Player Profile - Zero Tackle","https://www.zerotackle.com/players/charlie-guymer/","Player Contracts Player Contracts Team 2026 2027 2028 2029 2030 Parramatta Eels ✔ ✔ ✔ Stats 2026 Stats Round Opp P T G MINS AR ARM LB LBA TA OL TK MT TB KM 40/20 PE ER TOTALS 16 0 0 0 487 75 579 0 0 0 1 214 35 11 0 0 4 0 2 0 0 0 0 0 0 0 0 0 0 0 0 0 0 0 0 0 3 0 0 0 31 5 42 0 0 0 0 14 4 0 0 0 3 0 4 0 0 0 0 0 0 0 0 0 0 0 0 0 0 0 0 0 5 0 0 0 58 11 103 0 0 0 0 30 1 1 0 0 0 0 6 0 0 0 56 13 110 0 0 0 0 32 3 2 0 0 0 0 7 0 0 "
"par","Parramatta Eels","Jake Tago","Unknown","1","player_specific_contract_candidate","zerotackle.com","false","false","true","contract_or_signing_language|contract_table","zerotackle-direct-player-profile","","Jake Tago (Parramatta Eels) - NRL Stats, News, Contract &amp; Player Profile - Zero Tackle","https://www.zerotackle.com/players/jake-tago/","Player Contracts Player Contracts Team 2026 2027 2028 2029 2030 Parramatta Eels ✔ Stats Parramatta Eels Eels provide promising injury update on Moses and Pezet Kye Ferreira - June 23, 2026 Jake Tago Injuries taking toll at Parramatta Alex Stuart - June 18, 2025 Jake Tago Parramatta Eels confirm outside back ruled out for the season Ethan Lee Chalk - April 11, 2025 Parramatta Eels Latest News Parramatta Eels provide c"
"par","Parramatta Eels","Joash Papalii","Unknown","1","player_specific_contract_candidate","parraeels.com.au","true","false","false","contract_or_signing_language|term_language","official-club-signings-topic","2026-05-06T05:00:00+00:00","Harrison Edwards joins Parramatta Eels","https://www.parraeels.com.au/news/2026/05/06/harrison-edwards-joins-parramatta-eels/","Title: Harrison Edwards joins Parramatta Eels URL Source: https://www.parraeels.com.au/news/2026/05/06/harrison-edwards-joins-parramatta-eels/ Published Time: 2026-05-06T05:00:00+00:00 Markdown Content: [Skip to main content](https://www.parraeels.com.au/news/2026/05/06/harrison-edwards-joins-parramatta-eels/#main-content) ## Main [![Image 1: eels logo](https://www.parraeels.com.au/.theme/eels/badge.svg?bust=202607060241)![Image 2: eels logo](https://www.parraeels.com.au/.theme/eels/text.svg?bust=202607060241)](https://www.parraeels.com.au/) [](https://www.parraeels.com.au/search/) * [News](https://www.parraeels.com.au/news/) * [Watch](https://www.parraeels.com.au/watch/) * [Draw](https://ww"
"par","Parramatta Eels","Joash Papalii","Unknown","2","player_specific_profile_candidate","parraeels.com.au","true","false","false","","official-club-signings-topic","","Dylan Walker: Welcome to the Eels","https://www.parraeels.com.au/news/2025/03/26/welcome-to-the-eels-dylan-walker/","Title: Dylan Walker: Welcome to the Eels URL Source: https://www.parraeels.com.au/news/2025/03/26/welcome-to-the-eels-dylan-walker/ Markdown Content: [Skip to main content](https://www.parraeels.com.au/news/2025/03/26/welcome-to-the-eels-dylan-walker/#main-content) ## Main [![Image 2: eels logo](https://www.parraeels.com.au/.theme/eels/badge.svg?bust=202607060241)![Image 3: eels logo](https://www.parraeels.com.au/.theme/eels/text.svg?bust=202607060241)](https://www.parraeels.com.au/) [](https://www.parraeels.com.au/search/) * [News](https://www.parraeels.com.au/news/) * [Watch](https://www.parraeels.com.au/watch/) * [Draw](https://www.parraeels.com.au/draw/) * [Ladder](https://www.parraeels."
"par","Parramatta Eels","Joash Papalii","Unknown","3","player_specific_contract_candidate","zerotackle.com","false","false","true","contract_or_signing_language|contract_table","zerotackle-direct-player-profile","","Joash Papalii (Parramatta Eels) - NRL Stats, News, Contract &amp; Player Profile - Zero Tackle","https://www.zerotackle.com/players/joash-papalii/","Player Contracts Player Contracts Team 2026 2027 2028 2029 2030 Parramatta Eels ✔ ✔ Stats 2026 Stats Round Opp P T G MINS AR ARM LB LBA TA OL TK MT TB KM 40/20 PE ER TOTALS 17 26 5 3 917 151 1251 4 3 2 1 128 21 25 174 0 0 18 1 0 0 0 10 2 18 0 0 0 0 0 0 0 0 0 0 0 2 0 0 0 0 0 0 0 0 0 0 0 0 0 0 0 0 0 3 0 0 0 0 0 0 0 0 0 0 0 0 0 0 0 0 0 4 0 0 0 37 6 70 0 0 0 0 1 0 2 27 0 0 1 5 0 0 0 85 15 115 0 1 1 0 10 2 1 0 0 0 1 6 0 0"
"par","Parramatta Eels","Jordan Samrani","Unknown","1","player_specific_contract_candidate","zerotackle.com","false","false","true","contract_or_signing_language|contract_table","zerotackle-direct-player-profile","","Jordan Samrani (Parramatta Eels) - NRL Stats, News, Contract &amp; Player Profile - Zero Tackle","https://www.zerotackle.com/players/jordan-samrani/","Player Contracts Player Contracts Team 2026 2027 2028 2029 2030 Parramatta Eels ✔ ✔ Stats 2026 Stats Round Opp P T G MINS AR ARM LB LBA TA OL TK MT TB KM 40/20 PE ER TOTALS 10 12 3 0 762 152 1339 5 0 1 14 125 26 24 0 0 3 9 2 0 0 0 80 13 104 0 0 0 0 7 2 2 0 0 0 0 3 0 0 0 40 8 80 1 0 0 1 8 1 1 0 0 0 0 10 4 1 0 82 25 248 2 0 1 2 9 1 4 0 0 0 1 11 0 0 0 80 15 111 0 0 0 0 13 5 1 0 0 1 0 13 4 1 0 80 17 204 0 0 0 1 11 3 2 0 "
"par","Parramatta Eels","Luca Moretti","Unknown","1","player_specific_profile_candidate","parraeels.com.au","true","false","false","","official-club-signings-topic","","Signings Luca Moretti extends with the Eels","https://www.parraeels.com.au/news/2025/01/17/luca-moretti-extends-with-the-eels/","RateLimitTriggeredError: Per IP rate limit exceeded"
"par","Parramatta Eels","Luca Moretti","Unknown","2","player_specific_contract_candidate","zerotackle.com","false","false","true","contract_or_signing_language|contract_table","zerotackle-direct-player-profile","","Luca Moretti (Parramatta Eels) - NRL Stats, News, Contract &amp; Player Profile - Zero Tackle","https://www.zerotackle.com/players/luca-moretti/","Player Contracts Player Contracts Team 2026 2027 2028 2029 2030 Parramatta Eels ✔ ✔ Stats 2026 Stats Round Opp P T G MINS AR ARM LB LBA TA OL TK MT TB KM 40/20 PE ER TOTALS 12 4 1 0 373 100 871 3 0 0 7 222 15 17 0 0 1 5 4 0 0 0 25 4 51 0 0 0 0 16 1 0 0 0 0 1 5 0 0 0 30 7 42 0 0 0 1 21 3 2 0 0 0 0 6 0 0 0 15 5 42 0 0 0 1 12 0 1 0 0 0 1 7 0 0 0 43 12 90 0 0 0 1 20 1 4 0 0 0 1 8 4 1 0 46 13 107 1 0 0 3 24 0 5 0 0 0 0 9 "
"par","Parramatta Eels","Richard Penisini","Unknown","1","player_specific_contract_candidate","zerotackle.com","false","false","true","contract_or_signing_language|contract_table","zerotackle-direct-player-profile","","Richard Penisini (Parramatta Eels) - NRL Stats, News, Contract &amp; Player Profile - Zero Tackle","https://www.zerotackle.com/players/richard-penisini/","Player Contracts Player Contracts Team 2026 2027 2028 2029 2030 Parramatta Eels ✔ Stats Parramatta Eels Eels provide promising injury update on Moses and Pezet Kye Ferreira - June 23, 2026 Richard Penisini Injuries taking toll at Parramatta Alex Stuart - June 18, 2025 Richard Penisini Rookie Watch: Top 100 young players yet to play NRL: 50-41 Ethan Lee Chalk - June 7, 2025 Richard Penisini Eels confirm double contrac"
"par","Parramatta Eels","Ronald Volkman","Unknown","1","player_specific_contract_candidate","couriermail.com.au","false","false","false","contract_or_salary_language","bing-news-rss","Thu, 09 Jul 2026 08:00:00 GMT","Parramatta Eels target Jarome Luai as rejuvenated playmaker Ronald Volkman departs","https://www.couriermail.com.au/sport/nrl/parramatta-eels-target-jarome-luai-as-rejuvenated-playmaker-ronald-volkman-departs/news-story/52934ca0b0ab58e0affb94b31f8f480e","Rejuvenated playmaker Ronald Volkman could be on the way out of Parramatta after contract talks on an extension broke down with the club."
"par","Parramatta Eels","Ronald Volkman","Unknown","2","player_specific_contract_candidate","dailytelegraph.com.au","false","false","false","contract_or_salary_language","bing-news-rss","Thu, 09 Jul 2026 11:39:00 GMT","Parramatta Eels target Jarome Luai as rejuvenated playmaker Ronald Volkman departs","https://www.dailytelegraph.com.au/sport/nrl/parramatta-eels-target-jarome-luai-as-rejuvenated-playmaker-ronald-volkman-departs/news-story/52934ca0b0ab58e0affb94b31f8f480e","Contract talks between Parramatta and rejuvenated playmaker Ronald Volkman have broken down with the Eels expected to land Tigers co-captain Jarome Luai for next season."
"par","Parramatta Eels","Ronald Volkman","Unknown","3","player_specific_contract_candidate","au.sports.yahoo.com","false","false","false","contract_or_salary_language|term_length_language","bing-news-rss","Fri, 15 May 2026 17:00:00 GMT","Super League seek out Eels playmaker","https://au.sports.yahoo.com/super-league-seek-eels-playmaker-014938947.html","Ronald Volkman is off contract with the Parramatta Eels at the end of the season, with several Super League clubs already monitoring his situation as he weighs up his next move. The 23-year-old ..."
"par","Parramatta Eels","Ronald Volkman","Unknown","4","player_specific_contract_candidate","ntnews.com.au","false","false","false","contract_or_salary_language","bing-news-rss","Fri, 10 Jul 2026 04:58:00 GMT","Parramatta Eels target Jarome Luai as rejuvenated playmaker Ronald Volkman departs","https://www.ntnews.com.au/sport/nrl/parramatta-eels-target-jarome-luai-as-rejuvenated-playmaker-ronald-volkman-departs/news-story/52934ca0b0ab58e0affb94b31f8f480e","Rejuvenated playmaker Ronald Volkman could be on the way out of Parramatta after contract talks on an extension broke down with the club."
"par","Parramatta Eels","Ronald Volkman","Unknown","5","player_specific_profile_candidate","au.news.yahoo.com","false","false","false","","bing-news-rss","Fri, 10 Jul 2026 16:24:00 GMT","Parramatta half set to leave the club as Eels make space to sign Jarome Luai from Tigers","https://au.news.yahoo.com/parramatta-half-set-to-leave-the-club-as-eels-make-space-to-sign-jarome-luai-from-tigers-231132208.html","The Parramatta Eels will reportedly farewell playmaker Ronald Volkman at the end of the NRL season and the club looks to sign Jarome Luai from the Wests Tigers. The Eels have emerged as the ..."
"par","Parramatta Eels","Ronald Volkman","Unknown","6","player_specific_contract_candidate","zerotackle.com","false","false","true","contract_or_signing_language|contract_table","zerotackle-direct-player-profile","","Ronald Volkman (Parramatta Eels) - NRL Stats, News, Contract &amp; Player Profile - Zero Tackle","https://www.zerotackle.com/players/ronald-volkman/","Player Contracts Player Contracts Team 2026 2027 2028 2029 2030 Parramatta Eels ✔ Stats 2026 Stats Round Opp P T G MINS AR ARM LB LBA TA OL TK MT TB KM 40/20 PE ER TOTALS 12 23 4 3 883 97 841 5 5 6 9 238 50 27 2481 0 6 11 6 2 0 1 80 9 70 0 0 1 1 18 4 1 106 0 0 1 7 6 1 1 79 3 30 1 1 1 0 24 9 3 48 0 0 0 8 0 0 0 65 5 40 0 0 0 0 24 3 0 0 0 0 2 9 8 2 0 80 10 89 1 1 0 1 12 5 4 47 0 3 1 10 2 0 1 82 5 105 2 0 1 0 17 3 5 143 "
"par","Parramatta Eels","Ryan Matterson","Unknown","1","player_specific_contract_candidate","goldcoastbulletin.com.au","false","false","false","contract_or_salary_language|signing_language|term_length_language","bing-news-rss","Tue, 26 May 2026 02:06:00 GMT","Ryan Matterson joins Parramatta Eels on three-year deal","https://www.goldcoastbulletin.com.au/sport/ryan-matterson-joins-parramatta-eels-on-threeyear-deal/news-story/6d181e81dd245aea053a27d93f2822c4","Matterson had two years remaining with Wests Tigers but quit the club early after claiming he was in dispute with coach Michael Maguire. He now has a spanking new three-year contract with the Eels, ..."
"par","Parramatta Eels","Ryan Matterson","Unknown","2","player_specific_contract_candidate","goldcoastbulletin.com.au","false","false","false","contract_or_salary_language|signing_language","bing-news-rss","Mon, 11 Nov 2019 12:21:00 GMT","Gorden Tallis finds solution to Ryan Matterson contract fiasco","https://www.goldcoastbulletin.com.au/sport/gorden-tallis-finds-solution-to-ryan-matterson-contract-fiasco/news-story/c8e20c64644c868a6ff07bc066ffa1c0","A man who proved a long time ago that his word is his bond, Tallis has called on NRL chief executive Todd Greenberg to join forces with clubs and start standing down players for breaking contracts."
"par","Parramatta Eels","Ryan Matterson","Unknown","3","player_specific_contract_candidate","adelaidenow.com.au","false","false","false","contract_or_salary_language","bing-news-rss","Wed, 16 Oct 2019 10:15:00 GMT","Ryan Matterson now talking to South Sydney as Tigers exit looms","https://www.adelaidenow.com.au/sport/nrl/teams/tigers/ryan-matterson-now-talking-to-south-sydney-as-tigers-exit-looms/news-story/d5b53fbe8c7d6e1b8768716a5f8ae20c","The Daily Telegraph understands the Rabbitohs are planning a preliminary meeting with Matterson's management as early as Thursday as they look to replace retired club legend John Sutton. No offer has ..."
"par","Parramatta Eels","Ryan Matterson","Unknown","4","player_specific_contract_candidate","themercury.com.au","false","false","false","contract_or_salary_language","bing-news-rss","Wed, 16 Oct 2019 10:45:00 GMT","Ryan Matterson now talking to South Sydney as Tigers exit looms","https://www.themercury.com.au/sport/ryan-matterson-now-talking-to-south-sydney-as-tigers-exit-looms/news-story/d5b53fbe8c7d6e1b8768716a5f8ae20c","The Daily Telegraph understands the Rabbitohs are planning a preliminary meeting with Matterson's management as early as Thursday as they look to replace retired club legend John Sutton. No offer has ..."
"par","Parramatta Eels","Ryan Matterson","Unknown","5","player_specific_profile_candidate","couriermail.com.au","false","false","false","","bing-news-rss","Wed, 04 Mar 2026 10:00:00 GMT","Injured Parramatta Eels star Ryan Matterson addresses speculation over his NRL future, Storm links","https://www.couriermail.com.au/sport/nrl/injured-parramatta-eels-star-ryan-matterson-addresses-speculation-over-his-nrl-future-storm-links/news-story/6131028c631c0f6c3a108220ae2cb0e7","The Zac Lomax saga has taken an intriguing twist with Matterson - an unwitting pawn in the Storm-Eels transfer stoush - battling ongoing concussive symptoms that have plunged his career into doubt. In ..."
"par","Parramatta Eels","Ryan Matterson","Unknown","6","player_specific_profile_candidate","townsvillebulletin.com.au","false","false","false","","bing-news-rss","Thu, 02 Apr 2020 07:13:00 GMT","Parramatta Eels Ryan Matterson on dealing with life in isolation","https://www.townsvillebulletin.com.au/sport/parramatta-eels-ryan-matterson-on-dealing-with-life-in-isolation/news-story/ef442c418c8c3a9b115e81297522ab84","Parramatta back-rower Ryan Matterson feared this day would come, when rugby league was taken away. Now the isolated Eels star is in daily sessions with the club's welfare manager. It was about a year ..."
"par","Parramatta Eels","Ryan Matterson","Unknown","7","player_specific_profile_candidate","adelaidenow.com.au","false","false","false","","bing-news-rss","Sat, 27 Jun 2026 16:52:00 GMT","Medical not money: Real reason Ryan Matterson left Tigers revealed","https://www.adelaidenow.com.au/sport/nrl/nrl-2020-ryan-matterson-vs-michael-maguire-wests-tigers-parramatta-eels-round-11/news-story/6d12077c13b07ef5df23234620294cfc","The Sydney Morning Herald reports that Matterson had a falling out with the club over the treatment of his injuries, in particular a concussion. Ahead of his much hyped clash with his former club on ..."
"par","Parramatta Eels","Ryan Matterson","Unknown","8","player_specific_profile_candidate","townsvillebulletin.com.au","false","false","false","","bing-news-rss","Thu, 19 Sep 2019 13:34:00 GMT","Wests Tigers tire of Ryan Matterson — and rivals are circling","https://www.townsvillebulletin.com.au/sport/nrl/wests-tigers-tire-of-moneyhungry-ryan-matterson-and-rivals-are-circling/news-story/f56b740df63d7af41d0925ffa626b056","Ryan Matterson has been granted leave due to ""personal reasons"". But the story runs much deeper, with officials frustrated at the star forward's behaviour and push for more money. Club management ..."
"par","Parramatta Eels","Ryan Matterson","Unknown","9","player_specific_profile_candidate","geelongadvertiser.com.au","false","false","false","","bing-news-rss","Thu, 19 Sep 2019 13:34:00 GMT","Wests Tigers tire of Ryan Matterson — and rivals are circling","https://www.geelongadvertiser.com.au/sport/nrl/wests-tigers-tire-of-moneyhungry-ryan-matterson-and-rivals-are-circling/news-story/f56b740df63d7af41d0925ffa626b056","Ryan Matterson has been granted leave due to ""personal reasons"". But the story runs much deeper, with officials frustrated at the star forward's behaviour and push for more money. Club management ..."
"par","Parramatta Eels","Ryan Matterson","Unknown","10","player_specific_contract_candidate","zerotackle.com","false","false","true","contract_or_signing_language|contract_table","zerotackle-direct-player-profile","","Ryan Matterson (Parramatta Eels) - NRL Stats, News, Contract &amp; Player Profile - Zero Tackle","https://www.zerotackle.com/players/ryan-matterson/","Player Contracts Player Contracts Team 2026 2027 2028 2029 2030 Parramatta Eels $700K Stats Latest NRL News Ryan Matterson opens up on concussion battle Leo Twemlow - May 13, 2026 Latest NRL News &#8220;I was the last to know and the first to be... Leo Twemlow - March 5, 2026 Latest NRL News Career at risk: Matterson's NRL future in doubt Kye Ferreira - February 22, 2026 Zac Lomax Could Matterson's injury break Lomax"
"par","Parramatta Eels","Sam Tuivaiti","Unknown","1","player_specific_contract_candidate","zerotackle.com","false","false","true","contract_or_signing_language|contract_table","zerotackle-direct-player-profile","","Sam Tuivaiti (Parramatta Eels) - NRL Stats, News, Contract &amp; Player Profile - Zero Tackle","https://www.zerotackle.com/players/sam-tuivaiti/","Player Contracts Player Contracts Team 2026 2027 2028 2029 2030 Parramatta Eels ✔ ✔ Stats 2026 Stats Round Opp P T G MINS AR ARM LB LBA TA OL TK MT TB KM 40/20 PE ER TOTALS 12 0 0 0 394 110 917 0 0 0 2 237 20 11 0 0 4 3 1 0 0 0 0 0 0 0 0 0 0 0 0 0 0 0 0 0 2 0 0 0 26 12 128 0 0 0 0 10 1 2 0 0 0 0 3 0 0 0 44 18 175 0 0 0 0 26 4 1 0 0 1 0 4 0 0 0 29 9 78 0 0 0 0 24 3 0 0 0 0 1 5 0 0 0 51 10 67 0 0 0 0 30 2 0 0 0 1 0 6 0"
"par","Parramatta Eels","Toni Mataele","Unknown","1","player_specific_contract_candidate","zerotackle.com","false","false","true","contract_or_signing_language|contract_table","zerotackle-direct-player-profile","","Toni Mataele (Parramatta Eels) - NRL Stats, News, Contract &amp; Player Profile - Zero Tackle","https://www.zerotackle.com/players/toni-mataele/","Player Contracts Player Contracts Team 2026 2027 2028 2029 2030 Parramatta Eels ✔ Manly Sea Eagles ✔ ✔ Stats 2026 Stats Round Opp P T G MINS AR ARM LB LBA TA OL TK MT TB KM 40/20 PE ER TOTALS 7 0 0 0 141 41 376 0 0 0 0 94 1 5 0 0 0 1 7 0 0 0 19 2 20 0 0 0 0 15 0 0 0 0 0 1 8 0 0 0 25 8 73 0 0 0 0 16 0 1 0 0 0 0 10 0 0 0 29 10 119 0 0 0 0 20 0 2 0 0 0 0 11 0 0 0 27 7 63 0 0 0 0 19 1 1 0 0 0 0 13 0 0 0 14 5 42 0 0 0 0 1"
"pen","Penrith Panthers","Dylan Edwards","Fullback","1","player_specific_contract_candidate","zerotackle.com","false","false","true","contract_or_signing_language|contract_table","zerotackle-direct-player-profile","","Dylan Edwards (Penrith Panthers) - NRL Stats, News, Contract &amp; Player Profile - Zero Tackle","https://www.zerotackle.com/players/dylan-edwards/","Player Contracts Player Contracts Team 2026 2027 2028 2029 2030 Penrith Panthers $850K $850K $850K Stats 2026 Stats Round Opp P T G MINS AR ARM LB LBA TA OL TK MT TB KM 40/20 PE ER TOTALS 16 40 10 0 1285 376 3544 8 12 7 6 99 14 82 139 0 5 17 1 4 1 0 80 25 260 1 0 0 1 6 0 7 0 0 0 2 2 0 0 0 80 24 206 0 2 1 0 6 1 1 0 0 1 2 3 8 2 0 80 17 167 2 0 0 1 7 2 2 0 0 0 0 4 0 0 0 80 21 162 0 1 0 0 3 0 3 0 0 1 2 5 4 1 0 80 27 243 "
"pen","Penrith Panthers","Thomas Jenkins","Winger","1","player_specific_profile_candidate","au.sports.yahoo.com","false","false","false","","bing-news-rss","Fri, 29 May 2026 16:59:00 GMT","SIX potential landing spots for Thomas Jenkins","https://au.sports.yahoo.com/six-potential-landing-spots-thomas-020035125.html","Thomas Jenkins has fast become one of the NRL's most dangerous wingers. That is, very likely, a sentence no one thought they'd be reading at the start of the season, and it has to be noted he is ..."
"pen","Penrith Panthers","Thomas Jenkins","Winger","2","player_specific_contract_candidate","zerotackle.com","false","false","true","contract_or_signing_language|contract_table","zerotackle-direct-player-profile","","Thomas Jenkins (Penrith Panthers) - NRL Stats, News, Contract &amp; Player Profile - Zero Tackle","https://www.zerotackle.com/players/thomas-jenkins/","Player Contracts Player Contracts Team 2026 2027 2028 2029 2030 Penrith Panthers ✔ ✔ ✔ ✔ Stats 2026 Stats Round Opp P T G MINS AR ARM LB LBA TA OL TK MT TB KM 40/20 PE ER TOTALS 16 100 25 0 1285 302 3063 25 0 4 10 83 15 65 112 0 3 27 1 8 2 0 80 18 202 0 0 1 1 3 0 8 4 0 0 0 2 8 2 0 80 21 144 2 0 0 0 4 2 1 2 0 1 4 3 16 4 0 80 13 189 3 0 0 0 6 0 5 0 0 0 1 4 8 2 0 80 17 197 3 0 1 2 4 0 4 0 0 1 0 5 8 2 0 80 22 260 2 0 0 0"
"pen","Penrith Panthers","Paul Alamoti","Centre","1","player_specific_contract_candidate","au.sports.yahoo.com","false","false","false","contract_or_salary_language|term_language","bing-news-rss","Thu, 07 May 2026 17:00:00 GMT","Paul Alamoti drops hint on contract decision","https://au.sports.yahoo.com/paul-alamoti-drops-hint-contract-023230225.html","Paul Alamoti has offered insight into his contract situation, with his current deal at the Penrith Panthers running through until the end of 2027. While negotiations are set to become possible from ..."
"pen","Penrith Panthers","Paul Alamoti","Centre","2","player_specific_contract_candidate","penrithpanthers.com.au","true","false","false","contract_or_signing_language|term_language|term_length_language","official-club-signings-topic","2024-10-23T23:58:00+00:00","Alamoti commits to Panthers","https://www.penrithpanthers.com.au/news/2024/10/24/alamoti-commits-to-panthers/","Title: Alamoti commits to Panthers URL Source: https://www.penrithpanthers.com.au/news/2024/10/24/alamoti-commits-to-panthers/ Published Time: 2024-10-23T23:58:00+00:00 Markdown Content: [Skip to main content](https://www.penrithpanthers.com.au/news/2024/10/24/alamoti-commits-to-panthers/#main-content) ## Main [![Image 2: panthers logo](https://www.penrithpanthers.com.au/globalassets/.lookups/themes/panthers-anniversary-badge-shield__full-colour-11.svg)![Image 3: panthers logo](https://www.penrithpanthers.com.au/globalassets/.lookups/themes/panthers-mobile.svg)](https://www.penrithpanthers.com.au/) [](https://www.penrithpanthers.com.au/search/) * [News](https://www.penrithpanthers.com.au/new"
"pen","Penrith Panthers","Paul Alamoti","Centre","3","player_specific_contract_candidate","zerotackle.com","false","false","true","contract_or_signing_language|contract_table","zerotackle-direct-player-profile","","Paul Alamoti (Penrith Panthers) - NRL Stats, News, Contract &amp; Player Profile - Zero Tackle","https://www.zerotackle.com/players/paul-alamoti/","Player Contracts Player Contracts Team 2026 2027 2028 2029 2030 Penrith Panthers ✔ ✔ Stats 2026 Stats Round Opp P T G MINS AR ARM LB LBA TA OL TK MT TB KM 40/20 PE ER TOTALS 16 42 4 13 1271 231 2295 9 5 4 19 197 34 64 45 0 2 18 1 0 0 0 80 8 68 0 0 0 1 14 1 3 0 0 0 0 2 0 0 0 80 14 108 0 0 0 2 11 4 6 0 0 0 2 3 0 0 0 80 12 179 2 0 0 0 16 4 5 0 0 0 2 4 4 1 0 80 9 72 0 0 0 2 17 1 2 0 0 0 0 5 2 0 1 80 10 77 1 0 0 2 11 0 3 "
"pen","Penrith Panthers","Casey McLean","Centre","1","player_specific_contract_candidate","zerotackle.com","false","false","true","contract_or_signing_language|contract_table","zerotackle-direct-player-profile","","Casey McLean (Penrith Panthers) - NRL Stats, News, Contract &amp; Player Profile - Zero Tackle","https://www.zerotackle.com/players/casey-mclean/","Player Contracts Player Contracts Team 2026 2027 2028 2029 2030 Penrith Panthers ✔ ✔ ✔ Stats 2026 Stats Round Opp P T G MINS AR ARM LB LBA TA OL TK MT TB KM 40/20 PE ER TOTALS 13 24 6 0 937 188 1794 7 10 8 8 162 34 41 38 0 0 11 1 4 1 0 80 11 113 0 0 0 0 6 3 1 0 0 0 2 2 0 0 0 80 17 144 0 1 1 1 16 2 3 27 0 0 0 3 0 0 0 80 13 105 0 1 1 0 14 5 1 0 0 0 1 4 4 1 0 80 16 204 0 2 2 1 16 2 5 0 0 0 1 5 4 1 0 80 17 184 2 2 1 0 12"
"pen","Penrith Panthers","Brian To'o","Winger","1","player_specific_contract_candidate","zerotackle.com","false","false","true","contract_or_signing_language|contract_table","zerotackle-direct-player-profile","","Brian To&#039;o (Penrith Panthers) - NRL Stats, News, Contract &amp; Player Profile - Zero Tackle","https://www.zerotackle.com/players/brian-too/","Player Contracts Player Contracts Team 2026 2027 2028 2029 2030 Penrith Panthers $625K $625K Stats 2026 Stats Round Opp P T G MINS AR ARM LB LBA TA OL TK MT TB KM 40/20 PE ER TOTALS 16 36 9 0 1278 309 2980 11 1 0 7 79 23 81 48 0 1 19 1 0 0 0 80 18 175 0 0 0 0 4 1 2 0 0 0 1 2 4 1 0 80 25 174 1 0 0 1 4 0 9 0 0 0 0 3 4 1 0 80 16 151 0 0 0 0 7 3 3 20 0 1 2 4 0 0 0 73 10 92 0 0 0 0 4 5 2 0 0 0 0 5 4 1 0 80 20 198 1 0 0 0 "
"pen","Penrith Panthers","Blaize Talagi","Five-Eighth","1","player_specific_contract_candidate","zerotackle.com","false","false","false","signing_language","bing-news-rss","Sun, 05 Jul 2026 04:04:00 GMT","The biggest misconception around the Eels ""rebuild""","https://www.zerotackle.com/the-biggest-misconception-around-the-eels-rebuild-235478/","Negotiations with Clint Gutherson went from promising to inevitable that he would leave after indirectly swapping Blaize Talagi, who signed with the Penrith Panthers, for Isaiah Iongi, who was a star ..."
"pen","Penrith Panthers","Blaize Talagi","Five-Eighth","2","player_specific_contract_candidate","zerotackle.com","false","false","true","contract_or_signing_language|contract_table","zerotackle-direct-player-profile","","Blaize Talagi (Penrith Panthers) - NRL Stats, News, Contract &amp; Player Profile - Zero Tackle","https://www.zerotackle.com/players/blaize-talagi/","Player Contracts Player Contracts Team 2026 2027 2028 2029 2030 Penrith Panthers ✔ ✔ Stats 2026 Stats Round Opp P T G MINS AR ARM LB LBA TA OL TK MT TB KM 40/20 PE ER TOTALS 16 20 5 0 1285 158 1348 6 11 7 14 347 54 32 973 0 2 14 1 0 0 0 80 6 39 0 0 1 1 19 0 1 26 0 0 1 2 0 0 0 80 11 110 1 1 1 0 21 2 0 65 0 0 0 3 0 0 0 80 15 127 0 0 0 1 28 1 2 7 0 0 1 4 4 1 0 80 7 64 0 0 0 0 17 3 1 51 0 0 1 5 0 0 0 80 9 62 0 2 0 1 21 4"
"pen","Penrith Panthers","Nathan Cleary","Halfback","1","player_specific_salary_candidate","couriermail.com.au","false","false","false","money","bing-news-rss","Thu, 14 May 2026 09:01:00 GMT","Nathan Cleary could pocket more than $3 million tax-free at PNG if he leaves Penrith","https://www.couriermail.com.au/sport/nrl/nathan-cleary-could-pocket-more-than-3-million-taxfree-at-png-if-he-leaves-penrith/news-story/3c5941b28873eb8ec5e36e04218ee58a","Ivan Cleary's bombshell decision to stand down as head coach at the end of next season could have a domino effect that leads to his son Nathan eventually severing ties with the Panthers. Nathan Cleary ..."
"pen","Penrith Panthers","Nathan Cleary","Halfback","2","player_specific_salary_candidate","dailytelegraph.com.au","false","false","false","money","bing-news-rss","Thu, 11 Jun 2026 18:02:00 GMT","Perth Bears to unveil $7.5m jersey as cashed-up franchise targets Nathan Cleary and Matt Burton","https://www.dailytelegraph.com.au/sport/nrl/perth-bears-to-unveil-75m-jersey-as-cashedup-franchise-targets-nathan-cleary-and-matt-burton/news-story/bc38664df8138866b32f481ad3b1331e","And it can also be revealed that the Bears' primary home jumper for next season will be a throwback to the old North Sydney jersey of black and red hoops. The anticipated jersey will be released on ..."
"pen","Penrith Panthers","Nathan Cleary","Halfback","3","player_specific_contract_candidate","news.com.au","false","false","false","contract_or_salary_language","bing-news-rss","Thu, 14 May 2026 15:15:00 GMT","Panthers' emphatic Nathan Cleary response as off-contract stars' free agency bid revealed","https://www.news.com.au/sport/nrl/panthers-emphatic-nathan-cleary-response-as-offcontract-stars-free-agency-bid-revealed/news-story/74fe8876d99a8320710c0819dbc0da89","The Sydney Morning Herald reported the Panthers blocked overtures from some star players seeking to negotiate with rival clubs before they become free agents. Watch every game of every round of the ..."
"pen","Penrith Panthers","Nathan Cleary","Halfback","4","player_specific_contract_candidate","theaustralian.com.au","false","false","false","term_language","bing-news-rss","Sat, 16 May 2026 02:42:00 GMT","Nathan Cleary breaks silence after Ivan Cleary's bombshell Panthers departure call","https://www.theaustralian.com.au/sport/nrl/nathan-cleary-breaks-silence-after-blockbuster-panthers-coaching-call/news-story/2e7fc5794a61e674631f743cc7e01ba7","On Wednesday, Ivan Cleary revealed he would call time on his illustrious coaching career with the Panthers at the end of 2027. Ivan had only informed his players of his shock decision on Wednesday, ..."
"pen","Penrith Panthers","Nathan Cleary","Halfback","5","player_specific_contract_candidate","au.sports.yahoo.com","false","false","false","contract_or_salary_language","bing-news-rss","Mon, 18 May 2026 17:00:00 GMT","The clubs best-placed to make a move for Nathan Cleary | NRL Contract Show","https://au.sports.yahoo.com/clubs-best-placed-move-nathan-224513944.html","Rival NRL clubs are anticipated to queue up for Nathan Cleary's services for 2028 and beyond as the two-time Clive Churchill Medal winner potentially looks to leave Penrith alongside his father at the ..."
"pen","Penrith Panthers","Nathan Cleary","Halfback","6","player_specific_profile_candidate","couriermail.com.au","false","false","false","","bing-news-rss","Wed, 24 Jun 2026 02:16:00 GMT","Nathan Cleary aims to finalise his future at Penrith quickly - and calls on club to name their next coach","https://www.couriermail.com.au/sport/nrl/teams/panthers/nathan-cleary-aims-to-finalise-his-future-at-penrith-quickly-and-calls-on-club-to-name-their-next-coach/news-story/e3c30a537ef3463836950b42728c5469","NOW Penrith's season has been put to bed, Nathan Cleary wants to sort out his own future with the club - and he knows just who he wants to take over as the Panthers' new full-time coach. Cleary had ..."
"pen","Penrith Panthers","Nathan Cleary","Halfback","7","player_specific_contract_candidate","penrithpanthers.com.au","true","false","false","contract_or_signing_language|term_length_language","official-club-signings-topic","2026-06-12T07:00:00+00:00","Jenkins signs long-term deal with Panthers","https://www.penrithpanthers.com.au/news/2026/06/12/jenkins-commits-to-panthers/","Title: Jenkins signs long-term deal with Panthers URL Source: https://www.penrithpanthers.com.au/news/2026/06/12/jenkins-commits-to-panthers/ Published Time: 2026-06-12T07:00:00+00:00 Markdown Content: [Skip to main content](https://www.penrithpanthers.com.au/news/2026/06/12/jenkins-commits-to-panthers/#main-content) ## Main [![Image 1: panthers logo](https://www.penrithpanthers.com.au/globalassets/.lookups/themes/panthers-anniversary-badge-shield__full-colour-11.svg)![Image 2: panthers logo](https://www.penrithpanthers.com.au/globalassets/.lookups/themes/panthers-mobile.svg)](https://www.penrithpanthers.com.au/) [](https://www.penrithpanthers.com.au/search/) * [News](https://www.penrithpant"
"pen","Penrith Panthers","Nathan Cleary","Halfback","8","player_specific_contract_candidate","penrithpanthers.com.au","true","false","false","contract_or_signing_language|term_length_language","official-club-signings-topic","2025-10-31T03:25:00+00:00","Panthers confirm signings of Tom Ale and Kalani Going","https://www.penrithpanthers.com.au/news/2025/10/31/panthers-confirm-signings-of-tom-ale-and-kalani-going/","Title: Panthers confirm signings of Tom Ale and Kalani Going URL Source: https://www.penrithpanthers.com.au/news/2025/10/31/panthers-confirm-signings-of-tom-ale-and-kalani-going/ Published Time: 2025-10-31T03:25:00+00:00 Markdown Content: [Skip to main content](https://www.penrithpanthers.com.au/news/2025/10/31/panthers-confirm-signings-of-tom-ale-and-kalani-going/#main-content) ## Main [![Image 1: panthers logo](https://www.penrithpanthers.com.au/globalassets/.lookups/themes/panthers-anniversary-badge-shield__full-colour-11.svg)![Image 2: panthers logo](https://www.penrithpanthers.com.au/globalassets/.lookups/themes/panthers-mobile.svg)](https://www.penrithpanthers.com.au/) [](https://www.p"
"pen","Penrith Panthers","Nathan Cleary","Halfback","9","player_specific_contract_candidate","penrithpanthers.com.au","true","false","false","contract_or_signing_language|term_language|term_length_language","official-club-signings-topic","2024-06-20T23:45:00+00:00","Panthers young guns commit to Panthers","https://www.penrithpanthers.com.au/news/2024/06/21/panthers-young-guns-commit-to-panthers/","Title: Panthers young guns commit to Panthers URL Source: https://www.penrithpanthers.com.au/news/2024/06/21/panthers-young-guns-commit-to-panthers/ Published Time: 2024-06-20T23:45:00+00:00 Markdown Content: [Skip to main content](https://www.penrithpanthers.com.au/news/2024/06/21/panthers-young-guns-commit-to-panthers/#main-content) ## Main [![Image 2: panthers logo](https://www.penrithpanthers.com.au/globalassets/.lookups/themes/panthers-anniversary-badge-shield__full-colour-11.svg)![Image 3: panthers logo](https://www.penrithpanthers.com.au/globalassets/.lookups/themes/panthers-mobile.svg)](https://www.penrithpanthers.com.au/) [](https://www.penrithpanthers.com.au/search/) * [News](https"
"pen","Penrith Panthers","Nathan Cleary","Halfback","10","player_specific_contract_candidate","zerotackle.com","false","false","true","contract_or_signing_language|contract_table","zerotackle-direct-player-profile","","Nathan Cleary (Penrith Panthers) - NRL Stats, News, Contract &amp; Player Profile - Zero Tackle","https://www.zerotackle.com/players/nathan-cleary/","Player Contracts Player Contracts Team 2026 2027 2028 2029 2030 Penrith Panthers $1.3M $1.3M Stats 2026 Stats Round Opp P T G MINS AR ARM LB LBA TA OL TK MT TB KM 40/20 PE ER TOTALS 16 185 8 76 1273 205 1519 13 12 21 17 316 41 40 7552 2 7 12 1 10 0 5 80 12 75 0 0 1 2 17 2 1 386 0 0 0 2 14 1 5 80 20 144 1 0 0 1 29 4 1 669 1 0 1 3 12 0 6 80 12 97 0 0 1 2 20 6 2 651 0 1 0 4 16 0 8 80 10 80 0 1 4 0 15 1 3 407 0 0 1 5 16 "
"pen","Penrith Panthers","Moses Leota","Prop","1","player_specific_salary_candidate","couriermail.com.au","false","false","false","money|contract_or_salary_language","bing-news-rss","Tue, 07 Jul 2026 06:37:00 GMT","Panthers face fight to keep Moses Leota amid $1m offers from rival clubs","https://www.couriermail.com.au/sport/nrl/panthers-face-fight-to-keep-moses-leota-amid-1m-offers-from-rival-clubs/news-story/a045139211659d185b490cb11f8c5055","Moses Leota's value is set to reach the $1 million mark with six clubs, including the Sydney Roosters, Dolphins and Perth, expressing interest in the Panthers enforcer."
"pen","Penrith Panthers","Moses Leota","Prop","2","player_specific_salary_candidate","ntnews.com.au","false","false","false","money|contract_or_salary_language","bing-news-rss","Tue, 07 Jul 2026 07:36:00 GMT","Panthers face fight to keep Moses Leota amid $1m offers from rival clubs","https://www.ntnews.com.au/sport/nrl/panthers-face-fight-to-keep-moses-leota-amid-1m-offers-from-rival-clubs/news-story/a045139211659d185b490cb11f8c5055","Moses Leota's value is set to reach the $1 million mark with six clubs, including the Sydney Roosters, Dolphins and Perth, expressing interest in the Panthers enforcer."
"pen","Penrith Panthers","Moses Leota","Prop","3","player_specific_salary_candidate","au.news.yahoo.com","false","false","false","money","bing-news-rss","Tue, 07 Jul 2026 21:37:00 GMT","Panthers star at centre of $1 million raid from NRL rivals amid plea from Penrith teammate","https://au.news.yahoo.com/panthers-star-at-centre-of-1-million-raid-from-nrl-rivals-amid-plea-from-penrith-teammate-042405298.html","As many as six clubs have expressed interest in signing Panthers prop Moses Leota after Penrith granted the veteran permission to explore his options elsewhere. The four-time premiership winner is ..."
"pen","Penrith Panthers","Moses Leota","Prop","4","player_specific_contract_candidate","zerotackle.com","false","false","false","contract_or_salary_language|term_language","bing-news-rss","Sun, 05 Jul 2026 04:04:00 GMT","The biggest misconception around the Eels ""rebuild""","https://www.zerotackle.com/the-biggest-misconception-around-the-eels-rebuild-235478/","They are also reportedly targeting Moses Leota from Penrith Panthers, who will be 32 by the 2028 season, as he is off-contract at the end of the 2027 season. Parramatta have not looked beyond Mitchell ..."
"pen","Penrith Panthers","Moses Leota","Prop","5","player_specific_contract_candidate","au.news.yahoo.com","false","false","false","term_length_language","bing-news-rss","Mon, 29 Jun 2026 18:28:00 GMT","Panthers champion could quit NRL club immediately after being granted permission to leave","https://au.news.yahoo.com/panthers-champion-could-quit-nrl-club-immediately-after-being-granted-permission-to-leave-012809239.html","Champion Panthers forward Moses Leota is a free agent as of right now after the club granted him permission to speak to rival NRL clubs. The 30-year-old prop has played 216 games for the Panthers and ..."
"pen","Penrith Panthers","Moses Leota","Prop","6","player_specific_profile_candidate","dailytelegraph.com.au","false","false","false","","bing-news-rss","Fri, 03 Jul 2026 03:13:00 GMT","NRL market watch: Panthers grant premiership prop Moses Leota permission to test open market","https://www.dailytelegraph.com.au/sport/nrl/nrl-market-watch-panthers-grant-premiership-prop-moses-leota-permission-to-test-open-market/news-story/4008f19cfa5ee0ca87b94c1606edc5ad","Dylan Walker is set to become the latest high-profile NRL player to move to the Super League with the Parramatta utility on the verge of joining Brad Arthur-coached Leeds."
"pen","Penrith Panthers","Moses Leota","Prop","7","player_specific_profile_candidate","au.sports.yahoo.com","false","false","false","","bing-news-rss","Sat, 04 Jul 2026 21:19:00 GMT","The four clubs interesed in Moses Leota revealed","https://au.sports.yahoo.com/four-clubs-interesed-moses-leota-041930691.html","The Parramatta Eels have pulled out of the race for Penrith Panthers' Moses Leota, despite being named as the frontrunner just days ago. The Penrith prop, who has always been viewed as one of the most ..."
"pen","Penrith Panthers","Moses Leota","Prop","8","player_specific_profile_candidate","au.news.yahoo.com","false","false","false","","bing-news-rss","Tue, 30 Jun 2026 18:44:00 GMT","Rival NRL club 'leading the race' after Panthers champion granted permission to leave","https://au.news.yahoo.com/rival-nrl-club-leading-the-race-after-panthers-champion-granted-permission-to-leave-012614139.html","Penrith Panthers premiership-winning forward Moses Leota has attracted interest from the Parramatta Eels only hours after being given permission to negotiate with rival clubs. This comes after NRL ..."
"pen","Penrith Panthers","Moses Leota","Prop","9","player_specific_contract_candidate","zerotackle.com","false","false","true","contract_or_signing_language|contract_table","zerotackle-direct-player-profile","","Moses Leota (Penrith Panthers) - NRL Stats, News, Contract &amp; Player Profile - Zero Tackle","https://www.zerotackle.com/players/moses-leota/","Player Contracts Player Contracts Team 2026 2027 2028 2029 2030 Penrith Panthers $675K $675K Stats 2026 Stats Round Opp P T G MINS AR ARM LB LBA TA OL TK MT TB KM 40/20 PE ER TOTALS 16 0 0 0 685 184 1720 1 3 2 12 379 27 15 14 0 2 4 1 0 0 0 44 12 110 0 0 0 0 19 3 1 0 0 0 1 2 0 0 0 41 9 59 0 0 0 1 30 2 0 0 0 1 0 3 0 0 0 47 11 88 0 0 1 1 29 1 0 0 0 0 0 4 0 0 0 42 9 96 0 0 0 1 20 1 3 0 0 0 0 5 0 0 0 46 12 99 0 0 0 1 19 1"
"pen","Penrith Panthers","Mitch Kenny","Hooker","1","player_specific_contract_candidate","au.sports.yahoo.com","false","false","false","contract_or_salary_language|term_language","bing-news-rss","Sat, 04 Jul 2026 22:25:00 GMT","Mitch Kenny set to make call on reported PNG interest, Panthers contract","https://au.sports.yahoo.com/mitch-kenny-set-call-reported-052523299.html","Penrith Panthers hooker Mitch Kenny is set to snub the chance to move at the end of 2027 and re-sign with the club long-term. The dummy half is one of a host of players off-contract at the end of next ..."
"pen","Penrith Panthers","Mitch Kenny","Hooker","2","player_specific_contract_candidate","zerotackle.com","false","false","false","contract_or_salary_language|term_language","bing-news-rss","Sun, 05 Jul 2026 08:26:00 GMT","Mitch Kenny set to make call on reported PNG interest, Panthers contract","https://www.zerotackle.com/mitch-kenny-set-to-make-call-on-reported-png-interest-panthers-contract-235561/","Penrith Panthers hooker Mitch Kenny is set to snub the chance to move at the end of 2027 and re-sign with the club long-term. The dummy half is one of a host of players off-contract at the end of next ..."
"pen","Penrith Panthers","Mitch Kenny","Hooker","3","player_specific_contract_candidate","dailytelegraph.com.au","false","false","false","contract_or_salary_language","bing-news-rss","Fri, 03 Jul 2026 14:31:00 GMT","Off-contract Penrith star Mitch Kenny moves closer to contract extension","https://www.dailytelegraph.com.au/sport/nrl/offcontract-penrith-star-mitch-kenny-moves-closer-to-contract-extension/news-story/7c8f5a6dfa622cc31626b0a5966ea1a3","The Panthers are edging closer to nailing down the first of its galaxy of off-contract stars, with hooker Mitch Kenny escalating talks about staying at Penrith."
"pen","Penrith Panthers","Mitch Kenny","Hooker","4","player_specific_contract_candidate","cairnspost.com.au","false","false","false","contract_or_salary_language","bing-news-rss","Fri, 03 Jul 2026 15:01:00 GMT","Off-contract Penrith star Mitch Kenny moves closer to contract extension","https://www.cairnspost.com.au/sport/nrl/offcontract-penrith-star-mitch-kenny-moves-closer-to-contract-extension/news-story/7c8f5a6dfa622cc31626b0a5966ea1a3","The Panthers are edging closer to nailing down the first of its galaxy of off-contract stars, with hooker Mitch Kenny escalating talks about staying at Penrith."
"pen","Penrith Panthers","Mitch Kenny","Hooker","5","player_specific_contract_candidate","heraldsun.com.au","false","false","false","contract_or_salary_language","bing-news-rss","Fri, 03 Jul 2026 15:01:00 GMT","Off-contract Penrith star Mitch Kenny moves closer to contract extension","https://www.heraldsun.com.au/sport/nrl/offcontract-penrith-star-mitch-kenny-moves-closer-to-contract-extension/news-story/7c8f5a6dfa622cc31626b0a5966ea1a3","The Panthers are edging closer to nailing down the first of its galaxy of off-contract stars, with hooker Mitch Kenny escalating talks about staying at Penrith."
"pen","Penrith Panthers","Mitch Kenny","Hooker","6","player_specific_contract_candidate","goldcoastbulletin.com.au","false","false","false","contract_or_salary_language","bing-news-rss","Fri, 03 Jul 2026 15:01:00 GMT","Off-contract Penrith star Mitch Kenny moves closer to contract extension","https://www.goldcoastbulletin.com.au/sport/nrl/offcontract-penrith-star-mitch-kenny-moves-closer-to-contract-extension/news-story/7c8f5a6dfa622cc31626b0a5966ea1a3","The Panthers are edging closer to nailing down the first of its galaxy of off-contract stars, with hooker Mitch Kenny escalating talks about staying at Penrith."
"pen","Penrith Panthers","Mitch Kenny","Hooker","7","player_specific_profile_candidate","au.sports.yahoo.com","false","false","false","","bing-news-rss","Fri, 10 Jul 2026 18:14:00 GMT","Panthers closing in on extending premiership-winning star","https://au.sports.yahoo.com/panthers-closing-extending-premiership-winning-011408479.html","The Penrith Panthers are firming to re-sign Mitch Kenny to keep him at the foot of the mountains beyond 2027. Kenny was a pivotal part of the Panthers' premiership success, winning four titles with ..."
"pen","Penrith Panthers","Mitch Kenny","Hooker","8","player_specific_contract_candidate","zerotackle.com","false","false","true","contract_or_signing_language|contract_table","zerotackle-direct-player-profile","","Mitch Kenny (Penrith Panthers) - NRL Stats, News, Contract &amp; Player Profile - Zero Tackle","https://www.zerotackle.com/players/mitch-kenny/","Player Contracts Player Contracts Team 2026 2027 2028 2029 2030 Penrith Panthers ✔ ✔ Stats 2026 Stats Round Opp P T G MINS AR ARM LB LBA TA OL TK MT TB KM 40/20 PE ER TOTALS 6 0 0 0 392 10 76 0 2 2 0 191 13 1 0 0 2 0 1 0 0 0 80 1 3 0 0 0 0 30 2 0 0 0 0 0 2 0 0 0 80 2 18 0 0 0 0 44 4 0 0 0 0 0 3 0 0 0 80 1 10 0 1 1 0 36 5 0 0 0 0 0 4 0 0 0 55 1 3 0 1 1 0 19 0 0 0 0 1 0 6 0 0 0 80 3 32 0 0 0 0 49 1 1 0 0 1 0 7 0 0 0 17"
"pen","Penrith Panthers","Linday Smith","Prop","1","player_specific_contract_candidate","zerotackle.com","false","false","true","contract_or_signing_language|contract_table","zerotackle-direct-player-profile","","Lindsay Smith (Penrith Panthers) - NRL Stats, News, Contract &amp; Player Profile - Zero Tackle","https://www.zerotackle.com/players/lindsay-smith/","Player Contracts Player Contracts Team 2026 2027 2028 2029 2030 Penrith Panthers ✔ ✔ ✔ ✔ Stats 2026 Stats Round Opp P T G MINS AR ARM LB LBA TA OL TK MT TB KM 40/20 PE ER TOTALS 16 12 3 0 806 191 1593 2 3 1 10 466 24 14 68 0 2 4 1 0 0 0 46 14 120 0 0 0 2 16 2 1 0 0 0 0 2 0 0 0 45 11 85 0 0 0 0 27 2 1 0 0 0 0 3 0 0 0 46 10 102 0 1 0 0 33 3 1 0 0 0 0 4 4 1 0 58 12 117 0 0 0 1 24 3 0 0 0 0 0 5 0 0 0 51 15 124 0 0 0 1 21"
"pen","Penrith Panthers","Isaiah Papali'i","2nd Row","1","player_specific_contract_candidate","zerotackle.com","false","false","true","contract_or_signing_language|contract_table","zerotackle-direct-player-profile","","Isaiah Papali&#039;i (Penrith Panthers) - NRL Stats, News, Contract &amp; Player Profile - Zero Tackle","https://www.zerotackle.com/players/isaiah-papalii/","Player Contracts Player Contracts Team 2026 2027 2028 2029 2030 Penrith Panthers $700K $700K Stats 2026 Stats Round Opp P T G MINS AR ARM LB LBA TA OL TK MT TB KM 40/20 PE ER TOTALS 15 8 2 0 1096 228 1844 2 5 4 21 490 42 35 21 0 5 11 1 0 0 0 67 14 112 0 0 0 1 28 0 4 0 0 0 3 2 0 0 0 80 14 134 1 0 0 2 37 3 3 0 0 0 0 3 0 0 0 62 15 106 0 1 1 1 29 2 1 0 0 1 0 4 4 1 0 80 15 129 1 0 0 1 35 5 4 0 0 0 0 5 0 0 0 67 13 102 0 0 "
"pen","Penrith Panthers","Liam Martin","2nd Row","1","player_specific_contract_candidate","couriermail.com.au","false","false","false","signing_language","bing-news-rss","Tue, 05 May 2026 11:00:00 GMT","Liam Martin to test open market for first time with both new NRL teams as potential landing spots","https://www.couriermail.com.au/sport/nrl/liam-martin-to-test-open-market-for-first-time-with-both-new-nrl-teams-as-potential-landing-spots/news-story/cf1a1d9b4a8bd7b163dc11316a364fab","Martin will join a growing core of the Panthers dynasty that could be lured by big-money offers when they enter the final year of their contracts after this season. A week after agent Allan Gainey met ..."
"pen","Penrith Panthers","Liam Martin","2nd Row","2","player_specific_profile_candidate","thechronicle.com.au","false","false","false","","bing-news-rss","Wed, 23 Sep 2020 13:25:00 GMT","State of Origin selection news: Liam Martin could make NSW debut","https://www.thechronicle.com.au/sport/nrl/state-of-origin/state-of-origin-selection-news-liam-martin-could-make-nsw-debut/news-story/8287893a5d173b3134e966a431b01419","He only made his NRL debut 543 days ago but the Panthers rookie has surged into State of Origin contention for NSW. Martin, 23, played his first NRL game on March 30 last year – coming off the bench ..."
"pen","Penrith Panthers","Liam Martin","2nd Row","3","player_specific_contract_candidate","penrithpanthers.com.au","true","false","false","contract_or_signing_language|term_length_language","official-club-signings-topic","2026-06-12T07:00:00+00:00","Jenkins signs long-term deal with Panthers","https://www.penrithpanthers.com.au/news/2026/06/12/jenkins-commits-to-panthers/","Title: Jenkins signs long-term deal with Panthers URL Source: https://www.penrithpanthers.com.au/news/2026/06/12/jenkins-commits-to-panthers/ Published Time: 2026-06-12T07:00:00+00:00 Markdown Content: [Skip to main content](https://www.penrithpanthers.com.au/news/2026/06/12/jenkins-commits-to-panthers/#main-content) ## Main [![Image 1: panthers logo](https://www.penrithpanthers.com.au/globalassets/.lookups/themes/panthers-anniversary-badge-shield__full-colour-11.svg)![Image 2: panthers logo](https://www.penrithpanthers.com.au/globalassets/.lookups/themes/panthers-mobile.svg)](https://www.penrithpanthers.com.au/) [](https://www.penrithpanthers.com.au/search/) * [News](https://www.penrithpant"
"pen","Penrith Panthers","Liam Martin","2nd Row","4","player_specific_contract_candidate","penrithpanthers.com.au","true","false","false","contract_or_signing_language|term_language|term_length_language","official-club-signings-topic","2024-06-20T23:45:00+00:00","Panthers young guns commit to Panthers","https://www.penrithpanthers.com.au/news/2024/06/21/panthers-young-guns-commit-to-panthers/","Title: Panthers young guns commit to Panthers URL Source: https://www.penrithpanthers.com.au/news/2024/06/21/panthers-young-guns-commit-to-panthers/ Published Time: 2024-06-20T23:45:00+00:00 Markdown Content: [Skip to main content](https://www.penrithpanthers.com.au/news/2024/06/21/panthers-young-guns-commit-to-panthers/#main-content) ## Main [![Image 2: panthers logo](https://www.penrithpanthers.com.au/globalassets/.lookups/themes/panthers-anniversary-badge-shield__full-colour-11.svg)![Image 3: panthers logo](https://www.penrithpanthers.com.au/globalassets/.lookups/themes/panthers-mobile.svg)](https://www.penrithpanthers.com.au/) [](https://www.penrithpanthers.com.au/search/) * [News](https"
"pen","Penrith Panthers","Liam Martin","2nd Row","5","player_specific_profile_candidate","penrithpanthers.com.au","true","false","false","","official-club-signings-topic","","Signings Liam Martin signs contract extension","https://www.penrithpanthers.com.au/news/2023/07/27/liam-martin-signs-contract-extension/","RateLimitTriggeredError: Per IP rate limit exceeded"
"pen","Penrith Panthers","Liam Martin","2nd Row","6","player_specific_profile_candidate","penrithpanthers.com.au","true","false","false","","official-club-signings-topic","","Signings Liam Martin re-signs with Panthers","https://www.penrithpanthers.com.au/news/2023/02/01/liam-martin-re-signs-with-panthers/","RateLimitTriggeredError: Per IP rate limit exceeded"
"pen","Penrith Panthers","Liam Martin","2nd Row","7","player_specific_contract_candidate","zerotackle.com","false","false","true","contract_or_signing_language|contract_table","zerotackle-direct-player-profile","","Liam Martin (Penrith Panthers) - NRL Stats, News, Contract &amp; Player Profile - Zero Tackle","https://www.zerotackle.com/players/liam-martin/","Player Contracts Player Contracts Team 2026 2027 2028 2029 2030 Penrith Panthers $750K $750K Stats 2026 Stats Round Opp P T G MINS AR ARM LB LBA TA OL TK MT TB KM 40/20 PE ER TOTALS 9 8 2 0 534 90 702 3 3 1 10 225 29 14 0 0 5 9 3 0 0 0 66 16 161 1 1 0 1 21 5 3 0 0 0 1 4 0 0 0 58 13 120 0 0 0 0 23 6 3 0 0 2 2 5 4 1 0 43 10 74 1 0 0 0 15 1 1 0 0 0 1 6 0 0 0 37 5 29 0 0 0 0 21 0 0 0 0 0 1 13 0 0 0 41 6 42 0 0 0 0 25 2 0"
"pen","Penrith Panthers","Isaah Yeo","Lock","1","player_specific_contract_candidate","cairnspost.com.au","false","false","false","contract_or_salary_language","bing-news-rss","Wed, 29 Apr 2026 17:00:00 GMT","Penrith skipper Isaah Yeo reveals off-contract Panthers will consider PNG Chiefs move","https://www.cairnspost.com.au/sport/nrl/penrith-skipper-isaah-yeo-reveals-offcontract-panthers-will-consider-png-chiefs-move/news-story/d9106697ac2f5f0f3552c79e4dc7a04f?using_ew=false&using_ew_noesi=false","Penrith are facing a mass exodus of high-profile stars, as the club's salary cap squeeze and PNG's arrival has left captain Isaah Yeo and his off-contract teammates open to testing the market. The ..."
"pen","Penrith Panthers","Isaah Yeo","Lock","2","player_specific_contract_candidate","cairnspost.com.au","false","false","false","contract_or_salary_language","bing-news-rss","Wed, 29 Apr 2026 12:17:00 GMT","Penrith skipper Isaah Yeo reveals off-contract Panthers will consider PNG Chiefs move","https://www.cairnspost.com.au/sport/nrl/penrith-skipper-isaah-yeo-reveals-offcontract-panthers-will-consider-png-chiefs-move/news-story/d9106697ac2f5f0f3552c79e4dc7a04f","The Port Moresby-based Chiefs confirmed on Wednesday they had landed Wests Tigers star Luai, who won four premierships alongside Yeo at Penrith. His signature is likely to have huge ramifications for ..."
"pen","Penrith Panthers","Isaah Yeo","Lock","3","player_specific_contract_candidate","ntnews.com.au","false","false","false","contract_or_salary_language","bing-news-rss","Wed, 29 Apr 2026 16:26:00 GMT","Penrith skipper Isaah Yeo reveals off-contract Panthers will consider PNG Chiefs move","https://www.ntnews.com.au/sport/nrl/penrith-skipper-isaah-yeo-reveals-offcontract-panthers-will-consider-png-chiefs-move/news-story/d9106697ac2f5f0f3552c79e4dc7a04f","The Port Moresby-based Chiefs confirmed on Wednesday they had landed Wests Tigers star Luai, who won four premierships alongside Yeo at Penrith. His signature is likely to have huge ramifications for ..."
"pen","Penrith Panthers","Isaah Yeo","Lock","4","player_specific_contract_candidate","themercury.com.au","false","false","false","contract_or_salary_language","bing-news-rss","Mon, 08 Feb 2021 16:00:00 GMT","Panthers: Ivan Cleary warns rivals to keep hands off Crichton, Luai and Yeo","https://www.themercury.com.au/sport/nrl/nathan-cleary-and-isaah-yeo-a-natural-fit-as-penrith-cocaptains-for-the-2021-nrl-season/news-story/15c55ed4cf3412c0c1082d0277c96508","Stephen Crichton, Jarome Luai and Isaah Yeo are just three of 10 players without a deal beyond season 2021. But Cleary confirmed all three are high retention priorities. ""We are pretty close, it will ..."
"pen","Penrith Panthers","Isaah Yeo","Lock","5","player_specific_contract_candidate","penrithpanthers.com.au","true","false","false","contract_or_signing_language|term_length_language","official-club-signings-topic","2026-06-12T07:00:00+00:00","Jenkins signs long-term deal with Panthers","https://www.penrithpanthers.com.au/news/2026/06/12/jenkins-commits-to-panthers/","Title: Jenkins signs long-term deal with Panthers URL Source: https://www.penrithpanthers.com.au/news/2026/06/12/jenkins-commits-to-panthers/ Published Time: 2026-06-12T07:00:00+00:00 Markdown Content: [Skip to main content](https://www.penrithpanthers.com.au/news/2026/06/12/jenkins-commits-to-panthers/#main-content) ## Main [![Image 1: panthers logo](https://www.penrithpanthers.com.au/globalassets/.lookups/themes/panthers-anniversary-badge-shield__full-colour-11.svg)![Image 2: panthers logo](https://www.penrithpanthers.com.au/globalassets/.lookups/themes/panthers-mobile.svg)](https://www.penrithpanthers.com.au/) [](https://www.penrithpanthers.com.au/search/) * [News](https://www.penrithpant"
"pen","Penrith Panthers","Isaah Yeo","Lock","6","player_specific_contract_candidate","penrithpanthers.com.au","true","false","false","contract_or_signing_language|term_length_language","official-club-signings-topic","2025-10-31T03:25:00+00:00","Panthers confirm signings of Tom Ale and Kalani Going","https://www.penrithpanthers.com.au/news/2025/10/31/panthers-confirm-signings-of-tom-ale-and-kalani-going/","Title: Panthers confirm signings of Tom Ale and Kalani Going URL Source: https://www.penrithpanthers.com.au/news/2025/10/31/panthers-confirm-signings-of-tom-ale-and-kalani-going/ Published Time: 2025-10-31T03:25:00+00:00 Markdown Content: [Skip to main content](https://www.penrithpanthers.com.au/news/2025/10/31/panthers-confirm-signings-of-tom-ale-and-kalani-going/#main-content) ## Main [![Image 1: panthers logo](https://www.penrithpanthers.com.au/globalassets/.lookups/themes/panthers-anniversary-badge-shield__full-colour-11.svg)![Image 2: panthers logo](https://www.penrithpanthers.com.au/globalassets/.lookups/themes/panthers-mobile.svg)](https://www.penrithpanthers.com.au/) [](https://www.p"
"pen","Penrith Panthers","Isaah Yeo","Lock","7","player_specific_contract_candidate","penrithpanthers.com.au","true","false","false","contract_or_signing_language|term_language|term_length_language","official-club-signings-topic","2024-06-20T23:45:00+00:00","Panthers young guns commit to Panthers","https://www.penrithpanthers.com.au/news/2024/06/21/panthers-young-guns-commit-to-panthers/","Title: Panthers young guns commit to Panthers URL Source: https://www.penrithpanthers.com.au/news/2024/06/21/panthers-young-guns-commit-to-panthers/ Published Time: 2024-06-20T23:45:00+00:00 Markdown Content: [Skip to main content](https://www.penrithpanthers.com.au/news/2024/06/21/panthers-young-guns-commit-to-panthers/#main-content) ## Main [![Image 2: panthers logo](https://www.penrithpanthers.com.au/globalassets/.lookups/themes/panthers-anniversary-badge-shield__full-colour-11.svg)![Image 3: panthers logo](https://www.penrithpanthers.com.au/globalassets/.lookups/themes/panthers-mobile.svg)](https://www.penrithpanthers.com.au/) [](https://www.penrithpanthers.com.au/search/) * [News](https"
"pen","Penrith Panthers","Isaah Yeo","Lock","8","player_specific_contract_candidate","zerotackle.com","false","false","true","contract_or_signing_language|contract_table","zerotackle-direct-player-profile","","Isaah Yeo (Penrith Panthers) - NRL Stats, News, Contract &amp; Player Profile - Zero Tackle","https://www.zerotackle.com/players/isaah-yeo/","Player Contracts Player Contracts Team 2026 2027 2028 2029 2030 Penrith Panthers $850K $850K Stats 2026 Stats Round Opp P T G MINS AR ARM LB LBA TA OL TK MT TB KM 40/20 PE ER TOTALS 16 8 2 0 1081 221 1922 1 3 2 20 574 16 30 0 0 3 6 1 0 0 0 64 17 165 0 0 0 2 28 0 1 0 0 1 0 2 0 0 0 72 13 96 0 0 0 1 37 0 3 0 0 0 1 3 0 0 0 69 14 142 0 1 1 2 30 2 3 0 0 0 0 4 4 1 0 45 11 106 1 0 0 1 21 0 3 0 0 0 0 5 0 0 0 80 16 153 0 0 0 2"
"pen","Penrith Panthers","Scott Sorensen","Interchange","1","player_specific_contract_candidate","theaustralian.com.au","false","false","false","contract_or_salary_language|term_length_language","bing-news-rss","Thu, 12 Feb 2026 08:29:00 GMT","NRL Market Watch: Perth Bears offer Panthers star Scott Sorensen two-year contract","https://www.theaustralian.com.au/sport/nrl/manly-move-to-lock-in-schoolboy-star-ashton-large-as-longterm-hooker/news-story/a41744dc6f5226bc0cd8a710611cb4ee","Highly-regarded for his training standards, work-ethic and ability to play in the back-row or in the middle of the field, the Panthers forward is in the final stages of deciding to accept the offer to ..."
"pen","Penrith Panthers","Scott Sorensen","Interchange","2","player_specific_contract_candidate","couriermail.com.au","false","false","false","contract_or_salary_language|term_length_language","bing-news-rss","Thu, 12 Feb 2026 07:00:00 GMT","NRL Market Watch: Perth Bears offer Panthers star Scott Sorensen two-year contract","https://www.couriermail.com.au/sport/nrl/teams/manly-move-to-lock-in-schoolboy-star-ashton-large-as-longterm-hooker/news-story/a41744dc6f5226bc0cd8a710611cb4ee","The Perth Bears' high profile recruitment blitz looks set to continue, as the NRL newcomers close in on a four-time premiership winning Penrith Panthers star. Highly-regarded for his training ..."
"pen","Penrith Panthers","Scott Sorensen","Interchange","3","player_specific_contract_candidate","zerotackle.com","false","false","true","contract_or_signing_language|contract_table","zerotackle-direct-player-profile","","Scott Sorensen (Penrith Panthers) - NRL Stats, News, Contract &amp; Player Profile - Zero Tackle","https://www.zerotackle.com/players/scott-sorensen/","Player Contracts Player Contracts Team 2026 2027 2028 2029 2030 Penrith Panthers ✔ Perth Bears ✔ ✔ Stats 2026 Stats Round Opp P T G MINS AR ARM LB LBA TA OL TK MT TB KM 40/20 PE ER TOTALS 16 0 0 0 624 137 1214 0 0 0 5 371 19 8 0 0 1 6 1 0 0 0 37 8 74 0 0 0 0 21 1 0 0 0 0 0 2 0 0 0 28 3 22 0 0 0 0 21 0 0 0 0 0 0 3 0 0 0 33 10 102 0 0 0 0 23 2 3 0 0 0 0 4 0 0 0 26 6 61 0 0 0 0 14 2 0 0 0 1 0 5 0 0 0 34 8 69 0 0 0 0 16 "
"pen","Penrith Panthers","Luke Garner","Interchange","1","player_specific_contract_candidate","zerotackle.com","false","false","true","contract_or_signing_language|contract_table","zerotackle-direct-player-profile","","Luke Garner (Penrith Panthers) - NRL Stats, News, Contract &amp; Player Profile - Zero Tackle","https://www.zerotackle.com/players/luke-garner/","Player Contracts Player Contracts Team 2026 2027 2028 2029 2030 Penrith Panthers ✔ ✔ ✔ Stats 2026 Stats Round Opp P T G MINS AR ARM LB LBA TA OL TK MT TB KM 40/20 PE ER TOTALS 15 12 3 0 726 115 1087 4 1 1 3 320 22 24 34 0 3 9 1 0 0 0 48 10 132 1 0 0 0 23 1 5 0 0 0 1 2 0 0 0 80 7 65 0 1 1 0 38 3 0 0 0 0 0 3 0 0 0 32 6 55 0 0 0 0 19 1 0 0 0 0 2 4 0 0 0 30 8 63 0 0 0 0 6 0 2 0 0 0 0 5 4 1 0 50 9 80 1 0 0 0 24 0 3 0 0 0 "
"pen","Penrith Panthers","Liam Henry","Interchange","1","player_specific_contract_candidate","zerotackle.com","false","false","true","contract_or_signing_language|contract_table","zerotackle-direct-player-profile","","Liam Henry (Penrith Panthers) - NRL Stats, News, Contract &amp; Player Profile - Zero Tackle","https://www.zerotackle.com/players/liam-henry/","Player Contracts Player Contracts Team 2026 2027 2028 2029 2030 Penrith Panthers ✔ Perth Bears ✔ ✔ ✔ ✔ Stats 2026 Stats Round Opp P T G MINS AR ARM LB LBA TA OL TK MT TB KM 40/20 PE ER TOTALS 7 4 1 0 341 97 928 3 0 1 0 253 17 10 19 0 3 3 10 0 0 0 41 13 140 0 0 1 0 39 2 0 0 0 0 0 11 0 0 0 43 12 109 0 0 0 0 38 2 1 0 0 0 2 13 0 0 0 49 12 82 0 0 0 0 33 4 0 19 0 1 0 14 0 0 0 54 17 163 1 0 0 0 32 1 2 0 0 0 0 16 0 0 0 51 16"
"pen","Penrith Panthers","Izack Tago","Interchange","1","player_specific_contract_candidate","nrl.com","false","false","false","term_length_language","bing-news-rss","Sat, 23 May 2026 17:01:00 GMT","Versatile Tago embraces familiar back-row call-up","https://www.nrl.com/news/2026/05/25/versatile-tago-embraces-familiar-back-row-call-up/","Izack Tago's return to his back-row roots could be here to stay as Panthers coach Ivan Cleary looks to make best use of his versatility. The 24-year-old made his first NRL start on the edge in Round ..."
"pen","Penrith Panthers","Izack Tago","Interchange","2","player_specific_contract_candidate","zerotackle.com","false","false","true","contract_or_signing_language|contract_table","zerotackle-direct-player-profile","","Izack Tago (Penrith Panthers) - NRL Stats, News, Contract &amp; Player Profile - Zero Tackle","https://www.zerotackle.com/players/izack-tago/","Player Contracts Player Contracts Team 2026 2027 2028 2029 2030 Penrith Panthers $625K $625K $625K Stats 2026 Stats Round Opp P T G MINS AR ARM LB LBA TA OL TK MT TB KM 40/20 PE ER TOTALS 16 12 3 0 506 89 893 2 3 2 8 155 15 18 10 0 4 8 1 0 0 0 0 0 0 0 0 0 0 0 0 0 0 0 0 0 2 0 0 0 0 0 0 0 0 0 0 0 0 0 0 0 0 0 3 0 0 0 0 0 0 0 0 0 0 0 0 0 0 0 0 0 4 0 0 0 0 0 0 0 0 0 0 0 0 0 0 0 0 0 5 0 0 0 0 0 0 0 0 0 0 0 0 0 0 0 0 0 6 0 "
"pen","Penrith Panthers","Billy Scott","Unknown","1","player_specific_contract_candidate","penrithpanthers.com.au","true","false","false","contract_or_signing_language|term_language|term_length_language","official-club-signings-topic","2024-06-20T23:45:00+00:00","Panthers young guns commit to Panthers","https://www.penrithpanthers.com.au/news/2024/06/21/panthers-young-guns-commit-to-panthers/","Title: Panthers young guns commit to Panthers URL Source: https://www.penrithpanthers.com.au/news/2024/06/21/panthers-young-guns-commit-to-panthers/ Published Time: 2024-06-20T23:45:00+00:00 Markdown Content: [Skip to main content](https://www.penrithpanthers.com.au/news/2024/06/21/panthers-young-guns-commit-to-panthers/#main-content) ## Main [![Image 2: panthers logo](https://www.penrithpanthers.com.au/globalassets/.lookups/themes/panthers-anniversary-badge-shield__full-colour-11.svg)![Image 3: panthers logo](https://www.penrithpanthers.com.au/globalassets/.lookups/themes/panthers-mobile.svg)](https://www.penrithpanthers.com.au/) [](https://www.penrithpanthers.com.au/search/) * [News](https"
"pen","Penrith Panthers","Billy Scott","Unknown","2","player_specific_contract_candidate","zerotackle.com","false","false","true","contract_or_signing_language|contract_table","zerotackle-direct-player-profile","","Billy Scott (Penrith Panthers) - NRL Stats, News, Contract &amp; Player Profile - Zero Tackle","https://www.zerotackle.com/players/billy-scott/","Player Contracts Player Contracts Team 2026 2027 2028 2029 2030 Penrith Panthers ✔ ✔ Stats 2026 Stats Round Opp P T G MINS AR ARM LB LBA TA OL TK MT TB KM 40/20 PE ER TOTALS 9 0 0 0 74 4 38 0 0 0 0 43 3 0 15 0 0 0 5 0 0 0 0 0 0 0 0 0 0 0 0 0 0 0 0 0 9 0 0 0 0 0 0 0 0 0 0 0 0 0 0 0 0 0 10 0 0 0 0 0 0 0 0 0 0 0 0 0 0 0 0 0 11 0 0 0 0 0 0 0 0 0 0 0 0 0 0 0 0 0 13 0 0 0 21 1 15 0 0 0 0 10 1 0 0 0 0 0 14 0 0 0 0 0 0 0 0 0"
"pen","Penrith Panthers","Freddy Lussick","Unknown","1","player_specific_contract_candidate","geelongadvertiser.com.au","false","false","false","contract_or_salary_language|signing_language","bing-news-rss","Wed, 10 Jun 2026 05:00:00 GMT","Sport Confidential: Freddy Lussick agrees to sign with Bulldogs as another spine shake-up looms","https://www.geelongadvertiser.com.au/sport/nrl/sport-confidential-freddy-lussick-agrees-to-sign-with-bulldogs-as-another-spine-shakeup-looms/news-story/05e2fa28a3488676a25a380b963881dc","It is understood the deal is for the next two years with Lussick to join the Bulldogs from next season. Canterbury boss Phil Gould met with Sam Verrills recently but opted against pursing the out of ..."
"pen","Penrith Panthers","Freddy Lussick","Unknown","2","player_specific_contract_candidate","au.sports.yahoo.com","false","false","false","contract_or_salary_language|term_length_language","bing-news-rss","Tue, 09 Jun 2026 17:01:00 GMT","Bulldogs sign breakout hooker on multi-year deal","https://au.sports.yahoo.com/bulldogs-sign-breakout-hooker-multi-041327556.html","The Canterbury Bulldogs have landed a quality signing with Freddy Lussick set for a move to Belmore on a two-year deal. It will change the dynamic of the Bulldogs' spine as they seek an attacking ..."
"pen","Penrith Panthers","Freddy Lussick","Unknown","3","player_specific_profile_candidate","nrl.com","false","false","false","signing_language","bing-news-rss","Fri, 08 May 2026 05:01:00 GMT","Winning hand: Lussick eager to cash in on new Panthers role","https://www.nrl.com/news/2026/05/08/winning-hand-lussick-eager-to-cash-in-on-new-panthers-role/","If you can't beat them, join them. It's that kind of scenario for hooker Freddy Lussick, who has played in two NRL finals in his 59 games – once when he was with the Roosters in 2020 and again in 2023 ..."
"pen","Penrith Panthers","Freddy Lussick","Unknown","4","player_specific_profile_candidate","penrithpanthers.com.au","true","false","false","","official-club-signings-topic","","Signings Freddy Lussick seals Panthers deal","https://www.penrithpanthers.com.au/news/2025/12/02/freddy-lussick-seals-panthers-deal/","RateLimitTriggeredError: Per IP rate limit exceeded"
"pen","Penrith Panthers","Freddy Lussick","Unknown","5","player_specific_contract_candidate","zerotackle.com","false","false","true","contract_or_signing_language|contract_table","zerotackle-direct-player-profile","","Freddy Lussick (Penrith Panthers) - NRL Stats, News, Contract &amp; Player Profile - Zero Tackle","https://www.zerotackle.com/players/freddy-lussick/","Player Contracts Player Contracts Team 2026 2027 2028 2029 2030 Penrith Panthers ✔ Stats 2026 Stats Round Opp P T G MINS AR ARM LB LBA TA OL TK MT TB KM 40/20 PE ER TOTALS 16 16 4 0 701 48 381 4 0 0 4 398 16 11 349 0 0 3 1 0 0 0 0 0 0 0 0 0 0 0 0 0 0 0 0 0 2 0 0 0 0 0 0 0 0 0 0 0 0 0 0 0 0 0 3 0 0 0 11 2 21 0 0 0 0 8 0 0 0 0 0 0 4 0 0 0 35 4 40 0 0 0 0 18 0 2 0 0 0 0 5 4 1 0 56 4 29 1 0 0 0 35 0 2 95 0 0 0 6 0 0 0 0 "
"pen","Penrith Panthers","Jack Cogger","Unknown","1","player_specific_profile_candidate","penrithpanthers.com.au","true","false","false","","official-club-signings-topic","","Signings Zac Hosking and Jack Cogger join Panthers","https://www.penrithpanthers.com.au/news/2022/10/24/zac-hosking-and-jack-cogger-join-panthers/","RateLimitTriggeredError: Per IP rate limit exceeded"
"pen","Penrith Panthers","Jack Cogger","Unknown","2","player_specific_contract_candidate","zerotackle.com","false","false","true","contract_or_signing_language|contract_table","zerotackle-direct-player-profile","","Jack Cogger (Penrith Panthers) - NRL Stats, News, Contract &amp; Player Profile - Zero Tackle","https://www.zerotackle.com/players/jack-cogger/","Player Contracts Player Contracts Team 2026 2027 2028 2029 2030 Penrith Panthers ✔ ✔ ✔ Stats 2026 Stats Round Opp P T G MINS AR ARM LB LBA TA OL TK MT TB KM 40/20 PE ER TOTALS 13 4 1 0 471 58 425 0 1 4 3 204 28 5 1169 0 2 4 1 0 0 0 29 6 47 0 0 0 0 12 2 0 0 0 0 0 2 0 0 0 6 1 3 0 0 0 0 6 2 1 0 0 0 0 5 0 0 0 31 1 11 0 0 0 0 16 1 0 19 0 0 0 6 0 0 0 12 1 6 0 0 0 0 5 2 0 38 0 0 0 7 0 0 0 10 2 11 0 0 0 0 5 1 0 0 0 0 0 8 0 0"
"pen","Penrith Panthers","Jaxen Edgar","Unknown","1","player_specific_contract_candidate","zerotackle.com","false","false","true","contract_or_signing_language|contract_table","zerotackle-direct-player-profile","","Jaxen Edgar (Penrith Panthers) - NRL Stats, News, Contract &amp; Player Profile - Zero Tackle","https://www.zerotackle.com/players/jaxen-edgar/","Player Contracts Player Contracts Team 2026 2027 2028 2029 2030 Penrith Panthers ✔ ✔ ✔ Stats Jaxen Edgar Panthers lock up rising star on new deal Scott Pryde - November 3, 2025 NRL Editorial and Opinion Rookie Watch: Top 100 young players yet to play NRL: 40-21 Ethan Lee Chalk - June 26, 2025 Featured Penrith's future No.1?: Jaxen Edgar opens up on NRL dream Ethan Lee Chalk - February 27, 2025 Latest News FULL TIME: "
"pen","Penrith Panthers","Jesse McLean","Unknown","1","player_specific_contract_candidate","ntnews.com.au","false","false","false","contract_or_salary_language","bing-news-rss","Sat, 20 Jun 2026 05:00:00 GMT","Canterbury raid Penrith Panthers for rising talent and star's sibling Jesse McLean","https://www.ntnews.com.au/sport/nrl/canterbury-raid-penrith-panthers-for-rising-talent-and-stars-sibling-jesse-mclean/news-story/46f0cd2f676c60e129f589aeaf7509ad","It is understood the Panthers will let McLean go at the end of the season despite having two years left on his contract. Penrith's decision comes after they inked Tom Jenkins to an upgraded three year ..."
"pen","Penrith Panthers","Jesse McLean","Unknown","2","player_specific_contract_candidate","zerotackle.com","false","false","true","contract_or_signing_language|contract_table","zerotackle-direct-player-profile","","Jesse McLean (Penrith Panthers) - NRL Stats, News, Contract &amp; Player Profile - Zero Tackle","https://www.zerotackle.com/players/jesse-mclean/","Player Contracts Player Contracts Team 2026 2027 2028 2029 2030 Penrith Panthers ✔ ✔ ✔ Stats Latest NRL News Bulldogs move quickly for Panthers outside back as Xerri exit nears Kye Ferreira - June 27, 2026 Latest NRL News Panthers rising star granted permission to look elsewhere as rival club... Leo Twemlow - June 20, 2026 NRL Editorial and Opinion SIX players the Parramatta Eels should target for the rest of... Kye "
"pen","Penrith Panthers","John Fonua","Unknown","","no_candidate_found","","","","","","","","","",""
"pen","Penrith Panthers","Kalani Going","Unknown","1","player_specific_contract_candidate","penrithpanthers.com.au","true","false","false","contract_or_signing_language|term_length_language","official-club-signings-topic","2025-10-31T03:25:00+00:00","Panthers confirm signings of Tom Ale and Kalani Going","https://www.penrithpanthers.com.au/news/2025/10/31/panthers-confirm-signings-of-tom-ale-and-kalani-going/","Title: Panthers confirm signings of Tom Ale and Kalani Going URL Source: https://www.penrithpanthers.com.au/news/2025/10/31/panthers-confirm-signings-of-tom-ale-and-kalani-going/ Published Time: 2025-10-31T03:25:00+00:00 Markdown Content: [Skip to main content](https://www.penrithpanthers.com.au/news/2025/10/31/panthers-confirm-signings-of-tom-ale-and-kalani-going/#main-content) ## Main [![Image 1: panthers logo](https://www.penrithpanthers.com.au/globalassets/.lookups/themes/panthers-anniversary-badge-shield__full-colour-11.svg)![Image 2: panthers logo](https://www.penrithpanthers.com.au/globalassets/.lookups/themes/panthers-mobile.svg)](https://www.penrithpanthers.com.au/) [](https://www.p"
"pen","Penrith Panthers","Kalani Going","Unknown","2","player_specific_contract_candidate","zerotackle.com","false","false","true","contract_or_signing_language|contract_table","zerotackle-direct-player-profile","","Kalani Leuluai-Going (Penrith Panthers) - NRL Stats, News, Contract &amp; Player Profile - Zero Tackle","https://www.zerotackle.com/players/kalani-going/","Player Contracts Player Contracts Team 2026 2027 2028 2029 2030 Penrith Panthers ✔ Stats 2026 Stats Round Opp P T G MINS AR ARM LB LBA TA OL TK MT TB KM 40/20 PE ER TOTALS 6 0 0 0 110 22 179 0 0 0 0 58 8 4 0 0 0 2 1 0 0 0 32 7 50 0 0 0 0 10 1 0 0 0 0 2 2 0 0 0 11 5 42 0 0 0 0 5 0 1 0 0 0 0 7 0 0 0 37 3 27 0 0 0 0 18 3 0 0 0 0 0 8 0 0 0 0 0 0 0 0 0 0 0 0 0 0 0 0 0 9 0 0 0 0 0 0 0 0 0 0 0 0 0 0 0 0 0 18 0 0 0 30 7 60 0"
"pen","Penrith Panthers","Luron Patea","Unknown","1","player_specific_contract_candidate","penrithpanthers.com.au","true","false","false","contract_or_signing_language|term_language|term_length_language","official-club-signings-topic","2024-06-20T23:45:00+00:00","Panthers young guns commit to Panthers","https://www.penrithpanthers.com.au/news/2024/06/21/panthers-young-guns-commit-to-panthers/","Title: Panthers young guns commit to Panthers URL Source: https://www.penrithpanthers.com.au/news/2024/06/21/panthers-young-guns-commit-to-panthers/ Published Time: 2024-06-20T23:45:00+00:00 Markdown Content: [Skip to main content](https://www.penrithpanthers.com.au/news/2024/06/21/panthers-young-guns-commit-to-panthers/#main-content) ## Main [![Image 2: panthers logo](https://www.penrithpanthers.com.au/globalassets/.lookups/themes/panthers-anniversary-badge-shield__full-colour-11.svg)![Image 3: panthers logo](https://www.penrithpanthers.com.au/globalassets/.lookups/themes/panthers-mobile.svg)](https://www.penrithpanthers.com.au/) [](https://www.penrithpanthers.com.au/search/) * [News](https"
"pen","Penrith Panthers","Luron Patea","Unknown","2","player_specific_contract_candidate","zerotackle.com","false","false","true","contract_or_signing_language|contract_table","zerotackle-direct-player-profile","","Luron Patea (Penrith Panthers) - NRL Stats, News, Contract &amp; Player Profile - Zero Tackle","https://www.zerotackle.com/players/luron-patea/","Player Contracts Player Contracts Team 2026 2027 2028 2029 2030 Penrith Panthers ✔ ✔ Stats 2026 Stats Round Opp P T G MINS AR ARM LB LBA TA OL TK MT TB KM 40/20 PE ER TOTALS 3 0 0 0 58 21 191 0 0 0 2 39 3 5 0 0 0 1 13 0 0 0 0 0 0 0 0 0 0 0 0 0 0 0 0 0 16 0 0 0 29 14 133 0 0 0 1 21 1 3 0 0 0 1 18 0 0 0 29 7 58 0 0 0 1 18 2 2 0 0 0 0 Luron Patea Panthers re-sign five youngsters for the future Ethan Lee Chalk - June 21,"
"pen","Penrith Panthers","Tom Ale","Unknown","1","player_specific_contract_candidate","penrithpanthers.com.au","true","false","false","contract_or_signing_language|term_length_language","official-club-signings-topic","2025-10-31T03:25:00+00:00","Panthers confirm signings of Tom Ale and Kalani Going","https://www.penrithpanthers.com.au/news/2025/10/31/panthers-confirm-signings-of-tom-ale-and-kalani-going/","Title: Panthers confirm signings of Tom Ale and Kalani Going URL Source: https://www.penrithpanthers.com.au/news/2025/10/31/panthers-confirm-signings-of-tom-ale-and-kalani-going/ Published Time: 2025-10-31T03:25:00+00:00 Markdown Content: [Skip to main content](https://www.penrithpanthers.com.au/news/2025/10/31/panthers-confirm-signings-of-tom-ale-and-kalani-going/#main-content) ## Main [![Image 1: panthers logo](https://www.penrithpanthers.com.au/globalassets/.lookups/themes/panthers-anniversary-badge-shield__full-colour-11.svg)![Image 2: panthers logo](https://www.penrithpanthers.com.au/globalassets/.lookups/themes/panthers-mobile.svg)](https://www.penrithpanthers.com.au/) [](https://www.p"
"pen","Penrith Panthers","Tom Ale","Unknown","2","player_specific_contract_candidate","zerotackle.com","false","false","true","contract_or_signing_language|contract_table","zerotackle-direct-player-profile","","Tom Ale (Penrith Panthers) - NRL Stats, News, Contract &amp; Player Profile - Zero Tackle","https://www.zerotackle.com/players/tom-ale/","Player Contracts Player Contracts Team 2026 2027 2028 2029 2030 Penrith Panthers ✔ Stats NRL Editorial and Opinion SIX players the Parramatta Eels should target for the rest of... Kye Ferreira - April 19, 2026 NRL Player Movements New Zealand Warriors forward duo confirm new club Ethan Lee Chalk - October 31, 2025 Bunty Afoa Warriors confirm five players to depart Matt Clements - September 17, 2025 Latest NRL News Ne"
"sou","South Sydney Rabbitohs","Jye Gray","Fullback","1","player_specific_contract_candidate","zerotackle.com","false","false","true","contract_or_signing_language|contract_table","zerotackle-direct-player-profile","","Jye Gray (South Sydney Rabbitohs) - NRL Stats, News, Contract &amp; Player Profile - Zero Tackle","https://www.zerotackle.com/players/jye-gray/","Player Contracts Player Contracts Team 2026 2027 2028 2029 2030 South Sydney Rabbitohs ✔ ✔ ✔ ✔ Stats 2026 Stats Round Opp P T G MINS AR ARM LB LBA TA OL TK MT TB KM 40/20 PE ER TOTALS 13 12 3 0 830 200 1762 6 5 6 2 58 18 51 83 0 0 4 1 4 1 0 80 12 162 1 0 0 0 1 1 4 0 0 0 0 2 0 0 0 80 19 153 0 0 0 0 7 2 8 0 0 0 1 3 4 1 0 69 17 142 1 1 1 0 7 2 8 18 0 0 0 5 0 0 0 70 21 147 0 1 1 0 1 2 4 22 0 0 0 6 0 0 0 14 4 31 0 0 0 0 3"
"sou","South Sydney Rabbitohs","Alex Johnston","Winger","1","player_specific_contract_candidate","abc.net.au","false","false","false","contract_or_salary_language|term_length_language","bing-news-rss","Tue, 05 May 2026 17:03:00 GMT","Alex Johnston becomes first Papua New Guinean player to sign with the Chiefs","https://www.abc.net.au/pacific/first-papua-new-guinean-player-to-sign-with-the-png-chiefs-/106649558","The PNG Chiefs have moved to strengthen their roster ahead of their planned NRL debut in 2028, signing prolific try-scorer Alex Johnston on a one-year deal as player number 002. Johnston's arrival ..."
"sou","South Sydney Rabbitohs","Alex Johnston","Winger","2","player_specific_profile_candidate","7news.com.au","false","false","false","","bing-news-rss","Mon, 23 Jun 2025 07:40:00 GMT","Chad Townsend backs fans' viral petition to 'storm the field' when Alex Johnston breaks NRL try-scoring record","https://7news.com.au/sport/rugby-league/chad-townsend-backs-fans-viral-petition-to-storm-the-field-when-alex-johnston-breaks-nrl-try-scoring-record-c-19135449","An NRL rival has backed fans in their bid to invade the pitch when Rabbitohs veteran Alex Johnston breaks the all-time try-scoring record. Johnston is just six tries away from equ ..."
"sou","South Sydney Rabbitohs","Alex Johnston","Winger","3","player_specific_profile_candidate","zerotackle.com","false","false","false","","bing-news-rss","Tue, 30 Jun 2026 11:57:00 GMT","Rabbitohs reveal reason for Alex Johnston's absence","https://www.zerotackle.com/rabbitohs-reveal-reason-for-alex-johnstons-absence-235435/","The South Sydney Rabbitohs have confirmed the NRL's greatest ever try-scorer Alex Johnston has suffered a calf injury and will miss a handful of weeks. Johnston played all 80 minutes against the ..."
"sou","South Sydney Rabbitohs","Alex Johnston","Winger","4","player_specific_contract_candidate","zerotackle.com","false","false","true","contract_or_signing_language|contract_table","zerotackle-direct-player-profile","","Alex Johnston (South Sydney Rabbitohs) - NRL Stats, News, Contract &amp; Player Profile - Zero Tackle","https://www.zerotackle.com/players/alex-johnston/","Player Contracts Player Contracts Team 2026 2027 2028 2029 2030 South Sydney Rabbitohs ✔ ✔ PNG Chiefs ✔ Stats 2026 Stats Round Opp P T G MINS AR ARM LB LBA TA OL TK MT TB KM 40/20 PE ER TOTALS 13 76 19 0 1040 165 1862 23 3 5 7 55 8 29 44 0 2 13 1 4 1 0 80 10 94 1 0 0 0 5 0 2 0 0 0 1 2 8 2 0 80 12 122 1 0 0 0 4 0 2 0 0 0 1 3 4 1 0 80 11 109 0 1 1 0 6 0 1 0 0 0 1 5 4 1 0 80 12 196 3 0 0 1 5 2 2 0 0 0 2 6 4 1 0 80 17 22"
"sou","South Sydney Rabbitohs","Latrell Mitchell","Centre","1","player_specific_salary_candidate","adelaidenow.com.au","false","false","false","money|contract_or_salary_language|term_length_language","bing-news-rss","Thu, 21 May 2026 08:16:00 GMT","Newcastle Knights admit interest in signing Latrell Mitchell","https://www.adelaidenow.com.au/sport/nrl/teams/knights/newcastle-knights-admit-interest-in-signing-latrell-mitchell/news-story/40f0c4c9e08475d991b52edcffde2e2c","Less than 24 hours after the Roosters withdrew an $800,000 offer to the 22-year-old Mitchell for season 2021, O'Brien suggested his Knights could be interested in the mercurial star. Already, North ..."
"sou","South Sydney Rabbitohs","Latrell Mitchell","Centre","2","player_specific_salary_candidate","au.news.yahoo.com","false","false","false","money|contract_or_salary_language","bing-news-rss","Mon, 22 Jun 2026 20:23:00 GMT","Latrell Mitchell cops $1.4 million blow as 'sad' truth emerges about South Sydney superstar","https://au.news.yahoo.com/latrell-mitchell-cops-14-million-blow-as-sad-truth-emerges-about-south-sydney-superstar-023516381.html","Latrell Mitchell's latest injury setback has raised concerns around his next NRL contract with suggestions he won't be able to attract the $1.4 million a season originally floated ..."
"sou","South Sydney Rabbitohs","Latrell Mitchell","Centre","3","player_specific_salary_candidate","geelongadvertiser.com.au","false","false","false","money|contract_or_salary_language","bing-news-rss","Wed, 03 Jun 2026 22:17:00 GMT","Latrell Mitchell looks set to leave Sydney Roosters as contract talks fail","https://www.geelongadvertiser.com.au/sport/latrell-mitchell-looks-set-to-leave-sydney-roosters-as-contract-talks-fail/news-story/e8eb3946be3c217af515116c4fbf9748","The Sydney Roosters are preparing to offer Latrell Mitchell an immediate exit from the club, after contract talks between the two parties collapsed on Tuesday. The premiers withdrew an $800,000 offer ..."
"sou","South Sydney Rabbitohs","Latrell Mitchell","Centre","4","player_specific_contract_candidate","au.sports.yahoo.com","false","false","false","contract_or_salary_language","bing-news-rss","Tue, 02 Jun 2026 17:00:00 GMT","What will Latrell Mitchell's extension price look like?","https://au.sports.yahoo.com/latrell-mitchell-extension-price-look-235711283.html","The South Sydney Rabbitohs are keen to lock up Latrell Mitchell before November 1, the date that allows him to negotiate with rival clubs for a 2028 contract. Mitchell is one of the most iconic ..."
"sou","South Sydney Rabbitohs","Latrell Mitchell","Centre","5","player_specific_profile_candidate","au.sports.yahoo.com","false","false","false","","bing-news-rss","Thu, 14 May 2026 17:00:00 GMT","Latrell Mitchell reveals NRL club that told him ""he'll never play NRL""","https://au.sports.yahoo.com/latrell-mitchell-reveals-nrl-club-010253801.html","Latrell Mitchell has cemented himself as one of the most damaging attacking threats in NRL history. With his incredible strength, elite agility, and playmaking class, he has become a star in the ..."
"sou","South Sydney Rabbitohs","Latrell Mitchell","Centre","6","player_specific_contract_candidate","rabbitohs.com.au","false","true","false","signing_language|term_language","bing-html|bing-html-lite","","Latrell Mitchell - South Sydney Rabbitohs – Teams","https://www.rabbitohs.com.au/teams/teams-details?id=1587&league=111","A proud Biripi and Wiradjuri man, Mitchell is influential both on and off the field, bringing leadership, experience and a deep commitment to the Club. Signed with the Rabbitohs until the end of 2027, ..."
"sou","South Sydney Rabbitohs","Latrell Mitchell","Centre","7","player_specific_profile_candidate","nrl.com","false","true","false","","bing-html|bing-html-lite","","Official NRL profile of Latrell Mitchell for South Sydney Rabbitohs ...","https://www.nrl.com/players/nrl-premiership/south-sydney-rabbitohs/latrell-mitchell/","16 June 1997 The NRL profile of Latrell Mitchell including career statistics, season stats, games, tries, goals, tackles and fantasy scores."
"sou","South Sydney Rabbitohs","Latrell Mitchell","Centre","8","player_specific_profile_candidate","news.com.au","false","true","false","","bing-html|bing-html-lite","","NRL 2026: Latrell Mitchell leaves South Sydney training early | news ...","https://www.news.com.au/sport/nrl/origin-watch-latrell-mitchell-leaves-rabbitohs-training-early-in-potentially-major-blues-blow/news-story/6963ee50397dc714bdb621eeaee1eb74","22 June 2026 South Sydney superstar Latrell Mitchell left training early on Monday morning and is set to miss his side's clash against the Eels on Thursday, with teammate Jye Gray describing the injury ..."
"sou","South Sydney Rabbitohs","Latrell Mitchell","Centre","9","player_specific_profile_candidate","rabbitohs.com.au","false","true","false","","bing-html|bing-html-lite","","Injury Update: Latrell Mitchell – South Sydney Rabbitohs","https://www.rabbitohs.com.au/news/injury-update-latrell-mitchell-rd12","Rabbitohs centre Latrell Mitchell has ruled himself out of the first State of Origin match for 2026."
"sou","South Sydney Rabbitohs","Latrell Mitchell","Centre","10","player_specific_profile_candidate","abc.net.au","false","true","false","","bing-html|bing-html-lite","","Latrell Mitchell breaks his silence but not to talk about sport","https://www.abc.net.au/news/2026-03-13/latrell-mitchell-breaks-silence-for-winmarra-foundation/106449372","12 Mar 2026 NRL superstar Latrell Mitchell opens up about the Winmarra foundation, which he co-founded to empower emerging Indigenous leaders."
"sou","South Sydney Rabbitohs","Latrell Mitchell","Centre","11","player_specific_contract_candidate","zerotackle.com","false","false","true","contract_or_signing_language|contract_table","zerotackle-direct-player-profile","","Latrell Mitchell (South Sydney Rabbitohs) - NRL Stats, News, Contract &amp; Player Profile - Zero Tackle","https://www.zerotackle.com/players/latrell-mitchell/","Player Contracts Player Contracts Team 2026 2027 2028 2029 2030 South Sydney Rabbitohs $1.1M $1.1M Stats 2026 Stats Round Opp P T G MINS AR ARM LB LBA TA OL TK MT TB KM 40/20 PE ER TOTALS 9 116 11 35 713 101 1152 10 15 7 21 85 10 46 1261 0 9 14 1 20 2 6 80 9 107 2 1 0 1 5 1 5 249 0 1 0 2 6 0 3 80 9 104 1 1 2 3 11 2 2 192 0 2 4 3 8 1 2 80 10 141 1 0 0 3 13 2 4 145 0 3 0 5 20 2 6 80 7 58 0 2 0 1 13 0 4 261 0 0 2 6 14 1"
"sou","South Sydney Rabbitohs","Jack Wighton","Centre","1","player_specific_contract_candidate","cairnspost.com.au","false","false","false","contract_or_salary_language|signing_language","bing-news-rss","Fri, 05 Jun 2026 21:01:00 GMT","Jack Wighton rejects Canberra Raiders' contract offer","https://www.cairnspost.com.au/sport/jack-wighton-rejects-canberra-raiders-contract-offer/news-story/f72f9d6a5656648522aa204500c6dbd2","A week after collecting the Clive Churchill Medal in Canberra's controversial grand final defeat, Jack Wighton's future with the Raiders is in doubt after he rejected the club's latest contract offer."
"sou","South Sydney Rabbitohs","Jack Wighton","Centre","2","player_specific_contract_candidate","zerotackle.com","false","false","true","contract_or_signing_language|contract_table","zerotackle-direct-player-profile","","Jack Wighton (South Sydney Rabbitohs) - NRL Stats, News, Contract &amp; Player Profile - Zero Tackle","https://www.zerotackle.com/players/jack-wighton/","Player Contracts Player Contracts Team 2026 2027 2028 2029 2030 South Sydney Rabbitohs $850K $850K Stats 2026 Stats Round Opp P T G MINS AR ARM LB LBA TA OL TK MT TB KM 40/20 PE ER TOTALS 10 8 2 0 739 120 1072 2 3 3 2 116 26 14 48 0 3 10 1 0 0 0 80 11 95 0 1 1 0 21 3 0 0 0 0 1 2 0 0 0 80 8 71 0 0 1 0 13 1 1 12 0 0 0 3 4 1 0 80 12 129 1 0 0 0 9 4 3 35 0 1 3 5 0 0 0 80 11 80 0 0 0 1 9 2 1 0 0 0 1 6 4 1 0 80 13 130 0 1 "
"sou","South Sydney Rabbitohs","Campbell Graham","Winger","1","player_specific_contract_candidate","zerotackle.com","false","false","true","contract_or_signing_language|contract_table","zerotackle-direct-player-profile","","Campbell Graham (South Sydney Rabbitohs) - NRL Stats, News, Contract &amp; Player Profile - Zero Tackle","https://www.zerotackle.com/players/campbell-graham/","Player Contracts Player Contracts Team 2026 2027 2028 2029 2030 South Sydney Rabbitohs $700K $700K Stats 2026 Stats Round Opp P T G MINS AR ARM LB LBA TA OL TK MT TB KM 40/20 PE ER TOTALS 11 28 7 0 880 179 1675 7 2 1 6 94 14 32 0 0 3 19 1 8 2 0 80 13 161 1 0 0 0 8 2 3 0 0 1 2 2 4 1 0 80 14 121 0 0 0 0 7 1 2 0 0 0 2 5 0 0 0 80 12 91 0 0 0 1 7 1 3 0 0 0 2 6 0 0 0 80 21 227 2 0 1 0 5 0 2 0 0 0 0 7 0 0 0 80 16 153 0 0 0 "
"sou","South Sydney Rabbitohs","Cody Walker","Five-Eighth","1","player_specific_contract_candidate","au.sports.yahoo.com","false","false","false","contract_or_salary_language","bing-news-rss","Thu, 25 Jun 2026 15:59:00 GMT","Cody Walker receives major boost from Wayne Bennett amid retirement discussions","https://au.sports.yahoo.com/cody-walker-receives-major-boost-225903435.html","South Sydney veteran Cody Walker has left the door ajar for another season in the NRL, with coach Wayne Bennett confident the Rabbitohs playmaker still has plenty to offer. Walker, 36, is off contract ..."
"sou","South Sydney Rabbitohs","Cody Walker","Five-Eighth","2","player_specific_profile_candidate","au.news.yahoo.com","false","false","false","","bing-news-rss","Thu, 25 Jun 2026 17:20:00 GMT","South Sydney star makes eye-opening call on NRL retirement as Rabbitohs face tricky decision","https://au.news.yahoo.com/south-sydney-star-makes-eye-opening-call-on-nrl-retirement-as-rabbitohs-face-tricky-decision-000808406.html","South Sydney five-eighth Cody Walker has dropped a major hint about retirement after admitting he's ""not sure"" whether he wants to go through another NRL off-season. The veteran playmaker turns 37 ..."
"sou","South Sydney Rabbitohs","Cody Walker","Five-Eighth","3","player_specific_contract_candidate","zerotackle.com","false","false","true","contract_or_signing_language|contract_table","zerotackle-direct-player-profile","","Cody Walker (South Sydney Rabbitohs) - NRL Stats, News, Contract &amp; Player Profile - Zero Tackle","https://www.zerotackle.com/players/cody-walker/","Player Contracts Player Contracts Team 2026 2027 2028 2029 2030 South Sydney Rabbitohs ✔ Stats 2026 Stats Round Opp P T G MINS AR ARM LB LBA TA OL TK MT TB KM 40/20 PE ER TOTALS 15 24 6 0 1151 138 954 8 14 13 9 261 38 23 1726 2 14 22 1 0 0 0 71 12 71 0 3 2 1 12 0 0 191 1 0 2 2 0 0 0 80 12 66 0 0 0 0 15 2 4 155 0 4 3 3 0 0 0 80 4 26 1 0 1 0 17 4 0 122 0 0 2 5 0 0 0 80 4 20 0 2 2 0 25 6 1 98 0 2 1 6 8 2 0 80 6 56 2 0 0"
"sou","South Sydney Rabbitohs","Jamie Humphreys","Halfback","1","player_specific_contract_candidate","theaustralian.com.au","false","false","false","contract_or_salary_language","bing-news-rss","Fri, 10 Jul 2026 22:32:00 GMT","Star Perth Bears recruit Jamie Humphreys backflips on 2027 deal","https://www.theaustralian.com.au/sport/nrl/star-perth-bears-recruit-jamie-humphreys-backflips-on-2027-deal/news-story/e1a5762d6d2bc231f0acfc2474cde8f0","Mal Meninga's Perth Bears have been struck a massive blow in the player market with Jamie Humphreys' switch to the NRL's newest franchise collapsing at the 11th hour."
"sou","South Sydney Rabbitohs","Jamie Humphreys","Halfback","2","player_specific_contract_candidate","au.sports.yahoo.com","false","false","false","signing_language","bing-news-rss","Mon, 11 May 2026 17:00:00 GMT","Jamie Humphreys set to leave Rabbitohs, join NRL rivals","https://au.sports.yahoo.com/jamie-humphreys-set-leave-rabbitohs-053218484.html","South Sydney Rabbitohs halfback Jamie Humphreys is set to leave the club at the end of the year and become an inaugural member of the Perth Bears. The halfback has been in negotiations over his future ..."
"sou","South Sydney Rabbitohs","Jamie Humphreys","Halfback","3","player_specific_contract_candidate","zerotackle.com","false","false","true","contract_or_signing_language|contract_table","zerotackle-direct-player-profile","","Jamie Humphreys (South Sydney Rabbitohs) - NRL Stats, News, Contract &amp; Player Profile - Zero Tackle","https://www.zerotackle.com/players/jamie-humphreys/","Player Contracts Player Contracts Team 2026 2027 2028 2029 2030 South Sydney Rabbitohs $150K Stats 2026 Stats Round Opp P T G MINS AR ARM LB LBA TA OL TK MT TB KM 40/20 PE ER TOTALS 12 12 2 2 723 69 569 0 1 3 1 280 25 9 2184 0 0 5 3 0 0 0 69 6 48 0 0 1 0 19 3 0 310 0 0 2 5 0 0 0 80 3 21 0 0 1 0 17 1 0 418 0 0 1 6 4 1 0 80 10 81 0 0 0 1 21 4 0 278 0 0 0 7 0 0 0 80 13 116 0 0 0 0 21 2 1 383 0 0 0 8 0 0 0 57 5 35 0 1 1 "
"sou","South Sydney Rabbitohs","Tevita Tatola","Prop","1","player_specific_contract_candidate","zerotackle.com","false","false","true","contract_or_signing_language|contract_table","zerotackle-direct-player-profile","","Tevita Tatola (South Sydney Rabbitohs) - NRL Stats, News, Contract &amp; Player Profile - Zero Tackle","https://www.zerotackle.com/players/tevita-tatola/","Player Contracts Player Contracts Team 2026 2027 2028 2029 2030 South Sydney Rabbitohs $650K $650K $650K Stats 2026 Stats Round Opp P T G MINS AR ARM LB LBA TA OL TK MT TB KM 40/20 PE ER TOTALS 16 4 1 0 754 207 1816 1 0 0 1 377 26 6 0 0 3 2 1 0 0 0 45 18 152 0 0 0 0 21 0 1 0 0 0 1 2 0 0 0 57 13 113 0 0 0 0 34 2 0 0 0 0 0 3 0 0 0 57 16 145 0 0 0 1 33 4 1 0 0 0 0 5 0 0 0 46 15 122 0 0 0 0 19 1 1 0 0 0 0 6 0 0 0 46 10 8"
"sou","South Sydney Rabbitohs","Brandon Smith","Hooker","1","player_specific_contract_candidate","zerotackle.com","false","false","true","contract_or_signing_language|contract_table","zerotackle-direct-player-profile","","Brandon Smith (South Sydney Rabbitohs) - NRL Stats, News, Contract &amp; Player Profile - Zero Tackle","https://www.zerotackle.com/players/brandon-smith/","Player Contracts Player Contracts Team 2026 2027 2028 2029 2030 South Sydney Rabbitohs $600K $600K Stats 2026 Stats Round Opp P T G MINS AR ARM LB LBA TA OL TK MT TB KM 40/20 PE ER TOTALS 8 0 0 0 366 43 432 0 3 3 1 179 28 6 61 0 3 3 6 0 0 0 43 7 71 0 0 0 0 20 1 0 0 0 1 0 7 0 0 0 55 10 90 0 2 2 0 28 2 1 37 0 0 0 8 0 0 0 13 0 0 0 0 0 0 11 1 0 0 0 0 0 14 0 0 0 47 4 34 0 0 0 0 22 2 2 0 0 1 0 15 0 0 0 39 5 64 0 0 0 1 22 3"
"sou","South Sydney Rabbitohs","Keaon Koloamatangi","Prop","1","player_specific_profile_candidate","ntnews.com.au","false","false","false","","bing-news-rss","Sun, 19 Apr 2026 16:06:00 GMT","'I will be there': Keaon Koloamatangi shuts down rumours of Dragons backflip","https://www.ntnews.com.au/sport/nrl/i-will-be-there-keaon-koloamatangi-shuts-down-rumours-of-dragons-backflip/news-story/c1845b94c312a41b00875c2c4b5b06ab","The rumour mill had been in full swing that the Dragons star signing was having second thoughts about his impending move next year given the dramatic spiral the club finds itself him. Privately St ..."
"sou","South Sydney Rabbitohs","Keaon Koloamatangi","Prop","2","player_specific_profile_candidate","zerotackle.com","false","false","false","","bing-news-rss","Sun, 05 Jul 2026 04:04:00 GMT","The biggest misconception around the Eels ""rebuild""","https://www.zerotackle.com/the-biggest-misconception-around-the-eels-rebuild-235478/","They failed to sign Keaon Koloamatangi, Bronson Xerri, Lachlan Galvin and released Zac Lomax, who wanted to pursue opportunities with R360. They are also reportedly targeting Moses Leota from Penrith ..."
"sou","South Sydney Rabbitohs","Keaon Koloamatangi","Prop","3","player_specific_contract_candidate","zerotackle.com","false","false","true","contract_or_signing_language|contract_table","zerotackle-direct-player-profile","","Keaon Koloamatangi (South Sydney Rabbitohs) - NRL Stats, News, Contract &amp; Player Profile - Zero Tackle","https://www.zerotackle.com/players/keaon-koloamatangi/","Player Contracts Player Contracts Team 2026 2027 2028 2029 2030 South Sydney Rabbitohs $700K St George Illawarra Dragons ✔ ✔ ✔ ✔ Stats 2026 Stats Round Opp P T G MINS AR ARM LB LBA TA OL TK MT TB KM 40/20 PE ER TOTALS 16 4 1 0 1112 284 2733 2 1 1 9 478 32 25 0 0 3 11 1 0 0 0 70 25 253 0 0 0 2 23 2 0 0 0 0 1 2 0 0 0 71 21 164 0 0 0 1 38 4 0 0 0 0 0 3 0 0 0 72 16 157 0 0 0 1 34 2 1 0 0 0 1 5 0 0 0 67 20 198 0 0 0 0 25 "
"sou","South Sydney Rabbitohs","Jai Arrow","2nd Row","1","player_specific_profile_candidate","couriermail.com.au","false","false","false","","bing-news-rss","Sat, 06 Jun 2026 06:39:00 GMT","Former NRL star Jai Arrow has launched a campaign for support in his fight against Motor Neurone Disease","https://www.couriermail.com.au/sport/nrl/former-nrl-star-jai-arrow-has-launched-a-campaign-for-support-in-his-fight-against-motor-neurone-disease/news-story/367646a18d5130c4ab684a4515713d56","Arrow will return to Australia from Spain on Sunday following a one-week stint at a neurological wellness retreat to prepare him for what he has described as the fight of his life. The former South ..."
"sou","South Sydney Rabbitohs","Jai Arrow","2nd Row","2","player_specific_profile_candidate","foxsports.com.au","false","false","false","","bing-news-rss","Mon, 08 Jun 2026 08:44:00 GMT","NRL and AFL worlds unite with beautiful Jai Arrow act at MCG","https://www.foxsports.com.au/afl/nrl-and-afl-worlds-unite-with-beautiful-jai-arrow-act-at-mcg/news-story/4d19ab6e37ca280f6654d81ab7830b26","WHAT'S GAMBLING REALLY COSTING YOU? Set a deposit limit. For Free and confidential support call 1800 858 858 or visit gamblinghelponline.org.au. Arrow announced he had been diagnosed with MND last ..."
"sou","South Sydney Rabbitohs","Jai Arrow","2nd Row","3","player_specific_profile_candidate","au.sports.yahoo.com","false","false","false","","bing-news-rss","Tue, 02 Jun 2026 17:00:00 GMT","NRL to throw special celebration for Jai Arrow","https://au.sports.yahoo.com/nrl-throw-special-celebration-jai-024604672.html","The NRL will hold a special ""birthday party"" for Jai Arrow on July 12 when his former club in the South Sydney Rabbitohs, face the Newcastle Knights at Accor Stadium. Arrow recently retired from the ..."
"sou","South Sydney Rabbitohs","Jai Arrow","2nd Row","4","player_specific_profile_candidate","abc.net.au","false","false","false","","bing-news-rss","Wed, 10 Jun 2026 18:33:00 GMT","NRL latest: Jai Arrow guard of honour after MND diagnosis, Rabbitohs beat Broncos 48-6","https://www.abc.net.au/news/2026-06-11/nrl-live-updates-south-sydney-rabbitohs-brisbane-broncos/106782324","Jai Arrow has inspired South Sydney to a commanding win over the Brisbane Broncos, on an emotional night at Stadium Australia. REPORT: South Sydney Rabbitohs 48-6 Brisbane Broncos The Rabbitohs and ..."
"sou","South Sydney Rabbitohs","Jai Arrow","2nd Row","5","player_specific_profile_candidate","adelaidenow.com.au","false","false","false","","bing-news-rss","Thu, 19 Dec 2019 03:04:00 GMT","Jai Arrow could be a Bunny by Christmas. The Titans may get an Origin star and cash in return","https://www.adelaidenow.com.au/sport/nrl/jai-arrow-could-be-a-bunny-by-christmas-the-titans-may-get-an-origin-star-and-cash-in-return/news-story/dd4ae4b76d34826054354c2ce1c992c3","And more still, they could land Latrell Mitchell, too. Stream over 50 sports live & anytime on your TV or favourite device with KAYO SPORTS. The biggest Aussie sports and the best from overseas. Just ..."
"sou","South Sydney Rabbitohs","Jai Arrow","2nd Row","6","player_specific_profile_candidate","thechronicle.com.au","false","false","false","","bing-news-rss","Tue, 30 Jun 2026 22:53:00 GMT","NRL unveils Jai July fundraiser for retired Rabbitohs star Jai Arrow","https://www.thechronicle.com.au/sport/nrl/nrl-unveils-jai-july-fundraiser-for-retired-rabbitohs-star-jai-arrow/news-story/ee4bc166b3f8b1dc77b40c159ecd615b","The NRL has revealed its plans for Jai July as it looks to raise funds for South Sydney star Jai Arrow and his fight against motor neurone disease."
"sou","South Sydney Rabbitohs","Jai Arrow","2nd Row","7","player_specific_contract_candidate","zerotackle.com","false","false","true","contract_or_signing_language|contract_table","zerotackle-direct-player-profile","","Jai Arrow - Zero Tackle","https://www.zerotackle.com/players/jai-arrow/","Player Contracts Player Contracts Team 2026 2027 2028 2029 2030 Player has retired Stats Latest NRL News NRL to throw unique initiative for Jai Arrow's birthday Leo Twemlow - July 1, 2026 Latest NRL News Two clubs, one cause: Thursday nights win will go beyond the... Magdalena Murdoch - June 11, 2026 Jai Arrow Broncos pay tribute to Jai Arrow with jersey addition for Rabbitohs... Scott Pryde - June 8, 2026 Latest NRL"
"sou","South Sydney Rabbitohs","David Fifita","2nd Row","1","player_specific_salary_candidate","cairnspost.com.au","false","false","false","money|contract_or_salary_language|term_length_language","bing-news-rss","Wed, 13 Nov 2019 12:00:00 GMT","Broncos, David Fifita set to cash in on Bali saga","https://www.cairnspost.com.au/sport/broncos-to-cash-in-on-david-fifita-bali-saga-with-monster-contract-offer/news-story/2caaae6560761c77f64e4453d74910fb","The Courier-Mail can reveal the Broncos are on the cusp of making Fifita a contract extension offer worth $750,000-a-season, with a four-year term under consideration. Fifita, 19, would become the ..."
"sou","South Sydney Rabbitohs","David Fifita","2nd Row","2","player_specific_salary_candidate","adelaidenow.com.au","false","false","false","money|contract_or_salary_language|term_length_language","bing-news-rss","Wed, 13 Nov 2019 11:30:00 GMT","Broncos, David Fifita set to cash in on Bali saga","https://www.adelaidenow.com.au/sport/nrl/teams/broncos/broncos-to-cash-in-on-david-fifita-bali-saga-with-monster-contract-offer/news-story/2caaae6560761c77f64e4453d74910fb","The Courier-Mail can reveal the Broncos are on the cusp of making Fifita a contract extension offer worth $750,000-a-season, with a four-year term under consideration. Fifita, 19, would become the ..."
"sou","South Sydney Rabbitohs","David Fifita","2nd Row","3","player_specific_contract_candidate","geelongadvertiser.com.au","false","false","false","contract_or_salary_language|term_length_language","bing-news-rss","Wed, 05 Feb 2020 11:29:00 GMT","David Fifita signing news: Brisbane Broncos to extend star's contract","https://www.geelongadvertiser.com.au/sport/david-fifita-to-sign-extension-with-brisbane-broncos/news-story/9c21ec020d2e4692e747f109e7556c06","EXCLUSIVE: Brisbane's NRL rivals have aborted their quest to lure Queensland hulk David Fifita away from Red Hill, with the 19-year-old star to sign a multimillion-dollar upgrade. South Sydney coach ..."
"sou","South Sydney Rabbitohs","David Fifita","2nd Row","4","player_specific_contract_candidate","themercury.com.au","false","false","false","contract_or_salary_language","bing-news-rss","Wed, 24 Jun 2020 12:45:00 GMT","David Fifita Titans contract: Brisbane Broncos star offered Gold Coast mega deal","https://www.themercury.com.au/sport/david-fifita-titans-contract-brisbane-broncos-star-offered-gold-coast-mega-deal/news-story/bf33a725880de273253d04c7b9d85928","Broncos boss Paul White says the club will fight tooth and nail to keep David Fifita after the Titans offered the young superstar the richest deal in their history. The Broncos-Titans derby on ..."
"sou","South Sydney Rabbitohs","David Fifita","2nd Row","5","player_specific_contract_candidate","geelongadvertiser.com.au","false","false","false","contract_or_salary_language","bing-news-rss","Sat, 06 Jun 2026 01:06:00 GMT","Brisbane close to David Fifita deal, after talking to his mum","https://www.geelongadvertiser.com.au/sport/nrl/brisbane-close-to-david-fifita-deal-after-talking-to-his-mum/news-story/964c43fc844469a9f4400c7b449449c7","Blindside can reveal Broncos CEO Paul White hosted Fifita and his mother Gwen for dinner last week as the club entered the final stages of negotiation with the NRL's most in-demand talent. Fifita, 19, ..."
"sou","South Sydney Rabbitohs","David Fifita","2nd Row","6","player_specific_contract_candidate","7news.com.au","false","false","false","contract_or_salary_language","bing-news-rss","Mon, 27 Oct 2025 14:08:00 GMT","David Fifita's Titans deal set to be torn up for immediate move to South Sydney, Tom Trbojevic re-signs with Manly","https://7news.com.au/sport/rugby-league/david-fifitas-titans-deal-set-to-be-torn-up-for-immediate-move-to-south-sydney-tom-trbojevic-re-signs-with-manly-c-20494543","The eight-time Queensland Origin representative is reportedly in line for a multi-year deal with the Rabbitohs beginning with the 2026 season. Fifita is just over a year removed from backflipping on a ..."
"sou","South Sydney Rabbitohs","David Fifita","2nd Row","7","player_specific_contract_candidate","townsvillebulletin.com.au","false","false","false","contract_or_salary_language","bing-news-rss","Tue, 22 Oct 2019 17:00:00 GMT","Roosters and Rabbitohs in battle to sign David Fifita","https://www.townsvillebulletin.com.au/sport/roosters-and-rabbitohs-in-battle-to-sign-david-fifita/news-story/f06d8828773826188137de111f1bfb9f","The Daily Telegraph can reveal the Roosters would use money from the retirement of champion halfback Cooper Cronk to lure the teenager to Bondi. The Rabbitohs have the cap space from the expected ..."
"sou","South Sydney Rabbitohs","David Fifita","2nd Row","8","player_specific_profile_candidate","themercury.com.au","false","false","false","","bing-news-rss","Tue, 21 Jul 2020 09:30:00 GMT","Brisbane Broncos willing to release Jack Bird to keep David Fifita","https://www.themercury.com.au/sport/nrl/brisbane-broncos-willing-to-release-jack-bird-to-keep-david-fifita/news-story/0ef71d853e1150816288fd2c48d24951","Bird has almost certainly played his last game in Broncos colours with Brisbane bosses giving the former NSW Origin centre permission to negotiate with rival NRL clubs. The luckless Bird, who has ..."
"sou","South Sydney Rabbitohs","David Fifita","2nd Row","9","player_specific_contract_candidate","zerotackle.com","false","false","true","contract_or_signing_language|contract_table","zerotackle-direct-player-profile","","David Fifita (South Sydney Rabbitohs) - NRL Stats, News, Contract &amp; Player Profile - Zero Tackle","https://www.zerotackle.com/players/david-fifita/","Player Contracts Player Contracts Team 2026 2027 2028 2029 2030 South Sydney Rabbitohs ✔ ✔ Stats 2026 Stats Round Opp P T G MINS AR ARM LB LBA TA OL TK MT TB KM 40/20 PE ER TOTALS 10 12 3 0 731 163 1412 4 2 2 9 215 31 44 43 0 7 5 1 0 0 0 71 20 171 1 0 1 0 16 2 3 13 0 0 2 2 0 0 0 80 20 184 0 0 0 3 15 7 8 0 0 1 0 3 0 0 0 80 16 135 0 1 0 2 28 1 3 0 0 0 2 5 0 0 0 66 15 80 0 0 0 0 23 4 2 0 0 0 0 6 0 0 0 80 20 197 0 0 0 0 "
"sou","South Sydney Rabbitohs","Cameron Murray","Lock","1","player_specific_contract_candidate","zerotackle.com","false","false","true","contract_or_signing_language|contract_table","zerotackle-direct-player-profile","","Cameron Murray (South Sydney Rabbitohs) - NRL Stats, News, Contract &amp; Player Profile - Zero Tackle","https://www.zerotackle.com/players/cameron-murray/","Player Contracts Player Contracts Team 2026 2027 2028 2029 2030 South Sydney Rabbitohs $1.1M $1.1M $1.1M Stats 2026 Stats Round Opp P T G MINS AR ARM LB LBA TA OL TK MT TB KM 40/20 PE ER TOTALS 16 12 3 0 1045 192 1547 2 5 3 14 563 27 37 38 0 5 6 1 0 0 0 67 18 169 0 0 0 2 28 0 2 0 0 0 0 2 0 0 0 69 13 95 0 0 0 0 47 2 1 0 0 0 0 3 0 0 0 66 12 89 0 0 0 2 35 2 2 0 0 0 0 5 4 1 0 63 9 75 0 0 0 1 34 2 2 0 0 0 0 6 0 0 0 64 12 "
"sou","South Sydney Rabbitohs","Tallis Duncan","Interchange","1","player_specific_contract_candidate","zerotackle.com","false","false","true","contract_or_signing_language|contract_table","zerotackle-direct-player-profile","","Tallis Duncan (South Sydney Rabbitohs) - NRL Stats, News, Contract &amp; Player Profile - Zero Tackle","https://www.zerotackle.com/players/tallis-duncan/","Player Contracts Player Contracts Team 2026 2027 2028 2029 2030 South Sydney Rabbitohs ✔ ✔ Stats 2026 Stats Round Opp P T G MINS AR ARM LB LBA TA OL TK MT TB KM 40/20 PE ER TOTALS 16 32 8 0 1236 225 2138 12 5 3 12 416 41 57 5 0 3 14 1 0 0 0 59 10 98 0 0 0 1 20 0 4 0 0 0 0 2 0 0 0 57 9 80 0 0 0 0 21 5 2 0 0 0 0 3 0 0 0 80 10 81 0 0 0 0 35 6 0 0 0 0 0 5 4 1 0 80 13 145 3 0 0 1 26 2 3 0 0 0 0 6 0 0 0 80 13 116 0 2 1 1 2"
"sou","South Sydney Rabbitohs","Euan Aitken","Interchange","1","player_specific_contract_candidate","zerotackle.com","false","false","true","contract_or_signing_language|contract_table","zerotackle-direct-player-profile","","Euan Aitken (South Sydney Rabbitohs) - NRL Stats, News, Contract &amp; Player Profile - Zero Tackle","https://www.zerotackle.com/players/euan-aitken/","Player Contracts Player Contracts Team 2026 2027 2028 2029 2030 South Sydney Rabbitohs ✔ ✔ Stats 2026 Stats Round Opp P T G MINS AR ARM LB LBA TA OL TK MT TB KM 40/20 PE ER TOTALS 12 16 4 0 698 137 1170 4 0 0 6 343 13 25 0 0 2 3 1 0 0 0 61 13 129 0 0 0 0 28 2 5 0 0 0 0 2 0 0 0 50 8 71 0 0 0 0 28 1 0 0 0 0 0 8 4 1 0 51 13 113 1 0 0 1 18 1 5 0 0 1 1 9 0 0 0 56 13 103 0 0 0 0 17 1 0 0 0 0 1 10 4 1 0 66 14 136 1 0 0 0 40"
"sou","South Sydney Rabbitohs","Peter Mamouzelos","Interchange","1","player_specific_contract_candidate","au.sports.yahoo.com","false","false","false","contract_or_salary_language","bing-news-rss","Tue, 30 Jun 2026 20:58:00 GMT","Peter Mamouzelos nears early Rabbitohs exit as future plans revealed","https://au.sports.yahoo.com/peter-mamouzelos-nears-early-rabbitohs-035822567.html","South Sydney Rabbitohs dummy half Peter Mamouzelos might have a year to run on his contract at Maroubra, but it appears he will be released early after falling out of favour with Wayne Bennett, with a ..."
"sou","South Sydney Rabbitohs","Peter Mamouzelos","Interchange","2","player_specific_contract_candidate","zerotackle.com","false","false","true","contract_or_signing_language|contract_table","zerotackle-direct-player-profile","","Peter Mamouzelos (South Sydney Rabbitohs) - NRL Stats, News, Contract &amp; Player Profile - Zero Tackle","https://www.zerotackle.com/players/peter-mamouzelos/","Player Contracts Player Contracts Team 2026 2027 2028 2029 2030 South Sydney Rabbitohs ✔ ✔ Stats 2026 Stats Round Opp P T G MINS AR ARM LB LBA TA OL TK MT TB KM 40/20 PE ER TOTALS 10 0 0 0 425 44 334 1 2 2 1 207 12 5 190 0 8 0 1 0 0 0 50 6 57 1 0 1 0 23 1 3 0 0 1 0 2 0 0 0 57 3 29 0 1 0 0 28 2 0 83 0 0 0 3 0 0 0 53 6 47 0 0 0 0 29 2 2 5 0 1 0 5 0 0 0 62 6 39 0 0 0 0 24 1 0 93 0 0 0 6 0 0 0 56 9 75 0 0 0 0 26 1 0 0 0 "
"sou","South Sydney Rabbitohs","Sean Keppie","Interchange","1","player_specific_contract_candidate","au.sports.yahoo.com","false","false","false","contract_or_salary_language","bing-news-rss","Thu, 02 Jul 2026 19:30:00 GMT","Rabbitohs forward inks multi-year extension","https://au.sports.yahoo.com/rabbitohs-forward-inks-multi-extension-023032446.html","The South Sydney Rabbitohs are on the verge of re-signing forward Sean Keppie for a further two seasons. Keppie's contract was due to expire at the end of this season, but reports from theDaily ..."
"sou","South Sydney Rabbitohs","Sean Keppie","Interchange","2","player_specific_contract_candidate","zerotackle.com","false","false","true","contract_or_signing_language|contract_table","zerotackle-direct-player-profile","","Sean Keppie (South Sydney Rabbitohs) - NRL Stats, News, Contract &amp; Player Profile - Zero Tackle","https://www.zerotackle.com/players/sean-keppie/","Player Contracts Player Contracts Team 2026 2027 2028 2029 2030 South Sydney Rabbitohs ✔ Stats 2026 Stats Round Opp P T G MINS AR ARM LB LBA TA OL TK MT TB KM 40/20 PE ER TOTALS 12 4 1 0 476 96 841 1 0 0 4 263 35 9 0 0 4 1 1 0 0 0 0 0 0 0 0 0 0 0 0 0 0 0 0 0 2 0 0 0 13 7 53 0 0 0 0 6 1 0 0 0 0 0 3 0 0 0 39 10 94 0 0 0 0 23 4 2 0 0 0 1 5 0 0 0 30 8 55 0 0 0 1 12 2 1 0 0 0 0 6 0 0 0 47 8 79 0 0 0 0 25 4 2 0 0 0 0 7 0 0"
"sou","South Sydney Rabbitohs","Ashton Ward","Unknown","1","player_specific_contract_candidate","au.sports.yahoo.com","false","false","false","contract_or_salary_language|signing_language","bing-news-rss","Wed, 01 Jul 2026 14:25:00 GMT","Rabbitohs rising star gains contract promotion","https://au.sports.yahoo.com/rabbitohs-rising-star-gains-contract-212525582.html","Rising South Sydney Rabbitohs young gun Ashton Ward has had his contract promoted to join the club's Top 30. Ward debuted in the middle of 2025 off a NSW Cup deal as the Rabbitohs dealt with a ..."
"sou","South Sydney Rabbitohs","Ashton Ward","Unknown","2","player_specific_profile_candidate","smh.com.au","false","false","false","","bing-news-rss","Fri, 27 Feb 2026 07:45:00 GMT","Souths had 11 halves combos in 2025. Now they may need NRL exemption to field one","https://www.smh.com.au/sport/nrl/souths-had-11-halves-combos-in-2025-now-they-may-need-nrl-exemption-to-field-one-20260227-p5o5ym.html","You have reached your maximum number of saved items. Remove items from your saved list to add more. South Sydney will apply for an NRL exemption for rising halfback Ashton Ward to play in round one ..."
"sou","South Sydney Rabbitohs","Ashton Ward","Unknown","3","player_specific_contract_candidate","zerotackle.com","false","false","true","contract_or_signing_language|contract_table","zerotackle-direct-player-profile","","Ashton Ward (South Sydney Rabbitohs) - NRL Stats, News, Contract &amp; Player Profile - Zero Tackle","https://www.zerotackle.com/players/ashton-ward/","Player Contracts Player Contracts Team 2026 2027 2028 2029 2030 South Sydney Rabbitohs ✔ Stats 2026 Stats Round Opp P T G MINS AR ARM LB LBA TA OL TK MT TB KM 40/20 PE ER TOTALS 9 2 0 1 675 80 556 0 7 8 3 135 31 8 3645 1 1 7 1 0 0 0 41 3 30 0 0 0 0 9 2 0 68 0 0 0 10 0 0 0 80 10 66 0 1 1 0 19 2 2 581 0 0 0 11 0 0 0 80 16 92 0 1 1 1 13 3 0 285 0 0 1 12 0 0 0 80 14 99 0 1 1 0 11 4 1 376 0 0 1 14 0 0 0 80 8 43 0 0 0 1 18"
"sou","South Sydney Rabbitohs","Adam Elliott","Unknown","1","player_specific_profile_candidate","townsvillebulletin.com.au","false","false","false","","bing-news-rss","Sat, 27 Jun 2026 20:36:00 GMT","NRL 2020: Warriors sign Kane Evans, Bulldogs lock in Adam Elliott","https://www.townsvillebulletin.com.au/sport/nrl/nrl-2020-warriors-sign-kane-evans-bulldogs-lock-in-adam-elliott/news-story/43393cb38734792a789193588b2ef764","The injured back-rower was pursued by the Warriors and St George Illawarra but has opted to remain in Belmore under incoming coach Trent Barrett. Elliott, 25, has played 83 top-grade games since ..."
"sou","South Sydney Rabbitohs","Adam Elliott","Unknown","2","player_specific_contract_candidate","zerotackle.com","false","false","true","contract_or_signing_language|contract_table","zerotackle-direct-player-profile","","Adam Elliott (South Sydney Rabbitohs) - NRL Stats, News, Contract &amp; Player Profile - Zero Tackle","https://www.zerotackle.com/players/adam-elliott/","Player Contracts Player Contracts Team 2026 2027 2028 2029 2030 South Sydney Rabbitohs ✔ Stats 2026 Stats Round Opp P T G MINS AR ARM LB LBA TA OL TK MT TB KM 40/20 PE ER TOTALS 4 0 0 0 88 9 77 0 1 0 1 61 1 1 0 0 0 1 9 0 0 0 0 0 0 0 0 0 0 0 0 0 0 0 0 0 10 0 0 0 21 2 22 0 0 0 0 13 0 0 0 0 0 0 11 0 0 0 36 1 0 0 0 0 0 25 0 0 0 0 0 1 12 0 0 0 31 6 55 0 1 0 1 23 1 1 0 0 0 0 Latest NRL News Brandon Smith's injury return ti"
"sou","South Sydney Rabbitohs","Bronson Carlick","Unknown","","no_candidate_found","","","","","","","","","",""
"sou","South Sydney Rabbitohs","Ed Kosi","Unknown","1","player_specific_contract_candidate","zerotackle.com","false","false","true","contract_or_signing_language|contract_table","zerotackle-direct-player-profile","","Edward Kosi (South Sydney Rabbitohs) - NRL Stats, News, Contract &amp; Player Profile - Zero Tackle","https://www.zerotackle.com/players/edward-kosi/","Player Contracts Player Contracts Team 2026 2027 2028 2029 2030 South Sydney Rabbitohs ✔ ✔ Stats 2026 Stats Round Opp P T G MINS AR ARM LB LBA TA OL TK MT TB KM 40/20 PE ER TOTALS 10 12 3 0 438 78 626 3 0 0 2 22 9 9 3 0 2 5 6 0 0 0 0 0 0 0 0 0 0 0 0 0 0 0 0 0 7 0 0 0 0 0 0 0 0 0 0 0 0 0 0 0 0 0 8 0 0 0 0 0 0 0 0 0 0 0 0 0 0 0 0 0 10 0 0 0 64 14 96 0 0 0 0 2 2 0 0 0 1 0 11 0 0 0 80 13 81 0 0 0 0 3 4 1 0 0 0 1 12 0 0 0"
"sou","South Sydney Rabbitohs","Isaiah Tass","Unknown","1","player_specific_contract_candidate","cairnspost.com.au","false","false","false","contract_or_salary_language|signing_language|term_length_language","bing-news-rss","Wed, 03 Jun 2026 21:09:00 GMT","NRL 2021: Isaiah Tass joins Brisbane Broncos on development list contract","https://www.cairnspost.com.au/sport/nrl/nrl-2021-isaiah-tass-joins-brisbane-broncos-on-development-list-contract/news-story/be809cbedb699073db73dc524e507677","Kevin Walters has added another exciting piece to his 2021 squad. Find out what he likes about young Queenslander Isaiah Tass. The Mackay product has inked a one-year deal with the Broncos on a ..."
"sou","South Sydney Rabbitohs","Isaiah Tass","Unknown","2","player_specific_contract_candidate","zerotackle.com","false","false","true","contract_or_signing_language|contract_table","zerotackle-direct-player-profile","","Isaiah Tass (South Sydney Rabbitohs) - NRL Stats, News, Contract &amp; Player Profile - Zero Tackle","https://www.zerotackle.com/players/isaiah-tass/","Player Contracts Player Contracts Team 2026 2027 2028 2029 2030 South Sydney Rabbitohs ✔ ✔ Stats Latest NRL News Souths plead with NRL for shock Gray replacement Magdalena Murdoch - April 13, 2026 Brandon Smith Cruel injury setback for South Sydney confirmed Magdalena Murdoch - February 27, 2026 Injuries & Suspensions Rabbitohs outside back set to miss majority of 2026 with injury Ethan Lee Chalk - October 3, 2025 In"
"sou","South Sydney Rabbitohs","Jayden Sullivan","Unknown","1","player_specific_contract_candidate","zerotackle.com","false","false","true","contract_or_signing_language|contract_table","zerotackle-direct-player-profile","","Jayden Sullivan (South Sydney Rabbitohs) - NRL Stats, News, Contract &amp; Player Profile - Zero Tackle","https://www.zerotackle.com/players/jayden-sullivan/","Player Contracts Player Contracts Team 2026 2027 2028 2029 2030 South Sydney Rabbitohs ✔ ✔ Stats 2026 Stats Round Opp P T G MINS AR ARM LB LBA TA OL TK MT TB KM 40/20 PE ER TOTALS 13 0 0 0 239 28 282 1 1 2 0 54 9 6 199 0 1 0 1 0 0 0 40 4 36 0 1 1 0 5 2 2 20 0 0 0 2 0 0 0 69 5 37 0 0 0 0 17 1 1 69 0 0 0 3 0 0 0 17 2 16 0 0 0 0 4 0 0 35 0 0 0 5 0 0 0 0 0 0 0 0 0 0 0 0 0 0 0 0 0 6 0 0 0 10 2 15 0 0 0 0 4 1 0 0 0 0 0 7 0"
"sou","South Sydney Rabbitohs","Jonah Glover","Unknown","1","player_specific_contract_candidate","zerotackle.com","false","false","true","contract_or_signing_language|contract_table","zerotackle-direct-player-profile","","Jonah Glover (South Sydney Rabbitohs) - NRL Stats, News, Contract &amp; Player Profile - Zero Tackle","https://www.zerotackle.com/players/jonah-glover/","Player Contracts Player Contracts Team 2026 2027 2028 2029 2030 South Sydney Rabbitohs ✔ ✔ Stats Latest NRL News Rabbitohs confirm young guns sidelined for up to eight weeks Magdalena Murdoch - February 16, 2026 Matt Burton Gould reveals Burton update, Rabbitohs lose half as injuries strike pre-season... Scott Pryde - February 15, 2026 Jonah Glover &#8220;Never going to make the NRL&#8221;: Dragons youngster reveals "
"sou","South Sydney Rabbitohs","Lachie Hubner","Unknown","1","player_specific_contract_candidate","zerotackle.com","false","false","true","contract_or_signing_language|contract_table","zerotackle-direct-player-profile","","Lachlan Hubner (South Sydney Rabbitohs) - NRL Stats, News, Contract &amp; Player Profile - Zero Tackle","https://www.zerotackle.com/players/lachlan-hubner/","Player Contracts Player Contracts Team 2026 2027 2028 2029 2030 South Sydney Rabbitohs ✔ ✔ ✔ Stats 2026 Stats Round Opp P T G MINS AR ARM LB LBA TA OL TK MT TB KM 40/20 PE ER TOTALS 15 4 1 0 555 144 1189 1 1 1 6 317 42 17 0 0 3 7 1 4 1 0 18 8 70 1 0 0 0 8 0 2 0 0 0 3 2 0 0 0 14 5 44 0 0 0 0 8 1 1 0 0 0 0 5 0 0 0 53 14 87 0 0 0 0 24 4 2 0 0 0 0 6 0 0 0 40 10 86 0 0 0 1 27 6 2 0 0 0 1 7 0 0 0 24 7 53 0 0 0 0 14 2 0 0 0"
"sou","South Sydney Rabbitohs","Liam Le Blanc","Unknown","1","player_specific_contract_candidate","zerotackle.com","false","false","true","contract_or_signing_language|contract_table","zerotackle-direct-player-profile","","Liam Le Blanc (South Sydney Rabbitohs) - NRL Stats, News, Contract &amp; Player Profile - Zero Tackle","https://www.zerotackle.com/players/liam-le-blanc/","Player Contracts Player Contracts Team 2026 2027 2028 2029 2030 South Sydney Rabbitohs ✔ Stats 2026 Stats Round Opp P T G MINS AR ARM LB LBA TA OL TK MT TB KM 40/20 PE ER TOTALS 8 0 0 0 141 26 218 0 0 0 1 79 4 1 0 0 0 3 3 0 0 0 0 0 0 0 0 0 0 0 0 0 0 0 0 0 5 0 0 0 0 0 0 0 0 0 0 0 0 0 0 0 0 0 6 0 0 0 0 0 0 0 0 0 0 0 0 0 0 0 0 0 12 0 0 0 31 8 75 0 0 0 1 20 1 0 0 0 0 0 15 0 0 0 33 7 60 0 0 0 0 16 1 0 0 0 0 0 17 0 0 0 0 0"
"sou","South Sydney Rabbitohs","Max McCarthy","Unknown","1","player_specific_contract_candidate","zerotackle.com","false","false","true","contract_or_signing_language|contract_table","zerotackle-direct-player-profile","","Max McCarthy (South Sydney Rabbitohs) - NRL Stats, News, Contract &amp; Player Profile - Zero Tackle","https://www.zerotackle.com/players/max-mccarthy/","Player Contracts Player Contracts Team 2026 2027 2028 2029 2030 South Sydney Rabbitohs ✔ Stats Injuries & Suspensions Unlucky 13: Rabbitohs' injury toll rises as return date set for... Scott Pryde - August 20, 2025 Max McCarthy Rabbitohs recruit ruled out of the season Ethan Lee Chalk - February 20, 2025 Max McCarthy Rabbitohs sign duo to Top 30 contracts for 2026 Ethan Lee Chalk - August 21, 2024 Latest News FULL TI"
"sou","South Sydney Rabbitohs","Thomas Fletcher","Unknown","1","player_specific_contract_candidate","zerotackle.com","false","false","true","contract_or_signing_language|contract_table","zerotackle-direct-player-profile","","Thomas Fletcher (South Sydney Rabbitohs) - NRL Stats, News, Contract &amp; Player Profile - Zero Tackle","https://www.zerotackle.com/players/thomas-fletcher/","Player Contracts Player Contracts Team 2026 2027 2028 2029 2030 South Sydney Rabbitohs ✔ ✔ Stats 2026 Stats Round Opp P T G MINS AR ARM LB LBA TA OL TK MT TB KM 40/20 PE ER TOTALS 3 0 0 0 22 5 38 0 0 0 1 12 5 0 0 0 1 0 3 0 0 0 12 3 30 0 0 0 0 8 4 0 0 0 1 0 7 0 0 0 0 0 0 0 0 0 0 0 0 0 0 0 0 0 12 0 0 0 10 2 8 0 0 0 1 4 1 0 0 0 0 0 Thomas Fletcher Young Rabbitohs forward secures his future Aden McGovern - October 30, 20"
"sou","South Sydney Rabbitohs","Tyrone Munro","Unknown","1","player_specific_profile_candidate","theaustralian.com.au","false","false","false","","bing-news-rss","Mon, 22 Jun 2026 17:00:00 GMT","Tyrone Munro to appeal no-fault stand-down ban after court delay ends 2026 season","https://www.theaustralian.com.au/sport/nrl/tyrone-munro-to-appeal-nofault-standdown-ban-after-court-delay-ends-2026-season/news-story/23a21f16d925581d17c468cc0eb96c7a","Munro faced Burwood Local Court on Tuesday on multiple charges but the hearing was postponed until February, leaving the Rabbitohs flyer facing the prospect of an entire season on the sidelines. The ..."
"sou","South Sydney Rabbitohs","Tyrone Munro","Unknown","2","player_specific_profile_candidate","au.sports.yahoo.com","false","false","false","","bing-news-rss","Tue, 23 Jun 2026 07:47:00 GMT","Tyrone Munro set to miss remainder of NRL season","https://au.sports.yahoo.com/tyrone-munro-set-miss-remainder-214716704.html","South Sydney Rabbitohs winger Tyrone Munro is set to remain stood down from playing for the remainder of the year after his latest hearing was postponed until next year. Under the NRL's no-fault ..."
"sou","South Sydney Rabbitohs","Tyrone Munro","Unknown","3","player_specific_profile_candidate","ntnews.com.au","false","false","false","","bing-news-rss","Tue, 23 Jun 2026 11:16:00 GMT","Tyrone Munro to appeal no-fault stand-down ban after court delay ends 2026 season","https://www.ntnews.com.au/sport/nrl/tyrone-munro-to-appeal-nofault-standdown-ban-after-court-delay-ends-2026-season/news-story/23a21f16d925581d17c468cc0eb96c7a","South Sydney winger Tyrone Munro, who is facing serious domestic violence charges, will fight to overturn his NRL ban after his court hearing was delayed, ending his 2026 campaign. Munro faced Burwood ..."
"sou","South Sydney Rabbitohs","Tyrone Munro","Unknown","4","player_specific_contract_candidate","zerotackle.com","false","false","true","contract_or_signing_language|contract_table","zerotackle-direct-player-profile","","Tyrone Munro (South Sydney Rabbitohs) - NRL Stats, News, Contract &amp; Player Profile - Zero Tackle","https://www.zerotackle.com/players/tyrone-munro/","Player Contracts Player Contracts Team 2026 2027 2028 2029 2030 South Sydney Rabbitohs ✔ ✔ Stats Tyrone Munro Tyrone Munro's lawyer to make appeal for NRL return as no-fault... Magdalena Murdoch - July 2, 2026 Latest NRL News Tyrone Munro set to miss remainder of NRL season Leo Twemlow - June 24, 2026 Tyrone Munro Tyrone Munro's verdict pushed back as holiday interrupts court Scott Pryde - April 22, 2026 Latest NRL N"
"sti","St George Illawarra Dragons","Clint Gutherson","Fullback","1","player_specific_contract_candidate","goldcoastbulletin.com.au","false","false","false","contract_or_salary_language","bing-news-rss","Sat, 27 Apr 2019 10:12:00 GMT","Parramatta will table Clint Gutherson a make-or-break contract","https://www.goldcoastbulletin.com.au/sport/nrl/parramatta-will-table-clint-gutherson-a-makeorbreak-contract/news-story/030f71422460988bb6c779385f9ea3d3","Parramatta are set to off skipper Clint Gutherson a new deal that will either keep him at the club for the next three seasons or force him to test the open market. The Sunday Telegraph can reveal the ..."
"sti","St George Illawarra Dragons","Clint Gutherson","Fullback","2","player_specific_contract_candidate","zerotackle.com","false","false","false","signing_language","bing-news-rss","Sun, 05 Jul 2026 04:04:00 GMT","The biggest misconception around the Eels ""rebuild""","https://www.zerotackle.com/the-biggest-misconception-around-the-eels-rebuild-235478/","Negotiations with Clint Gutherson went from promising to inevitable that he would leave after indirectly swapping Blaize Talagi, who signed with the Penrith Panthers, for Isaiah Iongi, who was a star ..."
"sti","St George Illawarra Dragons","Clint Gutherson","Fullback","3","player_specific_profile_candidate","themercury.com.au","false","false","false","","bing-news-rss","Thu, 09 May 2019 12:50:00 GMT","After 168 days of negotiations Parramatta and Clint Gutherson are still far from agreement","https://www.themercury.com.au/sport/nrl/after-168-days-of-negotiations-parramatta-and-clint-gutherson-are-still-far-from-agreement/news-story/ccb129a23c7eb921dbed1a7f28f207fc","The 168-day negotiations over Parramatta star Clint Gutherson continued without a resolution after Eels general manager of football Mark O'Neill met with the full-back's agent, Sam Ayoub. The Daily ..."
"sti","St George Illawarra Dragons","Christian Tuipulotu","Winger","1","player_specific_contract_candidate","zerotackle.com","false","false","true","contract_or_signing_language|contract_table","zerotackle-direct-player-profile","","Christian Tuipulotu (St George Illawarra) - NRL Stats, News, Contract &amp; Player Profile - Zero Tackle","https://www.zerotackle.com/players/christian-tuipulotu/","Player Contracts Player Contracts Team 2026 2027 2028 2029 2030 St George Illawarra Dragons ✔ Stats 2026 Stats Round Opp P T G MINS AR ARM LB LBA TA OL TK MT TB KM 40/20 PE ER TOTALS 9 12 3 0 609 141 1421 3 0 0 0 28 7 24 28 0 4 8 1 0 0 0 90 22 217 0 0 0 0 2 0 1 28 0 1 0 2 4 1 0 72 15 144 1 0 0 0 1 0 1 0 0 0 2 3 0 0 0 80 17 210 1 0 0 0 7 0 7 0 0 0 2 4 0 0 0 80 14 151 0 0 0 0 5 1 1 0 0 1 0 5 0 0 0 80 15 162 0 0 0 0 7 4"
"sti","St George Illawarra Dragons","Moses Suli","Centre","1","player_specific_contract_candidate","dailytelegraph.com.au","false","false","false","contract_or_salary_language","bing-news-rss","Wed, 03 Jun 2026 06:10:00 GMT","Moses Suli granted permission to leave Dragons as Red V's roster overhaul continues","https://www.dailytelegraph.com.au/sport/nrl/moses-suli-granted-permission-to-leave-dragons-as-red-vs-roster-overhaul-continues/news-story/916621cabdacf7d6a570af9600ba4508","It is understood that Suli has been told he is free to leave the club despite having 12 months left on his contract. The Tongan international has been a mainstay since joining the Dragons in 2022 ..."
"sti","St George Illawarra Dragons","Moses Suli","Centre","2","player_specific_contract_candidate","goldcoastbulletin.com.au","false","false","false","contract_or_salary_language","bing-news-rss","Wed, 18 Sep 2019 10:32:00 GMT","How in-form Manly centre Moses Suli made the most of his last chance in the NRL","https://www.goldcoastbulletin.com.au/sport/nrl/how-inform-manly-centre-moses-suli-made-the-most-of-his-last-chance-in-the-nrl/news-story/225c86cc39856fc048ed715ada116d1e","Having been sacked by Wests Tigers and Canterbury, Moses was told last year he had to prove himself in a four-week training trial at the club's Narrabeen headquarters. He was offered a training deal ..."
"sti","St George Illawarra Dragons","Moses Suli","Centre","3","player_specific_profile_candidate","themercury.com.au","false","false","false","","bing-news-rss","Tue, 02 Jun 2020 09:41:00 GMT","Manly to re-sign powerful centre Moses Suli in blow to St George Illawarra Dragons","https://www.themercury.com.au/sport/manly-to-resign-powerful-centre-moses-suli-in-blow-to-st-george-illawarra-dragons/news-story/b749dcb893319e87cc346a27c128e9b6","St George Illawarra were set to make Manly powerhouse Moses Suli among the best-paid centres in the game. But in the latest blow to the NRL basket case, he's given them a trademark fend. Suli, 21, was ..."
"sti","St George Illawarra Dragons","Moses Suli","Centre","4","player_specific_contract_candidate","zerotackle.com","false","false","true","contract_or_signing_language|contract_table","zerotackle-direct-player-profile","","Moses Suli (St George Illawarra) - NRL Stats, News, Contract &amp; Player Profile - Zero Tackle","https://www.zerotackle.com/players/moses-suli/","Player Contracts Player Contracts Team 2026 2027 2028 2029 2030 St George Illawarra Dragons $600K $600K Stats 2026 Stats Round Opp P T G MINS AR ARM LB LBA TA OL TK MT TB KM 40/20 PE ER TOTALS 9 8 2 0 676 114 1063 1 4 3 5 107 12 27 8 0 2 7 1 0 0 0 77 15 133 0 0 0 1 13 2 6 0 0 0 2 2 0 0 0 80 13 124 0 2 2 1 9 2 2 0 0 0 0 3 4 1 0 80 15 160 0 0 0 1 14 0 4 0 0 0 0 5 0 0 0 80 12 124 0 0 0 1 24 1 4 0 0 0 0 6 0 0 0 68 10 78 "
"sti","St George Illawarra Dragons","Valentine Holmes","Centre","1","player_specific_salary_candidate","goldcoastbulletin.com.au","false","false","false","money|contract_or_salary_language","bing-news-rss","Wed, 04 Sep 2019 15:12:00 GMT","New York Jets NFL practice team member Valentine Holmes' $900k off to return to NRL","https://www.goldcoastbulletin.com.au/sport/american-sports/nfl/new-york-jets-nfl-practice-team-member-valentine-holmes-900k-off-to-return-to-nrl/news-story/b1c30b843b3c3d5925ad8598c29fc4f6","Valentine Holmes has a big decision to make — continue to chase his NFL dream or come home to chase a massive pay cheque. The Jets cut Holmes on Saturday when they reduced their roster from 90 players ..."
"sti","St George Illawarra Dragons","Valentine Holmes","Centre","2","player_specific_salary_candidate","adelaidenow.com.au","false","false","false","money","bing-news-rss","Tue, 23 Jun 2026 18:15:00 GMT","Valentine Holmes' 'strange' $2.4m call amid Dragons pursuit and Roosters approach","https://www.adelaidenow.com.au/sport/nrl/valentine-holmes-strange-24m-call-amid-dragons-pursuit-and-roosters-approach/news-story/eb3e03dd1887187cfa3e52a60aa7a664","North Queensland powerbrokers gave the Maroons gun permission to negotiate with rivals in recent weeks, despite making it clear they'd like to retain his services. Holmes will enter the final year of ..."
"sti","St George Illawarra Dragons","Valentine Holmes","Centre","3","player_specific_contract_candidate","goldcoastbulletin.com.au","false","false","false","contract_or_salary_language","bing-news-rss","Sat, 23 Nov 2019 16:00:00 GMT","Cowboys confirm details of monster Valentine Holmes deal","https://www.goldcoastbulletin.com.au/sport/nrl/cowboys-confirm-details-of-monster-valentine-holmes-deal/news-story/22b2ed43abf3f04304e61018fa9ae14c","It's official. Valentine Holmes has joined the Cowboys and the length of the deal is far longer than expected — and the cash is eye-watering. Six months of speculation is finally over with North ..."
"sti","St George Illawarra Dragons","Valentine Holmes","Centre","4","player_specific_contract_candidate","zerotackle.com","false","false","true","contract_or_signing_language|contract_table","zerotackle-direct-player-profile","","Valentine Holmes (St George Illawarra) - NRL Stats, News, Contract &amp; Player Profile - Zero Tackle","https://www.zerotackle.com/players/valentine-holmes/","Player Contracts Player Contracts Team 2026 2027 2028 2029 2030 St George Illawarra Dragons $1M $1M Stats 2026 Stats Round Opp P T G MINS AR ARM LB LBA TA OL TK MT TB KM 40/20 PE ER TOTALS 16 106 8 37 1290 220 2024 10 6 6 20 194 66 38 10 0 1 24 1 4 0 2 90 14 121 0 1 1 1 9 3 0 0 0 1 0 2 12 2 2 80 13 141 2 0 0 0 9 5 4 0 0 0 1 3 8 0 4 80 19 181 1 0 0 3 14 4 3 0 0 0 4 4 6 0 3 80 19 185 0 1 1 1 13 3 1 0 0 0 1 5 0 0 0 80 1"
"sti","St George Illawarra Dragons","Setu Tu","Winger","1","player_specific_profile_candidate","dragons.com.au","true","false","false","","official-club-signings-topic","","Signings Dragons secure Setu Tu","https://www.dragons.com.au/news/2025/11/18/dragons-secure-setu-tu/","RateLimitTriggeredError: Per IP rate limit exceeded"
"sti","St George Illawarra Dragons","Setu Tu","Winger","2","player_specific_contract_candidate","zerotackle.com","false","false","true","contract_or_signing_language|contract_table","zerotackle-direct-player-profile","","Setu Tu (St George Illawarra) - NRL Stats, News, Contract &amp; Player Profile - Zero Tackle","https://www.zerotackle.com/players/setu-tu/","Player Contracts Player Contracts Team 2026 2027 2028 2029 2030 St George Illawarra Dragons ✔ ✔ Stats 2026 Stats Round Opp P T G MINS AR ARM LB LBA TA OL TK MT TB KM 40/20 PE ER TOTALS 14 32 8 0 1105 246 2154 10 0 3 10 49 16 67 23 0 3 21 1 4 1 0 65 15 98 1 0 0 1 5 1 4 0 0 1 0 2 0 0 0 80 13 105 0 0 0 0 3 1 2 0 0 0 0 3 0 0 0 80 17 174 0 0 0 2 4 1 6 0 0 0 0 6 4 1 0 80 22 220 2 0 0 0 5 0 7 0 0 0 2 7 0 0 0 80 16 178 1 0 0"
"sti","St George Illawarra Dragons","Kyle Flanagan","Five-Eighth","1","player_specific_contract_candidate","zerotackle.com","false","false","true","contract_or_signing_language|contract_table","zerotackle-direct-player-profile","","Kyle Flanagan (St George Illawarra) - NRL Stats, News, Contract &amp; Player Profile - Zero Tackle","https://www.zerotackle.com/players/kyle-flanagan/","Player Contracts Player Contracts Team 2026 2027 2028 2029 2030 St George Illawarra Dragons ✔ ✔ Stats 2026 Stats Round Opp P T G MINS AR ARM LB LBA TA OL TK MT TB KM 40/20 PE ER TOTALS 15 2 0 1 1031 78 538 1 1 3 1 272 21 8 622 0 6 6 1 2 0 1 90 2 17 0 0 0 0 29 2 0 93 0 0 0 2 0 0 0 80 8 64 0 0 0 0 17 1 2 41 0 0 0 3 0 0 0 80 5 28 0 0 1 0 17 1 0 24 0 1 0 4 0 0 0 61 4 31 0 0 0 0 16 3 0 26 0 0 1 6 0 0 0 80 5 20 0 0 0 0 25 "
"sti","St George Illawarra Dragons","Daniel Atkinson","Halfback","1","player_specific_contract_candidate","zerotackle.com","false","false","true","contract_or_signing_language|contract_table","zerotackle-direct-player-profile","","Daniel Atkinson (St George Illawarra) - NRL Stats, News, Contract &amp; Player Profile - Zero Tackle","https://www.zerotackle.com/players/daniel-atkinson/","Player Contracts Player Contracts Team 2026 2027 2028 2029 2030 St George Illawarra Dragons ✔ ✔ ✔ Stats 2026 Stats Round Opp P T G MINS AR ARM LB LBA TA OL TK MT TB KM 40/20 PE ER TOTALS 15 4 1 0 1200 109 821 1 4 8 8 318 64 17 8553 0 7 13 1 0 0 0 90 7 40 0 0 0 0 28 3 2 887 0 0 2 2 0 0 0 80 6 43 0 2 2 0 22 3 1 443 0 2 1 3 0 0 0 80 7 48 0 2 1 0 18 4 2 494 0 1 1 4 0 0 0 80 6 37 0 0 0 0 21 6 0 419 0 0 2 5 0 0 0 80 6 66 1"
"sti","St George Illawarra Dragons","Emre Guler","Prop","1","player_specific_contract_candidate","au.sports.yahoo.com","false","false","false","contract_or_salary_language|signing_language","bing-news-rss","Wed, 03 Jun 2026 17:00:00 GMT","Dragons cleanout continues, prop to find new home","https://au.sports.yahoo.com/dragons-cleanout-continues-prop-home-202225088.html","St George Illawarra Dragons forward Emre Guler is understood to have signed a deal to move to the English Super League at the end of the season. The Dragons put a contract freeze on their current ..."
"sti","St George Illawarra Dragons","Emre Guler","Prop","2","player_specific_contract_candidate","zerotackle.com","false","false","true","contract_or_signing_language|contract_table","zerotackle-direct-player-profile","","Emre Guler (St George Illawarra) - NRL Stats, News, Contract &amp; Player Profile - Zero Tackle","https://www.zerotackle.com/players/emre-guler/","Player Contracts Player Contracts Team 2026 2027 2028 2029 2030 St George Illawarra Dragons ✔ Stats 2026 Stats Round Opp P T G MINS AR ARM LB LBA TA OL TK MT TB KM 40/20 PE ER TOTALS 15 4 1 0 531 108 996 0 0 0 7 354 22 9 0 0 3 1 1 4 1 0 44 10 64 0 0 0 0 32 2 0 0 0 0 0 2 0 0 0 44 11 106 0 0 0 0 23 6 2 0 0 1 0 3 0 0 0 49 14 155 0 0 0 2 28 1 2 0 0 0 0 4 0 0 0 53 10 90 0 0 0 1 30 1 0 0 0 0 0 5 0 0 0 55 8 82 0 0 0 0 32 3 "
"sti","St George Illawarra Dragons","Damien Cook","Hooker","1","player_specific_contract_candidate","couriermail.com.au","false","false","false","contract_or_salary_language|signing_language|term_length_language","bing-news-rss","Fri, 08 May 2026 06:39:00 GMT","Damien Cook to leave Dragons after 2026 season for Super League move","https://www.couriermail.com.au/sport/nrl/damien-cook-to-leave-dragons-after-2026-season-for-super-league-move/news-story/bc949f0b304796ebbecfd02415c945b7","It is understood Cook has inked a two-year deal to join the Tigers from next season. He informed the Dragons of his decision on Friday afternoon. It means Cook will reunite with former Dragons ..."
"sti","St George Illawarra Dragons","Damien Cook","Hooker","2","player_specific_contract_candidate","theaustralian.com.au","false","false","false","contract_or_salary_language|term_length_language","bing-news-rss","Wed, 25 Mar 2026 17:00:00 GMT","NRL Market Watch: Damien Cook to sign one-year Dragons extension for swansong season","https://www.theaustralian.com.au/sport/nrl/nrl-market-watch-premiership-panther-luke-garner-set-for-upgrade-sharks-workhorse-resigns/news-story/54a0f3ea7569408f32f643fbec926a8f","Code Sports can reveal Cook is on the verge of inking a one-year deal in a boost for the Dragons ahead of Sunday's clash against the Titans at Cbus Super Stadium. The Dragons and Cook's management are ..."
"sti","St George Illawarra Dragons","Damien Cook","Hooker","3","player_specific_contract_candidate","theaustralian.com.au","false","false","false","contract_or_salary_language|signing_language","bing-news-rss","Fri, 30 Jan 2026 10:08:00 GMT","Jack Bird's Wests Tigers exit confirmed, Dragons open contract talks with Damien Cook","https://www.theaustralian.com.au/sport/nrl/dragons-open-negotiations-with-damien-cook-as-team-seeks-to-snap-finals-drought/news-story/94061ed9c3d55d3dee396f24151ea842","Bird, who was reported by this masthead to have been close to linking a deal in England will join former Eels coach Brad Arthur for their 2026 season. The former premiership winner was initially ..."
"sti","St George Illawarra Dragons","Damien Cook","Hooker","4","player_specific_contract_candidate","au.sports.yahoo.com","false","false","false","contract_or_salary_language|term_language","bing-news-rss","Thu, 07 May 2026 17:00:00 GMT","Damien Cook makes shock contract call","https://au.sports.yahoo.com/damien-cook-makes-shock-contract-020835001.html","St George Illawarra Dragons dummy half will leave the club at the end of 2026, bound for the English Super League. Cook, who was in negotiatgions with the Dragons previously, was forced to sit and ..."
"sti","St George Illawarra Dragons","Damien Cook","Hooker","5","player_specific_contract_candidate","goldcoastbulletin.com.au","false","false","false","contract_or_salary_language","bing-news-rss","Fri, 30 Jan 2026 10:18:00 GMT","Jack Bird's Wests Tigers exit confirmed, Dragons open contract talks with Damien Cook","https://www.goldcoastbulletin.com.au/sport/nrl/dragons-open-negotiations-with-damien-cook-as-team-seeks-to-snap-finals-drought/news-story/94061ed9c3d55d3dee396f24151ea842","Wests Tigers star Jack Bird has officially played his last game for the club, signing with a Super League side, while the Dragons have opened up contract negotiations with star hooker Damien Cook."
"sti","St George Illawarra Dragons","Damien Cook","Hooker","6","player_specific_profile_candidate","smh.com.au","false","false","false","","bing-news-rss","Sat, 16 May 2026 08:00:00 GMT","'I wanted to stay': Damien Cook's pain over Dragons exit","https://www.smh.com.au/sport/nrl/i-wanted-to-stay-damien-cook-s-pain-over-dragons-exit-20260515-p5zxap.html","You have reached your maximum number of saved items. Remove items from your saved list to add more. Veteran hooker Damien Cook admits he was ""filthy"" to discover that he was no longer wanted at St ..."
"sti","St George Illawarra Dragons","Damien Cook","Hooker","7","player_specific_contract_candidate","zerotackle.com","false","false","true","contract_or_signing_language|contract_table","zerotackle-direct-player-profile","","Damien Cook (St George Illawarra) - NRL Stats, News, Contract &amp; Player Profile - Zero Tackle","https://www.zerotackle.com/players/damien-cook/","Player Contracts Player Contracts Team 2026 2027 2028 2029 2030 St George Illawarra Dragons $600K Castleford Tigers ✔ ✔ Stats 2026 Stats Round Opp P T G MINS AR ARM LB LBA TA OL TK MT TB KM 40/20 PE ER TOTALS 16 8 2 0 1116 102 992 1 2 3 2 667 25 28 126 0 6 5 1 0 0 0 90 9 89 0 0 1 1 70 2 4 9 0 0 0 2 0 0 0 71 6 54 0 0 0 0 53 3 0 52 0 0 1 3 0 0 0 55 4 42 0 0 0 0 35 2 0 0 0 0 0 4 4 1 0 70 11 73 0 0 0 0 43 1 5 0 0 1 1 5 0"
"sti","St George Illawarra Dragons","Toby Couchman","Prop","1","player_specific_contract_candidate","zerotackle.com","false","false","true","contract_or_signing_language|contract_table","zerotackle-direct-player-profile","","Toby Couchman (St George Illawarra) - NRL Stats, News, Contract &amp; Player Profile - Zero Tackle","https://www.zerotackle.com/players/toby-couchman/","Player Contracts Player Contracts Team 2026 2027 2028 2029 2030 St George Illawarra Dragons ✔ ✔ Stats 2026 Stats Round Opp P T G MINS AR ARM LB LBA TA OL TK MT TB KM 40/20 PE ER TOTALS 15 0 0 0 908 220 2172 0 1 1 15 608 21 27 0 0 2 3 1 0 0 0 66 18 177 0 0 0 0 40 1 2 0 0 1 0 2 0 0 0 42 8 91 0 0 0 0 33 3 0 0 0 0 1 3 0 0 0 32 11 116 0 0 0 0 21 0 1 0 0 0 0 5 0 0 0 58 13 142 0 0 0 1 38 2 3 0 0 0 0 6 0 0 0 65 11 101 0 0 0 "
"sti","St George Illawarra Dragons","Luciano Leilua","2nd Row","1","player_specific_salary_candidate","ntnews.com.au","false","false","false","money|contract_or_salary_language","bing-news-rss","Wed, 20 Oct 2021 11:44:00 GMT","NRL transfer news: Luciano Leilua price tag to hit $3 million as Wests Tigers hesitate on big deal","https://www.ntnews.com.au/sport/nrl/nrl-transfer-news-wests-tigers-eye-api-koroisau-as-josh-hodgson-move-stalls/news-story/acda014827cb955d78a2bc1c7c786275","Wests Tigers forward Luciano Leilua has been waiting 10 weeks for Wests Tigers to nail down a contract upgrade, yet time is almost up on re-signing the big Samoan. Due to a series of delays, Wests ..."
"sti","St George Illawarra Dragons","Luciano Leilua","2nd Row","2","player_specific_contract_candidate","theaustralian.com.au","false","false","false","contract_or_salary_language|signing_language","bing-news-rss","Mon, 06 Jul 2026 01:22:00 GMT","Warriors reward veteran half with contract extension; Dragons star Luciano Leilua quits NRL","https://www.theaustralian.com.au/sport/nrl/luciano-leilua-quits-nrl-as-dragons-massive-roster-overhaul-continues/news-story/de58edb5ea1fac9f5d36c141faa5bc96","The NRL's growing departure lounge to the Super League continues with Dragons back-rower Luciano Leilua the latest to secure a long-term deal to join Catalans Dragons."
"sti","St George Illawarra Dragons","Luciano Leilua","2nd Row","3","player_specific_contract_candidate","townsvillebulletin.com.au","false","false","false","contract_or_salary_language|signing_language","bing-news-rss","Sun, 05 Jul 2026 05:59:00 GMT","Luciano Leilua quits NRL as Dragons' massive roster overhaul continues","https://www.townsvillebulletin.com.au/sport/nrl/luciano-leilua-quits-nrl-as-dragons-massive-roster-overhaul-continues/news-story/de58edb5ea1fac9f5d36c141faa5bc96","The NRL's growing departure lounge to the Super League continues with Dragons back-rower Luciano Leilua the latest to secure a long-term deal to join Catalans Dragons."
"sti","St George Illawarra Dragons","Luciano Leilua","2nd Row","4","player_specific_contract_candidate","dailytelegraph.com.au","false","false","false","contract_or_salary_language","bing-news-rss","Sun, 05 Jul 2026 14:22:00 GMT","Warriors reward veteran half with contract extension; Dragons star Luciano Leilua quits NRL","https://www.dailytelegraph.com.au/sport/nrl/luciano-leilua-quits-nrl-as-dragons-massive-roster-overhaul-continues/news-story/de58edb5ea1fac9f5d36c141faa5bc96","The Warriors have rewarded halfback Te Maire Martin for sustaining the club's march to the finals despite injury adversity in their halves."
"sti","St George Illawarra Dragons","Luciano Leilua","2nd Row","5","player_specific_contract_candidate","au.sports.yahoo.com","false","false","false","term_language","bing-news-rss","Sun, 05 Jul 2026 17:43:00 GMT","Luciano Leilua to leave Dragons as next move revealed","https://au.sports.yahoo.com/luciano-leilua-leave-dragons-next-004453052.html","Luciano Leilua will depart the St George Illawarra Dragons at the end of the 2026 season after securing a move to the Super League with the Catalans Dragons from 2027. The forward becomes the fifth ..."
"sti","St George Illawarra Dragons","Luciano Leilua","2nd Row","6","player_specific_contract_candidate","themercury.com.au","false","false","false","contract_or_salary_language","bing-news-rss","Mon, 18 Nov 2019 05:24:00 GMT","St George Illawarra Dragons lose Luciano Leilua to Wests Tigers","https://www.themercury.com.au/sport/nrl/st-george-illawarra-dragons-lose-luciano-leilua-to-wests-tigers/news-story/3376476531ec8f97cf9a986389113907","Latrell Mitchell isn't the only player on the Wests Tigers' radar with the club raiding rivals St George Illawarra to sign one of their star players on a multi-year deal. As the club continues its ..."
"sti","St George Illawarra Dragons","Luciano Leilua","2nd Row","7","player_specific_profile_candidate","news.com.au","false","false","false","","bing-news-rss","Fri, 12 Jun 2026 03:39:00 GMT","Dumped Dragons star Luciano Leilua hands in request to leave club","https://www.news.com.au/sport/nrl/dumped-dragons-star-luciano-leilua-hands-in-request-to-leave-club/news-story/d1e9920493fa03a7131e269d1dd042b5","Nine Newspapers reported the development, with Leilua was so frustrated by his lack of playing minutes for the last-placed Red V that he asked interim coach Dean Young to drop him to NSW Cup. Watch ..."
"sti","St George Illawarra Dragons","Luciano Leilua","2nd Row","8","player_specific_profile_candidate","au.sports.yahoo.com","false","false","false","","bing-news-rss","Wed, 17 Jun 2026 17:00:00 GMT","Luciano Leilua shopped to new NRL rival","https://au.sports.yahoo.com/luciano-leilua-shopped-nrl-rival-203235528.html","St George Illawarra Dragons second-rower Luciano Leilua has been shopped to the Brisbane Broncos as he continues looking for a way out of the Red V. The Dragons second-rower, who played NSW Cup ..."
"sti","St George Illawarra Dragons","Luciano Leilua","2nd Row","9","player_specific_contract_candidate","zerotackle.com","false","false","true","contract_or_signing_language|contract_table","zerotackle-direct-player-profile","","Luciano Leilua (St George Illawarra) - NRL Stats, News, Contract &amp; Player Profile - Zero Tackle","https://www.zerotackle.com/players/luciano-leilua/","Player Contracts Player Contracts Team 2026 2027 2028 2029 2030 St George Illawarra Dragons $775K Stats 2026 Stats Round Opp P T G MINS AR ARM LB LBA TA OL TK MT TB KM 40/20 PE ER TOTALS 14 8 2 0 699 166 1544 3 3 0 10 306 23 32 37 0 5 9 1 0 0 0 69 14 115 0 0 0 0 34 2 1 0 0 2 0 2 0 0 0 67 15 142 0 0 0 0 25 2 3 0 0 1 0 3 4 1 0 62 16 147 1 0 0 2 31 7 5 0 0 0 2 4 0 0 0 80 21 199 0 0 0 1 24 4 1 0 0 0 1 5 0 0 0 80 20 241 1"
"sti","St George Illawarra Dragons","Jaydn Su'A","2nd Row","1","player_specific_salary_candidate","couriermail.com.au","false","false","false","money|contract_or_salary_language","bing-news-rss","Thu, 30 Apr 2026 12:04:00 GMT","Inside the secret NRL clauses driving player moves and contract stand-offs","https://www.couriermail.com.au/sport/nrl/inside-the-secret-nrl-clauses-driving-player-moves-and-contract-standoffs/news-story/8c186c8f280041c8caa18ad76bfbf207","The devil in the detail that has opened the door for Jarome Luai and Jaydn Su'A to leave their teams, and has the Wests Tigers in a $100,000 stand-off over fullback Jahream Bula's short-term future."
"sti","St George Illawarra Dragons","Jaydn Su'A","2nd Row","2","player_specific_salary_candidate","theaustralian.com.au","false","false","false","money|contract_or_salary_language","bing-news-rss","Thu, 30 Apr 2026 12:04:00 GMT","Inside the secret NRL clauses driving player moves and contract stand-offs","https://www.theaustralian.com.au/sport/nrl/inside-the-secret-nrl-clauses-driving-player-moves-and-contract-standoffs/news-story/8c186c8f280041c8caa18ad76bfbf207","The devil in the detail that has opened the door for Jarome Luai and Jaydn Su'A to leave their teams, and has the Wests Tigers in a $100,000 stand-off over fullback Jahream Bula's short-term future."
"sti","St George Illawarra Dragons","Jaydn Su'A","2nd Row","3","player_specific_contract_candidate","theaustralian.com.au","false","false","false","contract_or_salary_language|signing_language","bing-news-rss","Fri, 10 Apr 2026 17:00:00 GMT","Jaydn Su'A set to quit Dragons to join Parramatta in bombshell transfer","https://www.theaustralian.com.au/sport/nrl/jaydn-sua-set-to-quit-dragons-a-year-early-to-join-parramatta-in-bombshell-transfer/news-story/4eea3f36f075499866a2833f6f3f6237","Su'A has an option in his contract at the Dragons for next season and the club was in discussions over a potential extension that would have kept him in Wollongong. However, it is understood the Eels ..."
"sti","St George Illawarra Dragons","Jaydn Su'A","2nd Row","4","player_specific_profile_candidate","dailytelegraph.com.au","false","false","false","","bing-news-rss","Fri, 22 May 2026 07:37:00 GMT","NRL Late Mail Round 12: Jaydn Su'A suffers calf injury, Jacob Kiraz to move to fullback","https://www.dailytelegraph.com.au/sport/nrl/supercoach-news/nrl-late-mail-round-12-dolphins-blow-as-herbie-farnworth-ruled-out-with-tightness/news-story/77cb12186029436e1a17fd975af3b876","Jaydn Su'A looks set for another long-term stint on the sidelines - with a fresh injury coming immediately on the back of a lengthy suspension. Plus, Jacob Kiraz returns in a new role for the Dogs. Su ..."
"sti","St George Illawarra Dragons","Jaydn Su'A","2nd Row","5","player_specific_contract_candidate","zerotackle.com","false","false","true","contract_or_signing_language|contract_table","zerotackle-direct-player-profile","","Jaydn Su&#039;A (St George Illawarra) - NRL Stats, News, Contract &amp; Player Profile - Zero Tackle","https://www.zerotackle.com/players/jaydn-sua/","Player Contracts Player Contracts Team 2026 2027 2028 2029 2030 St George Illawarra Dragons $700K Parramatta Eels ✔ ✔ ✔ Stats 2026 Stats Round Opp P T G MINS AR ARM LB LBA TA OL TK MT TB KM 40/20 PE ER TOTALS 8 4 1 0 565 113 936 2 0 0 22 227 21 14 0 0 4 4 1 0 0 0 90 12 102 0 0 0 5 31 2 1 0 0 0 0 2 0 0 0 80 19 175 0 0 0 3 35 3 3 0 0 0 2 3 4 1 0 80 16 144 2 0 0 3 36 4 2 0 0 0 0 4 0 0 0 80 16 126 0 0 0 1 37 2 3 0 0 1 1 "
"sti","St George Illawarra Dragons","Hamish Stewart","Lock","1","player_specific_contract_candidate","dragons.com.au","true","false","false","contract_or_signing_language|term_language|term_length_language","official-club-signings-topic","2026-05-14T08:15:31+00:00","Dragons secure Luke Metcalf through 2029","https://www.dragons.com.au/news/2026/05/14/dragons-secure-luke-metcalf-through-2029/","Title: Dragons secure Luke Metcalf through 2029 URL Source: https://www.dragons.com.au/news/2026/05/14/dragons-secure-luke-metcalf-through-2029/ Published Time: 2026-05-14T08:15:31+00:00 Markdown Content: [Skip to main content](https://www.dragons.com.au/news/2026/05/14/dragons-secure-luke-metcalf-through-2029/#main-content) ## Main [![Image 1: dragons logo](https://www.dragons.com.au/globalassets/.lookups/themes/dragons-badge-navigation1.svg)![Image 2: dragons logo](https://www.dragons.com.au/globalassets/.lookups/themes/dragons-navigation-mobile1.svg)](https://www.dragons.com.au/) [](https://www.dragons.com.au/search/) * [News](https://www.dragons.com.au/news/) * [Videos](https://www.drago"
"sti","St George Illawarra Dragons","Hamish Stewart","Lock","2","player_specific_profile_candidate","dragons.com.au","true","false","false","","official-club-signings-topic","","Signings Hamish Stewart re-signs with Dragons until end of '","https://www.dragons.com.au/news/2025/10/31/hamish-stewart-re-signs-with-dragons-until-end-of-29/","RateLimitTriggeredError: Per IP rate limit exceeded"
"sti","St George Illawarra Dragons","Hamish Stewart","Lock","3","player_specific_contract_candidate","zerotackle.com","false","false","true","contract_or_signing_language|contract_table","zerotackle-direct-player-profile","","Hamish Stewart (St George Illawarra) - NRL Stats, News, Contract &amp; Player Profile - Zero Tackle","https://www.zerotackle.com/players/hamish-stewart/","Player Contracts Player Contracts Team 2026 2027 2028 2029 2030 St George Illawarra Dragons ✔ ✔ ✔ ✔ Stats 2026 Stats Round Opp P T G MINS AR ARM LB LBA TA OL TK MT TB KM 40/20 PE ER TOTALS 16 8 2 0 1089 180 1552 2 3 4 13 690 27 14 33 0 6 15 1 0 0 0 67 9 76 0 0 0 0 46 4 0 0 0 1 0 2 0 0 0 48 7 73 1 0 0 0 34 4 0 0 0 0 0 3 0 0 0 58 12 116 0 0 0 0 42 1 0 0 0 0 0 4 0 0 0 58 18 136 0 0 1 2 44 0 2 0 0 0 1 5 0 0 0 66 14 123 0"
"sti","St George Illawarra Dragons","Jacob Liddle","Interchange","1","player_specific_profile_candidate","dragons.com.au","true","false","false","","official-club-signings-topic","","Signings Jacob Liddle extends with Dragons for three years","https://www.dragons.com.au/news/2025/06/11/jacob-liddle-extends-with-dragons-for-three-years/","RateLimitTriggeredError: Per IP rate limit exceeded"
"sti","St George Illawarra Dragons","Jacob Liddle","Interchange","2","player_specific_contract_candidate","zerotackle.com","false","false","true","contract_or_signing_language|contract_table","zerotackle-direct-player-profile","","Jacob Liddle (St George Illawarra) - NRL Stats, News, Contract &amp; Player Profile - Zero Tackle","https://www.zerotackle.com/players/jacob-liddle/","Player Contracts Player Contracts Team 2026 2027 2028 2029 2030 St George Illawarra Dragons ✔ ✔ ✔ Stats 2026 Stats Round Opp P T G MINS AR ARM LB LBA TA OL TK MT TB KM 40/20 PE ER TOTALS 8 4 1 0 256 24 236 1 1 0 5 169 5 5 0 0 3 4 3 0 0 0 25 1 3 0 0 0 0 20 0 0 0 0 0 1 4 0 0 0 40 2 17 0 0 0 1 30 1 0 0 0 1 0 5 0 0 0 22 3 37 0 1 0 1 10 0 0 0 0 1 0 6 4 1 0 46 7 68 1 0 0 0 24 1 2 0 0 0 0 14 0 0 0 21 1 3 0 0 0 1 19 1 0 0 0 "
"sti","St George Illawarra Dragons","Josh Kerr","Interchange","1","player_specific_profile_candidate","dragons.com.au","true","false","false","","official-club-signings-topic","","Dragons Dragons sign Josh Kerr from","https://www.dragons.com.au/news/2025/08/06/dragons-sign-josh-kerr-from-2026/","RateLimitTriggeredError: Per IP rate limit exceeded"
"sti","St George Illawarra Dragons","Josh Kerr","Interchange","2","player_specific_contract_candidate","zerotackle.com","false","false","true","contract_or_signing_language|contract_table","zerotackle-direct-player-profile","","Josh Kerr (St George Illawarra) - NRL Stats, News, Contract &amp; Player Profile - Zero Tackle","https://www.zerotackle.com/players/josh-kerr/","Player Contracts Player Contracts Team 2026 2027 2028 2029 2030 St George Illawarra Dragons ✔ ✔ Stats 2026 Stats Round Opp P T G MINS AR ARM LB LBA TA OL TK MT TB KM 40/20 PE ER TOTALS 16 0 0 0 322 87 784 0 0 0 9 253 24 12 0 0 1 6 1 0 0 0 24 3 27 0 0 0 0 20 0 1 0 0 0 0 2 0 0 0 29 7 67 0 0 0 1 21 2 1 0 0 0 0 3 0 0 0 21 3 27 0 0 0 0 20 3 1 0 0 0 0 4 0 0 0 22 9 86 0 0 0 0 14 0 4 0 0 0 0 5 0 0 0 0 0 0 0 0 0 0 0 0 0 0 0 0"
"sti","St George Illawarra Dragons","Dylan Egan","Interchange","1","player_specific_contract_candidate","dragons.com.au","true","false","false","contract_or_signing_language|term_language|term_length_language","official-club-signings-topic","2026-05-14T08:15:31+00:00","Dragons secure Luke Metcalf through 2029","https://www.dragons.com.au/news/2026/05/14/dragons-secure-luke-metcalf-through-2029/","Title: Dragons secure Luke Metcalf through 2029 URL Source: https://www.dragons.com.au/news/2026/05/14/dragons-secure-luke-metcalf-through-2029/ Published Time: 2026-05-14T08:15:31+00:00 Markdown Content: [Skip to main content](https://www.dragons.com.au/news/2026/05/14/dragons-secure-luke-metcalf-through-2029/#main-content) ## Main [![Image 1: dragons logo](https://www.dragons.com.au/globalassets/.lookups/themes/dragons-badge-navigation1.svg)![Image 2: dragons logo](https://www.dragons.com.au/globalassets/.lookups/themes/dragons-navigation-mobile1.svg)](https://www.dragons.com.au/) [](https://www.dragons.com.au/search/) * [News](https://www.dragons.com.au/news/) * [Videos](https://www.drago"
"sti","St George Illawarra Dragons","Dylan Egan","Interchange","2","player_specific_profile_candidate","dragons.com.au","true","false","false","","official-club-signings-topic","","Signings Eagle Has Landed – Dylan Egan extends through","https://www.dragons.com.au/news/2026/03/18/eagle-has-landed--dylan-egan-extends-through-2029/","RateLimitTriggeredError: Per IP rate limit exceeded"
"sti","St George Illawarra Dragons","Dylan Egan","Interchange","3","player_specific_contract_candidate","zerotackle.com","false","false","true","contract_or_signing_language|contract_table","zerotackle-direct-player-profile","","Dylan Egan (St George Illawarra) - NRL Stats, News, Contract &amp; Player Profile - Zero Tackle","https://www.zerotackle.com/players/dylan-egan/","Player Contracts Player Contracts Team 2026 2027 2028 2029 2030 St George Illawarra Dragons ✔ ✔ ✔ ✔ Stats 2026 Stats Round Opp P T G MINS AR ARM LB LBA TA OL TK MT TB KM 40/20 PE ER TOTALS 8 4 1 0 621 75 660 0 0 1 1 334 11 14 0 0 0 4 10 0 0 0 70 9 61 0 0 0 1 31 2 0 0 0 0 0 11 0 0 0 71 7 63 0 0 0 0 45 0 0 0 0 0 0 12 0 0 0 80 12 106 0 0 0 0 53 1 1 0 0 0 1 13 0 0 0 80 9 73 0 0 1 0 43 4 1 0 0 0 0 14 0 0 0 80 8 74 0 0 0 0"
"sti","St George Illawarra Dragons","Ryan Couchman","Interchange","1","player_specific_contract_candidate","zerotackle.com","false","false","true","contract_or_signing_language|contract_table","zerotackle-direct-player-profile","","Ryan Couchman (St George Illawarra) - NRL Stats, News, Contract &amp; Player Profile - Zero Tackle","https://www.zerotackle.com/players/ryan-couchman/","Player Contracts Player Contracts Team 2026 2027 2028 2029 2030 St George Illawarra Dragons ✔ ✔ Stats 2026 Stats Round Opp P T G MINS AR ARM LB LBA TA OL TK MT TB KM 40/20 PE ER TOTALS 12 0 0 0 740 164 1533 0 0 0 18 506 29 30 0 0 4 8 1 0 0 0 56 11 92 0 0 0 0 53 4 4 0 0 1 1 2 0 0 0 57 12 142 0 0 0 2 38 5 4 0 0 0 1 3 0 0 0 50 12 124 0 0 0 3 34 1 2 0 0 1 0 8 0 0 0 74 9 73 0 0 0 1 37 3 2 0 0 1 1 10 0 0 0 65 18 172 0 0 0 "
"sti","St George Illawarra Dragons","Hame Sele","Unknown","1","player_specific_contract_candidate","zerotackle.com","false","false","true","contract_or_signing_language|contract_table","zerotackle-direct-player-profile","","Hame Sele (St George Illawarra) - NRL Stats, News, Contract &amp; Player Profile - Zero Tackle","https://www.zerotackle.com/players/hame-sele/","Player Contracts Player Contracts Team 2026 2027 2028 2029 2030 St George Illawarra Dragons ✔ Stats 2026 Stats Round Opp P T G MINS AR ARM LB LBA TA OL TK MT TB KM 40/20 PE ER TOTALS 6 0 0 0 167 34 353 0 0 0 0 121 1 1 0 0 1 1 1 0 0 0 34 10 117 0 0 0 0 19 0 0 0 0 0 0 2 0 0 0 42 2 15 0 0 0 0 34 1 0 0 0 0 0 4 0 0 0 25 8 71 0 0 0 0 14 0 0 0 0 0 1 5 0 0 0 27 4 39 0 0 0 0 20 0 0 0 0 0 0 6 0 0 0 39 10 111 0 0 0 0 34 0 1 0 0"
"sti","St George Illawarra Dragons","Mat Feagai","Unknown","1","player_specific_contract_candidate","zerotackle.com","false","false","true","contract_or_signing_language|contract_table","zerotackle-direct-player-profile","","Max Feagai (Gold Coast Titans) - NRL Stats, News, Contract &amp; Player Profile - Zero Tackle","https://www.zerotackle.com/players/max-feagai/","Player Contracts Player Contracts Team 2026 2027 2028 2029 2030 Gold Coast Titans ✔ ✔ Stats 2026 Stats Round Opp P T G MINS AR ARM LB LBA TA OL TK MT TB KM 40/20 PE ER TOTALS 6 0 0 0 240 24 206 0 0 0 0 52 5 4 0 0 0 0 1 0 0 0 80 7 68 0 0 0 0 12 2 1 0 0 0 0 2 0 0 0 80 12 82 0 0 0 0 16 2 2 0 0 0 0 3 0 0 0 80 5 56 0 0 0 0 24 1 1 0 0 0 0 4 0 0 0 0 0 0 0 0 0 0 0 0 0 0 0 0 0 5 0 0 0 0 0 0 0 0 0 0 0 0 0 0 0 0 0 15 0 0 0 0 0 "
"sti","St George Illawarra Dragons","Lyhkan King-Togia","Unknown","1","player_specific_contract_candidate","zerotackle.com","false","false","true","contract_or_signing_language|contract_table","zerotackle-direct-player-profile","","Lyhkan King-Togia (St George Illawarra) - NRL Stats, News, Contract &amp; Player Profile - Zero Tackle","https://www.zerotackle.com/players/lyhkan-king-togia/","Player Contracts Player Contracts Team 2026 2027 2028 2029 2030 St George Illawarra Dragons ✔ ✔ Stats 2026 Stats Round Opp P T G MINS AR ARM LB LBA TA OL TK MT TB KM 40/20 PE ER TOTALS 12 0 0 0 179 17 103 0 0 1 1 49 5 1 219 0 0 4 1 0 0 0 0 0 0 0 0 0 0 0 0 0 0 0 0 0 2 0 0 0 0 0 0 0 0 0 0 0 0 0 0 0 0 0 3 0 0 0 0 0 0 0 0 0 0 0 0 0 0 0 0 0 4 0 0 0 19 3 15 0 0 0 0 3 1 0 0 0 0 1 5 0 0 0 80 8 60 0 0 0 0 29 3 1 103 0 0 2 10 "
"sti","St George Illawarra Dragons","Loko Pasifiki-Tonga","Unknown","1","player_specific_contract_candidate","zerotackle.com","false","false","true","contract_or_signing_language|contract_table","zerotackle-direct-player-profile","","Loko Pasifiki Tonga (St George Illawarra) - NRL Stats, News, Contract &amp; Player Profile - Zero Tackle","https://www.zerotackle.com/players/loko-pasifiki-tonga/","Player Contracts Player Contracts Team 2026 2027 2028 2029 2030 St George Illawarra Dragons ✔ ✔ Stats 2026 Stats Round Opp P T G MINS AR ARM LB LBA TA OL TK MT TB KM 40/20 PE ER TOTALS 11 0 0 0 392 111 1068 0 0 0 1 269 9 16 0 0 1 1 4 0 0 0 0 0 0 0 0 0 0 0 0 0 0 0 0 0 7 0 0 0 23 8 70 0 0 0 0 15 1 1 0 0 0 0 8 0 0 0 31 8 76 0 0 0 0 23 0 2 0 0 1 0 10 0 0 0 35 11 120 0 0 0 0 24 1 0 0 0 0 0 11 0 0 0 34 7 83 0 0 0 0 30 0 2 "
"sti","St George Illawarra Dragons","Tyrell Sloan","Unknown","1","player_specific_contract_candidate","zerotackle.com","false","false","false","contract_or_salary_language|signing_language|term_length_language","bing-news-rss","Fri, 03 Jul 2026 21:06:00 GMT","Tyrell Sloan's new contract revealed as he is set to depart Illawarra","https://www.zerotackle.com/tyrelll-sloan-new-contracted-confirmed-235516/","Tyrell Sloan's future has officially been decided, with the St George Illawarra Dragons outside back set to continue his career in the English Super League from 2027. The 24-year-old has signed a ..."
"sti","St George Illawarra Dragons","Tyrell Sloan","Unknown","2","player_specific_contract_candidate","dailytelegraph.com.au","false","false","false","term_length_language","bing-news-rss","Sat, 06 Jun 2026 04:20:00 GMT","Castleford targets Dragons star Tyrell Sloan for Super League move","https://www.dailytelegraph.com.au/sport/nrl/castleford-targets-dragons-star-tyrell-sloan-for-super-league-move/news-story/dcf9cb91c50fc000af55a2880a918211","Sloan also has interest from within the NRL, but it's the English Super League club that are eager to lure the exciting 24-year-old to the UK. Castleford are coached by former Dragons assistant coach ..."
"sti","St George Illawarra Dragons","Tyrell Sloan","Unknown","3","player_specific_contract_candidate","thechronicle.com.au","false","false","false","signing_language","bing-news-rss","Fri, 03 Jul 2026 16:26:00 GMT","Dragons speedster Tyrell Sloan set to join teammates Damien Cook and Matt Feagai in the English Super League.","https://www.thechronicle.com.au/sport/nrl/dragons-speedster-tyrell-sloan-set-to-join-teammates-damien-cook-and-matt-feagai-in-the-english-super-league/news-story/6cb6dbd308a0c4971e951460b76ea1fe","Castleford are coached by former Dragons assistant coach Ryan Carr, who has a strong relationship with Sloan. Sloan, who has scored 52 tries in 88 appearances has the potential to become a fan ..."
"sti","St George Illawarra Dragons","Tyrell Sloan","Unknown","4","player_specific_contract_candidate","zerotackle.com","false","false","true","contract_or_signing_language|contract_table","zerotackle-direct-player-profile","","Tyrell Sloan (St George Illawarra) - NRL Stats, News, Contract &amp; Player Profile - Zero Tackle","https://www.zerotackle.com/players/tyrell-sloan/","Player Contracts Player Contracts Team 2026 2027 2028 2029 2030 St George Illawarra Dragons ✔ Stats 2026 Stats Round Opp P T G MINS AR ARM LB LBA TA OL TK MT TB KM 40/20 PE ER TOTALS 12 24 6 0 662 119 917 2 2 1 6 35 8 18 28 0 1 17 4 4 1 0 80 9 75 1 0 0 1 4 1 1 0 0 1 0 5 0 0 0 0 0 0 0 0 0 0 0 0 0 0 0 0 0 6 0 0 0 80 25 195 0 1 1 2 9 1 4 0 0 0 3 7 0 0 0 80 16 96 0 0 0 0 4 2 1 8 0 0 2 8 4 1 0 80 8 47 0 1 0 1 7 1 0 20 0 0"
"sti","St George Illawarra Dragons","David Fale","Unknown","1","player_specific_profile_candidate","dragons.com.au","true","false","false","","official-club-signings-topic","","Signings David Fale signs with Red V","https://www.dragons.com.au/news/2025/10/16/david-fale-signs-with-red-v/","RateLimitTriggeredError: Per IP rate limit exceeded"
"sti","St George Illawarra Dragons","David Fale","Unknown","2","player_specific_contract_candidate","zerotackle.com","false","false","true","contract_or_signing_language|contract_table","zerotackle-direct-player-profile","","David Fale (St George Illawarra) - NRL Stats, News, Contract &amp; Player Profile - Zero Tackle","https://www.zerotackle.com/players/david-fale/","Player Contracts Player Contracts Team 2026 2027 2028 2029 2030 St George Illawarra Dragons ✔ ✔ Stats 2026 Stats Round Opp P T G MINS AR ARM LB LBA TA OL TK MT TB KM 40/20 PE ER TOTALS 2 0 0 0 141 30 275 1 0 0 1 8 2 5 0 0 1 0 5 0 0 0 80 15 121 0 0 0 0 3 1 4 0 0 1 0 7 0 0 0 61 15 154 1 0 0 1 5 1 1 0 0 0 0 Latest NRL News Liddle's return delayed as Dragons brace for anxious wait on Reed Kye Ferreira - May 14, 2026 Inju"
"sti","St George Illawarra Dragons","Blake Lawrie","Unknown","1","player_specific_contract_candidate","weeklytimesnow.com.au","false","false","false","contract_or_salary_language|signing_language","bing-news-rss","Wed, 23 Feb 2022 09:07:00 GMT","Blake Lawrie becomes first BBQ Covid-19 breacher to re-sign with St. George Illawarra Dragons","https://www.weeklytimesnow.com.au/news/blake-lawrie-becomes-first-bbq-covid19-breacher-to-resign-with-st-george-illawarra-dragons/news-story/a581678c407ae28b62469e3adaa227d4","Blake Lawrie has become the first player embroiled in last year's barbecue Covid-19 breach to re-sign with the St. George Illawarra Dragons. A local junior, Lawrie has signed a contract extension that ..."
"sti","St George Illawarra Dragons","Blake Lawrie","Unknown","2","player_specific_contract_candidate","zerotackle.com","false","false","true","contract_or_signing_language|contract_table","zerotackle-direct-player-profile","","Blake Lawrie (St George Illawarra) - NRL Stats, News, Contract &amp; Player Profile - Zero Tackle","https://www.zerotackle.com/players/blake-lawrie/","Player Contracts Player Contracts Team 2026 2027 2028 2029 2030 St George Illawarra Dragons $600K Stats 2026 Stats Round Opp P T G MINS AR ARM LB LBA TA OL TK MT TB KM 40/20 PE ER TOTALS 14 0 0 0 282 81 757 0 0 0 0 186 13 0 0 0 1 1 1 0 0 0 0 0 0 0 0 0 0 0 0 0 0 0 0 0 2 0 0 0 0 0 0 0 0 0 0 0 0 0 0 0 0 0 3 0 0 0 37 15 141 0 0 0 0 22 4 0 0 0 0 0 4 0 0 0 51 12 118 0 0 0 0 34 1 0 0 0 0 0 5 0 0 0 26 5 48 0 0 0 0 22 3 0 0 0"
"sti","St George Illawarra Dragons","Hayden Buchanan","Unknown","1","player_specific_contract_candidate","zerotackle.com","false","false","true","contract_or_signing_language|contract_table","zerotackle-direct-player-profile","","Hayden Buchanan (St George Illawarra) - NRL Stats, News, Contract &amp; Player Profile - Zero Tackle","https://www.zerotackle.com/players/hayden-buchanan/","Player Contracts Player Contracts Team 2026 2027 2028 2029 2030 St George Illawarra Dragons ✔ ✔ Stats 2026 Stats Round Opp P T G MINS AR ARM LB LBA TA OL TK MT TB KM 40/20 PE ER TOTALS 4 0 0 0 127 20 148 0 0 0 0 19 5 3 0 0 1 1 4 0 0 0 80 13 93 0 0 0 0 12 4 1 0 0 1 0 8 0 0 0 0 0 0 0 0 0 0 0 0 0 0 0 0 0 11 0 0 0 29 5 39 0 0 0 0 6 0 2 0 0 0 0 12 0 0 0 18 2 16 0 0 0 0 1 1 0 0 0 0 1 Latest NRL News Dragons provide injury "
"sti","St George Illawarra Dragons","Jacob Halangahu","Unknown","1","player_specific_contract_candidate","zerotackle.com","false","false","true","contract_or_signing_language|contract_table","zerotackle-direct-player-profile","","Jacob Halangahu (St George Illawarra) - NRL Stats, News, Contract &amp; Player Profile - Zero Tackle","https://www.zerotackle.com/players/jacob-halangahu/","Player Contracts Player Contracts Team 2026 2027 2028 2029 2030 St George Illawarra Dragons ✔ ✔ Stats 2026 Stats Round Opp P T G MINS AR ARM LB LBA TA OL TK MT TB KM 40/20 PE ER TOTALS 7 0 0 0 98 15 122 0 0 0 0 56 3 1 0 0 0 0 4 0 0 0 0 0 0 0 0 0 0 0 0 0 0 0 0 0 5 0 0 0 22 4 33 0 0 0 0 15 1 1 0 0 0 0 7 0 0 0 19 2 17 0 0 0 0 8 0 0 0 0 0 0 8 0 0 0 14 1 4 0 0 0 0 4 0 0 0 0 0 0 10 0 0 0 17 4 33 0 0 0 0 5 1 0 0 0 0 0 17 0 "
"sti","St George Illawarra Dragons","Leeroy Weatherall","Unknown","1","player_specific_contract_candidate","zerotackle.com","false","false","true","contract_or_signing_language|contract_table","zerotackle-direct-player-profile","","Leeroy Weatherall (St George Illawarra) - NRL Stats, News, Contract &amp; Player Profile - Zero Tackle","https://www.zerotackle.com/players/leeroy-weatherall/","Player Contracts Player Contracts Team 2026 2027 2028 2029 2030 St George Illawarra Dragons ✔ Stats No posts to display Latest News FULL TIME: Storm vs Titans &#8211; Round 19, 2026 July 12, 2026 FULL TIME: Sea Eagles vs Cowboys &#8211; Round 19, 2026 July 12, 2026 FINAL TEAMS: Storm vs Titans &#8211; Round 19, 2026 July 12, 2026 FULL TIME: Rabbitohs vs Knights &#8211; Round 19, 2026 July 12, 2026 Bronson Xerri revea"
"sti","St George Illawarra Dragons","Nathan Lawson","Unknown","1","player_specific_contract_candidate","zerotackle.com","false","false","true","contract_or_signing_language|contract_table","zerotackle-direct-player-profile","","Nathan Lawson (St George Illawarra) - NRL Stats, News, Contract &amp; Player Profile - Zero Tackle","https://www.zerotackle.com/players/nathan-lawson/","Player Contracts Player Contracts Team 2026 2027 2028 2029 2030 St George Illawarra Dragons ✔ Stats 2026 Stats Round Opp P T G MINS AR ARM LB LBA TA OL TK MT TB KM 40/20 PE ER TOTALS 1 0 0 0 0 0 0 0 0 0 0 0 0 0 0 0 0 0 14 0 0 0 0 0 0 0 0 0 0 0 0 0 0 0 0 0 Latest NRL News Roosters set to sign two-time Olympian rugby star Leo Twemlow - June 25, 2026 NRL Editorial and Opinion Where could each off-contract Dragons player"
"sti","St George Illawarra Dragons","Nick Tsougranis","Unknown","1","player_specific_profile_candidate","dragons.com.au","true","false","false","","official-club-signings-topic","","Dragons Dragons extend Nick Tsougranis through to","https://www.dragons.com.au/news/2025/07/01/dragons-extend-nick-tsougranis-through-to-2027/","RateLimitTriggeredError: Per IP rate limit exceeded"
"sti","St George Illawarra Dragons","Nick Tsougranis","Unknown","2","player_specific_contract_candidate","zerotackle.com","false","false","true","contract_or_signing_language|contract_table","zerotackle-direct-player-profile","","Nick Tsougranis (St George Illawarra) - NRL Stats, News, Contract &amp; Player Profile - Zero Tackle","https://www.zerotackle.com/players/nick-tsougranis/","Player Contracts Player Contracts Team 2026 2027 2028 2029 2030 St George Illawarra Dragons ✔ ✔ Stats Latest NRL News Liddle's return delayed as Dragons brace for anxious wait on Reed Kye Ferreira - May 14, 2026 Latest NRL News Dragons confirm return timeline for Jaydn Su'A, three others Scott Pryde - July 30, 2025 Nick Tsougranis Dragons add another to injury ward, season over for forward Scott Pryde - July 29, 2025"
"syd","Sydney Roosters","James Tedesco","Fullback","1","player_specific_salary_candidate","adelaidenow.com.au","false","false","false","money","bing-news-rss","Sat, 27 Jun 2026 16:52:00 GMT","The $6m men: Eye-watering numbers set to make Luke Keary and James Tedesco Roosters for life","https://www.adelaidenow.com.au/sport/nrl/nrl-2020-luke-keary-james-tedesco-sydney-roosters-contract-signing-trent-robinson-nick-politis/news-story/a19541101503b51a376481ae6390f827","The Roosters are set to lock up star duo Luke Keary and James Tedesco on monster contracts to ensure they remain at the Tri-colours for the rest of their careers. Any hope the Roosters era of ..."
"syd","Sydney Roosters","James Tedesco","Fullback","2","player_specific_contract_candidate","townsvillebulletin.com.au","false","false","false","contract_or_salary_language|term_language|term_length_language","bing-news-rss","Sun, 07 Jun 2026 03:33:00 GMT","NRL signing news: Sydney Roosters star James Tedesco extends contract","https://www.townsvillebulletin.com.au/sport/nrl/nrl-signing-news-sydney-roosters-star-james-tedesco-extends-contract/news-story/774156380936920dce85b00d2f384049","The Blues and Kangaroos fullback has committed his future to the tricolours after signing a new three-year deal that will keep him at the club until the end of 2024. The Daily Telegraph's Phil ..."
"syd","Sydney Roosters","James Tedesco","Fullback","3","player_specific_contract_candidate","cairnspost.com.au","false","false","false","contract_or_salary_language|term_length_language","bing-news-rss","Thu, 04 May 2017 03:48:00 GMT","Sydney Roosters announce James Tedesco's four-year contract","https://www.cairnspost.com.au/sport/nrl/teams/tigers/sydney-roosters-announce-james-tedescos-fouryear-contract/news-story/b831a9ce5196179f8c78cb20bbf9271a","The Tigers released a statement this morning regarding Tedesco at the same time as the Roosters announced a four-year deal with Tedesco. Tedesco's management informed the Tigers that he will be ..."
"syd","Sydney Roosters","James Tedesco","Fullback","4","player_specific_contract_candidate","themercury.com.au","false","false","false","contract_or_salary_language|signing_language","bing-news-rss","Sat, 12 Sep 2020 14:59:00 GMT","James Tedesco's monster Roosters deal revealed","https://www.themercury.com.au/sport/james-tedescos-monster-roosters-deal-revealed/news-story/f347515776ec52437ae59de1374ebed4","The champion fullback will join the likes of Manly's Kangaroos half Daly Cherry-Evans and Gold Coast Titans recruit David Fifita as the highest paid players in the NRL. It comes a fortnight after the ..."
"syd","Sydney Roosters","James Tedesco","Fullback","5","player_specific_contract_candidate","ntnews.com.au","false","false","false","contract_or_salary_language","bing-news-rss","Wed, 15 Feb 2017 11:30:00 GMT","James Tedesco set to sign NRL contract extension with Wests Tigers","https://www.ntnews.com.au/sport/nrl/james-tedesco-set-to-sign-nrl-contract-extension-with-wests-tigers/news-story/3f378140b39d1df6f9de7d12174d7cb6","THE first piece in the Wests Tigers' salary cap jigsaw is set to fall into place with the club tantalisingly close to re-signing James Tedesco to a long-term deal. Tedesco is poised to sign a ..."
"syd","Sydney Roosters","James Tedesco","Fullback","6","player_specific_contract_candidate","goldcoastbulletin.com.au","false","false","false","contract_or_salary_language","bing-news-rss","Sun, 01 Mar 2020 07:00:00 GMT","Sydney Roosters to lock down James Tedesco with a huge new contract","https://www.goldcoastbulletin.com.au/sport/sydney-roosters-to-lock-down-james-tedesco-with-a-huge-new-contract/news-story/594000f30d374b3894873d61d86a82df","After all the medals and accolades he has collected over the past year, it is no surprise that the Sydney Roosters will offer James Tedesco a new contract that will make him the richest man in the NRL ..."
"syd","Sydney Roosters","James Tedesco","Fullback","7","player_specific_profile_candidate","roosters.com.au","true","false","false","","official-club-signings-topic","","Club News Roosters Skipper James Tedesco Extends","https://www.roosters.com.au/news/2024/12/06/roosters-skipper-james-tedesco-extends/","RateLimitTriggeredError: Per IP rate limit exceeded"
"syd","Sydney Roosters","James Tedesco","Fullback","8","player_specific_contract_candidate","zerotackle.com","false","false","true","contract_or_signing_language|contract_table","zerotackle-direct-player-profile","","James Tedesco (Sydney Roosters) - NRL Stats, News, Contract &amp; Player Profile - Zero Tackle","https://www.zerotackle.com/players/james-tedesco/","Player Contracts Player Contracts Team 2026 2027 2028 2029 2030 Sydney Roosters $1.1M ✔ Stats 2026 Stats Round Opp P T G MINS AR ARM LB LBA TA OL TK MT TB KM 40/20 PE ER TOTALS 17 28 7 0 1319 349 3349 12 8 10 25 48 14 83 166 0 3 15 1 4 1 0 80 19 186 1 0 1 3 2 2 11 0 0 0 1 2 4 1 0 80 15 175 1 0 0 1 1 0 4 0 0 0 0 3 0 0 0 80 19 178 1 1 0 2 5 1 6 19 0 1 3 4 0 0 0 80 25 229 0 0 0 1 1 2 2 14 0 0 1 6 0 0 0 80 23 287 2 0 0 2"
"syd","Sydney Roosters","Daniel Tupou","Winger","1","player_specific_contract_candidate","roosters.com.au","true","false","false","contract_or_signing_language|term_language|term_length_language","official-club-signings-topic","2025-06-26T02:02:07+00:00","NRLW Premiership-winning winger Jayme Fressard re-commits","https://www.roosters.com.au/news/2025/06/26/nrlw-premiership-winning-winger-jayme-fressard-re-commits/","Title: NRLW Premiership-winning winger Jayme Fressard re-commits URL Source: https://www.roosters.com.au/news/2025/06/26/nrlw-premiership-winning-winger-jayme-fressard-re-commits/ Published Time: 2025-06-26T02:02:07+00:00 Markdown Content: [Skip to main content](https://www.roosters.com.au/news/2025/06/26/nrlw-premiership-winning-winger-jayme-fressard-re-commits/#main-content) ## Main [![Image 1: roosters logo](https://www.roosters.com.au/.theme/roosters/badge.svg?bust=202607060241)![Image 2: roosters logo](https://www.roosters.com.au/.theme/roosters/text.svg?bust=202607060241)](https://www.roosters.com.au/) [](https://www.roosters.com.au/search/) * [News](https://www.roosters.com.au/news/) "
"syd","Sydney Roosters","Daniel Tupou","Winger","2","player_specific_profile_candidate","roosters.com.au","true","false","false","","official-club-signings-topic","","Signings Jared Waerea-Hargreaves and Daniel Tupou Extend with Roosters","https://www.roosters.com.au/news/2023/05/26/jared-waerea-hargreaves-and-daniel-tupou-extend-with-roosters/","RateLimitTriggeredError: Per IP rate limit exceeded"
"syd","Sydney Roosters","Daniel Tupou","Winger","3","player_specific_contract_candidate","zerotackle.com","false","false","true","contract_or_signing_language|contract_table","zerotackle-direct-player-profile","","Daniel Tupou (Sydney Roosters) - NRL Stats, News, Contract &amp; Player Profile - Zero Tackle","https://www.zerotackle.com/players/daniel-tupou/","Player Contracts Player Contracts Team 2026 2027 2028 2029 2030 Sydney Roosters ✔ Stats 2026 Stats Round Opp P T G MINS AR ARM LB LBA TA OL TK MT TB KM 40/20 PE ER TOTALS 11 44 11 0 800 161 1794 8 0 2 7 17 6 22 11 0 0 12 1 0 0 0 80 15 168 0 0 0 2 1 1 3 0 0 0 2 2 4 1 0 80 14 148 1 0 0 0 1 1 5 0 0 0 2 3 0 0 0 80 17 150 0 0 0 1 0 1 1 0 0 0 0 4 4 1 0 80 17 189 0 0 0 0 4 0 5 6 0 0 0 6 8 2 0 80 18 193 2 0 0 0 2 0 2 0 0 0 3"
"syd","Sydney Roosters","Billy Smith","Centre","1","player_specific_contract_candidate","zerotackle.com","false","false","true","contract_or_signing_language|contract_table","zerotackle-direct-player-profile","","Billy Smith (Sydney Roosters) - NRL Stats, News, Contract &amp; Player Profile - Zero Tackle","https://www.zerotackle.com/players/billy-smith/","Player Contracts Player Contracts Team 2026 2027 2028 2029 2030 Sydney Roosters ✔ ✔ Stats 2026 Stats Round Opp P T G MINS AR ARM LB LBA TA OL TK MT TB KM 40/20 PE ER TOTALS 8 24 6 0 601 130 1161 7 2 4 10 75 11 24 0 0 1 8 1 4 1 0 80 9 112 2 0 1 0 12 5 6 0 0 1 0 4 0 0 0 41 5 63 0 0 0 1 3 1 1 0 0 0 0 13 4 1 0 80 21 205 1 0 0 2 5 0 2 0 0 0 1 14 0 0 0 80 23 220 2 0 1 1 2 1 2 0 0 0 2 15 0 0 0 80 15 141 0 1 0 2 17 2 3 0 0 0"
"syd","Sydney Roosters","Robert Toia","Centre","1","player_specific_contract_candidate","zerotackle.com","false","false","true","contract_or_signing_language|contract_table","zerotackle-direct-player-profile","","Robert Toia (Sydney Roosters) - NRL Stats, News, Contract &amp; Player Profile - Zero Tackle","https://www.zerotackle.com/players/robert-toia/","Player Contracts Player Contracts Team 2026 2027 2028 2029 2030 Sydney Roosters ✔ ✔ ✔ ✔ Stats 2026 Stats Round Opp P T G MINS AR ARM LB LBA TA OL TK MT TB KM 40/20 PE ER TOTALS 17 40 10 0 1357 185 1751 8 9 11 9 346 48 64 6 0 2 16 2 0 0 0 80 8 95 0 1 1 0 20 5 3 0 0 0 0 3 4 1 0 77 17 167 2 0 0 1 22 4 5 0 0 0 2 4 8 2 0 80 14 130 1 2 2 0 18 7 3 0 0 0 0 6 0 0 0 80 9 82 0 0 0 0 23 1 6 0 0 1 1 7 0 0 0 80 9 105 0 0 0 1 18 2 "
"syd","Sydney Roosters","Mark Nawaqanitawase","Winger","1","player_specific_contract_candidate","theaustralian.com.au","false","false","false","contract_or_salary_language|signing_language|term_length_language","bing-news-rss","Sun, 08 Feb 2026 20:21:00 GMT","Mark Nawaqanitawase signs with Panasonic Wild Knights, seeks NRL title with Sydney Roosters before departure","https://www.theaustralian.com.au/sport/nrl/mark-nawaqanitawase-signs-with-panasonic-wild-knights-seeks-nrl-title-with-sydney-roosters-before-departure/news-story/404cfb53b4702dd9786dfd822fc34bde","The 25-year-old has signed a two-year, multimillion dollar deal to join Robbie Deans at Japan's best club in October, in a move that will make him available for the Wallabies at next year's World Cup."
"syd","Sydney Roosters","Mark Nawaqanitawase","Winger","2","player_specific_contract_candidate","au.sports.yahoo.com","false","false","false","contract_or_salary_language","bing-news-rss","Mon, 06 Jul 2026 02:08:00 GMT","Nawaqanitawase speaks after future contract speculation","https://au.sports.yahoo.com/nawaqanitawase-speaks-future-contract-speculation-090751631.html","Sydney Roosters winger Mark Nawaqanitawase has revealed he is open to the idea of returning to rugby league at the end of his rugby union deal, and that the idea of playing State of Origin again could ..."
"syd","Sydney Roosters","Mark Nawaqanitawase","Winger","3","player_specific_profile_candidate","smh.com.au","false","false","false","","bing-news-rss","Sat, 11 Jul 2026 09:00:00 GMT","Trent Robinson thought SBW's ball skills were out of this world. Then came Mark Nawaqanitawase","https://www.smh.com.au/sport/nrl/trent-robinson-thought-sbw-s-ball-skills-were-out-of-this-world-then-came-mark-nawaqanitawase-20260712-p60ele.html","The Roosters coach said Mark Nawaqanitawase had what he called the best ""ball mastery"" he'd seen since Sonny Bill Williams following another freakish performance on Saturday night."
"syd","Sydney Roosters","Mark Nawaqanitawase","Winger","4","player_specific_profile_candidate","couriermail.com.au","false","false","false","","bing-news-rss","Sun, 21 Jun 2026 14:40:00 GMT","Mark Nawaqanitawase and Ronaldo Mulitalo wage war in Sydney Roosters' 27-8 win over Cronulla","https://www.couriermail.com.au/sport/nrl/mark-nawaqanitawase-and-ronaldo-mulitalo-wage-war-in-sydney-roosters-278-win-over-cronulla/news-story/5301c07e231ad7f68f46ea39ea980a02","The Roosters skipper got through more towels than a synchronised swimming team at the Olympics as he attempted to stem the bleeding from a suspected broken nose at Allianz Stadium as his team produced ..."
"syd","Sydney Roosters","Mark Nawaqanitawase","Winger","5","player_specific_profile_candidate","couriermail.com.au","false","false","false","","bing-news-rss","Tue, 23 Jun 2026 08:59:00 GMT","Wallabies plan spring tour return for Mark Nawaqanitawase after freakish NRL performances","https://www.couriermail.com.au/sport/rugby/wallabies-plan-spring-tour-return-for-mark-nawaqanitawase-after-freakish-nrl-performances/news-story/20ecbbeb8b766bd16564934a88377a1d","Rugby's boss believes Mark Nawaqanitawase will benefit from his stint in rugby league, with a little-known aspect of the Giteau Law set to help fast-track his return to the Wallabies. Nawaqanitawase ..."
"syd","Sydney Roosters","Mark Nawaqanitawase","Winger","6","player_specific_profile_candidate","dailytelegraph.com.au","false","false","false","","bing-news-rss","Tue, 23 Jun 2026 08:59:00 GMT","Wallabies plan spring tour return for Mark Nawaqanitawase after freakish NRL performances","https://www.dailytelegraph.com.au/sport/rugby/wallabies-plan-spring-tour-return-for-mark-nawaqanitawase-after-freakish-nrl-performances/news-story/20ecbbeb8b766bd16564934a88377a1d","Nawaqanitawase has represented the Kangaroos and last week had a brilliant performance for NSW in State of Origin, as he prepares to finish the NRL season with Sydney Roosters before returning to ..."
"syd","Sydney Roosters","Mark Nawaqanitawase","Winger","7","player_specific_profile_candidate","au.sports.yahoo.com","false","false","false","","bing-news-rss","Sat, 04 Jul 2026 22:14:00 GMT","Politis reveals Roosters' future intentions for Mark Nawaqanitawase","https://au.sports.yahoo.com/politis-reveals-roosters-future-intentions-051459402.html","The Sydney Roosters have confirmed they will be chasing a return to the club for the code-hopping Mark Nawaqanitawase. The star winger played for Australia in last year's Ashes series and debuted for ..."
"syd","Sydney Roosters","Mark Nawaqanitawase","Winger","8","player_specific_profile_candidate","goldcoastbulletin.com.au","false","false","false","","bing-news-rss","Tue, 23 Jun 2026 08:59:00 GMT","Wallabies plan spring tour return for Mark Nawaqanitawase after freakish NRL performances","https://www.goldcoastbulletin.com.au/sport/rugby/wallabies-plan-spring-tour-return-for-mark-nawaqanitawase-after-freakish-nrl-performances/news-story/20ecbbeb8b766bd16564934a88377a1d","Nawaqanitawase has represented the Kangaroos and last week had a brilliant performance for NSW in State of Origin, as he prepares to finish the NRL season with Sydney Roosters before returning to ..."
"syd","Sydney Roosters","Mark Nawaqanitawase","Winger","9","player_specific_profile_candidate","ntnews.com.au","false","false","false","","bing-news-rss","Fri, 19 Jun 2026 12:00:00 GMT","'Wild couple of years': How time in NRL has Nawaqanitawase on path to become all-time dual-code great","https://www.ntnews.com.au/sport/nrl/wild-couple-of-years-how-time-in-nrl-has-nawaqanitawase-on-path-to-become-alltime-dualcode-great/news-story/f4d0e51936448508296c02108e914055","Mark Nawaqanitawase has proven he is made for the biggest stages in sport, representing Australia in the 2024 Olympics, last year's Ashes series, run out for the Wallabies, and somehow starred in one ..."
"syd","Sydney Roosters","Mark Nawaqanitawase","Winger","10","player_specific_contract_candidate","zerotackle.com","false","false","true","contract_or_signing_language|contract_table","zerotackle-direct-player-profile","","Mark Nawaqanitawase (Sydney Roosters) - NRL Stats, News, Contract &amp; Player Profile - Zero Tackle","https://www.zerotackle.com/players/mark-nawaqanitawase/","Player Contracts Player Contracts Team 2026 2027 2028 2029 2030 Sydney Roosters ✔ Stats 2026 Stats Round Opp P T G MINS AR ARM LB LBA TA OL TK MT TB KM 40/20 PE ER TOTALS 14 56 14 0 1066 231 2250 13 4 5 16 43 6 59 26 0 3 38 1 0 0 0 80 14 190 2 0 0 0 2 3 10 10 0 1 1 2 4 1 0 80 12 141 1 0 0 1 4 1 8 0 0 1 5 3 0 0 0 80 15 151 0 1 0 2 5 0 4 0 0 0 2 4 8 2 0 80 24 229 2 0 0 1 8 0 2 0 0 0 0 6 0 0 0 80 19 178 0 1 2 1 1 0 4 0 "
"syd","Sydney Roosters","Daly Cherry-Evans","Five-Eighth","1","player_specific_contract_candidate","news.com.au","false","false","false","contract_or_salary_language","bing-news-rss","Sun, 19 Apr 2015 14:00:00 GMT","Aidan Sezer won't backflip on Raiders deal amid speculation Daly Cherry-Evans will renege on Titans contract","https://www.news.com.au/sport/nrl/titans/aidan-sezer-wont-backflip-on-raiders-deal-amid-speculation-daly-cherryevans-will-renege-on-titans-contract/news-story/884255dc42f0e69c583649a20a3125c7","EXCLUSIVE: AIDAN Sezer will not reconsider his deal with Raiders in a move that will leave Titans without an playmaker should DCE backflip. Sezer pledged his allegiance to Ricky Stuart and the Raiders ..."
"syd","Sydney Roosters","Daly Cherry-Evans","Five-Eighth","2","player_specific_profile_candidate","themercury.com.au","false","false","false","contract_or_salary_language|signing_language","bing-news-rss","Sat, 12 Sep 2020 14:59:00 GMT","James Tedesco's monster Roosters deal revealed","https://www.themercury.com.au/sport/james-tedescos-monster-roosters-deal-revealed/news-story/f347515776ec52437ae59de1374ebed4","The champion fullback will join the likes of Manly's Kangaroos half Daly Cherry-Evans and Gold Coast Titans recruit David Fifita as the highest paid players in the NRL. It comes a fortnight after the ..."
"syd","Sydney Roosters","Daly Cherry-Evans","Five-Eighth","3","player_specific_profile_candidate","heraldsun.com.au","false","false","false","","bing-news-rss","Wed, 03 Jun 2015 13:47:00 GMT","Daly Cherry-Evans backflip leaves Titans and their third party partners in the lurch","https://www.heraldsun.com.au/sport/nrl/daly-cherryevans-backflip-leaves-titans-and-their-third-party-partners-in-the-lurch/news-story/c49ca0c66495958a5a6c36a7ab5772af","DALY Cherry-Evans was to become the ""king of the Gold Coast"" with the Titans signing off on third party deals less than 24 hours before the star backflipped. Proving just how shocked and blindsided ..."
"syd","Sydney Roosters","Daly Cherry-Evans","Five-Eighth","4","player_specific_profile_candidate","msn.com","false","false","false","","bing-news-rss","Sat, 04 Jul 2026 14:07:54 GMT","'Career has been a fairytale': DCE opens up on future","https://www.msn.com/en-au/sport/rugby_league/career-has-been-a-fairytale-dce-opens-up-on-future/ar-AA27daxE","Sydney Roosters veteran Daly Cherry-Evans is in no hurry to make a call on playing beyond this season as he targets helping the Tricolours go to another level."
"syd","Sydney Roosters","Daly Cherry-Evans","Five-Eighth","5","player_specific_contract_candidate","zerotackle.com","false","false","true","contract_or_signing_language|contract_table","zerotackle-direct-player-profile","","Daly Cherry-Evans (Sydney Roosters) - NRL Stats, News, Contract &amp; Player Profile - Zero Tackle","https://www.zerotackle.com/players/daly-cherry-evans/","Player Contracts Player Contracts Team 2026 2027 2028 2029 2030 Sydney Roosters ✔ Stats 2026 Stats Round Opp P T G MINS AR ARM LB LBA TA OL TK MT TB KM 40/20 PE ER TOTALS 16 17 4 0 1280 131 854 3 7 9 11 355 32 13 5516 1 3 11 1 0 0 0 80 9 58 0 1 0 1 16 1 1 129 0 0 3 2 4 1 0 80 6 51 1 0 1 0 23 5 2 412 0 0 1 3 0 0 0 80 9 56 0 0 0 2 27 1 0 154 0 0 1 4 0 0 0 80 10 78 0 1 1 1 26 1 2 542 0 0 1 6 8 2 0 80 6 49 1 0 0 0 17 1 0"
"syd","Sydney Roosters","Sam Walker","Halfback","1","player_specific_salary_candidate","theaustralian.com.au","false","false","false","money|contract_or_salary_language","bing-news-rss","Wed, 01 Jul 2026 22:32:00 GMT","Sam Walker seeking $6 million pay-day as star Rooster prepares for free agency","https://www.theaustralian.com.au/sport/nrl/sam-walker-seeking-6-million-payday-as-star-rooster-prepares-for-free-agency/news-story/0646a36ccb4ea29684de5e6cf10fe500","The Sydney Roosters are facing a $6 million battle to retain Sam Walker with Queensland's man-of-the-moment prepared to head to free agency."
"syd","Sydney Roosters","Sam Walker","Halfback","2","player_specific_salary_candidate","foxsports.com.au","false","false","false","money|contract_or_salary_language","bing-news-rss","Thu, 02 Jul 2026 13:45:00 GMT","Revealed: Sam Walker's stunning contract demand puts Roosters on alert as NRL feeding feenzy looms","https://www.foxsports.com.au/nrl/nrl-premiership/weve-had-conversations-club-confirms-interest-in-eels-veteran-chiefs-eye-another-target/news-story/fa96e1a5e77736ee8e77d34fe56408fe","Roosters and Maroons star Sam Walker is reportedly seeking at least $1.2 million a season from his next contract. Walker is free to speak with rival clubs from November 1 with his ..."
"syd","Sydney Roosters","Sam Walker","Halfback","3","player_specific_salary_candidate","dailytelegraph.com.au","false","false","false","money|contract_or_salary_language","bing-news-rss","Wed, 01 Jul 2026 11:32:00 GMT","Sam Walker seeking $6 million pay-day as star Rooster prepares for free agency","https://www.dailytelegraph.com.au/sport/nrl/sam-walker-seeking-6-million-payday-as-star-rooster-prepares-for-free-agency/news-story/0646a36ccb4ea29684de5e6cf10fe500","The Sydney Roosters are facing a $6 million battle to retain Sam Walker with Queensland's man-of-the-moment prepared to head to free agency."
"syd","Sydney Roosters","Sam Walker","Halfback","4","player_specific_contract_candidate","theaustralian.com.au","false","false","false","contract_or_salary_language|term_length_language","bing-news-rss","Mon, 06 Jul 2026 22:31:00 GMT","Sam Walker on brink of Roosters deal and Australian team call-up – if they can clear final hurdle","https://www.theaustralian.com.au/sport/nrl/sam-walker-on-brink-of-roosters-deal-and-australian-team-callup-if-they-can-clear-final-hurdle/news-story/43bd22906dc1508ca3b695be8310d635","Schifcofske has annoyed the tricolours with his media posturing regarding a new contract and his threat of taking the 24-year-old to the open market. Gillis is in a sweet position, as he also manages ..."
"syd","Sydney Roosters","Sam Walker","Halfback","5","player_specific_contract_candidate","au.sports.yahoo.com","false","false","false","contract_or_salary_language|term_length_language","bing-news-rss","Wed, 24 Jun 2026 23:41:00 GMT","Roosters set to progress contract talks with Sam Walker","https://au.sports.yahoo.com/roosters-set-progress-contract-talks-064142724.html","Sam Walker's Origin success is turning into a very expensive showcase. The Sydney Morning Herald has reported that the Sydney Roosters are bracing to enter contract talks with their 24-year-old ..."
"syd","Sydney Roosters","Sam Walker","Halfback","6","player_specific_contract_candidate","au.sports.yahoo.com","false","false","false","contract_or_salary_language|term_language","bing-news-rss","Thu, 02 Jul 2026 15:03:00 GMT","Sam Walker set for hefty pay-day as November 1 looms","https://au.sports.yahoo.com/sam-walker-set-hefty-pay-220458534.html","Sydney Roosters halfback Sam Walker is poised to become one of the highest-paid NRL players when he signs his next contract. Walker is off contract at the end of 2027, meaning the Roosters have until ..."
"syd","Sydney Roosters","Sam Walker","Halfback","7","player_specific_contract_candidate","goldcoastbulletin.com.au","false","false","false","contract_or_salary_language","bing-news-rss","Mon, 03 May 2021 11:50:00 GMT","NRL 2021: Sydney Roosters explain why Sam Walker's new deal is taking extra time","https://www.goldcoastbulletin.com.au/sport/nrl/nrl-2021-sydney-roosters-explain-why-sam-walkers-new-deal-is-taking-extra-time/news-story/4d1b452943e6131c3d696f8b0e9220bd","The Roosters can breathe easy after all. The real reason for Sam Walker's contract delay can be revealed and it has nothing to do with approaches from other clubs. Walker and de Belin share the same ..."
"syd","Sydney Roosters","Sam Walker","Halfback","8","player_specific_contract_candidate","au.sports.yahoo.com","false","false","false","contract_or_salary_language","bing-news-rss","Wed, 01 Jul 2026 16:41:00 GMT","Sam Walker's brother earns first official NRL contract","https://au.sports.yahoo.com/sam-walker-brother-earns-first-234153335.html","Sam Walker's brother, Tyson Walker, has earned his first NRL contract, signing an officially upgraded train and trial deal with the North Queensland Cowboys. He has been progressing through the club's ..."
"syd","Sydney Roosters","Sam Walker","Halfback","9","player_specific_contract_candidate","au.news.yahoo.com","false","false","false","contract_or_salary_language","bing-news-rss","Tue, 19 May 2026 17:00:00 GMT","Nathan Cleary and Sam Walker contract twist, Roosters star tipped to sign with two new NRL teams","https://au.news.yahoo.com/nathan-cleary-and-sam-walker-contract-twist-roosters-star-tipped-to-sign-with-two-new-nrl-teams-020512722.html","Add Yahoo as a preferred source to see more of our stories on Google. Sam Walker's State of Origin debut is being tipped to be an audition for a new Roosters contract. And if it doesn't pan out well ..."
"syd","Sydney Roosters","Sam Walker","Halfback","10","player_specific_contract_candidate","smh.com.au","false","false","false","contract_or_salary_language","bing-news-rss","Thu, 25 Jun 2026 08:44:00 GMT","Walker's future on Roosters' agenda as NRL's next million-dollar man","https://www.smh.com.au/sport/nrl/walker-s-future-on-roosters-agenda-as-nrl-s-next-million-dollar-man-20260625-p609xc.html","You have reached your maximum number of saved items. Remove items from your saved list to add more. The Roosters are set to broach extension talks with star halfback Sam Walker and his management once ..."
"syd","Sydney Roosters","Sam Walker","Halfback","11","player_specific_profile_candidate","roosters.com.au","true","false","false","","official-club-signings-topic","","Signings Sam Walker's Members Message","https://www.roosters.com.au/news/2022/12/06/sam-walkers-members-message/","RateLimitTriggeredError: Per IP rate limit exceeded"
"syd","Sydney Roosters","Sam Walker","Halfback","12","player_specific_contract_candidate","zerotackle.com","false","false","true","contract_or_signing_language|contract_table","zerotackle-direct-player-profile","","Sam Walker (Sydney Roosters) - NRL Stats, News, Contract &amp; Player Profile - Zero Tackle","https://www.zerotackle.com/players/sam-walker/","Player Contracts Player Contracts Team 2026 2027 2028 2029 2030 Sydney Roosters $1M $1M Stats 2026 Stats Round Opp P T G MINS AR ARM LB LBA TA OL TK MT TB KM 40/20 PE ER TOTALS 17 153 6 64 1343 186 1378 4 8 14 15 260 52 21 3735 0 12 18 1 6 0 3 80 9 77 0 1 0 0 12 5 2 123 0 3 1 2 10 0 5 80 14 101 0 0 0 1 17 2 1 151 0 1 0 3 0 0 0 80 9 51 0 0 0 4 11 5 1 186 0 1 2 4 9 0 4 77 12 81 0 0 0 2 8 1 0 260 0 0 1 6 14 1 5 80 6 69 "
"syd","Sydney Roosters","Naufahu Whyte","Prop","1","player_specific_profile_candidate","adelaidenow.com.au","false","false","false","","bing-news-rss","Thu, 05 Mar 2026 10:02:00 GMT","Roosters enforcer Naufahu Whyte reveals he dominates the NRL by switching off from it","https://www.adelaidenow.com.au/sport/nrl/roosters-enforcer-naufahu-whyte-reveals-he-dominates-the-nrl-by-switching-off-from-it/news-story/f05a8a17d64044918d1d32b688aaab11","The front‐rower doesn't lift the most in the gym, is softly-spoken off the field, and can often be spotted at Roosters' HQ reading a book. He may also be the only New Zealand‐born rugby league player ..."
"syd","Sydney Roosters","Naufahu Whyte","Prop","2","player_specific_contract_candidate","roosters.com.au","true","false","false","contract_or_signing_language|term_language|term_length_language","official-club-signings-topic","2025-06-24T02:00:42+00:00","Naufahu Whyte extends with Roosters","https://www.roosters.com.au/news/2025/06/24/naufahu-whyte-extends-with-roosters/","Title: Naufahu Whyte extends with Roosters URL Source: https://www.roosters.com.au/news/2025/06/24/naufahu-whyte-extends-with-roosters/ Published Time: 2025-06-24T02:00:42+00:00 Markdown Content: [Skip to main content](https://www.roosters.com.au/news/2025/06/24/naufahu-whyte-extends-with-roosters/#main-content) ## Main [![Image 1: roosters logo](https://www.roosters.com.au/.theme/roosters/badge.svg?bust=202607060241)![Image 2: roosters logo](https://www.roosters.com.au/.theme/roosters/text.svg?bust=202607060241)](https://www.roosters.com.au/) [](https://www.roosters.com.au/search/) * [News](https://www.roosters.com.au/news/) * [Watch](https://www.roosters.com.au/watch/) * [Draw](https://www"
"syd","Sydney Roosters","Naufahu Whyte","Prop","3","player_specific_profile_candidate","roosters.com.au","true","false","false","","official-club-signings-topic","","Club News Roosters Bolster Squad with Naufahu Whyte Extending and Renouf Atoni Joining Tricolours","https://www.roosters.com.au/news/2021/09/23/roosters-bolster-squad-with-naufahu-whyte-extending-and-renouf-atoni-joining-tricolours/","RateLimitTriggeredError: Per IP rate limit exceeded"
"syd","Sydney Roosters","Naufahu Whyte","Prop","4","player_specific_contract_candidate","zerotackle.com","false","false","true","contract_or_signing_language|contract_table","zerotackle-direct-player-profile","","Naufahu Whyte (Sydney Roosters) - NRL Stats, News, Contract &amp; Player Profile - Zero Tackle","https://www.zerotackle.com/players/naufahu-whyte/","Player Contracts Player Contracts Team 2026 2027 2028 2029 2030 Sydney Roosters ✔ ✔ ✔ ✔ Stats 2026 Stats Round Opp P T G MINS AR ARM LB LBA TA OL TK MT TB KM 40/20 PE ER TOTALS 16 0 0 0 853 248 2693 1 0 0 11 396 27 50 0 0 4 7 1 0 0 0 59 17 191 0 0 0 0 26 2 2 0 0 1 1 2 0 0 0 59 15 175 0 0 0 0 20 2 1 0 0 1 0 3 0 0 0 48 12 140 0 0 0 1 20 0 6 0 0 0 0 4 0 0 0 50 15 170 1 0 0 0 20 0 8 0 0 0 0 6 0 0 0 45 14 157 0 0 0 1 25 1"
"syd","Sydney Roosters","Reece Robson","Hooker","1","player_specific_contract_candidate","zerotackle.com","false","false","true","contract_or_signing_language|contract_table","zerotackle-direct-player-profile","","Reece Robson (Sydney Roosters) - NRL Stats, News, Contract &amp; Player Profile - Zero Tackle","https://www.zerotackle.com/players/reece-robson/","Player Contracts Player Contracts Team 2026 2027 2028 2029 2030 Sydney Roosters ✔ ✔ ✔ ✔ Stats 2026 Stats Round Opp P T G MINS AR ARM LB LBA TA OL TK MT TB KM 40/20 PE ER TOTALS 15 12 3 0 1030 78 735 3 2 2 7 565 39 21 57 0 5 7 3 0 0 0 72 7 53 0 0 0 2 43 5 1 13 0 0 0 4 0 0 0 80 3 28 0 0 1 0 37 2 0 8 0 0 0 6 0 0 0 80 7 54 0 0 0 1 43 2 3 0 0 0 0 7 0 0 0 74 7 78 0 0 0 1 34 1 1 0 0 0 1 8 4 1 0 80 7 74 1 1 0 0 35 2 3 0 0 0 "
"syd","Sydney Roosters","Lindsay Collins","Prop","1","player_specific_contract_candidate","zerotackle.com","false","false","true","contract_or_signing_language|contract_table","zerotackle-direct-player-profile","","Lindsay Collins (Sydney Roosters) - NRL Stats, News, Contract &amp; Player Profile - Zero Tackle","https://www.zerotackle.com/players/lindsay-collins/","Player Contracts Player Contracts Team 2026 2027 2028 2029 2030 Sydney Roosters $725K $725K $725K Stats 2026 Stats Round Opp P T G MINS AR ARM LB LBA TA OL TK MT TB KM 40/20 PE ER TOTALS 15 8 2 0 564 113 1133 1 0 0 0 335 17 11 8 0 4 7 1 0 0 0 61 5 49 0 0 0 0 44 2 1 0 0 1 0 2 0 0 0 63 14 149 0 0 0 0 30 4 0 0 0 0 0 3 0 0 0 44 8 68 0 0 0 0 25 0 0 0 0 1 1 4 0 0 0 46 10 112 0 0 0 0 27 0 2 8 0 0 1 6 0 0 0 31 4 30 0 0 0 0 2"
"syd","Sydney Roosters","Angus Crichton","2nd Row","1","player_specific_profile_candidate","news.com.au","false","false","false","","bing-news-rss","Fri, 15 May 2026 13:17:00 GMT","Roosters star Angus Crichton reveals he's NSW Cup team's No.1 ticket holder","https://www.news.com.au/sport/nrl/roosters-star-angus-crichton-reveals-hes-nsw-cup-teams-no1-ticket-holder/news-story/b3fa00fa0b3138a18e1fed49803d886e","Meet the Roosters' NSW Cup team's No.1 ticket holder. While Crichton rarely misses a game, travelling to Magic Round for Saturday's clash against North Queensland means he'll have to skip one of his ..."
"syd","Sydney Roosters","Angus Crichton","2nd Row","2","player_specific_profile_candidate","townsvillebulletin.com.au","false","false","false","","bing-news-rss","Sun, 07 Jun 2026 03:33:00 GMT","NRL 2021: Angus Crichton talks contracts and billing Boyd's boots at the Roosters","https://www.townsvillebulletin.com.au/sport/nrl/nrl-contract-news-roosters-in-race-to-secure-offcontract-sam-walker/news-story/28f624c37b52434328098f393de99284","But just months after the Sydney Roosters were called out shopping Angus Crichton to rival clubs, the powerhouse backrower has vowed: ""I don't want to leave"". And Crichton says he now wants to lock up ..."
"syd","Sydney Roosters","Angus Crichton","2nd Row","3","player_specific_profile_candidate","ntnews.com.au","false","false","false","","bing-news-rss","Fri, 21 Feb 2020 08:28:00 GMT","Why Angus Crichton was happy to move to centre for the Sydney Roosters","https://www.ntnews.com.au/sport/nrl/why-angus-crichton-was-happy-to-move-to-centre-for-the-sydney-roosters/news-story/95eb9982e248690043e470928ea52915","Roosters star Angus Crichton has revealed why he was happy to make his shock move to centre and the challenges of replacing Latrell Mitchell. With those words Sydney Roosters star Angus Crichton has ..."
"syd","Sydney Roosters","Angus Crichton","2nd Row","4","player_specific_contract_candidate","zerotackle.com","false","false","true","contract_or_signing_language|contract_table","zerotackle-direct-player-profile","","Angus Crichton (Sydney Roosters) - NRL Stats, News, Contract &amp; Player Profile - Zero Tackle","https://www.zerotackle.com/players/angus-crichton/","Player Contracts Player Contracts Team 2026 2027 2028 2029 2030 Sydney Roosters $800K Stats 2026 Stats Round Opp P T G MINS AR ARM LB LBA TA OL TK MT TB KM 40/20 PE ER TOTALS 13 8 2 0 1014 164 1458 1 1 0 15 381 37 37 0 0 7 12 1 4 1 0 80 9 90 0 0 0 0 32 1 0 0 0 3 1 2 0 0 0 77 12 96 0 0 0 1 30 3 2 0 0 0 1 3 0 0 0 80 14 154 0 0 0 1 26 4 3 0 0 0 0 4 0 0 0 80 17 171 0 0 0 2 21 7 3 0 0 0 0 6 0 0 0 80 16 140 0 0 0 1 25 2 7 "
"syd","Sydney Roosters","Siua Wong","2nd Row","1","player_specific_contract_candidate","zerotackle.com","false","false","true","contract_or_signing_language|contract_table","zerotackle-direct-player-profile","","Siua Wong (Sydney Roosters) - NRL Stats, News, Contract &amp; Player Profile - Zero Tackle","https://www.zerotackle.com/players/siua-wong/","Player Contracts Player Contracts Team 2026 2027 2028 2029 2030 Sydney Roosters ✔ ✔ ✔ Stats 2026 Stats Round Opp P T G MINS AR ARM LB LBA TA OL TK MT TB KM 40/20 PE ER TOTALS 16 8 2 0 1225 207 1899 1 1 1 16 593 38 38 18 0 8 8 1 0 0 0 38 10 90 0 0 0 2 21 0 2 0 0 0 0 2 0 0 0 80 11 109 0 0 0 0 41 3 3 0 0 1 2 3 0 0 0 80 9 83 0 0 0 0 45 2 3 0 0 0 0 4 0 0 0 80 17 141 0 0 0 2 40 5 2 0 0 0 1 6 0 0 0 67 16 144 0 0 0 0 35 2 4 "
"syd","Sydney Roosters","Victor Radley","Lock","1","player_specific_contract_candidate","zerotackle.com","false","false","true","contract_or_signing_language|contract_table","zerotackle-direct-player-profile","","Victor Radley (Sydney Roosters) - NRL Stats, News, Contract &amp; Player Profile - Zero Tackle","https://www.zerotackle.com/players/victor-radley/","Player Contracts Player Contracts Team 2026 2027 2028 2029 2030 Sydney Roosters $750K $750K Stats 2026 Stats Round Opp P T G MINS AR ARM LB LBA TA OL TK MT TB KM 40/20 PE ER TOTALS 12 4 1 0 657 131 996 0 0 0 1 355 35 8 0 0 12 4 6 4 1 0 48 7 60 0 0 0 0 33 4 0 0 0 0 1 7 0 0 0 46 9 82 0 0 0 0 29 0 2 0 0 0 1 8 0 0 0 57 10 79 0 0 0 0 29 2 1 0 0 3 1 9 0 0 0 57 7 58 0 0 0 0 23 0 0 0 0 3 0 10 0 0 0 42 10 99 0 0 0 0 26 3 1 0 "
"syd","Sydney Roosters","Connor Watson","Interchange","1","player_specific_contract_candidate","heraldsun.com.au","false","false","false","contract_or_salary_language|signing_language","bing-news-rss","Sat, 30 May 2026 09:07:00 GMT","Dragons set to land fourth major scalp in Connor Watson as Titans move on Jesse Arthars","https://www.heraldsun.com.au/sport/nrl/dragons-set-to-land-fourth-major-scalp-in-roosters-utility-connor-watson-before-png-departure/news-story/b6908684e8d11af447cccad962bb5498","It is understood Watson is on the verge of inking a 12-month deal to join the Dragons from next season before he joins PNG in 2028. The Bulldogs met with Watson, but he is expected to join the likes ..."
"syd","Sydney Roosters","Connor Watson","Interchange","2","player_specific_contract_candidate","au.sports.yahoo.com","false","false","false","contract_or_salary_language|signing_language","bing-news-rss","Mon, 18 May 2026 17:00:00 GMT","Connor Watson closes on contract call as Roosters departure looms","https://au.sports.yahoo.com/connor-watson-closes-contract-call-081235119.html","Sydney Roosters utility Connor Watson is set to join the PNG Chiefs via the St George Illawarra Dragons. Watson, who toured the PNG Chiefs facilities in Port Moresby over the weekend and arrived back ..."
"syd","Sydney Roosters","Connor Watson","Interchange","3","player_specific_contract_candidate","couriermail.com.au","false","false","false","signing_language","bing-news-rss","Thu, 28 May 2026 11:29:00 GMT","Connor Watson becomes PNG Chiefs' third signing after agreeing to join expansion club in 2028","https://www.couriermail.com.au/sport/nrl/connor-watson-becomes-png-chiefs-third-signing-after-agreeing-to-join-expansion-club-in-2028/news-story/105d13851f2fac147ed0e229a1aaa777","Watson recently travelled to Port Moresby with his partner Kiana to look at the club's facilities and cast their eye over the living arrangements. This masthead can reveal that he walked away ..."
"syd","Sydney Roosters","Connor Watson","Interchange","4","player_specific_contract_candidate","thechronicle.com.au","false","false","false","contract_or_salary_language|signing_language","bing-news-rss","Sat, 30 May 2026 09:07:00 GMT","Dragons set to land fourth major scalp in Connor Watson as Titans move on Jesse Arthars","https://www.thechronicle.com.au/sport/nrl/dragons-set-to-land-fourth-major-scalp-in-roosters-utility-connor-watson-before-png-departure/news-story/b6908684e8d11af447cccad962bb5498","Former NSW star Connor Watson is set to join St George Illawarra on a 12-month deal, while Josh Hannay has met with a key Bronco with plans of a Sunshine state heist. It is understood Watson is on the ..."
"syd","Sydney Roosters","Connor Watson","Interchange","5","player_specific_contract_candidate","msn.com","false","false","false","term_language","bing-news-rss","Mon, 01 Jun 2026 21:47:29 GMT","Kieran Foran named Sea Eagles's full-time NRL coach, Chiefs and Dragons sign Connor Watson","https://www.msn.com/en-au/news/other/kieran-foran-named-sea-eagless-full-time-nrl-coach-chiefs-and-dragons-sign-connor-watson/ar-AA24Bn63","Manly shows faith in Kieran Foran by appointing the ex-NRL star as its head coach through to the end of the 2029 season."
"syd","Sydney Roosters","Connor Watson","Interchange","6","player_specific_profile_candidate","au.sports.yahoo.com","false","false","false","","bing-news-rss","Mon, 01 Jun 2026 17:00:00 GMT","Connor Watson confirms Roosters exit, long-term future","https://au.sports.yahoo.com/connor-watson-confirms-roosters-exit-041654615.html","One of the NRL's worst-kept secrets has been confirmed, with Connor Watson confirming he will make the move to the PNG Chiefs for their inaugural season. Despite being contracted for 2027, it meant he ..."
"syd","Sydney Roosters","Connor Watson","Interchange","7","player_specific_profile_candidate","goldcoastbulletin.com.au","false","false","false","","bing-news-rss","Wed, 08 Sep 2021 07:10:00 GMT","NRL: Connor Watson determined to extend Knights career before rejoining the Roosters","https://www.goldcoastbulletin.com.au/sport/nrl/nrl-connor-watson-determined-to-extend-knights-career-before-rejoining-the-roosters/news-story/e2dc96c74893401b3f19f82742a02710","Connor Watson will rejoin the Sydney Roosters next season, but first he is focused on helping Newcastle extend their season. Watson will rejoin the Roosters, where he started his NRL career in 2016, ..."
"syd","Sydney Roosters","Connor Watson","Interchange","8","player_specific_profile_candidate","ntnews.com.au","false","false","false","","bing-news-rss","Sun, 17 May 2026 08:06:00 GMT","Sydney Roosters star Connor Watson flies to PNG for talks after Magic Round clash","https://www.ntnews.com.au/sport/nrl/sydney-roosters-star-connor-watson-to-fly-to-png-for-talks-after-magic-round-clash/news-story/ca59a880d615b2d66279b3ee92608138","The Chiefs look set to land their next big name NRL signing with versatile Roosters star Connor Watson touching down in Port Moresby to tour the PNG facilities. Just weeks after Jarome Luai flew to ..."
"syd","Sydney Roosters","Connor Watson","Interchange","9","player_specific_profile_candidate","roosters.com.au","true","false","false","","official-club-signings-topic","","Club News Connor Watson and Spencer Leniu re-commit","https://www.roosters.com.au/news/2024/08/20/connor-watson-and-spencer-leniu-re-commit/","RateLimitTriggeredError: Per IP rate limit exceeded"
"syd","Sydney Roosters","Connor Watson","Interchange","10","player_specific_contract_candidate","zerotackle.com","false","false","true","contract_or_signing_language|contract_table","zerotackle-direct-player-profile","","Connor Watson (Sydney Roosters) - NRL Stats, News, Contract &amp; Player Profile - Zero Tackle","https://www.zerotackle.com/players/connor-watson/","Player Contracts Player Contracts Team 2026 2027 2028 2029 2030 Sydney Roosters ✔ St George Illawarra Dragons ✔ PNG Chiefs ✔ ✔ Stats 2026 Stats Round Opp P T G MINS AR ARM LB LBA TA OL TK MT TB KM 40/20 PE ER TOTALS 16 4 1 0 717 125 1111 0 4 2 5 445 19 27 57 0 5 11 1 0 0 0 31 2 17 0 0 0 1 12 1 0 0 0 0 2 2 0 0 0 56 7 68 0 0 0 0 31 0 0 21 0 0 0 3 0 0 0 55 11 87 0 0 0 0 41 3 4 0 0 2 1 4 4 1 0 66 17 152 0 0 0 0 39 1 3 0 "
"syd","Sydney Roosters","Egan Butcher","Interchange","1","player_specific_profile_candidate","roosters.com.au","true","false","false","","official-club-signings-topic","","Club History Egan Butcher Locks in for Two More Years","https://www.roosters.com.au/news/2025/01/31/egan-butcher-locks-in-for-two-more-years/","RateLimitTriggeredError: Per IP rate limit exceeded"
"syd","Sydney Roosters","Egan Butcher","Interchange","2","player_specific_contract_candidate","zerotackle.com","false","false","true","contract_or_signing_language|contract_table","zerotackle-direct-player-profile","","Egan Butcher (Sydney Roosters) - NRL Stats, News, Contract &amp; Player Profile - Zero Tackle","https://www.zerotackle.com/players/egan-butcher/","Player Contracts Player Contracts Team 2026 2027 2028 2029 2030 Sydney Roosters ✔ ✔ Stats 2026 Stats Round Opp P T G MINS AR ARM LB LBA TA OL TK MT TB KM 40/20 PE ER TOTALS 13 0 0 0 268 59 563 0 0 0 3 149 8 11 0 0 3 4 1 0 0 0 38 7 77 0 0 0 0 23 1 2 0 0 0 0 2 0 0 0 51 10 97 0 0 0 1 30 3 2 0 0 1 1 3 0 0 0 33 7 62 0 0 0 2 18 0 2 0 0 0 1 4 0 0 0 2 0 0 0 0 0 0 2 0 0 0 0 0 0 9 0 0 0 0 0 0 0 0 0 0 0 0 0 0 0 0 0 10 0 0 0 9 3"
"syd","Sydney Roosters","Spencer Leniu","Interchange","1","player_specific_contract_candidate","dailytelegraph.com.au","false","false","false","contract_or_salary_language","bing-news-rss","Fri, 26 Jun 2026 12:08:00 GMT","Why Spencer Leniu is at the centre of a generational NRL tug-of-war","https://www.dailytelegraph.com.au/sport/nrl/why-spencer-leniu-is-at-the-centre-of-a-generational-nrl-tugofwar/news-story/de8ae35e15058cbaa24ae9b0f4799483","Key factors are aligning in Leniu's favor, and these aren't necessarily the Roosters prop's own doing. First things first, any suggestion that Leniu is a done deal at the Eels is off the mark. He is ..."
"syd","Sydney Roosters","Spencer Leniu","Interchange","2","player_specific_contract_candidate","adelaidenow.com.au","false","false","false","contract_or_salary_language","bing-news-rss","Fri, 26 Jun 2026 12:03:00 GMT","Why Spencer Leniu is at the centre of a generational NRL tug-of-war","https://www.adelaidenow.com.au/sport/nrl/why-spencer-leniu-is-at-the-centre-of-a-generational-nrl-tugofwar/news-story/de8ae35e15058cbaa24ae9b0f4799483","Key factors are aligning in Leniu's favor, and these aren't necessarily the Roosters prop's own doing. First things first, any suggestion that Leniu is a done deal at the Eels is off the mark. He is ..."
"syd","Sydney Roosters","Spencer Leniu","Interchange","3","player_specific_contract_candidate","au.sports.yahoo.com","false","false","false","contract_or_salary_language","bing-news-rss","Tue, 23 Jun 2026 17:00:00 GMT","New NRL frontrunner emerges for Spencer Leniu, and what it could mean for an Eels veteran","https://au.sports.yahoo.com/nrl-frontrunner-emerges-spencer-leniu-034955638.html","A potential early release for Sydney Roosters forward Spencer Leniu is believed to be back on the table, with the Parramatta Eels emerging as the surprise new frontrunner. The Leniu contract situation ..."
"syd","Sydney Roosters","Spencer Leniu","Interchange","4","player_specific_contract_candidate","goldcoastbulletin.com.au","false","false","false","contract_or_salary_language","bing-news-rss","Fri, 26 Jun 2026 12:19:00 GMT","Why Spencer Leniu is at the centre of a generational NRL tug-of-war","https://www.goldcoastbulletin.com.au/sport/nrl/why-spencer-leniu-is-at-the-centre-of-a-generational-nrl-tugofwar/news-story/de8ae35e15058cbaa24ae9b0f4799483","Key factors are aligning in Leniu's favor, and these aren't necessarily the Roosters prop's own doing. First things first, any suggestion that Leniu is a done deal at the Eels is off the mark. He is ..."
"syd","Sydney Roosters","Spencer Leniu","Interchange","5","player_specific_contract_candidate","thechronicle.com.au","false","false","false","term_language","bing-news-rss","Fri, 15 May 2026 13:32:00 GMT","Spencer Leniu breaks media ban to hit back at claims he's on the outer at Sydney Roosters","https://www.thechronicle.com.au/sport/nrl/spencer-leniu-breaks-media-ban-to-hit-back-at-claims-hes-on-the-outer-at-sydney-roosters/news-story/80cc1f68366e81489abc89a2e7ac5f5a","Leniu, who is contracted until the end of 2027, has come onto the radar of rival outfits amid speculation over his future at the Roosters. The prop hasn't fronted the media in over 12 months but felt ..."
"syd","Sydney Roosters","Spencer Leniu","Interchange","6","player_specific_profile_candidate","couriermail.com.au","false","false","false","","bing-news-rss","Wed, 06 May 2026 05:00:00 GMT","Spencer Leniu on rival radars as missing minutes hint at Sydney Roosters exit","https://www.couriermail.com.au/sport/nrl/spencer-leniu-on-rival-radars-as-missing-minutes-hint-at-sydney-roosters-exit/news-story/bc307ddaccc5e127874089707340b92d","Whilst Roosters officials are adamant Leniu has not been told that he is free to leave – he is contracted until the end of next year – that hasn't stopped other clubs from identifying the NSW Origin ..."
"syd","Sydney Roosters","Spencer Leniu","Interchange","7","player_specific_profile_candidate","couriermail.com.au","false","false","false","","bing-news-rss","Fri, 26 Jun 2026 12:03:00 GMT","Why Spencer Leniu is at the centre of a generational NRL tug-of-war","https://www.couriermail.com.au/sport/nrl/why-spencer-leniu-is-at-the-centre-of-a-generational-nrl-tugofwar/news-story/de8ae35e15058cbaa24ae9b0f4799483","Just 25-years-old with 130 NRL games under his belt, Spencer Leniu represents the next wave of props. Which is why leaving the Roosters isn't as obvious as it seems, writes DAVID RICCIO. Key factors ..."
"syd","Sydney Roosters","Spencer Leniu","Interchange","8","player_specific_profile_candidate","thechronicle.com.au","false","false","false","","bing-news-rss","Wed, 06 May 2026 05:00:00 GMT","Spencer Leniu on rival radars as missing minutes hint at Sydney Roosters exit","https://www.thechronicle.com.au/sport/nrl/spencer-leniu-on-rival-radars-as-missing-minutes-hint-at-sydney-roosters-exit/news-story/bc307ddaccc5e127874089707340b92d","Whilst Roosters officials are adamant Leniu has not been told that he is free to leave – he is contracted until the end of next year – that hasn't stopped other clubs from identifying the NSW Origin ..."
"syd","Sydney Roosters","Spencer Leniu","Interchange","9","player_specific_profile_candidate","roosters.com.au","true","false","false","","official-club-signings-topic","","Club News Connor Watson and Spencer Leniu re-commit","https://www.roosters.com.au/news/2024/08/20/connor-watson-and-spencer-leniu-re-commit/","RateLimitTriggeredError: Per IP rate limit exceeded"
"syd","Sydney Roosters","Spencer Leniu","Interchange","10","player_specific_contract_candidate","zerotackle.com","false","false","true","contract_or_signing_language|contract_table","zerotackle-direct-player-profile","","Spencer Leniu (Sydney Roosters) - NRL Stats, News, Contract &amp; Player Profile - Zero Tackle","https://www.zerotackle.com/players/spencer-leniu/","Player Contracts Player Contracts Team 2026 2027 2028 2029 2030 Sydney Roosters ✔ ✔ Stats 2026 Stats Round Opp P T G MINS AR ARM LB LBA TA OL TK MT TB KM 40/20 PE ER TOTALS 13 0 0 0 397 104 1000 0 0 0 5 186 11 25 0 0 2 3 1 0 0 0 0 0 0 0 0 0 0 0 0 0 0 0 0 0 6 0 0 0 30 10 64 0 0 0 0 7 0 1 0 0 0 1 7 0 0 0 28 6 78 0 0 0 0 12 0 2 0 0 0 0 8 0 0 0 23 8 59 0 0 0 0 10 0 2 0 0 0 0 9 0 0 0 14 1 5 0 0 0 0 3 1 0 0 0 0 0 10 0 0 0 "
"syd","Sydney Roosters","Nat Butcher","Interchange","1","player_specific_contract_candidate","zerotackle.com","false","false","true","contract_or_signing_language|contract_table","zerotackle-direct-player-profile","","Nat Butcher (Sydney Roosters) - NRL Stats, News, Contract &amp; Player Profile - Zero Tackle","https://www.zerotackle.com/players/nat-butcher/","Player Contracts Player Contracts Team 2026 2027 2028 2029 2030 Sydney Roosters ✔ ✔ Stats 2026 Stats Round Opp P T G MINS AR ARM LB LBA TA OL TK MT TB KM 40/20 PE ER TOTALS 15 4 1 0 735 198 1799 1 0 0 4 455 11 16 8 0 7 3 1 0 0 0 80 9 65 0 0 0 1 57 1 0 0 0 0 0 2 0 0 0 35 8 64 0 0 0 1 25 0 1 0 0 0 0 3 0 0 0 23 4 38 0 0 0 1 21 0 1 0 0 1 0 4 0 0 0 45 19 197 0 0 0 0 22 2 2 0 0 0 0 6 0 0 0 49 16 151 0 0 0 0 23 0 1 0 0 0 0 "
"syd","Sydney Roosters","Benaiah Ioelu","Unknown","1","player_specific_contract_candidate","zerotackle.com","false","false","true","contract_or_signing_language|contract_table","zerotackle-direct-player-profile","","Benaiah Ioelu (Sydney Roosters) - NRL Stats, News, Contract &amp; Player Profile - Zero Tackle","https://www.zerotackle.com/players/benaiah-ioelu/","Player Contracts Player Contracts Team 2026 2027 2028 2029 2030 Sydney Roosters ✔ ✔ ✔ Stats 2026 Stats Round Opp P T G MINS AR ARM LB LBA TA OL TK MT TB KM 40/20 PE ER TOTALS 4 0 0 0 166 11 92 1 0 1 0 106 7 3 175 0 0 2 1 0 0 0 49 3 20 1 0 0 0 38 4 1 0 0 0 1 2 0 0 0 24 3 32 0 0 0 0 12 0 0 47 0 0 0 15 0 0 0 45 3 20 0 0 0 0 37 0 1 68 0 0 0 19 0 0 0 48 2 20 0 0 1 0 19 3 1 60 0 0 1 2026 NRL Finals Three equal at the top a"
"syd","Sydney Roosters","Blake Steep","Unknown","1","player_specific_contract_candidate","zerotackle.com","false","false","true","contract_or_signing_language|contract_table","zerotackle-direct-player-profile","","Blake Steep (Sydney Roosters) - NRL Stats, News, Contract &amp; Player Profile - Zero Tackle","https://www.zerotackle.com/players/blake-steep/","Player Contracts Player Contracts Team 2026 2027 2028 2029 2030 Sydney Roosters ✔ ✔ ✔ Stats 2026 Stats Round Opp P T G MINS AR ARM LB LBA TA OL TK MT TB KM 40/20 PE ER TOTALS 4 0 0 0 68 7 49 0 0 0 2 60 1 0 0 0 0 1 1 0 0 0 30 2 9 0 0 0 1 22 0 0 0 0 0 0 2 0 0 0 21 3 25 0 0 0 1 19 1 0 0 0 0 0 3 0 0 0 17 2 15 0 0 0 0 19 0 0 0 0 0 1 4 0 0 0 0 0 0 0 0 0 0 0 0 0 0 0 0 0 Blake Steep Young Rooster granted huge honour for brav"
"syd","Sydney Roosters","Cody Ramsey","Unknown","1","player_specific_contract_candidate","zerotackle.com","false","false","true","contract_or_signing_language|contract_table","zerotackle-direct-player-profile","","Cody Ramsey (Sydney Roosters) - NRL Stats, News, Contract &amp; Player Profile - Zero Tackle","https://www.zerotackle.com/players/cody-ramsey/","Player Contracts Player Contracts Team 2026 2027 2028 2029 2030 Sydney Roosters ✔ ✔ Stats 2026 Stats Round Opp P T G MINS AR ARM LB LBA TA OL TK MT TB KM 40/20 PE ER TOTALS 13 4 1 0 439 93 916 5 0 1 0 26 5 14 0 0 0 9 1 0 0 0 0 0 0 0 0 0 0 0 0 0 0 0 0 0 2 0 0 0 0 0 0 0 0 0 0 0 0 0 0 0 0 0 3 0 0 0 0 0 0 0 0 0 0 0 0 0 0 0 0 0 4 0 0 0 0 0 0 0 0 0 0 0 0 0 0 0 0 0 6 0 0 0 0 0 0 0 0 0 0 0 0 0 0 0 0 0 7 0 0 0 0 0 0 0 0 0 0 0"
"syd","Sydney Roosters","De La Salle Va’a","Unknown","1","player_specific_contract_candidate","zerotackle.com","false","false","true","contract_or_signing_language|contract_table","zerotackle-direct-player-profile","","De La Salle Va&#039;a (Sydney Roosters) - NRL Stats, News, Contract &amp; Player Profile - Zero Tackle","https://www.zerotackle.com/players/de-la-salle-vaa/","Player Contracts Player Contracts Team 2026 2027 2028 2029 2030 Sydney Roosters ✔ ✔ Stats 2026 Stats Round Opp P T G MINS AR ARM LB LBA TA OL TK MT TB KM 40/20 PE ER TOTALS 1 0 0 0 0 0 0 0 0 0 0 0 0 0 0 0 0 0 19 0 0 0 0 0 0 0 0 0 0 0 0 0 0 0 0 0 De La Salle Va'a Injury Tracker: Roosters rookie set to make full recovery Ethan Lee Chalk - March 31, 2025 De La Salle Va'a Sydney Roosters provide injury update on NINE pla"
"syd","Sydney Roosters","Junior Pauga","Unknown","1","player_specific_profile_candidate","roosters.com.au","true","false","false","","official-club-signings-topic","","Signings Junior Pauga Extends with Roosters","https://www.roosters.com.au/news/2024/06/11/junior-pauga-extends-with-roosters/","RateLimitTriggeredError: Per IP rate limit exceeded"
"syd","Sydney Roosters","Junior Pauga","Unknown","2","player_specific_contract_candidate","zerotackle.com","false","false","true","contract_or_signing_language|contract_table","zerotackle-direct-player-profile","","Junior Pauga (Sydney Roosters) - NRL Stats, News, Contract &amp; Player Profile - Zero Tackle","https://www.zerotackle.com/players/junior-pauga/","Player Contracts Player Contracts Team 2026 2027 2028 2029 2030 Sydney Roosters ✔ ✔ Stats 2026 Stats Round Opp P T G MINS AR ARM LB LBA TA OL TK MT TB KM 40/20 PE ER TOTALS 5 0 0 0 288 45 459 1 1 1 1 48 11 14 39 0 0 8 1 0 0 0 80 9 93 0 0 0 1 15 3 6 19 0 0 0 2 0 0 0 80 8 87 0 1 1 0 19 2 1 0 0 0 2 3 0 0 0 80 11 119 1 0 0 0 14 5 4 20 0 0 2 10 0 0 0 0 0 0 0 0 0 0 0 0 0 0 0 0 0 11 0 0 0 48 17 160 0 0 0 0 0 1 3 0 0 0 4 Jun"
"syd","Sydney Roosters","Hugo Savala","Unknown","1","player_specific_contract_candidate","foxsports.com.au","false","false","false","term_length_language","bing-news-rss","Mon, 06 Apr 2026 19:28:00 GMT","DCE is blocking his path to NRL... but a new challenge has Hugo Savala primed for big things","https://www.foxsports.com.au/nrl/nrl-premiership/nrl-2026-hugo-savala-open-to-making-position-change-speaks-on-contract-future-sydney-roosters-daly-cherryevans-nrl-news/news-story/aa1f64deed773f9d80266c361fbf2ee2","WHAT'S GAMBLING REALLY COSTING YOU? Set a deposit limit. For Free and confidential support call 1800 858 858 or visit gamblinghelponline.org.au. Adapting to a new role, the 23-year-old admits he is ..."
"syd","Sydney Roosters","Hugo Savala","Unknown","2","player_specific_contract_candidate","zerotackle.com","false","false","true","contract_or_signing_language|contract_table","zerotackle-direct-player-profile","","Hugo Savala (Sydney Roosters) - NRL Stats, News, Contract &amp; Player Profile - Zero Tackle","https://www.zerotackle.com/players/hugo-savala/","Player Contracts Player Contracts Team 2026 2027 2028 2029 2030 Sydney Roosters ✔ ✔ ✔ Stats 2026 Stats Round Opp P T G MINS AR ARM LB LBA TA OL TK MT TB KM 40/20 PE ER TOTALS 12 32 6 4 874 115 1024 4 10 9 7 176 23 18 268 0 2 8 4 0 0 0 43 4 26 0 0 0 0 5 1 2 0 0 0 0 6 0 0 0 80 8 90 1 2 2 1 16 3 2 0 0 0 0 7 8 2 0 80 10 95 0 1 0 1 17 4 0 0 0 0 1 8 0 0 0 80 7 45 1 1 2 0 15 4 0 0 0 0 0 9 4 1 0 80 9 57 0 1 1 0 14 1 0 0 0 1 "
"syd","Sydney Roosters","Jake Elliott","Unknown","1","player_specific_contract_candidate","zerotackle.com","false","false","true","contract_or_signing_language|contract_table","zerotackle-direct-player-profile","","Jake Elliott (Sydney Roosters) - NRL Stats, News, Contract &amp; Player Profile - Zero Tackle","https://www.zerotackle.com/players/jake-elliott/","Player Contracts Player Contracts Team 2026 2027 2028 2029 2030 Sydney Roosters ✔ ✔ Stats Latest NRL News Cowboys circle Roosters rising star for 2027 Magdalena Murdoch - June 26, 2026 Reece Robson Leniu injury timeline revealed, Robson's condition to be reviewed Magdalena Murdoch - March 9, 2026 Sydney Roosters Rookie Watch: The TEN best young prospects yet to debut at... Ethan Lee Chalk - November 27, 2025 NRL Edit"
"syd","Sydney Roosters","Salesi Foketi","Unknown","1","player_specific_contract_candidate","zerotackle.com","false","false","true","contract_or_signing_language|contract_table","zerotackle-direct-player-profile","","Salesi Foketi (Sydney Roosters) - NRL Stats, News, Contract &amp; Player Profile - Zero Tackle","https://www.zerotackle.com/players/salesi-foketi/","Player Contracts Player Contracts Team 2026 2027 2028 2029 2030 Sydney Roosters ✔ ✔ Stats 2026 Stats Round Opp P T G MINS AR ARM LB LBA TA OL TK MT TB KM 40/20 PE ER TOTALS 16 0 0 0 346 86 746 0 0 0 2 184 7 11 0 0 5 1 1 0 0 0 13 0 0 0 0 0 0 10 0 0 0 0 1 0 2 0 0 0 14 5 45 0 0 0 0 7 0 2 0 0 0 0 3 0 0 0 31 14 138 0 0 0 0 16 0 3 0 0 1 0 4 0 0 0 31 9 94 0 0 0 0 8 2 0 0 0 0 0 6 0 0 0 13 3 30 0 0 0 0 5 0 0 0 0 0 0 7 0 0 0 8"
"syd","Sydney Roosters","Taylor Losalu","Unknown","1","player_specific_profile_candidate","roosters.com.au","true","false","false","","official-club-signings-topic","","Signings Taylor Losalu signs extension through to end of","https://www.roosters.com.au/news/2025/04/20/taylor-losalu-signs-extension-through-to-end-of-2027/","RateLimitTriggeredError: Per IP rate limit exceeded"
"syd","Sydney Roosters","Taylor Losalu","Unknown","2","player_specific_contract_candidate","zerotackle.com","false","false","true","contract_or_signing_language|contract_table","zerotackle-direct-player-profile","","Taylor Losalu (Sydney Roosters) - NRL Stats, News, Contract &amp; Player Profile - Zero Tackle","https://www.zerotackle.com/players/taylor-losalu/","Player Contracts Player Contracts Team 2026 2027 2028 2029 2030 Sydney Roosters ✔ ✔ Stats 2026 Stats Round Opp P T G MINS AR ARM LB LBA TA OL TK MT TB KM 40/20 PE ER TOTALS 2 0 0 0 22 7 66 0 0 0 0 9 0 1 0 0 1 1 15 0 0 0 0 0 0 0 0 0 0 0 0 0 0 0 0 0 19 0 0 0 22 7 66 0 0 0 0 9 0 1 0 0 1 1 Taylor Losalu Roosters lock up signature of young forward Scott Pryde - April 21, 2025 Taylor Losalu Sydney Roosters hand contract up"
"syd","Sydney Roosters","Toby Rodwell","Unknown","1","player_specific_contract_candidate","zerotackle.com","false","false","true","contract_or_signing_language|contract_table","zerotackle-direct-player-profile","","Toby Rodwell (Sydney Roosters) - NRL Stats, News, Contract &amp; Player Profile - Zero Tackle","https://www.zerotackle.com/players/toby-rodwell/","Player Contracts Player Contracts Team 2026 2027 2028 2029 2030 Sydney Roosters ✔ ✔ ✔ Stats 2026 Stats Round Opp P T G MINS AR ARM LB LBA TA OL TK MT TB KM 40/20 PE ER TOTALS 4 6 1 1 26 6 52 1 1 0 1 10 1 3 0 0 0 0 1 0 0 0 0 0 0 0 0 0 0 0 0 0 0 0 0 0 3 0 0 0 0 0 0 0 0 0 0 0 0 0 0 0 0 0 15 6 1 1 26 6 52 1 1 0 1 10 1 3 0 0 0 0 16 0 0 0 0 0 0 0 0 0 0 0 0 0 0 0 0 0 Sydney Roosters Rookie Watch: The TEN best young prospect"
"syd","Sydney Roosters","Tommy Talau","Unknown","1","player_specific_contract_candidate","theaustralian.com.au","false","false","false","contract_or_salary_language","bing-news-rss","Sat, 20 Jun 2026 15:32:00 GMT","The unqualified agent who secured Tommy Talau's Roosters deal - and saved his NRL career","https://www.theaustralian.com.au/sport/nrl/the-unqualified-agent-who-secured-tommy-talaus-roosters-deal-and-saved-his-nrl-career/news-story/d028d3542ecd43cb0f85d8b92e5ce6f8","After injury-riddled stints at both the Wests Tigers and Manly, Talau's career hung by a thread as he headed into last summer with no clear destination for 2026. Making matters worse, Talau had split ..."
"syd","Sydney Roosters","Tommy Talau","Unknown","2","player_specific_contract_candidate","goldcoastbulletin.com.au","false","false","false","contract_or_salary_language|term_length_language","bing-news-rss","Thu, 21 Nov 2019 04:00:00 GMT","Signing boost: Wests Tigers lock in teen sensation on two-year deal","https://www.goldcoastbulletin.com.au/sport/nrl/signing-boost-wests-tigers-lock-in-teen-sensation-on-twoyear-deal/news-story/964441c165dc9360be990b302bf31ba4","Tommy Talau, 19, the son for former Bulldogs and New Zealand centre Willie Talau, is expected to start next season in the centres. Talau made his NRL debut against Manly in round 22 this year. He has ..."
"syd","Sydney Roosters","Tommy Talau","Unknown","3","player_specific_contract_candidate","zerotackle.com","false","false","true","contract_or_signing_language|contract_table","zerotackle-direct-player-profile","","Tommy Talau (Sydney Roosters) - NRL Stats, News, Contract &amp; Player Profile - Zero Tackle","https://www.zerotackle.com/players/tommy-talau/","Player Contracts Player Contracts Team 2026 2027 2028 2029 2030 Sydney Roosters ✔ Stats 2026 Stats Round Opp P T G MINS AR ARM LB LBA TA OL TK MT TB KM 40/20 PE ER TOTALS 7 0 0 0 160 30 224 0 0 0 1 12 1 2 0 0 0 3 6 0 0 0 0 0 0 0 0 0 0 0 0 0 0 0 0 0 7 0 0 0 0 0 0 0 0 0 0 0 0 0 0 0 0 0 8 0 0 0 0 0 0 0 0 0 0 0 0 0 0 0 0 0 15 0 0 0 80 14 96 0 0 0 0 8 1 1 0 0 0 1 16 0 0 0 80 16 128 0 0 0 1 4 0 1 0 0 0 2 17 0 0 0 0 0 0 0 0"
"wst","Wests Tigers","Adam Doueihi","Centre","1","player_specific_contract_candidate","theaustralian.com.au","false","false","false","contract_or_salary_language|signing_language|term_language","bing-news-rss","Fri, 13 Mar 2026 04:02:00 GMT","'Nowhere else I'd rather be': Adam Doueihi commits to Wests Tigers long term after signing contract extension","https://www.theaustralian.com.au/news/latest-news/nowhere-else-id-rather-be-adam-doueihi-commits-to-wests-tigers-long-term-after-signing-contract-extension/news-story/13a7d6d5d641262face4bb60ad42592b","It's a major boost for the Tigers just a day before they open their season against the Cowboys at Leichhardt Oval. Doueihi was already locked in until the end of 2027 but has extended his stay for a ..."
"wst","Wests Tigers","Adam Doueihi","Centre","2","player_specific_contract_candidate","goldcoastbulletin.com.au","false","false","false","term_length_language","bing-news-rss","Mon, 03 Feb 2020 02:03:00 GMT","Wests Tigers recruit Adam Doueihi opens up on shock Rabbitohs exit","https://www.goldcoastbulletin.com.au/sport/nrl/wests-tigers-recruit-adam-doueihi-opens-up-on-shock-rabbitohs-exit/news-story/aa13a3d4ac135f8ba6ad299578b859cb","The 21-year-old Doueihi started conversations with Souths coach Wayne Bennett once it became clear the club would sign NRL star Mitchell, saying he appreciated the honesty and freedom to chase a ..."
"wst","Wests Tigers","Adam Doueihi","Centre","3","player_specific_contract_candidate","geelongadvertiser.com.au","false","false","false","contract_or_salary_language","bing-news-rss","Thu, 12 Mar 2026 17:00:00 GMT","'Nowhere else I'd rather be': Adam Doueihi commits to Wests Tigers long term after signing contract extension","https://www.geelongadvertiser.com.au/sport/nrl/nowhere-else-id-rather-be-adam-doueihi-commits-to-wests-tigers-long-term-after-signing-contract-extension/news-story/13a7d6d5d641262face4bb60ad42592b","Benji Marshall's long-term vision for the Wests Tigers has received a major boost with one of his biggest stars agreeing to a new deal. It's a major boost for the Tigers just a day before they open ..."
"wst","Wests Tigers","Adam Doueihi","Centre","4","player_specific_profile_candidate","adelaidenow.com.au","false","false","false","","bing-news-rss","Sat, 14 Mar 2020 12:00:00 GMT","Latrell Mitchell, Adam Doueihi headline 12 NRL grudge matches","https://www.adelaidenow.com.au/sport/nrl/latrell-mitchell-adam-doueihi-headline-12-nrl-grudge-matches/news-story/ab1280b2bd7cc35e3bfd6558aa4ee73a","Rugby league is built on rivalry and highly anticipated showdowns. Michael Carayannis takes a look at the top grudge matches heading into the new NRL season. Luciano Leilua (Wests Tigers) v St George ..."
"wst","Wests Tigers","Adam Doueihi","Centre","5","player_specific_profile_candidate","thechronicle.com.au","false","false","false","","bing-news-rss","Fri, 09 Jan 2026 03:16:00 GMT","Adam Doueihi reveals switch to halfback likely as Tigers seek to snap finals drought","https://www.thechronicle.com.au/sport/nrl/adam-doueihi-reveals-switch-to-halfback-likely-as-tigers-seek-to-snap-finals-drought/news-story/faf99ccce997c1bb09a81765ad11339c","Doueihi revealed coach Benji Marshall has him working predominantly alongside Jarome Luai in the pre-season and is confident of securing the role ahead of the first clash in Round 2 against the ..."
"wst","Wests Tigers","Adam Doueihi","Centre","6","player_specific_contract_candidate","zerotackle.com","false","false","true","contract_or_signing_language|contract_table","zerotackle-direct-player-profile","","Adam Doueihi (Wests Tigers) - NRL Stats, News, Contract &amp; Player Profile - Zero Tackle","https://www.zerotackle.com/players/adam-doueihi/","Player Contracts Player Contracts Team 2026 2027 2028 2029 2030 Wests Tigers ✔ ✔ ✔ ✔ Stats 2026 Stats Round Opp P T G MINS AR ARM LB LBA TA OL TK MT TB KM 40/20 PE ER TOTALS 11 69 7 20 811 144 1416 8 10 9 7 149 21 42 3108 0 3 10 2 16 1 6 80 9 80 1 1 1 1 19 2 6 271 0 0 0 3 8 0 4 78 17 118 0 1 0 2 15 4 2 262 0 0 1 4 0 0 0 77 14 210 2 1 2 0 15 0 9 0 0 0 0 5 4 1 0 85 15 145 1 0 0 1 12 0 4 73 0 0 4 6 0 0 0 80 21 230 0 3 3"
"wst","Wests Tigers","Alex Twal","Prop","1","player_specific_profile_candidate","heraldsun.com.au","false","false","false","","bing-news-rss","Thu, 02 Jul 2026 01:02:00 GMT","Alex Twal's vending machine empire setting Tigers star up for life after NRL","https://www.heraldsun.com.au/sport/nrl/alex-twals-vending-machine-empire-setting-tigers-star-up-for-life-after-nrl/news-story/23c30555f44d3f76437bbe565bd49282","He trades in his footy boots for chips, chocolate, and Powerade, straight off the back fence and into his side hustle: running a successful vending machine company across Sydney. The days of players ..."
"wst","Wests Tigers","Alex Twal","Prop","2","player_specific_contract_candidate","zerotackle.com","false","false","true","contract_or_signing_language|contract_table","zerotackle-direct-player-profile","","Alex Twal (Wests Tigers) - NRL Stats, News, Contract &amp; Player Profile - Zero Tackle","https://www.zerotackle.com/players/alex-twal/","Player Contracts Player Contracts Team 2026 2027 2028 2029 2030 Wests Tigers $400K ✔ ✔ ✔ Stats 2026 Stats Round Opp P T G MINS AR ARM LB LBA TA OL TK MT TB KM 40/20 PE ER TOTALS 12 0 0 0 842 183 1549 0 2 1 25 565 17 27 0 0 6 4 2 0 0 0 61 14 119 0 0 0 3 36 1 0 0 0 0 3 3 0 0 0 62 14 150 0 0 0 1 37 0 1 0 0 0 0 4 0 0 0 70 15 132 0 1 0 2 48 1 5 0 0 0 0 5 0 0 0 80 17 120 0 0 0 3 50 2 3 0 0 0 0 6 0 0 0 77 19 182 0 0 0 2 42 "
"wst","Wests Tigers","Alex Seyfarth","2nd Row","1","player_specific_contract_candidate","zerotackle.com","false","false","true","contract_or_signing_language|contract_table","zerotackle-direct-player-profile","","Alex Seyfarth (Wests Tigers) - NRL Stats, News, Contract &amp; Player Profile - Zero Tackle","https://www.zerotackle.com/players/alex-seyfarth/","Player Contracts Player Contracts Team 2026 2027 2028 2029 2030 Wests Tigers ✔ ✔ ✔ Stats 2026 Stats Round Opp P T G MINS AR ARM LB LBA TA OL TK MT TB KM 40/20 PE ER TOTALS 17 8 2 0 607 115 931 1 0 0 7 383 38 19 0 0 4 6 2 0 0 0 19 5 58 0 0 0 0 8 1 1 0 0 0 0 3 0 0 0 15 4 27 0 0 0 1 9 2 1 0 0 0 0 4 0 0 0 13 7 58 0 0 0 0 8 0 0 0 0 0 0 5 0 0 0 16 6 40 0 0 0 0 12 1 0 0 0 0 0 6 0 0 0 21 4 49 0 0 0 0 10 2 0 0 0 0 0 7 0 0 0 0"
"wst","Wests Tigers","Apisai Koroisau","Hooker","1","player_specific_contract_candidate","zerotackle.com","false","false","true","contract_or_signing_language|contract_table","zerotackle-direct-player-profile","","Apisai Koroisau (Wests Tigers) - NRL Stats, News, Contract &amp; Player Profile - Zero Tackle","https://www.zerotackle.com/players/apisai-koroisau/","Player Contracts Player Contracts Team 2026 2027 2028 2029 2030 Wests Tigers $700K ✔ ✔ Stats 2026 Stats Round Opp P T G MINS AR ARM LB LBA TA OL TK MT TB KM 40/20 PE ER TOTALS 13 8 2 0 839 58 616 4 1 2 4 476 42 22 350 0 7 5 2 0 0 0 73 5 41 0 0 0 0 31 4 2 19 0 1 0 3 0 0 0 74 5 71 1 0 0 1 30 7 4 20 0 0 0 4 0 0 0 80 4 36 0 0 0 0 47 1 2 53 0 1 1 5 0 0 0 85 6 56 0 0 0 0 56 4 1 0 0 1 0 6 4 1 0 66 6 48 1 1 1 0 31 4 2 11 0 0"
"wst","Wests Tigers","Bunty Afoa","Prop","1","player_specific_profile_candidate","weststigers.com.au","false","false","false","","bing-news-rss","Thu, 02 Jul 2026 19:43:00 GMT","Special milestone for Bunty Afoa","https://www.weststigers.com.au/news/2026/07/03/special-milestone-for-bunty-afoa/","The sacrifice of experienced prop Bunty Afoa to leave his young family in New Zealand to keep his NRL career alive has not been lost on the Wests Tigers."
"wst","Wests Tigers","Bunty Afoa","Prop","2","player_specific_contract_candidate","zerotackle.com","false","false","true","contract_or_signing_language|contract_table","zerotackle-direct-player-profile","","Bunty Afoa (Wests Tigers) - NRL Stats, News, Contract &amp; Player Profile - Zero Tackle","https://www.zerotackle.com/players/bunty-afoa/","Player Contracts Player Contracts Team 2026 2027 2028 2029 2030 Wests Tigers ✔ Stats 2026 Stats Round Opp P T G MINS AR ARM LB LBA TA OL TK MT TB KM 40/20 PE ER TOTALS 8 0 0 0 210 47 464 0 0 0 0 145 6 6 0 0 4 1 10 0 0 0 36 5 48 0 0 0 0 23 3 0 0 0 1 0 11 0 0 0 0 0 0 0 0 0 0 0 0 0 0 0 0 0 14 0 0 0 0 0 0 0 0 0 0 0 0 0 0 0 0 0 15 0 0 0 31 8 96 0 0 0 0 25 0 2 0 0 0 0 16 0 0 0 34 8 88 0 0 0 0 28 0 2 0 0 0 0 17 0 0 0 34 9 7"
"wst","Wests Tigers","Fonua Pole","Prop","1","player_specific_profile_candidate","dailytelegraph.com.au","false","false","false","","bing-news-rss","Fri, 15 May 2026 03:18:00 GMT","Wests Tigers re-signing spree: Fonua Pole next in line - and he could lure his brother too","https://www.dailytelegraph.com.au/sport/wests-tigers-lock-in-sunia-turuva-on-huge-longterm-extension-as-part-of-major-retention-drive/news-story/aa96480c1e88e24bcc0941fe6305bce7","He might even bring his brother with him. Fonua Pole debuted when the Tigers felt more like a sinking ship than a genuine threat. He watched a revolving door of stars head for the exit - including his ..."
"wst","Wests Tigers","Fonua Pole","Prop","2","player_specific_profile_candidate","cairnspost.com.au","false","false","false","","bing-news-rss","Fri, 15 May 2026 03:18:00 GMT","Wests Tigers re-signing spree: Fonua Pole next in line - and he could lure his brother too","https://www.cairnspost.com.au/sport/wests-tigers-lock-in-sunia-turuva-on-huge-longterm-extension-as-part-of-major-retention-drive/news-story/aa96480c1e88e24bcc0941fe6305bce7","Having locked down half a dozen stars in the past week, the wild Wests Tigers spending spree could net them another big target - and a poaching raid on the Melbourne Storm. He might even bring his ..."
"wst","Wests Tigers","Fonua Pole","Prop","3","player_specific_contract_candidate","zerotackle.com","false","false","true","contract_or_signing_language|contract_table","zerotackle-direct-player-profile","","Fonua Pole (Wests Tigers) - NRL Stats, News, Contract &amp; Player Profile - Zero Tackle","https://www.zerotackle.com/players/fonua-pole/","Player Contracts Player Contracts Team 2026 2027 2028 2029 2030 Wests Tigers ✔ ✔ Stats 2026 Stats Round Opp P T G MINS AR ARM LB LBA TA OL TK MT TB KM 40/20 PE ER TOTALS 17 0 0 0 792 187 1937 0 0 0 0 430 38 39 0 0 4 7 2 0 0 0 34 8 79 0 0 0 0 16 3 0 0 0 0 0 3 0 0 0 44 8 100 0 0 0 0 29 2 2 0 0 0 1 4 0 0 0 37 6 61 0 0 0 0 26 1 1 0 0 1 0 5 0 0 0 27 8 76 0 0 0 0 16 1 5 0 0 0 0 6 0 0 0 45 17 182 0 0 0 0 15 2 5 0 0 0 1 7 0 "
"wst","Wests Tigers","Heamasi Makasini","Centre","1","player_specific_contract_candidate","au.sports.yahoo.com","false","false","false","contract_or_salary_language","bing-news-rss","Wed, 27 May 2026 17:00:00 GMT","Heamasi Makasini makes contract call","https://au.sports.yahoo.com/heamasi-makasini-makes-contract-call-003548366.html","For a club that has endured its share of turbulent years, the emergence of homegrown talent through its own pathways has become one of the most encouraging signs of life at Concord. The latest chapter ..."
"wst","Wests Tigers","Heamasi Makasini","Centre","2","player_specific_contract_candidate","heraldsun.com.au","false","false","false","term_length_language","bing-news-rss","Thu, 12 Mar 2026 06:52:00 GMT","Wests Tigers move to re-sign rising NRL stars Heamasi Makasini, Samuela Fainu","https://www.heraldsun.com.au/sport/nrl/wests-tigers-move-to-resign-rising-nrl-stars-heamasi-makasini-samuela-fainu/news-story/0c7c88f8fddc5a0828d8f01ba1de9101","This masthead can reveal Tigers bosses are ready to open talks on twin five-year deals for Makasini and Fainu as the dynamic duo prepare for their season-opener against the Cowboys at Leichhardt Oval ..."
"wst","Wests Tigers","Heamasi Makasini","Centre","3","player_specific_profile_candidate","abc.net.au","false","false","false","","bing-news-rss","Wed, 11 Mar 2026 17:00:00 GMT","Tigers hopeful Heamasi Makasini stays with NRL club amid talk of rugby union switch","https://www.abc.net.au/news/2026-03-12/nrl-wests-tigers-heamasi-makasini-jonah-lomu-benji-marshall/106446978","Wests Tigers coach Benji Marshall says the club is desperate to keep Heamasi Makasini after the teenage star admitted an interest in returning to rugby union. Makasini has been compared to late All ..."
"wst","Wests Tigers","Heamasi Makasini","Centre","4","player_specific_profile_candidate","smh.com.au","false","false","false","","bing-news-rss","Wed, 11 Mar 2026 11:59:00 GMT","Tigers teen prodigy Makasini open to rugby return after 2027","https://www.smh.com.au/sport/nrl/tigers-teen-prodigy-makasini-open-to-rugby-return-after-2027-20260311-p5o9bf.html","You have reached your maximum number of saved items. Remove items from your saved list to add more. Tigers teenager Heamasi Makasini, who is already earning comparisons to All Blacks great Jonah Lomu, ..."
"wst","Wests Tigers","Heamasi Makasini","Centre","5","player_specific_profile_candidate","thechronicle.com.au","false","false","false","","bing-news-rss","Tue, 07 Apr 2026 12:20:00 GMT","Man Tigers Need: Heamasi Makasini's secret weapon singer helping him become NRL star","https://www.thechronicle.com.au/sport/nrl/man-tigers-need-heamasi-makasinis-secret-weapon-singer-helping-him-become-nrl-star/news-story/7fe487e9a3bdb77727c10f5d7e36af44","Wests Tigers centre Heamasi Makasini has ditched heavy metal and hip hop, opting for a soothing voice as his secret weapon before taking the field each week. Gone are the days of AC/DC, Metallica, and ..."
"wst","Wests Tigers","Heamasi Makasini","Centre","6","player_specific_contract_candidate","zerotackle.com","false","false","true","contract_or_signing_language|contract_table","zerotackle-direct-player-profile","","Heamasi Makasini (Wests Tigers) - NRL Stats, News, Contract &amp; Player Profile - Zero Tackle","https://www.zerotackle.com/players/heamasi-makasini/","Player Contracts Player Contracts Team 2026 2027 2028 2029 2030 Wests Tigers ✔ ✔ ✔ ✔ Stats 2026 Stats Round Opp P T G MINS AR ARM LB LBA TA OL TK MT TB KM 40/20 PE ER TOTALS 12 4 1 0 847 174 1558 3 1 1 8 125 37 32 0 0 4 17 2 0 0 0 80 16 131 0 0 0 1 8 1 4 0 0 0 0 3 4 1 0 80 15 155 1 0 0 1 10 2 4 0 0 2 2 4 0 0 0 80 13 88 0 0 0 1 20 5 2 0 0 1 4 5 0 0 0 85 22 198 0 0 0 0 9 2 2 0 0 0 0 6 0 0 0 80 13 128 0 0 0 0 19 6 3 0 0"
"wst","Wests Tigers","Heath Mason","Fullback","1","player_specific_contract_candidate","zerotackle.com","false","false","true","contract_or_signing_language|contract_table","zerotackle-direct-player-profile","","Heath Mason (Wests Tigers) - NRL Stats, News, Contract &amp; Player Profile - Zero Tackle","https://www.zerotackle.com/players/heath-mason/","Player Contracts Player Contracts Team 2026 2027 2028 2029 2030 Wests Tigers ✔ Stats 2026 Stats Round Opp P T G MINS AR ARM LB LBA TA OL TK MT TB KM 40/20 PE ER TOTALS 3 4 0 2 207 50 384 0 1 1 1 24 8 8 138 0 2 0 10 0 0 0 80 23 160 0 1 1 1 3 3 4 0 0 1 0 11 0 0 0 70 19 160 0 0 0 0 7 4 3 0 0 1 0 16 4 0 2 57 8 64 0 0 0 0 14 1 1 138 0 0 0 Heath Mason Wests Tigers fullback Heath Mason facing suspension Ethan Lee Chalk - Ju"
"wst","Wests Tigers","Jahream Bula","Fullback","1","player_specific_salary_candidate","couriermail.com.au","false","false","false","money|contract_or_salary_language","bing-news-rss","Thu, 30 Apr 2026 12:04:00 GMT","Inside the secret NRL clauses driving player moves and contract stand-offs","https://www.couriermail.com.au/sport/nrl/inside-the-secret-nrl-clauses-driving-player-moves-and-contract-standoffs/news-story/8c186c8f280041c8caa18ad76bfbf207","The devil in the detail that has opened the door for Jarome Luai and Jaydn Su'A to leave their teams, and has the Wests Tigers in a $100,000 stand-off over fullback Jahream Bula's short-term future."
"wst","Wests Tigers","Jahream Bula","Fullback","2","player_specific_contract_candidate","couriermail.com.au","false","false","false","contract_or_salary_language|term_language|term_length_language","bing-news-rss","Sat, 02 May 2026 18:26:00 GMT","Wests Tigers fullback Jahream Bula signs four-year contract extension in huge boost for club","https://www.couriermail.com.au/sport/nrl/wests-tigers-lock-down-star-fullback-jahream-bula-on-contract-extension/news-story/2b075b97303f35332304825212bc9074","The Tigers announced Bula's re-signing on Tuesday, with the 24-year-old putting pen to paper on a four-year contract which will see him remain at Concord until the end of the 2030 season. The new deal ..."
"wst","Wests Tigers","Jahream Bula","Fullback","3","player_specific_contract_candidate","smh.com.au","false","false","false","contract_or_salary_language|term_length_language","bing-news-rss","Tue, 05 May 2026 04:45:00 GMT","Clause out: The inside story on how the Tigers retained Jahream Bula","https://www.smh.com.au/sport/nrl/clause-out-the-inside-story-on-how-the-tigers-retained-jahream-bula-20260505-p5zts2.html","For a man who never wanted to leave the club, few contract negotiations in NRL history have endured more false starts, or contained more subtext, than Jahream Bula's four-year extension at Wests ..."
"wst","Wests Tigers","Jahream Bula","Fullback","4","player_specific_contract_candidate","couriermail.com.au","false","false","false","contract_or_salary_language|signing_language","bing-news-rss","Wed, 06 May 2026 09:23:00 GMT","Wests Tigers star Jahream Bula reveals why he signed long-term extension","https://www.couriermail.com.au/sport/nrl/wests-tigers-star-jahream-bula-reveals-why-he-signed-longterm-extension/news-story/f9527d9e000b1fde0a4185976e140839","There was no avoiding it - everyone was going to watch the video review anyway. ""At first I thought it was funny, because I was watching it,"" Bula said. ""I was watching the replay of the game. And ..."
"wst","Wests Tigers","Jahream Bula","Fullback","5","player_specific_contract_candidate","zerotackle.com","false","false","true","contract_or_signing_language|contract_table","zerotackle-direct-player-profile","","Jahream Bula (Wests Tigers) - NRL Stats, News, Contract &amp; Player Profile - Zero Tackle","https://www.zerotackle.com/players/jahream-bula/","Player Contracts Player Contracts Team 2026 2027 2028 2029 2030 Wests Tigers $700K $1M $1M $1M $1M Stats 2026 Stats Round Opp P T G MINS AR ARM LB LBA TA OL TK MT TB KM 40/20 PE ER TOTALS 14 24 6 0 1112 244 2247 5 8 6 12 72 12 43 0 0 2 28 2 0 0 0 80 14 131 0 2 2 1 2 0 3 0 0 0 4 3 0 0 0 80 18 185 0 0 0 1 5 1 2 0 0 0 0 4 4 1 0 80 17 175 1 1 1 1 4 0 6 0 0 1 2 5 4 1 0 85 21 210 1 1 0 1 4 0 4 0 0 0 0 6 8 2 0 80 19 191 2 1"
"wst","Wests Tigers","Jarome Luai","Halfback","1","player_specific_salary_candidate","couriermail.com.au","false","false","false","money|contract_or_salary_language","bing-news-rss","Thu, 30 Apr 2026 12:04:00 GMT","Inside the secret NRL clauses driving player moves and contract stand-offs","https://www.couriermail.com.au/sport/nrl/inside-the-secret-nrl-clauses-driving-player-moves-and-contract-standoffs/news-story/8c186c8f280041c8caa18ad76bfbf207","The devil in the detail that has opened the door for Jarome Luai and Jaydn Su'A to leave their teams, and has the Wests Tigers in a $100,000 stand-off over fullback Jahream Bula's short-term future."
"wst","Wests Tigers","Jarome Luai","Halfback","2","player_specific_salary_candidate","news.com.au","false","false","false","money","bing-news-rss","Fri, 10 Jul 2026 04:35:00 GMT","$1.2m call to turn Jarome Luai windfall into 'romantic' homecoming for Mitch Moses","https://www.news.com.au/sport/nrl/12m-call-to-turn-jarome-luai-windfall-into-romantic-homecoming-for-mitch-moses/news-story/776a79bf3205f1869087f6bc602c1bbc","The Wests Tigers sent shockwaves through the rugby league world earlier this week when they dropped a mid-season bombshell."
"wst","Wests Tigers","Jarome Luai","Halfback","3","player_specific_contract_candidate","au.news.yahoo.com","false","false","false","contract_or_salary_language|signing_language|term_length_language","bing-news-rss","Tue, 23 Jun 2026 16:59:00 GMT","Wests Tigers continue signing spree as NRL club inks deal with replacement for Jarome Luai","https://au.news.yahoo.com/wests-tigers-continue-signing-spree-as-nrl-club-inks-deal-with-replacement-for-jarome-luai-234639107.html","The Wests Tigers have confirmed the signing of Jake Averillo on a four-year deal from 2027 as a potential long-term replacement for Jarome Luai. Tigers five-eighth Luai will join the PNG Chiefs in ..."
"wst","Wests Tigers","Jarome Luai","Halfback","4","player_specific_contract_candidate","theaustralian.com.au","false","false","false","contract_or_salary_language","bing-news-rss","Sat, 11 Jul 2026 13:15:00 GMT","Inside story: Why Wests Tigers chose to sever ties with Jarome Luai early","https://www.theaustralian.com.au/sport/nrl/inside-story-why-wests-tigers-chose-to-sever-ties-with-jarome-luai-early/news-story/05c6f696f00f306ec3131413cb0e79e4","A cryptic Instagram post that confused teammates and angered fans and officials, the prospect of promoting the PNG Chiefs while still on contract, and explosive claims that the star playmaker's ..."
"wst","Wests Tigers","Jarome Luai","Halfback","5","player_specific_contract_candidate","couriermail.com.au","false","false","false","contract_or_salary_language","bing-news-rss","Thu, 09 Jul 2026 08:00:00 GMT","Parramatta Eels target Jarome Luai as rejuvenated playmaker Ronald Volkman departs","https://www.couriermail.com.au/sport/nrl/parramatta-eels-target-jarome-luai-as-rejuvenated-playmaker-ronald-volkman-departs/news-story/52934ca0b0ab58e0affb94b31f8f480e","Rejuvenated playmaker Ronald Volkman could be on the way out of Parramatta after contract talks on an extension broke down with the club."
"wst","Wests Tigers","Jarome Luai","Halfback","6","player_specific_contract_candidate","au.news.yahoo.com","false","false","false","contract_or_salary_language","bing-news-rss","Wed, 03 Jun 2026 17:00:00 GMT","Wests Tigers sign Jarome Luai replacement as Knights ink deal with State of Origin player","https://au.news.yahoo.com/wests-tigers-sign-jarome-luai-replacement-as-knights-ink-deal-with-state-of-origin-player-061024582.html","Add Yahoo as a preferred source to see more of our stories on Google. The Wests Tigers are set to sign Dolphins back Jake Averillo as a potential replacement for Jarome Luai when he exits the NRL club ..."
"wst","Wests Tigers","Jarome Luai","Halfback","7","player_specific_contract_candidate","au.sports.yahoo.com","false","false","false","contract_or_salary_language","bing-news-rss","Tue, 28 Apr 2026 18:01:00 GMT","EXPLAINER: Why Chiefs could sign Alex Johnston and Jarome Luai before November 1","https://au.sports.yahoo.com/explainer-why-chiefs-could-sign-010034413.html","Eyebrows have been raised, though. Under NRL contract rules, off-contract players are unable to talk to rival clubs until November 1 in the year before they are off-contract. So in the case of players ..."
"wst","Wests Tigers","Jarome Luai","Halfback","8","player_specific_profile_candidate","smh.com.au","false","false","false","contract_or_salary_language","bing-news-rss","Tue, 12 May 2026 07:14:00 GMT","'I love the Tigers': Why Sunia Turuva was never going to follow Luai to PNG","https://www.smh.com.au/sport/nrl/wests-tigers-re-sign-fourth-star-until-2030-jarome-luai-s-exit-20260512-p5zw17.html","Sunia Turuva never considered following good friend Jarome Luai to the PNG Chiefs – and did not hesitate when the Wests Tigers initiated negotiations about a possible contract extension several weeks ..."
"wst","Wests Tigers","Jarome Luai","Halfback","9","player_specific_profile_candidate","news.com.au","false","false","false","","bing-news-rss","Thu, 09 Jul 2026 14:34:00 GMT","NRL rocked by Jarome Luai bombshell as Wests Tigers make stunning decision","https://www.news.com.au/sport/nrl/nrl-rocked-by-shock-jarome-luai-bombshell-as-wests-tigers-make-stunning-decision/news-story/c1e79e9251ee4fc027c044430dc97763","Parramatta Eels are reportedly the frontrunners to sign Jarome Luai after he was granted permission to leave the Wests Tigers at the end of this season."
"wst","Wests Tigers","Jarome Luai","Halfback","10","player_specific_profile_candidate","theaustralian.com.au","false","false","false","","bing-news-rss","Fri, 10 Jul 2026 23:08:00 GMT","Perth Bears make bold bid for Jarome Luai as Parramatta Eels close in","https://www.theaustralian.com.au/sport/nrl/why-the-tigers-decided-to-release-star-player-jarome-luai-early/news-story/9cc174f91c224f29c1b917f5d699b7c0","A decision to put the club's long-term future first is behind the Tigers' call to part ways with skipper Jarome Luai at the end of the season."
"wst","Wests Tigers","Jarome Luai","Halfback","11","player_specific_profile_candidate","dailytelegraph.com.au","false","false","false","","bing-news-rss","Wed, 08 Jul 2026 17:04:00 GMT","NRL rocked by Jarome Luai bombshell as Wests Tigers make stunning decision","https://www.dailytelegraph.com.au/sport/nrl/nrl-rocked-by-shock-jarome-luai-bombshell-as-wests-tigers-make-stunning-decision/news-story/c1e79e9251ee4fc027c044430dc97763","Parramatta Eels are reportedly the frontrunners to sign Jarome Luai after he was granted permission to leave the Wests Tigers at the end of this season."
"wst","Wests Tigers","Jarome Luai","Halfback","12","player_specific_profile_candidate","adelaidenow.com.au","false","false","false","","bing-news-rss","Wed, 08 Jul 2026 14:28:00 GMT","Wests Tigers star Jarome Luai given permission to negotiate with rival clubs for shock early exit","https://www.adelaidenow.com.au/sport/nrl/wests-tigers-star-jarome-luai-given-permission-to-negotiate-with-rival-clubs-for-shock-early-exit/news-story/735d8700193873b6d76634fb4a07113a","Parramatta are the frontrunners to sign Jarome Luai for next season after the Wests Tigers stunned their co-captain by telling him he was free to look for a new club."
"wst","Wests Tigers","Jarome Luai","Halfback","13","player_specific_profile_candidate","zerotackle.com","false","false","false","","bing-news-rss","Thu, 09 Jul 2026 18:43:00 GMT","Favourite revealed for Jarome Luai signature as new details emerge","https://www.zerotackle.com/favourite-revealed-for-jarome-luai-signatures-as-new-details-emerge-235754/","The Parramatta Eels have emerged as the leading contenders to secure Jarome Luai's signature after the Wests Tigers made the shock decision to allow the premiership-winning playmaker to negotiate with ..."
"wst","Wests Tigers","Jarome Luai","Halfback","14","player_specific_profile_candidate","msn.com","false","false","false","","bing-news-rss","Sat, 11 Jul 2026 14:00:00 GMT","Jarome Luai to leave Wests Tigers at end of season","https://www.msn.com/en-au/sport/other/jarome-luai-to-leave-wests-tigers-at-end-of-season/ar-AA27G8CJ","Wests Tigers have confirmed star five-eighth Jarome Luai will leave the club at the end of the season."
"wst","Wests Tigers","Jarome Luai","Halfback","15","player_specific_contract_candidate","zerotackle.com","false","false","true","contract_or_signing_language|contract_table","zerotackle-direct-player-profile","","Jarome Luai (Wests Tigers) - NRL Stats, News, Contract &amp; Player Profile - Zero Tackle","https://www.zerotackle.com/players/jarome-luai/","Player Contracts Player Contracts Team 2026 2027 2028 2029 2030 Wests Tigers $1.2M $1.2M PNG Chiefs ✔ ✔ PO Stats 2026 Stats Round Opp P T G MINS AR ARM LB LBA TA OL TK MT TB KM 40/20 PE ER TOTALS 13 16 4 0 1026 146 1001 5 12 12 23 191 47 30 1759 0 3 6 2 4 1 0 80 14 109 1 2 3 4 12 5 1 119 0 0 0 3 0 0 0 66 9 49 0 2 2 1 10 3 2 106 0 0 0 7 0 0 0 80 10 45 0 0 0 1 14 0 1 123 0 0 1 8 0 0 0 80 12 77 0 2 1 3 13 1 5 163 0 1 0 "
"wst","Wests Tigers","Javon Andrews","Five-Eighth","1","player_specific_contract_candidate","zerotackle.com","false","false","true","contract_or_signing_language|contract_table","zerotackle-direct-player-profile","","Javon Andrews (Wests Tigers) - NRL Stats, News, Contract &amp; Player Profile - Zero Tackle","https://www.zerotackle.com/players/javon-andrews/","Player Contracts Player Contracts Team 2026 2027 2028 2029 2030 Wests Tigers ✔ ✔ ✔ Stats NRL Editorial and Opinion Rookie Watch: The TEN best young prospects yet to debut at... Ethan Lee Chalk - November 20, 2025 Latest NRL News Junior Origin man of the match confirms new club on long-term... Scott Pryde - July 30, 2025 Javon Andrews Tigers look to sign Queensland U19s star Isaac Issa - July 25, 2025 Latest News FULL"
"wst","Wests Tigers","Jeral Skelton","Winger","1","player_specific_contract_candidate","zerotackle.com","false","false","true","contract_or_signing_language|contract_table","zerotackle-direct-player-profile","","Jeral Skelton (Wests Tigers) - NRL Stats, News, Contract &amp; Player Profile - Zero Tackle","https://www.zerotackle.com/players/jeral-skelton/","Player Contracts Player Contracts Team 2026 2027 2028 2029 2030 Wests Tigers $230K Stats 2026 Stats Round Opp P T G MINS AR ARM LB LBA TA OL TK MT TB KM 40/20 PE ER TOTALS 13 16 4 0 642 157 1379 4 0 0 7 19 18 29 13 0 0 9 2 4 1 0 64 20 221 2 0 0 1 3 0 8 0 0 0 1 3 0 0 0 80 20 173 0 0 0 0 1 1 2 0 0 0 2 4 0 0 0 0 0 0 0 0 0 0 0 0 0 0 0 0 0 5 0 0 0 0 0 0 0 0 0 0 0 0 0 0 0 0 0 6 0 0 0 80 16 148 0 0 0 2 2 3 3 0 0 0 1 9 0 0 0"
"wst","Wests Tigers","Jock Madden","Halfback","1","player_specific_profile_candidate","theaustralian.com.au","false","false","false","","bing-news-rss","Fri, 19 Jun 2026 17:00:00 GMT","NRL Round 16: Dolphins win 36-22 over Wests Tigers","https://www.theaustralian.com.au/sport/nrl/nrl-round-16-dolphins-win-3622-over-wests-tigers/news-story/d60954cfd473bc75fde5d600770a32d6","Centre Patrick Herbert suffered a dislocated shoulder while halfback Jock Madden failed a head injury assessment which sees the Tigers injury toll mount. Already they were without Adam Doueihi, Alex ..."
"wst","Wests Tigers","Jock Madden","Halfback","2","player_specific_contract_candidate","zerotackle.com","false","false","true","contract_or_signing_language|contract_table","zerotackle-direct-player-profile","","Jock Madden (Wests Tigers) - NRL Stats, News, Contract &amp; Player Profile - Zero Tackle","https://www.zerotackle.com/players/jock-madden/","Player Contracts Player Contracts Team 2026 2027 2028 2029 2030 Wests Tigers ✔ ✔ Stats 2026 Stats Round Opp P T G MINS AR ARM LB LBA TA OL TK MT TB KM 40/20 PE ER TOTALS 15 64 1 30 813 127 836 1 4 5 0 232 38 3 4134 0 2 5 2 0 0 0 0 0 0 0 0 0 0 0 0 0 0 0 0 0 3 0 0 0 0 0 0 0 0 0 0 0 0 0 0 0 0 0 4 12 1 4 80 7 57 0 0 0 0 20 5 0 598 0 0 0 5 10 0 5 85 16 94 0 0 1 0 25 3 2 655 0 1 0 6 10 0 5 80 20 114 0 0 0 0 24 4 0 293 0 0 "
"wst","Wests Tigers","Kai Pearce-Paul","2nd Row","1","player_specific_contract_candidate","zerotackle.com","false","false","true","contract_or_signing_language|contract_table","zerotackle-direct-player-profile","","Kai Pearce-Paul (Wests Tigers) - NRL Stats, News, Contract &amp; Player Profile - Zero Tackle","https://www.zerotackle.com/players/kai-pearce-paul/","Player Contracts Player Contracts Team 2026 2027 2028 2029 2030 Wests Tigers $500K $500K $500K Stats 2026 Stats Round Opp P T G MINS AR ARM LB LBA TA OL TK MT TB KM 40/20 PE ER TOTALS 12 16 4 0 868 110 865 1 4 3 28 424 28 18 16 0 1 7 2 8 2 0 80 12 142 1 0 0 1 30 4 1 0 0 0 0 3 0 0 0 80 8 57 0 0 0 3 35 1 3 0 0 1 1 4 4 1 0 80 14 125 0 0 0 1 41 1 4 0 0 0 1 5 0 0 0 85 13 83 0 2 2 4 45 4 5 0 0 0 2 6 0 0 0 80 9 60 0 1 0 3 4"
"wst","Wests Tigers","Kit Laulilii","Lock","1","player_specific_contract_candidate","theaustralian.com.au","false","false","false","contract_or_salary_language|signing_language|term_language|term_length_language","bing-news-rss","Mon, 06 Apr 2026 14:59:00 GMT","Kit Laulilii agrees terms to join brother Luke at Perth Bears, roster now at 17 signings","https://www.theaustralian.com.au/sport/nrl/perth-bears-sign-kit-laulilii-to-join-brother-luke-at-expansion-club-roster-now-at-17-signings/news-story/2209e7900db122237c7008e0e424de32","This masthead can reveal Wests Tigers forward Kit Laulilii has agreed to terms on a two-year contract to join the Bears until the end of 2028. The 21-year-old joins younger brother Luke, the Wests ..."
"wst","Wests Tigers","Kit Laulilii","Lock","2","player_specific_contract_candidate","thechronicle.com.au","false","false","false","signing_language","bing-news-rss","Mon, 06 Apr 2026 15:30:00 GMT","Kit Laulilii agrees terms to join brother Luke at Perth Bears, roster now at 17 signings","https://www.thechronicle.com.au/sport/nrl/perth-bears-sign-kit-laulilii-to-join-brother-luke-at-expansion-club-roster-now-at-17-signings/news-story/2209e7900db122237c7008e0e424de32","Mal Meninga's Bears have created another slice of history by signing their first pair of brothers, a move which takes them past a major milestone in their roster development for their 2027 NRL entry."
"wst","Wests Tigers","Kit Laulilii","Lock","3","player_specific_contract_candidate","zerotackle.com","false","false","true","contract_or_signing_language|contract_table","zerotackle-direct-player-profile","","Kit Laulilii (Wests Tigers) - NRL Stats, News, Contract &amp; Player Profile - Zero Tackle","https://www.zerotackle.com/players/kit-laulilii/","Player Contracts Player Contracts Team 2026 2027 2028 2029 2030 Wests Tigers ✔ Perth Bears ✔ ✔ Stats Latest NRL News Mal Meninga uncovers bold signing strategy for Perth Bears launch Leo Twemlow - May 20, 2026 Latest NRL News Perth Bears hit back with confirmed double signing Leo Twemlow - May 1, 2026 Latest NRL News Brother Bear: Meninga continues recruitment drive with historic signing Leo Twemlow - April 7, 2026 K"
"wst","Wests Tigers","Latu Fainu","Five-Eighth","1","player_specific_contract_candidate","zerotackle.com","false","false","true","contract_or_signing_language|contract_table","zerotackle-direct-player-profile","","Latu Fainu (Wests Tigers) - NRL Stats, News, Contract &amp; Player Profile - Zero Tackle","https://www.zerotackle.com/players/latu-fainu/","Player Contracts Player Contracts Team 2026 2027 2028 2029 2030 Wests Tigers $500K $500K Stats 2026 Stats Round Opp P T G MINS AR ARM LB LBA TA OL TK MT TB KM 40/20 PE ER TOTALS 13 0 0 0 333 28 209 0 0 0 0 180 18 5 0 0 4 1 4 0 0 0 22 2 17 0 0 0 0 14 0 0 0 0 1 0 5 0 0 0 30 4 30 0 0 0 0 11 0 1 0 0 0 0 6 0 0 0 14 2 13 0 0 0 0 9 0 0 0 0 0 1 7 0 0 0 20 3 20 0 0 0 0 14 3 1 0 0 0 0 9 0 0 0 0 0 0 0 0 0 0 0 0 0 0 0 0 0 10 0 0"
"wst","Wests Tigers","Mavrik Geyer","2nd Row","1","player_specific_contract_candidate","ntnews.com.au","false","false","false","contract_or_salary_language|signing_language","bing-news-rss","Sun, 05 Sep 2021 06:44:00 GMT","Penrith Panthers nab Mark Geyer's son, Mavrik Geyer, on development contract","https://www.ntnews.com.au/sport/penrith-panthers-nab-mark-geyers-son-mavrik-geyer-on-development-contract/news-story/ceb0593e5a3e6ea721fe6073c2daf969","Mark Geyer's son, Mavrik Geyer, has been signed on a development contract. The Panthers have confirmed local junior Mavrik Geyer, a talented back rower or prop, has officially committed to the club in ..."
"wst","Wests Tigers","Mavrik Geyer","2nd Row","2","player_specific_contract_candidate","goldcoastbulletin.com.au","false","false","false","signing_language","bing-news-rss","Wed, 24 Jun 2026 15:42:00 GMT","'Special moment for our family': Mavrik Geyer follows his famous father's lead after signing with the Bears","https://www.goldcoastbulletin.com.au/sport/nrl/special-moment-for-our-family-mavrik-geyer-follows-his-famous-fathers-lead-after-signing-with-the-bears/news-story/f77fedcf2cb94cf348cff59558cf1170","Mark played 33 games for the Western Reds, with the fiery forward one of the strongest advocates for the NRL to bring in a Perth franchise. He got his wish with the Bears set to join the competition ..."
"wst","Wests Tigers","Mavrik Geyer","2nd Row","3","player_specific_profile_candidate","news.com.au","false","false","false","","bing-news-rss","Tue, 23 Jun 2026 09:15:00 GMT","Perth Bears tracker: Every player signing so far, top targets, best 17 for 2027 NRL season","https://www.news.com.au/sport/nrl/perth-bears-tracker-every-player-signing-so-far-top-targets-best-17-for-2027-nrl-season/news-story/27dc1d131f98f46d4748ca5ef43787c2","The Bears have continued to shore up their forward pack depth, signing Wests Tigers backrower – and former Penrith Panther – Mavrik Geyer. Geyer follows in the footsteps of his father Mark, who played ..."
"wst","Wests Tigers","Mavrik Geyer","2nd Row","4","player_specific_contract_candidate","zerotackle.com","false","false","true","contract_or_signing_language|contract_table","zerotackle-direct-player-profile","","Mavrik Geyer (Wests Tigers) - NRL Stats, News, Contract &amp; Player Profile - Zero Tackle","https://www.zerotackle.com/players/mavrik-geyer/","Player Contracts Player Contracts Team 2026 2027 2028 2029 2030 Wests Tigers ✔ Perth Bears ✔ ✔ Stats 2026 Stats Round Opp P T G MINS AR ARM LB LBA TA OL TK MT TB KM 40/20 PE ER TOTALS 7 0 0 0 136 20 142 0 0 0 1 64 9 0 14 0 2 1 10 0 0 0 21 6 47 0 0 0 0 5 1 0 14 0 0 0 11 0 0 0 0 0 0 0 0 0 0 0 0 0 0 0 0 0 13 0 0 0 0 0 0 0 0 0 0 0 0 0 0 0 0 0 14 0 0 0 80 6 35 0 0 0 1 40 6 0 0 0 1 0 15 0 0 0 0 0 0 0 0 0 0 0 0 0 0 0 0 0 16"
"wst","Wests Tigers","Patrick Herbert","Centre","1","player_specific_profile_candidate","couriermail.com.au","false","false","false","","bing-news-rss","Sat, 20 Jun 2026 11:19:00 GMT","NRL Round 16: Dolphins win 36-22 over Wests Tigers","https://www.couriermail.com.au/sport/nrl/nrl-round-16-dolphins-win-3622-over-wests-tigers/news-story/d60954cfd473bc75fde5d600770a32d6","Centre Patrick Herbert suffered a dislocated shoulder while halfback Jock Madden failed a head injury assessment which sees the Tigers injury toll mount. Already they were without Adam Doueihi, Alex ..."
"wst","Wests Tigers","Patrick Herbert","Centre","2","player_specific_contract_candidate","zerotackle.com","false","false","true","contract_or_signing_language|contract_table","zerotackle-direct-player-profile","","Patrick Herbert (Wests Tigers) - NRL Stats, News, Contract &amp; Player Profile - Zero Tackle","https://www.zerotackle.com/players/patrick-herbert/","Player Contracts Player Contracts Team 2026 2027 2028 2029 2030 Wests Tigers ✔ ✔ Stats 2026 Stats Round Opp P T G MINS AR ARM LB LBA TA OL TK MT TB KM 40/20 PE ER TOTALS 8 6 1 1 431 66 655 1 3 3 4 89 12 15 0 0 1 6 3 0 0 0 0 0 0 0 0 0 0 0 0 0 0 0 0 0 6 4 1 0 80 15 184 1 1 1 1 12 2 4 0 0 0 2 7 0 0 0 63 6 52 0 1 0 1 19 1 0 0 0 1 1 8 0 0 0 13 2 19 0 0 0 0 2 1 0 0 0 0 0 10 0 0 0 80 13 126 0 0 0 0 14 4 4 0 0 0 1 11 2 0 1 8"
"wst","Wests Tigers","Royce Hunt","Prop","1","player_specific_contract_candidate","zerotackle.com","false","false","true","contract_or_signing_language|contract_table","zerotackle-direct-player-profile","","Royce Hunt (Wests Tigers) - NRL Stats, News, Contract &amp; Player Profile - Zero Tackle","https://www.zerotackle.com/players/royce-hunt/","Player Contracts Player Contracts Team 2026 2027 2028 2029 2030 Wests Tigers ✔ ✔ Stats 2026 Stats Round Opp P T G MINS AR ARM LB LBA TA OL TK MT TB KM 40/20 PE ER TOTALS 12 8 2 0 261 71 751 2 0 0 5 130 13 18 0 0 3 2 2 0 0 0 31 8 99 0 0 0 0 6 2 2 0 0 2 0 3 0 0 0 22 10 102 0 0 0 1 5 0 2 0 0 0 1 4 4 1 0 20 7 59 1 0 0 0 8 0 3 0 0 0 0 5 0 0 0 22 7 76 0 0 0 1 13 0 0 0 0 0 0 6 0 0 0 31 7 59 0 0 0 1 14 1 1 0 0 0 1 7 0 0 0 19"
"wst","Wests Tigers","Samuela Fainu","2nd Row","1","player_specific_contract_candidate","heraldsun.com.au","false","false","false","term_length_language","bing-news-rss","Thu, 12 Mar 2026 06:52:00 GMT","Wests Tigers move to re-sign rising NRL stars Heamasi Makasini, Samuela Fainu","https://www.heraldsun.com.au/sport/nrl/wests-tigers-move-to-resign-rising-nrl-stars-heamasi-makasini-samuela-fainu/news-story/0c7c88f8fddc5a0828d8f01ba1de9101","This masthead can reveal Tigers bosses are ready to open talks on twin five-year deals for Makasini and Fainu as the dynamic duo prepare for their season-opener against the Cowboys at Leichhardt Oval ..."
"wst","Wests Tigers","Samuela Fainu","2nd Row","2","player_specific_contract_candidate","zerotackle.com","false","false","true","contract_or_signing_language|contract_table","zerotackle-direct-player-profile","","Samuela Fainu (Wests Tigers) - NRL Stats, News, Contract &amp; Player Profile - Zero Tackle","https://www.zerotackle.com/players/samuela-fainu/","Player Contracts Player Contracts Team 2026 2027 2028 2029 2030 Wests Tigers $500K $500K Stats 2026 Stats Round Opp P T G MINS AR ARM LB LBA TA OL TK MT TB KM 40/20 PE ER TOTALS 9 12 3 0 668 98 777 4 4 4 12 260 15 23 1 0 5 5 2 4 1 0 80 15 147 1 2 0 2 28 6 6 0 0 0 1 3 4 1 0 80 9 82 1 0 0 0 31 1 4 0 0 0 0 4 0 0 0 80 8 55 0 0 0 0 41 1 0 0 0 3 0 5 0 0 0 85 13 79 0 0 0 2 38 1 0 0 0 1 0 6 0 0 0 63 15 125 0 0 0 2 24 1 5 0 0"
"wst","Wests Tigers","Sione Fainu","Prop","1","player_specific_contract_candidate","zerotackle.com","false","false","true","contract_or_signing_language|contract_table","zerotackle-direct-player-profile","","Sione Fainu (Wests Tigers) - NRL Stats, News, Contract &amp; Player Profile - Zero Tackle","https://www.zerotackle.com/players/sione-fainu/","Player Contracts Player Contracts Team 2026 2027 2028 2029 2030 Wests Tigers ✔ ✔ ✔ ✔ Stats 2026 Stats Round Opp P T G MINS AR ARM LB LBA TA OL TK MT TB KM 40/20 PE ER TOTALS 16 8 2 0 794 142 1312 1 0 0 5 418 35 17 0 0 3 10 2 0 0 0 48 7 71 0 0 0 0 20 0 0 0 0 0 0 3 0 0 0 36 11 142 1 0 0 0 20 0 1 0 0 1 0 4 0 0 0 31 10 79 0 0 0 0 17 1 0 0 0 0 1 5 0 0 0 38 10 97 0 0 0 1 22 1 0 0 0 0 0 6 0 0 0 17 4 44 0 0 0 1 13 0 1 0 0 0 "
"wst","Wests Tigers","Solomone Saukuru","Centre","1","player_specific_contract_candidate","zerotackle.com","false","false","true","contract_or_signing_language|contract_table","zerotackle-direct-player-profile","","Solomone Saukuru (Wests Tigers) - NRL Stats, News, Contract &amp; Player Profile - Zero Tackle","https://www.zerotackle.com/players/solomone-saukuru/","Player Contracts Player Contracts Team 2026 2027 2028 2029 2030 Wests Tigers ✔ Stats NRL Editorial and Opinion Rookie Watch: The TEN best young prospects yet to debut at... Ethan Lee Chalk - November 20, 2025 Solomone Saukuru Tigers duo named and set to front board as breach notice... Ethan Lee Chalk - November 22, 2024 Solomone Saukuru Wests Tigers provide injury update on seven players Ethan Lee Chalk - March 13, 2"
"wst","Wests Tigers","Starford To'a","Centre","1","player_specific_contract_candidate","au.sports.yahoo.com","false","false","false","contract_or_salary_language|signing_language|term_length_language","bing-news-rss","Sun, 21 Jun 2026 17:00:00 GMT","Wests Tigers release outside back from contract","https://au.sports.yahoo.com/wests-tigers-release-outside-back-063343057.html","Wests Tigers centre Starford To'a will join Manly on a two-year deal from 2027 after being granted an early release from the final two seasons of his contract with the joint-venture club. The ..."
"wst","Wests Tigers","Starford To'a","Centre","2","player_specific_contract_candidate","zerotackle.com","false","false","true","contract_or_signing_language|contract_table","zerotackle-direct-player-profile","","Starford To&#039;a (Wests Tigers) - NRL Stats, News, Contract &amp; Player Profile - Zero Tackle","https://www.zerotackle.com/players/starford-toa/","Player Contracts Player Contracts Team 2026 2027 2028 2029 2030 Wests Tigers ✔ Manly Sea Eagles ✔ ✔ Stats 2026 Stats Round Opp P T G MINS AR ARM LB LBA TA OL TK MT TB KM 40/20 PE ER TOTALS 9 8 2 0 574 97 857 4 0 0 3 80 10 17 0 0 2 5 8 0 0 0 80 10 71 0 0 0 0 18 1 1 0 0 0 0 9 0 0 0 80 9 85 0 0 0 0 15 3 1 0 0 0 0 13 0 0 0 53 9 58 0 0 0 0 9 1 0 0 0 0 1 14 0 0 0 0 0 0 0 0 0 0 0 0 0 0 0 0 0 15 4 1 0 80 18 154 1 0 0 1 6 1 2"
"wst","Wests Tigers","Sunia Turuva","Winger","1","player_specific_contract_candidate","foxsports.com.au","false","false","false","contract_or_salary_language","bing-news-rss","Tue, 12 May 2026 06:26:00 GMT","Sunia Turuva snubs PNG, makes big contract call as long-term deal locked in — NRL Daily","https://www.foxsports.com.au/nrl/nrl-premiership/nrl-2026-daily-sunia-turuva-signs-contract-extension-with-wests-tigers-magic-round-round-11/news-story/0fe1ccd09e6db64cff5d73c7066a0eab","WHAT'S GAMBLING REALLY COSTING YOU? Set a deposit limit. For Free and confidential support call 1800 858 858 or visit gamblinghelponline.org.au. Watch every game of every round of the Premiership ..."
"wst","Wests Tigers","Sunia Turuva","Winger","2","player_specific_contract_candidate","smh.com.au","false","false","false","contract_or_salary_language","bing-news-rss","Tue, 12 May 2026 07:14:00 GMT","'I love the Tigers': Why Sunia Turuva was never going to follow Luai to PNG","https://www.smh.com.au/sport/nrl/wests-tigers-re-sign-fourth-star-until-2030-jarome-luai-s-exit-20260512-p5zw17.html","Sunia Turuva never considered following good friend Jarome Luai to the PNG Chiefs – and did not hesitate when the Wests Tigers initiated negotiations about a possible contract extension several weeks ..."
"wst","Wests Tigers","Sunia Turuva","Winger","3","player_specific_contract_candidate","zerotackle.com","false","false","true","contract_or_signing_language|contract_table","zerotackle-direct-player-profile","","Sunia Turuva (Wests Tigers) - NRL Stats, News, Contract &amp; Player Profile - Zero Tackle","https://www.zerotackle.com/players/sunia-turuva/","Player Contracts Player Contracts Team 2026 2027 2028 2029 2030 Wests Tigers $450K ✔ ✔ ✔ ✔ Stats 2026 Stats Round Opp P T G MINS AR ARM LB LBA TA OL TK MT TB KM 40/20 PE ER TOTALS 17 16 4 0 1355 239 2384 11 1 2 7 138 29 51 86 0 1 15 2 0 0 0 80 13 136 0 0 0 1 14 1 6 0 0 0 0 3 0 0 0 80 12 122 0 0 0 0 10 2 5 26 0 0 2 4 4 1 0 80 17 154 1 0 1 1 6 0 3 0 0 0 1 5 0 0 0 85 17 156 1 0 0 0 11 0 4 0 0 0 2 6 12 3 0 80 13 188 5 1 "
"wst","Wests Tigers","Taylan May","Centre","1","player_specific_contract_candidate","couriermail.com.au","false","false","false","term_language","bing-news-rss","Thu, 30 Apr 2026 22:58:00 GMT","Brothers Terrell and Taylan May to stay at Wests Tigers until end of 2030","https://www.couriermail.com.au/sport/nrl/brothers-terrell-and-taylan-may-to-stay-at-wests-tigers-until-end-of-2030/news-story/56be7aa54ebaa63c9591d173efe6c106","Wests Tigers brothers Terrell and Taylan May have sent a shudder through the NRL with a video posted moments before their big news dropped. The club announced the dual re-signing on Friday amid fears ..."
"wst","Wests Tigers","Taylan May","Centre","2","player_specific_contract_candidate","goldcoastbulletin.com.au","false","false","false","term_language","bing-news-rss","Sat, 02 May 2026 10:47:00 GMT","Warriors move to re-sign Tanah Boyd, Wests Tigers extend Terrell and Taylan May deals","https://www.goldcoastbulletin.com.au/sport/nrl/wests-tigers-star-brothers-terrell-and-taylan-may-extend-deals-at-club/news-story/d7b883f352a51420a70b8c57777a7f6c","Boyd, who is contracted until the end of 2027 at the Warriors, but can negotiate with rival clubs starting November 1, is enjoying the most influential form of his career. This masthead can reveal the ..."
"wst","Wests Tigers","Taylan May","Centre","3","player_specific_contract_candidate","cairnspost.com.au","false","false","false","term_language","bing-news-rss","Sat, 02 May 2026 10:47:00 GMT","Warriors move to re-sign Tanah Boyd, Wests Tigers extend Terrell and Taylan May deals","https://www.cairnspost.com.au/sport/nrl/wests-tigers-star-brothers-terrell-and-taylan-may-extend-deals-at-club/news-story/d7b883f352a51420a70b8c57777a7f6c","Boyd, who is contracted until the end of 2027 at the Warriors, but can negotiate with rival clubs starting November 1, is enjoying the most influential form of his career. This masthead can reveal the ..."
"wst","Wests Tigers","Taylan May","Centre","4","player_specific_contract_candidate","thechronicle.com.au","false","false","false","term_language","bing-news-rss","Fri, 01 May 2026 08:18:00 GMT","Brothers Terrell and Taylan May to stay at Wests Tigers until end of 2030","https://www.thechronicle.com.au/sport/nrl/brothers-terrell-and-taylan-may-to-stay-at-wests-tigers-until-end-of-2030/news-story/e0318e45f5e92ad215adc59aa1a1d831","The club announced the dual re-signing on Friday amid fears the pair may follow club captain Jarome Luai in signing for the NRL's newest franchise. Terrell – the club's reigning Kelly-Barnes medallist ..."
"wst","Wests Tigers","Taylan May","Centre","5","player_specific_contract_candidate","zerotackle.com","false","false","true","contract_or_signing_language|contract_table","zerotackle-direct-player-profile","","Taylan May (Wests Tigers) - NRL Stats, News, Contract &amp; Player Profile - Zero Tackle","https://www.zerotackle.com/players/taylan-may/","Player Contracts Player Contracts Team 2026 2027 2028 2029 2030 Wests Tigers $600K ✔ ✔ ✔ ✔ Stats 2026 Stats Round Opp P T G MINS AR ARM LB LBA TA OL TK MT TB KM 40/20 PE ER TOTALS 9 24 6 0 581 103 1041 5 5 4 9 95 19 29 38 0 2 8 2 0 0 0 16 2 22 0 0 0 0 3 0 0 0 0 0 0 7 4 1 0 80 19 177 0 0 0 1 9 4 5 18 0 1 2 8 4 1 0 76 11 110 2 1 1 0 9 3 6 0 0 0 1 9 4 1 0 80 9 150 0 0 0 0 15 0 1 0 0 1 2 10 8 2 0 80 16 179 3 1 0 3 17 1 1"
"wst","Wests Tigers","Terrell May","Prop","1","player_specific_contract_candidate","7news.com.au","false","false","false","signing_language","bing-news-rss","Sun, 17 Nov 2024 07:18:00 GMT","Terrell May makes stunning decision to join Wests Tigers as NRL wooden spooners load up for 2025","https://7news.com.au/sport/rugby-league/terrell-may-makes-stunning-decision-to-join-wests-tigers-as-nrl-wooden-spooners-load-up-for-2025-c-16788946","Wests Tigers have won the race for Terrell May after the Sydney Roosters unexpectedly told the in-demand prop his services were no longer required. AAP understands May has verbally agreed to join the ..."
"wst","Wests Tigers","Terrell May","Prop","2","player_specific_profile_candidate","theaustralian.com.au","false","false","false","","bing-news-rss","Tue, 02 Jun 2026 05:40:00 GMT","Terrell May reveals reasons behind quiet off-season which prompted rumours to reach boiling point","https://www.theaustralian.com.au/sport/nrl/terrell-may-reveals-reasons-behind-quiet-offseason-which-prompted-rumours-to-reach-boiling-point/news-story/094d21ba596878d21998c52bb308d3c2","May guarantees that couldn't be further from the truth. He went quiet on his popular social media accounts, was nowhere to be seen on the Tigers' feed, and speculation grew that there was trouble in ..."
"wst","Wests Tigers","Terrell May","Prop","3","player_specific_profile_candidate","au.sports.yahoo.com","false","false","false","","bing-news-rss","Mon, 01 Jun 2026 17:00:00 GMT","NRL denies Terrell May blacklist claims","https://au.sports.yahoo.com/nrl-denies-terrell-may-blacklist-231731389.html","The NRL has denied claims that Wests Tigers star prop Terrell May has been blacklisted from appearing on their social media channels. May appeared on former NRL star Josh Mansour's podcast, Unscripted ..."
"wst","Wests Tigers","Terrell May","Prop","4","player_specific_profile_candidate","au.sports.yahoo.com","false","false","false","","bing-news-rss","Sat, 30 May 2026 17:00:00 GMT","Terrell May reveals the reason behind failed Panther's reunion","https://au.sports.yahoo.com/terrell-may-reveals-reason-behind-222610426.html","Terrell May has revealed he came close to returning to Penrith before a meeting with Panthers CEO Matt Cameron convinced him to walk away from the club he once considered home. Speaking on Josh ..."
"wst","Wests Tigers","Terrell May","Prop","5","player_specific_contract_candidate","zerotackle.com","false","false","true","contract_or_signing_language|contract_table","zerotackle-direct-player-profile","","Terrell May (Wests Tigers) - NRL Stats, News, Contract &amp; Player Profile - Zero Tackle","https://www.zerotackle.com/players/terrell-may/","Player Contracts Player Contracts Team 2026 2027 2028 2029 2030 Wests Tigers $700K $700K $1M $1M $1M Stats 2026 Stats Round Opp P T G MINS AR ARM LB LBA TA OL TK MT TB KM 40/20 PE ER TOTALS 16 4 1 0 1048 283 2535 3 0 0 39 648 12 53 0 0 6 8 2 0 0 0 53 18 155 0 0 0 4 24 0 4 0 0 0 0 3 0 0 0 61 15 121 0 0 0 2 34 0 4 0 0 1 1 4 0 0 0 50 7 58 0 0 0 1 43 1 2 0 0 1 0 5 0 0 0 54 17 129 0 0 0 4 36 2 7 0 0 0 0 6 4 1 0 68 23 224 "
"wst","Wests Tigers","Tony Sukkar","2nd Row","1","player_specific_contract_candidate","zerotackle.com","false","false","true","contract_or_signing_language|contract_table","zerotackle-direct-player-profile","","Tony Sukkar (Wests Tigers) - NRL Stats, News, Contract &amp; Player Profile - Zero Tackle","https://www.zerotackle.com/players/tony-sukkar/","Player Contracts Player Contracts Team 2026 2027 2028 2029 2030 Wests Tigers ✔ Stats 2026 Stats Round Opp P T G MINS AR ARM LB LBA TA OL TK MT TB KM 40/20 PE ER TOTALS 7 4 1 0 356 46 409 1 0 0 0 174 9 7 0 0 0 1 6 0 0 0 0 0 0 0 0 0 0 0 0 0 0 0 0 0 9 0 0 0 60 9 85 0 0 0 0 39 1 0 0 0 0 0 15 0 0 0 70 7 54 0 0 0 0 30 2 4 0 0 0 0 16 0 0 0 80 12 125 0 0 0 0 45 1 0 0 0 0 0 17 4 1 0 66 11 93 1 0 0 0 29 1 3 0 0 0 1 18 0 0 0 80"
"wst","Wests Tigers","Tristan Hope","Hooker","1","player_specific_contract_candidate","zerotackle.com","false","false","true","contract_or_signing_language|contract_table","zerotackle-direct-player-profile","","Tristan Hope (Wests Tigers) - NRL Stats, News, Contract &amp; Player Profile - Zero Tackle","https://www.zerotackle.com/players/tristan-hope/","Player Contracts Player Contracts Team 2026 2027 2028 2029 2030 Wests Tigers ✔ Stats 2026 Stats Round Opp P T G MINS AR ARM LB LBA TA OL TK MT TB KM 40/20 PE ER TOTALS 10 0 0 0 233 20 118 0 0 0 0 156 9 3 23 0 1 1 2 0 0 0 0 0 0 0 0 0 0 0 0 0 0 0 0 0 3 0 0 0 20 3 9 0 0 0 0 13 0 0 0 0 0 0 4 0 0 0 0 0 0 0 0 0 0 0 0 0 0 0 0 0 5 0 0 0 0 0 0 0 0 0 0 0 0 0 0 0 0 0 6 0 0 0 0 0 0 0 0 0 0 0 0 0 0 0 0 0 8 0 0 0 0 0 0 0 0 0 0 0 0"
"wst","Wests Tigers","Faaletino Tavana","Fullback","1","player_specific_contract_candidate","theaustralian.com.au","false","false","false","term_length_language","bing-news-rss","Sat, 04 Apr 2026 17:00:00 GMT","How new Wests Tigers winger Faaletino Tavana saved his NRL career from the brink","https://www.theaustralian.com.au/sport/nrl/how-new-wests-tigers-winger-faaletino-tavana-saved-his-nrl-career-from-the-brink/news-story/342f4c8b63bbc0e672d20d3b811bff38","The 21-year-old Faaletino Tavana has taken the NRL by storm, scoring one of the great tries in pre-season before playing a pivotal role in last week's 32-14 win over New Zealand. But before his ..."
"wst","Wests Tigers","William Craig","Winger","1","player_specific_contract_candidate","zerotackle.com","false","false","true","contract_or_signing_language|contract_table","zerotackle-direct-player-profile","","William Craig (Wests Tigers) - NRL Stats, News, Contract &amp; Player Profile - Zero Tackle","https://www.zerotackle.com/players/william-craig/","Player Contracts Player Contracts Team 2026 2027 2028 2029 2030 Wests Tigers ✔ Stats William Craig Wests Tigers extend duo, confirm development list Ethan Lee Chalk - October 24, 2024 William Craig Another Wests Tigers outside back set to depart for rival Ethan Lee Chalk - August 20, 2024 Latest News FULL TIME: Storm vs Titans &#8211; Round 19, 2026 July 12, 2026 FULL TIME: Sea Eagles vs Cowboys &#8211; Round 19, 202"
