"teamId","teamName","player","position","articleUse","signals","title","url","publishedAt","titleMentionsPlayer","articleMentionsPlayer","textSample"
"bri","Brisbane Broncos","Reece Walsh","Fullback","no_official_club_signing_article_found","","","","","","",""
"bri","Brisbane Broncos","Grant Anderson","Winger","player_specific_contract_candidate","contract_or_signing_language|term_language|term_length_language","Barnett Signs with Broncos as Club Supports Anderson Release","https://www.broncos.com.au/news/2026/04/16/barnett-signs-with-broncos-as-club-supports-anderson-release/","2026-04-16T08:00:00+00:00","false","true","Title: Barnett Signs with Broncos as Club Supports Anderson Release URL Source: https://www.broncos.com.au/news/2026/04/16/barnett-signs-with-broncos-as-club-supports-anderson-release/ Published Time: 2026-04-16T08:00:00+00:00 Markdown Content: [Skip to main content](https://www.broncos.com.au/news/2026/04/16/barnett-signs-with-broncos-as-club-supports-anderson-release/#main-content) ## Main [![Image 3: broncos logo](https://www.broncos.com.au/Recycle-Bin/broncos-badge-light.svg)![Image 4: broncos logo](https://www.broncos.com.au/globalassets/.lookups/themes/broncos-text.svg)](https://www.broncos.com.au/) [](https://www.broncos.com.au/search/) * [News](https://www.broncos.com.au/news/) * [NR"
"bri","Brisbane Broncos","Kotoni Staggs","Centre","no_official_club_signing_article_found","","","","","","",""
"bri","Brisbane Broncos","Gehamat Shibasaki","Centre","no_official_club_signing_article_found","","","","","","",""
"bri","Brisbane Broncos","Deine Mariner","Winger","no_official_club_signing_article_found","","","","","","",""
"bri","Brisbane Broncos","Ezra Mam","Five-Eighth","no_official_club_signing_article_found","","","","","","",""
"bri","Brisbane Broncos","Adam Reynolds","Halfback","no_official_club_signing_article_found","","","","","","",""
"bri","Brisbane Broncos","Corey Jensen","Prop","no_official_club_signing_article_found","","","","","","",""
"bri","Brisbane Broncos","Ben Hunt","Hooker","player_specific_contract_candidate","contract_or_signing_language|term_language|term_length_language","Hunt Signs On Through 2027","https://www.broncos.com.au/news/2026/06/22/hunt-signs-on-through-2027/","2026-06-22T09:00:00+00:00","false","true","Title: Hunt Signs On Through 2027 URL Source: https://www.broncos.com.au/news/2026/06/22/hunt-signs-on-through-2027/ Published Time: 2026-06-22T09:00:00+00:00 Markdown Content: [Skip to main content](https://www.broncos.com.au/news/2026/06/22/hunt-signs-on-through-2027/#main-content) ## Main [![Image 3: broncos logo](https://www.broncos.com.au/Recycle-Bin/broncos-badge-light.svg)![Image 4: broncos logo](https://www.broncos.com.au/globalassets/.lookups/themes/broncos-text.svg)](https://www.broncos.com.au/) [](https://www.broncos.com.au/search/) * [News](https://www.broncos.com.au/news/) * [NRLW News](https://www.broncos.com.au/nrlw-hub/) * [Watch](https://www.broncos.com.au/watch/) * [Draw](h"
"bri","Brisbane Broncos","Payne Haas","Prop","no_official_club_signing_article_found","","","","","","",""
"bri","Brisbane Broncos","Brendan Piakura","2nd Row","no_official_club_signing_article_found","","","","","","",""
"bri","Brisbane Broncos","Jordan Riki","2nd Row","no_official_club_signing_article_found","","","","","","",""
"bri","Brisbane Broncos","Patrick Carrigan","Lock","no_official_club_signing_article_found","","","","","","",""
"bri","Brisbane Broncos","Billy Walters","Interchange","no_official_club_signing_article_found","","","","","","",""
"bri","Brisbane Broncos","Xavier Willison","Interchange","no_official_club_signing_article_found","","","","","","",""
"bri","Brisbane Broncos","Jack Gosiewski","Interchange","no_official_club_signing_article_found","","","","","","",""
"bri","Brisbane Broncos","Aublix Tawha","Interchange","no_official_club_signing_article_found","","","","","","",""
"bri","Brisbane Broncos","Ben Talty","Unknown","no_official_club_signing_article_found","","","","","","",""
"bri","Brisbane Broncos","Blake Mozer","Unknown","no_official_club_signing_article_found","","","","","","",""
"bri","Brisbane Broncos","Ben Te Kura","Unknown","no_official_club_signing_article_found","","","","","","",""
"bri","Brisbane Broncos","Cory Paix","Unknown","no_official_club_signing_article_found","","","","","","",""
"bri","Brisbane Broncos","Delouise Hoeter","Unknown","no_official_club_signing_article_found","","","","","","",""
"bri","Brisbane Broncos","Hayze Perham","Unknown","no_official_club_signing_article_found","","","","","","",""
"bri","Brisbane Broncos","Jaiyden Hunt","Unknown","no_official_club_signing_article_found","","","","","","",""
"bri","Brisbane Broncos","Jesse Arthars","Unknown","no_official_club_signing_article_found","","","","","","",""
"bri","Brisbane Broncos","Josh Rogers","Unknown","no_official_club_signing_article_found","","","","","","",""
"bri","Brisbane Broncos","Josiah Karapani","Unknown","no_official_club_signing_article_found","","","","","","",""
"bri","Brisbane Broncos","Tom Duffy","Unknown","no_official_club_signing_article_found","","","","","","",""
"can","Canberra Raiders","Kaeo Weekes","Fullback","player_specific_profile_candidate","","Signings Kaeo Weekes Re-Signs with the Raiders","https://www.raiders.com.au/news/2024/09/24/kaeo-weekes-re-signs-with-the-raiders/","","false","false","RateLimitTriggeredError: Per IP rate limit exceeded"
"can","Canberra Raiders","Kaeo Weekes","Fullback","player_specific_profile_candidate","","Signings Kaeo Weekes signs with the Raiders","https://www.raiders.com.au/news/2023/10/25/kaeo-weekes-signs-with-the-raiders/","","false","false","RateLimitTriggeredError: Per IP rate limit exceeded"
"can","Canberra Raiders","Savelio Tamale","Winger","player_specific_contract_candidate","contract_or_signing_language|term_language","Raiders Re-Sign Savelio Tamale","https://www.raiders.com.au/news/2025/07/01/raiders-re-sign-savelio-tamale/","2025-06-30T23:24:25+00:00","true","true","Title: Raiders Re-Sign Savelio Tamale URL Source: https://www.raiders.com.au/news/2025/07/01/raiders-re-sign-savelio-tamale/ Published Time: 2025-06-30T23:24:25+00:00 Markdown Content: [Skip to main content](https://www.raiders.com.au/news/2025/07/01/raiders-re-sign-savelio-tamale/#main-content) ## Main [![Image 2: raiders logo](https://www.raiders.com.au/.theme/raiders/badge-light.svg?bust=202607060241)![Image 3: raiders logo](https://www.raiders.com.au/.theme/raiders/text.svg?bust=202607060241)](https://www.raiders.com.au/) [](https://www.raiders.com.au/search/) * [News](https://www.raiders.com.au/news/) * [Video](https://www.raiders.com.au/watch/) * [Draw](https://www.raiders.com.au/draw/"
"can","Canberra Raiders","Matthew Timoko","Centre","no_official_club_signing_article_found","","","","","","",""
"can","Canberra Raiders","Sebastian Kris","Centre","player_specific_profile_candidate","","Signings Raiders Re-Sign Sebastian Kris and Xavier Savage","https://www.raiders.com.au/news/2021/06/29/raiders-re-sign-sebastian-kris-and-xavier-savage/","","false","false","RateLimitTriggeredError: Per IP rate limit exceeded"
"can","Canberra Raiders","Xavier Savage","Winger","player_specific_profile_candidate","","Signings Xavier Savage Re-Signs with the Raiders","https://www.raiders.com.au/news/2022/08/18/xavier-savage-re-signs-with-the-raiders/","","false","false","RateLimitTriggeredError: Per IP rate limit exceeded"
"can","Canberra Raiders","Xavier Savage","Winger","player_specific_profile_candidate","","Signings Raiders Re-Sign Sebastian Kris and Xavier Savage","https://www.raiders.com.au/news/2021/06/29/raiders-re-sign-sebastian-kris-and-xavier-savage/","","false","false","RateLimitTriggeredError: Per IP rate limit exceeded"
"can","Canberra Raiders","Ethan Strange","Five-Eighth","player_specific_profile_candidate","","Signings Ethan Strange remains a Raider until end of","https://www.raiders.com.au/news/2024/04/17/ethan-strange-remains-a-raider-until-end-of-2028/","","false","false","RateLimitTriggeredError: Per IP rate limit exceeded"
"can","Canberra Raiders","Ethan Sanders","Halfback","no_official_club_signing_article_found","","","","","","",""
"can","Canberra Raiders","Josh Papali'i","Prop","no_official_club_signing_article_found","","","","","","",""
"can","Canberra Raiders","Tom Starling","Hooker","player_specific_profile_candidate","","Signings Tom Starling Re-Signs with the Raiders","https://www.raiders.com.au/news/2025/05/16/tom-starling-re-signs-with-the-raiders/","","false","false","RateLimitTriggeredError: Per IP rate limit exceeded"
"can","Canberra Raiders","Tom Starling","Hooker","player_specific_profile_candidate","","Signings Raiders re-sign Tom Starling and sign Simi Sasagi","https://www.raiders.com.au/news/2023/08/22/raiders-re-sign-tom-starling-and-sign-simi-sasagi/","","false","false","RateLimitTriggeredError: Per IP rate limit exceeded"
"can","Canberra Raiders","Joseph Tapine","Prop","no_official_club_signing_article_found","","","","","","",""
"can","Canberra Raiders","Hudson Young","2nd Row","player_specific_profile_candidate","","Signings Hudson Young Re-Signs with the Raiders","https://www.raiders.com.au/news/2023/09/08/hudson-young-re-signs-with-the-raiders/","","false","false","RateLimitTriggeredError: Per IP rate limit exceeded"
"can","Canberra Raiders","Hudson Young","2nd Row","player_specific_profile_candidate","","Signings Hudson Young Re-Signs with the Raiders","https://www.raiders.com.au/news/2021/03/11/hudson-young-re-signs-with-the-raiders/","","false","false","RateLimitTriggeredError: Per IP rate limit exceeded"
"can","Canberra Raiders","Noah Martin","2nd Row","no_official_club_signing_article_found","","","","","","",""
"can","Canberra Raiders","Corey Horsburgh","Lock","player_specific_profile_candidate","","Signings Corey Horsburgh Re-Signs with the Raiders","https://www.raiders.com.au/news/2023/09/20/corey-horsburgh-re-signs-with-the-raiders/","","false","false","RateLimitTriggeredError: Per IP rate limit exceeded"
"can","Canberra Raiders","Jayden Brailey","Interchange","player_specific_profile_candidate","","Signings Raiders Sign Jayden Brailey","https://www.raiders.com.au/news/2025/03/26/raiders-sign-jayden-brailey/","","false","false","RateLimitTriggeredError: Per IP rate limit exceeded"
"can","Canberra Raiders","Zac Hosking","Interchange","player_specific_contract_candidate","contract_or_signing_language|term_language|term_length_language","Simi Sasagi Re-Signs with the Raiders","https://www.raiders.com.au/news/2025/08/20/simi-sasagi-re-signs-with-the-raiders/","2025-08-19T22:58:19+00:00","false","true","Title: Simi Sasagi Re-Signs with the Raiders URL Source: https://www.raiders.com.au/news/2025/08/20/simi-sasagi-re-signs-with-the-raiders/ Published Time: 2025-08-19T22:58:19+00:00 Markdown Content: [Skip to main content](https://www.raiders.com.au/news/2025/08/20/simi-sasagi-re-signs-with-the-raiders/#main-content) ## Main [![Image 2: raiders logo](https://www.raiders.com.au/.theme/raiders/badge-light.svg?bust=202607060241)![Image 3: raiders logo](https://www.raiders.com.au/.theme/raiders/text.svg?bust=202607060241)](https://www.raiders.com.au/) [](https://www.raiders.com.au/search/) * [News](https://www.raiders.com.au/news/) * [Video](https://www.raiders.com.au/watch/) * [Draw](https://www"
"can","Canberra Raiders","Zac Hosking","Interchange","player_specific_profile_candidate","","Signings Raiders Re-Sign Zac Hosking","https://www.raiders.com.au/news/2025/07/17/raiders-re-sign-zac-hosking/","","false","false","RateLimitTriggeredError: Per IP rate limit exceeded"
"can","Canberra Raiders","Zac Hosking","Interchange","player_specific_contract_candidate","contract_or_signing_language|term_language","Raiders Re-Sign Savelio Tamale","https://www.raiders.com.au/news/2025/07/01/raiders-re-sign-savelio-tamale/","2025-06-30T23:24:25+00:00","false","true","Title: Raiders Re-Sign Savelio Tamale URL Source: https://www.raiders.com.au/news/2025/07/01/raiders-re-sign-savelio-tamale/ Published Time: 2025-06-30T23:24:25+00:00 Markdown Content: [Skip to main content](https://www.raiders.com.au/news/2025/07/01/raiders-re-sign-savelio-tamale/#main-content) ## Main [![Image 2: raiders logo](https://www.raiders.com.au/.theme/raiders/badge-light.svg?bust=202607060241)![Image 3: raiders logo](https://www.raiders.com.au/.theme/raiders/text.svg?bust=202607060241)](https://www.raiders.com.au/) [](https://www.raiders.com.au/search/) * [News](https://www.raiders.com.au/news/) * [Video](https://www.raiders.com.au/watch/) * [Draw](https://www.raiders.com.au/draw/"
"can","Canberra Raiders","Zac Hosking","Interchange","player_specific_contract_candidate","contract_or_signing_language|term_length_language","Adam Elliott Signs with the Raiders","https://www.raiders.com.au/news/2021/11/02/adam-elliott-signs-with-the-raiders/","2021-11-01T23:21:38+00:00","false","true","Title: Adam Elliott Signs with the Raiders URL Source: https://www.raiders.com.au/news/2021/11/02/adam-elliott-signs-with-the-raiders/ Published Time: 2021-11-01T23:21:38+00:00 Markdown Content: [Skip to main content](https://www.raiders.com.au/news/2021/11/02/adam-elliott-signs-with-the-raiders/#main-content) ## Main [![Image 1: raiders logo](https://www.raiders.com.au/.theme/raiders/badge-light.svg?bust=202607060241)![Image 2: raiders logo](https://www.raiders.com.au/.theme/raiders/text.svg?bust=202607060241)](https://www.raiders.com.au/) [](https://www.raiders.com.au/search/) * [News](https://www.raiders.com.au/news/) * [Video](https://www.raiders.com.au/watch/) * [Draw](https://www.raide"
"can","Canberra Raiders","Morgan Smithies","Interchange","player_specific_profile_candidate","","Signings Morgan Smithies Signs with the Raiders","https://www.raiders.com.au/news/2023/10/31/morgan-smithies-signs-with-the-raiders/","","false","false","RateLimitTriggeredError: Per IP rate limit exceeded"
"can","Canberra Raiders","Simi Sasagi","Interchange","player_specific_contract_candidate","contract_or_signing_language|term_language|term_length_language","Simi Sasagi Re-Signs with the Raiders","https://www.raiders.com.au/news/2025/08/20/simi-sasagi-re-signs-with-the-raiders/","2025-08-19T22:58:19+00:00","true","true","Title: Simi Sasagi Re-Signs with the Raiders URL Source: https://www.raiders.com.au/news/2025/08/20/simi-sasagi-re-signs-with-the-raiders/ Published Time: 2025-08-19T22:58:19+00:00 Markdown Content: [Skip to main content](https://www.raiders.com.au/news/2025/08/20/simi-sasagi-re-signs-with-the-raiders/#main-content) ## Main [![Image 2: raiders logo](https://www.raiders.com.au/.theme/raiders/badge-light.svg?bust=202607060241)![Image 3: raiders logo](https://www.raiders.com.au/.theme/raiders/text.svg?bust=202607060241)](https://www.raiders.com.au/) [](https://www.raiders.com.au/search/) * [News](https://www.raiders.com.au/news/) * [Video](https://www.raiders.com.au/watch/) * [Draw](https://www"
"can","Canberra Raiders","Simi Sasagi","Interchange","player_specific_contract_candidate","contract_or_signing_language|term_language","Raiders Re-Sign Savelio Tamale","https://www.raiders.com.au/news/2025/07/01/raiders-re-sign-savelio-tamale/","2025-06-30T23:24:25+00:00","false","true","Title: Raiders Re-Sign Savelio Tamale URL Source: https://www.raiders.com.au/news/2025/07/01/raiders-re-sign-savelio-tamale/ Published Time: 2025-06-30T23:24:25+00:00 Markdown Content: [Skip to main content](https://www.raiders.com.au/news/2025/07/01/raiders-re-sign-savelio-tamale/#main-content) ## Main [![Image 2: raiders logo](https://www.raiders.com.au/.theme/raiders/badge-light.svg?bust=202607060241)![Image 3: raiders logo](https://www.raiders.com.au/.theme/raiders/text.svg?bust=202607060241)](https://www.raiders.com.au/) [](https://www.raiders.com.au/search/) * [News](https://www.raiders.com.au/news/) * [Video](https://www.raiders.com.au/watch/) * [Draw](https://www.raiders.com.au/draw/"
"can","Canberra Raiders","Simi Sasagi","Interchange","player_specific_profile_candidate","","Signings Raiders re-sign Tom Starling and sign Simi Sasagi","https://www.raiders.com.au/news/2023/08/22/raiders-re-sign-tom-starling-and-sign-simi-sasagi/","","false","false","RateLimitTriggeredError: Per IP rate limit exceeded"
"can","Canberra Raiders","Simi Sasagi","Interchange","player_specific_contract_candidate","contract_or_signing_language|term_length_language","Adam Elliott Signs with the Raiders","https://www.raiders.com.au/news/2021/11/02/adam-elliott-signs-with-the-raiders/","2021-11-01T23:21:38+00:00","false","true","Title: Adam Elliott Signs with the Raiders URL Source: https://www.raiders.com.au/news/2021/11/02/adam-elliott-signs-with-the-raiders/ Published Time: 2021-11-01T23:21:38+00:00 Markdown Content: [Skip to main content](https://www.raiders.com.au/news/2021/11/02/adam-elliott-signs-with-the-raiders/#main-content) ## Main [![Image 1: raiders logo](https://www.raiders.com.au/.theme/raiders/badge-light.svg?bust=202607060241)![Image 2: raiders logo](https://www.raiders.com.au/.theme/raiders/text.svg?bust=202607060241)](https://www.raiders.com.au/) [](https://www.raiders.com.au/search/) * [News](https://www.raiders.com.au/news/) * [Video](https://www.raiders.com.au/watch/) * [Draw](https://www.raide"
"can","Canberra Raiders","Ata Mariota","Unknown","no_official_club_signing_article_found","","","","","","",""
"can","Canberra Raiders","Chevy Stewart","Unknown","no_official_club_signing_article_found","","","","","","",""
"can","Canberra Raiders","Coby Black","Unknown","no_official_club_signing_article_found","","","","","","",""
"can","Canberra Raiders","Daine Laurie","Unknown","no_official_club_signing_article_found","","","","","","",""
"can","Canberra Raiders","Jake Clydesdale","Unknown","no_official_club_signing_article_found","","","","","","",""
"can","Canberra Raiders","Joe Roddy","Unknown","player_specific_profile_candidate","","Signings Joe Roddy extends with Raiders until end of","https://www.raiders.com.au/news/2026/06/25/joe-roddy-extends-with-raiders-until-end-of-2030/","","false","false","RateLimitTriggeredError: Per IP rate limit exceeded"
"can","Canberra Raiders","Matty Nicholson","Unknown","player_specific_profile_candidate","","Signings Raiders Sign Matty Nicholson","https://www.raiders.com.au/news/2024/07/12/raiders-sign-matty-nicholson/","","false","false","RateLimitTriggeredError: Per IP rate limit exceeded"
"can","Canberra Raiders","Michael Asomua","Unknown","no_official_club_signing_article_found","","","","","","",""
"can","Canberra Raiders","Myles Martin","Unknown","no_official_club_signing_article_found","","","","","","",""
"can","Canberra Raiders","Owen Pattie","Unknown","no_official_club_signing_article_found","","","","","","",""
"can","Canberra Raiders","Sione Finau","Unknown","no_official_club_signing_article_found","","","","","","",""
"can","Canberra Raiders","Vena Patuki-Case","Unknown","no_official_club_signing_article_found","","","","","","",""
"cby","Canterbury-Bankstown Bulldogs","Connor Tracey","Fullback","player_specific_profile_candidate","","Club News Canterbury Confirms Connor Tracey Signing","https://www.bulldogs.com.au/news/2023/11/28/canterbury-confirms-connor-tracey-signing/","","false","false","RateLimitTriggeredError: Per IP rate limit exceeded"
"cby","Canterbury-Bankstown Bulldogs","Jacob Kiraz","Winger","player_specific_profile_candidate","","Club News Jacob Kiraz Commits to the Bulldogs Through","https://www.bulldogs.com.au/news/2023/10/20/jacob-kiraz-commits-to-the-bulldogs-through-2027/","","false","false","RateLimitTriggeredError: Per IP rate limit exceeded"
"cby","Canterbury-Bankstown Bulldogs","Bronson Xerri","Centre","no_official_club_signing_article_found","","","","","","",""
"cby","Canterbury-Bankstown Bulldogs","Stephen Crichton","Centre","player_specific_contract_candidate","contract_or_signing_language|term_language|term_length_language","Skip Commits: Crichton Signs Long-Term Contract Extension","https://www.bulldogs.com.au/news/2025/10/02/skip-commits-crichton-signs-long-term-contract-extension/","2025-10-02T05:00:28+00:00","false","true","Title: Skip Commits: Crichton Signs Long-Term Contract Extension URL Source: https://www.bulldogs.com.au/news/2025/10/02/skip-commits-crichton-signs-long-term-contract-extension/ Published Time: 2025-10-02T05:00:28+00:00 Markdown Content: [Skip to main content](https://www.bulldogs.com.au/news/2025/10/02/skip-commits-crichton-signs-long-term-contract-extension/#main-content) ## Main [![Image 2: bulldogs logo](https://www.bulldogs.com.au/globalassets/.lookups/themes/bulldogs-badge.svg)![Image 3: bulldogs logo](https://www.bulldogs.com.au/globalassets/.lookups/themes/bulldogs_text.svg)](https://www.bulldogs.com.au/) [](https://www.bulldogs.com.au/search/) * [News](https://www.bulldogs.com.au/n"
"cby","Canterbury-Bankstown Bulldogs","Marcelo Montoya","Winger","no_official_club_signing_article_found","","","","","","",""
"cby","Canterbury-Bankstown Bulldogs","Matt Burton","Five-Eighth","no_official_club_signing_article_found","","","","","","",""
"cby","Canterbury-Bankstown Bulldogs","Lachlan Galvin","Halfback","player_specific_profile_candidate","","Bulldogs Bulldogs Confirm Signing of Lachlan Galvin","https://www.bulldogs.com.au/news/2025/05/30/bulldogs-confirm-signing-of-lachlan-galvin/","","false","false","RateLimitTriggeredError: Per IP rate limit exceeded"
"cby","Canterbury-Bankstown Bulldogs","Max King","Prop","no_official_club_signing_article_found","","","","","","",""
"cby","Canterbury-Bankstown Bulldogs","Bailey Hayward","Hooker","no_official_club_signing_article_found","","","","","","",""
"cby","Canterbury-Bankstown Bulldogs","Leo Thompson","Prop","player_specific_profile_candidate","","Signings Bulldogs Sign Leo Thompson for","https://www.bulldogs.com.au/news/2025/01/03/bulldogs-sign-leo-thompson-for-2026/","","false","false","RateLimitTriggeredError: Per IP rate limit exceeded"
"cby","Canterbury-Bankstown Bulldogs","Viliame Kikau","2nd Row","no_official_club_signing_article_found","","","","","","",""
"cby","Canterbury-Bankstown Bulldogs","Jacob Preston","2nd Row","no_official_club_signing_article_found","","","","","","",""
"cby","Canterbury-Bankstown Bulldogs","Jaeman Salmon","Lock","player_specific_contract_candidate","term_language|term_length_language","Salmon Signs On","https://www.bulldogs.com.au/news/2025/04/08/salmon-signs-on/","2025-04-08T02:36:29+00:00","false","true","Title: Salmon Signs On URL Source: https://www.bulldogs.com.au/news/2025/04/08/salmon-signs-on/ Published Time: 2025-04-08T02:36:29+00:00 Markdown Content: [Skip to main content](https://www.bulldogs.com.au/news/2025/04/08/salmon-signs-on/#main-content) ## Main [![Image 2: bulldogs logo](https://www.bulldogs.com.au/globalassets/.lookups/themes/bulldogs-badge.svg)![Image 3: bulldogs logo](https://www.bulldogs.com.au/globalassets/.lookups/themes/bulldogs_text.svg)](https://www.bulldogs.com.au/) [](https://www.bulldogs.com.au/search/) * [News](https://www.bulldogs.com.au/news/) * [Video](https://www.bulldogs.com.au/watch/) * [Draw](https://www.bulldogs.com.au/draw/) * [Ladder](https://www.bulld"
"cby","Canterbury-Bankstown Bulldogs","Kurt Mann","Interchange","no_official_club_signing_article_found","","","","","","",""
"cby","Canterbury-Bankstown Bulldogs","Sitili Tupouniua","Interchange","no_official_club_signing_article_found","","","","","","",""
"cby","Canterbury-Bankstown Bulldogs","Josh Curran","Interchange","player_specific_profile_candidate","","Signings Josh Curran Extends as a Bulldog","https://www.bulldogs.com.au/news/2024/10/02/josh-curran-extends-as-a-bulldog/","","false","false","RateLimitTriggeredError: Per IP rate limit exceeded"
"cby","Canterbury-Bankstown Bulldogs","Josh Curran","Interchange","player_specific_contract_candidate","contract_or_signing_language|term_language|term_length_language","A Curran Affair: Canterbury confirm a 2024 move","https://www.bulldogs.com.au/news/2023/10/26/a-curran-affair-canterbury-confirm-a-2024-move/","2023-10-26T00:26:38+00:00","false","true","Title: A Curran Affair: Canterbury confirm a 2024 move URL Source: https://www.bulldogs.com.au/news/2023/10/26/a-curran-affair-canterbury-confirm-a-2024-move/ Published Time: 2023-10-26T00:26:38+00:00 Markdown Content: [Skip to main content](https://www.bulldogs.com.au/news/2023/10/26/a-curran-affair-canterbury-confirm-a-2024-move/#main-content) ## Main [![Image 2: bulldogs logo](https://www.bulldogs.com.au/globalassets/.lookups/themes/bulldogs-badge.svg)![Image 3: bulldogs logo](https://www.bulldogs.com.au/globalassets/.lookups/themes/bulldogs_text.svg)](https://www.bulldogs.com.au/) [](https://www.bulldogs.com.au/search/) * [News](https://www.bulldogs.com.au/news/) * [Video](https://www.bu"
"cby","Canterbury-Bankstown Bulldogs","Samuel Hughes","Interchange","no_official_club_signing_article_found","","","","","","",""
"cby","Canterbury-Bankstown Bulldogs","Daniel Suluka-Fifita","Unknown","no_official_club_signing_article_found","","","","","","",""
"cby","Canterbury-Bankstown Bulldogs","Enari Tuala","Unknown","player_specific_profile_candidate","","Bulldogs Enari Tuala Joins Bulldogs","https://www.bulldogs.com.au/news/2024/11/12/enari-tuala-joins-bulldogs/","","false","false","RateLimitTriggeredError: Per IP rate limit exceeded"
"cby","Canterbury-Bankstown Bulldogs","Finau Latu","Unknown","no_official_club_signing_article_found","","","","","","",""
"cby","Canterbury-Bankstown Bulldogs","Harry Hayes","Unknown","no_official_club_signing_article_found","","","","","","",""
"cby","Canterbury-Bankstown Bulldogs","Jack Todd","Unknown","no_official_club_signing_article_found","","","","","","",""
"cby","Canterbury-Bankstown Bulldogs","Jake Turpin","Unknown","no_official_club_signing_article_found","","","","","","",""
"cby","Canterbury-Bankstown Bulldogs","Jonathan Sua","Unknown","no_official_club_signing_article_found","","","","","","",""
"cby","Canterbury-Bankstown Bulldogs","Kade Dykes","Unknown","no_official_club_signing_article_found","","","","","","",""
"cby","Canterbury-Bankstown Bulldogs","Lipoi Hopoi","Unknown","no_official_club_signing_article_found","","","","","","",""
"cby","Canterbury-Bankstown Bulldogs","Mitchell Woods","Unknown","no_official_club_signing_article_found","","","","","","",""
"cby","Canterbury-Bankstown Bulldogs","Patrick Young","Unknown","no_official_club_signing_article_found","","","","","","",""
"cby","Canterbury-Bankstown Bulldogs","Sean O'Sullivan","Unknown","no_official_club_signing_article_found","","","","","","",""
"cby","Canterbury-Bankstown Bulldogs","Zyon Maiu’u","Unknown","no_official_club_signing_article_found","","","","","","",""
"cro","Cronulla-Sutherland Sharks","Will Kennedy","Fullback","player_specific_contract_candidate","contract_or_signing_language|term_language","Will signs on for 2027","https://www.sharks.com.au/news/2026/06/04/will-signs-on-for-2027/","2026-06-04T06:00:00+00:00","false","true","Title: Will signs on for 2027 URL Source: https://www.sharks.com.au/news/2026/06/04/will-signs-on-for-2027/ Published Time: 2026-06-04T06:00:00+00:00 Markdown Content: [Skip to main content](https://www.sharks.com.au/news/2026/06/04/will-signs-on-for-2027/#main-content) ## Main [![Image 1: sharks logo](https://www.sharks.com.au/.theme/sharks/badge-light.svg?bust=202607060241)![Image 2: sharks logo](https://www.sharks.com.au/.theme/sharks/text.svg?bust=202607060241)](https://www.sharks.com.au/) [](https://www.sharks.com.au/search/) * [News](https://www.sharks.com.au/news/) * [Watch](https://www.sharks.com.au/watch/) * [Draw](https://www.sharks.com.au/draw/) * [Ladder](https://www.sharks.com.a"
"cro","Cronulla-Sutherland Sharks","Sione Katoa","Winger","player_specific_contract_candidate","contract_or_signing_language|term_length_language","Sharks snap up Trout as Englishman signs two-year deal","https://www.sharks.com.au/news/2026/03/26/sharks-reel-in-trout-as-englishman-signs-two-year-deal/","2026-03-26T07:00:00+00:00","false","true","Title: Sharks snap up Trout as Englishman signs two-year deal URL Source: https://www.sharks.com.au/news/2026/03/26/sharks-reel-in-trout-as-englishman-signs-two-year-deal/ Published Time: 2026-03-26T07:00:00+00:00 Markdown Content: [Skip to main content](https://www.sharks.com.au/news/2026/03/26/sharks-reel-in-trout-as-englishman-signs-two-year-deal/#main-content) ## Main [![Image 1: sharks logo](https://www.sharks.com.au/.theme/sharks/badge-light.svg?bust=202607060241)![Image 2: sharks logo](https://www.sharks.com.au/.theme/sharks/text.svg?bust=202607060241)](https://www.sharks.com.au/) [](https://www.sharks.com.au/search/) * [News](https://www.sharks.com.au/news/) * [Watch](https://www.sha"
"cro","Cronulla-Sutherland Sharks","Jesse Ramien","Centre","player_specific_contract_candidate","contract_or_signing_language|term_length_language","Sharks snap up Trout as Englishman signs two-year deal","https://www.sharks.com.au/news/2026/03/26/sharks-reel-in-trout-as-englishman-signs-two-year-deal/","2026-03-26T07:00:00+00:00","false","true","Title: Sharks snap up Trout as Englishman signs two-year deal URL Source: https://www.sharks.com.au/news/2026/03/26/sharks-reel-in-trout-as-englishman-signs-two-year-deal/ Published Time: 2026-03-26T07:00:00+00:00 Markdown Content: [Skip to main content](https://www.sharks.com.au/news/2026/03/26/sharks-reel-in-trout-as-englishman-signs-two-year-deal/#main-content) ## Main [![Image 1: sharks logo](https://www.sharks.com.au/.theme/sharks/badge-light.svg?bust=202607060241)![Image 2: sharks logo](https://www.sharks.com.au/.theme/sharks/text.svg?bust=202607060241)](https://www.sharks.com.au/) [](https://www.sharks.com.au/search/) * [News](https://www.sharks.com.au/news/) * [Watch](https://www.sha"
"cro","Cronulla-Sutherland Sharks","KL Iro","Centre","player_specific_contract_candidate","contract_or_signing_language|term_length_language","Sharks snap up Trout as Englishman signs two-year deal","https://www.sharks.com.au/news/2026/03/26/sharks-reel-in-trout-as-englishman-signs-two-year-deal/","2026-03-26T07:00:00+00:00","false","true","Title: Sharks snap up Trout as Englishman signs two-year deal URL Source: https://www.sharks.com.au/news/2026/03/26/sharks-reel-in-trout-as-englishman-signs-two-year-deal/ Published Time: 2026-03-26T07:00:00+00:00 Markdown Content: [Skip to main content](https://www.sharks.com.au/news/2026/03/26/sharks-reel-in-trout-as-englishman-signs-two-year-deal/#main-content) ## Main [![Image 1: sharks logo](https://www.sharks.com.au/.theme/sharks/badge-light.svg?bust=202607060241)![Image 2: sharks logo](https://www.sharks.com.au/.theme/sharks/text.svg?bust=202607060241)](https://www.sharks.com.au/) [](https://www.sharks.com.au/search/) * [News](https://www.sharks.com.au/news/) * [Watch](https://www.sha"
"cro","Cronulla-Sutherland Sharks","Ronaldo Mulitalo","Winger","no_official_club_signing_article_found","","","","","","",""
"cro","Cronulla-Sutherland Sharks","Braydon Trindall","Five-Eighth","no_official_club_signing_article_found","","","","","","",""
"cro","Cronulla-Sutherland Sharks","Nicho Hynes","Halfback","no_official_club_signing_article_found","","","","","","",""
"cro","Cronulla-Sutherland Sharks","Addin Fonua-Blake","Prop","no_official_club_signing_article_found","","","","","","",""
"cro","Cronulla-Sutherland Sharks","Blayke Brailey","Hooker","no_official_club_signing_article_found","","","","","","",""
"cro","Cronulla-Sutherland Sharks","Tom Hazleton","Prop","no_official_club_signing_article_found","","","","","","",""
"cro","Cronulla-Sutherland Sharks","Briton Nikora","2nd Row","no_official_club_signing_article_found","","","","","","",""
"cro","Cronulla-Sutherland Sharks","Teig Wilton","2nd Row","no_official_club_signing_article_found","","","","","","",""
"cro","Cronulla-Sutherland Sharks","Cameron McInnes","Lock","no_official_club_signing_article_found","","","","","","",""
"cro","Cronulla-Sutherland Sharks","Billy Burns","Interchange","no_official_club_signing_article_found","","","","","","",""
"cro","Cronulla-Sutherland Sharks","Jesse Colquhoun","Interchange","no_official_club_signing_article_found","","","","","","",""
"cro","Cronulla-Sutherland Sharks","Sifa Talakai","Interchange","no_official_club_signing_article_found","","","","","","",""
"cro","Cronulla-Sutherland Sharks","Toby Rudolf","Interchange","no_official_club_signing_article_found","","","","","","",""
"cro","Cronulla-Sutherland Sharks","Braden Uele","Unknown","no_official_club_signing_article_found","","","","","","",""
"cro","Cronulla-Sutherland Sharks","Hohepa Puru","Unknown","no_official_club_signing_article_found","","","","","","",""
"cro","Cronulla-Sutherland Sharks","Jayden Berrell","Unknown","no_official_club_signing_article_found","","","","","","",""
"cro","Cronulla-Sutherland Sharks","Liam Ison","Unknown","no_official_club_signing_article_found","","","","","","",""
"cro","Cronulla-Sutherland Sharks","Mawene Hiroti","Unknown","no_official_club_signing_article_found","","","","","","",""
"cro","Cronulla-Sutherland Sharks","Niwhai Puru","Unknown","no_official_club_signing_article_found","","","","","","",""
"cro","Cronulla-Sutherland Sharks","Oregon Kaufusi","Unknown","no_official_club_signing_article_found","","","","","","",""
"cro","Cronulla-Sutherland Sharks","Riley Jones","Unknown","no_official_club_signing_article_found","","","","","","",""
"cro","Cronulla-Sutherland Sharks","Sam Stonestreet","Unknown","no_official_club_signing_article_found","","","","","","",""
"cro","Cronulla-Sutherland Sharks","Thomas Dellow","Unknown","no_official_club_signing_article_found","","","","","","",""
"cro","Cronulla-Sutherland Sharks","Tuku Hau Tapuha","Unknown","no_official_club_signing_article_found","","","","","","",""
"dol","Dolphins","Hamiso Tabuai-Fidow","Fullback","no_official_club_signing_article_found","","","","","","",""
"dol","Dolphins","Jamayne Isaako","Winger","no_official_club_signing_article_found","","","","","","",""
"dol","Dolphins","Selwyn Cobbo","Centre","no_official_club_signing_article_found","","","","","","",""
"dol","Dolphins","Herbie Farnworth","Centre","no_official_club_signing_article_found","","","","","","",""
"dol","Dolphins","Jack Bostock","Winger","no_official_club_signing_article_found","","","","","","",""
"dol","Dolphins","Kodi Nikorima","Five-Eighth","no_official_club_signing_article_found","","","","","","",""
"dol","Dolphins","Isaiya Katoa","Halfback","no_official_club_signing_article_found","","","","","","",""
"dol","Dolphins","Daniel Saifiti","Prop","no_official_club_signing_article_found","","","","","","",""
"dol","Dolphins","Jeremy Marshall-King","Hooker","no_official_club_signing_article_found","","","","","","",""
"dol","Dolphins","Thomas Flegler","Prop","no_official_club_signing_article_found","","","","","","",""
"dol","Dolphins","Felise Kaufusi","2nd Row","no_official_club_signing_article_found","","","","","","",""
"dol","Dolphins","Kulikefu Finefeuiaki","2nd Row","no_official_club_signing_article_found","","","","","","",""
"dol","Dolphins","Tom Gilbert","Lock","no_official_club_signing_article_found","","","","","","",""
"dol","Dolphins","Kurt Donoghoe","Interchange","no_official_club_signing_article_found","","","","","","",""
"dol","Dolphins","Connelly Lemuelu","Interchange","no_official_club_signing_article_found","","","","","","",""
"dol","Dolphins","Max Plath","Interchange","no_official_club_signing_article_found","","","","","","",""
"dol","Dolphins","Morgan Knowles","Interchange","no_official_club_signing_article_found","","","","","","",""
"dol","Dolphins","Jake Averillo","Unknown","no_official_club_signing_article_found","","","","","","",""
"dol","Dolphins","Brad Schneider","Unknown","no_official_club_signing_article_found","","","","","","",""
"dol","Dolphins","Brian Pouniu","Unknown","no_official_club_signing_article_found","","","","","","",""
"dol","Dolphins","Elijah Rasmussen","Unknown","no_official_club_signing_article_found","","","","","","",""
"dol","Dolphins","Francis Molo","Unknown","no_official_club_signing_article_found","","","","","","",""
"dol","Dolphins","LJ Nonu","Unknown","no_official_club_signing_article_found","","","","","","",""
"dol","Dolphins","Oryn Keeley","Unknown","no_official_club_signing_article_found","","","","","","",""
"dol","Dolphins","Ray Stone","Unknown","no_official_club_signing_article_found","","","","","","",""
"dol","Dolphins","Sebastian Su’a","Unknown","no_official_club_signing_article_found","","","","","","",""
"dol","Dolphins","Tevita Naufahu","Unknown","no_official_club_signing_article_found","","","","","","",""
"dol","Dolphins","Trai Fuller","Unknown","no_official_club_signing_article_found","","","","","","",""
"gld","Gold Coast Titans","Keano Kini","Fullback","no_official_club_signing_article_found","","","","","","",""
"gld","Gold Coast Titans","Jaylan De Groot","Winger","no_official_club_signing_article_found","","","","","","",""
"gld","Gold Coast Titans","Jojo Fifita","Centre","no_official_club_signing_article_found","","","","","","",""
"gld","Gold Coast Titans","Phillip Sami","Centre","no_official_club_signing_article_found","","","","","","",""
"gld","Gold Coast Titans","Max Feagai","Winger","no_official_club_signing_article_found","","","","","","",""
"gld","Gold Coast Titans","AJ Brimson","Five-Eighth","no_official_club_signing_article_found","","","","","","",""
"gld","Gold Coast Titans","Jayden Campbell","Halfback","no_official_club_signing_article_found","","","","","","",""
"gld","Gold Coast Titans","Moeaki Fotuaika","Prop","no_official_club_signing_article_found","","","","","","",""
"gld","Gold Coast Titans","Sam Verrills","Hooker","no_official_club_signing_article_found","","","","","","",""
"gld","Gold Coast Titans","Tino Fa’asuamaleaui","Prop","no_official_club_signing_article_found","","","","","","",""
"gld","Gold Coast Titans","Klese Haas","2nd Row","player_specific_contract_candidate","contract_or_signing_language|term_language|term_length_language","Homegrown Haas: Klese extends Gold Coast journey to '29","https://www.titans.com.au/news/2026/06/24/homegrown-haas-klese-extends-gold-coast-journey/","2026-06-24T07:59:00+00:00","false","true","Title: Homegrown Haas: Klese extends Gold Coast journey to '29 URL Source: https://www.titans.com.au/news/2026/06/24/homegrown-haas-klese-extends-gold-coast-journey/ Published Time: 2026-06-24T07:59:00+00:00 Markdown Content: [Skip to main content](https://www.titans.com.au/news/2026/06/24/homegrown-haas-klese-extends-gold-coast-journey/#main-content) ## Main [![Image 1: titans logo](https://www.titans.com.au/.theme/titans/badge.svg?bust=202607060241)![Image 2: titans logo](https://www.titans.com.au/.theme/titans/text.svg?bust=202607060241)](https://www.titans.com.au/) [](https://www.titans.com.au/search/) * [News](https://www.titans.com.au/news/) * [Watch](https://www.titans.com.au/watch/) "
"gld","Gold Coast Titans","Beau Fermor","2nd Row","no_official_club_signing_article_found","","","","","","",""
"gld","Gold Coast Titans","Chris Randall","Lock","no_official_club_signing_article_found","","","","","","",""
"gld","Gold Coast Titans","Luke Sommerton","Interchange","no_official_club_signing_article_found","","","","","","",""
"gld","Gold Coast Titans","Jaimin Joliffe","Interchange","no_official_club_signing_article_found","","","","","","",""
"gld","Gold Coast Titans","Kurtis Morrin","Interchange","player_specific_contract_candidate","contract_or_signing_language|term_language|term_length_language","Energy man Morrin stays a Titan until '29","https://www.titans.com.au/news/2026/06/22/energy-man-morrin-stays-a-titan-until-29/","2026-06-22T21:18:38+00:00","false","true","Title: Energy man Morrin stays a Titan until '29 URL Source: https://www.titans.com.au/news/2026/06/22/energy-man-morrin-stays-a-titan-until-29/ Published Time: 2026-06-22T21:18:38+00:00 Markdown Content: [Skip to main content](https://www.titans.com.au/news/2026/06/22/energy-man-morrin-stays-a-titan-until-29/#main-content) ## Main [![Image 1: titans logo](https://www.titans.com.au/.theme/titans/badge.svg?bust=202607060241)![Image 2: titans logo](https://www.titans.com.au/.theme/titans/text.svg?bust=202607060241)](https://www.titans.com.au/) [](https://www.titans.com.au/search/) * [News](https://www.titans.com.au/news/) * [Watch](https://www.titans.com.au/watch/) * [Draw](https://www.titans."
"gld","Gold Coast Titans","Cooper Bai","Interchange","no_official_club_signing_article_found","","","","","","",""
"gld","Gold Coast Titans","Adam Christensen","Unknown","no_official_club_signing_article_found","","","","","","",""
"gld","Gold Coast Titans","Allan Fitzgibbon","Unknown","no_official_club_signing_article_found","","","","","","",""
"gld","Gold Coast Titans","Arama Hau","Unknown","player_specific_contract_candidate","contract_or_signing_language|term_language|term_length_language","Hau good: Local junior extends through to 2028","https://www.titans.com.au/news/2026/05/14/hau-good-local-junior-extends-through-to-2028/","2026-05-14T20:45:31+00:00","false","true","Title: Hau good: Local junior extends through to 2028 URL Source: https://www.titans.com.au/news/2026/05/14/hau-good-local-junior-extends-through-to-2028/ Published Time: 2026-05-14T20:45:31+00:00 Markdown Content: [Skip to main content](https://www.titans.com.au/news/2026/05/14/hau-good-local-junior-extends-through-to-2028/#main-content) ## Main [![Image 1: titans logo](https://www.titans.com.au/.theme/titans/badge.svg?bust=202607060241)![Image 2: titans logo](https://www.titans.com.au/.theme/titans/text.svg?bust=202607060241)](https://www.titans.com.au/) [](https://www.titans.com.au/search/) * [News](https://www.titans.com.au/news/) * [Watch](https://www.titans.com.au/watch/) * [Draw](http"
"gld","Gold Coast Titans","Brock Gray","Unknown","no_official_club_signing_article_found","","","","","","",""
"gld","Gold Coast Titans","Jensen Taumoepeau","Unknown","no_official_club_signing_article_found","","","","","","",""
"gld","Gold Coast Titans","Jett Liu","Unknown","no_official_club_signing_article_found","","","","","","",""
"gld","Gold Coast Titans","Josh Patson","Unknown","no_official_club_signing_article_found","","","","","","",""
"gld","Gold Coast Titans","Lachlan Ilias","Unknown","no_official_club_signing_article_found","","","","","","",""
"gld","Gold Coast Titans","Siale Faeamani","Unknown","no_official_club_signing_article_found","","","","","","",""
"gld","Gold Coast Titans","Tuki Simpkins","Unknown","no_official_club_signing_article_found","","","","","","",""
"gld","Gold Coast Titans","Tony Francis","Unknown","no_official_club_signing_article_found","","","","","","",""
"gld","Gold Coast Titans","Zane Harrison","Unknown","no_official_club_signing_article_found","","","","","","",""
"man","Manly Warringah Sea Eagles","Tom Trbojevic","Fullback","no_official_club_signing_article_found","","","","","","",""
"man","Manly Warringah Sea Eagles","Jason Saab","Winger","player_specific_contract_candidate","contract_or_signing_language|term_language|term_length_language","Foran appointed Head Coach at Manly","https://www.seaeagles.com.au/news/2026/06/02/foran-appointed-head-coach-at-manly/","2026-06-02T03:45:00+00:00","false","true","Title: Foran appointed Head Coach at Manly URL Source: https://www.seaeagles.com.au/news/2026/06/02/foran-appointed-head-coach-at-manly/ Published Time: 2026-06-02T03:45:00+00:00 Markdown Content: [Skip to main content](https://www.seaeagles.com.au/news/2026/06/02/foran-appointed-head-coach-at-manly/#main-content) ## Main [![Image 3: sea-eagles logo](https://www.seaeagles.com.au/globalassets/.lookups/themes/sea-eagles-2026/sea_eagles_logo_80_fc_rgb-11.svg)![Image 4: sea-eagles logo](https://www.seaeagles.com.au/globalassets/.lookups/themes/sea-eagles-2026/sea-eagles-nav-logo-mobile1.svg)](https://www.seaeagles.com.au/) [](https://www.seaeagles.com.au/search/) * [News](https://www.seaeagles.c"
"man","Manly Warringah Sea Eagles","Jason Saab","Winger","player_specific_profile_candidate","","Signings Sea Eagles reward Jason Saab with contract extension","https://www.seaeagles.com.au/news/2024/06/04/sea-eagles-reward-jason-saab-with-contract-extension/","","false","false","RateLimitTriggeredError: Per IP rate limit exceeded"
"man","Manly Warringah Sea Eagles","Tolutau Koula","Centre","player_specific_contract_candidate","contract_or_signing_language|term_language|term_length_language","New five-year deal for Koula at Manly","https://www.seaeagles.com.au/news/2026/02/21/new-five-year-deal-for-koula-at-manly/","2026-02-20T21:45:00+00:00","false","true","Title: New five-year deal for Koula at Manly URL Source: https://www.seaeagles.com.au/news/2026/02/21/new-five-year-deal-for-koula-at-manly/ Published Time: 2026-02-20T21:45:00+00:00 Markdown Content: [Skip to main content](https://www.seaeagles.com.au/news/2026/02/21/new-five-year-deal-for-koula-at-manly/#main-content) ## Main [![Image 3: sea-eagles logo](https://www.seaeagles.com.au/globalassets/.lookups/themes/sea-eagles-2026/sea_eagles_logo_80_fc_rgb-11.svg)![Image 4: sea-eagles logo](https://www.seaeagles.com.au/globalassets/.lookups/themes/sea-eagles-2026/sea-eagles-nav-logo-mobile1.svg)](https://www.seaeagles.com.au/) [](https://www.seaeagles.com.au/search/) * [News](https://www.seaea"
"man","Manly Warringah Sea Eagles","Reuben Garrick","Centre","no_official_club_signing_article_found","","","","","","",""
"man","Manly Warringah Sea Eagles","Lehi Hopoate","Winger","player_specific_profile_candidate","","Signings New deal at Sea Eagles for Lehi Hopoate","https://www.seaeagles.com.au/news/2025/02/28/new-deal-at-sea-eagles-for-lehi-hopoate/","","false","false","RateLimitTriggeredError: Per IP rate limit exceeded"
"man","Manly Warringah Sea Eagles","Luke Brooks","Five-Eighth","no_official_club_signing_article_found","","","","","","",""
"man","Manly Warringah Sea Eagles","Jamal Fogarty","Halfback","no_official_club_signing_article_found","","","","","","",""
"man","Manly Warringah Sea Eagles","Taniela Paseka","Prop","player_specific_profile_candidate","","Signings Sea Eagles extend Taniela Paseka out to","https://www.seaeagles.com.au/news/2024/08/05/sea-eagles-extend-taniela-paseka-out-to-2029/","","false","false","RateLimitTriggeredError: Per IP rate limit exceeded"
"man","Manly Warringah Sea Eagles","Jake Simpkin","Hooker","player_specific_contract_candidate","contract_or_signing_language|term_length_language","Sea Eagles re-sign hooker Gordon Chan Kum Tong","https://www.seaeagles.com.au/news/2024/07/01/sea-eagles-re-sign-hooker-gordon-chan-kum-tong/","2024-07-01T04:05:00+00:00","false","true","Title: Sea Eagles re-sign hooker Gordon Chan Kum Tong URL Source: https://www.seaeagles.com.au/news/2024/07/01/sea-eagles-re-sign-hooker-gordon-chan-kum-tong/ Published Time: 2024-07-01T04:05:00+00:00 Markdown Content: [Skip to main content](https://www.seaeagles.com.au/news/2024/07/01/sea-eagles-re-sign-hooker-gordon-chan-kum-tong/#main-content) ## Main [![Image 2: sea-eagles logo](https://www.seaeagles.com.au/globalassets/.lookups/themes/sea-eagles-2026/sea_eagles_logo_80_fc_rgb-11.svg)![Image 3: sea-eagles logo](https://www.seaeagles.com.au/globalassets/.lookups/themes/sea-eagles-2026/sea-eagles-nav-logo-mobile1.svg)](https://www.seaeagles.com.au/) [](https://www.seaeagles.com.au/search/)"
"man","Manly Warringah Sea Eagles","Jake Simpkin","Hooker","player_specific_profile_candidate","","Signings Sea Eagles sign hooker Jake Simpkin","https://www.seaeagles.com.au/news/2024/06/03/sea-eagles-sign-hooker-jake-simpkin/","","false","false","RateLimitTriggeredError: Per IP rate limit exceeded"
"man","Manly Warringah Sea Eagles","Kobe Hetherington","Prop","no_official_club_signing_article_found","","","","","","",""
"man","Manly Warringah Sea Eagles","Haumole Olakau'atu","2nd Row","player_specific_profile_candidate","","Signings Sea Eagles secure new six year-deal for Haumole Olakau'atu","https://www.seaeagles.com.au/news/2023/12/07/sea-eagles-secure-new-six-year-deal-for-haumole-olakauatu/","","false","false","RateLimitTriggeredError: Per IP rate limit exceeded"
"man","Manly Warringah Sea Eagles","Ben Trbojevic","2nd Row","player_specific_profile_candidate","","Signings New three-year deal for Ben Trbojevic at Sea Eagles","https://www.seaeagles.com.au/news/2024/02/09/new-three-year-deal-for-ben-trbojevic-at-sea-eagles/","","false","false","RateLimitTriggeredError: Per IP rate limit exceeded"
"man","Manly Warringah Sea Eagles","Jake Trbojevic","Lock","player_specific_profile_candidate","","Signings Manly great Jake Trbojevic confirmed for","https://www.seaeagles.com.au/news/2026/05/20/manly-great-jake-trbojevic-confirmed-for-2027/","","false","false","RateLimitTriggeredError: Per IP rate limit exceeded"
"man","Manly Warringah Sea Eagles","Siosiua Taukeiaho","Interchange","no_official_club_signing_article_found","","","","","","",""
"man","Manly Warringah Sea Eagles","Nathan Brown","Interchange","no_official_club_signing_article_found","","","","","","",""
"man","Manly Warringah Sea Eagles","Ethan Bullemor","Interchange","no_official_club_signing_article_found","","","","","","",""
"man","Manly Warringah Sea Eagles","Joey Walsh","Interchange","player_specific_profile_candidate","","Signings Joey Walsh extends contract at Manly ![Image","https://www.seaeagles.com.au/news/2026/06/24/joey-walsh-extends-contract-at-manly/","","false","false","RateLimitTriggeredError: Per IP rate limit exceeded"
"man","Manly Warringah Sea Eagles","Joey Walsh","Interchange","player_specific_contract_candidate","contract_or_signing_language|term_language|term_length_language","Faulalo extends to 2029","https://www.seaeagles.com.au/news/2026/06/19/faulalo-extends-to-2029/","2026-06-19T05:00:00+00:00","false","true","Title: Faulalo extends to 2029 URL Source: https://www.seaeagles.com.au/news/2026/06/19/faulalo-extends-to-2029/ Published Time: 2026-06-19T05:00:00+00:00 Markdown Content: [Skip to main content](https://www.seaeagles.com.au/news/2026/06/19/faulalo-extends-to-2029/#main-content) ## Main [![Image 3: sea-eagles logo](https://www.seaeagles.com.au/globalassets/.lookups/themes/sea-eagles-2026/sea_eagles_logo_80_fc_rgb-11.svg)![Image 4: sea-eagles logo](https://www.seaeagles.com.au/globalassets/.lookups/themes/sea-eagles-2026/sea-eagles-nav-logo-mobile1.svg)](https://www.seaeagles.com.au/) [](https://www.seaeagles.com.au/search/) * [News](https://www.seaeagles.com.au/news/) * [Watch](https://www.s"
"man","Manly Warringah Sea Eagles","Joey Walsh","Interchange","player_specific_contract_candidate","contract_or_signing_language|term_length_language","Sea Eagles re-sign hooker Gordon Chan Kum Tong","https://www.seaeagles.com.au/news/2024/07/01/sea-eagles-re-sign-hooker-gordon-chan-kum-tong/","2024-07-01T04:05:00+00:00","false","true","Title: Sea Eagles re-sign hooker Gordon Chan Kum Tong URL Source: https://www.seaeagles.com.au/news/2024/07/01/sea-eagles-re-sign-hooker-gordon-chan-kum-tong/ Published Time: 2024-07-01T04:05:00+00:00 Markdown Content: [Skip to main content](https://www.seaeagles.com.au/news/2024/07/01/sea-eagles-re-sign-hooker-gordon-chan-kum-tong/#main-content) ## Main [![Image 2: sea-eagles logo](https://www.seaeagles.com.au/globalassets/.lookups/themes/sea-eagles-2026/sea_eagles_logo_80_fc_rgb-11.svg)![Image 3: sea-eagles logo](https://www.seaeagles.com.au/globalassets/.lookups/themes/sea-eagles-2026/sea-eagles-nav-logo-mobile1.svg)](https://www.seaeagles.com.au/) [](https://www.seaeagles.com.au/search/)"
"man","Manly Warringah Sea Eagles","Joey Walsh","Interchange","player_specific_profile_candidate","","Signings Sea Eagles sign exciting young half Joey Walsh","https://www.seaeagles.com.au/news/2024/07/01/sea-eagles-sign-exciting-young-half-joey-walsh/","","false","false","RateLimitTriggeredError: Per IP rate limit exceeded"
"man","Manly Warringah Sea Eagles","Aaron Schoupp","Unknown","player_specific_profile_candidate","","Signings Sea Eagles sign Aaron Schoupp","https://www.seaeagles.com.au/news/2024/05/20/sea-eagles-sign-aaron-schoupp/","","false","false","RateLimitTriggeredError: Per IP rate limit exceeded"
"man","Manly Warringah Sea Eagles","Blake Wilson","Unknown","player_specific_profile_candidate","","Signings Blake Wilson joins Manly ![Image","https://www.seaeagles.com.au/news/2025/10/24/former-bulldogs-winger-blake-wilson-joins-manly/","","false","false","RateLimitTriggeredError: Per IP rate limit exceeded"
"man","Manly Warringah Sea Eagles","Caleb Navale","Unknown","player_specific_profile_candidate","","Signings Sea Eagles extend Caleb Navale","https://www.seaeagles.com.au/news/2024/07/11/sea-eagles-extend-caleb-navale/","","false","false","RateLimitTriggeredError: Per IP rate limit exceeded"
"man","Manly Warringah Sea Eagles","Caleb Navale","Unknown","player_specific_profile_candidate","","Signings Sea Eagles sign Caleb Navale for three years","https://www.seaeagles.com.au/news/2024/01/08/sea-eagles-sign-caleb-navale-for-three-years/","","false","false","RateLimitTriggeredError: Per IP rate limit exceeded"
"man","Manly Warringah Sea Eagles","Clayton Faulalo","Unknown","player_specific_contract_candidate","contract_or_signing_language|term_language|term_length_language","Faulalo extends to 2029","https://www.seaeagles.com.au/news/2026/06/19/faulalo-extends-to-2029/","2026-06-19T05:00:00+00:00","false","true","Title: Faulalo extends to 2029 URL Source: https://www.seaeagles.com.au/news/2026/06/19/faulalo-extends-to-2029/ Published Time: 2026-06-19T05:00:00+00:00 Markdown Content: [Skip to main content](https://www.seaeagles.com.au/news/2026/06/19/faulalo-extends-to-2029/#main-content) ## Main [![Image 3: sea-eagles logo](https://www.seaeagles.com.au/globalassets/.lookups/themes/sea-eagles-2026/sea_eagles_logo_80_fc_rgb-11.svg)![Image 4: sea-eagles logo](https://www.seaeagles.com.au/globalassets/.lookups/themes/sea-eagles-2026/sea-eagles-nav-logo-mobile1.svg)](https://www.seaeagles.com.au/) [](https://www.seaeagles.com.au/search/) * [News](https://www.seaeagles.com.au/news/) * [Watch](https://www.s"
"man","Manly Warringah Sea Eagles","Navren Willett","Unknown","no_official_club_signing_article_found","","","","","","",""
"man","Manly Warringah Sea Eagles","Onitoni Large","Unknown","no_official_club_signing_article_found","","","","","","",""
"man","Manly Warringah Sea Eagles","Paul Bryan","Unknown","no_official_club_signing_article_found","","","","","","",""
"man","Manly Warringah Sea Eagles","Simione Laiafi","Unknown","no_official_club_signing_article_found","","","","","","",""
"man","Manly Warringah Sea Eagles","Zach Dockar-Clay","Unknown","no_official_club_signing_article_found","","","","","","",""
"man","Manly Warringah Sea Eagles","Zaidas Muagututia","Unknown","no_official_club_signing_article_found","","","","","","",""
"mel","Melbourne Storm","Sualauvi Fa’alogo","Fullback","no_official_club_signing_article_found","","","","","","",""
"mel","Melbourne Storm","Will Warbrick","Winger","no_official_club_signing_article_found","","","","","","",""
"mel","Melbourne Storm","Jack Howarth","Centre","no_official_club_signing_article_found","","","","","","",""
"mel","Melbourne Storm","Nick Meaney","Centre","player_specific_profile_candidate","","Signings Nick Meaney to remain in purple until the end of","https://www.melbournestorm.com.au/news/2024/04/09/nick-meaney-to-remain-in-purple-until-the-end-of-2026/","","false","false","RateLimitTriggeredError: Per IP rate limit exceeded"
"mel","Melbourne Storm","Xavier Coates","Winger","player_specific_profile_candidate","","Signings Xavier Coates extends to","https://www.melbournestorm.com.au/news/2025/09/06/xavier-coates-extends-to-2027/","","false","false","RateLimitTriggeredError: Per IP rate limit exceeded"
"mel","Melbourne Storm","Cameron Munster","Five-Eighth","no_official_club_signing_article_found","","","","","","",""
"mel","Melbourne Storm","Jahrome Hughes","Halfback","no_official_club_signing_article_found","","","","","","",""
"mel","Melbourne Storm","Stefano Utoikamanu","Prop","no_official_club_signing_article_found","","","","","","",""
"mel","Melbourne Storm","Harry Grant","Hooker","player_specific_profile_candidate","","Signings Harry Grant re-signs until","https://www.melbournestorm.com.au/news/2025/11/20/harry-grant-re-signs-until-2028/","","false","false","RateLimitTriggeredError: Per IP rate limit exceeded"
"mel","Melbourne Storm","Josh King","Prop","player_specific_profile_candidate","","Signings Josh King Extends Storm Contract","https://www.melbournestorm.com.au/news/2025/03/13/josh-king-extends-storm-contract/","","false","false","RateLimitTriggeredError: Per IP rate limit exceeded"
"mel","Melbourne Storm","Shawn Blore","2nd Row","no_official_club_signing_article_found","","","","","","",""
"mel","Melbourne Storm","Joe Chan","2nd Row","no_official_club_signing_article_found","","","","","","",""
"mel","Melbourne Storm","Trent Loiero","Lock","no_official_club_signing_article_found","","","","","","",""
"mel","Melbourne Storm","Tyran Wishart","Interchange","no_official_club_signing_article_found","","","","","","",""
"mel","Melbourne Storm","Cooper Clarke","Interchange","player_specific_profile_candidate","","Signings Cooper Clarke re-signs until","https://www.melbournestorm.com.au/news/2026/04/01/cooper-clarke-re-signs-until-2029/","","false","false","RateLimitTriggeredError: Per IP rate limit exceeded"
"mel","Melbourne Storm","Alec MacDonald","Interchange","no_official_club_signing_article_found","","","","","","",""
"mel","Melbourne Storm","Tui Kamikamica","Interchange","player_specific_contract_candidate","contract_or_signing_language|term_length_language","Kamikamica renews for 2026","https://www.melbournestorm.com.au/news/2026/01/29/kamikamica-renews-for-2026/","2026-01-29T03:55:20+00:00","false","true","Title: Kamikamica renews for 2026 URL Source: https://www.melbournestorm.com.au/news/2026/01/29/kamikamica-renews-for-2026/ Published Time: 2026-01-29T03:55:20+00:00 Markdown Content: [Skip to main content](https://www.melbournestorm.com.au/news/2026/01/29/kamikamica-renews-for-2026/#main-content) ## Main [![Image 1: storm logo](https://www.melbournestorm.com.au/.theme/storm/badge-light.svg?bust=202607060241)![Image 2: storm logo](https://www.melbournestorm.com.au/.theme/storm/text.svg?bust=202607060241)](https://www.melbournestorm.com.au/) [](https://www.melbournestorm.com.au/search/) * [News](https://www.melbournestorm.com.au/news/) * [Watch](https://www.melbournestorm.com.au/watch/) * [Dr"
"mel","Melbourne Storm","Ativalu Lisati","Unknown","no_official_club_signing_article_found","","","","","","",""
"mel","Melbourne Storm","Davvy Moale","Unknown","no_official_club_signing_article_found","","","","","","",""
"mel","Melbourne Storm","Gabriel Satrick","Unknown","no_official_club_signing_article_found","","","","","","",""
"mel","Melbourne Storm","Jack Hetherington","Unknown","no_official_club_signing_article_found","","","","","","",""
"mel","Melbourne Storm","Josiah Pahulu","Unknown","player_specific_profile_candidate","","Signings Storm sign prop Josiah Pahulu","https://www.melbournestorm.com.au/news/2025/05/26/storm-sign-prop-josiah-pahulu/","","false","false","RateLimitTriggeredError: Per IP rate limit exceeded"
"mel","Melbourne Storm","Lazarus Vaalepu","Unknown","no_official_club_signing_article_found","","","","","","",""
"mel","Melbourne Storm","Manaia Waitere","Unknown","no_official_club_signing_article_found","","","","","","",""
"mel","Melbourne Storm","Marion Seve","Unknown","no_official_club_signing_article_found","","","","","","",""
"mel","Melbourne Storm","Moses Leo","Unknown","player_specific_profile_candidate","","Signings Moses Leo to join Storm early","https://www.melbournestorm.com.au/news/2024/11/19/moses-leo-to-join-storm-early/","","false","false","RateLimitTriggeredError: Per IP rate limit exceeded"
"mel","Melbourne Storm","Moses Leo","Unknown","player_specific_profile_candidate","","Signings Moses Leo to join Melbourne Storm","https://www.melbournestorm.com.au/news/2024/09/20/moses-leo-to-join-melbourne-storm/","","false","false","RateLimitTriggeredError: Per IP rate limit exceeded"
"mel","Melbourne Storm","Siulagi Tuimalata-Brown","Unknown","no_official_club_signing_article_found","","","","","","",""
"mel","Melbourne Storm","Trent Toelau","Unknown","no_official_club_signing_article_found","","","","","","",""
"nzl","New Zealand Warriors","Charnze Nicoll-Klokstad","Fullback","no_official_club_signing_article_found","","","","","","",""
"nzl","New Zealand Warriors","Dallin Watene-Zelezniak","Winger","no_official_club_signing_article_found","","","","","","",""
"nzl","New Zealand Warriors","Rocco Berry","Centre","no_official_club_signing_article_found","","","","","","",""
"nzl","New Zealand Warriors","Adam Pompey","Centre","no_official_club_signing_article_found","","","","","","",""
"nzl","New Zealand Warriors","Roger Tuivasa-Sheck","Winger","no_official_club_signing_article_found","","","","","","",""
"nzl","New Zealand Warriors","Luke Metcalf","Five-Eighth","player_specific_profile_candidate","","Warriors Offical statement regarding Luke Metcalf's playing future","https://www.warriors.kiwi/news/2026/05/12/warriors-issue-statement-about-luke-metcalf/","","false","false","RateLimitTriggeredError: Per IP rate limit exceeded"
"nzl","New Zealand Warriors","Tanah Boyd","Halfback","player_specific_contract_candidate","contract_or_signing_language|term_length_language","Martin signs on for another season to extend stay","https://www.warriors.kiwi/news/2026/07/06/martin-extends-stay-until-end-of-2027-nrl-season/","2026-07-06T06:58:00+00:00","false","true","Title: Martin signs on for another season to extend stay URL Source: https://www.warriors.kiwi/news/2026/07/06/martin-extends-stay-until-end-of-2027-nrl-season/ Published Time: 2026-07-06T06:58:00+00:00 Markdown Content: [Skip to main content](https://www.warriors.kiwi/news/2026/07/06/martin-extends-stay-until-end-of-2027-nrl-season/#main-content) ## Main [![Image 2: warriors logo](https://www.warriors.kiwi/.theme/warriors/badge-light.svg?bust=202607060241)![Image 3: warriors logo](https://www.warriors.kiwi/.theme/warriors/text.svg?bust=202607060241)](https://www.warriors.kiwi/) [](https://www.warriors.kiwi/search/) * [News](https://www.warriors.kiwi/news/) * [Watch](https://www.warriors.kiw"
"nzl","New Zealand Warriors","Tanah Boyd","Halfback","player_specific_contract_candidate","contract_or_signing_language|term_language|term_length_language","Boyd signs three-year extension to end of 2029 season","https://www.warriors.kiwi/news/2026/05/22/boyd-re-signed-until-end-of-2029-nrl-season/","2026-05-22T00:00:00+00:00","false","true","Title: Boyd signs three-year extension to end of 2029 season URL Source: https://www.warriors.kiwi/news/2026/05/22/boyd-re-signed-until-end-of-2029-nrl-season/ Published Time: 2026-05-22T00:00:00+00:00 Markdown Content: [Skip to main content](https://www.warriors.kiwi/news/2026/05/22/boyd-re-signed-until-end-of-2029-nrl-season/#main-content) ## Main [![Image 3: warriors logo](https://www.warriors.kiwi/.theme/warriors/badge-light.svg?bust=202607060241)![Image 4: warriors logo](https://www.warriors.kiwi/.theme/warriors/text.svg?bust=202607060241)](https://www.warriors.kiwi/) [](https://www.warriors.kiwi/search/) * [News](https://www.warriors.kiwi/news/) * [Watch](https://www.warriors.kiwi/watc"
"nzl","New Zealand Warriors","James Fisher-Harris","Prop","no_official_club_signing_article_found","","","","","","",""
"nzl","New Zealand Warriors","Wayde Egan","Hooker","no_official_club_signing_article_found","","","","","","",""
"nzl","New Zealand Warriors","Jackson Ford","Prop","no_official_club_signing_article_found","","","","","","",""
"nzl","New Zealand Warriors","Kurt Capewell","2nd Row","no_official_club_signing_article_found","","","","","","",""
"nzl","New Zealand Warriors","Leka Halasima","2nd Row","no_official_club_signing_article_found","","","","","","",""
"nzl","New Zealand Warriors","Mitch Barnett","Lock","no_official_club_signing_article_found","","","","","","",""
"nzl","New Zealand Warriors","Chanel Tevita-Harris","Interchange","no_official_club_signing_article_found","","","","","","",""
"nzl","New Zealand Warriors","Erin Clark","Interchange","no_official_club_signing_article_found","","","","","","",""
"nzl","New Zealand Warriors","Morgan Gannon","Interchange","no_official_club_signing_article_found","","","","","","",""
"nzl","New Zealand Warriors","Marata Niukore","Interchange","no_official_club_signing_article_found","","","","","","",""
"nzl","New Zealand Warriors","Jacob Laban","Unknown","no_official_club_signing_article_found","","","","","","",""
"nzl","New Zealand Warriors","Alofiana Khan-Pereira","Unknown","no_official_club_signing_article_found","","","","","","",""
"nzl","New Zealand Warriors","Ali Leiataua","Unknown","no_official_club_signing_article_found","","","","","","",""
"nzl","New Zealand Warriors","Demitric Vaimauga","Unknown","no_official_club_signing_article_found","","","","","","",""
"nzl","New Zealand Warriors","Eddie Ieremia-Toeava","Unknown","no_official_club_signing_article_found","","","","","","",""
"nzl","New Zealand Warriors","Haizyn Mellars","Unknown","no_official_club_signing_article_found","","","","","","",""
"nzl","New Zealand Warriors","Jye Linnane","Unknown","no_official_club_signing_article_found","","","","","","",""
"nzl","New Zealand Warriors","Kayliss Fatialofa","Unknown","no_official_club_signing_article_found","","","","","","",""
"nzl","New Zealand Warriors","Sam Healey","Unknown","no_official_club_signing_article_found","","","","","","",""
"nzl","New Zealand Warriors","Taine Tuaupiki","Unknown","no_official_club_signing_article_found","","","","","","",""
"nzl","New Zealand Warriors","Tanner Stowers-Smith","Unknown","no_official_club_signing_article_found","","","","","","",""
"nzl","New Zealand Warriors","Te Maire Martin","Unknown","player_specific_contract_candidate","contract_or_signing_language|term_length_language","Martin signs on for another season to extend stay","https://www.warriors.kiwi/news/2026/07/06/martin-extends-stay-until-end-of-2027-nrl-season/","2026-07-06T06:58:00+00:00","false","true","Title: Martin signs on for another season to extend stay URL Source: https://www.warriors.kiwi/news/2026/07/06/martin-extends-stay-until-end-of-2027-nrl-season/ Published Time: 2026-07-06T06:58:00+00:00 Markdown Content: [Skip to main content](https://www.warriors.kiwi/news/2026/07/06/martin-extends-stay-until-end-of-2027-nrl-season/#main-content) ## Main [![Image 2: warriors logo](https://www.warriors.kiwi/.theme/warriors/badge-light.svg?bust=202607060241)![Image 3: warriors logo](https://www.warriors.kiwi/.theme/warriors/text.svg?bust=202607060241)](https://www.warriors.kiwi/) [](https://www.warriors.kiwi/search/) * [News](https://www.warriors.kiwi/news/) * [Watch](https://www.warriors.kiw"
"new","Newcastle Knights","Kalyn Ponga","Fullback","player_specific_profile_candidate","","Signings Kalyn Ponga Re-Signs","https://www.newcastleknights.com.au/news/2022/04/20/kalyn-ponga-re-signs/","","false","false","RateLimitTriggeredError: Per IP rate limit exceeded"
"new","Newcastle Knights","Dominic Young","Winger","no_official_club_signing_article_found","","","","","","",""
"new","Newcastle Knights","Dane Gagai","Centre","no_official_club_signing_article_found","","","","","","",""
"new","Newcastle Knights","Bradman Best","Centre","no_official_club_signing_article_found","","","","","","",""
"new","Newcastle Knights","Greg Marzhew","Winger","player_specific_contract_candidate","contract_or_signing_language|term_language|term_length_language","Greg Marzhew signs multi year extension","https://www.newcastleknights.com.au/news/2026/05/13/greg-marzhew-signs-multi-year-extension/","2026-05-13T08:01:31+00:00","true","true","Title: Greg Marzhew signs multi year extension URL Source: https://www.newcastleknights.com.au/news/2026/05/13/greg-marzhew-signs-multi-year-extension/ Published Time: 2026-05-13T08:01:31+00:00 Markdown Content: [Skip to main content](https://www.newcastleknights.com.au/news/2026/05/13/greg-marzhew-signs-multi-year-extension/#main-content) ## Main [![Image 1: knights logo](https://www.newcastleknights.com.au/.theme/knights/badge-light.svg?bust=202607060241)![Image 2: knights logo](https://www.newcastleknights.com.au/.theme/knights/text.svg?bust=202607060241)](https://www.newcastleknights.com.au/) [](https://www.newcastleknights.com.au/search/) * [News](https://www.newcastleknights.com.au/new"
"new","Newcastle Knights","Greg Marzhew","Winger","player_specific_contract_candidate","contract_or_signing_language|term_length_language","Knights confirm Randall-Marzhew swap deal","https://www.newcastleknights.com.au/news/2022/11/30/knights-confirm-randall-marzhew-swap-deal/","2022-11-30T01:41:31+00:00","false","true","Title: Knights confirm Randall-Marzhew swap deal URL Source: https://www.newcastleknights.com.au/news/2022/11/30/knights-confirm-randall-marzhew-swap-deal/ Published Time: 2022-11-30T01:41:31+00:00 Markdown Content: [Skip to main content](https://www.newcastleknights.com.au/news/2022/11/30/knights-confirm-randall-marzhew-swap-deal/#main-content) ## Main [![Image 1: knights logo](https://www.newcastleknights.com.au/.theme/knights/badge-light.svg?bust=202607060241)![Image 2: knights logo](https://www.newcastleknights.com.au/.theme/knights/text.svg?bust=202607060241)](https://www.newcastleknights.com.au/) [](https://www.newcastleknights.com.au/search/) * [News](https://www.newcastleknights.com."
"new","Newcastle Knights","Fletcher Sharpe","Five-Eighth","no_official_club_signing_article_found","","","","","","",""
"new","Newcastle Knights","Dylan Brown","Halfback","no_official_club_signing_article_found","","","","","","",""
"new","Newcastle Knights","Jacob Saifiti","Prop","player_specific_contract_candidate","contract_or_signing_language|term_language|term_length_language","Dylan Lucas re-signs for three more years","https://www.newcastleknights.com.au/news/2026/06/04/dylan-lucas-re-signs-for-three-more-years/","2026-06-04T01:09:21+00:00","false","true","Title: Dylan Lucas re-signs for three more years URL Source: https://www.newcastleknights.com.au/news/2026/06/04/dylan-lucas-re-signs-for-three-more-years/ Published Time: 2026-06-04T01:09:21+00:00 Markdown Content: [Skip to main content](https://www.newcastleknights.com.au/news/2026/06/04/dylan-lucas-re-signs-for-three-more-years/#main-content) ## Main [![Image 1: knights logo](https://www.newcastleknights.com.au/.theme/knights/badge-light.svg?bust=202607060241)![Image 2: knights logo](https://www.newcastleknights.com.au/.theme/knights/text.svg?bust=202607060241)](https://www.newcastleknights.com.au/) [](https://www.newcastleknights.com.au/search/) * [News](https://www.newcastleknights.com."
"new","Newcastle Knights","Jacob Saifiti","Prop","player_specific_contract_candidate","contract_or_signing_language|term_language","Two more years for Jermaine McEwen","https://www.newcastleknights.com.au/news/2026/05/14/two-more-years-for-jermaine-mcewen/","2026-05-13T23:59:43+00:00","false","true","Title: Two more years for Jermaine McEwen URL Source: https://www.newcastleknights.com.au/news/2026/05/14/two-more-years-for-jermaine-mcewen/ Published Time: 2026-05-13T23:59:43+00:00 Markdown Content: [Skip to main content](https://www.newcastleknights.com.au/news/2026/05/14/two-more-years-for-jermaine-mcewen/#main-content) ## Main [![Image 1: knights logo](https://www.newcastleknights.com.au/.theme/knights/badge-light.svg?bust=202607060241)![Image 2: knights logo](https://www.newcastleknights.com.au/.theme/knights/text.svg?bust=202607060241)](https://www.newcastleknights.com.au/) [](https://www.newcastleknights.com.au/search/) * [News](https://www.newcastleknights.com.au/news/) * [Watch](h"
"new","Newcastle Knights","Jacob Saifiti","Prop","player_specific_contract_candidate","contract_or_signing_language|term_language|term_length_language","Greg Marzhew signs multi year extension","https://www.newcastleknights.com.au/news/2026/05/13/greg-marzhew-signs-multi-year-extension/","2026-05-13T08:01:31+00:00","false","true","Title: Greg Marzhew signs multi year extension URL Source: https://www.newcastleknights.com.au/news/2026/05/13/greg-marzhew-signs-multi-year-extension/ Published Time: 2026-05-13T08:01:31+00:00 Markdown Content: [Skip to main content](https://www.newcastleknights.com.au/news/2026/05/13/greg-marzhew-signs-multi-year-extension/#main-content) ## Main [![Image 1: knights logo](https://www.newcastleknights.com.au/.theme/knights/badge-light.svg?bust=202607060241)![Image 2: knights logo](https://www.newcastleknights.com.au/.theme/knights/text.svg?bust=202607060241)](https://www.newcastleknights.com.au/) [](https://www.newcastleknights.com.au/search/) * [News](https://www.newcastleknights.com.au/new"
"new","Newcastle Knights","Jacob Saifiti","Prop","player_specific_contract_candidate","contract_or_signing_language|term_length_language","Knights confirm Randall-Marzhew swap deal","https://www.newcastleknights.com.au/news/2022/11/30/knights-confirm-randall-marzhew-swap-deal/","2022-11-30T01:41:31+00:00","false","true","Title: Knights confirm Randall-Marzhew swap deal URL Source: https://www.newcastleknights.com.au/news/2022/11/30/knights-confirm-randall-marzhew-swap-deal/ Published Time: 2022-11-30T01:41:31+00:00 Markdown Content: [Skip to main content](https://www.newcastleknights.com.au/news/2022/11/30/knights-confirm-randall-marzhew-swap-deal/#main-content) ## Main [![Image 1: knights logo](https://www.newcastleknights.com.au/.theme/knights/badge-light.svg?bust=202607060241)![Image 2: knights logo](https://www.newcastleknights.com.au/.theme/knights/text.svg?bust=202607060241)](https://www.newcastleknights.com.au/) [](https://www.newcastleknights.com.au/search/) * [News](https://www.newcastleknights.com."
"new","Newcastle Knights","Jacob Saifiti","Prop","player_specific_contract_candidate","contract_or_signing_language|term_length_language","Knights sign Jackson Hastings","https://www.newcastleknights.com.au/news/2022/11/16/knights-sign-jackson-hastings/","2022-11-16T00:09:37+00:00","false","true","Title: Knights sign Jackson Hastings URL Source: https://www.newcastleknights.com.au/news/2022/11/16/knights-sign-jackson-hastings/ Published Time: 2022-11-16T00:09:37+00:00 Markdown Content: [Skip to main content](https://www.newcastleknights.com.au/news/2022/11/16/knights-sign-jackson-hastings/#main-content) ## Main [![Image 2: knights logo](https://www.newcastleknights.com.au/.theme/knights/badge-light.svg?bust=202607060241)![Image 3: knights logo](https://www.newcastleknights.com.au/.theme/knights/text.svg?bust=202607060241)](https://www.newcastleknights.com.au/) [](https://www.newcastleknights.com.au/search/) * [News](https://www.newcastleknights.com.au/news/) * [Watch](https://www.newc"
"new","Newcastle Knights","Phoenix Crossland","Hooker","no_official_club_signing_article_found","","","","","","",""
"new","Newcastle Knights","Trey Mooney","Prop","no_official_club_signing_article_found","","","","","","",""
"new","Newcastle Knights","Dylan Lucas","2nd Row","player_specific_contract_candidate","contract_or_signing_language|term_language|term_length_language","Dylan Lucas re-signs for three more years","https://www.newcastleknights.com.au/news/2026/06/04/dylan-lucas-re-signs-for-three-more-years/","2026-06-04T01:09:21+00:00","true","true","Title: Dylan Lucas re-signs for three more years URL Source: https://www.newcastleknights.com.au/news/2026/06/04/dylan-lucas-re-signs-for-three-more-years/ Published Time: 2026-06-04T01:09:21+00:00 Markdown Content: [Skip to main content](https://www.newcastleknights.com.au/news/2026/06/04/dylan-lucas-re-signs-for-three-more-years/#main-content) ## Main [![Image 1: knights logo](https://www.newcastleknights.com.au/.theme/knights/badge-light.svg?bust=202607060241)![Image 2: knights logo](https://www.newcastleknights.com.au/.theme/knights/text.svg?bust=202607060241)](https://www.newcastleknights.com.au/) [](https://www.newcastleknights.com.au/search/) * [News](https://www.newcastleknights.com."
"new","Newcastle Knights","Jermaine McEwen","2nd Row","player_specific_contract_candidate","contract_or_signing_language|term_language","Two more years for Jermaine McEwen","https://www.newcastleknights.com.au/news/2026/05/14/two-more-years-for-jermaine-mcewen/","2026-05-13T23:59:43+00:00","true","true","Title: Two more years for Jermaine McEwen URL Source: https://www.newcastleknights.com.au/news/2026/05/14/two-more-years-for-jermaine-mcewen/ Published Time: 2026-05-13T23:59:43+00:00 Markdown Content: [Skip to main content](https://www.newcastleknights.com.au/news/2026/05/14/two-more-years-for-jermaine-mcewen/#main-content) ## Main [![Image 1: knights logo](https://www.newcastleknights.com.au/.theme/knights/badge-light.svg?bust=202607060241)![Image 2: knights logo](https://www.newcastleknights.com.au/.theme/knights/text.svg?bust=202607060241)](https://www.newcastleknights.com.au/) [](https://www.newcastleknights.com.au/search/) * [News](https://www.newcastleknights.com.au/news/) * [Watch](h"
"new","Newcastle Knights","Mathew Croker","Lock","no_official_club_signing_article_found","","","","","","",""
"new","Newcastle Knights","Sandon Smith","Interchange","no_official_club_signing_article_found","","","","","","",""
"new","Newcastle Knights","Tyson Frizell","Interchange","no_official_club_signing_article_found","","","","","","",""
"new","Newcastle Knights","Brodie Jones","Interchange","no_official_club_signing_article_found","","","","","","",""
"new","Newcastle Knights","Cody Hopwood","Interchange","no_official_club_signing_article_found","","","","","","",""
"new","Newcastle Knights","Asu Kepaoa","Unknown","no_official_club_signing_article_found","","","","","","",""
"new","Newcastle Knights","Elijah Salesa-Leaumoana","Unknown","no_official_club_signing_article_found","","","","","","",""
"new","Newcastle Knights","Francis Manuleleua","Unknown","no_official_club_signing_article_found","","","","","","",""
"new","Newcastle Knights","James Schiller","Unknown","no_official_club_signing_article_found","","","","","","",""
"new","Newcastle Knights","Lachlan Crouch","Unknown","no_official_club_signing_article_found","","","","","","",""
"new","Newcastle Knights","Matt Arthur","Unknown","no_official_club_signing_article_found","","","","","","",""
"new","Newcastle Knights","Pasamu Saulo","Unknown","no_official_club_signing_article_found","","","","","","",""
"new","Newcastle Knights","Peter Hola","Unknown","no_official_club_signing_article_found","","","","","","",""
"new","Newcastle Knights","Thomas Cant","Unknown","no_official_club_signing_article_found","","","","","","",""
"new","Newcastle Knights","Wil Sullivan","Unknown","no_official_club_signing_article_found","","","","","","",""
"new","Newcastle Knights","Wilson Decourcey","Unknown","no_official_club_signing_article_found","","","","","","",""
"nql","North Queensland Cowboys","Scott Drinkwater","Fullback","no_official_club_signing_article_found","","","","","","",""
"nql","North Queensland Cowboys","Murray Taulagi","Winger","no_official_club_signing_article_found","","","","","","",""
"nql","North Queensland Cowboys","Zac Laybutt","Centre","no_official_club_signing_article_found","","","","","","",""
"nql","North Queensland Cowboys","Jaxon Purdue","Centre","no_official_club_signing_article_found","","","","","","",""
"nql","North Queensland Cowboys","Robert Derby","Winger","no_official_club_signing_article_found","","","","","","",""
"nql","North Queensland Cowboys","Jake Clifford","Five-Eighth","player_specific_contract_candidate","contract_or_signing_language|term_language|term_length_language","Clifford re-signs until the end of 2028","https://www.cowboys.com.au/news/2026/05/07/cowboys-extend-clifford-jake-2028/","2026-05-06T23:56:00+00:00","false","true","Title: Clifford re-signs until the end of 2028 URL Source: https://www.cowboys.com.au/news/2026/05/07/cowboys-extend-clifford-jake-2028/ Published Time: 2026-05-06T23:56:00+00:00 Markdown Content: [Skip to main content](https://www.cowboys.com.au/news/2026/05/07/cowboys-extend-clifford-jake-2028/#main-content) ## Main [![Image 1: cowboys logo](https://www.cowboys.com.au/.theme/cowboys/badge-light.svg?bust=202607060241)![Image 2: cowboys logo](https://www.cowboys.com.au/.theme/cowboys/text.svg?bust=202607060241)](https://www.cowboys.com.au/) [](https://www.cowboys.com.au/search/) * [News](https://www.cowboys.com.au/news/) * [Watch](https://www.cowboys.com.au/watch/) * [Draw](https://www.cowbo"
"nql","North Queensland Cowboys","Tom Dearden","Halfback","player_specific_contract_candidate","contract_or_signing_language|term_language|term_length_language","Clifford re-signs until the end of 2028","https://www.cowboys.com.au/news/2026/05/07/cowboys-extend-clifford-jake-2028/","2026-05-06T23:56:00+00:00","false","true","Title: Clifford re-signs until the end of 2028 URL Source: https://www.cowboys.com.au/news/2026/05/07/cowboys-extend-clifford-jake-2028/ Published Time: 2026-05-06T23:56:00+00:00 Markdown Content: [Skip to main content](https://www.cowboys.com.au/news/2026/05/07/cowboys-extend-clifford-jake-2028/#main-content) ## Main [![Image 1: cowboys logo](https://www.cowboys.com.au/.theme/cowboys/badge-light.svg?bust=202607060241)![Image 2: cowboys logo](https://www.cowboys.com.au/.theme/cowboys/text.svg?bust=202607060241)](https://www.cowboys.com.au/) [](https://www.cowboys.com.au/search/) * [News](https://www.cowboys.com.au/news/) * [Watch](https://www.cowboys.com.au/watch/) * [Draw](https://www.cowbo"
"nql","North Queensland Cowboys","Jason Taumalolo","Prop","no_official_club_signing_article_found","","","","","","",""
"nql","North Queensland Cowboys","Reed Mahoney","Hooker","player_specific_contract_candidate","contract_or_signing_language|term_length_language","Cowboys sign Luke","https://www.cowboys.com.au/news/2026/01/20/cowboys-sign-luke/","2026-01-20T06:25:00+00:00","false","true","Title: Cowboys sign Luke URL Source: https://www.cowboys.com.au/news/2026/01/20/cowboys-sign-luke/ Published Time: 2026-01-20T06:25:00+00:00 Markdown Content: [Skip to main content](https://www.cowboys.com.au/news/2026/01/20/cowboys-sign-luke/#main-content) ## Main [![Image 1: cowboys logo](https://www.cowboys.com.au/.theme/cowboys/badge-light.svg?bust=202607060241)![Image 2: cowboys logo](https://www.cowboys.com.au/.theme/cowboys/text.svg?bust=202607060241)](https://www.cowboys.com.au/) [](https://www.cowboys.com.au/search/) * [News](https://www.cowboys.com.au/news/) * [Watch](https://www.cowboys.com.au/watch/) * [Draw](https://www.cowboys.com.au/draw/) * [Ladder](https://www.cowboys.com.au"
"nql","North Queensland Cowboys","Coen Hess","Prop","no_official_club_signing_article_found","","","","","","",""
"nql","North Queensland Cowboys","Heilum Luki","2nd Row","no_official_club_signing_article_found","","","","","","",""
"nql","North Queensland Cowboys","Jeremiah Nanai","2nd Row","no_official_club_signing_article_found","","","","","","",""
"nql","North Queensland Cowboys","Reuben Cotter","Lock","no_official_club_signing_article_found","","","","","","",""
"nql","North Queensland Cowboys","John Bateman","Interchange","no_official_club_signing_article_found","","","","","","",""
"nql","North Queensland Cowboys","Matt Lodge","Interchange","no_official_club_signing_article_found","","","","","","",""
"nql","North Queensland Cowboys","Sam McIntyre","Interchange","no_official_club_signing_article_found","","","","","","",""
"nql","North Queensland Cowboys","Griffin Neame","Interchange","no_official_club_signing_article_found","","","","","","",""
"nql","North Queensland Cowboys","Harrison Edwards","Unknown","no_official_club_signing_article_found","","","","","","",""
"nql","North Queensland Cowboys","James Walsh","Unknown","no_official_club_signing_article_found","","","","","","",""
"nql","North Queensland Cowboys","Jaxson Paulo","Unknown","no_official_club_signing_article_found","","","","","","",""
"nql","North Queensland Cowboys","Kai O'Donnell","Unknown","no_official_club_signing_article_found","","","","","","",""
"nql","North Queensland Cowboys","Kaiden Lahrs","Unknown","no_official_club_signing_article_found","","","","","","",""
"nql","North Queensland Cowboys","Mason Kira","Unknown","no_official_club_signing_article_found","","","","","","",""
"nql","North Queensland Cowboys","Soni Luke","Unknown","player_specific_contract_candidate","contract_or_signing_language|term_length_language","Cowboys sign Luke","https://www.cowboys.com.au/news/2026/01/20/cowboys-sign-luke/","2026-01-20T06:25:00+00:00","false","true","Title: Cowboys sign Luke URL Source: https://www.cowboys.com.au/news/2026/01/20/cowboys-sign-luke/ Published Time: 2026-01-20T06:25:00+00:00 Markdown Content: [Skip to main content](https://www.cowboys.com.au/news/2026/01/20/cowboys-sign-luke/#main-content) ## Main [![Image 1: cowboys logo](https://www.cowboys.com.au/.theme/cowboys/badge-light.svg?bust=202607060241)![Image 2: cowboys logo](https://www.cowboys.com.au/.theme/cowboys/text.svg?bust=202607060241)](https://www.cowboys.com.au/) [](https://www.cowboys.com.au/search/) * [News](https://www.cowboys.com.au/news/) * [Watch](https://www.cowboys.com.au/watch/) * [Draw](https://www.cowboys.com.au/draw/) * [Ladder](https://www.cowboys.com.au"
"nql","North Queensland Cowboys","Thomas Mikaele","Unknown","no_official_club_signing_article_found","","","","","","",""
"nql","North Queensland Cowboys","Viliami Vailea","Unknown","no_official_club_signing_article_found","","","","","","",""
"nql","North Queensland Cowboys","Zac Herdegen","Unknown","no_official_club_signing_article_found","","","","","","",""
"par","Parramatta Eels","Isaiah Iongi","Fullback","player_specific_profile_candidate","","Signings Isaiah Iongi arrives at Eels","https://www.parraeels.com.au/news/2024/12/09/isaiah-iongi-arrives-at-eels/","","false","false","RateLimitTriggeredError: Per IP rate limit exceeded"
"par","Parramatta Eels","Bailey Simonsson","Winger","no_official_club_signing_article_found","","","","","","",""
"par","Parramatta Eels","Will Penisini","Centre","no_official_club_signing_article_found","","","","","","",""
"par","Parramatta Eels","Sean Russell","Centre","no_official_club_signing_article_found","","","","","","",""
"par","Parramatta Eels","Josh Addo-Carr","Winger","player_specific_profile_candidate","","Signings Josh Addo-Carr joins Parramatta Eels for","https://www.parraeels.com.au/news/2024/11/18/josh-addo-carr-joins-parramatta-eels-for-2025-nrl-season/","","false","false","RateLimitTriggeredError: Per IP rate limit exceeded"
"par","Parramatta Eels","Jonah Pezet","Five-Eighth","no_official_club_signing_article_found","","","","","","",""
"par","Parramatta Eels","Mitchell Moses","Halfback","no_official_club_signing_article_found","","","","","","",""
"par","Parramatta Eels","J'maine Hopgood","Prop","player_specific_profile_candidate","","Signings J'maine Hopgood extends with Parramatta Eels","https://www.parraeels.com.au/news/2024/08/28/jmaine-hopgood-extends-with-parramatta-eels/","","false","false","RateLimitTriggeredError: Per IP rate limit exceeded"
"par","Parramatta Eels","J'maine Hopgood","Prop","player_specific_profile_candidate","","Signings Eels extend J'maine Hopgood","https://www.parraeels.com.au/news/2023/05/12/eels-extend-jmaine-hopgood/","","false","false","RateLimitTriggeredError: Per IP rate limit exceeded"
"par","Parramatta Eels","Ryley Smith","Hooker","no_official_club_signing_article_found","","","","","","",""
"par","Parramatta Eels","Junior Paulo","Prop","no_official_club_signing_article_found","","","","","","",""
"par","Parramatta Eels","Kelma Tuilagi","2nd Row","player_specific_profile_candidate","","Signings Parramatta Eels extend Kelma Tuilagi","https://www.parraeels.com.au/news/2024/12/03/parramatta-eels-extend-kelma-tuilagi/","","false","false","RateLimitTriggeredError: Per IP rate limit exceeded"
"par","Parramatta Eels","Kelma Tuilagi","2nd Row","player_specific_profile_candidate","","Signings Kelma Tuilagi signs with Parramatta Eels","https://www.parraeels.com.au/news/2023/10/06/kelma-tuilagi-signs-with-parramatta-eels/","","false","false","RateLimitTriggeredError: Per IP rate limit exceeded"
"par","Parramatta Eels","Kitione Kautoga","2nd Row","no_official_club_signing_article_found","","","","","","",""
"par","Parramatta Eels","Jack Williams","Lock","player_specific_profile_candidate","","Signings Jack Williams signs with Parramatta Eels","https://www.parraeels.com.au/news/2024/10/03/jack-williams-signs-with-parramatta-eels/","","false","false","RateLimitTriggeredError: Per IP rate limit exceeded"
"par","Parramatta Eels","Dylan Walker","Interchange","player_specific_profile_candidate","","Dylan Walker: Welcome to the Eels","https://www.parraeels.com.au/news/2025/03/26/welcome-to-the-eels-dylan-walker/","","true","true","Title: Dylan Walker: Welcome to the Eels URL Source: https://www.parraeels.com.au/news/2025/03/26/welcome-to-the-eels-dylan-walker/ Markdown Content: [Skip to main content](https://www.parraeels.com.au/news/2025/03/26/welcome-to-the-eels-dylan-walker/#main-content) ## Main [![Image 2: eels logo](https://www.parraeels.com.au/.theme/eels/badge.svg?bust=202607060241)![Image 3: eels logo](https://www.parraeels.com.au/.theme/eels/text.svg?bust=202607060241)](https://www.parraeels.com.au/) [](https://www.parraeels.com.au/search/) * [News](https://www.parraeels.com.au/news/) * [Watch](https://www.parraeels.com.au/watch/) * [Draw](https://www.parraeels.com.au/draw/) * [Ladder](https://www.parraeels."
"par","Parramatta Eels","Tallyn Da Silva","Interchange","no_official_club_signing_article_found","","","","","","",""
"par","Parramatta Eels","Jack de Belin","Interchange","no_official_club_signing_article_found","","","","","","",""
"par","Parramatta Eels","Matt Doorey","Interchange","no_official_club_signing_article_found","","","","","","",""
"par","Parramatta Eels","Brian Kelly","Unknown","no_official_club_signing_article_found","","","","","","",""
"par","Parramatta Eels","Charlie Guymer","Unknown","no_official_club_signing_article_found","","","","","","",""
"par","Parramatta Eels","Jake Tago","Unknown","no_official_club_signing_article_found","","","","","","",""
"par","Parramatta Eels","Joash Papalii","Unknown","player_specific_contract_candidate","contract_or_signing_language|term_language","Harrison Edwards joins Parramatta Eels","https://www.parraeels.com.au/news/2026/05/06/harrison-edwards-joins-parramatta-eels/","2026-05-06T05:00:00+00:00","false","true","Title: Harrison Edwards joins Parramatta Eels URL Source: https://www.parraeels.com.au/news/2026/05/06/harrison-edwards-joins-parramatta-eels/ Published Time: 2026-05-06T05:00:00+00:00 Markdown Content: [Skip to main content](https://www.parraeels.com.au/news/2026/05/06/harrison-edwards-joins-parramatta-eels/#main-content) ## Main [![Image 1: eels logo](https://www.parraeels.com.au/.theme/eels/badge.svg?bust=202607060241)![Image 2: eels logo](https://www.parraeels.com.au/.theme/eels/text.svg?bust=202607060241)](https://www.parraeels.com.au/) [](https://www.parraeels.com.au/search/) * [News](https://www.parraeels.com.au/news/) * [Watch](https://www.parraeels.com.au/watch/) * [Draw](https://ww"
"par","Parramatta Eels","Joash Papalii","Unknown","player_specific_profile_candidate","","Dylan Walker: Welcome to the Eels","https://www.parraeels.com.au/news/2025/03/26/welcome-to-the-eels-dylan-walker/","","false","true","Title: Dylan Walker: Welcome to the Eels URL Source: https://www.parraeels.com.au/news/2025/03/26/welcome-to-the-eels-dylan-walker/ Markdown Content: [Skip to main content](https://www.parraeels.com.au/news/2025/03/26/welcome-to-the-eels-dylan-walker/#main-content) ## Main [![Image 2: eels logo](https://www.parraeels.com.au/.theme/eels/badge.svg?bust=202607060241)![Image 3: eels logo](https://www.parraeels.com.au/.theme/eels/text.svg?bust=202607060241)](https://www.parraeels.com.au/) [](https://www.parraeels.com.au/search/) * [News](https://www.parraeels.com.au/news/) * [Watch](https://www.parraeels.com.au/watch/) * [Draw](https://www.parraeels.com.au/draw/) * [Ladder](https://www.parraeels."
"par","Parramatta Eels","Jordan Samrani","Unknown","no_official_club_signing_article_found","","","","","","",""
"par","Parramatta Eels","Luca Moretti","Unknown","player_specific_profile_candidate","","Signings Luca Moretti extends with the Eels","https://www.parraeels.com.au/news/2025/01/17/luca-moretti-extends-with-the-eels/","","false","false","RateLimitTriggeredError: Per IP rate limit exceeded"
"par","Parramatta Eels","Richard Penisini","Unknown","no_official_club_signing_article_found","","","","","","",""
"par","Parramatta Eels","Ronald Volkman","Unknown","no_official_club_signing_article_found","","","","","","",""
"par","Parramatta Eels","Ryan Matterson","Unknown","no_official_club_signing_article_found","","","","","","",""
"par","Parramatta Eels","Sam Tuivaiti","Unknown","no_official_club_signing_article_found","","","","","","",""
"par","Parramatta Eels","Toni Mataele","Unknown","no_official_club_signing_article_found","","","","","","",""
"pen","Penrith Panthers","Dylan Edwards","Fullback","no_official_club_signing_article_found","","","","","","",""
"pen","Penrith Panthers","Thomas Jenkins","Winger","no_official_club_signing_article_found","","","","","","",""
"pen","Penrith Panthers","Paul Alamoti","Centre","player_specific_contract_candidate","contract_or_signing_language|term_language|term_length_language","Alamoti commits to Panthers","https://www.penrithpanthers.com.au/news/2024/10/24/alamoti-commits-to-panthers/","2024-10-23T23:58:00+00:00","false","true","Title: Alamoti commits to Panthers URL Source: https://www.penrithpanthers.com.au/news/2024/10/24/alamoti-commits-to-panthers/ Published Time: 2024-10-23T23:58:00+00:00 Markdown Content: [Skip to main content](https://www.penrithpanthers.com.au/news/2024/10/24/alamoti-commits-to-panthers/#main-content) ## Main [![Image 2: panthers logo](https://www.penrithpanthers.com.au/globalassets/.lookups/themes/panthers-anniversary-badge-shield__full-colour-11.svg)![Image 3: panthers logo](https://www.penrithpanthers.com.au/globalassets/.lookups/themes/panthers-mobile.svg)](https://www.penrithpanthers.com.au/) [](https://www.penrithpanthers.com.au/search/) * [News](https://www.penrithpanthers.com.au/new"
"pen","Penrith Panthers","Casey McLean","Centre","no_official_club_signing_article_found","","","","","","",""
"pen","Penrith Panthers","Brian To'o","Winger","no_official_club_signing_article_found","","","","","","",""
"pen","Penrith Panthers","Blaize Talagi","Five-Eighth","no_official_club_signing_article_found","","","","","","",""
"pen","Penrith Panthers","Nathan Cleary","Halfback","player_specific_contract_candidate","contract_or_signing_language|term_length_language","Jenkins signs long-term deal with Panthers","https://www.penrithpanthers.com.au/news/2026/06/12/jenkins-commits-to-panthers/","2026-06-12T07:00:00+00:00","false","true","Title: Jenkins signs long-term deal with Panthers URL Source: https://www.penrithpanthers.com.au/news/2026/06/12/jenkins-commits-to-panthers/ Published Time: 2026-06-12T07:00:00+00:00 Markdown Content: [Skip to main content](https://www.penrithpanthers.com.au/news/2026/06/12/jenkins-commits-to-panthers/#main-content) ## Main [![Image 1: panthers logo](https://www.penrithpanthers.com.au/globalassets/.lookups/themes/panthers-anniversary-badge-shield__full-colour-11.svg)![Image 2: panthers logo](https://www.penrithpanthers.com.au/globalassets/.lookups/themes/panthers-mobile.svg)](https://www.penrithpanthers.com.au/) [](https://www.penrithpanthers.com.au/search/) * [News](https://www.penrithpant"
"pen","Penrith Panthers","Nathan Cleary","Halfback","player_specific_contract_candidate","contract_or_signing_language|term_length_language","Panthers confirm signings of Tom Ale and Kalani Going","https://www.penrithpanthers.com.au/news/2025/10/31/panthers-confirm-signings-of-tom-ale-and-kalani-going/","2025-10-31T03:25:00+00:00","false","true","Title: Panthers confirm signings of Tom Ale and Kalani Going URL Source: https://www.penrithpanthers.com.au/news/2025/10/31/panthers-confirm-signings-of-tom-ale-and-kalani-going/ Published Time: 2025-10-31T03:25:00+00:00 Markdown Content: [Skip to main content](https://www.penrithpanthers.com.au/news/2025/10/31/panthers-confirm-signings-of-tom-ale-and-kalani-going/#main-content) ## Main [![Image 1: panthers logo](https://www.penrithpanthers.com.au/globalassets/.lookups/themes/panthers-anniversary-badge-shield__full-colour-11.svg)![Image 2: panthers logo](https://www.penrithpanthers.com.au/globalassets/.lookups/themes/panthers-mobile.svg)](https://www.penrithpanthers.com.au/) [](https://www.p"
"pen","Penrith Panthers","Nathan Cleary","Halfback","player_specific_contract_candidate","contract_or_signing_language|term_language|term_length_language","Panthers young guns commit to Panthers","https://www.penrithpanthers.com.au/news/2024/06/21/panthers-young-guns-commit-to-panthers/","2024-06-20T23:45:00+00:00","false","true","Title: Panthers young guns commit to Panthers URL Source: https://www.penrithpanthers.com.au/news/2024/06/21/panthers-young-guns-commit-to-panthers/ Published Time: 2024-06-20T23:45:00+00:00 Markdown Content: [Skip to main content](https://www.penrithpanthers.com.au/news/2024/06/21/panthers-young-guns-commit-to-panthers/#main-content) ## Main [![Image 2: panthers logo](https://www.penrithpanthers.com.au/globalassets/.lookups/themes/panthers-anniversary-badge-shield__full-colour-11.svg)![Image 3: panthers logo](https://www.penrithpanthers.com.au/globalassets/.lookups/themes/panthers-mobile.svg)](https://www.penrithpanthers.com.au/) [](https://www.penrithpanthers.com.au/search/) * [News](https"
"pen","Penrith Panthers","Moses Leota","Prop","no_official_club_signing_article_found","","","","","","",""
"pen","Penrith Panthers","Mitch Kenny","Hooker","no_official_club_signing_article_found","","","","","","",""
"pen","Penrith Panthers","Linday Smith","Prop","no_official_club_signing_article_found","","","","","","",""
"pen","Penrith Panthers","Isaiah Papali'i","2nd Row","no_official_club_signing_article_found","","","","","","",""
"pen","Penrith Panthers","Liam Martin","2nd Row","player_specific_contract_candidate","contract_or_signing_language|term_length_language","Jenkins signs long-term deal with Panthers","https://www.penrithpanthers.com.au/news/2026/06/12/jenkins-commits-to-panthers/","2026-06-12T07:00:00+00:00","false","true","Title: Jenkins signs long-term deal with Panthers URL Source: https://www.penrithpanthers.com.au/news/2026/06/12/jenkins-commits-to-panthers/ Published Time: 2026-06-12T07:00:00+00:00 Markdown Content: [Skip to main content](https://www.penrithpanthers.com.au/news/2026/06/12/jenkins-commits-to-panthers/#main-content) ## Main [![Image 1: panthers logo](https://www.penrithpanthers.com.au/globalassets/.lookups/themes/panthers-anniversary-badge-shield__full-colour-11.svg)![Image 2: panthers logo](https://www.penrithpanthers.com.au/globalassets/.lookups/themes/panthers-mobile.svg)](https://www.penrithpanthers.com.au/) [](https://www.penrithpanthers.com.au/search/) * [News](https://www.penrithpant"
"pen","Penrith Panthers","Liam Martin","2nd Row","player_specific_contract_candidate","contract_or_signing_language|term_language|term_length_language","Panthers young guns commit to Panthers","https://www.penrithpanthers.com.au/news/2024/06/21/panthers-young-guns-commit-to-panthers/","2024-06-20T23:45:00+00:00","false","true","Title: Panthers young guns commit to Panthers URL Source: https://www.penrithpanthers.com.au/news/2024/06/21/panthers-young-guns-commit-to-panthers/ Published Time: 2024-06-20T23:45:00+00:00 Markdown Content: [Skip to main content](https://www.penrithpanthers.com.au/news/2024/06/21/panthers-young-guns-commit-to-panthers/#main-content) ## Main [![Image 2: panthers logo](https://www.penrithpanthers.com.au/globalassets/.lookups/themes/panthers-anniversary-badge-shield__full-colour-11.svg)![Image 3: panthers logo](https://www.penrithpanthers.com.au/globalassets/.lookups/themes/panthers-mobile.svg)](https://www.penrithpanthers.com.au/) [](https://www.penrithpanthers.com.au/search/) * [News](https"
"pen","Penrith Panthers","Liam Martin","2nd Row","player_specific_profile_candidate","","Signings Liam Martin signs contract extension","https://www.penrithpanthers.com.au/news/2023/07/27/liam-martin-signs-contract-extension/","","false","false","RateLimitTriggeredError: Per IP rate limit exceeded"
"pen","Penrith Panthers","Liam Martin","2nd Row","player_specific_profile_candidate","","Signings Liam Martin re-signs with Panthers","https://www.penrithpanthers.com.au/news/2023/02/01/liam-martin-re-signs-with-panthers/","","false","false","RateLimitTriggeredError: Per IP rate limit exceeded"
"pen","Penrith Panthers","Isaah Yeo","Lock","player_specific_contract_candidate","contract_or_signing_language|term_length_language","Jenkins signs long-term deal with Panthers","https://www.penrithpanthers.com.au/news/2026/06/12/jenkins-commits-to-panthers/","2026-06-12T07:00:00+00:00","false","true","Title: Jenkins signs long-term deal with Panthers URL Source: https://www.penrithpanthers.com.au/news/2026/06/12/jenkins-commits-to-panthers/ Published Time: 2026-06-12T07:00:00+00:00 Markdown Content: [Skip to main content](https://www.penrithpanthers.com.au/news/2026/06/12/jenkins-commits-to-panthers/#main-content) ## Main [![Image 1: panthers logo](https://www.penrithpanthers.com.au/globalassets/.lookups/themes/panthers-anniversary-badge-shield__full-colour-11.svg)![Image 2: panthers logo](https://www.penrithpanthers.com.au/globalassets/.lookups/themes/panthers-mobile.svg)](https://www.penrithpanthers.com.au/) [](https://www.penrithpanthers.com.au/search/) * [News](https://www.penrithpant"
"pen","Penrith Panthers","Isaah Yeo","Lock","player_specific_contract_candidate","contract_or_signing_language|term_length_language","Panthers confirm signings of Tom Ale and Kalani Going","https://www.penrithpanthers.com.au/news/2025/10/31/panthers-confirm-signings-of-tom-ale-and-kalani-going/","2025-10-31T03:25:00+00:00","false","true","Title: Panthers confirm signings of Tom Ale and Kalani Going URL Source: https://www.penrithpanthers.com.au/news/2025/10/31/panthers-confirm-signings-of-tom-ale-and-kalani-going/ Published Time: 2025-10-31T03:25:00+00:00 Markdown Content: [Skip to main content](https://www.penrithpanthers.com.au/news/2025/10/31/panthers-confirm-signings-of-tom-ale-and-kalani-going/#main-content) ## Main [![Image 1: panthers logo](https://www.penrithpanthers.com.au/globalassets/.lookups/themes/panthers-anniversary-badge-shield__full-colour-11.svg)![Image 2: panthers logo](https://www.penrithpanthers.com.au/globalassets/.lookups/themes/panthers-mobile.svg)](https://www.penrithpanthers.com.au/) [](https://www.p"
"pen","Penrith Panthers","Isaah Yeo","Lock","player_specific_contract_candidate","contract_or_signing_language|term_language|term_length_language","Panthers young guns commit to Panthers","https://www.penrithpanthers.com.au/news/2024/06/21/panthers-young-guns-commit-to-panthers/","2024-06-20T23:45:00+00:00","false","true","Title: Panthers young guns commit to Panthers URL Source: https://www.penrithpanthers.com.au/news/2024/06/21/panthers-young-guns-commit-to-panthers/ Published Time: 2024-06-20T23:45:00+00:00 Markdown Content: [Skip to main content](https://www.penrithpanthers.com.au/news/2024/06/21/panthers-young-guns-commit-to-panthers/#main-content) ## Main [![Image 2: panthers logo](https://www.penrithpanthers.com.au/globalassets/.lookups/themes/panthers-anniversary-badge-shield__full-colour-11.svg)![Image 3: panthers logo](https://www.penrithpanthers.com.au/globalassets/.lookups/themes/panthers-mobile.svg)](https://www.penrithpanthers.com.au/) [](https://www.penrithpanthers.com.au/search/) * [News](https"
"pen","Penrith Panthers","Scott Sorensen","Interchange","no_official_club_signing_article_found","","","","","","",""
"pen","Penrith Panthers","Luke Garner","Interchange","no_official_club_signing_article_found","","","","","","",""
"pen","Penrith Panthers","Liam Henry","Interchange","no_official_club_signing_article_found","","","","","","",""
"pen","Penrith Panthers","Izack Tago","Interchange","no_official_club_signing_article_found","","","","","","",""
"pen","Penrith Panthers","Billy Scott","Unknown","player_specific_contract_candidate","contract_or_signing_language|term_language|term_length_language","Panthers young guns commit to Panthers","https://www.penrithpanthers.com.au/news/2024/06/21/panthers-young-guns-commit-to-panthers/","2024-06-20T23:45:00+00:00","false","true","Title: Panthers young guns commit to Panthers URL Source: https://www.penrithpanthers.com.au/news/2024/06/21/panthers-young-guns-commit-to-panthers/ Published Time: 2024-06-20T23:45:00+00:00 Markdown Content: [Skip to main content](https://www.penrithpanthers.com.au/news/2024/06/21/panthers-young-guns-commit-to-panthers/#main-content) ## Main [![Image 2: panthers logo](https://www.penrithpanthers.com.au/globalassets/.lookups/themes/panthers-anniversary-badge-shield__full-colour-11.svg)![Image 3: panthers logo](https://www.penrithpanthers.com.au/globalassets/.lookups/themes/panthers-mobile.svg)](https://www.penrithpanthers.com.au/) [](https://www.penrithpanthers.com.au/search/) * [News](https"
"pen","Penrith Panthers","Freddy Lussick","Unknown","player_specific_profile_candidate","","Signings Freddy Lussick seals Panthers deal","https://www.penrithpanthers.com.au/news/2025/12/02/freddy-lussick-seals-panthers-deal/","","false","false","RateLimitTriggeredError: Per IP rate limit exceeded"
"pen","Penrith Panthers","Jack Cogger","Unknown","player_specific_profile_candidate","","Signings Zac Hosking and Jack Cogger join Panthers","https://www.penrithpanthers.com.au/news/2022/10/24/zac-hosking-and-jack-cogger-join-panthers/","","false","false","RateLimitTriggeredError: Per IP rate limit exceeded"
"pen","Penrith Panthers","Jaxen Edgar","Unknown","no_official_club_signing_article_found","","","","","","",""
"pen","Penrith Panthers","Jesse McLean","Unknown","no_official_club_signing_article_found","","","","","","",""
"pen","Penrith Panthers","John Fonua","Unknown","no_official_club_signing_article_found","","","","","","",""
"pen","Penrith Panthers","Kalani Going","Unknown","player_specific_contract_candidate","contract_or_signing_language|term_length_language","Panthers confirm signings of Tom Ale and Kalani Going","https://www.penrithpanthers.com.au/news/2025/10/31/panthers-confirm-signings-of-tom-ale-and-kalani-going/","2025-10-31T03:25:00+00:00","true","true","Title: Panthers confirm signings of Tom Ale and Kalani Going URL Source: https://www.penrithpanthers.com.au/news/2025/10/31/panthers-confirm-signings-of-tom-ale-and-kalani-going/ Published Time: 2025-10-31T03:25:00+00:00 Markdown Content: [Skip to main content](https://www.penrithpanthers.com.au/news/2025/10/31/panthers-confirm-signings-of-tom-ale-and-kalani-going/#main-content) ## Main [![Image 1: panthers logo](https://www.penrithpanthers.com.au/globalassets/.lookups/themes/panthers-anniversary-badge-shield__full-colour-11.svg)![Image 2: panthers logo](https://www.penrithpanthers.com.au/globalassets/.lookups/themes/panthers-mobile.svg)](https://www.penrithpanthers.com.au/) [](https://www.p"
"pen","Penrith Panthers","Luron Patea","Unknown","player_specific_contract_candidate","contract_or_signing_language|term_language|term_length_language","Panthers young guns commit to Panthers","https://www.penrithpanthers.com.au/news/2024/06/21/panthers-young-guns-commit-to-panthers/","2024-06-20T23:45:00+00:00","false","true","Title: Panthers young guns commit to Panthers URL Source: https://www.penrithpanthers.com.au/news/2024/06/21/panthers-young-guns-commit-to-panthers/ Published Time: 2024-06-20T23:45:00+00:00 Markdown Content: [Skip to main content](https://www.penrithpanthers.com.au/news/2024/06/21/panthers-young-guns-commit-to-panthers/#main-content) ## Main [![Image 2: panthers logo](https://www.penrithpanthers.com.au/globalassets/.lookups/themes/panthers-anniversary-badge-shield__full-colour-11.svg)![Image 3: panthers logo](https://www.penrithpanthers.com.au/globalassets/.lookups/themes/panthers-mobile.svg)](https://www.penrithpanthers.com.au/) [](https://www.penrithpanthers.com.au/search/) * [News](https"
"pen","Penrith Panthers","Tom Ale","Unknown","player_specific_contract_candidate","contract_or_signing_language|term_length_language","Panthers confirm signings of Tom Ale and Kalani Going","https://www.penrithpanthers.com.au/news/2025/10/31/panthers-confirm-signings-of-tom-ale-and-kalani-going/","2025-10-31T03:25:00+00:00","true","true","Title: Panthers confirm signings of Tom Ale and Kalani Going URL Source: https://www.penrithpanthers.com.au/news/2025/10/31/panthers-confirm-signings-of-tom-ale-and-kalani-going/ Published Time: 2025-10-31T03:25:00+00:00 Markdown Content: [Skip to main content](https://www.penrithpanthers.com.au/news/2025/10/31/panthers-confirm-signings-of-tom-ale-and-kalani-going/#main-content) ## Main [![Image 1: panthers logo](https://www.penrithpanthers.com.au/globalassets/.lookups/themes/panthers-anniversary-badge-shield__full-colour-11.svg)![Image 2: panthers logo](https://www.penrithpanthers.com.au/globalassets/.lookups/themes/panthers-mobile.svg)](https://www.penrithpanthers.com.au/) [](https://www.p"
"sou","South Sydney Rabbitohs","Jye Gray","Fullback","no_official_club_signing_article_found","","","","","","",""
"sou","South Sydney Rabbitohs","Alex Johnston","Winger","no_official_club_signing_article_found","","","","","","",""
"sou","South Sydney Rabbitohs","Latrell Mitchell","Centre","no_official_club_signing_article_found","","","","","","",""
"sou","South Sydney Rabbitohs","Jack Wighton","Centre","no_official_club_signing_article_found","","","","","","",""
"sou","South Sydney Rabbitohs","Campbell Graham","Winger","no_official_club_signing_article_found","","","","","","",""
"sou","South Sydney Rabbitohs","Cody Walker","Five-Eighth","no_official_club_signing_article_found","","","","","","",""
"sou","South Sydney Rabbitohs","Jamie Humphreys","Halfback","no_official_club_signing_article_found","","","","","","",""
"sou","South Sydney Rabbitohs","Tevita Tatola","Prop","no_official_club_signing_article_found","","","","","","",""
"sou","South Sydney Rabbitohs","Brandon Smith","Hooker","no_official_club_signing_article_found","","","","","","",""
"sou","South Sydney Rabbitohs","Keaon Koloamatangi","Prop","no_official_club_signing_article_found","","","","","","",""
"sou","South Sydney Rabbitohs","Jai Arrow","2nd Row","no_official_club_signing_article_found","","","","","","",""
"sou","South Sydney Rabbitohs","David Fifita","2nd Row","no_official_club_signing_article_found","","","","","","",""
"sou","South Sydney Rabbitohs","Cameron Murray","Lock","no_official_club_signing_article_found","","","","","","",""
"sou","South Sydney Rabbitohs","Tallis Duncan","Interchange","no_official_club_signing_article_found","","","","","","",""
"sou","South Sydney Rabbitohs","Euan Aitken","Interchange","no_official_club_signing_article_found","","","","","","",""
"sou","South Sydney Rabbitohs","Peter Mamouzelos","Interchange","no_official_club_signing_article_found","","","","","","",""
"sou","South Sydney Rabbitohs","Sean Keppie","Interchange","no_official_club_signing_article_found","","","","","","",""
"sou","South Sydney Rabbitohs","Ashton Ward","Unknown","no_official_club_signing_article_found","","","","","","",""
"sou","South Sydney Rabbitohs","Adam Elliott","Unknown","no_official_club_signing_article_found","","","","","","",""
"sou","South Sydney Rabbitohs","Bronson Carlick","Unknown","no_official_club_signing_article_found","","","","","","",""
"sou","South Sydney Rabbitohs","Ed Kosi","Unknown","no_official_club_signing_article_found","","","","","","",""
"sou","South Sydney Rabbitohs","Isaiah Tass","Unknown","no_official_club_signing_article_found","","","","","","",""
"sou","South Sydney Rabbitohs","Jayden Sullivan","Unknown","no_official_club_signing_article_found","","","","","","",""
"sou","South Sydney Rabbitohs","Jonah Glover","Unknown","no_official_club_signing_article_found","","","","","","",""
"sou","South Sydney Rabbitohs","Lachie Hubner","Unknown","no_official_club_signing_article_found","","","","","","",""
"sou","South Sydney Rabbitohs","Liam Le Blanc","Unknown","no_official_club_signing_article_found","","","","","","",""
"sou","South Sydney Rabbitohs","Max McCarthy","Unknown","no_official_club_signing_article_found","","","","","","",""
"sou","South Sydney Rabbitohs","Thomas Fletcher","Unknown","no_official_club_signing_article_found","","","","","","",""
"sou","South Sydney Rabbitohs","Tyrone Munro","Unknown","no_official_club_signing_article_found","","","","","","",""
"sti","St George Illawarra Dragons","Clint Gutherson","Fullback","no_official_club_signing_article_found","","","","","","",""
"sti","St George Illawarra Dragons","Christian Tuipulotu","Winger","no_official_club_signing_article_found","","","","","","",""
"sti","St George Illawarra Dragons","Moses Suli","Centre","no_official_club_signing_article_found","","","","","","",""
"sti","St George Illawarra Dragons","Valentine Holmes","Centre","no_official_club_signing_article_found","","","","","","",""
"sti","St George Illawarra Dragons","Setu Tu","Winger","player_specific_profile_candidate","","Signings Dragons secure Setu Tu","https://www.dragons.com.au/news/2025/11/18/dragons-secure-setu-tu/","","false","false","RateLimitTriggeredError: Per IP rate limit exceeded"
"sti","St George Illawarra Dragons","Kyle Flanagan","Five-Eighth","no_official_club_signing_article_found","","","","","","",""
"sti","St George Illawarra Dragons","Daniel Atkinson","Halfback","no_official_club_signing_article_found","","","","","","",""
"sti","St George Illawarra Dragons","Emre Guler","Prop","no_official_club_signing_article_found","","","","","","",""
"sti","St George Illawarra Dragons","Damien Cook","Hooker","no_official_club_signing_article_found","","","","","","",""
"sti","St George Illawarra Dragons","Toby Couchman","Prop","no_official_club_signing_article_found","","","","","","",""
"sti","St George Illawarra Dragons","Luciano Leilua","2nd Row","no_official_club_signing_article_found","","","","","","",""
"sti","St George Illawarra Dragons","Jaydn Su'A","2nd Row","no_official_club_signing_article_found","","","","","","",""
"sti","St George Illawarra Dragons","Hamish Stewart","Lock","player_specific_contract_candidate","contract_or_signing_language|term_language|term_length_language","Dragons secure Luke Metcalf through 2029","https://www.dragons.com.au/news/2026/05/14/dragons-secure-luke-metcalf-through-2029/","2026-05-14T08:15:31+00:00","false","true","Title: Dragons secure Luke Metcalf through 2029 URL Source: https://www.dragons.com.au/news/2026/05/14/dragons-secure-luke-metcalf-through-2029/ Published Time: 2026-05-14T08:15:31+00:00 Markdown Content: [Skip to main content](https://www.dragons.com.au/news/2026/05/14/dragons-secure-luke-metcalf-through-2029/#main-content) ## Main [![Image 1: dragons logo](https://www.dragons.com.au/globalassets/.lookups/themes/dragons-badge-navigation1.svg)![Image 2: dragons logo](https://www.dragons.com.au/globalassets/.lookups/themes/dragons-navigation-mobile1.svg)](https://www.dragons.com.au/) [](https://www.dragons.com.au/search/) * [News](https://www.dragons.com.au/news/) * [Videos](https://www.drago"
"sti","St George Illawarra Dragons","Hamish Stewart","Lock","player_specific_profile_candidate","","Signings Hamish Stewart re-signs with Dragons until end of '","https://www.dragons.com.au/news/2025/10/31/hamish-stewart-re-signs-with-dragons-until-end-of-29/","","false","false","RateLimitTriggeredError: Per IP rate limit exceeded"
"sti","St George Illawarra Dragons","Jacob Liddle","Interchange","player_specific_profile_candidate","","Signings Jacob Liddle extends with Dragons for three years","https://www.dragons.com.au/news/2025/06/11/jacob-liddle-extends-with-dragons-for-three-years/","","false","false","RateLimitTriggeredError: Per IP rate limit exceeded"
"sti","St George Illawarra Dragons","Josh Kerr","Interchange","player_specific_profile_candidate","","Dragons Dragons sign Josh Kerr from","https://www.dragons.com.au/news/2025/08/06/dragons-sign-josh-kerr-from-2026/","","false","false","RateLimitTriggeredError: Per IP rate limit exceeded"
"sti","St George Illawarra Dragons","Dylan Egan","Interchange","player_specific_contract_candidate","contract_or_signing_language|term_language|term_length_language","Dragons secure Luke Metcalf through 2029","https://www.dragons.com.au/news/2026/05/14/dragons-secure-luke-metcalf-through-2029/","2026-05-14T08:15:31+00:00","false","true","Title: Dragons secure Luke Metcalf through 2029 URL Source: https://www.dragons.com.au/news/2026/05/14/dragons-secure-luke-metcalf-through-2029/ Published Time: 2026-05-14T08:15:31+00:00 Markdown Content: [Skip to main content](https://www.dragons.com.au/news/2026/05/14/dragons-secure-luke-metcalf-through-2029/#main-content) ## Main [![Image 1: dragons logo](https://www.dragons.com.au/globalassets/.lookups/themes/dragons-badge-navigation1.svg)![Image 2: dragons logo](https://www.dragons.com.au/globalassets/.lookups/themes/dragons-navigation-mobile1.svg)](https://www.dragons.com.au/) [](https://www.dragons.com.au/search/) * [News](https://www.dragons.com.au/news/) * [Videos](https://www.drago"
"sti","St George Illawarra Dragons","Dylan Egan","Interchange","player_specific_profile_candidate","","Signings Eagle Has Landed – Dylan Egan extends through","https://www.dragons.com.au/news/2026/03/18/eagle-has-landed--dylan-egan-extends-through-2029/","","false","false","RateLimitTriggeredError: Per IP rate limit exceeded"
"sti","St George Illawarra Dragons","Ryan Couchman","Interchange","no_official_club_signing_article_found","","","","","","",""
"sti","St George Illawarra Dragons","Hame Sele","Unknown","no_official_club_signing_article_found","","","","","","",""
"sti","St George Illawarra Dragons","Mat Feagai","Unknown","no_official_club_signing_article_found","","","","","","",""
"sti","St George Illawarra Dragons","Lyhkan King-Togia","Unknown","no_official_club_signing_article_found","","","","","","",""
"sti","St George Illawarra Dragons","Loko Pasifiki-Tonga","Unknown","no_official_club_signing_article_found","","","","","","",""
"sti","St George Illawarra Dragons","Tyrell Sloan","Unknown","no_official_club_signing_article_found","","","","","","",""
"sti","St George Illawarra Dragons","David Fale","Unknown","player_specific_profile_candidate","","Signings David Fale signs with Red V","https://www.dragons.com.au/news/2025/10/16/david-fale-signs-with-red-v/","","false","false","RateLimitTriggeredError: Per IP rate limit exceeded"
"sti","St George Illawarra Dragons","Blake Lawrie","Unknown","no_official_club_signing_article_found","","","","","","",""
"sti","St George Illawarra Dragons","Hayden Buchanan","Unknown","no_official_club_signing_article_found","","","","","","",""
"sti","St George Illawarra Dragons","Jacob Halangahu","Unknown","no_official_club_signing_article_found","","","","","","",""
"sti","St George Illawarra Dragons","Leeroy Weatherall","Unknown","no_official_club_signing_article_found","","","","","","",""
"sti","St George Illawarra Dragons","Nathan Lawson","Unknown","no_official_club_signing_article_found","","","","","","",""
"sti","St George Illawarra Dragons","Nick Tsougranis","Unknown","player_specific_profile_candidate","","Dragons Dragons extend Nick Tsougranis through to","https://www.dragons.com.au/news/2025/07/01/dragons-extend-nick-tsougranis-through-to-2027/","","false","false","RateLimitTriggeredError: Per IP rate limit exceeded"
"syd","Sydney Roosters","James Tedesco","Fullback","player_specific_profile_candidate","","Club News Roosters Skipper James Tedesco Extends","https://www.roosters.com.au/news/2024/12/06/roosters-skipper-james-tedesco-extends/","","false","false","RateLimitTriggeredError: Per IP rate limit exceeded"
"syd","Sydney Roosters","Daniel Tupou","Winger","player_specific_contract_candidate","contract_or_signing_language|term_language|term_length_language","NRLW Premiership-winning winger Jayme Fressard re-commits","https://www.roosters.com.au/news/2025/06/26/nrlw-premiership-winning-winger-jayme-fressard-re-commits/","2025-06-26T02:02:07+00:00","false","true","Title: NRLW Premiership-winning winger Jayme Fressard re-commits URL Source: https://www.roosters.com.au/news/2025/06/26/nrlw-premiership-winning-winger-jayme-fressard-re-commits/ Published Time: 2025-06-26T02:02:07+00:00 Markdown Content: [Skip to main content](https://www.roosters.com.au/news/2025/06/26/nrlw-premiership-winning-winger-jayme-fressard-re-commits/#main-content) ## Main [![Image 1: roosters logo](https://www.roosters.com.au/.theme/roosters/badge.svg?bust=202607060241)![Image 2: roosters logo](https://www.roosters.com.au/.theme/roosters/text.svg?bust=202607060241)](https://www.roosters.com.au/) [](https://www.roosters.com.au/search/) * [News](https://www.roosters.com.au/news/) "
"syd","Sydney Roosters","Daniel Tupou","Winger","player_specific_profile_candidate","","Signings Jared Waerea-Hargreaves and Daniel Tupou Extend with Roosters","https://www.roosters.com.au/news/2023/05/26/jared-waerea-hargreaves-and-daniel-tupou-extend-with-roosters/","","false","false","RateLimitTriggeredError: Per IP rate limit exceeded"
"syd","Sydney Roosters","Billy Smith","Centre","no_official_club_signing_article_found","","","","","","",""
"syd","Sydney Roosters","Robert Toia","Centre","no_official_club_signing_article_found","","","","","","",""
"syd","Sydney Roosters","Mark Nawaqanitawase","Winger","no_official_club_signing_article_found","","","","","","",""
"syd","Sydney Roosters","Daly Cherry-Evans","Five-Eighth","no_official_club_signing_article_found","","","","","","",""
"syd","Sydney Roosters","Sam Walker","Halfback","player_specific_profile_candidate","","Signings Sam Walker's Members Message","https://www.roosters.com.au/news/2022/12/06/sam-walkers-members-message/","","false","false","RateLimitTriggeredError: Per IP rate limit exceeded"
"syd","Sydney Roosters","Naufahu Whyte","Prop","player_specific_contract_candidate","contract_or_signing_language|term_language|term_length_language","Naufahu Whyte extends with Roosters","https://www.roosters.com.au/news/2025/06/24/naufahu-whyte-extends-with-roosters/","2025-06-24T02:00:42+00:00","true","true","Title: Naufahu Whyte extends with Roosters URL Source: https://www.roosters.com.au/news/2025/06/24/naufahu-whyte-extends-with-roosters/ Published Time: 2025-06-24T02:00:42+00:00 Markdown Content: [Skip to main content](https://www.roosters.com.au/news/2025/06/24/naufahu-whyte-extends-with-roosters/#main-content) ## Main [![Image 1: roosters logo](https://www.roosters.com.au/.theme/roosters/badge.svg?bust=202607060241)![Image 2: roosters logo](https://www.roosters.com.au/.theme/roosters/text.svg?bust=202607060241)](https://www.roosters.com.au/) [](https://www.roosters.com.au/search/) * [News](https://www.roosters.com.au/news/) * [Watch](https://www.roosters.com.au/watch/) * [Draw](https://www"
"syd","Sydney Roosters","Naufahu Whyte","Prop","player_specific_profile_candidate","","Club News Roosters Bolster Squad with Naufahu Whyte Extending and Renouf Atoni Joining Tricolours","https://www.roosters.com.au/news/2021/09/23/roosters-bolster-squad-with-naufahu-whyte-extending-and-renouf-atoni-joining-tricolours/","","false","false","RateLimitTriggeredError: Per IP rate limit exceeded"
"syd","Sydney Roosters","Reece Robson","Hooker","no_official_club_signing_article_found","","","","","","",""
"syd","Sydney Roosters","Lindsay Collins","Prop","no_official_club_signing_article_found","","","","","","",""
"syd","Sydney Roosters","Angus Crichton","2nd Row","no_official_club_signing_article_found","","","","","","",""
"syd","Sydney Roosters","Siua Wong","2nd Row","no_official_club_signing_article_found","","","","","","",""
"syd","Sydney Roosters","Victor Radley","Lock","no_official_club_signing_article_found","","","","","","",""
"syd","Sydney Roosters","Connor Watson","Interchange","player_specific_profile_candidate","","Club News Connor Watson and Spencer Leniu re-commit","https://www.roosters.com.au/news/2024/08/20/connor-watson-and-spencer-leniu-re-commit/","","false","false","RateLimitTriggeredError: Per IP rate limit exceeded"
"syd","Sydney Roosters","Egan Butcher","Interchange","player_specific_profile_candidate","","Club History Egan Butcher Locks in for Two More Years","https://www.roosters.com.au/news/2025/01/31/egan-butcher-locks-in-for-two-more-years/","","false","false","RateLimitTriggeredError: Per IP rate limit exceeded"
"syd","Sydney Roosters","Spencer Leniu","Interchange","player_specific_profile_candidate","","Club News Connor Watson and Spencer Leniu re-commit","https://www.roosters.com.au/news/2024/08/20/connor-watson-and-spencer-leniu-re-commit/","","false","false","RateLimitTriggeredError: Per IP rate limit exceeded"
"syd","Sydney Roosters","Nat Butcher","Interchange","no_official_club_signing_article_found","","","","","","",""
"syd","Sydney Roosters","Benaiah Ioelu","Unknown","no_official_club_signing_article_found","","","","","","",""
"syd","Sydney Roosters","Blake Steep","Unknown","no_official_club_signing_article_found","","","","","","",""
"syd","Sydney Roosters","Cody Ramsey","Unknown","no_official_club_signing_article_found","","","","","","",""
"syd","Sydney Roosters","De La Salle Va’a","Unknown","no_official_club_signing_article_found","","","","","","",""
"syd","Sydney Roosters","Junior Pauga","Unknown","player_specific_profile_candidate","","Signings Junior Pauga Extends with Roosters","https://www.roosters.com.au/news/2024/06/11/junior-pauga-extends-with-roosters/","","false","false","RateLimitTriggeredError: Per IP rate limit exceeded"
"syd","Sydney Roosters","Hugo Savala","Unknown","no_official_club_signing_article_found","","","","","","",""
"syd","Sydney Roosters","Jake Elliott","Unknown","no_official_club_signing_article_found","","","","","","",""
"syd","Sydney Roosters","Salesi Foketi","Unknown","no_official_club_signing_article_found","","","","","","",""
"syd","Sydney Roosters","Taylor Losalu","Unknown","player_specific_profile_candidate","","Signings Taylor Losalu signs extension through to end of","https://www.roosters.com.au/news/2025/04/20/taylor-losalu-signs-extension-through-to-end-of-2027/","","false","false","RateLimitTriggeredError: Per IP rate limit exceeded"
"syd","Sydney Roosters","Toby Rodwell","Unknown","no_official_club_signing_article_found","","","","","","",""
"syd","Sydney Roosters","Tommy Talau","Unknown","no_official_club_signing_article_found","","","","","","",""
"wst","Wests Tigers","Adam Doueihi","Centre","no_official_club_signing_article_found","","","","","","",""
"wst","Wests Tigers","Alex Twal","Prop","no_official_club_signing_article_found","","","","","","",""
"wst","Wests Tigers","Alex Seyfarth","2nd Row","no_official_club_signing_article_found","","","","","","",""
"wst","Wests Tigers","Apisai Koroisau","Hooker","no_official_club_signing_article_found","","","","","","",""
"wst","Wests Tigers","Bunty Afoa","Prop","no_official_club_signing_article_found","","","","","","",""
"wst","Wests Tigers","Fonua Pole","Prop","no_official_club_signing_article_found","","","","","","",""
"wst","Wests Tigers","Heamasi Makasini","Centre","no_official_club_signing_article_found","","","","","","",""
"wst","Wests Tigers","Heath Mason","Fullback","no_official_club_signing_article_found","","","","","","",""
"wst","Wests Tigers","Jahream Bula","Fullback","no_official_club_signing_article_found","","","","","","",""
"wst","Wests Tigers","Jarome Luai","Halfback","no_official_club_signing_article_found","","","","","","",""
"wst","Wests Tigers","Javon Andrews","Five-Eighth","no_official_club_signing_article_found","","","","","","",""
"wst","Wests Tigers","Jeral Skelton","Winger","no_official_club_signing_article_found","","","","","","",""
"wst","Wests Tigers","Jock Madden","Halfback","no_official_club_signing_article_found","","","","","","",""
"wst","Wests Tigers","Kai Pearce-Paul","2nd Row","no_official_club_signing_article_found","","","","","","",""
"wst","Wests Tigers","Kit Laulilii","Lock","no_official_club_signing_article_found","","","","","","",""
"wst","Wests Tigers","Latu Fainu","Five-Eighth","no_official_club_signing_article_found","","","","","","",""
"wst","Wests Tigers","Mavrik Geyer","2nd Row","no_official_club_signing_article_found","","","","","","",""
"wst","Wests Tigers","Patrick Herbert","Centre","no_official_club_signing_article_found","","","","","","",""
"wst","Wests Tigers","Royce Hunt","Prop","no_official_club_signing_article_found","","","","","","",""
"wst","Wests Tigers","Samuela Fainu","2nd Row","no_official_club_signing_article_found","","","","","","",""
"wst","Wests Tigers","Sione Fainu","Prop","no_official_club_signing_article_found","","","","","","",""
"wst","Wests Tigers","Solomone Saukuru","Centre","no_official_club_signing_article_found","","","","","","",""
"wst","Wests Tigers","Starford To'a","Centre","no_official_club_signing_article_found","","","","","","",""
"wst","Wests Tigers","Sunia Turuva","Winger","no_official_club_signing_article_found","","","","","","",""
"wst","Wests Tigers","Taylan May","Centre","no_official_club_signing_article_found","","","","","","",""
"wst","Wests Tigers","Terrell May","Prop","no_official_club_signing_article_found","","","","","","",""
"wst","Wests Tigers","Tony Sukkar","2nd Row","no_official_club_signing_article_found","","","","","","",""
"wst","Wests Tigers","Tristan Hope","Hooker","no_official_club_signing_article_found","","","","","","",""
"wst","Wests Tigers","Faaletino Tavana","Fullback","no_official_club_signing_article_found","","","","","","",""
"wst","Wests Tigers","William Craig","Winger","no_official_club_signing_article_found","","","","","","",""
