"teamId","teamName","player","position","currentEvidenceRole","candidateRank","articleUse","domain","reputable","primaryPreferred","score","signals","providers","foundBy","publishedAt","sourceName","fetchStatus","pageArticleUse","title","url","snippet"
"bri","Brisbane Broncos","Reece Walsh","Fullback","backup_baseline","1","player_specific_salary_candidate","7news.com.au","true","false","71","money|contract_or_salary_language|signing_language|term_language","bing-news-rss","team_contract","Wed, 30 Oct 2024 08:39:00 GMT","7NEWS Australia","","","Reece Walsh signs monster new Brisbane Broncos contract until 2029","https://7news.com.au/sport/rugby-league/reece-walsh-signs-monster-new-brisbane-broncos-contract-until-2029-c-16589716","Reece Walsh has signed a massive contract extension to stick with the Brisbane Broncos until the end of 2029. Already locked in for next year on a $500,000 deal, he is now set to earn well over $1 ..."
"bri","Brisbane Broncos","Reece Walsh","Fullback","backup_baseline","2","player_specific_contract_candidate","7news.com.au","true","false","43","contract_or_salary_language","bing-news-rss","salary_contract|team_contract|seven","Mon, 23 Sep 2024 08:54:00 GMT","7NEWS Australia","","","Broncos superstar Reece Walsh agrees to multi-million dollar contract extension","https://7news.com.au/sport/rugby-league/broncos-superstar-reece-walsh-agrees-to-multi-million-dollar-contract-extension-c-16162034","It is thought Walsh's new contract will make him second-highest paid player in the competition behind Newcastle Knights star Kalyn Ponga. Walsh is only 22 years old and Broncos ..."
"bri","Brisbane Broncos","Reece Walsh","Fullback","backup_baseline","3","player_specific_profile_candidate","theaustralian.com.au","true","true","32","","bing-news-rss","team_contract","Thu, 25 Jun 2026 21:46:00 GMT","The Australian","","","Brisbane Broncos stars reveal crisis talks in team pact to save season","https://www.theaustralian.com.au/sport/nrl/brisbane-broncos-stars-reveal-crisis-talks-in-team-pact-to-save-season/news-story/8b58639d0862c0f140b6903ba52e146a","Brisbane coach Michael Maguire has backed superstar fullback Reece Walsh to launch another late-season title assault as Broncos stars held crisis talks in a bid to save their season."
"bri","Brisbane Broncos","Grant Anderson","Winger","backup_baseline","1","player_specific_contract_candidate","rnz.co.nz","true","false","51","contract_or_salary_language|term_length_language","bing-news-rss","team_contract","Thu, 16 Apr 2026 14:18:00 GMT","rnz","","","NRL: NZ Warriors sign Grant Anderson in Brisbane Broncos exchange for Mitch Barnett","https://www.rnz.co.nz/news/sport/592595/nrl-nz-warriors-sign-grant-anderson-in-brisbane-broncos-exchange-for-mitch-barnett","NZ Warriors have completed a rumoured player exchange with Brisbane Broncos, receiving outside back Grant Anderson on a three-year contract from next season. The deal compensates the Auckland NRL club ..."
"bri","Brisbane Broncos","Kotoni Staggs","Centre","backup_baseline","1","player_specific_contract_candidate","geelongadvertiser.com.au","true","false","48","contract_or_salary_language|signing_language","bing-news-rss","signed_until","Sun, 09 Aug 2020 08:42:00 GMT","Geelong Advertiser","","","Saint, Sinner, Shoosh: Kotoni Staggs wants to join Broncos exodus; Alex Johnston in rival sights","https://www.geelongadvertiser.com.au/sport/nrl/saint-sinner-shoosh-kotoni-staggs-wants-to-join-broncos-exodus-paul-mcgregor-dragons-future/news-story/4da3d1f9dc35dac2b87987c04e98079e","Centre Kotoni Staggs is under contract until the end of next season but can negotiate and sign with rival clubs from November. Staggs is regarded by many as a future Blues State of Origin and ..."
"bri","Brisbane Broncos","Kotoni Staggs","Centre","backup_baseline","2","player_specific_profile_candidate","geelongadvertiser.com.au","true","false","35","","bing-news-rss","team_contract","Wed, 27 May 2026 01:24:00 GMT","Geelong Advertiser","","","NRL 2021: Jordan Riki, Kotoni Staggs headline Broncos' retention priorities","https://www.geelongadvertiser.com.au/sport/nrl/nrl-2021-jordan-riki-kotoni-staggs-headline-broncos-retention-priorities/news-story/d3a69e5f731b514c88b3917b80e3576f","The Sunday Mail can reveal Brisbane have opened talks with Riki's management as the 106kg hulk prepares to fill the back-row void left by Titans recruit David Fifita in Friday night's season opener ..."
"bri","Brisbane Broncos","Kotoni Staggs","Centre","backup_baseline","3","player_specific_profile_candidate","themercury.com.au","true","false","35","","bing-news-rss","signed_until","Fri, 08 May 2026 03:35:00 GMT","The Mercury","","","NRL 2021: Jordan Riki, Kotoni Staggs headline Broncos' retention priorities","https://www.themercury.com.au/sport/nrl/nrl-2021-jordan-riki-kotoni-staggs-headline-broncos-retention-priorities/news-story/d3a69e5f731b514c88b3917b80e3576f","The Sunday Mail can reveal Brisbane have opened talks with Riki's management as the 106kg hulk prepares to fill the back-row void left by Titans recruit David Fifita in Friday night's season opener ..."
"bri","Brisbane Broncos","Gehamat Shibasaki","Centre","backup_baseline","1","player_specific_salary_candidate","au.sports.yahoo.com","true","false","51","money|contract_or_salary_language","bing-news-rss","salary_contract|team_contract","Fri, 26 Jun 2026 19:55:00 GMT","Yahoo Sports Australia","","","Perth Bears table $1 million deal to Broncos off-contract centre","https://au.sports.yahoo.com/perth-bears-table-1-million-025505590.html","Gehamat Shibasaki's time at the Brisbane Broncos appears all but over. The Courier Mail reported on Saturday morning that the newest NRL expansion side, the Perth Bears, has tabled a lucrative offer ..."
"bri","Brisbane Broncos","Gehamat Shibasaki","Centre","backup_baseline","2","player_specific_contract_candidate","goldcoastbulletin.com.au","true","false","48","contract_or_salary_language|signing_language","bing-news-rss","salary_contract","Fri, 08 May 2026 10:22:00 GMT","Gold Coast Sun","","","Gehamat Shibasaki may fall victim to Broncos salary cap squeeze after latest offer falls short","https://www.goldcoastbulletin.com.au/sport/nrl/gehamat-shibasaki-may-fall-victim-to-broncos-salary-cap-squeeze-after-latest-offer-falls-short/news-story/2d9a60be0cd66cc591fafd90e353d7a5","This masthead understands Shibasaki is resigned to leaving the Broncos at season's end unless Brisbane can up the ante in the face of more lucrative offers from NRL rivals. The off-contract Shibasaki ..."
"bri","Brisbane Broncos","Gehamat Shibasaki","Centre","backup_baseline","3","player_specific_contract_candidate","au.sports.yahoo.com","true","false","36","contract_or_salary_language","bing-news-rss","team_contract|signed_until","Sat, 23 May 2026 17:01:00 GMT","Yahoo Sport Australia","","","Shibasaki's future at Broncos uncertain following contract dispute","https://au.sports.yahoo.com/shibasaki-future-broncos-uncertain-following-233648022.html","Gehamat Shibasaki is currently facing a contract dispute with the Brisbane Broncos over an extension following a breakout year in 2025, which saw him rejuvenate his NRL career. Shibasaki has been ..."
"bri","Brisbane Broncos","Gehamat Shibasaki","Centre","backup_baseline","4","player_specific_contract_candidate","thechronicle.com.au","false","false","34","contract_or_salary_language|signing_language","bing-news-rss","signed_until","Fri, 08 May 2026 10:22:00 GMT","The Toowoomba Chronicle","","","Gehamat Shibasaki may fall victim to Broncos salary cap squeeze after latest offer falls short","https://www.thechronicle.com.au/sport/nrl/gehamat-shibasaki-may-fall-victim-to-broncos-salary-cap-squeeze-after-latest-offer-falls-short/news-story/2d9a60be0cd66cc591fafd90e353d7a5","This masthead understands Shibasaki is resigned to leaving the Broncos at season's end unless Brisbane can up the ante in the face of more lucrative offers from NRL rivals. The off-contract Shibasaki ..."
"bri","Brisbane Broncos","Gehamat Shibasaki","Centre","backup_baseline","5","player_specific_profile_candidate","au.news.yahoo.com","true","false","51","money|contract_or_salary_language","bing-news-rss","signed_until","Wed, 08 Apr 2026 17:00:00 GMT","Yahoo News Australia","","","Storm 'interested' in signing Broncos star after playmaker inks $3m deal with rival NRL club","https://au.news.yahoo.com/blow-for-melbourne-storm-after-star-playmaker-signs-3-million-contract-with-rival-nrl-club-002739521.html","Add Yahoo as a preferred source to see more of our stories on Google. The Melbourne Storm have reportedly turned their attention to Broncos centre Gehamat Shibasaki after missing out on Cowboys young ..."
"bri","Brisbane Broncos","Gehamat Shibasaki","Centre","backup_baseline","6","player_specific_profile_candidate","couriermail.com.au","true","true","39","","bing-news-rss","team_contract|signed_until","Sun, 05 Jul 2026 02:13:00 GMT","The Courier Mail","","","The Tackle | Proof Brisbane grand final hero Gehamat Shibasaki has one foot out the door at Red Hill","https://www.couriermail.com.au/sport/nrl/the-tackle-dean-young-makes-bold-pitch-for-dragons-head-coach-job-after-360-day-first/news-story/90e7cf221461b1f7518bdeedbf48af19","If Parramatta fail to land an experienced playmaker to partner Mitchell Moses in 2027, it could be a decision the club is left to regret. Dylan Walker stole the show at CommBank Stadium. Picture: NRL ..."
"bri","Brisbane Broncos","Gehamat Shibasaki","Centre","backup_baseline","7","player_specific_profile_candidate","news.com.au","true","true","39","","bing-news-rss","team_contract","Mon, 01 Jun 2026 08:46:00 GMT","Couriermail","","","Queensland and Brisbane Broncos pair Pat Carrigan and Gehamat Shibasaki ruled out of Origin 2","https://www.news.com.au/sport/nrl/state-of-origin/queensland-and-brisbane-broncos-pair-pat-carrigan-and-gehamat-shibasaki-ruled-out-of-origin-2/news-story/f5d9241e464e3f4851b2400be839d775","The pair were both hurt in action for the Brisbane Broncos on Sunday, who lost 30-26 to St George Illawarra Dragons for the third time in a row. Watch every game of every round of the NRL Premiership ..."
"bri","Brisbane Broncos","Gehamat Shibasaki","Centre","backup_baseline","8","player_specific_profile_candidate","nrl.com","true","true","32","","bing-news-rss","team_contract","Wed, 20 May 2026 17:00:00 GMT","National Rugby League","","","'Be ready for anything': Shibasaki vows to lift for Maroons","https://www.nrl.com/news/2026/05/22/be-ready-for-anything-shibasaki-vows-to-lift-for-maroons/","A little over two months ago, Gehamat Shibasaki would have thought the chances of him adding a second State of Origin appearance to his tally were slim. After a whirlwind 2025 in which he debuted in ..."
"bri","Brisbane Broncos","Deine Mariner","Winger","backup_baseline","","no_candidate_found","","","","","","","","","","","","","",""
"bri","Brisbane Broncos","Ezra Mam","Five-Eighth","backup_baseline","1","player_specific_profile_candidate","geelongadvertiser.com.au","true","false","44","contract_or_salary_language|term_length_language","bing-news-rss","signed_until","Thu, 04 Jun 2026 07:48:00 GMT","Geelong Advertiser","","","Tom Duffy set to sign two-year extension with the Broncos as he auditions for permanent starting spot","https://www.geelongadvertiser.com.au/sport/nrl/tom-duffy-set-to-sign-twoyear-extension-with-the-broncos-as-he-auditions-for-permanent-starting-spot/news-story/2fc6588c46013e6ada7887aef730a11a","Ezra Mam's shock axing as five-eighth has opened the door for Tom Duffy to wear the No.6 jumper. Now Duffy is set to celebrate a new contract as he prepares to audition for a permanent starting role."
"bri","Brisbane Broncos","Adam Reynolds","Halfback","backup_baseline","1","player_specific_salary_candidate","themercury.com.au","true","false","50","money","bing-news-rss","salary_contract","Fri, 17 Apr 2026 05:00:00 GMT","The Mercury","","","Inside the failed $1.5m heist plan to lure Adam Reynolds to the Tigers","https://www.themercury.com.au/sport/nrl/inside-the-failed-15m-heist-plan-to-lure-adam-reynolds-to-the-tigers/news-story/214d10ad1c9222894ffca37e0225970a","Reynolds has been cleared of a groin injury and is hellbent on halting the high-flying Tigers as he prepares to face the club that tried to sign him in Saturday night's clash at Campbelltown. But if ..."
"bri","Brisbane Broncos","Adam Reynolds","Halfback","backup_baseline","2","player_specific_contract_candidate","news.com.au","true","true","47","term_length_language","bing-news-rss","signed_until","Thu, 14 May 2026 18:55:00 GMT","Couriermail","","","Adam Reynolds confirms he'll retire in double blow for Broncos after Payne Haas announces defection to Souths","https://www.news.com.au/sport/nrl/adam-reynolds-confirms-hell-retire-in-double-blow-for-broncos-after-payne-haas-announces-defection-to-souths/news-story/76810f864d7f439569c7b49983b6be2a","The news comes just a day after it broke that powerhouse prop Payne Haas will head to South Sydney next year. The 35-year-old halfback made the announcement at the club's season launch on Monday, with ..."
"bri","Brisbane Broncos","Adam Reynolds","Halfback","backup_baseline","3","player_specific_contract_candidate","themercury.com.au","true","false","43","contract_or_salary_language","bing-news-rss","salary_contract","Sat, 03 Apr 2021 10:28:00 GMT","The Mercury","","","NRL 2021: Adam Reynolds contract, Rabbitohs lead calls for salary cap revamp","https://www.themercury.com.au/sport/nrl/nrl-2021-adam-reynolds-contract-rabbitohs-lead-calls-for-salary-cap-revamp/news-story/4ad2423dd5dda60c202351b0361c2d55","As the Rabbitohs prepare to sit down with Adam Reynolds to sort out his future, the club has called for greater salary cap concessions for producing long-term players. Reynolds and the Rabbitohs have ..."
"bri","Brisbane Broncos","Adam Reynolds","Halfback","backup_baseline","4","player_specific_contract_candidate","themercury.com.au","true","false","43","contract_or_salary_language","bing-news-rss","team_contract","Thu, 13 May 2021 05:42:00 GMT","The Mercury","","","Broncos announce confirmation of Adam Reynolds contract","https://www.themercury.com.au/sport/nrl/broncos-announce-confirmation-of-adam-reynolds-contract/news-story/91bf6e1f719f64bb0f3f9728fcf4a2c1","The NRL's biggest club was in desperate need of some welcome recruitment news after a nightmare 12 months where the club has lost David Fifita, Reece Walsh and Tom Dearden — and they finally got it on ..."
"bri","Brisbane Broncos","Adam Reynolds","Halfback","backup_baseline","5","player_specific_contract_candidate","themercury.com.au","true","false","43","contract_or_salary_language","bing-news-rss","team_contract","Wed, 07 Apr 2021 14:06:00 GMT","The Mercury","","","NRL 2021: Adam Reynolds hits the market as talks over new deal with Souths fall flat","https://www.themercury.com.au/sport/nrl-2021-dday-arrives-for-rabbitohs-on-adam-reynolds-as-josh-mansour-sympathises-with-teammate/news-story/c0569c9ab30d7a566101f536114eda56","With the Rabbitohs sticking to their guns over the length of a new deal for Adam Reynolds, the halfback has officially hit the market and 'all options are on the table'. It comes as incoming Rabbitohs ..."
"bri","Brisbane Broncos","Adam Reynolds","Halfback","backup_baseline","6","player_specific_profile_candidate","smh.com.au","true","true","39","","bing-news-rss","signed_until","Mon, 09 Feb 2026 10:18:00 GMT","Sydney Morning Herald","","","Did Payne Haas really fall out with Michael Maguire? Adam Reynolds says no","https://www.smh.com.au/sport/nrl/did-payne-haas-really-fall-out-with-michael-maguire-adam-reynolds-says-no-20260209-p5o0mi.html","You have reached your maximum number of saved items. Remove items from your saved list to add more. Retiring captain Adam Reynolds admitted Brisbane players had been completely blindsided by the news ..."
"bri","Brisbane Broncos","Corey Jensen","Prop","backup_baseline","1","player_specific_contract_candidate","msn.com","false","false","29","contract_or_salary_language","bing-news-rss","team_contract","Wed, 01 Jul 2026 18:56:13 GMT","ABC (Australian Broadcasting Corporation) on MSN","","","Ben Te Kura leaves Brisbane Broncos for NFL dream as Corey Jensen faces uncertain future","https://www.msn.com/en-au/sport/other/ben-te-kura-leaves-brisbane-broncos-for-nfl-dream-as-corey-jensen-faces-uncertain-future/ar-AA271E2j","The Brisbane Broncos are releasing forward Ben Te Kura from the rest of his NRL contract to allow him to pursue his dream of playing in the NFL."
"bri","Brisbane Broncos","Corey Jensen","Prop","backup_baseline","2","player_specific_profile_candidate","theaustralian.com.au","true","true","39","","bing-news-rss","team_contract","Tue, 30 Jun 2026 21:31:00 GMT","The Australian","","","Broncos star Corey Jensen set to be sidelined for another six months with blood clots","https://www.theaustralian.com.au/sport/nrl/broncos-star-corey-jenson-set-to-be-sidelined-for-another-six-months-with-blood-clots/news-story/0440f3f367b627b06cea4311096df3f2","Brisbane prop Corey Jensen's NRL career is hanging in the balance after fresh tests revealed he is still suffering blood clots that will require medical treatment for at least another six months."
"bri","Brisbane Broncos","Corey Jensen","Prop","backup_baseline","3","player_specific_profile_candidate","theaustralian.com.au","true","true","39","","bing-news-rss","team_contract","Thu, 28 May 2026 12:15:00 GMT","The Australian","","","Brisbane Broncos prop Corey Jensen is fighting for his NRL future following blood clots saga","https://www.theaustralian.com.au/sport/nrl/brisbane-broncos-prop-corey-jensen-is-fighting-for-his-nrl-future-following-blood-clots-saga/news-story/c5cdfb5d24a99f701110e4897d6ad1c3","Jensen has spoken publicly for the first time about the shock pulmonary embolism diagnosis that saw his 153-game NRL career put on hold last month. Jensen, 32, was hospitalised after developing blood ..."
"bri","Brisbane Broncos","Corey Jensen","Prop","backup_baseline","4","player_specific_profile_candidate","goldcoastbulletin.com.au","true","false","35","","bing-news-rss","team_contract","Thu, 28 May 2026 12:15:00 GMT","Gold Coast Sun","","","Brisbane Broncos prop Corey Jensen is fighting for his NRL future following blood clots saga","https://www.goldcoastbulletin.com.au/sport/nrl/brisbane-broncos-prop-corey-jensen-is-fighting-for-his-nrl-future-following-blood-clots-saga/news-story/c5cdfb5d24a99f701110e4897d6ad1c3","Broncos prop Corey Jensen has spoken publicly for the first time about the blood clot saga that threatened his life and is now jeopardising his NRL career. Jensen has spoken publicly for the first ..."
"bri","Brisbane Broncos","Corey Jensen","Prop","backup_baseline","5","player_specific_profile_candidate","heraldsun.com.au","true","false","35","","bing-news-rss","signed_until","Tue, 30 Jun 2026 11:01:00 GMT","Herald Sun","","","Broncos star Corey Jensen set to be sidelined for another six months with blood clots","https://www.heraldsun.com.au/sport/nrl/broncos-star-corey-jenson-set-to-be-sidelined-for-another-six-months-with-blood-clots/news-story/0440f3f367b627b06cea4311096df3f2","Brisbane prop Corey Jensen's NRL career is hanging in the balance after fresh tests revealed he is still suffering blood clots that will require medical treatment for at least another six months."
"bri","Brisbane Broncos","Ben Hunt","Hooker","backup_baseline","1","player_specific_salary_candidate","couriermail.com.au","true","true","62","money|contract_or_salary_language","bing-news-rss","salary_contract|team_contract|couriermail","Wed, 24 Jun 2026 14:19:00 GMT","The Courier Mail","","","Brisbane Broncos veteran Ben Hunt to accept $200K pay cut to remain at Red Hill","https://www.couriermail.com.au/sport/nrl/brisbane-broncos-veteran-ben-hunt-to-accept-200k-pay-cut-to-remain-at-red-hill/news-story/271b9abf08346764743293d2bb398bb4","The Broncos' decision to re-sign Ben Hunt has raised eyebrows, but they aren't exactly breaking the bank to keep the ageing playmaker."
"bri","Brisbane Broncos","Ben Hunt","Hooker","backup_baseline","2","player_specific_salary_candidate","themercury.com.au","true","false","58","money|contract_or_salary_language","bing-news-rss","team_contract","Thu, 25 Jun 2026 11:00:00 GMT","The Mercury","","","Brisbane Broncos veteran Ben Hunt to accept $200K pay cut to remain at Red Hill","https://www.themercury.com.au/sport/nrl/brisbane-broncos-veteran-ben-hunt-to-accept-200k-pay-cut-to-remain-at-red-hill/news-story/271b9abf08346764743293d2bb398bb4","The Broncos' decision to re-sign Ben Hunt has raised eyebrows, but they aren't exactly breaking the bank to keep the ageing playmaker. Sport Confidential can reveal Hunt's 12-month extension to play ..."
"bri","Brisbane Broncos","Ben Hunt","Hooker","backup_baseline","3","player_specific_contract_candidate","cairnspost.com.au","true","false","56","contract_or_salary_language|signing_language|term_length_language","bing-news-rss","team_contract","Mon, 22 Jun 2026 12:14:00 GMT","The Cairns Post","","","Broncos champion Ben Hunt inks new one-year deal to defy retirement calls","https://www.cairnspost.com.au/sport/nrl/ben-hunt-brushes-off-retirement-pleas-from-nrl-greats-despite-brisbane-broncos-slump/news-story/0b707e4a6fc1118d7ceea4290fad1cb5","Broncos veteran Ben Hunt has set up a fierce halfback battle with young guns Tom Duffy and Jonah Pezet, and is on track to join Cameron Smith in the 400-game club, after signing a new deal. Hunt's ..."
"bri","Brisbane Broncos","Ben Hunt","Hooker","backup_baseline","4","player_specific_contract_candidate","theaustralian.com.au","true","true","55","contract_or_salary_language|term_length_language","bing-news-rss","salary_contract|team_contract","Mon, 22 Jun 2026 01:47:00 GMT","The Australian","","","Broncos champion Ben Hunt inks new one-year deal to defy retirement calls","https://www.theaustralian.com.au/sport/nrl/ben-hunt-brushes-off-retirement-pleas-from-nrl-greats-despite-brisbane-broncos-slump/news-story/0b707e4a6fc1118d7ceea4290fad1cb5","Ben Hunt has shelved retirement plans and has inked a one-year extension as the Broncos champion throws down the gauntlet to young guns Tom Duffy and Jonah Pezet."
"bri","Brisbane Broncos","Ben Hunt","Hooker","backup_baseline","5","player_specific_contract_candidate","au.news.yahoo.com","true","false","49","contract_or_salary_language|signing_language|term_length_language","bing-news-rss","team_contract|signed_until","Mon, 22 Jun 2026 17:24:00 GMT","Yahoo News Australia","","","NRL fans divided after Broncos re-sign veteran and linked with former Origin player from rival club","https://au.news.yahoo.com/nrl-fans-divided-after-broncos-re-sign-veteran-and-linked-with-former-origin-player-from-rival-club-234604475.html","Brisbane Broncos fans have been left surprised after the announcement they have re-signed veteran Ben Hunt on a one-year extension as the club juggles their salary cap. This also comes after the ..."
"bri","Brisbane Broncos","Ben Hunt","Hooker","backup_baseline","6","player_specific_contract_candidate","theaustralian.com.au","true","true","47","contract_or_salary_language","bing-news-rss","signed_until","Sat, 13 Jun 2026 12:14:00 GMT","The Australian","","","Ben Hunt urged to retire by ex-Broncos captain amid cap crunch","https://www.theaustralian.com.au/sport/nrl/ben-hunt-urged-to-retire-by-exbroncos-captain-amid-cap-crunch/news-story/3a9417335c0da94e31d1f2dfad86238b","The off-contract Hunt turns 37 next March and has indicated to Broncos management he wants to play on in 2027 after winning an elusive premiership ring in his fairytale return to Red Hill last season."
"bri","Brisbane Broncos","Ben Hunt","Hooker","backup_baseline","7","player_specific_contract_candidate","townsvillebulletin.com.au","true","false","43","contract_or_salary_language","bing-news-rss","salary_contract","Wed, 15 Apr 2026 12:00:00 GMT","Townsville Bulletin","","","Ben Hunt wants to keep playing, but how will his decision affect the Broncos salary cap plans?","https://www.townsvillebulletin.com.au/sport/nrl/ben-hunt-wants-to-keep-playing-but-how-will-his-decision-affect-the-broncos-salary-cap-plans/news-story/b08fc8ff1fd5f0bed67e5653d02f1c7f","This masthead can reveal Hunt has formally advised Broncos hierarchy of his plans to extend his career into 2027 in the lead-up to Saturday night's clash against Wests Tigers at Campbelltown. The ..."
"bri","Brisbane Broncos","Ben Hunt","Hooker","backup_baseline","8","player_specific_contract_candidate","cairnspost.com.au","true","false","43","contract_or_salary_language","bing-news-rss","salary_contract","Sat, 13 Jun 2026 12:00:00 GMT","The Cairns Post","","","Ben Hunt urged to retire by ex-Broncos captain amid cap crunch","https://www.cairnspost.com.au/sport/nrl/ben-hunt-urged-to-retire-by-exbroncos-captain-amid-cap-crunch/news-story/3a9417335c0da94e31d1f2dfad86238b","The off-contract Hunt turns 37 next March and has indicated to Broncos management he wants to play on in 2027 after winning an elusive premiership ring in his fairytale return to Red Hill last season."
"bri","Brisbane Broncos","Ben Hunt","Hooker","backup_baseline","9","player_specific_contract_candidate","illawarramercury.com.au","false","false","37","contract_or_salary_language|term_length_language","bing-news-rss","signed_until","Tue, 12 May 2026 07:54:00 GMT","Illawarra Mercury","","","Veteran Ben Hunt reveals immediate NRL future","https://www.illawarramercury.com.au/story/9244986/veteran-ben-hunt-reveals-immediate-nrl-future/","Ben Hunt's passion for the game is still as strong as it was when he debuted which is why he is closing in on a one-year contract extension with Brisbane. ""It's pretty close,"" the 36-year-old utility ..."
"bri","Brisbane Broncos","Ben Hunt","Hooker","backup_baseline","10","player_specific_contract_candidate","espn.com","true","false","36","contract_or_salary_language","bing-news-rss","team_contract","Mon, 22 Jun 2026 01:41:00 GMT","ESPN","","","Hunt signs contract extension with Broncos","https://www.espn.com/nrl/story/_/id/49143298/nrl-ben-hunt-signs-contract-extension-brisbane-broncos","Ben Hunt will play at least one more NRL season with Brisbane after signing a contract extension with the club."
"bri","Brisbane Broncos","Ben Hunt","Hooker","backup_baseline","11","player_specific_contract_candidate","msn.com","false","false","35","contract_or_salary_language|signing_language|term_length_language","bing-news-rss","salary_contract","Mon, 22 Jun 2026 16:46:04 GMT","Yahoo News Australia on MSN","","","NRL fans divided after Broncos re-sign veteran and linked with former State of Origin player","https://www.msn.com/en-au/sport/rugby_league/nrl-fans-divided-after-broncos-re-sign-veteran-and-linked-with-former-state-of-origin-player/ar-AA26iqtV","Brisbane Broncos fans have been left surprised after the announcement they have re-signed veteran Ben Hunt on a one-year extension as the club juggles their salary cap. This also comes after the ..."
"bri","Brisbane Broncos","Ben Hunt","Hooker","backup_baseline","12","player_specific_contract_candidate","illawarramercury.com.au","false","false","35","contract_or_salary_language|signing_language|term_length_language","bing-news-rss","salary_contract|signed_until","Mon, 22 Jun 2026 13:54:00 GMT","Illawarra Mercury","","","Hunt signs contract extension with Broncos","https://www.illawarramercury.com.au/story/9297159/hunt-signs-contract-extension-with-broncos/","Ben Hunt will play at least one more NRL season with Brisbane after signing a contract extension with the club. The veteran utility on Monday signed a one-year deal, tying him to the Broncos until the ..."
"bri","Brisbane Broncos","Ben Hunt","Hooker","backup_baseline","13","player_specific_profile_candidate","couriermail.com.au","true","true","39","","bing-news-rss","signed_until","Sun, 26 Apr 2026 12:33:00 GMT","The Courier-Mail","","","Meyn Game: Broncos veteran Ben Hunt wants Brisbane's No.7 jersey despite arrival of Jonah Pezet","https://www.couriermail.com.au/sport/nrl/meyn-game-broncos-veteran-ben-hunt-wants-brisbanes-no7-jersey-despite-arrival-of-jonah-pezet/news-story/1cd136418bba65ee0791c1a97bb61f42","Hunt has delayed retirement and formally notified the Broncos of his intention to play on into a 19th NRL season in 2027. Sitting on 360 NRL appearances, Hunt will edge towards the magical mark of 400 ..."
"bri","Brisbane Broncos","Ben Hunt","Hooker","backup_baseline","14","player_specific_profile_candidate","theaustralian.com.au","true","true","39","","bing-news-rss","signed_until","Tue, 30 Jun 2026 20:13:00 GMT","The Australian","","","Broncos star Ben Hunt shuts down rumours of Michael Maguire revolt","https://www.theaustralian.com.au/sport/nrl/broncos-star-ben-hunt-shuts-down-rumours-of-michael-maguire-revolt/news-story/b42f7f24cc439527a8c1bd93f662c394","Ben Hunt has slammed suggestions Michael Maguire is facing a dressing-room revolt at Red Hill, addressing claims Broncos players won't sign new deals if he remains as coach next season."
"bri","Brisbane Broncos","Payne Haas","Prop","backup_baseline","1","player_specific_contract_candidate","7news.com.au","true","false","48","signing_language|term_language","bing-news-rss","team_contract","Sat, 07 Feb 2026 08:41:00 GMT","7NEWS Australia","","","Payne Haas quits Brisbane Broncos to join South Sydney Rabbitohs from 2027 NRL season","https://7news.com.au/sport/rugby-league/nrl-rocked-as-payne-haas-sensationally-quits-brisbane-broncos-to-join-south-sydney-rabbitohs-c-21567233","Reigning premiers Brisbane have suffered a monumental blow with Payne Haas announcing he will quit the NRL club at the end of 2026. The superstar forward has opted to join the Rabbitohs on a ..."
"bri","Brisbane Broncos","Payne Haas","Prop","backup_baseline","2","player_specific_contract_candidate","adelaidenow.com.au","true","false","43","contract_or_salary_language","bing-news-rss","salary_contract|team_contract|signed_until","Thu, 26 May 2022 11:22:00 GMT","Adelaide Now","","","Broncos deny Payne Haas immediate release demand in contract saga","https://www.adelaidenow.com.au/sport/nrl/broncos-star-payne-haas-demands-immediate-release-over-contract-saga/news-story/de694ec553e257b503875a6b5b1260f1","The Sydney Morning Herald reports Brisbane has denied the request, which came on Wednesday night following a breakdown in contract negotiations with the club. Haas trained with the Broncos on Thursday ..."
"bri","Brisbane Broncos","Payne Haas","Prop","backup_baseline","3","player_specific_contract_candidate","heraldsun.com.au","true","false","36","contract_or_salary_language","bing-news-rss","salary_contract","Sat, 23 May 2020 05:26:00 GMT","heraldsun.com.au","","","NRL youngsters' salaries could be capped to limit player market blowout in post-COVID-19 world","https://www.heraldsun.com.au/sport/nrl/nrl-youngsters-salaries-to-be-capped-to-limit-player-market-blowout-in-postcovid19-world/news-story/f7943d5671c9c0a27137cb368519c04d","The days of the mega rookie deal for the next Kalyn Ponga or Payne Haas could be numbered while there also could be a player market shake-up with off-contract players to enter an annual free agent ..."
"bri","Brisbane Broncos","Payne Haas","Prop","backup_baseline","4","player_specific_profile_candidate","au.sports.yahoo.com","true","false","44","contract_or_salary_language|term_language","bing-news-rss","team_contract","Wed, 24 Jun 2026 01:15:00 GMT","Yahoo Sports Australia","","","Gold Coast Titans forward Klese Haas confirms NRL future","https://au.sports.yahoo.com/gold-coast-titans-forward-klese-081529774.html","The Gold Coast Titans have confirmed prop Klese Haas is going nowhere, signing a contract extension with the club through to the end of 2029. Already locked up for 2027, the brother of Payne Haas has ..."
"bri","Brisbane Broncos","Payne Haas","Prop","backup_baseline","5","player_specific_profile_candidate","news.com.au","true","true","39","","bing-news-rss","team_contract","Wed, 24 Jun 2026 01:31:00 GMT","news.com.au","","","Payne Haas text message plot revealed, Broncos rejected mid-season poaching bid","https://www.news.com.au/sport/nrl/payne-haas-text-message-plot-revealed-broncos-rejected-midseason-poaching-bid/news-story/fcc7b2891001543be06960432bc12236","Brisbane Broncos coach Michael Maguire has reportedly rejected a bold attempt by the Rabbitohs to bring Payne Haas to South Sydney mid-season."
"bri","Brisbane Broncos","Payne Haas","Prop","backup_baseline","6","player_specific_profile_candidate","smh.com.au","true","true","39","","bing-news-rss","signed_until","Thu, 12 Feb 2026 16:00:00 GMT","Sydney Morning Herald","","","The signing of the century: How Payne Haas' Souths switch shook the NRL","https://www.smh.com.au/sport/nrl/the-signing-of-the-century-how-payne-haas-souths-switch-shook-the-nrl-20260213-p5o20f.html","Shane Richardson knows a thing or two about bringing headline acts to South Sydney. Greg Inglis, Sam Burgess, Latrell Mitchell and, of course, Wayne Bennett joined the Rabbitohs under the veteran ..."
"bri","Brisbane Broncos","Payne Haas","Prop","backup_baseline","7","player_specific_profile_candidate","7news.com.au","true","false","35","","bing-news-rss","team_contract","Tue, 10 Feb 2026 05:21:00 GMT","7NEWS Australia","","","Brisbane Broncos clear up Payne Haas 'lowball' rumour as they prepare to lose star to South Sydney Rabbitohs","https://7news.com.au/sport/rugby-league/brisbane-broncos-clear-up-payne-haas-lowball-rumour-as-they-prepare-to-lose-star-to-south-sydney-rabbitohs-c-21592927","Any suggestion NRL superstar Payne Haas will backflip on his commitment to the Rabbitohs to stay a Bronco after this season is seemingly all but dead in the water. In the most recent update, NRL ..."
"bri","Brisbane Broncos","Payne Haas","Prop","backup_baseline","8","player_specific_profile_candidate","au.news.yahoo.com","true","false","35","","bing-news-rss","team_contract","Tue, 23 Jun 2026 16:04:00 GMT","Yahoo News Australia","","","Rival NRL club makes reported 'approach' to Broncos about immediate Payne Haas switch","https://au.news.yahoo.com/rival-nrl-club-makes-reported-approach-to-broncos-about-immediate-payne-haas-switch-224644529.html","But leading NRL journo James Hooper reported on Tuesday that 'someone attached to South Sydney' has approached Broncos coach Michael Maguire about releasing Haas to the Bunnies early. Clubs are ..."
"bri","Brisbane Broncos","Payne Haas","Prop","backup_baseline","9","player_specific_profile_candidate","au.news.yahoo.com","true","false","35","","bing-news-rss","signed_until","Mon, 13 Apr 2026 17:00:00 GMT","Yahoo News Australia","","","Souths star responds to link with rival club after Payne Haas move leaves NRL future in limbo","https://au.news.yahoo.com/souths-star-responds-to-link-with-rival-club-after-payne-haas-move-leaves-nrl-future-in-limbo-053750656.html","Add Yahoo as a preferred source to see more of our stories on Google. Jamie Humphreys says he'd love to stay at Souths ""long-term"" but admits he'd be open to a switch to the Perth Bears if he can't ..."
"bri","Brisbane Broncos","Payne Haas","Prop","backup_baseline","10","player_specific_profile_candidate","afr.com","false","false","14","","bing-news-rss","publisher_text_smh","Mon, 06 Jul 2026 23:39:00 GMT","The Australian Financial Review","","","The Haas reality behind NRL's superstar","https://www.afr.com/life-and-luxury/arts-and-culture/the-haas-reality-behind-this-incredibly-marketable-footballer-20260521-p5zzi1","In rugby league circles, a heated debate is brewing about Payne Haas being the best prop forward ""arguably"" of all time. He's big, he's skilful, he's fast, he's exceedingly fit, and he's the player ..."
"bri","Brisbane Broncos","Brendan Piakura","2nd Row","backup_baseline","1","player_specific_salary_candidate","couriermail.com.au","true","true","62","money|contract_or_salary_language","bing-news-rss","salary_contract","Thu, 23 Apr 2026 12:01:00 GMT","The Courier-Mail","","","Inside the moment that convinced Brendan Piakura to shun Bulldogs' million-dollar move","https://www.couriermail.com.au/sport/nrl/inside-the-moment-that-convinced-brendan-piakura-to-shun-bulldogs-milliondollar-move/news-story/611e2f875ddc5b054d662c5b302cd8ae","It is almost five years to the day that Piakura was ready to quit the Broncos to take up a $1.2 million contract with the Bulldogs club he faces at Suncorp Stadium. The Queensland under-16s sensation ..."
"bri","Brisbane Broncos","Brendan Piakura","2nd Row","backup_baseline","2","player_specific_contract_candidate","townsvillebulletin.com.au","true","false","40","signing_language","bing-news-rss","signed_until","Thu, 02 Apr 2026 23:31:00 GMT","Townsville Bulletin","","","NRL 2021: Brendan Piakura could join Reece Walsh in quitting Broncos","https://www.townsvillebulletin.com.au/sport/nrl/nrl-2021-reece-walsh-signs-with-warriors-turns-his-back-on-broncos/news-story/a17c7372ce4dc04a74dd62ccb5b030e7","News Corp can reveal Piakura toured Canterbury's facilities on Wednesday and held another round of talks with coach Trent Barrett as the Bulldogs ramp-up their poaching bid for the Broncos back-row ..."
"bri","Brisbane Broncos","Jordan Riki","2nd Row","backup_baseline","1","player_specific_profile_candidate","themercury.com.au","true","false","35","","bing-news-rss","team_contract","Fri, 08 May 2026 03:35:00 GMT","The Mercury","","","NRL 2021: Jordan Riki, Kotoni Staggs headline Broncos' retention priorities","https://www.themercury.com.au/sport/nrl/nrl-2021-jordan-riki-kotoni-staggs-headline-broncos-retention-priorities/news-story/d3a69e5f731b514c88b3917b80e3576f","The Sunday Mail can reveal Brisbane have opened talks with Riki's management as the 106kg hulk prepares to fill the back-row void left by Titans recruit David Fifita in Friday night's season opener ..."
"bri","Brisbane Broncos","Jordan Riki","2nd Row","backup_baseline","2","player_specific_profile_candidate","geelongadvertiser.com.au","true","false","35","","bing-news-rss","signed_until","Wed, 27 May 2026 01:24:00 GMT","Geelong Advertiser","","","NRL 2021: Jordan Riki, Kotoni Staggs headline Broncos' retention priorities","https://www.geelongadvertiser.com.au/sport/nrl/nrl-2021-jordan-riki-kotoni-staggs-headline-broncos-retention-priorities/news-story/d3a69e5f731b514c88b3917b80e3576f","The Sunday Mail can reveal Brisbane have opened talks with Riki's management as the 106kg hulk prepares to fill the back-row void left by Titans recruit David Fifita in Friday night's season opener ..."
"bri","Brisbane Broncos","Patrick Carrigan","Lock","backup_baseline","1","player_specific_profile_candidate","townsvillebulletin.com.au","true","false","35","","bing-news-rss","team_contract","Thu, 15 Oct 2020 05:37:00 GMT","Townsville Bulletin","","","NRL 2020: Sam Thaiday backs Patrick Carrigan as Brisbane Broncos captain","https://www.townsvillebulletin.com.au/sport/nrl/former-brisbane-broncos-captain-sam-thaiday-says-patrick-carrigan-should-become-the-next-skipper-of-the-nrl-club/news-story/5e262fcccd65327d7ff890da0d959eed","Incoming coach Kevin Walters is set to sack Alex Glenn as captain of the Broncos and there are a number of leading candidates for the job. And the man who filled for Glenn in 2020 has the blessing of ..."
"bri","Brisbane Broncos","Billy Walters","Interchange","backup_baseline","","no_candidate_found","","","","","","","","","","","","","",""
"bri","Brisbane Broncos","Xavier Willison","Interchange","backup_baseline","1","player_specific_salary_candidate","foxsports.com.au","true","true","47","money","bing-news-rss","foxsports","Wed, 08 Jul 2026 01:54:00 GMT","FOX SPORTS","","","Broncos' bid to retain rising star; Intense seven-club, $1m race for Panthers star: Transfer Whispers","https://www.foxsports.com.au/nrl/nrl-premiership/intense-sevenclub-1m-race-developing-for-star-panther-as-club-faces-brutal-roster-reality/news-story/d63356512cc1a68ceac5d85acf94b03a","According to WWOS, Xavier Willison is set to re-sign with the Broncos long-term, being seen as a key piece of the club's forward pack moving forward."
"bri","Brisbane Broncos","Jack Gosiewski","Interchange","backup_baseline","","no_candidate_found","","","","","","","","","","","","","",""
"bri","Brisbane Broncos","Aublix Tawha","Interchange","backup_baseline","","no_candidate_found","","","","","","","","","","","","","",""
"bri","Brisbane Broncos","Ben Talty","Unknown","derived_bucket_range","","no_candidate_found","","","","","","","","","","","","","",""
"bri","Brisbane Broncos","Blake Mozer","Unknown","derived_bucket_range","","no_candidate_found","","","","","","","","","","","","","",""
"bri","Brisbane Broncos","Ben Te Kura","Unknown","derived_bucket_range","1","player_specific_salary_candidate","dailytelegraph.com.au","true","true","62","money|contract_or_salary_language","bing-news-rss","publisher_text_dt","Wed, 01 Jul 2026 12:19:00 GMT","Daily Telegraph","","","Broncos giant Ben Te Kura quits NRL to chase multimillion-dollar NFL dream","https://www.dailytelegraph.com.au/sport/broncos-giant-ben-te-kura-quits-nrl-to-chase-multimilliondollar-nfl-dream/news-story/6ed511b49e9e218d01a95be7885c961a","The Broncos have granted a full and immediate release to Ben Te Kura as the front-row giant edges a step closer to clinching a $1 million NFL contract."
"bri","Brisbane Broncos","Ben Te Kura","Unknown","derived_bucket_range","2","player_specific_salary_candidate","heraldsun.com.au","true","false","58","money|contract_or_salary_language","bing-news-rss","salary_contract|team_contract|signed_until","Wed, 01 Jul 2026 12:49:00 GMT","Herald Sun","","","Broncos giant Ben Te Kura quits NRL to chase multimillion-dollar NFL dream","https://www.heraldsun.com.au/sport/broncos-giant-ben-te-kura-quits-nrl-to-chase-multimilliondollar-nfl-dream/news-story/6ed511b49e9e218d01a95be7885c961a","The Broncos have granted a full and immediate release to Ben Te Kura as the front-row giant edges a step closer to clinching a $1 million NFL contract."
"bri","Brisbane Broncos","Ben Te Kura","Unknown","derived_bucket_range","3","player_specific_contract_candidate","dailytelegraph.com.au","true","true","55","contract_or_salary_language|term_length_language","bing-news-rss","publisher_text_dt","Wed, 01 Jul 2026 10:20:00 GMT","Daily Telegraph","","","Broncos youngster Ben Te Kura released from NRL contract to chase NFL dream","https://www.dailytelegraph.com.au/sport/nrl/broncos-youngster-ben-te-kura-released-from-nrl-contract-to-chasenfl-dream/news-story/da3f72c4fe02281f73ae7cf2eb3a67f9","The 22-year-old has made just five appearances for Brisbane since making his debut in 2024, and back in April was given permission to take a break from his NRL commitments to attend a six-week NFL ..."
"bri","Brisbane Broncos","Ben Te Kura","Unknown","derived_bucket_range","4","player_specific_contract_candidate","themercury.com.au","true","false","51","contract_or_salary_language|term_length_language","bing-news-rss","salary_contract","Wed, 01 Jul 2026 10:50:00 GMT","The Mercury","","","Broncos youngster Ben Te Kura released from NRL contract to chase NFL dream","https://www.themercury.com.au/sport/nrl/broncos-youngster-ben-te-kura-released-from-nrl-contract-to-chasenfl-dream/news-story/da3f72c4fe02281f73ae7cf2eb3a67f9","The 22-year-old has made just five appearances for Brisbane since making his debut in 2024, and back in April was given permission to take a break from his NRL commitments to attend a six-week NFL ..."
"bri","Brisbane Broncos","Ben Te Kura","Unknown","derived_bucket_range","5","player_specific_contract_candidate","cairnspost.com.au","true","false","51","contract_or_salary_language|term_length_language","bing-news-rss","team_contract","Wed, 01 Jul 2026 10:50:00 GMT","The Cairns Post","","","Broncos youngster Ben Te Kura released from NRL contract to chase NFL dream","https://www.cairnspost.com.au/sport/nrl/broncos-youngster-ben-te-kura-released-from-nrl-contract-to-chasenfl-dream/news-story/da3f72c4fe02281f73ae7cf2eb3a67f9","The 22-year-old has made just five appearances for Brisbane since making his debut in 2024, and back in April was given permission to take a break from his NRL commitments to attend a six-week NFL ..."
"bri","Brisbane Broncos","Ben Te Kura","Unknown","derived_bucket_range","6","player_specific_profile_candidate","ntnews.com.au","true","false","35","","bing-news-rss","team_contract","Sat, 06 Jun 2026 12:05:00 GMT","Northern Territory News","","","Australian NFL agent claims Ben Te Kura 'maybe even better' than Super Bowl star Jordan Mailata","https://www.ntnews.com.au/sport/nrl/australian-nfl-agent-claims-ben-te-kura-maybe-even-better-than-super-bowl-star-jordan-mailata/news-story/7f8d9fc57b747b1a6e6a9103520855ea","Dwane Bugden, Australia's only accredited NFL agent, has spent the past eight weeks watching Te Kura undergo a battery of workouts to determine if the Broncos giant has a future in America. The ..."
"bri","Brisbane Broncos","Ben Te Kura","Unknown","derived_bucket_range","7","player_specific_profile_candidate","adelaidenow.com.au","true","false","35","","bing-news-rss","signed_until","Sat, 11 Apr 2026 13:09:00 GMT","Adelaide Now","","","Ben Te Kura to start NFL testing after Broncos grant 205cm giant provisional release","https://www.adelaidenow.com.au/sport/nrl/ben-te-kura-to-start-nfl-testing-after-broncos-grant-205cm-giant-provisional-release/news-story/aff9d971c81be854ef4d10014542b5b8","This masthead can reveal Te Kura is embarking on a bombshell defection to American Football after attracting interest from up to 20 NFL clubs hunting for Australia's next version of Jordan Mailata."
"bri","Brisbane Broncos","Ben Te Kura","Unknown","derived_bucket_range","8","player_specific_profile_candidate","thechronicle.com.au","false","false","21","","bing-news-rss","signed_until","Sat, 11 Apr 2026 13:20:00 GMT","The Toowoomba Chronicle","","","Ben Te Kura to start NFL testing after Broncos grant 205cm giant provisional release","https://www.thechronicle.com.au/sport/nrl/ben-te-kura-to-start-nfl-testing-after-broncos-grant-205cm-giant-provisional-release/news-story/aff9d971c81be854ef4d10014542b5b8","Broncos giant Ben Te Kura could become the second player in NRL history to play in the NFL after attracting interest from up to 20 franchises hunting for Australia's next Jordan Mailata. This masthead ..."
"bri","Brisbane Broncos","Cory Paix","Unknown","derived_bucket_range","1","player_specific_contract_candidate","goldcoastbulletin.com.au","true","false","56","contract_or_salary_language|signing_language|term_length_language","bing-news-rss","signed_until","Thu, 19 Mar 2026 03:59:00 GMT","Gold Coast Sun","","","Cory Paix signs two-year Broncos extension amid ongoing battle for Brisbane No.9 jersey","https://www.goldcoastbulletin.com.au/sport/nrl/cory-paix-signs-twoyear-broncos-extension-amid-ongoing-battle-for-brisbane-no9-jersey/news-story/f1da6e82036f7a237442b85344a44a55","This masthead can reveal Paix has agreed to terms on a new deal with Brisbane in a boost for the hooker ahead of Friday night's clash against Melbourne at AAMI Park. The Toowoomba terrier was seeking ..."
"bri","Brisbane Broncos","Cory Paix","Unknown","derived_bucket_range","2","player_specific_contract_candidate","couriermail.com.au","true","true","55","contract_or_salary_language|term_length_language","bing-news-rss","signed_until","Tue, 31 Mar 2026 08:39:00 GMT","The Courier-Mail","","","Retention spree: Cory Paix, teen star Antonio Verhoeven sign new Broncos deals","https://www.couriermail.com.au/sport/nrl/cory-paix-signs-new-broncos-deal-leaving-rival-billy-walters-fighting-for-his-red-hill-future/news-story/7ff2b899c54f5b422af2c8eccb29f0af","The rejuvenated Paix has completed his remarkable resurrection by signing a two-year deal in the lead-up to Saturday night's derby clash against the Titans at Cbus Super Stadium. The development came ..."
"bri","Brisbane Broncos","Cory Paix","Unknown","derived_bucket_range","3","player_specific_contract_candidate","townsvillebulletin.com.au","true","false","51","contract_or_salary_language|term_length_language","bing-news-rss","signed_until","Thu, 19 Mar 2026 03:59:00 GMT","Townsville Bulletin","","","Cory Paix signs two-year Broncos extension amid ongoing battle for Brisbane No.9 jersey","https://www.townsvillebulletin.com.au/sport/nrl/cory-paix-signs-twoyear-broncos-extension-amid-ongoing-battle-for-brisbane-no9-jersey/news-story/f1da6e82036f7a237442b85344a44a55","Cory Paix is poised to ink a contract extension with the Broncos in a move that intensifies Brisbane's hooking battle and could leave a cult hero facing a salary-cap squeeze. This masthead can reveal ..."
"bri","Brisbane Broncos","Delouise Hoeter","Unknown","derived_bucket_range","","no_candidate_found","","","","","","","","","","","","","",""
"bri","Brisbane Broncos","Hayze Perham","Unknown","derived_bucket_range","","no_candidate_found","","","","","","","","","","","","","",""
"bri","Brisbane Broncos","Jaiyden Hunt","Unknown","derived_bucket_range","","no_candidate_found","","","","","","","","","","","","","",""
"bri","Brisbane Broncos","Jesse Arthars","Unknown","derived_bucket_range","1","player_specific_salary_candidate","dailytelegraph.com.au","true","true","70","money|contract_or_salary_language|term_length_language","bing-news-rss","publisher_text_dt","Sun, 07 Jun 2026 06:52:00 GMT","The Daily Telegraph","","","Gold Coast Titans withdraw $600k offer for Jesse Arthars after Broncos winger missed deadline","https://www.dailytelegraph.com.au/sport/nrl/gold-coast-titans-withdraw-600k-offer-for-jesse-arthars-after-broncos-winger-missed-deadline/news-story/193e268e548cf57a65e3fd91a9fdaa20","The fed-up Titans rescinded their two-year offer to Arthars, which was worth more than $600,000, over the weekend. Titans coach Josh Hannay was keen to bring Arthars back to the Gold Coast to cover ..."
"bri","Brisbane Broncos","Jesse Arthars","Unknown","derived_bucket_range","2","player_specific_contract_candidate","dailytelegraph.com.au","true","true","55","contract_or_salary_language|term_language","bing-news-rss","publisher_text_dt","Fri, 29 May 2026 04:56:00 GMT","The Daily Telegraph","","","Jesse Arthars to leave Broncos at end of 2026 season, Sharks extend Sam Stonestreet","https://www.dailytelegraph.com.au/sport/nrl/jesse-arthars-to-leave-broncos-at-end-of-2026-season-amid-salary-cap-pressures/news-story/36664c6089176c5167538c6e9ebf24bd","Arthars will depart Red Hill at the end of 2026 after being squeezed out of the Broncos by salary cap pressures and Brisbane's log-jam of rising outside backs. Arthars, 27, has spent six seasons at ..."
"bri","Brisbane Broncos","Jesse Arthars","Unknown","derived_bucket_range","3","player_specific_contract_candidate","goldcoastbulletin.com.au","true","false","51","contract_or_salary_language|term_language","bing-news-rss","salary_contract","Fri, 29 May 2026 04:56:00 GMT","Gold Coast Sun","","","Jesse Arthars to leave Broncos at end of 2026 season, Sharks extend Sam Stonestreet","https://www.goldcoastbulletin.com.au/sport/nrl/jesse-arthars-to-leave-broncos-at-end-of-2026-season-amid-salary-cap-pressures/news-story/36664c6089176c5167538c6e9ebf24bd","Arthars will depart Red Hill at the end of 2026 after being squeezed out of the Broncos by salary cap pressures and Brisbane's log-jam of rising outside backs. Arthars, 27, has spent six seasons at ..."
"bri","Brisbane Broncos","Jesse Arthars","Unknown","derived_bucket_range","4","player_specific_contract_candidate","themercury.com.au","true","false","51","contract_or_salary_language|term_language","bing-news-rss","team_contract","Fri, 29 May 2026 04:56:00 GMT","The Mercury","","","Jesse Arthars to leave Broncos at end of 2026 season, Sharks extend Sam Stonestreet","https://www.themercury.com.au/sport/nrl/jesse-arthars-to-leave-broncos-at-end-of-2026-season-amid-salary-cap-pressures/news-story/36664c6089176c5167538c6e9ebf24bd","Arthars will depart Red Hill at the end of 2026 after being squeezed out of the Broncos by salary cap pressures and Brisbane's log-jam of rising outside backs. Arthars, 27, has spent six seasons at ..."
"bri","Brisbane Broncos","Jesse Arthars","Unknown","derived_bucket_range","5","player_specific_contract_candidate","au.sports.yahoo.com","true","false","43","contract_or_salary_language","bing-news-rss","team_contract","Sat, 06 Jun 2026 17:00:00 GMT","Yahoo Sport Australia","","","Titans withdraw contract offer for Jesse Arthars","https://au.sports.yahoo.com/titans-withdraw-contract-offer-jesse-061756450.html","The Gold Coast Titans have withdrawn a contract offer for Brisbane Broncos outside back Jesse Arthars after missing a deadline to confirm the deal. Arthars failed to make a decision in time and missed ..."
"bri","Brisbane Broncos","Jesse Arthars","Unknown","derived_bucket_range","6","player_specific_contract_candidate","goldcoastbulletin.com.au","true","false","43","contract_or_salary_language","bing-news-rss","signed_until","Tue, 30 Nov 2021 16:00:00 GMT","Gold Coast Sun","","","NRL Transfer system: Broncos loan Jesse Arthars to Warriors","https://www.goldcoastbulletin.com.au/sport/nrl/nrl-transfer-system-code-set-to-review-transfer-window-draft-options/news-story/97107536b007ad764b8497eec8837fbd","Player loan deals between NRL clubs were meant as a temporary feature to deal with the Covid crisis, but it seems they are here to stay. The Brisbane centre will start training with Nathan Brown's ..."
"bri","Brisbane Broncos","Jesse Arthars","Unknown","derived_bucket_range","7","player_specific_contract_candidate","au.sports.yahoo.com","true","false","36","contract_or_salary_language","bing-news-rss","team_contract","Sat, 13 Jun 2026 17:00:00 GMT","Yahoo Sport Australia","","","Broncos winger set for Super League switch","https://au.sports.yahoo.com/broncos-winger-set-super-league-224837282.html","Brisbane Broncos outside back Jesse Arthars could leave the NRL altogether, as a move to the Super League is growing likely, with Catalans Dragons emerging as a leading option for the 2027 season. The ..."
"bri","Brisbane Broncos","Jesse Arthars","Unknown","derived_bucket_range","8","player_specific_profile_candidate","theaustralian.com.au","true","true","39","","bing-news-rss","team_contract","Thu, 18 Jun 2026 16:55:00 GMT","The Australian","","","'We just can't afford them': Jesse Arthars' exit leaves eightunsigned Broncos fighting for deals in 2027","https://www.theaustralian.com.au/sport/nrl/we-just-cant-afford-them-the-nine-unsigned-broncos-fighting-for-deals-in-2027/news-story/2578b17d3fbe11cd24883b17775fae5f","Brisbane's retention of boom playmaker Tom Duffy has left nine Broncos stars in a desperate fight for contracts as the June 30 transfer deadline looms."
"bri","Brisbane Broncos","Jesse Arthars","Unknown","derived_bucket_range","9","player_specific_profile_candidate","cairnspost.com.au","true","false","35","","bing-news-rss","team_contract","Thu, 21 May 2026 21:42:00 GMT","The Cairns Post","","","Brisbane Broncos poach boom utility back Jesse Arthars from Gold Coast Titans","https://www.cairnspost.com.au/sport/brisbane-broncos-poach-boom-utility-back-jesse-arthars-from-gold-coast-titans/news-story/1523e03de4d1d7da202b6c03f83f846c","In a move that will intensify their Queensland rivalry, the 'Big Brother' Broncos have sneaked under the guard of the struggling Titans to steal one of their most promising outside backs. THE DETAILS: ..."
"bri","Brisbane Broncos","Josh Rogers","Unknown","derived_bucket_range","","no_candidate_found","","","","","","","","","","","","","",""
"bri","Brisbane Broncos","Josiah Karapani","Unknown","derived_bucket_range","1","player_specific_contract_candidate","msn.com","false","false","29","term_length_language","bing-news-rss","team_contract","Sun, 28 Jun 2026 22:05:10 GMT","ABC (Australian Broadcasting Corporation) on MSN","","","Broncos winger Josiah Karapani stood down after alleged drink driving, traffic offences","https://www.msn.com/en-au/news/australia/broncos-winger-josiah-karapani-stood-down-after-alleged-drink-driving-traffic-offences/ar-AA26LHGM","In a statement, the club confirmed the 24-year-old had been issued with a notice to appear in court and would not be available for the next NRL game."
"bri","Brisbane Broncos","Josiah Karapani","Unknown","derived_bucket_range","2","player_specific_profile_candidate","adelaidenow.com.au","true","false","35","","bing-news-rss","team_contract","Wed, 08 Jul 2026 08:09:00 GMT","The Advertiser","","","Broncos clash with Queensland Rugby League over ban for winger Josiah Karapani","https://www.adelaidenow.com.au/sport/nrl/broncos-clash-with-queensland-rugby-league-over-ban-for-winger-josiah-karapani/news-story/bab80872a1aebf86d6c7c7d337b30fe6","Josiah Karapani is one mistake away from the sack as a booze-ban brouhaha breaks out between the Broncos and the Queensland Rugby League over the troubled Brisbane winger."
"bri","Brisbane Broncos","Josiah Karapani","Unknown","derived_bucket_range","3","player_specific_profile_candidate","weeklytimesnow.com.au","true","false","35","","bing-news-rss","team_contract","Sun, 28 Jun 2026 11:10:00 GMT","The Weekly Times","","","Brisbane Broncos star Josiah Karapani in trouble with police over alleged drink driving","https://www.weeklytimesnow.com.au/affiliates/kayo/brisbane-broncos-star-josiah-karapani-in-trouble-with-police-over-alleged-drink-driving/news-story/67837bdf4854e8032c6491aafdcb89d5","Brisbane's season from hell has taken another turn with winger Josiah Karapani dropped after he was allegedly involved in another off-field incident."
"bri","Brisbane Broncos","Josiah Karapani","Unknown","derived_bucket_range","4","player_specific_profile_candidate","ntnews.com.au","true","false","35","","bing-news-rss","signed_until","Wed, 08 Jul 2026 13:44:00 GMT","NT News","","","Broncos clash with Queensland Rugby League over ban for winger Josiah Karapani","https://www.ntnews.com.au/sport/nrl/broncos-clash-with-queensland-rugby-league-over-ban-for-winger-josiah-karapani/news-story/bab80872a1aebf86d6c7c7d337b30fe6","Josiah Karapani is one mistake away from the sack as a booze-ban brouhaha breaks out between the Broncos and the Queensland Rugby League over the troubled Brisbane winger."
"bri","Brisbane Broncos","Tom Duffy","Unknown","derived_bucket_range","1","player_specific_contract_candidate","cairnspost.com.au","true","false","51","contract_or_salary_language|term_language|term_length_language","bing-news-rss","salary_contract","Thu, 04 Jun 2026 07:48:00 GMT","The Cairns Post","","","Tom Duffy set to sign two-year extension with the Broncos as he auditions for permanent starting spot","https://www.cairnspost.com.au/sport/nrl/tom-duffy-set-to-sign-twoyear-extension-with-the-broncos-as-he-auditions-for-permanent-starting-spot/news-story/2fc6588c46013e6ada7887aef730a11a","This masthead can reveal Duffy is on the verge of inking a two-year extension to remain at the Broncos until the end of 2028 in a deal that will see him throw down the gauntlet to incoming recruit ..."
"bri","Brisbane Broncos","Tom Duffy","Unknown","derived_bucket_range","2","player_specific_contract_candidate","geelongadvertiser.com.au","true","false","51","contract_or_salary_language|term_length_language","bing-news-rss","salary_contract","Wed, 03 Jun 2026 17:00:00 GMT","Geelong Advertiser","","","Tom Duffy set to sign two-year extension with the Broncos as he auditions for permanent starting spot","https://www.geelongadvertiser.com.au/sport/nrl/tom-duffy-set-to-sign-twoyear-extension-with-the-broncos-as-he-auditions-for-permanent-starting-spot/news-story/2fc6588c46013e6ada7887aef730a11a","Ezra Mam's shock axing as five-eighth has opened the door for Tom Duffy to wear the No.6 jumper. Now Duffy is set to celebrate a new contract as he prepares to audition for a permanent starting role."
"bri","Brisbane Broncos","Tom Duffy","Unknown","derived_bucket_range","3","player_specific_contract_candidate","adelaidenow.com.au","true","false","51","contract_or_salary_language|term_language|term_length_language","bing-news-rss","signed_until","Thu, 04 Jun 2026 07:19:00 GMT","Adelaide Now","","","Tom Duffy set to sign two-year extension with the Broncos as he auditions for permanent starting spot","https://www.adelaidenow.com.au/sport/nrl/tom-duffy-set-to-sign-twoyear-extension-with-the-broncos-as-he-auditions-for-permanent-starting-spot/news-story/2fc6588c46013e6ada7887aef730a11a","This masthead can reveal Duffy is on the verge of inking a two-year extension to remain at the Broncos until the end of 2028 in a deal that will see him throw down the gauntlet to incoming recruit ..."
"bri","Brisbane Broncos","Tom Duffy","Unknown","derived_bucket_range","4","player_specific_contract_candidate","heraldsun.com.au","true","false","43","contract_or_salary_language","bing-news-rss","team_contract","Mon, 13 Apr 2026 12:39:00 GMT","heraldsun.com.au","","","Broncos rookie Tom Duffy welcomes halfback duel with future teammate Jonah Pezet","https://www.heraldsun.com.au/sport/nrl/broncos-rookie-tom-duffy-welcomes-halfback-duel-with-future-teammate-jonah-pezet/news-story/ac1ef03d45eb49e9f7bdef1de76c802b","Young gun Tom Duffy has refused to play second fiddle to incoming rival Jonah Pezet as Brisbane bosses open contract talks to secure their halfback future. Broncos bosses have kicked off contract ..."
"bri","Brisbane Broncos","Tom Duffy","Unknown","derived_bucket_range","5","player_specific_contract_candidate","goldcoastbulletin.com.au","true","false","43","contract_or_salary_language","bing-news-rss","signed_until","Sun, 12 Apr 2026 05:00:00 GMT","Gold Coast Sun","","","Market Watch: Broncos kick off talks with Tom Duffy over contract extension","https://www.goldcoastbulletin.com.au/sport/nrl/market-watch-broncos-kick-off-talks-with-tom-duffy-over-contract-extension/news-story/3006cba23c30a26e04b210b0ba8b0052","This masthead can reveal Broncos bosses are in discussions on a contract extension in a move that will see Duffy and incoming recruit Jonah Pezet battle it out for the No.7 jumper vacated by the ..."
"bri","Brisbane Broncos","Tom Duffy","Unknown","derived_bucket_range","6","player_specific_contract_candidate","msn.com","false","false","30","contract_or_salary_language|term_length_language","bing-news-rss","team_contract","Mon, 15 Jun 2026 23:38:05 GMT","Zero Tackle on MSN","","","Broncos halfback signs new long-term contract","https://www.msn.com/en-au/sport/rugby_league/broncos-halfback-signs-new-long-term-contract/ar-AA25L17V","The Brisbane Broncos have announced the extension of young gun halfback Tom Duffy on a two-year deal following a positive start to his career at Red Hill. The 22-year-old rising star moved down from ..."
"bri","Brisbane Broncos","Tom Duffy","Unknown","derived_bucket_range","7","player_specific_contract_candidate","thechronicle.com.au","false","false","29","contract_or_salary_language","bing-news-rss","signed_until","Sun, 12 Apr 2026 05:00:00 GMT","The Toowoomba Chronicle","","","Market Watch: Broncos kick off talks with Tom Duffy over contract extension","https://www.thechronicle.com.au/sport/nrl/market-watch-broncos-kick-off-talks-with-tom-duffy-over-contract-extension/news-story/3006cba23c30a26e04b210b0ba8b0052","Tom Duffy has thrown down the challenge to Jonah Pezet for the soon-to-be vacant Broncos No.7 jersey, with Brisbane bosses in talks to extend the young star's contract after his stunning debut. This ..."
"bri","Brisbane Broncos","Tom Duffy","Unknown","derived_bucket_range","8","player_specific_profile_candidate","heraldsun.com.au","true","false","49","contract_or_salary_language|signing_language|term_length_language","bing-news-rss","team_contract","Mon, 22 Jun 2026 12:14:00 GMT","heraldsun.com.au","","","Broncos champion Ben Hunt inks new one-year deal to defy retirement calls","https://www.heraldsun.com.au/sport/nrl/ben-hunt-brushes-off-retirement-pleas-from-nrl-greats-despite-brisbane-broncos-slump/news-story/0b707e4a6fc1118d7ceea4290fad1cb5","Broncos veteran Ben Hunt has set up a fierce halfback battle with young guns Tom Duffy and Jonah Pezet, and is on track to join Cameron Smith in the 400-game club, after signing a new deal. Hunt's ..."
"bri","Brisbane Broncos","Tom Duffy","Unknown","derived_bucket_range","9","player_specific_profile_candidate","theaustralian.com.au","true","true","48","contract_or_salary_language|term_length_language","bing-news-rss","team_contract","Mon, 22 Jun 2026 01:47:00 GMT","The Australian","","","Broncos champion Ben Hunt inks new one-year deal to defy retirement calls","https://www.theaustralian.com.au/sport/nrl/ben-hunt-brushes-off-retirement-pleas-from-nrl-greats-despite-brisbane-broncos-slump/news-story/0b707e4a6fc1118d7ceea4290fad1cb5","Ben Hunt has shelved retirement plans and has inked a one-year extension as the Broncos champion throws down the gauntlet to young guns Tom Duffy and Jonah Pezet."
"can","Canberra Raiders","Kaeo Weekes","Fullback","backup_baseline","","no_candidate_found","","","","","","","","","","","","","",""
"can","Canberra Raiders","Savelio Tamale","Winger","backup_baseline","","no_candidate_found","","","","","","","","","","","","","",""
"can","Canberra Raiders","Matthew Timoko","Centre","backup_baseline","","no_candidate_found","","","","","","","","","","","","","",""
"can","Canberra Raiders","Sebastian Kris","Centre","backup_baseline","","no_candidate_found","","","","","","","","","","","","","",""
"can","Canberra Raiders","Xavier Savage","Winger","backup_baseline","","no_candidate_found","","","","","","","","","","","","","",""
"can","Canberra Raiders","Ethan Strange","Five-Eighth","backup_baseline","","no_candidate_found","","","","","","","","","","","","","",""
"can","Canberra Raiders","Ethan Sanders","Halfback","backup_baseline","1","player_specific_profile_candidate","zerotackle.com","true","false","28","","bing-news-rss","zerotackle","Sun, 05 Jul 2026 04:04:00 GMT","zerotackle","","","The biggest misconception around the Eels ""rebuild""","https://www.zerotackle.com/the-biggest-misconception-around-the-eels-rebuild-235478/","If this were a true rebuild, the Eels would have prioritised Blaize Talagi, Ethan Sanders and Matt Arthur as the spine for the future and focused on their young crop of players. The performance on the ..."
"can","Canberra Raiders","Josh Papali'i","Prop","backup_baseline","","no_candidate_found","","","","","","","","","","","","","",""
"can","Canberra Raiders","Tom Starling","Hooker","backup_baseline","1","player_specific_contract_candidate","ntnews.com.au","true","false","48","signing_language|term_language","bing-news-rss","team_contract|signed_until","Tue, 29 Sep 2020 09:00:00 GMT","Northern Territory News","","","NRL: Rising hooker Tom Starling primed for his first NRL finals series with Canberra","https://www.ntnews.com.au/sport/nrl/nrl-rising-hooker-tom-starling-primed-for-his-first-nrl-finals-series-with-canberra/news-story/78a1986b0a5e4a6ca096081620e6d61d","Emerging hooker Tom Starling re-signed with Canberra until the end of 2022, now he has his sights set on starring in his first NRL finals series. A Central Coast product, Starling aspired to become ..."
"can","Canberra Raiders","Joseph Tapine","Prop","backup_baseline","1","player_specific_contract_candidate","adelaidenow.com.au","true","false","43","contract_or_salary_language","bing-news-rss","team_contract","Thu, 25 Jun 2026 00:33:00 GMT","Adelaide Now","","","NRL 2016: Newcastle Knights release Joseph Tapine after signing a contract with Canberra Raiders","https://www.adelaidenow.com.au/sport/nrl/nrl-2016-newcastle-knights-release-joseph-tapine-after-signing-a-contract-with-canberra-raiders/news-story/521aeb39aeb5be58eb6108e6738a0a37","THE three-way tug of war between Newcastle, Canberra and Joe Tapine is over after the Knights released the second rower from his 2016 contract. In a statement the club said the details of the release ..."
"can","Canberra Raiders","Hudson Young","2nd Row","backup_baseline","1","player_specific_contract_candidate","au.sports.yahoo.com","true","false","43","contract_or_salary_language","bing-news-rss","team_contract","Sat, 16 May 2026 22:14:00 GMT","Yahoo Sport Australia","","","Hudson Young to begin negotiations over future","https://au.sports.yahoo.com/hudson-young-begin-negotiations-over-051454113.html","The Canberra Raiders are set to kick off talks with Hudson Young in the coming weeks over a long-term contract extension. Young has become one of the best - and more importantly most consistent - ..."
"can","Canberra Raiders","Noah Martin","2nd Row","backup_baseline","","no_candidate_found","","","","","","","","","","","","","",""
"can","Canberra Raiders","Corey Horsburgh","Lock","backup_baseline","","no_candidate_found","","","","","","","","","","","","","",""
"can","Canberra Raiders","Jayden Brailey","Interchange","backup_baseline","","no_candidate_found","","","","","","","","","","","","","",""
"can","Canberra Raiders","Zac Hosking","Interchange","backup_baseline","","no_candidate_found","","","","","","","","","","","","","",""
"can","Canberra Raiders","Morgan Smithies","Interchange","backup_baseline","","no_candidate_found","","","","","","","","","","","","","",""
"can","Canberra Raiders","Simi Sasagi","Interchange","backup_baseline","1","player_specific_profile_candidate","goldcoastbulletin.com.au","true","false","35","","bing-news-rss","team_contract","Tue, 12 May 2026 06:31:00 GMT","Gold Coast Sun","","","Canberra Raiders star Simi Sasagi opens up on engagement, family, chasing NRL dream","https://www.goldcoastbulletin.com.au/sport/nrl/canberra-raiders-star-simi-sasagi-opens-up-on-engagement-family-chasing-nrl-dream/news-story/01c76a4b05b095624e313f2eb56f26f1","Hiding in a shoebox in the back of his closet was a secret Sasagi had been keeping since January. ""I knew she wouldn't look – well, I was hoping she wouldn't – in any of the shoe boxes,"" Sasagi ..."
"can","Canberra Raiders","Simi Sasagi","Interchange","backup_baseline","2","player_specific_profile_candidate","adelaidenow.com.au","true","false","35","","bing-news-rss","team_contract","Tue, 12 May 2026 06:02:00 GMT","Adelaide Now","","","Canberra Raiders star Simi Sasagi opens up on engagement, family, chasing NRL dream","https://www.adelaidenow.com.au/sport/nrl/canberra-raiders-star-simi-sasagi-opens-up-on-engagement-family-chasing-nrl-dream/news-story/01c76a4b05b095624e313f2eb56f26f1","Simi Sasagi used to go to Boost Juice in the hopes the girl he had a crush on was working. Now, they are engaged – something that wouldn't have been possible without a brave move away from home."
"can","Canberra Raiders","Ata Mariota","Unknown","derived_bucket_range","","no_candidate_found","","","","","","","","","","","","","",""
"can","Canberra Raiders","Chevy Stewart","Unknown","derived_bucket_range","","no_candidate_found","","","","","","","","","","","","","",""
"can","Canberra Raiders","Coby Black","Unknown","derived_bucket_range","1","player_specific_contract_candidate","goldcoastbulletin.com.au","true","false","43","contract_or_salary_language","bing-news-rss","team_contract|signed_until","Fri, 12 Jun 2026 06:00:00 GMT","Gold Coast Sun","","","Former Brisbane Broncos prodigy Coby Black speaks about controversial exit ahead of NRL debut for Canberra","https://www.goldcoastbulletin.com.au/sport/nrl/former-brisbane-broncos-prodigy-coby-black-speaks-about-controversial-exit-ahead-of-nrl-debut-for-canberra/news-story/459f0902bb148af120350943a0424b72","Black, 20, is set to make his NRL debut for the Raiders on Saturday after being named 18th man for Canberra's clash with Parramatta in Sydney. A potential first grade debut this weekend will cap a ..."
"can","Canberra Raiders","Daine Laurie","Unknown","derived_bucket_range","1","player_specific_profile_candidate","au.sports.yahoo.com","true","false","35","","bing-news-rss","team_contract","Tue, 23 Jun 2026 08:09:00 GMT","Yahoo Sport Australia","","","Cause of Daine Laurie's suspension revealed","https://au.sports.yahoo.com/cause-daine-laurie-suspension-revealed-220941212.html","Canberra Raiders star Daine Laurie was a surprise omission from the Green Machine's line-up to face the St George Illawarra Dragons on Sunday. Laurie has played nine games for the Raiders this year, ..."
"can","Canberra Raiders","Daine Laurie","Unknown","derived_bucket_range","2","player_specific_profile_candidate","geelongadvertiser.com.au","true","false","35","","bing-news-rss","signed_until","Sat, 27 Jun 2026 04:50:00 GMT","Geelong Advertiser","","","NRL 2021: Wests Tigers rookie Daine Laurie reveals the incredible story of his name","https://www.geelongadvertiser.com.au/sport/nrl/nrl-2021-wests-tigers-rookie-daine-laurie-reveals-the-incredible-story-of-his-name/news-story/8e1a9b0f85a00f5a84cf2d699cf87741","Tigers recruit Daine Laurie has had a tougher road to the nrl than most, but his story reveals a man who was destined to make it. Largely without him, sure. But still, part of this proud Bundjalung ..."
"can","Canberra Raiders","Jake Clydesdale","Unknown","derived_bucket_range","","no_candidate_found","","","","","","","","","","","","","",""
"can","Canberra Raiders","Joe Roddy","Unknown","derived_bucket_range","1","player_specific_contract_candidate","au.sports.yahoo.com","true","false","44","contract_or_salary_language|term_language","bing-news-rss","team_contract","Wed, 24 Jun 2026 17:00:00 GMT","Yahoo Sport Australia","","","Raiders extend promising pathways talent","https://au.sports.yahoo.com/raiders-extend-promising-pathways-talent-041228176.html","The Canberra Raiders have confirmed the extension of forward Joe Roddy for a further three years, keeping him at the club until the end of the 2030 season. In his limited time in the NRL, Roddy has ..."
"can","Canberra Raiders","Matty Nicholson","Unknown","derived_bucket_range","","no_candidate_found","","","","","","","","","","","","","",""
"can","Canberra Raiders","Michael Asomua","Unknown","derived_bucket_range","","no_candidate_found","","","","","","","","","","","","","",""
"can","Canberra Raiders","Myles Martin","Unknown","derived_bucket_range","","no_candidate_found","","","","","","","","","","","","","",""
"can","Canberra Raiders","Owen Pattie","Unknown","derived_bucket_range","","no_candidate_found","","","","","","","","","","","","","",""
"can","Canberra Raiders","Sione Finau","Unknown","derived_bucket_range","","no_candidate_found","","","","","","","","","","","","","",""
"can","Canberra Raiders","Vena Patuki-Case","Unknown","derived_bucket_range","","no_candidate_found","","","","","","","","","","","","","",""
"cby","Canterbury-Bankstown Bulldogs","Connor Tracey","Fullback","backup_baseline","","no_candidate_found","","","","","","","","","","","","","",""
"cby","Canterbury-Bankstown Bulldogs","Jacob Kiraz","Winger","backup_baseline","1","player_specific_profile_candidate","couriermail.com.au","true","true","39","","bing-news-rss","signed_until","Sun, 07 Jun 2026 09:15:00 GMT","The Courier-Mail","","","NRL Late Mail Round 14: Jacob Kiraz, Stephen Crichton set to play for Bulldogs","https://www.couriermail.com.au/sport/nrl/supercoach-news/nrl-late-mail-round-14-bulldogs-star-jacob-kiraz-in-doubt-with-mystery-injury/news-story/b38bfa55f7a4e6cfbcb3d287dfab457e","Bulldogs stars Jacob Kiraz and Stephen Crichton have survived the 24-hour cut and are set to take the field for Canterbury's King's Birthday clash against the Eels. Kiraz has struggled with a calf ..."
"cby","Canterbury-Bankstown Bulldogs","Bronson Xerri","Centre","backup_baseline","1","player_specific_salary_candidate","theaustralian.com.au","true","true","62","money|contract_or_salary_language","bing-news-rss","signed_until","Thu, 09 Jul 2026 15:02:00 GMT","The Australian","","","Out of favour Bulldogs star Bronson Xerri signs with Melbourne Storm for 2027 on three year deal","https://www.theaustralian.com.au/sport/nrl/panthers-face-fight-to-keep-moses-leota-amid-1m-offers-from-rival-clubs/news-story/a045139211659d185b490cb11f8c5055","Moses Leota's value is set to reach the $1 million mark with six clubs, including the Sydney Roosters, Dolphins and Perth, expressing interest in the Panthers enforcer."
"cby","Canterbury-Bankstown Bulldogs","Bronson Xerri","Centre","backup_baseline","2","player_specific_contract_candidate","au.sports.yahoo.com","true","false","56","contract_or_salary_language|signing_language|term_length_language","bing-news-rss","team_contract|signed_until","Thu, 09 Jul 2026 16:06:00 GMT","Yahoo Sports Australia","","","Bronson Xerri Bulldogs departure official as new club confirm signing","https://au.sports.yahoo.com/bronson-xerri-bulldogs-departure-official-230624395.html","Bronson Xerri will join the Melbourne Storm from the 2027 NRL season after signing a three-year contract with the club, bringing an end to his stint at the Canterbury Bulldogs. The move comes after a ..."
"cby","Canterbury-Bankstown Bulldogs","Bronson Xerri","Centre","backup_baseline","3","player_specific_contract_candidate","au.sports.yahoo.com","true","false","51","contract_or_salary_language|term_length_language","bing-news-rss","salary_contract|team_contract|signed_until|publisher_text_dt","Fri, 26 Jun 2026 20:24:00 GMT","Yahoo Sports Australia","","","Bronson Xerri set to make call on his NRL future","https://au.sports.yahoo.com/bronson-xerri-set-call-nrl-032444855.html","Melbourne Storm have pulled off one of the more compelling transfer market moves of the season. The Daily Telegraph reports that Bronson Xerri is set to sign a three-year deal with the Storm and end a ..."
"cby","Canterbury-Bankstown Bulldogs","Bronson Xerri","Centre","backup_baseline","4","player_specific_contract_candidate","adelaidenow.com.au","true","false","48","contract_or_salary_language|signing_language","bing-news-rss","team_contract","Thu, 09 Jul 2026 04:32:00 GMT","The Advertiser","","","Out of favour Bulldogs star Bronson Xerri signs with Melbourne Storm for 2027 on three year deal","https://www.adelaidenow.com.au/sport/nrl/panthers-face-fight-to-keep-moses-leota-amid-1m-offers-from-rival-clubs/news-story/a045139211659d185b490cb11f8c5055","Centre Bronson Xerri has confirmed he will join Melbourne next season but insists that he is committed to finishing the season on a positive note at the Bulldogs."
"cby","Canterbury-Bankstown Bulldogs","Bronson Xerri","Centre","backup_baseline","5","player_specific_contract_candidate","theaustralian.com.au","true","true","47","contract_or_salary_language","bing-news-rss","signed_until","Tue, 17 Mar 2026 17:00:00 GMT","The Australian","","","Bulldogs coach Cameron Ciraldo reacts to Bronson Xerri after shock axing","https://www.theaustralian.com.au/sport/nrl/bulldogs-coach-cameron-ciraldo-reacts-to-bronson-xerri-after-shock-axing/news-story/1444748c1c5d0248cf13047a15de880a","And Ciraldo could not give assurances Xerri would see out the final two years of his contract at Belmore. Xerri created a furore this week by threatening to immediately quit the Bulldogs after being ..."
"cby","Canterbury-Bankstown Bulldogs","Bronson Xerri","Centre","backup_baseline","6","player_specific_contract_candidate","couriermail.com.au","true","true","47","term_length_language","bing-news-rss","signed_until","Wed, 24 Jun 2026 07:19:00 GMT","The Courier-Mail","","","Bronson Xerri set to leave Bulldogs after another shock demotion, Eels confirm interest","https://www.couriermail.com.au/sport/nrl/bronson-xerri-set-to-leave-bulldogs-after-another-shock-demotion/news-story/de38df873c392ed9dd76b32d345917b4","Xerri was seen with his agent Matt Desira on a flight back to Sydney on Tuesday night with his future now well and truly in the spotlight. Parramatta have also met Xerri as the 25-year-old ponders his ..."
"cby","Canterbury-Bankstown Bulldogs","Bronson Xerri","Centre","backup_baseline","7","player_specific_contract_candidate","smh.com.au","true","true","47","term_language","bing-news-rss","smh","Wed, 24 Jun 2026 06:02:00 GMT","The Sydney Morning Herald","","","Bronson Xerri hits open market early as rivals push for pre-June 30 move","https://www.smh.com.au/sport/nrl/bronson-xerri-hits-open-market-early-as-rivals-push-for-pre-june-30-move-20260624-p609mt.html","Bulldogs star Bronson Xerri is on the radar of several NRL rivals as an early exit from Canterbury looms at the end of 2026. Xerri and his management have held talks with officials from Melbourne and ..."
"cby","Canterbury-Bankstown Bulldogs","Bronson Xerri","Centre","backup_baseline","8","player_specific_contract_candidate","cairnspost.com.au","true","false","43","term_language|term_length_language","bing-news-rss","signed_until","Tue, 17 Mar 2026 05:00:00 GMT","The Cairns Post","","","Which NRL clubs are potential suitors for Bronson Xerri if released from Bulldogs?","https://www.cairnspost.com.au/sport/nrl/which-nrl-clubs-are-potential-suitors-for-bronson-xerri-if-released-from-bulldogs/news-story/be6e4a180c7a789ee1861f5fa25b0723","Xerri is locked down at the Bulldogs until the end of 2027, but if he is to make an early exit from Canterbury, here is a look at how every club is placed to sign the 25-year-old."
"cby","Canterbury-Bankstown Bulldogs","Bronson Xerri","Centre","backup_baseline","9","player_specific_contract_candidate","msn.com","false","false","35","contract_or_salary_language|signing_language|term_length_language","bing-news-rss","team_contract","Thu, 09 Jul 2026 20:10:00 GMT","FOX SPORTS on MSN","","","Rival snaps up Dogs outcast on multi-year deal as early release granted","https://www.msn.com/en-au/news/other/rival-snaps-up-dogs-outcast-on-multi-year-deal-as-early-release-granted/ar-AA27AcPa","Bronson Xerri will join the Melbourne Storm next season after the club announced they'd signed the strike centre on a three-year deal."
"cby","Canterbury-Bankstown Bulldogs","Bronson Xerri","Centre","backup_baseline","10","player_specific_contract_candidate","msn.com","false","false","35","contract_or_salary_language|signing_language|term_length_language","bing-news-rss","publisher_text_dt","Thu, 09 Jul 2026 15:15:00 GMT","SportsWire on MSN","","","Xerri agrees to new deal with rival club","https://www.msn.com/en-au/sport/rugby_league/xerri-agrees-to-new-deal-with-rival-club/ar-AA27B7nF","Bronson Xerri won't be a Bulldog in 2027 after the strike centre signed a three-year deal with a powerhouse club that was desperate for outside backs."
"cby","Canterbury-Bankstown Bulldogs","Bronson Xerri","Centre","backup_baseline","11","player_specific_profile_candidate","zerotackle.com","true","false","28","","bing-news-rss","zerotackle","Sun, 05 Jul 2026 04:04:00 GMT","zerotackle","","","The biggest misconception around the Eels ""rebuild""","https://www.zerotackle.com/the-biggest-misconception-around-the-eels-rebuild-235478/","They failed to sign Keaon Koloamatangi, Bronson Xerri, Lachlan Galvin and released Zac Lomax, who wanted to pursue opportunities with R360. They are also reportedly targeting Moses Leota from Penrith ..."
"cby","Canterbury-Bankstown Bulldogs","Bronson Xerri","Centre","backup_baseline","12","player_specific_profile_candidate","msn.com","false","false","21","","bing-news-rss","team_contract|publisher_text_smh","Wed, 24 Jun 2026 18:20:06 GMT","Sydney Morning Herald on MSN","","","Bronson Xerri hits open market early as rivals push for pre-June 30 move","https://www.msn.com/en-au/news/other/bronson-xerri-hits-open-market-early-as-rivals-push-for-pre-june-30-move/ar-AA26oI9x","The Bulldogs centre is eyeing an early exit from Belmore after a drama-charged season."
"cby","Canterbury-Bankstown Bulldogs","Stephen Crichton","Centre","backup_baseline","1","player_specific_salary_candidate","adelaidenow.com.au","true","false","58","money|contract_or_salary_language","bing-news-rss","salary_contract|signed_until","Sat, 23 Jan 2021 12:31:00 GMT","Adelaide Now","","","Stephen Crichton set to become highest-paid centre in NRL — here's who he beat to the title","https://www.adelaidenow.com.au/sport/nrl/stephen-crichtons-contract-standoff-costs-penrith-a-pretty-penny/news-story/c9aced98ad5f9dbf107ff5d2d25c4469","Stephen Crichton is set to become the highest-earning centre in the NRL, overtaking some seriously big names. See full list. Crichton will be offered a $10,000-a-game upgrade to his existing contract ..."
"cby","Canterbury-Bankstown Bulldogs","Stephen Crichton","Centre","backup_baseline","2","player_specific_salary_candidate","themercury.com.au","true","false","58","money|contract_or_salary_language","bing-news-rss","salary_contract","Sun, 26 Jul 2020 14:16:00 GMT","The Mercury","","","Stephen Crichton set to re-sign with Panthers on $1.5m deal","https://www.themercury.com.au/sport/nrl/stephen-crichton-set-to-resign-with-panthers-on-15m-deal/news-story/3ad49d1d3ad263294d543a5560230776","He attracted interest from six rival clubs, but the Penrith Panthers have moved quickly to re-sign their brightest young talent on a monster deal worth $1.5 million. Crichton is close to signing a ..."
"cby","Canterbury-Bankstown Bulldogs","Stephen Crichton","Centre","backup_baseline","3","player_specific_profile_candidate","themercury.com.au","true","false","35","","bing-news-rss","salary_contract","Fri, 12 Feb 2021 16:01:00 GMT","The Mercury","","","Bulldogs bring Seumanufagai back to NRL, Stephen Crichton to re-sign with Penrith","https://www.themercury.com.au/sport/nrl/panthers-star-stephen-crichton-to-sign-new-contract-with-penrith/news-story/358449eecc133b25c89fcf7844c9e59d","Seumanufagai left the NRL after one year with the Sharks in 2018, having played 105 top grade games at the Tigers. He spent the past two seasons playing for Leeds in England and was part of their ..."
"cby","Canterbury-Bankstown Bulldogs","Marcelo Montoya","Winger","backup_baseline","1","player_specific_profile_candidate","couriermail.com.au","true","true","39","","bing-news-rss","signed_until","Wed, 17 Jun 2026 08:59:00 GMT","The Courier-Mail","","","Canterbury Bulldogs winger Marcelo Montoya announces NRL retirement","https://www.couriermail.com.au/sport/nrl/canterbury-bulldogs-winger-marcelo-montoya-announces-nrl-retirement/news-story/1f158635f08a8bc48e83016270be3054","Montoya, who has played for the Bulldogs and Warriors has called time on his career after struggling to stay on the field throughout the 2026 season, only playing eight games to start the year. Moving ..."
"cby","Canterbury-Bankstown Bulldogs","Marcelo Montoya","Winger","backup_baseline","2","player_specific_profile_candidate","dailytelegraph.com.au","true","true","39","","bing-news-rss","publisher_text_dt","Wed, 17 Jun 2026 08:59:00 GMT","The Daily Telegraph","","","Canterbury Bulldogs winger Marcelo Montoya announces NRL retirement","https://www.dailytelegraph.com.au/sport/nrl/canterbury-bulldogs-winger-marcelo-montoya-announces-nrl-retirement/news-story/1f158635f08a8bc48e83016270be3054","Montoya, who has played for the Bulldogs and Warriors has called time on his career after struggling to stay on the field throughout the 2026 season, only playing eight games to start the year. Moving ..."
"cby","Canterbury-Bankstown Bulldogs","Marcelo Montoya","Winger","backup_baseline","3","player_specific_profile_candidate","geelongadvertiser.com.au","true","false","35","","bing-news-rss","signed_until","Wed, 17 Jun 2026 08:59:00 GMT","Geelong Advertiser","","","Canterbury Bulldogs winger Marcelo Montoya announces NRL retirement","https://www.geelongadvertiser.com.au/sport/nrl/canterbury-bulldogs-winger-marcelo-montoya-announces-nrl-retirement/news-story/1f158635f08a8bc48e83016270be3054","Injuries have limited Marcelo Montoya to just eight games in 2026, prompting the Canterbury Bulldogs winger to confirm he will retire at season's end after 10 seasons in the NRL. Montoya, who has ..."
"cby","Canterbury-Bankstown Bulldogs","Matt Burton","Five-Eighth","backup_baseline","1","player_specific_profile_candidate","au.sports.yahoo.com","true","false","28","","bing-news-rss","team_contract","Thu, 11 Jun 2026 17:00:00 GMT","Yahoo Sport Australia","","","NRL sanction Perth Bears with fine, breach notice","https://au.sports.yahoo.com/nrl-sanction-perth-bears-fine-014107443.html","The NRL has pulled up the Perth Bears for comments made by coach Mal Meninga on their ambitions to sign contracted duo Matt Burton and Jacob Preston from the Canterbury-Bankstown Bulldogs. The ..."
"cby","Canterbury-Bankstown Bulldogs","Lachlan Galvin","Halfback","backup_baseline","1","player_specific_salary_candidate","townsvillebulletin.com.au","true","false","63","money|contract_or_salary_language|signing_language","bing-news-rss","salary_contract|signed_until","Tue, 15 Apr 2025 11:04:00 GMT","Townsville Bulletin","","","Wests Tigers to resist dropping Lachlan Galvin after star rejects $6m deal, commits to quitting the club","https://www.townsvillebulletin.com.au/sport/nrl/lachlan-galvin-rejects-contract-extension-from-wests-tigers-ready-to-head-to-open-market-on-november-1/news-story/edbef7c99e2065ec87a23cdc7f292649?using_ew=false&using_ew_noesi=false","Benji Marshall is committed to the biggest call of his coaching career when Latu Fainu returns from injury as the true value of Lachlan Galvin's rejected Wests Tigers contract can be revealed. It ..."
"cby","Canterbury-Bankstown Bulldogs","Lachlan Galvin","Halfback","backup_baseline","2","player_specific_salary_candidate","7news.com.au","true","false","50","money","bing-news-rss","publisher_text_smh","Thu, 22 May 2025 12:15:00 GMT","7NEWS Australia","","","Lachlan Galvin nears Wests Tigers exit as $2m sacrifice emerges in offers from Eels and Bulldogs","https://7news.com.au/sport/rugby-league/lachlan-galvin-nears-wests-tigers-exit-as-2m-sacrifice-emerges-in-offers-from-eels-and-bulldogs-c-18790860","Departing Wests Tigers star Lachlan Galvin is reportedly weighing up offers from the Bulldogs and Eels as the drawn out saga appears to nearing a speedy conclusion. The Sydney Morning Herald reports ..."
"cby","Canterbury-Bankstown Bulldogs","Lachlan Galvin","Halfback","backup_baseline","3","player_specific_contract_candidate","theaustralian.com.au","true","true","44","signing_language","bing-news-rss","team_contract","Wed, 01 Jul 2026 03:43:00 GMT","The Australian","","","Lachlan Galvin called into NSW Blues camp ahead of the State of Origin decider","https://www.theaustralian.com.au/sport/nrl/lachlan-galvin-called-into-nsw-blues-camp-ahead-of-the-state-of-origin-decider/news-story/b34bb1bba2ab116e6a9187f09059c8a3","Canterbury's Lachlan Galvin has been drafted into an extended NSW camp. While there is no suggestion Galvin will play Wednesday night's State of Origin decider, Galvin will join camp for experience ..."
"cby","Canterbury-Bankstown Bulldogs","Max King","Prop","backup_baseline","","no_candidate_found","","","","","","","","","","","","","",""
"cby","Canterbury-Bankstown Bulldogs","Bailey Hayward","Hooker","backup_baseline","","no_candidate_found","","","","","","","","","","","","","",""
"cby","Canterbury-Bankstown Bulldogs","Leo Thompson","Prop","backup_baseline","","no_candidate_found","","","","","","","","","","","","","",""
"cby","Canterbury-Bankstown Bulldogs","Viliame Kikau","2nd Row","backup_baseline","1","player_specific_contract_candidate","cairnspost.com.au","true","false","51","contract_or_salary_language|term_language","bing-news-rss","signed_until","Wed, 18 Jul 2018 06:08:00 GMT","The Cairns Post","","","Penrith re-sign Viliame Kikau on a new deal until the end of 2022","https://www.cairnspost.com.au/sport/nrl/penrith-resign-viliame-kikau-on-a-new-deal-until-the-end-of-2022/news-story/1476ef8ba4360a568f54b28991913ded","THE Panthers have received a massive boost on the eve of the finals, with boom youngster Viliame Kikau committing to the club long term. Despite being on contract until the end of next year, the ..."
"cby","Canterbury-Bankstown Bulldogs","Jacob Preston","2nd Row","backup_baseline","1","player_specific_contract_candidate","couriermail.com.au","true","true","60","contract_or_salary_language|signing_language|term_length_language","bing-news-rss","signed_until","Thu, 11 Jun 2026 07:45:00 GMT","The Courier-Mail","","","Jacob Preston set to hit free agency as Bulldogs contract negotiations stall","https://www.couriermail.com.au/sport/nrl/jacob-preston-set-to-hit-free-agency-as-bulldogs-contract-negotiations-stall/news-story/7a3b6d99bf57d322ae1996ae63d8caf9","This masthead understands Preston is resigned to heading to free agency on November 1 with seven NRL rivals prepared to launch big-money bids for the hard-running back-rower. The 24-year-old has ..."
"cby","Canterbury-Bankstown Bulldogs","Jacob Preston","2nd Row","backup_baseline","2","player_specific_contract_candidate","heraldsun.com.au","true","false","56","contract_or_salary_language|signing_language|term_length_language","bing-news-rss","salary_contract","Thu, 11 Jun 2026 07:45:00 GMT","heraldsun.com.au","","","Jacob Preston set to hit free agency as Bulldogs contract negotiations stall","https://www.heraldsun.com.au/sport/nrl/jacob-preston-set-to-hit-free-agency-as-bulldogs-contract-negotiations-stall/news-story/7a3b6d99bf57d322ae1996ae63d8caf9","This masthead understands Preston is resigned to heading to free agency on November 1 with seven NRL rivals prepared to launch big-money bids for the hard-running back-rower. The 24-year-old has ..."
"cby","Canterbury-Bankstown Bulldogs","Jacob Preston","2nd Row","backup_baseline","3","player_specific_contract_candidate","au.sports.yahoo.com","true","false","36","contract_or_salary_language","bing-news-rss","team_contract","Wed, 10 Jun 2026 17:00:00 GMT","Yahoo Sport Australia","","","Bulldogs risk losing star forward at contract crossroads","https://au.sports.yahoo.com/bulldogs-risk-losing-star-forward-061902937.html","The Canterbury-Bankstown Bulldogs are in the fight to secure Jacob Preston long term before the star second rower can negotiate with rival clubs in November for a 2028 contract. Preston has been a ..."
"cby","Canterbury-Bankstown Bulldogs","Jacob Preston","2nd Row","backup_baseline","4","player_specific_contract_candidate","thechronicle.com.au","false","false","29","contract_or_salary_language","bing-news-rss","salary_contract|signed_until","Thu, 11 Jun 2026 07:45:00 GMT","The Toowoomba Chronicle","","","Jacob Preston set to hit free agency as Bulldogs contract negotiations stall","https://www.thechronicle.com.au/sport/nrl/jacob-preston-set-to-hit-free-agency-as-bulldogs-contract-negotiations-stall/news-story/7a3b6d99bf57d322ae1996ae63d8caf9","The Bulldogs are in danger of losing a NSW Origin hopeful, with the star forward set to hit free agency on November 1, as contract negotiations hit a roadblock. This masthead understands Preston is ..."
"cby","Canterbury-Bankstown Bulldogs","Jacob Preston","2nd Row","backup_baseline","5","player_specific_profile_candidate","au.sports.yahoo.com","true","false","28","","bing-news-rss","team_contract","Thu, 11 Jun 2026 17:00:00 GMT","Yahoo Sport Australia","","","NRL sanction Perth Bears with fine, breach notice","https://au.sports.yahoo.com/nrl-sanction-perth-bears-fine-014107443.html","The NRL has pulled up the Perth Bears for comments made by coach Mal Meninga on their ambitions to sign contracted duo Matt Burton and Jacob Preston from the Canterbury-Bankstown Bulldogs. The ..."
"cby","Canterbury-Bankstown Bulldogs","Jaeman Salmon","Lock","backup_baseline","","no_candidate_found","","","","","","","","","","","","","",""
"cby","Canterbury-Bankstown Bulldogs","Kurt Mann","Interchange","backup_baseline","","no_candidate_found","","","","","","","","","","","","","",""
"cby","Canterbury-Bankstown Bulldogs","Sitili Tupouniua","Interchange","backup_baseline","","no_candidate_found","","","","","","","","","","","","","",""
"cby","Canterbury-Bankstown Bulldogs","Josh Curran","Interchange","backup_baseline","","no_candidate_found","","","","","","","","","","","","","",""
"cby","Canterbury-Bankstown Bulldogs","Samuel Hughes","Interchange","backup_baseline","","no_candidate_found","","","","","","","","","","","","","",""
"cby","Canterbury-Bankstown Bulldogs","Daniel Suluka-Fifita","Unknown","derived_bucket_range","1","player_specific_contract_candidate","au.sports.yahoo.com","true","false","41","contract_or_salary_language|signing_language","bing-news-rss","team_contract","Mon, 25 May 2026 19:52:00 GMT","Yahoo Sport Australia","","","St Helens bring in prop Suluka-Fifita from NRL","https://au.sports.yahoo.com/st-helens-bring-prop-suluka-095218294.html","St Helens have signed prop forward Daniel Suluka-Fifita on a two-and-a-half-year deal from NRL side Canterbury-Bankstown Bulldogs. Suleka-Fifita has signed immediately and will link up with Paul ..."
"cby","Canterbury-Bankstown Bulldogs","Enari Tuala","Unknown","derived_bucket_range","1","player_specific_contract_candidate","couriermail.com.au","true","true","60","contract_or_salary_language|signing_language|term_length_language","bing-news-rss","salary_contract|signed_until","Fri, 05 Jun 2026 04:06:00 GMT","The Courier-Mail","","","Bulldogs secure Enari Tuala, Sharks re-sign Will Kennedy, Knights extend Origin hopeful Dylan Lucas","https://www.couriermail.com.au/sport/nrl/knights-star-dylan-lucas-inks-three-year-extension-to-stay-in-newcastle-until-the-end-of-2030/news-story/4fb4e103934c19d8e684dc816af82799","The centre/winger has inked a two-year extension before the end of his current deal which was set to expire this November. It comes after the club earlier this season also extended Connor Tracey's ..."
"cby","Canterbury-Bankstown Bulldogs","Finau Latu","Unknown","derived_bucket_range","","no_candidate_found","","","","","","","","","","","","","",""
"cby","Canterbury-Bankstown Bulldogs","Harry Hayes","Unknown","derived_bucket_range","","no_candidate_found","","","","","","","","","","","","","",""
"cby","Canterbury-Bankstown Bulldogs","Jack Todd","Unknown","derived_bucket_range","","no_candidate_found","","","","","","","","","","","","","",""
"cby","Canterbury-Bankstown Bulldogs","Jake Turpin","Unknown","derived_bucket_range","1","player_specific_contract_candidate","ntnews.com.au","true","false","43","contract_or_salary_language","bing-news-rss","salary_contract","Mon, 20 May 2019 09:20:00 GMT","Northern Territory News","","","Broncos rookie Jake Turpin wants to prove himself an NRL quality player","https://www.ntnews.com.au/sport/nrl/broncos-rookie-jake-turpin-wants-to-prove-himself-an-nrl-quality-player/news-story/292f7d648374a80f8763a55703ab0f31","Unbeaten Bronco Jake Turpin says he wants to ""make a mark'' in coming weeks to draw a contract offer from the Broncos or NRL rivals. Brisbane have won all four games in which off-contract Turpin, a 22 ..."
"cby","Canterbury-Bankstown Bulldogs","Jake Turpin","Unknown","derived_bucket_range","2","player_specific_contract_candidate","adelaidenow.com.au","true","false","43","contract_or_salary_language","bing-news-rss","salary_contract|signed_until","Wed, 05 Jun 2019 10:14:00 GMT","Adelaide Now","","","Jake Turpin's good form key to securing Brisbane Broncos contract","https://www.adelaidenow.com.au/sport/nrl/jake-turpins-good-form-key-to-securing-brisbane-broncos-contract/news-story/5f23f0a075ad02c93ca6ba1052644779","The challenge now for the Broncos is what to do with three off-contract hookers at a time when Turpin is banging down the door for an upgrade at Red Hill. McCullough, Turpin and James Segeyaro, ..."
"cby","Canterbury-Bankstown Bulldogs","Jake Turpin","Unknown","derived_bucket_range","3","player_specific_profile_candidate","goldcoastbulletin.com.au","true","false","35","","bing-news-rss","salary_contract","Wed, 17 Jul 2019 08:56:00 GMT","Gold Coast Sun","","","Broncos must fend off NRL rivals' interest in rookie Jake Turpin","https://www.goldcoastbulletin.com.au/sport/broncos-must-fend-off-nrl-rivals-interest-in-rookie-jake-turpin/news-story/d952e58c08a775c04c7486dabf31779c","On Thursday night, Brisbane must defeat Canterbury to keep their slim finals hopes alive. But the battle doesn't end there, with the Bulldogs sniffing around one of the Broncos' hottest rookie talents ..."
"cby","Canterbury-Bankstown Bulldogs","Jonathan Sua","Unknown","derived_bucket_range","","no_candidate_found","","","","","","","","","","","","","",""
"cby","Canterbury-Bankstown Bulldogs","Kade Dykes","Unknown","derived_bucket_range","","no_candidate_found","","","","","","","","","","","","","",""
"cby","Canterbury-Bankstown Bulldogs","Lipoi Hopoi","Unknown","derived_bucket_range","","no_candidate_found","","","","","","","","","","","","","",""
"cby","Canterbury-Bankstown Bulldogs","Mitchell Woods","Unknown","derived_bucket_range","","no_candidate_found","","","","","","","","","","","","","",""
"cby","Canterbury-Bankstown Bulldogs","Patrick Young","Unknown","derived_bucket_range","","no_candidate_found","","","","","","","","","","","","","",""
"cby","Canterbury-Bankstown Bulldogs","Sean O'Sullivan","Unknown","derived_bucket_range","","no_candidate_found","","","","","","","","","","","","","",""
"cby","Canterbury-Bankstown Bulldogs","Zyon Maiu’u","Unknown","derived_bucket_range","","no_candidate_found","","","","","","","","","","","","","",""
"cro","Cronulla-Sutherland Sharks","Will Kennedy","Fullback","backup_baseline","1","player_specific_contract_candidate","couriermail.com.au","true","true","60","contract_or_salary_language|signing_language|term_length_language","bing-news-rss","signed_until","Fri, 05 Jun 2026 04:06:00 GMT","The Courier-Mail","","","Bulldogs secure Enari Tuala, Sharks re-sign Will Kennedy, Knights extend Origin hopeful Dylan Lucas","https://www.couriermail.com.au/sport/nrl/knights-star-dylan-lucas-inks-three-year-extension-to-stay-in-newcastle-until-the-end-of-2030/news-story/4fb4e103934c19d8e684dc816af82799","The centre/winger has inked a two-year extension before the end of his current deal which was set to expire this November. It comes after the club earlier this season also extended Connor Tracey's ..."
"cro","Cronulla-Sutherland Sharks","Sione Katoa","Winger","backup_baseline","","no_candidate_found","","","","","","","","","","","","","",""
"cro","Cronulla-Sutherland Sharks","Jesse Ramien","Centre","backup_baseline","1","player_specific_contract_candidate","espn.com.au","false","false","22","term_length_language","bing-news-rss","signed_until","Tue, 26 May 2026 10:32:00 GMT","ESPN.com","","","Sharks duo sign with Cowboys as Taulagi exit looms","https://www.espn.com.au/nrl/story/_/id/48879506/nrl-cronulla-sharks-duo-sione-katoa-jesse-ramien-sign-cowboys","North Queensland's assembly of a potent attacking backline has gone up a notch with the signings of Cronulla outside backs Sione Katoa and Jesse Ramien. The dynamic duo have both inked two-year deals ..."
"cro","Cronulla-Sutherland Sharks","KL Iro","Centre","backup_baseline","1","player_specific_contract_candidate","dailytelegraph.com.au","true","true","44","signing_language","bing-news-rss","publisher_text_dt","Tue, 02 Jun 2026 11:23:00 GMT","The Daily Telegraph","","","SuperCoach NRL: Is Alex Twal really a sell? KL Iro benched | Round 14 teams","https://www.dailytelegraph.com.au/sport/nrl/supercoach-nrl-is-alex-twal-really-a-sell-kl-iro-benched-round-14-teams/audio/0d0cbc92784ce8849ae92f0624ec36fa","Alex Twal is the most popular sell of the week but is he really a sell? Not if he only misses one week. Plus get the verdict on KL Iro's benching and the unexpected return of Mark Nawaqanitawase. Join ..."
"cro","Cronulla-Sutherland Sharks","Ronaldo Mulitalo","Winger","backup_baseline","","no_candidate_found","","","","","","","","","","","","","",""
"cro","Cronulla-Sutherland Sharks","Braydon Trindall","Five-Eighth","backup_baseline","1","player_specific_profile_candidate","msn.com","false","false","14","","bing-news-rss","team_contract","Fri, 19 Jun 2026 17:07:54 GMT","Australian Associated Press on MSN","","","Bald truth is numbers show Shark sits among NRL's elite","https://www.msn.com/en-au/sport/cricket/bald-truth-is-numbers-show-shark-sits-among-nrls-elite/ar-AA266cXx","Braydon Trindall has begun to establish himself as one of the NRL's most damaging playmakers and the statistics back it up."
"cro","Cronulla-Sutherland Sharks","Nicho Hynes","Halfback","backup_baseline","","no_candidate_found","","","","","","","","","","","","","",""
"cro","Cronulla-Sutherland Sharks","Addin Fonua-Blake","Prop","backup_baseline","1","player_specific_profile_candidate","ntnews.com.au","true","false","35","","bing-news-rss","publisher_text_dt","Sat, 27 Jun 2026 22:05:00 GMT","Northern Territory News","","","Manly Sea Eagles' Jake Trbojevic, Addin Fonua-Blake to miss NRL season start","https://www.ntnews.com.au/sport/manly-star-forwards-jake-trbojevic-and-addin-fonuablake-to-miss-start-of-next-season/news-story/b4342f5c36cf0b768274209fcd34f6de","Jake Trbojevic and Addin Fonua-Blake's long-term injuries look set to cause long-term pain to Manly, with the star Sea Eagles pair sidelined until after the start of season 2020. The Daily Telegraph ..."
"cro","Cronulla-Sutherland Sharks","Blayke Brailey","Hooker","backup_baseline","1","player_specific_profile_candidate","dailytelegraph.com.au","true","true","39","","bing-news-rss","publisher_text_dt","Sat, 20 Jun 2026 11:36:00 GMT","The Daily Telegraph","","","NRL Late Mail Round 16: Blayke Brailey cleared to return, Angus Crichton ruled out","https://www.dailytelegraph.com.au/sport/nrl/supercoach-news/nrl-late-mail-round-16-tony-sukkar-out-to-cement-spot-as-kai-pearcepaul-out-longterm/news-story/fd01c7a3b67db7f285e2683191dce3e0","Sharks star Blayke Brailey has been cleared to make a shock early return, just 20 days after having surgery on a broken arm, while a key Roosters enforcer has been ruled out. See all the Round 16 team ..."
"cro","Cronulla-Sutherland Sharks","Tom Hazleton","Prop","backup_baseline","","no_candidate_found","","","","","","","","","","","","","",""
"cro","Cronulla-Sutherland Sharks","Briton Nikora","2nd Row","backup_baseline","","no_candidate_found","","","","","","","","","","","","","",""
"cro","Cronulla-Sutherland Sharks","Teig Wilton","2nd Row","backup_baseline","","no_candidate_found","","","","","","","","","","","","","",""
"cro","Cronulla-Sutherland Sharks","Cameron McInnes","Lock","backup_baseline","1","player_specific_contract_candidate","dailytelegraph.com.au","true","true","60","contract_or_salary_language|signing_language|term_length_language","bing-news-rss","publisher_text_dt","Sat, 23 May 2026 03:56:00 GMT","The Daily Telegraph","","","Cameron McInnes to leave Sharks after 2026 season, agrees to join York Knights in Super League","https://www.dailytelegraph.com.au/sport/nrl/cameron-mcinnes-to-leave-cronulla-sharks-after-2026-season-and-join-york-knights-in-super-league/news-story/cb26b80a5a0cc10cf80effd95bd4f1f1","One of the game's toughest forwards, McInnes has agreed to join the newly-promoted York Knights on a three-year deal in the English Super League from next season. The major career decision will ..."
"cro","Cronulla-Sutherland Sharks","Cameron McInnes","Lock","backup_baseline","2","player_specific_contract_candidate","ntnews.com.au","true","false","56","contract_or_salary_language|signing_language|term_length_language","bing-news-rss","salary_contract","Sat, 23 May 2026 03:56:00 GMT","Northern Territory News","","","Cameron McInnes to leave Sharks after 2026 season, agrees to join York Knights in Super League","https://www.ntnews.com.au/sport/nrl/cameron-mcinnes-to-leave-cronulla-sharks-after-2026-season-and-join-york-knights-in-super-league/news-story/cb26b80a5a0cc10cf80effd95bd4f1f1","One of the game's toughest forwards, McInnes has agreed to join the newly-promoted York Knights on a three-year deal in the English Super League from next season. The major career decision will ..."
"cro","Cronulla-Sutherland Sharks","Cameron McInnes","Lock","backup_baseline","3","player_specific_contract_candidate","heraldsun.com.au","true","false","56","contract_or_salary_language|signing_language|term_length_language","bing-news-rss","signed_until","Sat, 23 May 2026 03:56:00 GMT","heraldsun.com.au","","","Cameron McInnes to leave Sharks after 2026 season, agrees to join York Knights in Super League","https://www.heraldsun.com.au/sport/nrl/cameron-mcinnes-to-leave-cronulla-sharks-after-2026-season-and-join-york-knights-in-super-league/news-story/cb26b80a5a0cc10cf80effd95bd4f1f1","One of the game's toughest forwards, McInnes has agreed to join the newly-promoted York Knights on a three-year deal in the English Super League from next season. The major career decision will ..."
"cro","Cronulla-Sutherland Sharks","Cameron McInnes","Lock","backup_baseline","4","player_specific_contract_candidate","smh.com.au","true","true","48","contract_or_salary_language|term_length_language","bing-news-rss","salary_contract","Thu, 07 May 2026 12:30:00 GMT","Sydney Morning Herald","","","Bears table two-year deal for NSW Origin representative","https://www.smh.com.au/sport/nrl/bears-table-two-year-deal-for-nsw-origin-representative-20260507-p5zumi.html","Perth Bears are hoping to make Cameron McInnes their biggest-name recruit to date after tabling a two-year contract for the Cronulla co-captain. McInnes, a former NSW Blues forward who is considered ..."
"cro","Cronulla-Sutherland Sharks","Cameron McInnes","Lock","backup_baseline","5","player_specific_contract_candidate","au.sports.yahoo.com","true","false","44","contract_or_salary_language|term_language","bing-news-rss","signed_until","Mon, 25 May 2026 20:31:00 GMT","Yahoo Sport Australia","","","McInnes confirms Sharks exit amid talks with one NRL club","https://au.sports.yahoo.com/mcinnes-confirms-sharks-exit-amid-033101455.html","Cronulla Sharks will say goodbye to one of the NRL's toughest veterans in Cameron McInnes as he departs from the Shire at year's end. McInnes's current contract expires at the end of 2026, with the ..."
"cro","Cronulla-Sutherland Sharks","Cameron McInnes","Lock","backup_baseline","6","player_specific_contract_candidate","theleader.com.au","false","false","22","contract_or_salary_language","bing-news-rss","salary_contract","Tue, 28 Apr 2026 08:56:00 GMT","The Leader","","","Off-contract Sharks favourite eyes NRL expansion move","https://www.theleader.com.au/story/9235127/off-contract-sharks-favourite-eyes-nrl-expansion-move/","Cameron McInnes hopes to have clarity on his future in the coming weeks admitting the prospect of being a foundation player at an NRL expansion club appeals to him. Eight months after rupturing his ..."
"cro","Cronulla-Sutherland Sharks","Cameron McInnes","Lock","backup_baseline","7","player_specific_profile_candidate","au.sports.yahoo.com","true","false","35","","bing-news-rss","signed_until","Mon, 02 Mar 2026 17:12:00 GMT","Yahoo Sport Australia","","","SIX potential landing spots for Cameron McInnes","https://au.sports.yahoo.com/six-potential-landing-spots-cameron-011239560.html","Few men in rugby league have the same blend of grit, leadership and intensity like Cameron McInnes. Dubbed the toughest man in rugby league, McInnes shows up week in, week out, putting his body on the ..."
"cro","Cronulla-Sutherland Sharks","Billy Burns","Interchange","backup_baseline","","no_candidate_found","","","","","","","","","","","","","",""
"cro","Cronulla-Sutherland Sharks","Jesse Colquhoun","Interchange","backup_baseline","1","player_specific_contract_candidate","nrl.com","true","true","53","contract_or_salary_language|signing_language|term_length_language","bing-news-rss","signed_until","Mon, 02 Mar 2026 15:59:00 GMT","National Rugby League","","","'Stay a one-club player': Loyal Colquhoun vows to deliver for Sharks","https://www.nrl.com/news/2026/03/04/stay-a-one-club-player-loyal-colquhoun-vows-to-deliver-for-sharks/","Recently re-signed Shark Jesse Colquhoun has declared his desire to finish his career a one-club player as he looks to deliver on the expectations that come with a four-year extension. The 24-year-old ..."
"cro","Cronulla-Sutherland Sharks","Sifa Talakai","Interchange","backup_baseline","","no_candidate_found","","","","","","","","","","","","","",""
"cro","Cronulla-Sutherland Sharks","Toby Rudolf","Interchange","backup_baseline","","no_candidate_found","","","","","","","","","","","","","",""
"cro","Cronulla-Sutherland Sharks","Braden Uele","Unknown","derived_bucket_range","","no_candidate_found","","","","","","","","","","","","","",""
"cro","Cronulla-Sutherland Sharks","Hohepa Puru","Unknown","derived_bucket_range","","no_candidate_found","","","","","","","","","","","","","",""
"cro","Cronulla-Sutherland Sharks","Jayden Berrell","Unknown","derived_bucket_range","","no_candidate_found","","","","","","","","","","","","","",""
"cro","Cronulla-Sutherland Sharks","Liam Ison","Unknown","derived_bucket_range","1","player_specific_contract_candidate","au.sports.yahoo.com","true","false","49","contract_or_salary_language|signing_language|term_length_language","bing-news-rss","signed_until","Wed, 06 May 2026 17:01:00 GMT","Yahoo Sport Australia","","","Sign or send: Verdicts on five off-contract NRL names","https://au.sports.yahoo.com/sign-send-verdicts-five-off-004228342.html","""Send. Perth should be his landing spot, realistically. Liam Ison hasn't been signed to play reserve grade forever. There's a very clear reason why William Kennedy was only given a one-year, cut-price ..."
"cro","Cronulla-Sutherland Sharks","Mawene Hiroti","Unknown","derived_bucket_range","","no_candidate_found","","","","","","","","","","","","","",""
"cro","Cronulla-Sutherland Sharks","Niwhai Puru","Unknown","derived_bucket_range","","no_candidate_found","","","","","","","","","","","","","",""
"cro","Cronulla-Sutherland Sharks","Oregon Kaufusi","Unknown","derived_bucket_range","","no_candidate_found","","","","","","","","","","","","","",""
"cro","Cronulla-Sutherland Sharks","Riley Jones","Unknown","derived_bucket_range","","no_candidate_found","","","","","","","","","","","","","",""
"cro","Cronulla-Sutherland Sharks","Sam Stonestreet","Unknown","derived_bucket_range","1","player_specific_contract_candidate","goldcoastbulletin.com.au","true","false","51","contract_or_salary_language|term_language","bing-news-rss","salary_contract","Fri, 29 May 2026 04:56:00 GMT","Gold Coast Sun","","","Jesse Arthars to leave Broncos at end of 2026 season, Sharks extend Sam Stonestreet","https://www.goldcoastbulletin.com.au/sport/nrl/jesse-arthars-to-leave-broncos-at-end-of-2026-season-amid-salary-cap-pressures/news-story/36664c6089176c5167538c6e9ebf24bd","Arthars will depart Red Hill at the end of 2026 after being squeezed out of the Broncos by salary cap pressures and Brisbane's log-jam of rising outside backs. Arthars, 27, has spent six seasons at ..."
"cro","Cronulla-Sutherland Sharks","Thomas Dellow","Unknown","derived_bucket_range","","no_candidate_found","","","","","","","","","","","","","",""
"cro","Cronulla-Sutherland Sharks","Tuku Hau Tapuha","Unknown","derived_bucket_range","","no_candidate_found","","","","","","","","","","","","","",""
"dol","Dolphins","Hamiso Tabuai-Fidow","Fullback","backup_baseline","1","player_specific_profile_candidate","abc.net.au","true","false","35","","bing-news-rss","team_contract","Sun, 07 Sep 2025 18:53:00 GMT","Australian Broadcasting Corporation","","","Hamiso Tabuai-Fidow to miss rugby league Test matches after suffering injury in Dolphins' final NRL games","https://www.abc.net.au/news/2025-09-08/hamiso-tabuai-fidow-to-miss-rugby-league-test-matches/105750248","Dolphins flyer Hamiso Tabuai-Fidow's knee injury will keep him out of the Pacific Championships as he was preparing to reunite with Samoa. Before the injury, speculation had swirled over whether the ..."
"dol","Dolphins","Hamiso Tabuai-Fidow","Fullback","backup_baseline","2","player_specific_profile_candidate","abc.net.au","true","false","35","","bing-news-rss","team_contract","Sat, 06 Sep 2025 18:37:00 GMT","Australian Broadcasting Corporation","","","NRL finals schedule revealed, Eels thumping hands Knights wooden spoon, Hamiso Tabuai-Fidow injured in Dolphins' big win over Raiders","https://www.abc.net.au/news/2025-09-07/nrl-live-blog-dolphins-vs-raiders-eels-vs-knights/105745290","The NRL has released the schedule for the first two weeks of the finals series, with the Storm and Bulldogs starting the playoffs on Friday night. Both elimination finals will be played on the ..."
"dol","Dolphins","Hamiso Tabuai-Fidow","Fullback","backup_baseline","3","player_specific_profile_candidate","msn.com","false","false","14","","bing-news-rss","team_contract","Fri, 10 Jul 2026 01:13:00 GMT","Australian Associated Press on MSN","","","Two Maroons guns back up for Dolphins in Shark hunt","https://www.msn.com/en-au/sport/rugby/two-maroons-guns-back-up-for-dolphins-in-shark-hunt/ar-AA27CeNn","The Dolphins will back up two of their Queensland forwards, but Hamiso Tabuai-Fidow and Selwyn Cobbo will be rested for the home clash with Cronulla."
"dol","Dolphins","Jamayne Isaako","Winger","backup_baseline","1","player_specific_contract_candidate","theaustralian.com.au","true","true","55","contract_or_salary_language|term_length_language","bing-news-rss","signed_until","Sat, 28 Mar 2026 17:00:00 GMT","The Australian","","","Dolphins flyer Jamayne Isaako signs two-year deal with Melbourne Storm","https://www.theaustralian.com.au/sport/nrl/dolphins-flyer-jamayne-isaako-signs-twoyear-deal-with-melbourne-storm/news-story/888f838b248b206ab666944e2b58b40d","The move comes as the Storm look to fill the void left by winger Will Warbrick, who is expected to finalise a multi-year deal with the New Zealand Warriors starting in 2027. Craig Bellamy's ..."
"dol","Dolphins","Jamayne Isaako","Winger","backup_baseline","2","player_specific_contract_candidate","au.sports.yahoo.com","true","false","40","signing_language","bing-news-rss","team_contract","Sat, 28 Mar 2026 17:00:00 GMT","Yahoo Sport Australia","","","Jamayne Isaako drops bombshell on Dolphins, set to quit club","https://au.sports.yahoo.com/jamayne-isaako-drops-bombshell-dolphins-030132151.html","Dolphins star winger and goal-kicker Jamayne Isaako has quit the club and will join the Melbourne Storm from the start of 2027. The consistent winger, who has been with the Dolphins since their first ..."
"dol","Dolphins","Jamayne Isaako","Winger","backup_baseline","3","player_specific_contract_candidate","illawarramercury.com.au","false","false","22","contract_or_salary_language","bing-news-rss","team_contract","Wed, 19 Nov 2025 07:55:00 GMT","Illawarra Mercury","","","'Love to stay': Isaako wants new Dolphins deal done","https://www.illawarramercury.com.au/story/9115557/love-to-stay-isaako-wants-new-dolphins-deal-done/","Dolphins point-scoring whiz Jamayne Isaako wants to get an extension done at the club but is still waiting for a contract offer to be tabled. Coach Kristian Woolf said in September that the New ..."
"dol","Dolphins","Jamayne Isaako","Winger","backup_baseline","4","player_specific_contract_candidate","canberratimes.com.au","false","false","22","contract_or_salary_language","bing-news-rss","team_contract","Wed, 19 Nov 2025 07:55:00 GMT","The Canberra Times","","","'Love to stay': Isaako wants new Dolphins deal done","https://www.canberratimes.com.au/story/9115557/love-to-stay-isaako-wants-new-dolphins-deal-done/","Dolphins point-scoring whiz Jamayne Isaako wants to get an extension done at the club but is still waiting for a contract offer to be tabled."
"dol","Dolphins","Selwyn Cobbo","Centre","backup_baseline","1","player_specific_contract_candidate","couriermail.com.au","true","true","60","contract_or_salary_language|signing_language|term_length_language","bing-news-rss","team_contract|signed_until","Tue, 21 Apr 2026 12:32:00 GMT","The Courier-Mail","","","Selwyn Cobbo rejects NRL rivals to re-sign with Dolphins on fresh one year extension","https://www.couriermail.com.au/sport/nrl/selwyn-cobbow-rejects-nrl-rivals-to-resign-with-dolphins-on-fresh-one-year-extension/news-story/33b89a228df4d38ecac7c6cd0989b4f3","The former Broncos flyer has inked a one-year extension with the Dolphins for the 2027 season ahead of Saturday's away trip to face the Warriors in Wellington. Cobbo was thrown a lifeline by the ..."
"dol","Dolphins","Selwyn Cobbo","Centre","backup_baseline","2","player_specific_contract_candidate","themercury.com.au","true","false","56","contract_or_salary_language|signing_language|term_length_language","bing-news-rss","signed_until","Tue, 21 Apr 2026 12:32:00 GMT","The Mercury","","","Selwyn Cobbo rejects NRL rivals to re-sign with Dolphins on fresh one year extension","https://www.themercury.com.au/sport/nrl/selwyn-cobbow-rejects-nrl-rivals-to-resign-with-dolphins-on-fresh-one-year-extension/news-story/33b89a228df4d38ecac7c6cd0989b4f3","He was handed a one-year NRL lifeline to join the Dolphins after falling out of favour at the Broncos, and now former Queensland Origin star Selwyn Cobbo has made a call on his future. The former ..."
"dol","Dolphins","Selwyn Cobbo","Centre","backup_baseline","3","player_specific_contract_candidate","au.news.yahoo.com","true","false","44","contract_or_salary_language|term_length_language","bing-news-rss","salary_contract","Tue, 21 Apr 2026 07:33:00 GMT","Yahoo News Australia","","","Blow for Brisbane Broncos fans after outside back inks NRL deal with Dolphins for 2027","https://au.news.yahoo.com/blow-for-brisbane-broncos-fans-after-outside-back-inks-nrl-deal-with-dolphins-for-2027-213251307.html","Add Yahoo as a preferred source to see more of our stories on Google. Broncos fans hoping that Selwyn Cobbo's stint at the Dolphins would only be a one-year affair have been left sorely disappointed ..."
"dol","Dolphins","Selwyn Cobbo","Centre","backup_baseline","4","player_specific_contract_candidate","thechronicle.com.au","false","false","42","contract_or_salary_language|signing_language|term_length_language","bing-news-rss","team_contract","Tue, 21 Apr 2026 12:32:00 GMT","The Toowoomba Chronicle","","","Selwyn Cobbo rejects NRL rivals to re-sign with Dolphins on fresh one year extension","https://www.thechronicle.com.au/sport/nrl/selwyn-cobbow-rejects-nrl-rivals-to-resign-with-dolphins-on-fresh-one-year-extension/news-story/33b89a228df4d38ecac7c6cd0989b4f3","He was handed a one-year NRL lifeline to join the Dolphins after falling out of favour at the Broncos, and now former Queensland Origin star Selwyn Cobbo has made a call on his future. The former ..."
"dol","Dolphins","Selwyn Cobbo","Centre","backup_baseline","5","player_specific_profile_candidate","couriermail.com.au","true","true","39","","bing-news-rss","team_contract","Mon, 02 Mar 2026 05:34:00 GMT","The Courier-Mail","","","Selwyn Cobbo targeted by NRL rivals, Dolphins coach Kristian Woolf a key figure in retaining the former Origin star","https://www.couriermail.com.au/sport/nrl/selwyn-cobbo-targeted-by-nrl-rivals-dolphins-coach-kristian-woolf-a-key-figure-in-retaining-the-former-origin-star/news-story/1e21c38caad0715e83a412b066f124d7","But Cobbo's manager says the former Broncos flyer is relishing his opening months at the Dolphins and believes coach Kristian Woolf shapes as a trump card in keeping the matchwinner at Redcliffe for ..."
"dol","Dolphins","Herbie Farnworth","Centre","backup_baseline","1","player_specific_salary_candidate","news.com.au","true","true","62","money|contract_or_salary_language","bing-news-rss","signed_until","Thu, 02 Apr 2026 13:25:00 GMT","Couriermail","","","Dolphins star Herbie Farnworth being circled by NRL powerhouse","https://www.news.com.au/sport/nrl/dolphins-star-herbie-farnworth-being-circled-by-nrl-powerhouse/news-story/dd116401a460bcb7a24bf81d061041a0","One of the stars of the NRL on a reported salary of around $1 million a season, rumours have emerged linking Farnworth to the Sydney Roosters. Watch every game of every round of the Premiership Season ..."
"dol","Dolphins","Herbie Farnworth","Centre","backup_baseline","2","player_specific_salary_candidate","townsvillebulletin.com.au","true","false","58","money|contract_or_salary_language","bing-news-rss","signed_until","Thu, 02 Apr 2026 12:25:00 GMT","Townsville Bulletin","","","Dolphins star Herbie Farnworth being circled by NRL powerhouse","https://www.townsvillebulletin.com.au/sport/nrl/dolphins-star-herbie-farnworth-being-circled-by-nrl-powerhouse/news-story/dd116401a460bcb7a24bf81d061041a0","One of the bright young star's of the league has found himself in the rumour mill with an NRL powerhouse reportedly circling. One of the stars of the NRL on a reported salary of around $1 million a ..."
"dol","Dolphins","Herbie Farnworth","Centre","backup_baseline","3","player_specific_salary_candidate","goldcoastbulletin.com.au","true","false","50","money","bing-news-rss","team_contract","Wed, 10 Jun 2026 19:05:00 GMT","Gold Coast Sun","","","Dolphins fear star centre Herbie Farnworth could be lost to the Sydney Roosters | Sport Confidential","https://www.goldcoastbulletin.com.au/sport/nrl/kangaroos-launch-bid-for-payne-haas-to-defect-from-samoa-ahead-of-world-cup/news-story/0ff5db1fe64e5d6e36f16715efc2f7c2","The Dolphins are preparing to fight a fierce $1 million bidding war to re-sign star centre Herbie Farnworth, amid fears the English international could be lost to a rival Sydney club. The in-form ..."
"dol","Dolphins","Herbie Farnworth","Centre","backup_baseline","4","player_specific_contract_candidate","au.sports.yahoo.com","true","false","43","contract_or_salary_language","bing-news-rss","salary_contract","Thu, 11 Jun 2026 17:00:00 GMT","Yahoo Sport Australia","","","Dolphins facing uphill battle to retain Herbie Farnworth","https://au.sports.yahoo.com/dolphins-facing-uphill-battle-retain-024939288.html","The Dolphins face the prospect of losing one of the game's most elite players, with fears Herbie Farnworth is keen to test his worth on the open market for a 2028 contract. Farnworth is contracted ..."
"dol","Dolphins","Herbie Farnworth","Centre","backup_baseline","5","player_specific_contract_candidate","townsvillebulletin.com.au","true","false","43","contract_or_salary_language","bing-news-rss","team_contract","Tue, 19 Sep 2023 11:58:00 GMT","Townsville Bulletin","","","NRL 2023: Broncos star Herbie Farnworth reveals underwhelming contract offer behind Dolphins move","https://www.townsvillebulletin.com.au/sport/nrl/nrl-2023-broncos-star-herbie-farnworth-reveals-underwhelming-contract-offer-behind-dolphins-move/news-story/96fca1fe420ceff320d29cb4f60ce0fc","Dolphins defector Farnworth opened up about his reasons for quitting Brisbane as he prepares for what he hopes is his penultimate Broncos game in Saturday night's preliminary final against the ..."
"dol","Dolphins","Herbie Farnworth","Centre","backup_baseline","6","player_specific_contract_candidate","au.sports.yahoo.com","true","false","43","contract_or_salary_language","bing-news-rss","team_contract","Tue, 23 Jun 2026 01:28:00 GMT","Yahoo Sports Australia","","","""Haven't spoken, haven't heard"": Herbie Farnworth provides contract update, speaks on Roosters link","https://au.sports.yahoo.com/haven-t-spoken-haven-t-082836162.html","Dolphins star Herbie Farnworth has confirmed he has not been in talks with the Sydney Roosters, despite being heavily linked to the club from the start of 2028. The centre is off-contract at the end ..."
"dol","Dolphins","Herbie Farnworth","Centre","backup_baseline","7","player_specific_contract_candidate","au.sports.yahoo.com","true","false","36","contract_or_salary_language","bing-news-rss","team_contract|signed_until","Wed, 25 Mar 2026 17:00:00 GMT","Yahoo Sport Australia","","","Farnworth takes shot at Broncos, talks Dolphins contract extension","https://au.sports.yahoo.com/farnworth-takes-shot-broncos-talks-060040871.html","Dolphins centre Herbie Farnworth was always a good player at the Brisbane Broncos, but after moving to the Dolphins, he has developed into one of the NRL's most impactful centres. His direct try ..."
"dol","Dolphins","Herbie Farnworth","Centre","backup_baseline","8","player_specific_profile_candidate","couriermail.com.au","true","true","39","","bing-news-rss","salary_contract|team_contract|signed_until","Tue, 23 Jun 2026 12:03:00 GMT","The Courier-Mail","","","Herbie Farnworth focused on Dolphins' push for historic premiership amid speculation on NRL future","https://www.couriermail.com.au/sport/nrl/herbie-farnworth-focused-on-dolphins-push-for-historic-premiership-amid-speculation-on-nrl-future/news-story/9af6ed2e3c370d5e92d9981b5fa59ff4","The Dolphins in-form centre — some say the best in his position in the world — is set to be a man in demand when he becomes a free agent on November 1 but has delivered a strong hint he wants to stay ..."
"dol","Dolphins","Jack Bostock","Winger","backup_baseline","","no_candidate_found","","","","","","","","","","","","","",""
"dol","Dolphins","Kodi Nikorima","Five-Eighth","backup_baseline","1","player_specific_contract_candidate","dailytelegraph.com.au","true","true","47","contract_or_salary_language","bing-news-rss","publisher_text_dt","Fri, 30 Apr 2021 11:56:00 GMT","The Daily Telegraph","","","NRL: Kodi Nikorima recommits to New Zealand Warriors","https://www.dailytelegraph.com.au/sport/nrl/nrl-kodi-nikorima-recommits-to-new-zealand-warriors/news-story/87f0e46ed56dfdb03f57b698cafcd54c","Nikorima has taken up a player option on his contract, allowing him to continue playing for the Warriors into next season. Born in New Zealand, Nikorima has made 40 appearances for the Warriors since ..."
"dol","Dolphins","Kodi Nikorima","Five-Eighth","backup_baseline","2","player_specific_contract_candidate","au.sports.yahoo.com","true","false","36","contract_or_salary_language","bing-news-rss","team_contract","Mon, 22 Jun 2026 00:10:00 GMT","Yahoo Sports Australia","","","""Will know soon"": Nikorima provides contract update as negotiations continue","https://au.sports.yahoo.com/know-soon-nikorima-provides-contract-071028051.html","Kodi Nikorima has entered extension talks with the Dolphins amid whispers of his departure and a potential Super League switch. The negotiations add further intrigue to who takes the Dolphins' number ..."
"dol","Dolphins","Kodi Nikorima","Five-Eighth","backup_baseline","3","player_specific_contract_candidate","au.sports.yahoo.com","true","false","36","contract_or_salary_language","bing-news-rss","team_contract","Wed, 17 Jun 2026 17:00:00 GMT","Yahoo Sport Australia","","","Dolphins extension looming whilst another star emerges in Origin conversation","https://au.sports.yahoo.com/dolphins-extension-looming-whilst-another-233428652.html","Kodi Nikorima has entered extension talks with the Dolphins amid whispers of his departure and a potential Super League switch. The negotiations add further intrigue to who takes the Dolphins' number ..."
"dol","Dolphins","Kodi Nikorima","Five-Eighth","backup_baseline","4","player_specific_contract_candidate","msn.com","false","false","22","term_length_language","bing-news-rss","team_contract","Sat, 11 Jul 2026 19:11:57 GMT","Zero Tackle on MSN","","","Rabbitohs plan to make a play for Dolphins veteran half","https://www.msn.com/en-au/sport/nhl/rabbitohs-plan-to-make-a-play-for-dolphins-veteran-half/ar-AA27IiPX","Kodi Nikorima remains unsigned for 2027, and there is one team in the NRL that has expressed interest in the 32-year-old. The Daily Telegraph reports that Wayne Bennett is intrigued by the prospect of ..."
"dol","Dolphins","Kodi Nikorima","Five-Eighth","backup_baseline","5","player_specific_contract_candidate","espn.co.uk","false","false","22","contract_or_salary_language","bing-news-rss","team_contract","Thu, 25 Jun 2026 22:11:00 GMT","ESPN United Kingdom","","","Woolf answers Dolphins 2027 halves puzzle","https://www.espn.co.uk/nrl/story/_/id/49182473/nrl-report-dolphins-coach-kristian-woolf-answers-2027-halves-puzzle","The Dolphins hope to get a contract extension done for in-form five-eighth Kodi Nikorima despite the arrival of England playmaker George Williams in 2027."
"dol","Dolphins","Kodi Nikorima","Five-Eighth","backup_baseline","6","player_specific_contract_candidate","msn.com","false","false","22","contract_or_salary_language","bing-news-rss","team_contract","Thu, 25 Jun 2026 18:22:54 GMT","Australian Associated Press on MSN","","","Room for two: Woolf answers Dolphins 2027 halves puzzle","https://www.msn.com/en-au/sport/afl/room-for-two-woolf-answers-dolphins-2027-halves-puzzle/ar-AA26yUTG","Dolphins coach Kristian Woolf hopes a new deal for No.6 Kodi Nikorima can be done and insists there is room for him and England star George Williams in 2027."
"dol","Dolphins","Isaiya Katoa","Halfback","backup_baseline","1","player_specific_profile_candidate","couriermail.com.au","true","true","39","","bing-news-rss","team_contract","Sat, 07 Mar 2026 07:00:00 GMT","The Courier-Mail","","","Isaiya Katoa reveals how Reece Walsh's Broncos title heroics have inspired him to deliver a Dolphins premiership","https://www.couriermail.com.au/sport/nrl/isaiya-katoa-reveals-how-reece-walshs-broncos-title-heroics-have-inspired-him-to-deliver-a-dolphins-premiership/news-story/5ddca05af838bc8ff1ccb9e6653cebcb","Katoa launches his 2026 campaign in Sunday's clash at Suncorp Stadium against South Sydney, a side coached by his former mentor Wayne Bennett, and all eyes will be on the Tongan Test sensation. There ..."
"dol","Dolphins","Daniel Saifiti","Prop","backup_baseline","1","player_specific_profile_candidate","abc.net.au","true","false","35","","bing-news-rss","team_contract","Sun, 03 May 2026 17:00:00 GMT","Australian Broadcasting Corporation","","","Dolphins prop Daniel Saifiti retires from NRL due to ongoing shoulder problems","https://www.abc.net.au/news/2026-05-04/saifiti-medically-retires-due-to-shoulder-issue/106638868","Daniel Saifiti has played his last NRL game after rehab on a chronically injured shoulder failed to allow him to return to the field. Saifiti joined the Dolphins in 2025 and played eight games after a ..."
"dol","Dolphins","Jeremy Marshall-King","Hooker","backup_baseline","","no_candidate_found","","","","","","","","","","","","","",""
"dol","Dolphins","Thomas Flegler","Prop","backup_baseline","","no_candidate_found","","","","","","","","","","","","","",""
"dol","Dolphins","Felise Kaufusi","2nd Row","backup_baseline","1","player_specific_contract_candidate","brisbanetimes.com.au","false","false","22","contract_or_salary_language","bing-news-rss","signed_until","Thu, 29 Jan 2026 13:13:00 GMT","Brisbane Times","","","Standout 2025 Dolphin who needed two needles a game among players facing NRL exile","https://www.brisbanetimes.com.au/sport/nrl/standout-2025-dolphin-who-needed-two-needles-a-game-among-players-facing-nrl-exile-20260129-p5nxz6.html","Dolphins enforcer Felise Kaufusi believes the allure of achieving ""something special"" will keep his off-contract teammates from being lured to rival outfits, despite the looming selection battle that ..."
"dol","Dolphins","Felise Kaufusi","2nd Row","backup_baseline","2","player_specific_profile_candidate","portnews.com.au","false","false","14","","bing-news-rss","team_contract","Tue, 21 Mar 2023 15:16:00 GMT","Port Macquarie News","","","Dolphins' Kaufusi, Storm's Hughes cop NRL bans","https://www.portnews.com.au/story/8130463/dolphins-kaufusi-storms-hughes-cop-nrl-bans/whats-on/","Dolphins forward Felise Kaufusi doesn't believe his previous brushes with the NRL judiciary led to him receiving a four-game suspension that has rubbed him out of Friday's blockbuster Brisbane derby ..."
"dol","Dolphins","Kulikefu Finefeuiaki","2nd Row","backup_baseline","","no_candidate_found","","","","","","","","","","","","","",""
"dol","Dolphins","Tom Gilbert","Lock","backup_baseline","1","player_specific_contract_candidate","geelongadvertiser.com.au","true","false","51","contract_or_salary_language|term_length_language","bing-news-rss","team_contract","Tue, 26 Apr 2022 07:52:00 GMT","Geelong Advertiser","","","NRL transfer news: Dolphins sign Tom Gilbert from Cowboys on three-year deal","https://www.geelongadvertiser.com.au/sport/nrl/nrl-transfer-news-dolphins-sign-tom-gilbert-from-cowboys-on-threeyear-deal/news-story/cd80cf9df7c937bfd7052a527b9e2492","A week after missing out on Knights superstar Kalyn Ponga, the Dolphins have bolstered their long-term future with the acquisition of the off-contract Gilbert. At 21, Gilbert has a bright career in ..."
"dol","Dolphins","Kurt Donoghoe","Interchange","backup_baseline","1","player_specific_contract_candidate","illawarramercury.com.au","false","false","30","contract_or_salary_language|term_language","bing-news-rss","team_contract","Wed, 04 Feb 2026 04:14:00 GMT","Illawarra Mercury","","","Donoghoe has nose for NSW after Dolphins extension","https://www.illawarramercury.com.au/story/9167785/donoghoe-has-nose-for-nsw-after-dolphins-extension/","Dolphins utility Kurt Donoghoe has set his sights on a NSW jersey after inking an extension until the end of 2028. The Newcastle-born 1980s-style tough nut, who was on the club's books until 2027, has ..."
"dol","Dolphins","Kurt Donoghoe","Interchange","backup_baseline","2","player_specific_profile_candidate","goldcoastbulletin.com.au","true","false","35","","bing-news-rss","team_contract","Thu, 07 Aug 2025 17:00:00 GMT","Gold Coast Sun","","","Dolphins' Kurt Donoghoe mounting a case to be considered the toughest player in the NRL","https://www.goldcoastbulletin.com.au/sport/nrl/dolphins-kurt-donoghoe-mounting-a-case-to-be-considered-the-toughest-player-in-the-nrl/news-story/5b9a5e23b79853c2e684111b2240e37c","In a nightmare season beset by injuries, the Dolphins have unearthed a lock forward who has a genuine claim to be considered the toughest player in the NRL. Donoghoe has produced a breakout season for ..."
"dol","Dolphins","Connelly Lemuelu","Interchange","backup_baseline","1","player_specific_contract_candidate","brisbanetimes.com.au","false","false","30","contract_or_salary_language|term_language","bing-news-rss","team_contract","Tue, 16 Dec 2025 01:29:00 GMT","Brisbane Times","","","'Point to prove': Cobbo clue revealed as breakout star kept from Bears' grasp","https://www.brisbanetimes.com.au/sport/nrl/breakout-star-kept-out-of-bears-clutches-as-cobbo-clue-revealed-20251216-p5no14.html","The Dolphins have kept breakout forward Connelly Lemuelu out of the Perth Bears' clutches, securing the backrower on a contract extension to the end of 2027. Lemuelu had been a free agent since ..."
"dol","Dolphins","Max Plath","Interchange","backup_baseline","","no_candidate_found","","","","","","","","","","","","","",""
"dol","Dolphins","Morgan Knowles","Interchange","backup_baseline","","no_candidate_found","","","","","","","","","","","","","",""
"dol","Dolphins","Jake Averillo","Unknown","derived_bucket_range","1","player_specific_salary_candidate","adelaidenow.com.au","true","false","58","money|contract_or_salary_language","bing-news-rss","team_contract","Sun, 22 Feb 2026 16:00:00 GMT","Adelaide Now","","","Las Vegas Confidential: Clubs battling for Jake Averillo's signature | Inside the Bulldogs' $20,000 night","https://www.adelaidenow.com.au/sport/nrl/las-vegas-confidential-inside-the-bulldogs-20000-las-vegas-night-matt-lodge-mystery-solved/news-story/cdad3cf6c2dbaad42960fe4b84a4187a","Dragons officials have held talks with a versatile Dolphins star who is off contract at the end of the season, but will have to fight to secure his signature amid interest from other clubs. LAS VEGAS ..."
"dol","Dolphins","Jake Averillo","Unknown","derived_bucket_range","2","player_specific_profile_candidate","au.news.yahoo.com","true","false","49","contract_or_salary_language|signing_language|term_length_language","bing-news-rss","team_contract|signed_until","Tue, 23 Jun 2026 16:59:00 GMT","Yahoo News Australia","","","Wests Tigers continue signing spree as NRL club inks deal with replacement for Jarome Luai","https://au.news.yahoo.com/wests-tigers-continue-signing-spree-as-nrl-club-inks-deal-with-replacement-for-jarome-luai-234639107.html","The Wests Tigers have confirmed the signing of Jake Averillo on a four-year deal from 2027 as a potential long-term replacement for Jarome Luai. Tigers five-eighth Luai will join the PNG Chiefs in ..."
"dol","Dolphins","Jake Averillo","Unknown","derived_bucket_range","3","player_specific_profile_candidate","au.news.yahoo.com","true","false","36","contract_or_salary_language","bing-news-rss","salary_contract|team_contract","Wed, 03 Jun 2026 17:00:00 GMT","Yahoo News Australia","","","Wests Tigers sign Jarome Luai replacement as Knights ink deal with State of Origin player","https://au.news.yahoo.com/wests-tigers-sign-jarome-luai-replacement-as-knights-ink-deal-with-state-of-origin-player-061024582.html","Add Yahoo as a preferred source to see more of our stories on Google. The Wests Tigers are set to sign Dolphins back Jake Averillo as a potential replacement for Jarome Luai when he exits the NRL club ..."
"dol","Dolphins","Brad Schneider","Unknown","derived_bucket_range","1","player_specific_profile_candidate","townsvillebulletin.com.au","true","false","35","","bing-news-rss","team_contract","Wed, 13 Aug 2025 16:37:00 GMT","Townsville Bulletin","","","Market Watch: Dolphins sign 2024 premiership winner Brad Schneider","https://www.townsvillebulletin.com.au/sport/nrl/market-watch-dolphins-sign-2024-premiership-winner-brad-schneider/news-story/fe1c6772a6306cd4897946cfd89fbfb7","Having aborted their pursuit of English playmaker George Williams, the Dolphins have instead turned to the reigning four-time premiers. Schneider will head to Redcliffe for the 2026 season as a ..."
"dol","Dolphins","Brian Pouniu","Unknown","derived_bucket_range","","no_candidate_found","","","","","","","","","","","","","",""
"dol","Dolphins","Elijah Rasmussen","Unknown","derived_bucket_range","","no_candidate_found","","","","","","","","","","","","","",""
"dol","Dolphins","Francis Molo","Unknown","derived_bucket_range","1","player_specific_salary_candidate","au.sports.yahoo.com","true","false","58","money|contract_or_salary_language","bing-news-rss","team_contract|signed_until","Mon, 16 Mar 2026 16:59:00 GMT","Yahoo Sport Australia","","","Francis Molo makes surprise NRL contract call","https://au.sports.yahoo.com/francis-molo-makes-surprise-nrl-005908336.html","Dolphins forward Francis Molo is set to re-sign with the club on a deal worth $1 million over the next two years. The Dolphins, who see him as a key part of their middle third rotation, have been in ..."
"dol","Dolphins","Francis Molo","Unknown","derived_bucket_range","2","player_specific_contract_candidate","au.sports.yahoo.com","true","false","36","contract_or_salary_language","bing-news-rss","team_contract","Mon, 01 Jun 2026 16:33:00 GMT","Yahoo Sport Australia","","","Dolphins confirm extension of international forward","https://au.sports.yahoo.com/dolphins-confirm-extension-international-forward-233311156.html","The Dolphins have moved to re-sign an integral part of their engine room, extending Francis Molo at the club for an extra two years. With 161 games of NRL experience, Molo is a key aspect of the ..."
"dol","Dolphins","Francis Molo","Unknown","derived_bucket_range","3","player_specific_contract_candidate","illawarramercury.com.au","false","false","30","contract_or_salary_language|term_length_language","bing-news-rss","team_contract","Tue, 02 Jun 2026 07:49:00 GMT","Illawarra Mercury","","","Sober for three years: Molo strikes new Dolphins deal","https://www.illawarramercury.com.au/story/9277381/sober-for-three-years-molo-strikes-new-dolphins-deal/","Dolphins prop Francis Molo credited his decision to quit alcohol as a turning point in his life as he inked a new two-year extension. The 31-year-old powerhouse will now be on board at the Dolphins ..."
"dol","Dolphins","Francis Molo","Unknown","derived_bucket_range","4","player_specific_contract_candidate","canberratimes.com.au","false","false","30","contract_or_salary_language|term_length_language","bing-news-rss","team_contract","Tue, 02 Jun 2026 07:49:00 GMT","The Canberra Times","","","Sober for three years: Molo strikes new Dolphins deal","https://www.canberratimes.com.au/story/9277381/sober-for-three-years-molo-strikes-new-dolphins-deal/","Dolphins prop Francis Molo credited his decision to quit alcohol as a turning point in his life as he inked a new two-year extension."
"dol","Dolphins","Francis Molo","Unknown","derived_bucket_range","5","player_specific_profile_candidate","ntnews.com.au","true","false","35","","bing-news-rss","signed_until","Tue, 16 Mar 2021 04:59:00 GMT","Northern Territory News","","","NRL 2021: St George Illawarra sign prop Francis Molo from Cowboys days before Round 2 clash","https://www.ntnews.com.au/sport/nrl-2021-st-george-illawarra-sign-prop-francis-molo-from-cowboys-days-before-round-2-clash/news-story/7084dae975e6672c7c427dcfd3794f3b","The Dragons will add another Queensland recruit next year, and in a twist of fate, the big Cowboy will take on his future teammates this weekend. News Corp can reveal Molo will quit North Queensland ..."
"dol","Dolphins","LJ Nonu","Unknown","derived_bucket_range","","no_candidate_found","","","","","","","","","","","","","",""
"dol","Dolphins","Oryn Keeley","Unknown","derived_bucket_range","1","player_specific_contract_candidate","au.sports.yahoo.com","true","false","41","contract_or_salary_language|signing_language","bing-news-rss","team_contract","Sun, 28 Jun 2026 17:14:00 GMT","Yahoo Sports Australia","","","Deadline deal: Storm and Dolphins agree to immediate swap","https://au.sports.yahoo.com/deadline-deal-storm-dolphins-agree-001307060.html","The Melbourne Storm and Dolphins have agreed to an immediate switch of clubs for Oryn Keeley just 48 hours out from the NRL's in-season player movement deadline. Keeley, a second-rower, had already ..."
"dol","Dolphins","Ray Stone","Unknown","derived_bucket_range","","no_candidate_found","","","","","","","","","","","","","",""
"dol","Dolphins","Sebastian Su’a","Unknown","derived_bucket_range","1","player_specific_profile_candidate","abc.net.au","true","false","35","","bing-news-rss","team_contract","Wed, 04 Feb 2026 07:13:00 GMT","Australian Broadcasting Corporation","","","NRL rookie Sebastian Su'a poised for breakout year after injury-plagued 2025 season with Dolphins","https://www.abc.net.au/news/2026-02-05/nrl-rookie-sebastian-su-a-poised-for-breakout-year/106307552","Dolphins young forward Sebastian Su'a is poised for a breakout year in 2026 after suffering an injury in 2025. He has been with the Dolphins since March of 2025 after playing one NRL match for the ..."
"dol","Dolphins","Sebastian Su’a","Unknown","derived_bucket_range","2","player_specific_profile_candidate","adelaidenow.com.au","true","false","35","","bing-news-rss","team_contract","Thu, 05 Feb 2026 10:08:00 GMT","Adelaide Now","","","Dolphins rising star Sebastian Su'a poised for breakout season in 2026","https://www.adelaidenow.com.au/sport/nrl/dolphins-rising-star-sebastian-sua-poised-for-breakout-season-in-2026/news-story/894eca6b38e232f3a771a6f1550162f1","Newcastle recruit Sebastian Su'a has recovered from a knee injury and looks set to make his Redcliffe debut in the 2026 NRL Premiership. The son of former New Zealand Test cricketer Murphy Su'a, 'Seb' ..."
"dol","Dolphins","Tevita Naufahu","Unknown","derived_bucket_range","1","player_specific_contract_candidate","nrl.com","true","true","47","contract_or_salary_language","bing-news-rss","team_contract","Fri, 08 Aug 2025 17:00:00 GMT","National Rugby League","","","Tevita Naufahu is quite the finisher","https://www.nrl.com/news/2025/08/10/tevita-naufahu-is-quite-the-finisher/","National Rugby League respects and honours the Traditional Custodians of the land and pay our respects to their Elders past, present and future. We acknowledge the stories, traditions and living ..."
"dol","Dolphins","Trai Fuller","Unknown","derived_bucket_range","1","player_specific_salary_candidate","theaustralian.com.au","true","true","75","money|contract_or_salary_language|signing_language|term_length_language","bing-news-rss","salary_contract","Thu, 23 Apr 2026 23:00:00 GMT","The Australian","","","Dolphins star Trai Fuller rejects $1.7m English Super League contract to stay in NRL","https://www.theaustralian.com.au/sport/nrl/dolphins-star-trai-fuller-rejects-17m-english-super-league-contract-to-stay-in-nrl/news-story/143eac95d2568c2af0408df6ddc1aa07","This masthead can reveal Fuller's remarkable salary sacrifice on the eve of the Dolphins' crucial round 8 clash against the Warriors in Wellington on Saturday. The 29-year-old remains off-contract at ..."
"dol","Dolphins","Trai Fuller","Unknown","derived_bucket_range","2","player_specific_salary_candidate","cairnspost.com.au","true","false","71","money|contract_or_salary_language|signing_language|term_length_language","bing-news-rss","team_contract","Fri, 24 Apr 2026 09:01:00 GMT","The Cairns Post","","","Dolphins star Trai Fuller rejects $1.7m English Super League contract to stay in NRL","https://www.cairnspost.com.au/sport/nrl/dolphins-star-trai-fuller-rejects-17m-english-super-league-contract-to-stay-in-nrl/news-story/143eac95d2568c2af0408df6ddc1aa07","This masthead can reveal Fuller's remarkable salary sacrifice on the eve of the Dolphins' crucial round 8 clash against the Warriors in Wellington on Saturday. The 29-year-old remains off-contract at ..."
"dol","Dolphins","Trai Fuller","Unknown","derived_bucket_range","3","player_specific_salary_candidate","themercury.com.au","true","false","63","money|contract_or_salary_language|signing_language","bing-news-rss","salary_contract|team_contract|signed_until","Fri, 24 Apr 2026 09:01:00 GMT","The Mercury","","","Dolphins star Trai Fuller rejects $1.7m English Super League contract to stay in NRL","https://www.themercury.com.au/sport/nrl/dolphins-star-trai-fuller-rejects-17m-english-super-league-contract-to-stay-in-nrl/news-story/143eac95d2568c2af0408df6ddc1aa07","Dolphins star Trai Fuller has turned down an extraordinary $1.2 million in the English Super League, in a bid to stay in the NRL and secure his future with Redcliffe. This masthead can reveal Fuller's ..."
"dol","Dolphins","Trai Fuller","Unknown","derived_bucket_range","4","player_specific_contract_candidate","theaustralian.com.au","true","true","52","contract_or_salary_language|signing_language","bing-news-rss","salary_contract","Wed, 08 Apr 2026 15:19:00 GMT","The Australian","","","Dolphins star Trai Fuller rejects approach from Dragons as offer falls short | Sport Confidential","https://www.theaustralian.com.au/sport/nrl/nrl-rules-out-potential-salary-cap-relief-for-injuryplagued-parramatta-eels-sport-confidential/news-story/7de2d67b10b67a0b0adc14aa45a4314f","The Dragons were keen on adding Fuller for the rest of the season however his camp wanted next year included in any potential move. With his partner pregnant, Fuller was not keen on making a ..."
"dol","Dolphins","Trai Fuller","Unknown","derived_bucket_range","5","player_specific_contract_candidate","au.news.yahoo.com","true","false","36","contract_or_salary_language","bing-news-rss","team_contract","Tue, 09 Jun 2026 03:30:00 GMT","Yahoo News Australia","","","Dolphins over dollars: Trai's cup Fuller with new deal","https://au.news.yahoo.com/dolphins-over-dollars-trais-cup-173000194.html","Add Yahoo as a preferred source to see more of our stories on Google. Trai Fuller is too good not to be playing regular NRL but the dynamic fullback has still spurned a multi-million dollar offer from ..."
"gld","Gold Coast Titans","Keano Kini","Fullback","backup_baseline","1","player_specific_profile_candidate","ntnews.com.au","true","false","35","","bing-news-rss","team_contract","Sat, 06 Jun 2026 15:13:00 GMT","Northern Territory News","","","NRL Round 14: Keano Kini steals victory as Gold Coast Titans win 28-23 over Brisbane Broncos","https://www.ntnews.com.au/sport/nrl/nrl-round-14-keano-kini-steals-victory-as-gold-coast-titans-win-2823-over-brisbane-broncos/news-story/db3b0bb3d1d5f09b73358319fc9af389","In arguably the greatest M1 derby of all-time, Kini conjured an epic 55-metre chip-and-chase try to snatch a famous Titans victory and leave the Broncos' title hopes on life support before 41,087 ..."
"gld","Gold Coast Titans","Keano Kini","Fullback","backup_baseline","2","player_specific_profile_candidate","cairnspost.com.au","true","false","35","","bing-news-rss","team_contract","Sat, 06 Jun 2026 15:13:00 GMT","The Cairns Post","","","NRL Round 14: Keano Kini steals victory as Gold Coast Titans win 28-23 over Brisbane Broncos","https://www.cairnspost.com.au/sport/nrl/nrl-round-14-keano-kini-steals-victory-as-gold-coast-titans-win-2823-over-brisbane-broncos/news-story/db3b0bb3d1d5f09b73358319fc9af389","This time last year, the Broncos donned their black jerseys and blew the Titans away to reignite their premiership push. But now their hopes are in tatters, as the Titans got their revenge with a try ..."
"gld","Gold Coast Titans","Jaylan De Groot","Winger","backup_baseline","","no_candidate_found","","","","","","","","","","","","","",""
"gld","Gold Coast Titans","Jojo Fifita","Centre","backup_baseline","","no_candidate_found","","","","","","","","","","","","","",""
"gld","Gold Coast Titans","Phillip Sami","Centre","backup_baseline","1","player_specific_contract_candidate","goldcoastbulletin.com.au","true","false","43","term_length_language","bing-news-rss","team_contract","Tue, 19 Nov 2019 04:37:00 GMT","Gold Coast Sun","","","Titans secure key piece of club's future in flyer Phillip Sami","https://www.goldcoastbulletin.com.au/sport/titans-secure-key-piece-of-clubs-future-in-flyer-phillip-sami/news-story/8412b20f0c2e92d61e8761d80b6dc887","Gold Coast have beaten off a number of interested NRL rivals to lock in 22-year-old flyer Phillip Sami to the club, with enforcer Jai Arrow next on their retention list. It comes as clubs begin ..."
"gld","Gold Coast Titans","Max Feagai","Winger","backup_baseline","","no_candidate_found","","","","","","","","","","","","","",""
"gld","Gold Coast Titans","AJ Brimson","Five-Eighth","backup_baseline","1","player_specific_salary_candidate","themercury.com.au","true","false","50","money","bing-news-rss","team_contract","Fri, 11 Sep 2020 08:51:00 GMT","The Mercury","","","NRL 2020: AJ Brimson turned down Sydney moves, sacrificed $500,000 to remain with Titans","https://www.themercury.com.au/sport/nrl/nrl-2020-aj-brimson-turned-down-sydney-moves-sacrificed-500000-to-remain-with-titans/news-story/3d299533a35b8ca68293d7de64ffa1b2","Brimson has emerged as one of the NRL's form players and will look to inflict more pain on the Broncos club that snubbed him as a junior when the Titans tackle Brisbane at Cbus Super Stadium on ..."
"gld","Gold Coast Titans","AJ Brimson","Five-Eighth","backup_baseline","2","player_specific_contract_candidate","geelongadvertiser.com.au","true","false","43","contract_or_salary_language","bing-news-rss","team_contract","Mon, 25 Nov 2019 08:00:00 GMT","Geelong Advertiser","","","Gold Coast extend contract of promising playmaker AJ Brimson","https://www.geelongadvertiser.com.au/sport/gold-coast-extend-contract-of-promising-playmaker-aj-brimson/news-story/e6544762c56560365f488aa196e4bf7d","Gold Coast coach Justin Holbrook has made a strong early move at the club by locking in a major part of their future by extending the contract of local product AJ Brimson."
"gld","Gold Coast Titans","AJ Brimson","Five-Eighth","backup_baseline","3","player_specific_contract_candidate","au.news.yahoo.com","true","false","36","contract_or_salary_language","bing-news-rss","team_contract","Tue, 19 May 2026 21:02:00 GMT","Yahoo News Australia","","","Bulldogs 'monitoring' former Queensland State of Origin player to potentially sign as fullback","https://au.news.yahoo.com/bulldogs-monitoring-former-queensland-state-of-origin-player-to-potentially-sign-as-fullback-040226019.html","Add Yahoo as a preferred source to see more of our stories on Google. The Canterbury Bulldogs are reportedly 'monitoring' the contract situation with AJ Brimson at the Gold Coast Titans, and could be ..."
"gld","Gold Coast Titans","AJ Brimson","Five-Eighth","backup_baseline","4","player_specific_profile_candidate","dailytelegraph.com.au","true","true","39","","bing-news-rss","signed_until","Sun, 29 Mar 2026 06:23:00 GMT","The Daily Telegraph","","","NRL Late Mail round 4: AJ Brimson set for centre switch, Ollie Pascoe to debut","https://www.dailytelegraph.com.au/sport/nrl/supercoach-news/nrl-late-mail-round-4-aj-brimson-set-for-centre-switch-in-titans-shakeup/news-story/4ec5b66d4c659a7cee9460141500d225","Titans coach Josh Hannay is preparing to switch AJ Brimson to centre in a remodelled backline and hand an NRL debut to one of Queensland's top toilers. As revealed by this masthead on Wednesday, ..."
"gld","Gold Coast Titans","AJ Brimson","Five-Eighth","backup_baseline","5","player_specific_profile_candidate","cairnspost.com.au","true","false","35","","bing-news-rss","team_contract","Tue, 10 Mar 2020 12:39:00 GMT","The Cairns Post","","","NRL 2020 team news: Gold Coast Titans, AJ Brimson, Shannon Boyd","https://www.cairnspost.com.au/sport/nrl-2020-team-news-gold-coast-titans-aj-brimson-shannon-boyd/news-story/63273cd0d5a0f0640c3d2a6580e076ff","Brimson is managing a stress fracture in his back, with Titans head of performance and culture Mal Meninga admitting the young gun was a ""week-to-week proposition"". Prop Shannon Boyd (shoulder) has ..."
"gld","Gold Coast Titans","AJ Brimson","Five-Eighth","backup_baseline","6","player_specific_profile_candidate","au.sports.yahoo.com","true","false","35","","bing-news-rss","team_contract","Wed, 20 May 2026 17:00:00 GMT","Yahoo Sport Australia","","","FIVE potential landing spots for AJ Brimson","https://au.sports.yahoo.com/five-potential-landing-spots-aj-205756332.html","Contracts have never meant less when it comes to rugby league. Despite recently re-signing with the Gold Coast Titans, fullback turn five-eighth turn centre AJ Brimson is being linked with a move away ..."
"gld","Gold Coast Titans","AJ Brimson","Five-Eighth","backup_baseline","7","player_specific_profile_candidate","townsvillebulletin.com.au","true","false","35","","bing-news-rss","team_contract","Fri, 26 Feb 2021 08:13:00 GMT","Townsville Bulletin","","","NRL 2021: Gold Coast Titans to unleash speed demon AJ Brimson","https://www.townsvillebulletin.com.au/sport/nrl/nrl-2021-gold-coast-titans-to-unleash-speed-demon-aj-brimson/news-story/1a66e93b17db89e15bb75c5f05a6cf42","AJ Brimson was the form player of 2020 and the Gold Coast Titans fullback won't let a foot injury slow him down in 2021. Brimson will make his first appearance of the season in a trial game for Gold ..."
"gld","Gold Coast Titans","Jayden Campbell","Halfback","backup_baseline","","no_candidate_found","","","","","","","","","","","","","",""
"gld","Gold Coast Titans","Moeaki Fotuaika","Prop","backup_baseline","1","player_specific_contract_candidate","cairnspost.com.au","true","false","43","term_length_language","bing-news-rss","team_contract","Tue, 27 Aug 2019 09:51:00 GMT","The Cairns Post","","","Titans secure boom young forward Moeaki Fotuaika as they ramp up future plans for club","https://www.cairnspost.com.au/sport/titans-secure-boom-young-forward-moeaki-fotuaika-as-they-ramp-up-future-plans-for-club/news-story/470e922201f3346cef661cfa65f11f1f","The 19-year-old has averaged 129 running metres this season, with 21 tackle busts and 13 offloads during his time at the struggling Gold Coast this year. The Keebra Park product has gone from a ""train ..."
"gld","Gold Coast Titans","Sam Verrills","Hooker","backup_baseline","1","player_specific_contract_candidate","dailytelegraph.com.au","true","true","47","term_length_language","bing-news-rss","team_contract","Fri, 01 May 2026 11:00:00 GMT","The Daily Telegraph","","","Titans rookie Oliver Pascoe is set to squeeze premiership-winning hooker Sam Verrills out of the Gold Coast","https://www.dailytelegraph.com.au/sport/nrl/titans-rookie-oliver-pascoe-is-set-to-squeeze-premiershipwinning-hooker-sam-verrills-out-of-the-gold-coast/news-story/c4f8b8dc1bdb28a8e2892fbfb6e73e99","Oliver Pascoe is the 26-year-old tradie that has impressed the Titans so much in his rookie season that he is set to squeeze an NRL premiership-winner out of the Gold Coast. Pascoe will make his fifth ..."
"gld","Gold Coast Titans","Sam Verrills","Hooker","backup_baseline","2","player_specific_profile_candidate","goldcoastbulletin.com.au","true","false","35","","bing-news-rss","team_contract","Fri, 01 May 2026 11:00:00 GMT","Gold Coast Sun","","","Titans rookie Oliver Pascoe is set to squeeze premiership-winning hooker Sam Verrills out of the Gold Coast","https://www.goldcoastbulletin.com.au/sport/nrl/titans-rookie-oliver-pascoe-is-set-to-squeeze-premiershipwinning-hooker-sam-verrills-out-of-the-gold-coast/news-story/c4f8b8dc1bdb28a8e2892fbfb6e73e99","Pascoe will make his fifth NRL appearance for the Titans against Canberra on Saturday at Cbus Super Stadium after coming from the clouds. As recently as a year ago, Pascoe thought his dream of playing ..."
"gld","Gold Coast Titans","Tino Fa’asuamaleaui","Prop","backup_baseline","1","player_specific_contract_candidate","geelongadvertiser.com.au","true","false","43","contract_or_salary_language","bing-news-rss","team_contract","Sat, 06 Jun 2026 21:49:00 GMT","Geelong Advertiser","","","NRL news: Gold Coast Titans star Tino Fa'asuamaleaui a perfect target for Dolphins","https://www.geelongadvertiser.com.au/sport/nrl/teams/nrl-2022-recruitment-broncos-desperate-to-keep-selwyn-cobbo-out-of-clutches-of-dolphins/news-story/40860e1ba2dda4d86022cf9505b74b4a","The Titans face a fight to keep Tino Fa'asuamaleaui after the star forward confirmed he will test his value on the open market — and he already has a link to the Dolphins. Fa'asuamaleaui will field ..."
"gld","Gold Coast Titans","Tino Fa’asuamaleaui","Prop","backup_baseline","2","player_specific_contract_candidate","thechronicle.com.au","false","false","29","contract_or_salary_language","bing-news-rss","team_contract","Tue, 09 Feb 2021 06:18:00 GMT","The Toowoomba Chronicle","","","NRL 2021: Gold Coast Titans David Fifita, Tino Fa'asuamaleaui, Kevin Proctor injured","https://www.thechronicle.com.au/sport/nrl/nrl-2021-gold-coast-titans-david-fifita-tino-faasuamaleaui-kevin-proctor-injured/news-story/48c7ee3ca55df19f8ba1f3fc6198165e","Fifita suffered what appeared to be a thumb injury during a contract training session on Tuesday and later complained of soreness and movement issues. While the injury appeared to be minor, and Fifita ..."
"gld","Gold Coast Titans","Tino Fa’asuamaleaui","Prop","backup_baseline","3","player_specific_profile_candidate","goldcoastbulletin.com.au","true","false","35","","bing-news-rss","team_contract","Mon, 15 Jun 2026 05:42:00 GMT","Gold Coast Sun","","","Qld star Tino Fa'asuamaleaui rejoins Camp Maroon following the death of his father Fereti","https://www.goldcoastbulletin.com.au/sport/nrl/maroons-prop-tino-faasuamaleaui-has-vowed-to-play-in-origin-ii-following-the-death-of-his-father-fereti/news-story/8cdfe5061484f7ad4d969d82ac0539aa","Tino Fa'asuamaleaui will take the field in Origin II after rejoining Camp Maroons following the death of his father, Fereti, the man he will play for when he runs out onto the MCG. Fa'asuamaleaui's ..."
"gld","Gold Coast Titans","Klese Haas","2nd Row","backup_baseline","1","player_specific_contract_candidate","au.sports.yahoo.com","true","false","51","contract_or_salary_language|term_language","bing-news-rss","salary_contract|signed_until","Tue, 23 Jun 2026 18:15:00 GMT","Yahoo Sport Australia","","","Gold Coast Titans forward Klese Haas confirms NRL future","https://au.sports.yahoo.com/gold-coast-titans-forward-klese-081529774.html","The Gold Coast Titans have confirmed prop Klese Haas is going nowhere, signing a contract extension with the club through to the end of 2029. Already locked up for 2027, the brother of Payne Haas has ..."
"gld","Gold Coast Titans","Beau Fermor","2nd Row","backup_baseline","","no_candidate_found","","","","","","","","","","","","","",""
"gld","Gold Coast Titans","Chris Randall","Lock","backup_baseline","","no_candidate_found","","","","","","","","","","","","","",""
"gld","Gold Coast Titans","Luke Sommerton","Interchange","backup_baseline","","no_candidate_found","","","","","","","","","","","","","",""
"gld","Gold Coast Titans","Jaimin Joliffe","Interchange","backup_baseline","","no_candidate_found","","","","","","","","","","","","","",""
"gld","Gold Coast Titans","Kurtis Morrin","Interchange","backup_baseline","","no_candidate_found","","","","","","","","","","","","","",""
"gld","Gold Coast Titans","Cooper Bai","Interchange","backup_baseline","1","player_specific_contract_candidate","theaustralian.com.au","true","true","52","contract_or_salary_language|signing_language","bing-news-rss","signed_until","Mon, 09 Feb 2026 16:00:00 GMT","The Australian","","","Gold Coast Titans rookie Cooper Bai has contract clause that could see him join PNG Chiefs","https://www.theaustralian.com.au/sport/nrl/gold-coast-titans-rookie-cooper-bai-has-contract-clause-that-could-see-him-join-png-chiefs/news-story/642f04d85435db0af4cb1c36d3907662","Bai is set to be targeted by new Chiefs football boss Michael Chammas ahead of the expansion club's 2028 NRL launch. The Titans last week trumpeted the retention of Bai on a contract extension after ..."
"gld","Gold Coast Titans","Cooper Bai","Interchange","backup_baseline","2","player_specific_contract_candidate","themercury.com.au","true","false","48","contract_or_salary_language|signing_language","bing-news-rss","signed_until","Tue, 10 Feb 2026 08:00:00 GMT","The Mercury","","","Gold Coast Titans rookie Cooper Bai has contract clause that could see him join PNG Chiefs","https://www.themercury.com.au/sport/nrl/gold-coast-titans-rookie-cooper-bai-has-contract-clause-that-could-see-him-join-png-chiefs/news-story/642f04d85435db0af4cb1c36d3907662","Titans young gun Cooper Bai has joined Payne Haas as a prime recruitment target for the cashed-up PNG Chiefs following revelations of a secret contract clause. Bai is set to be targeted by new Chiefs ..."
"gld","Gold Coast Titans","Adam Christensen","Unknown","derived_bucket_range","","no_candidate_found","","","","","","","","","","","","","",""
"gld","Gold Coast Titans","Allan Fitzgibbon","Unknown","derived_bucket_range","","no_candidate_found","","","","","","","","","","","","","",""
"gld","Gold Coast Titans","Arama Hau","Unknown","derived_bucket_range","1","player_specific_contract_candidate","ntnews.com.au","true","false","51","contract_or_salary_language|term_language|term_length_language","bing-news-rss","team_contract|signed_until","Thu, 21 May 2026 07:05:00 GMT","Northern Territory News","","","Gold Coast Titans re-sign rising forward Arama Hau until 2028 after he rejected Perth Bears","https://www.ntnews.com.au/sport/nrl/gold-coast-titans-resign-rising-forward-arama-hau-until-2028-after-he-rejected-perth-bears/news-story/8169a15127fbc189dce7b585cabb2bc2","Hau has formally inked a two-year extension with the Titans – keeping him on the Gold Coast until the end of 2028 – after backflipping on a move to the Bears. Hau was on the verge of joining Meninga ..."
"gld","Gold Coast Titans","Arama Hau","Unknown","derived_bucket_range","2","player_specific_contract_candidate","goldcoastbulletin.com.au","true","false","43","term_language","bing-news-rss","team_contract|signed_until","Fri, 22 May 2026 12:58:00 GMT","Gold Coast Sun","","","Gold Coast Titans re-sign rising forward Arama Hau until 2028 after he rejected Perth Bears","https://www.goldcoastbulletin.com.au/sport/nrl/gold-coast-titans-resign-rising-forward-arama-hau-until-2028-after-he-rejected-perth-bears/news-story/8169a15127fbc189dce7b585cabb2bc2","Josh Hannay has convinced one of his rising stars – who was on the verge of joining Mal Meninga's Bears – to re-sign with the Titans, in another brutal blow for the Perth side. Hau has formally inked ..."
"gld","Gold Coast Titans","Arama Hau","Unknown","derived_bucket_range","3","player_specific_contract_candidate","au.sports.yahoo.com","true","false","36","term_language","bing-news-rss","team_contract","Wed, 13 May 2026 17:00:00 GMT","Yahoo Sport Australia","","","Gold Coast Titans extend promising young gun","https://au.sports.yahoo.com/gold-coast-titans-extend-promising-235657997.html","The Gold Coast Titans have announced the re-signing of rising star Arama Hau until the end of the 2028 season. The Gold Coast local junior successfully progressed through the club's 'Future Titans' ..."
"gld","Gold Coast Titans","Brock Gray","Unknown","derived_bucket_range","","no_candidate_found","","","","","","","","","","","","","",""
"gld","Gold Coast Titans","Jensen Taumoepeau","Unknown","derived_bucket_range","","no_candidate_found","","","","","","","","","","","","","",""
"gld","Gold Coast Titans","Jett Liu","Unknown","derived_bucket_range","","no_candidate_found","","","","","","","","","","","","","",""
"gld","Gold Coast Titans","Josh Patson","Unknown","derived_bucket_range","","no_candidate_found","","","","","","","","","","","","","",""
"gld","Gold Coast Titans","Lachlan Ilias","Unknown","derived_bucket_range","","no_candidate_found","","","","","","","","","","","","","",""
"gld","Gold Coast Titans","Siale Faeamani","Unknown","derived_bucket_range","","no_candidate_found","","","","","","","","","","","","","",""
"gld","Gold Coast Titans","Tuki Simpkins","Unknown","derived_bucket_range","","no_candidate_found","","","","","","","","","","","","","",""
"gld","Gold Coast Titans","Tony Francis","Unknown","derived_bucket_range","","no_candidate_found","","","","","","","","","","","","","",""
"gld","Gold Coast Titans","Zane Harrison","Unknown","derived_bucket_range","1","player_specific_contract_candidate","dailytelegraph.com.au","true","true","47","contract_or_salary_language","bing-news-rss","publisher_text_dt","Sun, 21 Jun 2026 08:39:00 GMT","The Daily Telegraph","","","Gold Coast Titans in talks to secure rising star halfback Zane Harrison on massive contract extension","https://www.dailytelegraph.com.au/sport/nrl/gold-coast-titans-in-talks-to-secure-rising-star-halfback-zane-harrison-on-massive-contract-extension/news-story/8838e1526d5de41d707c2a34e4b3d433","The Titans are hoping to lock Harrison into a new deal to keep him on the Gold Coast until at least 2029 before he becomes a free agent on November 1. Harrison, 20, celebrated the finest moment of his ..."
"gld","Gold Coast Titans","Zane Harrison","Unknown","derived_bucket_range","2","player_specific_contract_candidate","goldcoastbulletin.com.au","true","false","43","contract_or_salary_language","bing-news-rss","salary_contract|signed_until","Sun, 21 Jun 2026 08:39:00 GMT","Gold Coast Sun","","","Gold Coast Titans in talks to secure rising star halfback Zane Harrison on massive contract extension","https://www.goldcoastbulletin.com.au/sport/nrl/gold-coast-titans-in-talks-to-secure-rising-star-halfback-zane-harrison-on-massive-contract-extension/news-story/8838e1526d5de41d707c2a34e4b3d433","The Titans are hoping to lock Harrison into a new deal to keep him on the Gold Coast until at least 2029 before he becomes a free agent on November 1. Harrison, 20, celebrated the finest moment of his ..."
"gld","Gold Coast Titans","Zane Harrison","Unknown","derived_bucket_range","3","player_specific_contract_candidate","ntnews.com.au","true","false","43","contract_or_salary_language","bing-news-rss","salary_contract|team_contract|signed_until","Sun, 21 Jun 2026 08:39:00 GMT","Northern Territory News","","","Gold Coast Titans in talks to secure rising star halfback Zane Harrison on massive contract extension","https://www.ntnews.com.au/sport/nrl/gold-coast-titans-in-talks-to-secure-rising-star-halfback-zane-harrison-on-massive-contract-extension/news-story/8838e1526d5de41d707c2a34e4b3d433","Field goal hero Zane Harrison has told the Titans he wants to win a premiership on the Gold Coast. Now the club has moved to lock down the ""diehard Titans tragic"" before he hits the open market. The ..."
"gld","Gold Coast Titans","Zane Harrison","Unknown","derived_bucket_range","4","player_specific_contract_candidate","adelaidenow.com.au","true","false","43","contract_or_salary_language","bing-news-rss","team_contract","Sun, 21 Jun 2026 08:09:00 GMT","Adelaide Now","","","Gold Coast Titans in talks to secure rising star halfback Zane Harrison on massive contract extension","https://www.adelaidenow.com.au/sport/nrl/gold-coast-titans-in-talks-to-secure-rising-star-halfback-zane-harrison-on-massive-contract-extension/news-story/8838e1526d5de41d707c2a34e4b3d433","The Titans are hoping to lock Harrison into a new deal to keep him on the Gold Coast until at least 2029 before he becomes a free agent on November 1. Harrison, 20, celebrated the finest moment of his ..."
"man","Manly Warringah Sea Eagles","Tom Trbojevic","Fullback","backup_baseline","1","player_specific_contract_candidate","themercury.com.au","true","false","48","signing_language|term_length_language","bing-news-rss","team_contract","Fri, 15 Nov 2019 07:18:00 GMT","The Mercury","","","Jake, Tom Trbojevic re-sign with Manly Sea Eagles untill 2026","https://www.themercury.com.au/sport/nrl/locked-in-manly-sea-eagles-stars-resign-on-mega-deals/news-story/ae245b144355fc597a9d7f3b7cf92b55","As revealed by The Daily Telegraph earlier this month, Jake Trbojevic and Tom Trbojevic have agreed to six-year extensions to their current contracts. Despite multi-million dollar offers from rival ..."
"man","Manly Warringah Sea Eagles","Tom Trbojevic","Fullback","backup_baseline","2","player_specific_contract_candidate","7news.com.au","true","false","43","contract_or_salary_language","bing-news-rss","seven","Mon, 27 Oct 2025 14:08:00 GMT","7NEWS Australia","","","David Fifita's Titans deal set to be torn up for immediate move to South Sydney, Tom Trbojevic re-signs with Manly","https://7news.com.au/sport/rugby-league/david-fifitas-titans-deal-set-to-be-torn-up-for-immediate-move-to-south-sydney-tom-trbojevic-re-signs-with-manly-c-20494543","The eight-time Queensland Origin representative is reportedly in line for a multi-year deal with the Rabbitohs beginning with the 2026 season. Fifita is just over a year removed from backflipping on a ..."
"man","Manly Warringah Sea Eagles","Tom Trbojevic","Fullback","backup_baseline","3","player_specific_profile_candidate","smh.com.au","true","true","39","","bing-news-rss","signed_until","Sun, 29 Mar 2026 09:48:00 GMT","Sydney Morning Herald","","","Why Tom Trbojevic could be the biggest winner in Manly's latest drama","https://www.smh.com.au/sport/nrl/why-tom-trbojevic-could-be-the-biggest-winner-in-manly-s-latest-drama-20260329-p5zjod.html","Manly officials are backing Kieran Foran to get the best out of former teammate Tom Trbojevic, and they will also consult the captain about who should be the next Sea Eagles head coach. Owner and ..."
"man","Manly Warringah Sea Eagles","Tom Trbojevic","Fullback","backup_baseline","4","player_specific_profile_candidate","cairnspost.com.au","true","false","35","","bing-news-rss","signed_until","Mon, 05 Apr 2021 04:02:00 GMT","The Cairns Post","","","NRL casualty ward: Kalyn Ponga, Tom Trbojevic, Harry Grant return to ease injury dramas","https://www.cairnspost.com.au/sport/nrl/nrl-casualty-ward-kalyn-ponga-tom-trbojevic-harry-grant-return-to-ease-injury-dramas/news-story/59ec66fa66782a9e75c79994239ae621","Just as a host of NRL guns were set to return and ease the casualty ward chaos, two of the biggest names could be another week away from making their first appearances of 2021. Despite losing star ..."
"man","Manly Warringah Sea Eagles","Jason Saab","Winger","backup_baseline","","no_candidate_found","","","","","","","","","","","","","",""
"man","Manly Warringah Sea Eagles","Tolutau Koula","Centre","backup_baseline","","no_candidate_found","","","","","","","","","","","","","",""
"man","Manly Warringah Sea Eagles","Reuben Garrick","Centre","backup_baseline","","no_candidate_found","","","","","","","","","","","","","",""
"man","Manly Warringah Sea Eagles","Lehi Hopoate","Winger","backup_baseline","","no_candidate_found","","","","","","","","","","","","","",""
"man","Manly Warringah Sea Eagles","Luke Brooks","Five-Eighth","backup_baseline","","no_candidate_found","","","","","","","","","","","","","",""
"man","Manly Warringah Sea Eagles","Jamal Fogarty","Halfback","backup_baseline","1","player_specific_contract_candidate","abc.net.au","true","false","40","signing_language","bing-news-rss","signed_until","Sun, 29 Mar 2026 17:00:00 GMT","Australian Broadcasting Corporation","","","Star Manly recruit Jamal Fogarty labels sacking of ex-coach Anthony Seibold 'pretty disappointing'","https://www.abc.net.au/news/2026-03-30/nrl-jamal-fogarty-manly-anthony-seibold-sacking-disappointing/106513404","Jamal Fogarty has labelled Manly's decision to sack Anthony Seibold three games into the season ""pretty disappointing"". Seibold convinced Fogarty to leave the Raiders to join the Sea Eagles in the off ..."
"man","Manly Warringah Sea Eagles","Taniela Paseka","Prop","backup_baseline","","no_candidate_found","","","","","","","","","","","","","",""
"man","Manly Warringah Sea Eagles","Jake Simpkin","Hooker","backup_baseline","","no_candidate_found","","","","","","","","","","","","","",""
"man","Manly Warringah Sea Eagles","Kobe Hetherington","Prop","backup_baseline","1","player_specific_contract_candidate","thechronicle.com.au","false","false","26","signing_language","bing-news-rss","signed_until","Mon, 23 Feb 2026 07:01:00 GMT","The Toowoomba Chronicle","","","Kobe Hetherington avoided four surgeries to join exclusive club of father-son premiership winners","https://www.thechronicle.com.au/sport/nrl/kobe-hetherington-avoided-four-surgeries-to-join-exclusive-club-of-fatherson-premiership-winners/news-story/2979d202e6782b9e28364464caab64d2","Had he followed medical advice and gone under the knife last season, former Bronco Kobe Hetherington would've missed out on joining an exclusive premiership club involving his father. The recent ..."
"man","Manly Warringah Sea Eagles","Haumole Olakau'atu","2nd Row","backup_baseline","1","player_specific_profile_candidate","dailytelegraph.com.au","true","true","39","","bing-news-rss","publisher_text_dt","Sun, 21 Jun 2026 05:01:00 GMT","The Daily Telegraph","","","Haumole Olakau'atu breaks his silence on shock Origin axing","https://www.dailytelegraph.com.au/sport/nrl/haumole-olakauatu-breaks-his-silence-on-shock-origin-axing/news-story/86540d347ff418170a6e1bdd079c8653","Blues fans are still clueless as to why the world's best edge forward was dropped for the MCG clash, and they'll have to wait a little longer to find out after Olakau'atu politely refused to expand on ..."
"man","Manly Warringah Sea Eagles","Haumole Olakau'atu","2nd Row","backup_baseline","2","player_specific_profile_candidate","dailytelegraph.com.au","true","true","39","","bing-news-rss","publisher_text_dt","Sun, 21 Jun 2026 05:01:00 GMT","The Daily Telegraph","","","'I'm available': Haumole Olakau'atu eager for Blues recall ahead of State of Origin decider","https://www.dailytelegraph.com.au/sport/nrl/im-available-haumole-olakauatu-eager-for-blues-recall-ahead-of-state-of-origin-decider/news-story/ca669b370ccc27a4ba04bbe1bfcc93bf","Blues fans are still clueless as to why the world's best edge forward was dropped for the MCG clash, and they'll have to wait a little longer to find out after Olakau'atu politely refused to expand on ..."
"man","Manly Warringah Sea Eagles","Ben Trbojevic","2nd Row","backup_baseline","1","player_specific_contract_candidate","themercury.com.au","true","false","51","contract_or_salary_language|term_length_language","bing-news-rss","salary_contract|signed_until","Wed, 20 Nov 2019 03:06:00 GMT","The Mercury","","","Manly Sea Eagles re-sign Ben Trbojevic to two-year extension","https://www.themercury.com.au/sport/nrl/manly-sea-eagles-resign-ben-trbojevic-to-twoyear-extension/news-story/c26cce69d1bf139d263e39f37f7a4ae6","The Sea Eagles have completed the family coup by signing the younger Trbojevic to a two-year deal. The news comes just a week after Jake and Tom confirmed they would retire as one-club legends after ..."
"man","Manly Warringah Sea Eagles","Jake Trbojevic","Lock","backup_baseline","1","player_specific_contract_candidate","dailytelegraph.com.au","true","true","60","contract_or_salary_language|signing_language|term_length_language","bing-news-rss","publisher_text_dt","Wed, 20 May 2026 10:03:00 GMT","The Daily Telegraph","","","Jake Trbojevic triggers extension clause in Manly Sea Eagles contract","https://www.dailytelegraph.com.au/sport/nrl/jake-trbojevic-triggers-extension-clause-in-manly-sea-eagles-contract/news-story/c24b1e095952c98b5cc5953d86b7f1d3","Trbojevic, 32, has agreed to play a further season at the club where he made his NRL debut as a 19-year-old. Trbojevic celebrated his 250-game milestone in Manly's most recent home game against the ..."
"man","Manly Warringah Sea Eagles","Jake Trbojevic","Lock","backup_baseline","2","player_specific_contract_candidate","goldcoastbulletin.com.au","true","false","56","contract_or_salary_language|signing_language|term_length_language","bing-news-rss","salary_contract|signed_until","Wed, 20 May 2026 10:03:00 GMT","Gold Coast Sun","","","Jake Trbojevic triggers extension clause in Manly Sea Eagles contract","https://www.goldcoastbulletin.com.au/sport/nrl/jake-trbojevic-triggers-extension-clause-in-manly-sea-eagles-contract/news-story/c24b1e095952c98b5cc5953d86b7f1d3","Trbojevic, 32, has agreed to play a further season at the club where he made his NRL debut as a 19-year-old. Trbojevic celebrated his 250-game milestone in Manly's most recent home game against the ..."
"man","Manly Warringah Sea Eagles","Jake Trbojevic","Lock","backup_baseline","3","player_specific_contract_candidate","themercury.com.au","true","false","43","contract_or_salary_language","bing-news-rss","signed_until","Wed, 20 May 2026 10:03:00 GMT","The Mercury","","","Jake Trbojevic triggers extension clause in Manly Sea Eagles contract","https://www.themercury.com.au/sport/nrl/jake-trbojevic-triggers-extension-clause-in-manly-sea-eagles-contract/news-story/c24b1e095952c98b5cc5953d86b7f1d3","The resurgence of Manly under interim coach Kieran Foran has prompted Jake Trbojevic to activate a clause in his contract that automatically triggers a new 12-month extension. Trbojevic, 32, has ..."
"man","Manly Warringah Sea Eagles","Jake Trbojevic","Lock","backup_baseline","4","player_specific_contract_candidate","thechronicle.com.au","false","false","29","contract_or_salary_language","bing-news-rss","salary_contract","Wed, 20 May 2026 10:03:00 GMT","The Toowoomba Chronicle","","","Jake Trbojevic triggers extension clause in Manly Sea Eagles contract","https://www.thechronicle.com.au/sport/nrl/jake-trbojevic-triggers-extension-clause-in-manly-sea-eagles-contract/news-story/c24b1e095952c98b5cc5953d86b7f1d3","The resurgence of Manly under interim coach Kieran Foran has prompted Jake Trbojevic to activate a clause in his contract that automatically triggers a new 12-month extension. Trbojevic, 32, has ..."
"man","Manly Warringah Sea Eagles","Jake Trbojevic","Lock","backup_baseline","5","player_specific_profile_candidate","themercury.com.au","true","false","41","signing_language|term_length_language","bing-news-rss","team_contract","Fri, 15 Nov 2019 07:18:00 GMT","The Mercury","","","Jake, Tom Trbojevic re-sign with Manly Sea Eagles untill 2026","https://www.themercury.com.au/sport/nrl/locked-in-manly-sea-eagles-stars-resign-on-mega-deals/news-story/ae245b144355fc597a9d7f3b7cf92b55","As revealed by The Daily Telegraph earlier this month, Jake Trbojevic and Tom Trbojevic have agreed to six-year extensions to their current contracts. Despite multi-million dollar offers from rival ..."
"man","Manly Warringah Sea Eagles","Siosiua Taukeiaho","Interchange","backup_baseline","","no_candidate_found","","","","","","","","","","","","","",""
"man","Manly Warringah Sea Eagles","Nathan Brown","Interchange","backup_baseline","1","player_specific_salary_candidate","adelaidenow.com.au","true","false","58","money|contract_or_salary_language","bing-news-rss","salary_contract","Thu, 25 Mar 2021 10:59:00 GMT","Adelaide Now","","","Parramatta Eels reportedly withdraw $1.2m deal for Nathan Brown","https://www.adelaidenow.com.au/sport/nrl/parramatta-eels-reportedly-withdraw-12m-deal-for-nathan-brown/news-story/b72c4c86712b6f3af2a90f3bea87d5e8","Nathan Brown's future is in jeopardy after the Parramatta Eels reportedly withdrew a $1.2 million contract offer for the star forward. The Sydney Morning Herald reported Parramatta offered Brown a two ..."
"man","Manly Warringah Sea Eagles","Ethan Bullemor","Interchange","backup_baseline","","no_candidate_found","","","","","","","","","","","","","",""
"man","Manly Warringah Sea Eagles","Joey Walsh","Interchange","backup_baseline","1","player_specific_profile_candidate","themercury.com.au","true","false","33","signing_language","bing-news-rss","signed_until","Wed, 24 Jun 2026 08:14:00 GMT","The Mercury","","","NRL market watch: Eels prop Junior Paulo fighting for his future at Parramatta","https://www.themercury.com.au/sport/nrl/nrl-market-watch-rising-nrl-star-joey-walsh-commits-his-longterm-future-to-manly/news-story/20e0e3472ebd0704364c7ae3b45a5e2e","In a strong vote of confidence for Fozball, boom rookie Joey Walsh has re-signed with Manly until the end of the 2029 NRL season."
"man","Manly Warringah Sea Eagles","Aaron Schoupp","Unknown","derived_bucket_range","","no_candidate_found","","","","","","","","","","","","","",""
"man","Manly Warringah Sea Eagles","Blake Wilson","Unknown","derived_bucket_range","","no_candidate_found","","","","","","","","","","","","","",""
"man","Manly Warringah Sea Eagles","Caleb Navale","Unknown","derived_bucket_range","","no_candidate_found","","","","","","","","","","","","","",""
"man","Manly Warringah Sea Eagles","Clayton Faulalo","Unknown","derived_bucket_range","1","player_specific_contract_candidate","foxsports.com.au","true","true","48","contract_or_salary_language|term_length_language","bing-news-rss","salary_contract|team_contract","Fri, 19 Jun 2026 00:20:00 GMT","FOX SPORTS","","","Breakout star's contract reward; Bronco's exit confirmed in 'major statement signing' — NRL Daily","https://www.foxsports.com.au/nrl/nrl-premiership/nrl-2026-clayton-faulalo-signs-new-deal-with-manly-sea-eagles-jesse-arthars-to-leave-brisbane-broncos/news-story/cb69a7b7c51aa14a07fa7f60e7ed1931","Clayton Faulalo has been rewarded with a contract extension after a standout period filling for the injured Tom Trbojevic, with the 26-year-old signing on for a further two seasons at Manly."
"man","Manly Warringah Sea Eagles","Navren Willett","Unknown","derived_bucket_range","","no_candidate_found","","","","","","","","","","","","","",""
"man","Manly Warringah Sea Eagles","Onitoni Large","Unknown","derived_bucket_range","","no_candidate_found","","","","","","","","","","","","","",""
"man","Manly Warringah Sea Eagles","Paul Bryan","Unknown","derived_bucket_range","","no_candidate_found","","","","","","","","","","","","","",""
"man","Manly Warringah Sea Eagles","Simione Laiafi","Unknown","derived_bucket_range","","no_candidate_found","","","","","","","","","","","","","",""
"man","Manly Warringah Sea Eagles","Zach Dockar-Clay","Unknown","derived_bucket_range","","no_candidate_found","","","","","","","","","","","","","",""
"man","Manly Warringah Sea Eagles","Zaidas Muagututia","Unknown","derived_bucket_range","","no_candidate_found","","","","","","","","","","","","","",""
"mel","Melbourne Storm","Sualauvi Fa’alogo","Fullback","backup_baseline","","no_candidate_found","","","","","","","","","","","","","",""
"mel","Melbourne Storm","Will Warbrick","Winger","backup_baseline","1","player_specific_contract_candidate","ntnews.com.au","true","false","48","contract_or_salary_language|signing_language","bing-news-rss","signed_until","Mon, 09 Mar 2026 09:59:00 GMT","Northern Territory News","","","Melbourne Storm star Will Warbrick poised to join Warriors on multi-year NRL deal","https://www.ntnews.com.au/sport/nrl/melbourne-storm-star-will-warbrick-poised-to-join-warriors-on-multiyear-nrl-deal/news-story/b0570988de5944d43aa326110dfe1766","This masthead can reveal that Warbrick is poised to sign for the Warriors on a multi-year deal from the end of the season as he prepares to cross the ditch to continue his rugby league career."
"mel","Melbourne Storm","Jack Howarth","Centre","backup_baseline","","no_candidate_found","","","","","","","","","","","","","",""
"mel","Melbourne Storm","Nick Meaney","Centre","backup_baseline","1","player_specific_contract_candidate","goldcoastbulletin.com.au","true","false","43","contract_or_salary_language","bing-news-rss","signed_until","Thu, 08 Jan 2026 05:50:00 GMT","Gold Coast Sun","","","Perth Bears sign Melbourne Storm utility Nick Meaney as ninth signing for inaugural NRL squad","https://www.goldcoastbulletin.com.au/sport/nrl/perth-bears-sign-melbourne-storm-utility-nick-meaney-as-ninth-signing-for-inaugural-nrl-squad/news-story/5389158d7dd78c60e106d00614e5adcf","The Storm have been told that Meaney will play out the final year of his contract in Melbourne before linking up with the Bears from next year. The Bears will now turn their attention to landing ..."
"mel","Melbourne Storm","Xavier Coates","Winger","backup_baseline","1","player_specific_profile_candidate","ntnews.com.au","true","false","35","","bing-news-rss","team_contract","Wed, 23 Dec 2020 11:44:00 GMT","Northern Territory News","","","NRL 2021: Melbourne Storm coach Craig Bellamy meets with Brisbane Broncos star Xavier Coates","https://www.ntnews.com.au/sport/nrl-2021-melbourne-storm-coach-craig-bellamy-meets-with-brisbane-broncos-star-xavier-coates/news-story/936a0ea2eb452d522ba6080a607c34b9","A casual meeting involving one of Brisbane's young stars at a Gold Coast coffee club could have major ramifications for the Broncos. On Tuesday, Bellamy secretly met with the Broncos' State of Origin ..."
"mel","Melbourne Storm","Cameron Munster","Five-Eighth","backup_baseline","1","player_specific_contract_candidate","ntnews.com.au","true","false","51","contract_or_salary_language|term_length_language","bing-news-rss","salary_contract|team_contract|signed_until","Tue, 10 May 2016 15:00:00 GMT","Northern Territory News","","","Melbourne Storm lock down rising fullback Cameron Munster with two-year contract extension","https://www.ntnews.com.au/sport/nrl/teams/storm/melbourne-storm-lock-down-rising-fullback-cameron-munster-with-twoyear-contract-extension/news-story/fec9dcfa4127b242dbe9f453e6e49cfb","MELBOURNE Storm are celebrating a huge boost, after locking away one of the NRL's brightest young stars with a new deal with the club. The Herald Sun understands Munster — already under contract until ..."
"mel","Melbourne Storm","Cameron Munster","Five-Eighth","backup_baseline","2","player_specific_contract_candidate","au.sports.yahoo.com","true","false","51","contract_or_salary_language|term_language","bing-news-rss","team_contract","Sat, 13 Jun 2026 17:00:00 GMT","Yahoo Sport Australia","","","Storm reveal Cameron Munster contract plans","https://au.sports.yahoo.com/storm-reveal-cameron-munster-contract-023435832.html","The Melbourne Storm have confirmed they will offer Cameron Munster a contract extension if he wants to play on beyond the end of 2027. The Storm five-eighth and Queensland captain has barely been out ..."
"mel","Melbourne Storm","Cameron Munster","Five-Eighth","backup_baseline","3","player_specific_contract_candidate","theaustralian.com.au","true","true","47","contract_or_salary_language","bing-news-rss","team_contract|signed_until","Sat, 13 Jun 2026 14:38:00 GMT","The Australian","","","Melbourne Storm prepare to table offer to make Cameron Munster a one-club man","https://www.theaustralian.com.au/sport/nrl/i-love-queensland-why-origin-passion-could-prevent-cameron-munster-codeswitch/news-story/d2c3ed572dca7dbfa923bc673ded1722","Storm supremo Matt Tripp has issued a hands-off edict to poaching rivals as Munster prepares to lead Queensland into Origin II battle against NSW this Wednesday night at the MCG. Munster is ..."
"mel","Melbourne Storm","Cameron Munster","Five-Eighth","backup_baseline","4","player_specific_contract_candidate","goldcoastbulletin.com.au","true","false","43","contract_or_salary_language","bing-news-rss","team_contract","Fri, 12 Jun 2026 12:05:00 GMT","Gold Coast Sun","","","Melbourne Storm prepare to table offer to make Cameron Munster a one-club man","https://www.goldcoastbulletin.com.au/sport/nrl/i-love-queensland-why-origin-passion-could-prevent-cameron-munster-codeswitch/news-story/d2c3ed572dca7dbfa923bc673ded1722","Storm bosses are set to table a new deal for Cameron Munster in a bid to stave off the threat of rugby union and ensure the Origin star finishes his glittering career in Melbourne. Storm supremo Matt ..."
"mel","Melbourne Storm","Jahrome Hughes","Halfback","backup_baseline","1","player_specific_contract_candidate","goldcoastbulletin.com.au","true","false","51","contract_or_salary_language|term_length_language","bing-news-rss","salary_contract|team_contract","Sat, 20 Feb 2021 08:21:00 GMT","Gold Coast Sun","","","NRL 2021: Warriors make huge play to lure Melbourne star Jahrome Hughes to New Zealand","https://www.goldcoastbulletin.com.au/sport/nrl/nrl-2021-warriors-make-huge-play-to-lure-melbourne-star-jahrome-hughes-to-new-zealand/news-story/d85136d436f9ef413ddfa147162730aa","The Sunday Mail can reveal the Storm have tabled an increased deal to Hughes in the wake of an aggressive poaching bid from the Warriors, who have offered him a three-year deal worth more than $2.5 ..."
"mel","Melbourne Storm","Stefano Utoikamanu","Prop","backup_baseline","1","player_specific_salary_candidate","townsvillebulletin.com.au","true","false","63","money|contract_or_salary_language|signing_language","bing-news-rss","salary_contract|signed_until","Fri, 22 Nov 2019 07:17:00 GMT","Townsville Bulletin","","","Parramatta teen Stefano Utoikamanu signs $800,000 deal with Wests Tigers","https://www.townsvillebulletin.com.au/sport/nrl/parramatta-teen-stefano-utoikamanu-signs-800000-deal-with-wests-tigers/news-story/622e252e07247def11e840effbb9e57a","Considered among the Eels most promising players, Utoikamanu has agreed to join the Tigers for three years from 2021 – and potentially sooner. Despite still having 12 months to serve at Parramatta, ..."
"mel","Melbourne Storm","Harry Grant","Hooker","backup_baseline","1","player_specific_contract_candidate","townsvillebulletin.com.au","true","false","43","contract_or_salary_language","bing-news-rss","salary_contract","Sat, 11 Dec 2021 16:00:00 GMT","Townsville Bulletin","","","NRL news: Jesse Arthars takes up Harry Grant's advice on loan deal to New Zealand Warriors","https://www.townsvillebulletin.com.au/sport/nrl/nrl-news-ash-taylor-opens-up-on-the-pressure-of-being-a-million-dollar-man/news-story/b749fb0a1e4bbcfd6b2378f3c8e051e6","Jesse Arthars knew the man to call when he was approached about a loan move to the New Zealand Warriors — and his advice helped seal the deal. Grant and then Wests Tigers centre Paul Momirovski made ..."
"mel","Melbourne Storm","Josh King","Prop","backup_baseline","","no_candidate_found","","","","","","","","","","","","","",""
"mel","Melbourne Storm","Shawn Blore","2nd Row","backup_baseline","1","player_specific_contract_candidate","au.sports.yahoo.com","true","false","51","contract_or_salary_language|term_language","bing-news-rss","team_contract","Wed, 10 Jun 2026 17:00:00 GMT","Yahoo Sport Australia","","","Why Shawn Blore's reported next NRL club makes no sense","https://au.sports.yahoo.com/why-shawn-blore-reported-next-053528157.html","Melbourne Storm star Shawn Blore appears to have taken a step towards returning to Sydney at the end of his deal with the Melbourne Storm. Off-contract at the end of 2026, Blore has been able to ..."
"mel","Melbourne Storm","Shawn Blore","2nd Row","backup_baseline","2","player_specific_profile_candidate","townsvillebulletin.com.au","true","false","28","","bing-news-rss","signed_until","Wed, 23 Dec 2020 06:00:00 GMT","Townsville Bulletin","","","NRL 2021: Wests Tigers' rebuilt pack to break 'ninth place' curse","https://www.townsvillebulletin.com.au/sport/nrl/nrl-2021-wests-tigers-rebuilt-pack-to-break-ninth-place-curse/news-story/8104ee01cf067b8adfc4fca7b665b4dc","Despite talk Michael Maguire's tough approach was causing player unrest at Concord, boom rookie Shawn Blore knocked back several NRL rivals to re-sign with the club. It's one of the reasons Blore is ..."
"mel","Melbourne Storm","Joe Chan","2nd Row","backup_baseline","","no_candidate_found","","","","","","","","","","","","","",""
"mel","Melbourne Storm","Trent Loiero","Lock","backup_baseline","","no_candidate_found","","","","","","","","","","","","","",""
"mel","Melbourne Storm","Tyran Wishart","Interchange","backup_baseline","","no_candidate_found","","","","","","","","","","","","","",""
"mel","Melbourne Storm","Cooper Clarke","Interchange","backup_baseline","1","player_specific_contract_candidate","au.news.yahoo.com","true","false","44","contract_or_salary_language|term_length_language","bing-news-rss","signed_until","Tue, 31 Mar 2026 17:00:00 GMT","Yahoo News Australia","","","Melbourne Storm deal blow to rival NRL teams as young gun inks new long-term deal with club","https://au.news.yahoo.com/melbourne-storm-deal-blow-to-rival-nrl-teams-as-young-gun-inks-new-long-term-deal-with-club-014947749.html","Add Yahoo as a preferred source to see more of our stories on Google. Melbourne young gun Cooper Clarke has been rewarded for his meteoric rise into the NRL, with the Storm handing the 19-year-old a ..."
"mel","Melbourne Storm","Alec MacDonald","Interchange","backup_baseline","","no_candidate_found","","","","","","","","","","","","","",""
"mel","Melbourne Storm","Tui Kamikamica","Interchange","backup_baseline","1","player_specific_contract_candidate","adelaidenow.com.au","true","false","43","term_length_language","bing-news-rss","team_contract","Mon, 30 Mar 2026 08:38:00 GMT","Adelaide Now","","","Melbourne Storm star Tui Kamikamica in hospital after suffering suspected stroke","https://www.adelaidenow.com.au/sport/nrl/melbourne-storm-star-tui-kamikamica-in-hospital-after-suffering-suspected-stroke/news-story/53edd2cef43712479f50550afdd66f22","A Melbourne Storm star has been rushed to hospital following a suspected stroke on Monday morning. The 31-year-old Fijian international is in his tenth season at the club, but his immediate playing ..."
"mel","Melbourne Storm","Tui Kamikamica","Interchange","backup_baseline","2","player_specific_profile_candidate","theaustralian.com.au","true","true","39","","bing-news-rss","signed_until","Wed, 15 Apr 2026 17:00:00 GMT","The Australian","","","Tui Kamikamica sets sights on remarkable NRL comeback after being hospitalised for stroke","https://www.theaustralian.com.au/sport/nrl/tui-kamikamica-sets-sights-on-remarkable-nrl-comeback-after-being-hospitalised-for-stroke/news-story/7deac545ad5bc494ba4400b6b0e97693","This masthead can reveal Kamikamica checked out of a rehabilitation clinic and returned home as the Fijian Test captain plots a stunning comeback to the NRL. Kamikamica was a surprise visitor at ..."
"mel","Melbourne Storm","Tui Kamikamica","Interchange","backup_baseline","3","player_specific_profile_candidate","themercury.com.au","true","false","35","","bing-news-rss","team_contract","Mon, 30 Mar 2026 09:48:00 GMT","The Mercury","","","Melbourne Storm forward Tui Kamikamica's incredible first words post-stroke surgery","https://www.themercury.com.au/sport/nrl/melbourne-storm-forward-tui-kamikamica-in-hospital-after-suffering-suspected-stroke/news-story/51bc8ea7a8127017ee03c2cf17c02bfa","A routine trip to the toilet turned into a life-threatening emergency for Storm's Tui Kamikamica. Now the Melbourne prop's first words to teammates after surgery can be revealed. This masthead can ..."
"mel","Melbourne Storm","Tui Kamikamica","Interchange","backup_baseline","4","player_specific_profile_candidate","goldcoastbulletin.com.au","true","false","35","","bing-news-rss","signed_until","Tue, 28 Apr 2026 12:22:00 GMT","Gold Coast Sun","","","Tui Kamikamica hoping to make NRL return this year despite suffering a stroke","https://www.goldcoastbulletin.com.au/sport/nrl/tui-kamikamica-hoping-to-make-nrl-return-this-year-despite-suffering-a-stroke/news-story/a1884359543a8fc4a91b81cb8f659472","After suffering a stroke in late March, 142-game forward Tui Kamikamica has defied the odds after having successful brain and heart surgery. The club have announced they are ""hopeful"" he will play ..."
"mel","Melbourne Storm","Tui Kamikamica","Interchange","backup_baseline","5","player_specific_profile_candidate","themercury.com.au","true","false","35","","bing-news-rss","signed_until","Tue, 28 Apr 2026 12:22:00 GMT","The Mercury","","","Tui Kamikamica hoping to make NRL return this year despite suffering a stroke","https://www.themercury.com.au/sport/nrl/tui-kamikamica-hoping-to-make-nrl-return-this-year-despite-suffering-a-stroke/news-story/a1884359543a8fc4a91b81cb8f659472","Melbourne Storm forward Tui Kamikamica has defied the odds - planning to make his NRL return after two serious surgeries. After suffering a stroke in late March, 142-game forward Tui Kamikamica has ..."
"mel","Melbourne Storm","Tui Kamikamica","Interchange","backup_baseline","6","player_specific_profile_candidate","smh.com.au","true","true","32","","bing-news-rss","team_contract","Wed, 29 Apr 2026 12:20:00 GMT","Sydney Morning Herald","","","'Back in six weeks': Kamikamica sets footy return date after terrifying stroke","https://www.smh.com.au/sport/nrl/back-in-six-weeks-kamikamica-sets-footy-return-date-after-terrifying-stroke-20260429-p5zs6g.html","You have reached your maximum number of saved items. Remove items from your saved list to add more. Melbourne prop Tui Kamikamica has revealed he could be just six weeks away from making a remarkable ..."
"mel","Melbourne Storm","Tui Kamikamica","Interchange","backup_baseline","7","player_specific_profile_candidate","au.sports.yahoo.com","true","false","28","","bing-news-rss","team_contract","Sat, 13 Jun 2026 23:48:00 GMT","Yahoo Sport Australia","","","Kamikamica runs into roadblock on recovery from stroke","https://au.sports.yahoo.com/kamikamica-runs-roadblock-recovery-stroke-064812323.html","Melbourne Storm forward Tui Kamikamica's chances of returning to the NRL are dwindling after a setback during his recovery from a stroke. The NRL world was brought together earlier this year to ..."
"mel","Melbourne Storm","Tui Kamikamica","Interchange","backup_baseline","8","player_specific_profile_candidate","thechronicle.com.au","false","false","21","","bing-news-rss","signed_until","Thu, 16 Apr 2026 07:41:00 GMT","The Toowoomba Chronicle","","","Tui Kamikamica sets sights on remarkable NRL comeback after being hospitalised for stroke","https://www.thechronicle.com.au/sport/nrl/tui-kamikamica-sets-sights-on-remarkable-nrl-comeback-after-being-hospitalised-for-stroke/news-story/7deac545ad5bc494ba4400b6b0e97693","After a terrifying stroke left Tui Kamikamica hospitalised, the Storm enforcer is back at training and determined to make his NRL return, declaring: ""I just want to help my teammates"". This masthead ..."
"mel","Melbourne Storm","Ativalu Lisati","Unknown","derived_bucket_range","","no_candidate_found","","","","","","","","","","","","","",""
"mel","Melbourne Storm","Davvy Moale","Unknown","derived_bucket_range","","no_candidate_found","","","","","","","","","","","","","",""
"mel","Melbourne Storm","Gabriel Satrick","Unknown","derived_bucket_range","","no_candidate_found","","","","","","","","","","","","","",""
"mel","Melbourne Storm","Jack Hetherington","Unknown","derived_bucket_range","","no_candidate_found","","","","","","","","","","","","","",""
"mel","Melbourne Storm","Josiah Pahulu","Unknown","derived_bucket_range","","no_candidate_found","","","","","","","","","","","","","",""
"mel","Melbourne Storm","Lazarus Vaalepu","Unknown","derived_bucket_range","1","player_specific_contract_candidate","au.news.yahoo.com","true","false","36","term_length_language","bing-news-rss","team_contract","Tue, 30 Jun 2026 04:10:00 GMT","Yahoo News Australia","","","Melbourne Storm grant immediate release to NRL grand final player to sign with new club","https://au.news.yahoo.com/melbourne-storm-grant-immediate-release-to-nrl-grand-final-player-to-sign-with-new-club-103930783.html","The Melbourne Storm have announced the immediate departure of 27-year-old forward Lazarus Vaalepu to sign with Leigh Leopards in the English Super League. Vaalepu played 11 NRL ga ..."
"mel","Melbourne Storm","Lazarus Vaalepu","Unknown","derived_bucket_range","2","player_specific_profile_candidate","zerotackle.com","true","false","28","","bing-news-rss","team_contract","Tue, 30 Jun 2026 01:36:00 GMT","Zero Tackle","","","Melbourne Storm confirm immediate departure of prop","https://www.zerotackle.com/melbourne-storm-confirm-immediate-departure-of-prop-235434/","The Melbourne Storm have confirmed the immediate departure of Lazarus Vaalepu who will take up an opportunity with the Leigh Leopards in the English Super League. Vaalepu has managed 11 games with the ..."
"mel","Melbourne Storm","Manaia Waitere","Unknown","derived_bucket_range","","no_candidate_found","","","","","","","","","","","","","",""
"mel","Melbourne Storm","Marion Seve","Unknown","derived_bucket_range","","no_candidate_found","","","","","","","","","","","","","",""
"mel","Melbourne Storm","Moses Leo","Unknown","derived_bucket_range","","no_candidate_found","","","","","","","","","","","","","",""
"mel","Melbourne Storm","Siulagi Tuimalata-Brown","Unknown","derived_bucket_range","","no_candidate_found","","","","","","","","","","","","","",""
"mel","Melbourne Storm","Trent Toelau","Unknown","derived_bucket_range","","no_candidate_found","","","","","","","","","","","","","",""
"nzl","New Zealand Warriors","Charnze Nicoll-Klokstad","Fullback","backup_baseline","1","player_specific_contract_candidate","ntnews.com.au","true","false","43","contract_or_salary_language","bing-news-rss","signed_until","Wed, 24 Jul 2019 12:59:00 GMT","Northern Territory News","","","Canberra to lock Charnze Nicoll-Klokstad in with contract extension","https://www.ntnews.com.au/sport/canberra-to-lock-charnze-nicollklokstad-in-with-contract-extension/news-story/2d46101437fb29341b0a6f116cb1fbdc","The Daily Telegraph can reveal Raiders officials will meet with the flyer's agent in New Zealand next week to kickstart negotiations. The Raiders play the Warriors at Mt Smart Stadium next Friday and ..."
"nzl","New Zealand Warriors","Charnze Nicoll-Klokstad","Fullback","backup_baseline","2","player_specific_profile_candidate","ntnews.com.au","true","false","35","","bing-news-rss","salary_contract","Thu, 04 Jun 2026 23:25:00 GMT","Northern Territory News","","","Charnze Nicoll-Klokstad's cut-priced 'Whisperer' driving rapid NRL rise","https://www.ntnews.com.au/sport/charnze-nicollklokstads-cutpriced-whisperer-driving-rapid-nrl-rise/news-story/9629f018165f211105951fdb953b6ba6","In a year where 'Whisperers' have continuously been in the headlines — most notably Joe Wehbe and Bradley Charles Stubbs — it now appears McFadden, the largely anonymous Raiders assistant coach, could ..."
"nzl","New Zealand Warriors","Dallin Watene-Zelezniak","Winger","backup_baseline","1","player_specific_contract_candidate","dailytelegraph.com.au","true","true","55","contract_or_salary_language|term_length_language","bing-news-rss","publisher_text_dt","Sun, 21 Jun 2026 06:39:00 GMT","The Daily Telegraph","","","Dallin Watene-Zelezniak to sign Warriors extension","https://www.dailytelegraph.com.au/sport/nrl/dallin-watenezelezniak-to-sign-warriors-extension/news-story/02106a40d047e5eb76f62519ab0174eb","Ahead of Sunday's clash with the Cowboys in Christchurch, the 30-year-old is preparing to take his career at the Warriors to a seventh season by signing a new 12-month contract. A cult figure among ..."
"nzl","New Zealand Warriors","Dallin Watene-Zelezniak","Winger","backup_baseline","2","player_specific_contract_candidate","rnz.co.nz","true","false","51","contract_or_salary_language|term_language","bing-news-rss","salary_contract|team_contract|signed_until","Sun, 05 Jul 2026 23:51:00 GMT","RNZ","","","NZ Warriors star Dallin Watene-Zelezniak extends contract through 2028","https://www.rnz.co.nz/news/sport/680770/nz-warriors-star-dallin-watene-zelezniak-extends-contract-through-2028","NZ Warriors coach Andrew Webster has seen his wish granted, with tryscoring wing Dallin Watene-Zelezniak locked into a contract extension that will see him stay at Mt Smart until the end of 2028."
"nzl","New Zealand Warriors","Dallin Watene-Zelezniak","Winger","backup_baseline","3","player_specific_contract_candidate","ntnews.com.au","true","false","51","contract_or_salary_language|term_length_language","bing-news-rss","salary_contract","Sun, 21 Jun 2026 06:39:00 GMT","Northern Territory News","","","Dallin Watene-Zelezniak to sign Warriors extension","https://www.ntnews.com.au/sport/nrl/dallin-watenezelezniak-to-sign-warriors-extension/news-story/02106a40d047e5eb76f62519ab0174eb","Ahead of Sunday's clash with the Cowboys in Christchurch, the 30-year-old is preparing to take his career at the Warriors to a seventh season by signing a new 12-month contract. A cult figure among ..."
"nzl","New Zealand Warriors","Dallin Watene-Zelezniak","Winger","backup_baseline","4","player_specific_contract_candidate","au.sports.yahoo.com","true","false","44","contract_or_salary_language|term_length_language","bing-news-rss","salary_contract","Sat, 20 Jun 2026 17:00:00 GMT","Yahoo Sport Australia","","","Whispers of extension for Warriors winger","https://au.sports.yahoo.com/whispers-extension-warriors-winger-044659320.html","Dallin Watene-Zelezniak is set to extend his stay at the Warriors, with the veteran winger poised to sign a one-year contract extension that would take him into a seventh season at the club. Since ..."
"nzl","New Zealand Warriors","Dallin Watene-Zelezniak","Winger","backup_baseline","5","player_specific_contract_candidate","thechronicle.com.au","false","false","37","contract_or_salary_language|term_length_language","bing-news-rss","signed_until","Sun, 21 Jun 2026 06:39:00 GMT","The Toowoomba Chronicle","","","Dallin Watene-Zelezniak to sign Warriors extension","https://www.thechronicle.com.au/sport/nrl/dallin-watenezelezniak-to-sign-warriors-extension/news-story/02106a40d047e5eb76f62519ab0174eb","Ahead of Sunday's clash with the Cowboys in Christchurch, the 30-year-old is preparing to take his career at the Warriors to a seventh season by signing a new 12-month contract. A cult figure among ..."
"nzl","New Zealand Warriors","Dallin Watene-Zelezniak","Winger","backup_baseline","6","player_specific_contract_candidate","au.sports.yahoo.com","true","false","36","contract_or_salary_language","bing-news-rss","team_contract|signed_until","Sun, 05 Jul 2026 23:14:00 GMT","Yahoo Sports Australia","","","Warriors re-sign prolific try-scoring winger","https://au.sports.yahoo.com/warriors-sign-prolific-try-scoring-061456326.html","The New Zealand Warriors have confirmed Dallin Watene-Zelezniak will remain in Auckland until at least the end of the 2028 NRL season. The Kiwi international's new extension will mark an eight-year ..."
"nzl","New Zealand Warriors","Rocco Berry","Centre","backup_baseline","","no_candidate_found","","","","","","","","","","","","","",""
"nzl","New Zealand Warriors","Adam Pompey","Centre","backup_baseline","","no_candidate_found","","","","","","","","","","","","","",""
"nzl","New Zealand Warriors","Roger Tuivasa-Sheck","Winger","backup_baseline","1","player_specific_contract_candidate","abc.net.au","true","false","56","contract_or_salary_language|signing_language|term_length_language","bing-news-rss","signed_until","Fri, 27 Mar 2026 09:51:00 GMT","Australian Broadcasting Corporation","","","Roger Tuivasa-Sheck signs for English club Wakefield Trinity, to leave Warriors at end of NRL season","https://www.abc.net.au/news/2026-03-28/roger-tuivasa-sheck-signs-for-english-club-wakefield-trinity/106506466","Former Dally M medal winner Roger Tuivasa-Sheck will leave the New Zealand Warriors at the end of the season. The Kiwi international has signed a two-year deal to play for Wakefield Trinity in the ..."
"nzl","New Zealand Warriors","Roger Tuivasa-Sheck","Winger","backup_baseline","2","player_specific_contract_candidate","theaustralian.com.au","true","true","44","signing_language","bing-news-rss","signed_until","Mon, 25 May 2026 17:26:00 GMT","The Australian","","","'ACL confirmed': Roger Tuivasa-Sheck's NRL career is over after devastating knee injury confirmed","https://www.theaustralian.com.au/news/latest-news/acl-confirmed-roger-tuivasashecks-nrl-career-is-over-after-devastating-knee-injury-confirmed/news-story/e8a505b13b0c17fcdf6c6c5c43feae90","Tuivasa-Sheck, 32, will leave the Warriors at the end of the year to join Super League side Wakefield Trinity for the next two seasons. It's a brutal way for his NRL career to end, with Tuivasa-Sheck ..."
"nzl","New Zealand Warriors","Roger Tuivasa-Sheck","Winger","backup_baseline","3","player_specific_contract_candidate","dailytelegraph.com.au","true","true","44","signing_language","bing-news-rss","publisher_text_dt","Mon, 25 May 2026 17:29:00 GMT","The Daily Telegraph","","","'ACL confirmed': Roger Tuivasa-Sheck's NRL career is over after devastating knee injury confirmed","https://www.dailytelegraph.com.au/sport/nrl/acl-confirmed-roger-tuivasashecks-nrl-career-is-over-after-devastating-knee-injury-confirmed/news-story/e8a505b13b0c17fcdf6c6c5c43feae90","Tuivasa-Sheck, 32, will leave the Warriors at the end of the year to join Super League side Wakefield Trinity for the next two seasons. It's a brutal way for his NRL career to end, with Tuivasa-Sheck ..."
"nzl","New Zealand Warriors","Roger Tuivasa-Sheck","Winger","backup_baseline","4","player_specific_contract_candidate","heraldsun.com.au","true","false","43","term_language","bing-news-rss","team_contract","Tue, 27 Feb 2018 09:01:00 GMT","heraldsun.com.au","","","Warriors captain Roger Tuivasa-Sheck re-signs with New Zealand until 2022","https://www.heraldsun.com.au/sport/nrl/teams/warriors/warriors-captain-roger-tuivasasheck-resigns-with-new-zealand-until-2022/news-story/1398fbd52b53170cc3bd246a49c30d26","The Warriors announced the move at their season launch on Tuesday. ""I'm excited knowing my future will be with the Vodafone Warriors for another four years after this season,"" said Tuivasa-Sheck."
"nzl","New Zealand Warriors","Roger Tuivasa-Sheck","Winger","backup_baseline","5","player_specific_profile_candidate","foxsports.com.au","true","true","39","","bing-news-rss","team_contract","Sun, 24 May 2026 17:00:00 GMT","Fox Sports","","","BREAKING: Warriors confirm Roger Tuivasa-Sheck ACL fears as legend's NRL career over","https://www.foxsports.com.au/nrl/nrl-premiership/nrl-2026-fears-roger-tuivasasheck-has-suffered-torn-acl-update-career-over-warriors/news-story/de699aeb7d2bd403090e39849b0e1a0e","WHAT'S GAMBLING REALLY COSTING YOU? Set a deposit limit. For Free and confidential support call 1800 858 858 or visit gamblinghelponline.org.au. ""That's my footy for the year. ACL confirmed. Tough to ..."
"nzl","New Zealand Warriors","Roger Tuivasa-Sheck","Winger","backup_baseline","6","player_specific_profile_candidate","au.sports.yahoo.com","true","false","35","","bing-news-rss","team_contract|signed_until","Sun, 24 May 2026 17:00:00 GMT","Yahoo Sport Australia","","","Has Roger Tuivasa-Sheck played his last NRL game?","https://au.sports.yahoo.com/roger-tuivasa-sheck-played-last-011527641.html","There are major fears Roger Tuivasa-Sheck has played his last game in the NRL following the New Zealand Warriors star hobbling off the field at Kogarah on Saturday night. The New Zealand Warriors went ..."
"nzl","New Zealand Warriors","Roger Tuivasa-Sheck","Winger","backup_baseline","7","player_specific_profile_candidate","ntnews.com.au","true","false","35","","bing-news-rss","team_contract","Wed, 12 Aug 2020 09:18:00 GMT","Northern Territory News","","","Roger Tuivasa-Sheck considering code switch as angst grows among New Zealand Warriors players","https://www.ntnews.com.au/sport/nrl/roger-tuivasasheck-considering-shock-code-switch-as-angst-grows-among-new-zealand-warriors-players/news-story/d597e2cdce61111073fc2a91d6ba805b","Skipper Roger Tuivasa-Sheck is considering a shock code switch and he isn't the only Warriors player thinking about exiting the embattled club. Super Rugby side Auckland Blues have reached out to ..."
"nzl","New Zealand Warriors","Roger Tuivasa-Sheck","Winger","backup_baseline","8","player_specific_profile_candidate","abc.net.au","true","false","35","","bing-news-rss","signed_until","Mon, 25 May 2026 17:00:00 GMT","Australian Broadcasting Corporation","","","Roger Tuivasa-Sheck to miss rest of 2026 NRL season after ACL injury","https://www.abc.net.au/news/2026-05-26/roger-tuivasa-sheck-to-miss-rest-of-2026-nrl-season-acl-injury/106722022","Roger Tuivasa-Sheck has announced he will miss the rest of the NRL season after injuring his ACL last weekend. Tuivasa-Sheck, 32, limped off in the Warriors' round 12 win over the St George Illawarra ..."
"nzl","New Zealand Warriors","Roger Tuivasa-Sheck","Winger","backup_baseline","9","player_specific_profile_candidate","au.sports.yahoo.com","true","false","35","","bing-news-rss","signed_until","Fri, 29 May 2026 16:59:00 GMT","Yahoo Sport Australia","","","Where does Roger Tuivasa-Sheck sit among the all-time NRL backline greats?","https://au.sports.yahoo.com/where-does-roger-tuivasa-sheck-224738920.html","Unfortunate news dropped during the week as it was confirmed that Roger Tuivasa-Sheck has suffered an ACL injury. It brings to an end an NRL career that spanned over 13 seasons (across 15 years), 242 ..."
"nzl","New Zealand Warriors","Luke Metcalf","Five-Eighth","backup_baseline","1","player_specific_salary_candidate","dailytelegraph.com.au","true","true","75","money|contract_or_salary_language|signing_language|term_length_language","bing-news-rss","publisher_text_dt","Thu, 14 May 2026 11:45:00 GMT","The Daily Telegraph","","","Luke Metcalf agrees to join St George Illawarra Dragons on three-year deal","https://www.dailytelegraph.com.au/sport/dragons-in-box-seat-to-sign-luke-metcalf-as-canterbury-pulls-out/news-story/40c8d2814940c3fe3ea1ea9da6178d64","It is understood Metcalf has agreed to a three-year contract worth about $900,000 a season as the Dragons look to fast-trick their rise from the bottom of the premiership ladder. Metcalf flew to ..."
"nzl","New Zealand Warriors","Luke Metcalf","Five-Eighth","backup_baseline","2","player_specific_salary_candidate","foxsports.com.au","true","true","54","money","bing-news-rss","salary_contract","Thu, 14 May 2026 12:22:00 GMT","Fox Sports","","","Dragons confirm 'significant' $2.7m coup as Luke Metcalf signs on","https://www.foxsports.com.au/nrl/nrl-premiership/nrl-2026-luke-metcalf-signs-threeyear-deal-with-dragons-contract-details-pay-warriors/news-story/5221c4895130a16c0378b74f3833af16","WHAT'S GAMBLING REALLY COSTING YOU? Set a deposit limit. For Free and confidential support call 1800 858 858 or visit gamblinghelponline.org.au. Metcalf had been given permission by the Warriors to ..."
"nzl","New Zealand Warriors","Luke Metcalf","Five-Eighth","backup_baseline","3","player_specific_contract_candidate","couriermail.com.au","true","true","60","contract_or_salary_language|signing_language|term_length_language","bing-news-rss","publisher_text_dt","Thu, 14 May 2026 11:45:00 GMT","The Courier-Mail","","","Luke Metcalf agrees to join St George Illawarra Dragons on three-year deal","https://www.couriermail.com.au/sport/dragons-in-box-seat-to-sign-luke-metcalf-as-canterbury-pulls-out/news-story/40c8d2814940c3fe3ea1ea9da6178d64","St George Illawarra are set to secure their second key spine member in as many months with star Warriors playmaker Luke Metcalf agreeing to a long-term deal. It is understood Metcalf has agreed to a ..."
"nzl","New Zealand Warriors","Luke Metcalf","Five-Eighth","backup_baseline","4","player_specific_contract_candidate","news.com.au","true","true","44","signing_language","bing-news-rss","signed_until","Mon, 11 May 2026 20:42:00 GMT","Couriermail","","","New Zealand Warriors' frosty response as Luke Metcalf seeks exit","https://www.news.com.au/sport/nrl/nrl-bombshell-as-new-zealand-warriors-star-luke-metcalf-seeks-exit/news-story/1bb2726ed79d4409d38ee52948572b89","Watch every game of every round of the Premiership Season LIVE with no ad-breaks during play on FOX LEAGUE, available on Kayo Sports | New to Kayo? Join now and get your first month for just $1. ""The ..."
"nzl","New Zealand Warriors","Luke Metcalf","Five-Eighth","backup_baseline","5","player_specific_contract_candidate","ntnews.com.au","true","false","40","signing_language","bing-news-rss","team_contract","Mon, 11 May 2026 20:42:00 GMT","Northern Territory News","","","New Zealand Warriors' frosty response as Luke Metcalf seeks exit","https://www.ntnews.com.au/sport/nrl/nrl-bombshell-as-new-zealand-warriors-star-luke-metcalf-seeks-exit/news-story/1bb2726ed79d4409d38ee52948572b89","Watch every game of every round of the Premiership Season LIVE with no ad-breaks during play on FOX LEAGUE, available on Kayo Sports | New to Kayo? Join now and get your first month for just $1. ""The ..."
"nzl","New Zealand Warriors","Luke Metcalf","Five-Eighth","backup_baseline","6","player_specific_profile_candidate","theaustralian.com.au","true","true","39","","bing-news-rss","signed_until","Tue, 05 May 2026 17:00:00 GMT","The Australian","","","Luke Metcalf's management to seek clarity on star's role as halfback position uncertain","https://www.theaustralian.com.au/sport/nrl/luke-metcalfs-management-to-seek-clarity-on-stars-role-as-halfback-position-uncertain/news-story/be241f8b9c43c49b35f6b6951fdac326","Despite previously being regarded as the club's premier playmaker, Metcalf remains behind in-form Tanah Boyd as the Warriors sit second on the NRL premiership ladder. Those close to Metcalf claim he ..."
"nzl","New Zealand Warriors","Luke Metcalf","Five-Eighth","backup_baseline","7","player_specific_profile_candidate","goldcoastbulletin.com.au","true","false","35","","bing-news-rss","salary_contract|signed_until","Tue, 12 May 2026 09:53:00 GMT","Gold Coast Sun","","","Luke Metcalf appears destined for Warriors exit after major call following Tanah Boyd re-signing","https://www.goldcoastbulletin.com.au/sport/nrl/teams/warriors/tanah-boyd-commits-to-warriors-as-huge-new-deal-sparks-casts-doubt-on-luke-metcalfs-future/news-story/1d202d4ff6daf3c98ca9910632897286","Metcalf was been sensationally left out of the Warriors' entire 22-man squad for Sunday's NRL Magic Round clash with premiers Brisbane while he considers his future beyond this season. Warriors chief ..."
"nzl","New Zealand Warriors","Tanah Boyd","Halfback","backup_baseline","1","player_specific_contract_candidate","news.com.au","true","true","55","contract_or_salary_language|term_length_language","bing-news-rss","signed_until","Fri, 22 May 2026 07:02:00 GMT","Couriermail","","","Injured halfback Tanah Boyd locked in to Warriors on new deal","https://www.news.com.au/sport/nrl/injured-halfback-tanah-boyd-locked-in-to-warriors-on-new-deal/news-story/57c2f12bef44f9eb9eacbd3406c35dd0","The three-year contract extension will keep the 25-year-old at the Warriors until the end of the 2029 NRL season. Boyd ruptured the anterior cruciate ligament (ACL) in his right knee in the opening ..."
"nzl","New Zealand Warriors","Tanah Boyd","Halfback","backup_baseline","2","player_specific_contract_candidate","goldcoastbulletin.com.au","true","false","51","contract_or_salary_language|term_length_language","bing-news-rss","salary_contract|team_contract","Fri, 22 May 2026 07:02:00 GMT","Gold Coast Sun","","","Injured halfback Tanah Boyd locked in to Warriors on new deal","https://www.goldcoastbulletin.com.au/sport/nrl/injured-halfback-tanah-boyd-locked-in-to-warriors-on-new-deal/news-story/57c2f12bef44f9eb9eacbd3406c35dd0","The three-year contract extension will keep the 25-year-old at the Warriors until the end of the 2029 NRL season. Boyd ruptured the anterior cruciate ligament (ACL) in his right knee in the opening ..."
"nzl","New Zealand Warriors","Tanah Boyd","Halfback","backup_baseline","3","player_specific_profile_candidate","couriermail.com.au","true","true","39","","bing-news-rss","salary_contract","Tue, 12 May 2026 09:53:00 GMT","The Courier-Mail","","","Luke Metcalf appears destined for Warriors exit after major call following Tanah Boyd re-signing","https://www.couriermail.com.au/sport/nrl/teams/warriors/tanah-boyd-commits-to-warriors-as-huge-new-deal-sparks-casts-doubt-on-luke-metcalfs-future/news-story/1d202d4ff6daf3c98ca9910632897286","Metcalf was been sensationally left out of the Warriors' entire 22-man squad for Sunday's NRL Magic Round clash with premiers Brisbane while he considers his future beyond this season. Warriors chief ..."
"nzl","New Zealand Warriors","James Fisher-Harris","Prop","backup_baseline","","no_candidate_found","","","","","","","","","","","","","",""
"nzl","New Zealand Warriors","Wayde Egan","Hooker","backup_baseline","","no_candidate_found","","","","","","","","","","","","","",""
"nzl","New Zealand Warriors","Jackson Ford","Prop","backup_baseline","","no_candidate_found","","","","","","","","","","","","","",""
"nzl","New Zealand Warriors","Kurt Capewell","2nd Row","backup_baseline","1","player_specific_salary_candidate","ntnews.com.au","true","false","43","money","bing-news-rss","salary_contract","Wed, 14 Apr 2021 09:04:00 GMT","Northern Territory News","","","Panthers and Maroons forward linked with $450k move to Broncos","https://www.ntnews.com.au/sport/nrl/nrl-2021-kurt-capewell-future-brisbane-broncos-penrith-panthers-contract/news-story/3d044a604eb62b04e1b5caec7e9e777a","In form Penrith Panthers back-rower Kurt Capewell has been linked with a move to the Brisbane Broncos ahead of the 2022 NRL season. The Courier Mail reported the Queensland Origin star has been in ..."
"nzl","New Zealand Warriors","Kurt Capewell","2nd Row","backup_baseline","2","player_specific_contract_candidate","rnz.co.nz","true","false","43","contract_or_salary_language","bing-news-rss","team_contract","Tue, 07 Jul 2026 20:03:00 GMT","RNZ","","","Warriors turn attention to retaining Origin star Kurt Capewell","https://www.rnz.co.nz/news/sport/686527/warriors-turn-attention-to-retaining-origin-star-kurt-capewell","NZ Warriors coach Andrew Webster seems quietly confident of retaining Origin star Kurt Capewell beyond the end of his contract this season. The Auckland-based NRL club has already had a great week on ..."
"nzl","New Zealand Warriors","Leka Halasima","2nd Row","backup_baseline","","no_candidate_found","","","","","","","","","","","","","",""
"nzl","New Zealand Warriors","Mitch Barnett","Lock","backup_baseline","1","player_specific_contract_candidate","rnz.co.nz","true","false","51","contract_or_salary_language|term_length_language","bing-news-rss","signed_until","Thu, 16 Apr 2026 14:18:00 GMT","rnz","","","NRL: NZ Warriors sign Grant Anderson in Brisbane Broncos exchange for Mitch Barnett","https://www.rnz.co.nz/news/sport/592595/nrl-nz-warriors-sign-grant-anderson-in-brisbane-broncos-exchange-for-mitch-barnett","NZ Warriors have completed a rumoured player exchange with Brisbane Broncos, receiving outside back Grant Anderson on a three-year contract from next season. The deal compensates the Auckland NRL club ..."
"nzl","New Zealand Warriors","Mitch Barnett","Lock","backup_baseline","2","player_specific_contract_candidate","au.news.yahoo.com","true","false","40","signing_language","bing-news-rss","salary_contract|signed_until","Thu, 16 Apr 2026 09:15:00 GMT","Yahoo News Australia","","","Broncos star on cusp of re-signing after teammate sent to Warriors in Mitch Barnett swap","https://au.news.yahoo.com/broncos-star-on-cusp-of-re-signing-after-teammate-sent-to-warriors-in-mitch-barnett-swap-231619119.html","Mitch Barnett has finally secured his widely publicised move to the Broncos after the Warriors landed outside back Grant Anderson in return. Former Storm star Anderson has agreed to cut his stay in ..."
"nzl","New Zealand Warriors","Chanel Tevita-Harris","Interchange","backup_baseline","","no_candidate_found","","","","","","","","","","","","","",""
"nzl","New Zealand Warriors","Erin Clark","Interchange","backup_baseline","","no_candidate_found","","","","","","","","","","","","","",""
"nzl","New Zealand Warriors","Morgan Gannon","Interchange","backup_baseline","1","player_specific_contract_candidate","couriermail.com.au","true","true","55","contract_or_salary_language|term_length_language","bing-news-rss","salary_contract|team_contract","Thu, 11 Jun 2026 12:27:00 GMT","The Courier-Mail","","","Warriors grant Morgan Gannon early release with international gun returning to UK","https://www.couriermail.com.au/sport/nrl/warriors-grant-morgan-gannon-early-release-with-international-gun-returning-to-uk/news-story/330a6affb7e5a6f8f44363de2963c52e","English forward Morgan Gannon will depart the Warriors at the end of this season just 12-months into a three-year deal due to personal reasons. The Warriors have granted Gannon the unfortunate release ..."
"nzl","New Zealand Warriors","Morgan Gannon","Interchange","backup_baseline","2","player_specific_contract_candidate","dailytelegraph.com.au","true","true","47","contract_or_salary_language","bing-news-rss","publisher_text_dt","Thu, 11 Jun 2026 12:27:00 GMT","The Daily Telegraph","","","Warriors grant Morgan Gannon early release with international gun returning to UK","https://www.dailytelegraph.com.au/sport/nrl/warriors-grant-morgan-gannon-early-release-with-international-gun-returning-to-uk/news-story/330a6affb7e5a6f8f44363de2963c52e","The Warriors have granted Gannon the unfortunate release despite holding high hopes for the powerful back rower. Gannon's release will free-up significant salary cap space for the Warriors, who also ..."
"nzl","New Zealand Warriors","Morgan Gannon","Interchange","backup_baseline","3","player_specific_contract_candidate","themercury.com.au","true","false","43","contract_or_salary_language","bing-news-rss","team_contract","Wed, 10 Jun 2026 17:00:00 GMT","The Mercury","","","Warriors grant Morgan Gannon early release with international gun returning to UK","https://www.themercury.com.au/sport/nrl/warriors-grant-morgan-gannon-early-release-with-international-gun-returning-to-uk/news-story/330a6affb7e5a6f8f44363de2963c52e","The Warriors have granted Gannon the unfortunate release despite holding high hopes for the powerful back rower. Gannon's release will free-up significant salary cap space for the Warriors, who also ..."
"nzl","New Zealand Warriors","Morgan Gannon","Interchange","backup_baseline","4","player_specific_contract_candidate","thechronicle.com.au","false","false","29","contract_or_salary_language","bing-news-rss","salary_contract","Thu, 11 Jun 2026 12:27:00 GMT","The Toowoomba Chronicle","","","Warriors grant Morgan Gannon early release with international gun returning to UK","https://www.thechronicle.com.au/sport/nrl/warriors-grant-morgan-gannon-early-release-with-international-gun-returning-to-uk/news-story/330a6affb7e5a6f8f44363de2963c52e","The Warriors have granted Gannon the unfortunate release despite holding high hopes for the powerful back rower. Gannon's release will free-up significant salary cap space for the Warriors, who also ..."
"nzl","New Zealand Warriors","Marata Niukore","Interchange","backup_baseline","1","player_specific_contract_candidate","theaustralian.com.au","true","true","55","contract_or_salary_language|term_length_language","bing-news-rss","signed_until","Fri, 13 Mar 2026 17:01:00 GMT","The Australian","","","NRL transfer news: Warriors set to lose Marata Niukore to Knights","https://www.theaustralian.com.au/sport/nrl/nrl-transfer-news-wests-tigers-set-to-extend-star-halfback-adam-doueihi/news-story/ad054a531ffbfae7c6662caf6863db4f","Just days after Warriors representative prop Mitchell Barnett inked a three-year deal with the Broncos for 2027, Niukore, 29, is in the final stages of inking a deal under Justin Holbrook at the ..."
"nzl","New Zealand Warriors","Marata Niukore","Interchange","backup_baseline","2","player_specific_contract_candidate","couriermail.com.au","true","true","47","contract_or_salary_language","bing-news-rss","signed_until","Sat, 14 Mar 2026 05:58:00 GMT","The Courier-Mail","","","NRL transfer news: Warriors set to lose Marata Niukore to Knights","https://www.couriermail.com.au/sport/nrl/nrl-transfer-news-wests-tigers-set-to-extend-star-halfback-adam-doueihi/news-story/ad054a531ffbfae7c6662caf6863db4f","Still reeling from the loss of Mitch Barnett, the Warriors are preparing to lose another major cog in their forward pack, with a star in the final stages of inking a deal with a rival club. Just days ..."
"nzl","New Zealand Warriors","Jacob Laban","Unknown","derived_bucket_range","","no_candidate_found","","","","","","","","","","","","","",""
"nzl","New Zealand Warriors","Alofiana Khan-Pereira","Unknown","derived_bucket_range","","no_candidate_found","","","","","","","","","","","","","",""
"nzl","New Zealand Warriors","Ali Leiataua","Unknown","derived_bucket_range","","no_candidate_found","","","","","","","","","","","","","",""
"nzl","New Zealand Warriors","Demitric Vaimauga","Unknown","derived_bucket_range","","no_candidate_found","","","","","","","","","","","","","",""
"nzl","New Zealand Warriors","Eddie Ieremia-Toeava","Unknown","derived_bucket_range","","no_candidate_found","","","","","","","","","","","","","",""
"nzl","New Zealand Warriors","Haizyn Mellars","Unknown","derived_bucket_range","","no_candidate_found","","","","","","","","","","","","","",""
"nzl","New Zealand Warriors","Jye Linnane","Unknown","derived_bucket_range","","no_candidate_found","","","","","","","","","","","","","",""
"nzl","New Zealand Warriors","Kayliss Fatialofa","Unknown","derived_bucket_range","","no_candidate_found","","","","","","","","","","","","","",""
"nzl","New Zealand Warriors","Sam Healey","Unknown","derived_bucket_range","","no_candidate_found","","","","","","","","","","","","","",""
"nzl","New Zealand Warriors","Taine Tuaupiki","Unknown","derived_bucket_range","","no_candidate_found","","","","","","","","","","","","","",""
"nzl","New Zealand Warriors","Tanner Stowers-Smith","Unknown","derived_bucket_range","","no_candidate_found","","","","","","","","","","","","","",""
"nzl","New Zealand Warriors","Te Maire Martin","Unknown","derived_bucket_range","1","player_specific_contract_candidate","au.sports.yahoo.com","true","false","36","contract_or_salary_language","bing-news-rss","salary_contract|team_contract","Mon, 06 Jul 2026 02:15:00 GMT","Yahoo Sports Australia","","","Another one: Warriors land second contract extension on busy Monday","https://au.sports.yahoo.com/another-one-warriors-land-second-091558345.html","The New Zealand Warriors have confirmed Te Maire Martin will spend another season with the club, extending his contract through to the end of the 2027 NRL season. The half has been in fine form for ..."
"nzl","New Zealand Warriors","Te Maire Martin","Unknown","derived_bucket_range","2","player_specific_profile_candidate","dailytelegraph.com.au","true","true","40","contract_or_salary_language","bing-news-rss","publisher_text_dt","Sun, 05 Jul 2026 14:22:00 GMT","Daily Telegraph","","","Warriors reward veteran half with contract extension; Dragons star Luciano Leilua quits NRL","https://www.dailytelegraph.com.au/sport/nrl/luciano-leilua-quits-nrl-as-dragons-massive-roster-overhaul-continues/news-story/de58edb5ea1fac9f5d36c141faa5bc96","The Warriors have rewarded halfback Te Maire Martin for sustaining the club's march to the finals despite injury adversity in their halves."
"nzl","New Zealand Warriors","Te Maire Martin","Unknown","derived_bucket_range","3","player_specific_profile_candidate","rnz.co.nz","true","false","35","","bing-news-rss","salary_contract|team_contract|signed_until","Thu, 09 Jul 2026 13:08:00 GMT","RNZ","","","Simple pleasures keep veteran halfback Te Maire Martin at NZ Warriors","https://www.rnz.co.nz/news/sport/695844/simple-pleasures-keep-veteran-halfback-te-maire-martin-at-nz-warriors","Te Maire Martin's decision to extend his stay with NZ Warriors may have come down to a couple of basic life essentials - his life anyway. Hunting and fishing. On Monday, the veteran half completed a ..."
"new","Newcastle Knights","Kalyn Ponga","Fullback","backup_baseline","1","player_specific_salary_candidate","ntnews.com.au","true","false","66","money|contract_or_salary_language|term_length_language","bing-news-rss","salary_contract","Wed, 14 Aug 2019 13:13:00 GMT","Northern Territory News","","","Should Newcastle Knights pay $1 million a season to keep Kalyn Ponga?","https://www.ntnews.com.au/sport/should-newcastle-knights-pay-1-million-a-season-to-keep-kalyn-ponga/news-story/58dd75bd170767c20b0454cdc885d28a","Newcastle Knights star Kalyn Ponga burst on to the rugby league scene like a one-in-a-million player — but is the 21-year-old worth $1 million a season? LEAGUE CENTRAL went to the heart and soul of ..."
"new","Newcastle Knights","Kalyn Ponga","Fullback","backup_baseline","2","player_specific_contract_candidate","goldcoastbulletin.com.au","true","false","43","contract_or_salary_language","bing-news-rss","salary_contract|publisher_text_dt","Thu, 11 Jun 2026 21:07:00 GMT","Gold Coast Sun","","","Monday Bunker: Kalyn Ponga is not worth one million per season","https://www.goldcoastbulletin.com.au/sport/monday-bunker-kalyn-ponga-is-not-worth-one-million-per-season/news-story/3f55d657ad633a2dad677c0cd7ba94ce","Our Monday Bunker crew were in agreement that Kalyn Ponga isn't worth his six million dollar asking price, with one panel member believing he isn't even in the game's elite category. HAVE YOUR SAY The ..."
"new","Newcastle Knights","Kalyn Ponga","Fullback","backup_baseline","3","player_specific_contract_candidate","thechronicle.com.au","false","false","29","contract_or_salary_language","bing-news-rss","team_contract","Mon, 13 May 2024 14:55:00 GMT","The Toowoomba Chronicle","","","Kalyn Ponga third-party deal being investigated by NRL","https://www.thechronicle.com.au/sport/nrl/kalyn-ponga-thirdparty-deal-being-investigated-by-nrl/news-story/52db5f6c59bcb6778a0d9bc6da0ce9c9","The NRL is investigating a potential breach of the salary cap over a third-party deal involving Newcastle superstar Kalyn Ponga. ""The NRL is aware of the matter and is reviewing it,"" the league told ..."
"new","Newcastle Knights","Kalyn Ponga","Fullback","backup_baseline","4","player_specific_profile_candidate","theaustralian.com.au","true","true","39","","bing-news-rss","team_contract","Fri, 05 Jun 2026 17:00:00 GMT","The Australian","","","NRL Round 14: Kalyn Ponga receives warning, free to play Origin II shoulder charge","https://www.theaustralian.com.au/sport/nrl/nrl-round-14-phoenix-crossland-taken-to-hospital-in-knights-v-storm-clash/news-story/a7de6d131fc490e9c6cbceab3e1921ce","Ponga came under scrutiny for a tackle on Melbourne flyer Will Warbrick during Newcastle's loss on Friday night. Ponga dislodged the ball in the try scoring effort. However he has been cleared by the ..."
"new","Newcastle Knights","Kalyn Ponga","Fullback","backup_baseline","5","player_specific_profile_candidate","couriermail.com.au","true","true","39","","bing-news-rss","signed_until","Sat, 06 Jun 2026 08:40:00 GMT","The Courier-Mail","","","NRL Round 14: Kalyn Ponga receives warning, free to play Origin II shoulder charge","https://www.couriermail.com.au/sport/nrl/nrl-round-14-phoenix-crossland-taken-to-hospital-in-knights-v-storm-clash/news-story/a7de6d131fc490e9c6cbceab3e1921ce","Ponga came under scrutiny for a tackle on Melbourne flyer Will Warbrick during Newcastle's loss on Friday night. Ponga dislodged the ball in the try scoring effort. However he has been cleared by the ..."
"new","Newcastle Knights","Kalyn Ponga","Fullback","backup_baseline","6","player_specific_profile_candidate","7news.com.au","true","false","36","contract_or_salary_language","bing-news-rss","seven","Mon, 23 Sep 2024 08:54:00 GMT","7NEWS Australia","","","Broncos superstar Reece Walsh agrees to multi-million dollar contract extension","https://7news.com.au/sport/rugby-league/broncos-superstar-reece-walsh-agrees-to-multi-million-dollar-contract-extension-c-16162034","It is thought Walsh's new contract will make him second-highest paid player in the competition behind Newcastle Knights star Kalyn Ponga. Walsh is only 22 years old and Broncos ..."
"new","Newcastle Knights","Kalyn Ponga","Fullback","backup_baseline","7","player_specific_profile_candidate","ntnews.com.au","true","false","35","","bing-news-rss","team_contract","Thu, 17 Nov 2016 10:34:00 GMT","Northern Territory News","","","Newcastle Knights legend Andrew Johns gives Kalyn Ponga his seal of approval","https://www.ntnews.com.au/sport/nrl/teams/knights/newcastle-knights-legend-andrew-johns-gives-kalyn-ponga-his-seal-of-approval/news-story/cda03405ffca1116b677a86979f998cc","LEAGUE immortal Andrew Johns believes the big dollars Newcastle Knights are spending on Cowboys young gun Kalyn Ponga will be money well spent. Newcastle's greatest player lavished Ponga with praise ..."
"new","Newcastle Knights","Kalyn Ponga","Fullback","backup_baseline","8","player_specific_profile_candidate","themercury.com.au","true","false","35","","bing-news-rss","team_contract","Fri, 05 Jun 2026 15:02:00 GMT","The Mercury","","","Kalyn Ponga embroiled in storm once again as he almost repeats Origin offence","https://www.themercury.com.au/sport/nrl/kalyn-ponga-embroiled-in-storm-once-again-as-he-almost-repeats-origin-offence/news-story/20df2ae8229dbbf6bb77d1a7db79c62c","The Newcastle Knights star stayed on the pitch against Melbourne Storm as he did not make contact with Will Warbrick and actually produced a try-saving tackle. Watch every game of every round of the ..."
"new","Newcastle Knights","Dominic Young","Winger","backup_baseline","","no_candidate_found","","","","","","","","","","","","","",""
"new","Newcastle Knights","Dane Gagai","Centre","backup_baseline","1","player_specific_contract_candidate","couriermail.com.au","true","true","60","contract_or_salary_language|signing_language|term_length_language","bing-news-rss","signed_until","Thu, 25 Jun 2026 06:51:00 GMT","The Courier-Mail","","","Dane Gagai agrees to return to Brisbane Broncos on a one-year deal","https://www.couriermail.com.au/sport/nrl/broncos-coach-michael-maguire-addresses-bid-to-bring-dane-gagai-back-to-brisbane/news-story/c263768d094b39318ccb5745856f834e","The former Queensland Origin star has agreed to terms on a one-year contract, with the Broncos staving off interest from four rivals to bring Gagai back for a Red Hill swan song. Gagai passed a ..."
"new","Newcastle Knights","Dane Gagai","Centre","backup_baseline","2","player_specific_contract_candidate","au.sports.yahoo.com","true","false","56","contract_or_salary_language|signing_language|term_length_language","bing-news-rss","salary_contract","Wed, 24 Jun 2026 18:40:00 GMT","Yahoo Sport Australia","","","Dane Gagai makes a decision on his NRL future","https://au.sports.yahoo.com/dane-gagai-makes-decision-nrl-014002709.html","Dane Gagai's NRL future has been settled, with the veteran centre set to join the Brisbane Broncos on a one-year deal from next season, bringing a decorated 16-year career full circle. The Newcastle ..."
"new","Newcastle Knights","Dane Gagai","Centre","backup_baseline","3","player_specific_contract_candidate","goldcoastbulletin.com.au","true","false","56","contract_or_salary_language|signing_language|term_length_language","bing-news-rss","salary_contract","Thu, 25 Jun 2026 06:51:00 GMT","Gold Coast Sun","","","Dane Gagai agrees to return to Brisbane Broncos on a one-year deal","https://www.goldcoastbulletin.com.au/sport/nrl/broncos-coach-michael-maguire-addresses-bid-to-bring-dane-gagai-back-to-brisbane/news-story/c263768d094b39318ccb5745856f834e","The former Queensland Origin star has agreed to terms on a one-year contract, with the Broncos staving off interest from four rivals to bring Gagai back for a Red Hill swan song. Gagai passed a ..."
"new","Newcastle Knights","Dane Gagai","Centre","backup_baseline","4","player_specific_contract_candidate","zerotackle.com","true","false","56","contract_or_salary_language|signing_language|term_length_language","bing-news-rss","team_contract","Wed, 24 Jun 2026 20:05:00 GMT","Zero Tackle","","","Dane Gagai makes a decision on his NRL future","https://www.zerotackle.com/dane-gagai-makes-a-decision-on-his-nrl-future-235249/","Dane Gagai's NRL future has been settled, with the veteran centre set to join the Brisbane Broncos on a one-year deal from next season, bringing a decorated 16-year career full circle."
"new","Newcastle Knights","Dane Gagai","Centre","backup_baseline","5","player_specific_contract_candidate","theaustralian.com.au","true","true","55","contract_or_salary_language|term_length_language","bing-news-rss","signed_until","Mon, 22 Jun 2026 17:00:00 GMT","The Australian","","","Dane Gagai set for shock Broncos return as Knights pull out of the race","https://www.theaustralian.com.au/sport/nrl/maroons-great-dane-gagai-in-talks-over-shock-return-to-brisbane-broncos/news-story/e483e590e2d2bba6faea6f4feb5d0ce6","Newcastle recruitment boss Peter O'Sullivan has addressed Gagai's future in the steel city, conceding the resurgent Knights cannot table a new deal for the 35-year-old due to salary-cap restrictions."
"new","Newcastle Knights","Dane Gagai","Centre","backup_baseline","6","player_specific_contract_candidate","townsvillebulletin.com.au","true","false","51","contract_or_salary_language|term_length_language","bing-news-rss","salary_contract","Tue, 23 Jun 2026 04:46:00 GMT","Townsville Bulletin","","","Dane Gagai set for shock Broncos return as Knights pull out of the race","https://www.townsvillebulletin.com.au/sport/nrl/maroons-great-dane-gagai-in-talks-over-shock-return-to-brisbane-broncos/news-story/e483e590e2d2bba6faea6f4feb5d0ce6","Newcastle recruitment boss Peter O'Sullivan has addressed Gagai's future in the steel city, conceding the resurgent Knights cannot table a new deal for the 35-year-old due to salary-cap restrictions."
"new","Newcastle Knights","Dane Gagai","Centre","backup_baseline","7","player_specific_contract_candidate","goldcoastbulletin.com.au","true","false","43","term_length_language","bing-news-rss","team_contract","Sat, 16 May 2026 15:28:00 GMT","Gold Coast Sun","","","Why evergreen Knights veteran Dane Gagai wants not one, but two, Maroons jerseys from Queensland coach Billy Slater","https://www.goldcoastbulletin.com.au/sport/nrl/why-evergreen-knights-veteran-dane-gagai-wants-not-one-but-two-maroons-jerseys-from-queensland-coach-billy-slater/news-story/540ee9aaf15bba717365f5f3d9f7e544","Like Aussie pop icon John Farnham's farewell tour that wasn't, this year isn't a rugby league swan song for Gagai, who is still unsigned for next season. But that hasn't stopped the 35-year old from ..."
"new","Newcastle Knights","Dane Gagai","Centre","backup_baseline","8","player_specific_contract_candidate","themercury.com.au","true","false","43","contract_or_salary_language","bing-news-rss","publisher_text_dt","Mon, 05 Apr 2021 05:22:00 GMT","The Mercury","","","NRL 2021: Dane Gagai set to follow Adam Reynolds out door at Rabbitohs","https://www.themercury.com.au/sport/nrl/nrl-2021-dane-gagai-set-to-follow-adam-reynolds-out-door-at-rabbitohs/news-story/bf572d7454b3012a7eee99a5ab1e0d7f","South Sydney's bulging salary cap seems certain to push Reynolds out and now The Daily Telegraph has been told State of Origin star Gagai is almost certain to leave Redfern after this season. Gagai's ..."
"new","Newcastle Knights","Dane Gagai","Centre","backup_baseline","9","player_specific_contract_candidate","adelaidenow.com.au","true","false","40","signing_language","bing-news-rss","team_contract","Mon, 22 May 2017 08:35:00 GMT","Adelaide Now","","","Newcastle to confirm Dane Gagai exit with Queensland Origin centre set to join South Sydney","https://www.adelaidenow.com.au/sport/nrl/teams/knights/newcastle-to-confirm-dane-gagai-exit-with-queensland-origin-centre-set-to-join-south-sydney/news-story/84051b657a031f2fb64e9ac43ca10af7","NEWCASTLE are set to confirm the club will part company with centre Dane Gagai at the end of the season after six years at the Knights. In the worst kept secret in rugby league, Gagai, who was named ..."
"new","Newcastle Knights","Dane Gagai","Centre","backup_baseline","10","player_specific_profile_candidate","adelaidenow.com.au","true","false","35","","bing-news-rss","publisher_text_dt","Fri, 05 Jun 2026 08:43:00 GMT","Adelaide Now","","","Frustrated by James Roberts' arrival, Dane Gagai could quit South Sydney","https://www.adelaidenow.com.au/sport/nrl/teams/rabbitohs/frustrated-by-james-roberts-arrival-dane-gagai-could-quit-south-sydney/news-story/8bcc94ae8fae19a81fd9d9aeefdc295c","With James Roberts' arrival from Brisbane meaning a shift from centre to the wing, Dane Gagai could leave South Sydney for an NRL rival that will play him in his preferred position. The Daily ..."
"new","Newcastle Knights","Dane Gagai","Centre","backup_baseline","11","player_specific_profile_candidate","au.sports.yahoo.com","true","false","28","","bing-news-rss","signed_until","Wed, 06 May 2026 17:01:00 GMT","Yahoo Sport Australia","","","NRL veteran weighing up surprise move to play alongside brother","https://au.sports.yahoo.com/nrl-veteran-weighing-surprise-move-014519836.html","With 323 NRL games and 16 seasons under his belt, Dane Gagai has accomplished nearly everything in the NRL. However, one thing he hasn't had the opportunity to do is play with his brother, Jacob Gagai ..."
"new","Newcastle Knights","Bradman Best","Centre","backup_baseline","1","player_specific_contract_candidate","au.sports.yahoo.com","true","false","56","contract_or_salary_language|signing_language|term_length_language","bing-news-rss","team_contract","Wed, 24 Jun 2026 18:03:00 GMT","Yahoo Sport Australia","","","Bradman Best contract talks intensify at Newcastle Knights","https://au.sports.yahoo.com/bradman-best-contract-talks-intensify-010344667.html","Bradman Best has confirmed his 17-year-old younger brother Baxter Best will join the Newcastle Knights squad next season. The 17-year-old outside back is currently playing for the Souths Logan Magpies ..."
"new","Newcastle Knights","Bradman Best","Centre","backup_baseline","2","player_specific_profile_candidate","newcastleherald.com.au","false","false","21","","bing-news-rss","team_contract","Tue, 30 Jun 2026 07:53:00 GMT","Newcastle Herald","","","Greg Inglis was one of the NRL's great centres. This is what he thinks of Bradman Best","https://www.newcastleherald.com.au/story/9301978/greg-inglis-weighs-in-on-nsw-recalling-knights-star-bradman-best/","Maroons legend Greg Inglis believes recalled NSW centre Bradman Best can become a rugby league great, but only if he can manage to solve one not-so-simple thing."
"new","Newcastle Knights","Greg Marzhew","Winger","backup_baseline","1","player_specific_contract_candidate","au.sports.yahoo.com","true","false","56","contract_or_salary_language|signing_language|term_language","bing-news-rss","salary_contract|team_contract|signed_until","Tue, 12 May 2026 16:59:00 GMT","Yahoo Sport Australia","","","""Turned down higher offers"": Greg Marzhew locks up next NRL contract","https://au.sports.yahoo.com/turned-down-higher-offers-greg-082856523.html","Newcastle Knights winger Greg Marzhew has signed a long-term contract extension, locking up his future with the club until the end of 2029. The outside back, known for his powerhouse running and ..."
"new","Newcastle Knights","Fletcher Sharpe","Five-Eighth","backup_baseline","","no_candidate_found","","","","","","","","","","","","","",""
"new","Newcastle Knights","Dylan Brown","Halfback","backup_baseline","1","player_specific_salary_candidate","msn.com","false","false","37","money|contract_or_salary_language","bing-news-rss","salary_contract|team_contract|publisher_text_dt|publisher_text_smh","Tue, 30 Jun 2026 15:06:27 GMT","Man of Many on MSN","","","10 highest paid NRL players for 2026","https://www.msn.com/en-au/sport/rugby_league/10-highest-paid-nrl-players-for-2026/ar-AA2719cA","Driven by expanding club salary caps, rugby league's elite stars are securing record-shattering paydays for the 2026 NRL season. Led by Dylan Brown's historic $13 million move, this list looks at the ..."
"new","Newcastle Knights","Dylan Brown","Halfback","backup_baseline","2","player_specific_contract_candidate","au.sports.yahoo.com","true","false","43","contract_or_salary_language","bing-news-rss","team_contract","Sat, 11 Jul 2026 14:48:00 GMT","Yahoo Sports Australia","","","Phoenix Crossland delivers verdict on Dylan Brown's $13-million deal","https://au.sports.yahoo.com/phoenix-crossland-delivers-verdict-dylan-214841938.html","Newcastle Knights hooker Phoenix Crossland has opened up about his reaction to Dylan Brown's record-breaking contract and his experience so far playing with him in the spine. Brown's arrival at the ..."
"new","Newcastle Knights","Dylan Brown","Halfback","backup_baseline","3","player_specific_contract_candidate","nrl.com","true","true","40","contract_or_salary_language","bing-news-rss","team_contract","Sun, 31 May 2026 03:00:00 GMT","National Rugby League","","","Milestone man: Victory over old club no big deal for Dyl","https://www.nrl.com/news/2026/05/31/milestone-man-victory-over-old-club-no-big-deal-for-dyl/","Win or lose, Newcastle Knights halfback Dylan Brown was always going to enjoy his first game against his old club Parramatta. But Brown acknowledged that a 28-22 victory against the Eels at McDonald ..."
"new","Newcastle Knights","Dylan Brown","Halfback","backup_baseline","4","player_specific_profile_candidate","zerotackle.com","true","false","28","","bing-news-rss","zerotackle","Sun, 05 Jul 2026 04:04:00 GMT","zerotackle","","","The biggest misconception around the Eels ""rebuild""","https://www.zerotackle.com/the-biggest-misconception-around-the-eels-rebuild-235478/","With a spine of Clint Gutherson, Dylan Brown, Mitch Moses, and Reed Mahoney that downgraded to Josh Hodgson, who spent the entire 2022 season recovering from an ACL injury, to replace Mahoney, the ..."
"new","Newcastle Knights","Jacob Saifiti","Prop","backup_baseline","1","player_specific_contract_candidate","adelaidenow.com.au","true","false","56","contract_or_salary_language|signing_language|term_language","bing-news-rss","signed_until","Fri, 22 May 2026 12:03:00 GMT","Adelaide Now","","","NRL star Jacob Saifiti opens up on heartbreaking end with brother Daniel, and carrying name in Origin","https://www.adelaidenow.com.au/sport/nrl/teams/nrl-star-jacob-saifiti-opens-up-on-heartbreaking-end-with-brother-daniel-and-carrying-name-in-origin/news-story/2e4a92d0b1332653e2030a253912b71c","It was the end of the 2024 season and former Knights captain Daniel had just signed a contract with the Dolphins after nine years at the club. Meanwhile, Jacob was nursing a calf injury he just ..."
"new","Newcastle Knights","Phoenix Crossland","Hooker","backup_baseline","1","player_specific_contract_candidate","au.sports.yahoo.com","true","false","43","contract_or_salary_language","bing-news-rss","salary_contract|team_contract","Sat, 11 Jul 2026 14:48:00 GMT","Yahoo Sports Australia","","","Phoenix Crossland delivers verdict on Dylan Brown's $13-million deal","https://au.sports.yahoo.com/phoenix-crossland-delivers-verdict-dylan-214841938.html","Newcastle Knights hooker Phoenix Crossland has opened up about his reaction to Dylan Brown's record-breaking contract and his experience so far playing with him in the spine. Brown's arrival at the ..."
"new","Newcastle Knights","Trey Mooney","Prop","backup_baseline","","no_candidate_found","","","","","","","","","","","","","",""
"new","Newcastle Knights","Dylan Lucas","2nd Row","backup_baseline","1","player_specific_contract_candidate","couriermail.com.au","true","true","60","contract_or_salary_language|signing_language|term_length_language","bing-news-rss","signed_until","Fri, 05 Jun 2026 04:06:00 GMT","The Courier-Mail","","","Bulldogs secure Enari Tuala, Sharks re-sign Will Kennedy, Knights extend Origin hopeful Dylan Lucas","https://www.couriermail.com.au/sport/nrl/knights-star-dylan-lucas-inks-three-year-extension-to-stay-in-newcastle-until-the-end-of-2030/news-story/4fb4e103934c19d8e684dc816af82799","The centre/winger has inked a two-year extension before the end of his current deal which was set to expire this November. It comes after the club earlier this season also extended Connor Tracey's ..."
"new","Newcastle Knights","Dylan Lucas","2nd Row","backup_baseline","2","player_specific_contract_candidate","goldcoastbulletin.com.au","true","false","56","contract_or_salary_language|signing_language|term_length_language","bing-news-rss","salary_contract","Fri, 05 Jun 2026 04:06:00 GMT","Gold Coast Sun","","","Bulldogs secure Enari Tuala, Sharks re-sign Will Kennedy, Knights extend Origin hopeful Dylan Lucas","https://www.goldcoastbulletin.com.au/sport/nrl/knights-star-dylan-lucas-inks-three-year-extension-to-stay-in-newcastle-until-the-end-of-2030/news-story/4fb4e103934c19d8e684dc816af82799","The centre/winger has inked a two-year extension before the end of his current deal which was set to expire this November. It comes after the club earlier this season also extended Connor Tracey's ..."
"new","Newcastle Knights","Dylan Lucas","2nd Row","backup_baseline","3","player_specific_profile_candidate","cairnspost.com.au","true","false","35","","bing-news-rss","team_contract","Sat, 30 May 2026 12:14:00 GMT","The Cairns Post","","","Dylan Lucas stars as Newcastle Knights hold on to win 28-22 in thriller over Parramatta Eels","https://www.cairnspost.com.au/sport/nrl/dylan-lucas-stars-as-newcastle-knights-hold-on-to-win-2822-in-thriller-over-parramatta-eels/news-story/87664affd4e324cd64314073ef993850","In a week dominated by State of Origin and all the chatter that surrounds it, no sides were more affected by the mammoth clash than Newcastle and Parramatta. The Eels lost their skipper Mitchell Moses ..."
"new","Newcastle Knights","Jermaine McEwen","2nd Row","backup_baseline","1","player_specific_contract_candidate","townsvillebulletin.com.au","true","false","43","term_length_language","bing-news-rss","team_contract","Wed, 03 Jun 2026 09:51:00 GMT","Townsville Bulletin","","","Knights star Jermaine McEwen faces NRL probe after drink-driving charge","https://www.townsvillebulletin.com.au/sport/nrl/knights-star-jermaine-mcewen-faces-nrl-probe-after-drinkdriving-charge/news-story/9580b96e7eef7e2c456d6f03754d83e0","Newcastle Knights back-rower Jermaine McEwen is under NRL integrity unit investigation after police charged the 21-year-old with drink-driving and driving with a suspended licence. The Knights were ..."
"new","Newcastle Knights","Jermaine McEwen","2nd Row","backup_baseline","2","player_specific_profile_candidate","couriermail.com.au","true","true","39","","bing-news-rss","signed_until","Wed, 03 Jun 2026 11:43:00 GMT","The Courier-Mail","","","Knights star Jermaine McEwen referred to NRL Integrity Unit after drink driving charges","https://www.couriermail.com.au/sport/nrl/knights-star-jermaine-mcewen-referred-to-nrl-integrity-unit-after-drink-driving-charges/news-story/5155c3650faa25d8805079e3a8ab3d9c","The SMH report McEwen was charged for driving with a suspended licence and low-range drink-driving. Watch every game of every round of the NRL Premiership LIVE with no ad-breaks during play on FOX ..."
"new","Newcastle Knights","Jermaine McEwen","2nd Row","backup_baseline","3","player_specific_profile_candidate","thechronicle.com.au","false","false","21","","bing-news-rss","team_contract","Wed, 03 Jun 2026 09:51:00 GMT","The Toowoomba Chronicle","","","Knights star Jermaine McEwen faces NRL probe after drink-driving charge","https://www.thechronicle.com.au/sport/nrl/knights-star-jermaine-mcewen-faces-nrl-probe-after-drinkdriving-charge/news-story/9580b96e7eef7e2c456d6f03754d83e0","The Knights were made aware of the incident and reported it to the integrity unity following making inquiries. McEwen will appear in Newcastle Local Court for the first time for mention on June 25."
"new","Newcastle Knights","Mathew Croker","Lock","backup_baseline","","no_candidate_found","","","","","","","","","","","","","",""
"new","Newcastle Knights","Sandon Smith","Interchange","backup_baseline","","no_candidate_found","","","","","","","","","","","","","",""
"new","Newcastle Knights","Tyson Frizell","Interchange","backup_baseline","1","player_specific_contract_candidate","townsvillebulletin.com.au","true","false","36","contract_or_salary_language","bing-news-rss","publisher_text_dt","Sat, 21 Mar 2020 08:58:00 GMT","Townsville Bulletin","","","NRL contracts on hold as clubs offer redundancies for staff amid coronavirus financial storm","https://www.townsvillebulletin.com.au/sport/nrl/nrl-contracts-on-hold-as-clubs-offer-redundancies-for-staff-amid-coronavirus-financial-storm/news-story/762b5e56d3d3345c527ec6396737425a","The Sunday Telegraph can reveal that Kangaroos stars Nick Cotric and Tyson Frizell have had their contract negotiations put on hold as every club scrambles to deal with an uncertain financial future."
"new","Newcastle Knights","Brodie Jones","Interchange","backup_baseline","","no_candidate_found","","","","","","","","","","","","","",""
"new","Newcastle Knights","Cody Hopwood","Interchange","backup_baseline","","no_candidate_found","","","","","","","","","","","","","",""
"new","Newcastle Knights","Asu Kepaoa","Unknown","derived_bucket_range","1","player_specific_profile_candidate","news.com.au","true","true","39","","bing-news-rss","team_contract","Sat, 20 Jun 2026 06:48:00 GMT","Couriermail","","","Newcastle Knights player Asu Kepaoa sent off after alleged homophobic slur","https://www.news.com.au/sport/nrl/knights/newcastle-knights-player-asu-kepaoa-sent-off-after-alleged-homophobic-slur/news-story/f8b468abbb22a460e0d816d13294dcfd","The NSW back-rower was sent off shortly before half time on Friday night after allegedly hurling a homophobic slur towards Dragons player Nathan Lawson. Newcastle Knights player Asu Kepaoa was ordered ..."
"new","Newcastle Knights","Asu Kepaoa","Unknown","derived_bucket_range","2","player_specific_profile_candidate","abc.net.au","true","false","35","","bing-news-rss","team_contract","Wed, 24 Jun 2026 05:49:00 GMT","Australian Broadcasting Corporation","","","Newcastle Knights player Asu Kepaoa banned for six weeks after using homophobic slur","https://www.abc.net.au/news/2026-06-25/asu-kepaoa-banned-for-six-weeks-over-homophobic-slur/106839020","Newcastle forward Asu Kepaoa has been hit with a six-match ban for using a homophonic slur in a round-of-16 NSW Cup match. Kepaoa fronted the NSWRL judiciary on Wednesday when he pleaded guilty to ..."
"new","Newcastle Knights","Asu Kepaoa","Unknown","derived_bucket_range","3","player_specific_profile_candidate","goldcoastbulletin.com.au","true","false","35","","bing-news-rss","team_contract","Mon, 22 Jun 2026 08:42:00 GMT","Gold Coast Sun","","","'Referred': Asu Kepaoa sent straight to the NSWRL judiciary for alleged homophobic slur in NSW Cup match","https://www.goldcoastbulletin.com.au/sport/nrl/referred-asu-kepaoa-sent-straight-to-the-nswrl-judiciary-for-alleged-homophobic-slur-in-nsw-cup-match/news-story/5c2bbcb7ce32255193cf16c4c991362e","The NSWRL confirmed via a statement on Monday the Knights player would have to front the judiciary for the alleged slur directed towards Dragons winger Nathan Lawson. Kepaoa was sent off just before ..."
"new","Newcastle Knights","Asu Kepaoa","Unknown","derived_bucket_range","4","player_specific_profile_candidate","themercury.com.au","true","false","28","","bing-news-rss","team_contract","Fri, 19 Jun 2026 04:56:00 GMT","The Mercury","","","Knights player referred straight to judiciary over alleged homophobic slur, facing lengthy ban","https://www.themercury.com.au/sport/nrl/asu-kepaoa-sent-off-in-nsw-cup-after-alleged-homophobic-slur/news-story/070b34967090484d996d7553c56a1d02","Knights back-rower Asu Kepaoa is facing a lengthy ban for allegedly directing a homophobic slur at a NSW Cup rival after the NSWRL referred him straight to judiciary. Kepaoa was sent off in the first ..."
"new","Newcastle Knights","Elijah Salesa-Leaumoana","Unknown","derived_bucket_range","","no_candidate_found","","","","","","","","","","","","","",""
"new","Newcastle Knights","Francis Manuleleua","Unknown","derived_bucket_range","1","player_specific_contract_candidate","au.sports.yahoo.com","true","false","44","contract_or_salary_language|term_language","bing-news-rss","team_contract","Wed, 22 Apr 2026 16:59:00 GMT","Yahoo Sport Australia","","","Panthers reject earns contract extension at Knights","https://au.sports.yahoo.com/panthers-reject-earns-contract-extension-014054061.html","It isn't often the Penrith Panthers make a recruitment blunder. However, their decision to let Francis Manuleleua leave at the end of 2024 may just come back to bite them. Manuleleua joined the ..."
"new","Newcastle Knights","James Schiller","Unknown","derived_bucket_range","","no_candidate_found","","","","","","","","","","","","","",""
"new","Newcastle Knights","Lachlan Crouch","Unknown","derived_bucket_range","","no_candidate_found","","","","","","","","","","","","","",""
"new","Newcastle Knights","Matt Arthur","Unknown","derived_bucket_range","","no_candidate_found","","","","","","","","","","","","","",""
"new","Newcastle Knights","Pasamu Saulo","Unknown","derived_bucket_range","","no_candidate_found","","","","","","","","","","","","","",""
"new","Newcastle Knights","Peter Hola","Unknown","derived_bucket_range","","no_candidate_found","","","","","","","","","","","","","",""
"new","Newcastle Knights","Thomas Cant","Unknown","derived_bucket_range","1","player_specific_contract_candidate","au.sports.yahoo.com","true","false","56","contract_or_salary_language|signing_language|term_length_language","bing-news-rss","signed_until","Tue, 10 Feb 2026 07:48:00 GMT","Yahoo Sport Australia","","","Thomas Cant signs contract extension after rival offers","https://au.sports.yahoo.com/thomas-cant-signs-contract-extension-234739631.html","Newcastle Knights forward Thomas Cant showed a lot of potential last season, playing a career high 18 games and now has a new deal to show for it. Already signed for 2026, Cant has signed a two-year ..."
"new","Newcastle Knights","Wil Sullivan","Unknown","derived_bucket_range","","no_candidate_found","","","","","","","","","","","","","",""
"new","Newcastle Knights","Wilson Decourcey","Unknown","derived_bucket_range","","no_candidate_found","","","","","","","","","","","","","",""
"nql","North Queensland Cowboys","Scott Drinkwater","Fullback","backup_baseline","1","player_specific_salary_candidate","couriermail.com.au","true","true","70","money|contract_or_salary_language|term_language|term_length_language","bing-news-rss","signed_until","Wed, 15 Apr 2026 07:17:00 GMT","The Courier-Mail","","","Dragons table $3 million contract for Cowboys star Scott Drinkwater, Tom Chester set to re-sign","https://www.couriermail.com.au/sport/nrl/dragons-table-3-million-bid-for-cowboys-star-fullback-scott-drinkwater/news-story/339dd7e5ffa12e46d7b8996f53677be9","This masthead can reveal St George Illawarra bosses have offered Drinkwater a three-year contract until the end of 2029 amid interest from five clubs for the North Queensland fullback. Cowboys chiefs ..."
"nql","North Queensland Cowboys","Scott Drinkwater","Fullback","backup_baseline","2","player_specific_salary_candidate","cairnspost.com.au","true","false","66","money|contract_or_salary_language|term_language|term_length_language","bing-news-rss","salary_contract","Wed, 15 Apr 2026 07:17:00 GMT","The Cairns Post","","","Dragons table $3 million contract for Cowboys star Scott Drinkwater, Tom Chester set to re-sign","https://www.cairnspost.com.au/sport/nrl/dragons-table-3-million-bid-for-cowboys-star-fullback-scott-drinkwater/news-story/339dd7e5ffa12e46d7b8996f53677be9","This masthead can reveal St George Illawarra bosses have offered Drinkwater a three-year contract until the end of 2029 amid interest from five clubs for the North Queensland fullback. Cowboys chiefs ..."
"nql","North Queensland Cowboys","Scott Drinkwater","Fullback","backup_baseline","3","player_specific_contract_candidate","townsvillebulletin.com.au","true","false","48","contract_or_salary_language|signing_language","bing-news-rss","signed_until","Fri, 10 Apr 2026 08:42:00 GMT","Townsville Bulletin","","","Cowboys star Scott Drinkwater closes in on move to the Dragons","https://www.townsvillebulletin.com.au/sport/nrl/cowboys-star-scott-drinkwater-closes-in-on-move-to-the-dragons/news-story/cb630e296a22f1b9f82e940ad0522818","Drinkwater has another year remaining on his deal with the Cowboys but the club re-signed Jaxon Purdue on a long-term extension this week with the plan to eventually move him to the No.1 jersey. Those ..."
"nql","North Queensland Cowboys","Murray Taulagi","Winger","backup_baseline","1","player_specific_contract_candidate","au.sports.yahoo.com","true","false","43","contract_or_salary_language","bing-news-rss","team_contract","Thu, 28 May 2026 17:00:00 GMT","Yahoo Sport Australia","","","Murray Taulagi set for club switch after surprise Cowboys move","https://au.sports.yahoo.com/murray-taulagi-set-club-switch-005319377.html","North Queensland Cowboys outside back Murray Taulagi has sensationally had his contract offer taken off the table by the club. The winger has been linked with an exit from the club in recent times, ..."
"nql","North Queensland Cowboys","Murray Taulagi","Winger","backup_baseline","2","player_specific_profile_candidate","couriermail.com.au","true","true","39","","bing-news-rss","signed_until","Tue, 26 May 2026 07:29:00 GMT","The Courier-Mail","","","Murray Taulagi's North Queensland Cowboys career over after signing of Sharks backline duo","https://www.couriermail.com.au/sport/nrl/murray-taulagis-north-queensland-cowboys-career-over-after-signing-of-sharks-backline-duo/news-story/99febe9f8e34e1f976672899efcda8d8","The Cowboys have completed a Shark attack, snaring Ramien and Katoa to bolster their backline stocks at a time when resurgent North Queensland are charging towards a finals campaign. Centre Ramien and ..."
"nql","North Queensland Cowboys","Murray Taulagi","Winger","backup_baseline","3","player_specific_profile_candidate","goldcoastbulletin.com.au","true","false","35","","bing-news-rss","team_contract","Tue, 26 May 2026 07:29:00 GMT","Gold Coast Sun","","","Murray Taulagi's North Queensland Cowboys career over after signing of Sharks backline duo","https://www.goldcoastbulletin.com.au/sport/nrl/murray-taulagis-north-queensland-cowboys-career-over-after-signing-of-sharks-backline-duo/news-story/99febe9f8e34e1f976672899efcda8d8","The Cowboys have completed a Shark attack, snaring Ramien and Katoa to bolster their backline stocks at a time when resurgent North Queensland are charging towards a finals campaign. Centre Ramien and ..."
"nql","North Queensland Cowboys","Murray Taulagi","Winger","backup_baseline","4","player_specific_profile_candidate","townsvillebulletin.com.au","true","false","35","","bing-news-rss","team_contract","Sun, 24 May 2026 23:45:00 GMT","Townsville Bulletin","","","North Queensland Cowboys coach Todd Payten has named Reuben Cotter and Murray Taulagi to play this weekend","https://www.townsvillebulletin.com.au/sport/nrl/decision-on-todd-paytens-cowboys-future-imminent-after-strong-hint-from-ceo/news-story/671724b15c1985c64bb40b7dd13c33ad","Cowboys coach Todd Payten has made two changes to his side that beat the Rabbitohs, with a star winger returning and his skipper expected to back up after Origin I. See all the latest team news Cotter ..."
"nql","North Queensland Cowboys","Murray Taulagi","Winger","backup_baseline","5","player_specific_profile_candidate","cairnspost.com.au","true","false","35","","bing-news-rss","team_contract","Sun, 24 May 2026 23:41:00 GMT","The Cairns Post","","","North Queensland Cowboys coach Todd Payten has named Reuben Cotter and Murray Taulagi to play this weekend","https://www.cairnspost.com.au/sport/nrl/decision-on-todd-paytens-cowboys-future-imminent-after-strong-hint-from-ceo/news-story/671724b15c1985c64bb40b7dd13c33ad","Cotter was one of two changes to North Queensland's team this week with star winger Murray Taulagi named to make his return from a concussion. Cowboys coach Todd Payten said the club's medical staff ..."
"nql","North Queensland Cowboys","Zac Laybutt","Centre","backup_baseline","1","player_specific_profile_candidate","townsvillebulletin.com.au","true","false","35","","bing-news-rss","salary_contract","Wed, 29 Apr 2026 08:33:00 GMT","Townsville Bulletin","","","NRL 2026: Cowboys international Zac Laybutt thinking about potential PNG move after Luai defection","https://www.townsvillebulletin.com.au/sport/nrl/teams/cowboys/nrl-2026-cowboys-international-zac-laybutt-thinking-about-potential-png-move-after-luai-defection/news-story/827606a26e58ff82b583a1d13adec451","The Chiefs sent a shockwave through the NRL this week when NSW Blues playmaker Jarome Luai was unveiled as its inaugural signing. Laybutt, who has represented Papua New Guinea at the international ..."
"nql","North Queensland Cowboys","Zac Laybutt","Centre","backup_baseline","2","player_specific_profile_candidate","adelaidenow.com.au","true","false","35","","bing-news-rss","signed_until","Wed, 29 Apr 2026 08:04:00 GMT","Adelaide Now","","","NRL 2026: Cowboys international Zac Laybutt thinking about potential PNG move after Luai defection","https://www.adelaidenow.com.au/sport/nrl/teams/cowboys/nrl-2026-cowboys-international-zac-laybutt-thinking-about-potential-png-move-after-luai-defection/news-story/827606a26e58ff82b583a1d13adec451","The Chiefs sent a shockwave through the NRL this week when NSW Blues playmaker Jarome Luai was unveiled as its inaugural signing. Laybutt, who has represented Papua New Guinea at the international ..."
"nql","North Queensland Cowboys","Jaxon Purdue","Centre","backup_baseline","1","player_specific_salary_candidate","townsvillebulletin.com.au","true","false","66","money|contract_or_salary_language|term_length_language","bing-news-rss","signed_until","Sat, 21 Mar 2026 08:00:00 GMT","Townsville Bulletin","","","Cowboys confident in signing Jaxon Purdue to $3 million mega-extension","https://www.townsvillebulletin.com.au/sport/nrl/cowboys-confident-in-signing-jaxon-purdue-to-3-million-megaextension/news-story/6fdb8b42d8d121d5410bd6f78796abc3","Jaxon Purdue is off-contract and has been linked with several NRL rivals, including the Storm, Bulldogs and Perth, but the Cowboys insist the 20-year-old sensation is going nowhere. This masthead can ..."
"nql","North Queensland Cowboys","Jaxon Purdue","Centre","backup_baseline","2","player_specific_salary_candidate","goldcoastbulletin.com.au","true","false","66","money|contract_or_salary_language|term_length_language","bing-news-rss","signed_until","Sat, 21 Mar 2026 08:00:00 GMT","Gold Coast Sun","","","Cowboys confident in signing Jaxon Purdue to $3 million mega-extension","https://www.goldcoastbulletin.com.au/sport/nrl/cowboys-confident-in-signing-jaxon-purdue-to-3-million-megaextension/news-story/6fdb8b42d8d121d5410bd6f78796abc3","This masthead can reveal Cowboys bosses have kicked-off extension talks with Purdue's management in the lead-up to Sunday's clash against the Titans at Queensland Country Bank Stadium. The 20-year-old ..."
"nql","North Queensland Cowboys","Jaxon Purdue","Centre","backup_baseline","3","player_specific_contract_candidate","au.news.yahoo.com","true","false","51","money|contract_or_salary_language","bing-news-rss","salary_contract","Tue, 07 Apr 2026 17:00:00 GMT","Yahoo News Australia","","","Cowboys lock down star in $3 million move as claim about meeting with NRL rival shot down","https://au.news.yahoo.com/cowboys-lock-down-star-in-3-million-move-as-claim-about-meeting-with-nrl-rival-shot-down-025537979.html","Add Yahoo as a preferred source to see more of our stories on Google. The Cowboys have reportedly locked down young gun Jaxon Purdue to a new long-term contract that's understood to be worth around $3 ..."
"nql","North Queensland Cowboys","Jaxon Purdue","Centre","backup_baseline","4","player_specific_contract_candidate","townsvillebulletin.com.au","true","false","51","contract_or_salary_language|term_length_language","bing-news-rss","salary_contract","Wed, 08 Apr 2026 05:30:00 GMT","Townsville Bulletin","","","Cowboys star Jaxon Purdue commits future to club with new four-year deal","https://www.townsvillebulletin.com.au/news/townsville/cowboys-star-jaxon-purdue-commits-future-to-club-with-new-fouryear-deal/news-story/1465894f3ae02ced449cce97a7e7c22d","The attacking threat, who was in the sights of several rival clubs, has instead chosen to remain close to home after coming through the Cowboys Academy Program following his schooling years in Mackay."
"nql","North Queensland Cowboys","Jaxon Purdue","Centre","backup_baseline","5","player_specific_contract_candidate","goldcoastbulletin.com.au","true","false","51","contract_or_salary_language|term_length_language","bing-news-rss","signed_until","Mon, 02 Mar 2026 10:27:00 GMT","Gold Coast Sun","","","Cowboys chase Jaxon Purdue contract extension as fullback switch looms","https://www.goldcoastbulletin.com.au/sport/nrl/cowboys-chase-jaxon-purdue-contract-extension-as-fullback-switch-looms/news-story/ec97e75ece8fd9184b4c5599bb23d3b0","The Cowboys are in talks with Purdue over a two-year extension to keep the potential future Maroons flyer in Townsville. On the back of a breakout 2025 season, Purdue showed glimpses of what he could ..."
"nql","North Queensland Cowboys","Jaxon Purdue","Centre","backup_baseline","6","player_specific_contract_candidate","thechronicle.com.au","false","false","37","contract_or_salary_language|term_length_language","bing-news-rss","signed_until","Mon, 02 Mar 2026 11:21:00 GMT","The Toowoomba Chronicle","","","Cowboys chase Jaxon Purdue contract extension as fullback switch looms","https://www.thechronicle.com.au/sport/nrl/cowboys-chase-jaxon-purdue-contract-extension-as-fullback-switch-looms/news-story/ec97e75ece8fd9184b4c5599bb23d3b0","Cowboys young gun Jaxon Purdue has shown he can excel at fullback after impressing during their Las Vegas loss, as the club works to secure him on a two-year extension. The Cowboys are in talks with ..."
"nql","North Queensland Cowboys","Jaxon Purdue","Centre","backup_baseline","7","player_specific_profile_candidate","themercury.com.au","true","false","35","","bing-news-rss","team_contract","Thu, 21 May 2026 08:20:00 GMT","The Mercury","","","North Queensland Cowboys star Jaxon Purdue's State of Origin ambitions laid bare after Maroons snub","https://www.themercury.com.au/sport/nrl/north-queensland-cowboys-star-jaxon-purdues-state-of-origin-ambitions-laid-bare-after-maroons-snub/news-story/70679d1eea63b2435229560f6d122e32","Purdue was put forward as a potential bolter for Billy Slater's Queensland squad, but missed out as Ezra Mam and Gehamat Shibasaki were named on the interchange as the two backs. Purdue said he was ..."
"nql","North Queensland Cowboys","Jaxon Purdue","Centre","backup_baseline","8","player_specific_profile_candidate","goldcoastbulletin.com.au","true","false","35","","bing-news-rss","team_contract","Tue, 16 Jun 2026 09:00:00 GMT","Gold Coast Sun","","","Todd Payten's shock call to unlock rising Cowboys star Jaxon Purdue's potential","https://www.goldcoastbulletin.com.au/sport/nrl/todd-paytens-shock-call-to-unlock-rising-cowboys-star-jaxon-purdues-potential/news-story/0df905d8beb8d5e67f22e506aa5b612e","Purdue will start his first NRL game in the No.6 jersey since round 22, 2025, while the Cowboys also welcome back a trio of injured players. Maroons backrower Jeremiah Nanai and veteran winger Braidon ..."
"nql","North Queensland Cowboys","Jaxon Purdue","Centre","backup_baseline","9","player_specific_profile_candidate","ntnews.com.au","true","false","28","","bing-news-rss","team_contract","Mon, 25 May 2026 05:27:00 GMT","Northern Territory News","","","'Dream come true': Xavier Kerrisk makes emotional North Queensland Cowboys NRL debut","https://www.ntnews.com.au/sport/nrl/dream-come-true-xavier-kerrisk-makes-emotional-north-queensland-cowboys-nrl-debut/news-story/0d4de2e2d82235a0d9e9be35da3b3bfd","The NRL's latest debutant has opened up on his journey to first grade, the multiple false starts he had to endure, and the touching moment he shared with St Patrick's classmate Jaxon Purdue. The ..."
"nql","North Queensland Cowboys","Robert Derby","Winger","backup_baseline","","no_candidate_found","","","","","","","","","","","","","",""
"nql","North Queensland Cowboys","Jake Clifford","Five-Eighth","backup_baseline","1","player_specific_contract_candidate","couriermail.com.au","true","true","55","contract_or_salary_language|term_language|term_length_language","bing-news-rss","salary_contract","Thu, 07 May 2026 03:00:00 GMT","The Courier-Mail","","","Jake Clifford commits future to Cowboys with new two-year contract extension","https://www.couriermail.com.au/sport/jake-clifford-commits-future-to-cowboys-with-new-twoyear-contract-extension/news-story/e0dd7c58abb4dad0556cb397c56495b6","The late-blooming Clifford has inked a two-year contract extension to remain at the Cowboys until the end of 2028 in a boost for the club on the eve of Friday night's clash against the Eels in ..."
"nql","North Queensland Cowboys","Jake Clifford","Five-Eighth","backup_baseline","2","player_specific_contract_candidate","theaustralian.com.au","true","true","55","contract_or_salary_language|term_language|term_length_language","bing-news-rss","signed_until","Wed, 06 May 2026 17:01:00 GMT","The Australian","","","Jake Clifford commits future to Cowboys with new two-year contract extension","https://www.theaustralian.com.au/sport/nrl/jake-clifford-commits-future-to-cowboys-with-new-twoyear-contract-extension/news-story/e0dd7c58abb4dad0556cb397c56495b6","The late-blooming Clifford has inked a two-year contract extension to remain at the Cowboys until the end of 2028 in a boost for the club on the eve of Friday night's clash against the Eels in ..."
"nql","North Queensland Cowboys","Jake Clifford","Five-Eighth","backup_baseline","3","player_specific_contract_candidate","townsvillebulletin.com.au","true","false","36","term_length_language","bing-news-rss","team_contract","Sun, 07 Jun 2026 04:36:00 GMT","Townsville Bulletin","","","Emerging North Queensland Cowboys playmaker puts hand up for NRL debut","https://www.townsvillebulletin.com.au/sport/nrl/emerging-north-queensland-cowboys-playmaker-puts-hand-up-for-nrl-debut/news-story/704834cb216b30c399a7bfeeffa3ba5a","The 20-year-old has stepped in to the primary playmaker role at the Pride this year after deputising Jake Clifford and Tom Duffy last season. The former Queensland U19s squad member finished his ..."
"nql","North Queensland Cowboys","Jake Clifford","Five-Eighth","backup_baseline","4","player_specific_profile_candidate","themercury.com.au","true","false","35","","bing-news-rss","team_contract","Tue, 12 May 2026 16:59:00 GMT","The Mercury","","","State of Origin: Cowboys half Jake Clifford in Magic Round shootout for Maroons jersey","https://www.themercury.com.au/sport/nrl/state-of-origin-cowboys-half-jake-clifford-in-magic-round-shootout-for-maroons-jersey/news-story/9aad8008a2e3e16e8bce8e46a0b64b67","Cowboys playmaker Jake Clifford has emerged as a potential Maroons bolter following long-term injury to reigning Wally Lewis medallist Tom Dearden. Clifford has stepped into Dearden's No. 7 jersey at ..."
"nql","North Queensland Cowboys","Tom Dearden","Halfback","backup_baseline","1","player_specific_contract_candidate","themercury.com.au","true","false","51","contract_or_salary_language|term_length_language","bing-news-rss","signed_until","Tue, 26 May 2026 00:29:00 GMT","The Mercury","","","NRL 2020: Broncos young gun Tom Dearden on his contract and coach Kevin Walters","https://www.themercury.com.au/sport/nrl/broncos-playmaker-tom-dearden-vows-to-make-coach-kevin-walters-proud/news-story/bf360cdfe74d4cb64712e33b9db9d53c","Tom Dearden was a shining light for the Broncos in 2020, and the young gun has revealed where his future lies as the club announced a major sponsorship deal. The 19-year-old is off contract at the end ..."
"nql","North Queensland Cowboys","Tom Dearden","Halfback","backup_baseline","2","player_specific_profile_candidate","cairnspost.com.au","true","false","35","","bing-news-rss","team_contract","Thu, 09 Jul 2026 10:17:00 GMT","The Cairns Post","","","North Queensland Cowboys star Tom Dearden ruled out as Payten provides State of Origin update","https://www.cairnspost.com.au/sport/cowboys-playmaker-jaxon-purdue-thriving-after-finding-freedom-in-new-role/news-story/cdb83ca373c9e5b76140b4d6afac0380","Cowboys co-captain Tom Dearden has been ruled out of Sunday's meeting with Manly despite a return to full training as he fights to come back from an ankle injury."
"nql","North Queensland Cowboys","Tom Dearden","Halfback","backup_baseline","3","player_specific_profile_candidate","thechronicle.com.au","false","false","21","","bing-news-rss","team_contract","Mon, 06 Jul 2026 23:20:00 GMT","The Chronicle","","","Todd Payten's promising Tom Dearden update and Haylee Hifo named to make NRLW debut for North Queensland","https://www.thechronicle.com.au/sport/nrl/todd-paytens-promising-tom-dearden-update-and-haylee-hifo-named-to-make-nrlw-debut-for-north-queensland/news-story/2c411b16ecbaf442489af2b59c927c4a","Plans to celebrate Tom Dearden's return from an ankle injury might need to be put on ice after the Cowboys skipper was a glaring omission from Todd Payten's starting side to play the Sea Eagles."
"nql","North Queensland Cowboys","Jason Taumalolo","Prop","backup_baseline","1","player_specific_salary_candidate","dailytelegraph.com.au","true","true","75","money|contract_or_salary_language|signing_language|term_length_language","bing-news-rss","signed_until","Mon, 25 Sep 2017 17:00:00 GMT","The Daily Telegraph","","","Pizza shop story behind how Jason Taumalolo became North Queensland's $10 million man","https://www.dailytelegraph.com.au/sport/nrl/pizza-shop-story-behind-how-jason-taumalolo-became-north-queenslands-10-million-man/news-story/e2c192649dd68f998a02ede73b67825b","It was a deal struck at a pizza shop in Townsville. Six months ago he signed one of the richest deals in NRL history when he inked a 10-year, $10 million contract. But long before Taumalolo would ..."
"nql","North Queensland Cowboys","Jason Taumalolo","Prop","backup_baseline","2","player_specific_salary_candidate","couriermail.com.au","true","true","70","money|contract_or_salary_language|term_length_language","bing-news-rss","team_contract","Wed, 22 Mar 2017 06:20:00 GMT","The Courier-Mail","","","Ben Ikin says Jason Taumalolo cost himself $5 million by signing 10-year deal with Cowboys","https://www.couriermail.com.au/sport/nrl/ben-ikin-says-jason-taumalolo-cost-himself-5-million-by-signing-10year-deal-with-cowboys/news-story/0e28c8a47006afb5caae5e513cfe158e","THE Cowboys have taken some risks by giving Jason Taumalolo a 10-year-deal but according to Ben Ikin the club is still the big winner, with the Dally M star costing himself up to $5 million. Ikin is a ..."
"nql","North Queensland Cowboys","Jason Taumalolo","Prop","backup_baseline","3","player_specific_contract_candidate","nrl.com","true","true","44","signing_language","bing-news-rss","team_contract","Sat, 27 Jun 2026 03:26:00 GMT","National Rugby League","","","NRL congratulates Jason Taumalolo","https://www.nrl.com/news/2026/06/27/nrl-congratulates-jason-taumalolo/","National Rugby League (NRL) CEO Andrew Abdo has congratulated North Queensland Cowboys prop Jason Taumalolo, who will play his 300th NRL match today. Taumalolo will become the 56th player to join the ..."
"nql","North Queensland Cowboys","Jason Taumalolo","Prop","backup_baseline","4","player_specific_contract_candidate","goldcoastbulletin.com.au","true","false","43","term_length_language","bing-news-rss","team_contract","Sun, 21 Jun 2026 19:18:00 GMT","Gold Coast Sun","","","'He was my idol': Jeremiah Nanai's touching tribute to Jason Taumalolo","https://www.goldcoastbulletin.com.au/sport/nrl/jason-taumalolo-charged-by-nrl-judiciary-ahead-of-milestone-300th-game/news-story/30ddbb735fc2989b998be44404efa490","At the top of his game Taumalolo was the most damaging ballrunner the NRL has ever seen, skittling the competition's toughest forwards with ease. In the mind of a 10-year-old Nanai, the Tongan ..."
"nql","North Queensland Cowboys","Jason Taumalolo","Prop","backup_baseline","5","player_specific_contract_candidate","geelongadvertiser.com.au","true","false","43","term_length_language","bing-news-rss","signed_until","Sun, 21 Jun 2026 19:31:00 GMT","Geelong Advertiser","","","'He was my idol': Jeremiah Nanai's touching tribute to Jason Taumalolo","https://www.geelongadvertiser.com.au/sport/nrl/jason-taumalolo-charged-by-nrl-judiciary-ahead-of-milestone-300th-game/news-story/30ddbb735fc2989b998be44404efa490","At the top of his game Taumalolo was the most damaging ballrunner the NRL has ever seen, skittling the competition's toughest forwards with ease. In the mind of a 10-year-old Nanai, the Tongan ..."
"nql","North Queensland Cowboys","Jason Taumalolo","Prop","backup_baseline","6","player_specific_profile_candidate","smh.com.au","true","true","40","term_language","bing-news-rss","team_contract|publisher_text_smh","Fri, 26 Jun 2026 22:00:00 GMT","Sydney Morning Herald","","","'You feel like you're going to black out:' How Taumalolo ignored the pain to reach 300 NRL games","https://www.smh.com.au/sport/nrl/you-feel-like-you-re-going-to-black-out-how-taumalolo-ignored-the-pain-to-reach-300-nrl-games-20260625-p609xt.html","You have reached your maximum number of saved items. Remove items from your saved list to add more. Midway through the 2017 season Jason Taumalolo walked up to the North Queensland medical staff and ..."
"nql","North Queensland Cowboys","Jason Taumalolo","Prop","backup_baseline","7","player_specific_profile_candidate","theaustralian.com.au","true","true","39","","bing-news-rss","signed_until","Fri, 27 Mar 2026 17:00:00 GMT","The Australian","","","Investigation into Jason Taumalolo's State of Origin eligibility officially ends 14-years of confusion","https://www.theaustralian.com.au/sport/nrl/investiation-into-jason-taumalolos-state-of-origin-eligibility-officially-ends-14years-of-confusion/news-story/c61e8b1579202657e611df20d7c25b3a","An investigation by this masthead has finally uncovered the truth surrounding Taumalolo's Origin eligibility - ending 14 years of confusion as to whether the Cowboys champion can play for the Maroons."
"nql","North Queensland Cowboys","Jason Taumalolo","Prop","backup_baseline","8","player_specific_profile_candidate","ntnews.com.au","true","false","35","","bing-news-rss","team_contract","Mon, 02 Mar 2020 05:27:00 GMT","Northern Territory News","","","Best ever: Hunger driving Jason Taumalolo to leave lasting NRL legacy","https://www.ntnews.com.au/sport/nrl/nrl-2020-jason-taumalolo-best-ever-north-queensland-cowboys-legacy-rugby-league/news-story/24f2696bfd131912ceddac94d8ba668a","Already considered the NRL's premier forward, Taumalolo will assume a more senior role in a younger Cowboys' forward pack when they kick off their season against Brisbane next Friday. Watch the 2020 ..."
"nql","North Queensland Cowboys","Jason Taumalolo","Prop","backup_baseline","9","player_specific_profile_candidate","au.sports.yahoo.com","true","false","35","","bing-news-rss","team_contract","Tue, 23 Jun 2026 17:00:00 GMT","Yahoo Sport Australia","","","300-game goliath: TEN greatest Jason Taumalolo career moments","https://au.sports.yahoo.com/300-game-goliath-ten-greatest-203938978.html","North Queensland Cowboys star Jason Taumalolo will mark his 300th NRL game this weekend, joining an elite list of the code's 55 legends who have reached the triple century. What makes it even more ..."
"nql","North Queensland Cowboys","Jason Taumalolo","Prop","backup_baseline","10","player_specific_profile_candidate","themercury.com.au","true","false","35","","bing-news-rss","signed_until","Fri, 06 Sep 2019 10:42:00 GMT","The Mercury","","","NRL boss Todd Greenberg meets with Jason Taumalolo over threats of Tongan boycott","https://www.themercury.com.au/sport/nrl/nrl-boss-todd-greenberg-meets-with-jason-taumalolo-over-threats-of-tongan-boycott/news-story/36fb10b902bf3da057ffbe9710a5c4d5","NRL boss Todd Greenberg will meet with Tongan kingpin Jason Taumalolo in a desperate effort to end the disastrous boycott which threatens to end the Pacific Island's rise. In a move that could have a ..."
"nql","North Queensland Cowboys","Reed Mahoney","Hooker","backup_baseline","1","player_specific_contract_candidate","theaustralian.com.au","true","true","40","term_length_language","bing-news-rss","team_contract","Sun, 24 May 2026 17:00:00 GMT","The Australian","","","'Dream come true': Xavier Kerrisk makes emotional North Queensland Cowboys NRL debut","https://www.theaustralian.com.au/sport/nrl/dream-come-true-xavier-kerrisk-makes-emotional-north-queensland-cowboys-nrl-debut/news-story/0d4de2e2d82235a0d9e9be35da3b3bfd","The 20-year-old rake became Cowboy No.334 on Sunday when he replaced Reed Mahoney in the 72nd minute, completing his childhood dream. ""It's definitely a dream come true. It's hard to put into words ..."
"nql","North Queensland Cowboys","Reed Mahoney","Hooker","backup_baseline","2","player_specific_profile_candidate","zerotackle.com","true","false","28","","bing-news-rss","zerotackle","Sun, 05 Jul 2026 04:04:00 GMT","zerotackle","","","The biggest misconception around the Eels ""rebuild""","https://www.zerotackle.com/the-biggest-misconception-around-the-eels-rebuild-235478/","With a spine of Clint Gutherson, Dylan Brown, Mitch Moses, and Reed Mahoney that downgraded to Josh Hodgson, who spent the entire 2022 season recovering from an ACL injury, to replace Mahoney, the ..."
"nql","North Queensland Cowboys","Coen Hess","Prop","backup_baseline","1","player_specific_contract_candidate","themercury.com.au","true","false","40","signing_language","bing-news-rss","team_contract","Tue, 02 Jun 2026 09:00:00 GMT","The Mercury","","","Cowboys star Coen Hess in line for North Queensland's 'highest honour'","https://www.themercury.com.au/sport/nrl/cowboys-star-coen-hess-in-line-for-north-queenslands-highest-honour/news-story/5b98650f2eaa288abc1074bbb1e20d66","Hess will join an illustrious crew of just 11 players to reach the double-century for the club when the Cowboys host the Dolphins in a Queensland Day blockbuster. The hard-nosed forward scored a try ..."
"nql","North Queensland Cowboys","Heilum Luki","2nd Row","backup_baseline","1","player_specific_profile_candidate","nrl.com","true","true","32","","bing-news-rss","team_contract","Fri, 15 May 2026 17:00:00 GMT","National Rugby League","","","Luki hoping for change of luck in pursuit of Origin dream","https://www.nrl.com/news/2026/05/17/luki-hoping-for-change-of-luck-in-pursuit-of-origin-dream/","Is North Queensland Cowboys second rower Heilum Luki ready for the State of Origin arena? ""Bloody oath"" - according to North Queensland Cowboys captain Reuben Cotter. ""He's been playing some great ..."
"nql","North Queensland Cowboys","Jeremiah Nanai","2nd Row","backup_baseline","1","player_specific_contract_candidate","couriermail.com.au","true","true","47","term_length_language","bing-news-rss","team_contract","Sun, 21 Jun 2026 19:18:00 GMT","The Courier-Mail","","","'He was my idol': Jeremiah Nanai's touching tribute to Jason Taumalolo","https://www.couriermail.com.au/sport/nrl/jason-taumalolo-charged-by-nrl-judiciary-ahead-of-milestone-300th-game/news-story/30ddbb735fc2989b998be44404efa490","At the top of his game Taumalolo was the most damaging ballrunner the NRL has ever seen, skittling the competition's toughest forwards with ease. In the mind of a 10-year-old Nanai, the Tongan ..."
"nql","North Queensland Cowboys","Jeremiah Nanai","2nd Row","backup_baseline","2","player_specific_contract_candidate","thechronicle.com.au","false","false","29","term_length_language","bing-news-rss","team_contract","Sun, 28 Jun 2026 03:17:00 GMT","The Toowoomba Chronicle","","","Jeremiah Nanai makes Origin case after winning effort in Jason Taumalolo's 300th","https://www.thechronicle.com.au/sport/nrl/jeremiah-nanai-masterpiece-delivers-cowboys-an-emotional-win-in-jason-taumalolos-300th/news-story/f77d4a8a269e9b7ed8539a7175c990f9","Nanai soared through the air to score the match-sealing try at the death and could have finished the match with a hat-trick if not for a contentious no-try call in the first half. The 23-year-old ..."
"nql","North Queensland Cowboys","Reuben Cotter","Lock","backup_baseline","1","player_specific_profile_candidate","couriermail.com.au","true","true","39","","bing-news-rss","team_contract","Sun, 24 May 2026 23:43:00 GMT","The Courier-Mail","","","North Queensland Cowboys coach Todd Payten has named Reuben Cotter and Murray Taulagi to play this weekend","https://www.couriermail.com.au/sport/nrl/decision-on-todd-paytens-cowboys-future-imminent-after-strong-hint-from-ceo/news-story/671724b15c1985c64bb40b7dd13c33ad","Cotter was one of two changes to North Queensland's team this week with star winger Murray Taulagi named to make his return from a concussion. Cowboys coach Todd Payten said the club's medical staff ..."
"nql","North Queensland Cowboys","Reuben Cotter","Lock","backup_baseline","2","player_specific_profile_candidate","foxsports.com.au","true","true","39","","bing-news-rss","team_contract","Tue, 16 Jun 2026 18:17:00 GMT","Fox Sports","","","Reuben Cotter came from an incredible Maroons hotspot... but he's the champion no one saw coming","https://www.foxsports.com.au/nrl/state-of-origin/state-of-origin-2026-reuben-cotter-profile-his-journey-to-nrl-and-maroons-stalwart-sarina-north-queensland-cowboys-feature/news-story/30f877f4de6f38558fe35bb75f4e6525","Sarina is a town shaped by the sugar cane fields and the massive coal loaders stretching out into the ocean on the horizon. Watch every game of every round of the Premiership Season LIVE with no ..."
"nql","North Queensland Cowboys","Reuben Cotter","Lock","backup_baseline","3","player_specific_profile_candidate","townsvillebulletin.com.au","true","false","35","","bing-news-rss","team_contract","Sun, 24 May 2026 23:45:00 GMT","Townsville Bulletin","","","North Queensland Cowboys coach Todd Payten has named Reuben Cotter and Murray Taulagi to play this weekend","https://www.townsvillebulletin.com.au/sport/nrl/decision-on-todd-paytens-cowboys-future-imminent-after-strong-hint-from-ceo/news-story/671724b15c1985c64bb40b7dd13c33ad","Cowboys coach Todd Payten has made two changes to his side that beat the Rabbitohs, with a star winger returning and his skipper expected to back up after Origin I. See all the latest team news Cotter ..."
"nql","North Queensland Cowboys","John Bateman","Interchange","backup_baseline","1","player_specific_contract_candidate","adelaidenow.com.au","true","false","51","contract_or_salary_language|term_length_language","bing-news-rss","salary_contract","Mon, 01 Jun 2020 17:00:00 GMT","Adelaide Now","","","Canberra Raiders star John Bateman reportedly in talks with Wigan Warriors for five-year contract","https://www.adelaidenow.com.au/sport/nrl/canberra-raiders-star-john-bateman-reportedly-in-talks-with-wigan-warriors-for-fiveyear-contract/news-story/cc457b7e2b81f0c8abb20fcf3a70d6a7","Bateman played in the Super League before signing a three-year contract with the Canberra Raiders in 2019. The 26-year-old played a crucial role for the Raiders during his maiden NRL season, guiding ..."
"nql","North Queensland Cowboys","Matt Lodge","Interchange","backup_baseline","1","player_specific_contract_candidate","ntnews.com.au","true","false","56","contract_or_salary_language|signing_language|term_language","bing-news-rss","salary_contract","Thu, 11 Jul 2019 10:57:00 GMT","Northern Territory News","","","Matt Lodge rejects Warriors deal for massive Brisbane Broncos extension","https://www.ntnews.com.au/sport/matt-lodge-rejects-warriors-deal-for-massive-brisbane-broncos-extension/news-story/15943453c812e49a81d37577eec7bd54","The New South Wales Emerging State of Origin squad member has re-signed until the end of the 2022 season, becoming the latest talented Bronco to lock in their long-term future with the club. Lodge, 24 ..."
"nql","North Queensland Cowboys","Matt Lodge","Interchange","backup_baseline","2","player_specific_contract_candidate","themercury.com.au","true","false","48","contract_or_salary_language|signing_language","bing-news-rss","salary_contract","Sat, 19 Jun 2021 07:59:00 GMT","The Mercury","","","NRL 2021: Matt Lodge has told Broncos to sort out a transfer deal if they don't want him","https://www.themercury.com.au/sport/nrl/nrl-2021-matt-lodge-has-told-broncos-to-sort-out-a-transfer-deal-if-they-dont-want-him/news-story/56a27eb6816592389e1cee56ef33944b","It's been almost two months since the Broncos informed Matt Lodge he was free to join another club. But Brisbane still can't broker a transfer deal and the big prop is sick of the mind games. Lodge ..."
"nql","North Queensland Cowboys","Matt Lodge","Interchange","backup_baseline","3","player_specific_contract_candidate","cairnspost.com.au","true","false","43","contract_or_salary_language","bing-news-rss","salary_contract|signed_until","Sat, 14 Apr 2018 12:00:00 GMT","The Cairns Post","","","Matt Lodge to pay compensation for New York rampage under new NRL contract","https://www.cairnspost.com.au/sport/matt-lodge-to-pay-compensation-for-new-york-rampage-under-new-nrl-contract/news-story/55c35d43ee2dfa77e52d14e3c4f56b12","THE NRL will refuse to register a new contract for Matt Lodge unless the controversial Brisbane Broncos prop agrees to a compensation package in his upgraded deal. The Sunday Mail can reveal Greenberg ..."
"nql","North Queensland Cowboys","Matt Lodge","Interchange","backup_baseline","4","player_specific_contract_candidate","adelaidenow.com.au","true","false","43","contract_or_salary_language","bing-news-rss","salary_contract","Wed, 11 Sep 2019 09:05:00 GMT","Adelaide Now","","","Matt Lodge turned down more money from Parramatta to re-sign with Brisbane","https://www.adelaidenow.com.au/sport/nrl/teams/broncos/matt-lodge-turned-down-more-money-from-parramatta-to-resign-with-brisbane/news-story/d8fc395bfd9065550e1f32462800cc24","As Broncoes firebrand Matt Lodge promises an explosive start to Sunday's semi-final clash with Parramatta find out why the Brisbane enforcer knocked back a richer deal with the blue and golds."
"nql","North Queensland Cowboys","Matt Lodge","Interchange","backup_baseline","5","player_specific_profile_candidate","msn.com","false","false","21","","bing-news-rss","team_contract","Sat, 11 Jul 2026 02:00:20 GMT","LoveRugbyLeague on MSN","","","Matt Lodge transfer saga takes twist as Super League options re-appear","https://www.msn.com/en-us/sports/rugbyleague/matt-lodge-transfer-saga-takes-twist-as-super-league-options-re-appear/ar-AA27H8Gy","One to keep an eye on.."
"nql","North Queensland Cowboys","Matt Lodge","Interchange","backup_baseline","6","player_specific_profile_candidate","msn.com","false","false","21","","bing-news-rss","team_contract","Thu, 09 Jul 2026 05:13:51 GMT","LoveRugbyLeague on MSN","","","Matt Lodge makes decision on future amidst Super League speculation","https://www.msn.com/en-us/sports/rugbyleague/matt-lodge-makes-decision-on-future-amidst-super-league-speculation/ar-AA27yGnL","He was on the radar of English clubs.."
"nql","North Queensland Cowboys","Sam McIntyre","Interchange","backup_baseline","","no_candidate_found","","","","","","","","","","","","","",""
"nql","North Queensland Cowboys","Griffin Neame","Interchange","backup_baseline","1","player_specific_contract_candidate","themercury.com.au","true","false","51","contract_or_salary_language|term_length_language","bing-news-rss","team_contract","Wed, 14 Apr 2021 15:39:00 GMT","The Mercury","","","Cowboys future proof roster with upgrade for rookie forward Griffin Neame","https://www.themercury.com.au/news/hamiso-tabuaifidow-and-reuben-cotter-ruled-out-for-cowboys/news-story/70b683ce48445e241dff5d3cbe154b71","They have lost size and experience out of the forward pack in the past two weeks, but the Cowboys are looking to the future with latest roster move. The 20-year-old has been promoted into the Cowboys ..."
"nql","North Queensland Cowboys","Griffin Neame","Interchange","backup_baseline","2","player_specific_profile_candidate","theaustralian.com.au","true","true","39","","bing-news-rss","team_contract","Thu, 18 Jun 2026 17:00:00 GMT","The Australian","","","'New Zealand deserves another team': Griffin Neame's huge call on NRL expansion","https://www.theaustralian.com.au/sport/nrl/new-zealand-deserves-another-team-griffin-neames-huge-call-on-nrl-expansion/news-story/a4f28dead640a9ca3498ae3aaaf7054f","The NRL is keen to introduce another team in the next few years to balance the competition's schedule and there are two frontrunners: Christchurch, and a fifth Queensland club based in Brisbane's ..."
"nql","North Queensland Cowboys","Griffin Neame","Interchange","backup_baseline","3","player_specific_profile_candidate","thechronicle.com.au","false","false","21","","bing-news-rss","signed_until","Fri, 19 Jun 2026 04:19:00 GMT","The Toowoomba Chronicle","","","'New Zealand deserves another team': Griffin Neame's huge call on NRL expansion","https://www.thechronicle.com.au/sport/nrl/new-zealand-deserves-another-team-griffin-neames-huge-call-on-nrl-expansion/news-story/a4f28dead640a9ca3498ae3aaaf7054f","Cowboys prop Griffin Neame declared rugby league has overtaken rugby union in popularity in New Zealand as he threw his weight behind Christchurch's bid to be the 20th NRL club. The NRL is keen to ..."
"nql","North Queensland Cowboys","Harrison Edwards","Unknown","derived_bucket_range","","no_candidate_found","","","","","","","","","","","","","",""
"nql","North Queensland Cowboys","James Walsh","Unknown","derived_bucket_range","","no_candidate_found","","","","","","","","","","","","","",""
"nql","North Queensland Cowboys","Jaxson Paulo","Unknown","derived_bucket_range","","no_candidate_found","","","","","","","","","","","","","",""
"nql","North Queensland Cowboys","Kai O'Donnell","Unknown","derived_bucket_range","","no_candidate_found","","","","","","","","","","","","","",""
"nql","North Queensland Cowboys","Kaiden Lahrs","Unknown","derived_bucket_range","1","player_specific_profile_candidate","geelongadvertiser.com.au","true","false","35","","bing-news-rss","team_contract","Sun, 28 Jun 2026 05:37:00 GMT","Geelong Advertiser","","","Young Cowboy Kaiden Lahrs makes rugby league return after two-month lay-off","https://www.geelongadvertiser.com.au/sport/nrl/young-cowboy-kaiden-lahrs-makes-rugby-league-return-after-twomonth-layoff/news-story/557777d0567069b3816849d076f53ba0","Lahrs played 27 minutes as a forward off the bench for the Townsville Blackhawks in their 16-16 draw against the Northern Pride, making eight runs for 74 metres, breaking three tackles and nailing 14 ..."
"nql","North Queensland Cowboys","Mason Kira","Unknown","derived_bucket_range","","no_candidate_found","","","","","","","","","","","","","",""
"nql","North Queensland Cowboys","Soni Luke","Unknown","derived_bucket_range","","no_candidate_found","","","","","","","","","","","","","",""
"nql","North Queensland Cowboys","Thomas Mikaele","Unknown","derived_bucket_range","","no_candidate_found","","","","","","","","","","","","","",""
"nql","North Queensland Cowboys","Viliami Vailea","Unknown","derived_bucket_range","","no_candidate_found","","","","","","","","","","","","","",""
"nql","North Queensland Cowboys","Zac Herdegen","Unknown","derived_bucket_range","","no_candidate_found","","","","","","","","","","","","","",""
"par","Parramatta Eels","Isaiah Iongi","Fullback","backup_baseline","1","player_specific_contract_candidate","zerotackle.com","true","false","33","signing_language","bing-news-rss","zerotackle","Sun, 05 Jul 2026 04:04:00 GMT","zerotackle","","","The biggest misconception around the Eels ""rebuild""","https://www.zerotackle.com/the-biggest-misconception-around-the-eels-rebuild-235478/","Negotiations with Clint Gutherson went from promising to inevitable that he would leave after indirectly swapping Blaize Talagi, who signed with the Penrith Panthers, for Isaiah Iongi, who was a star ..."
"par","Parramatta Eels","Isaiah Iongi","Fullback","backup_baseline","2","player_specific_profile_candidate","theaustralian.com.au","true","true","40","contract_or_salary_language","bing-news-rss","salary_contract","Mon, 06 Apr 2026 17:00:00 GMT","The Australian","","","Eels boss Jim Sarantinos accelerates push for salary cap relief from NRL over foul play injuries","https://www.theaustralian.com.au/sport/nrl/eels-boss-jim-sarantinos-accelerates-push-for-salary-cap-relief-from-nrl-over-foul-play-injuries/news-story/0c4083d233e5d940358f3a32c7f71c3c","Sarantinos confirmed he planned to open formal discussions with head office over the concept given winger's absence comes hot on the heels of injuries to J'maine Hopgood and Isaiah Iongi. The Eels now ..."
"par","Parramatta Eels","Isaiah Iongi","Fullback","backup_baseline","3","player_specific_profile_candidate","news.com.au","true","true","39","","bing-news-rss","signed_until","Tue, 24 Feb 2026 11:48:00 GMT","Couriermail","","","NRL launches investigation after Isaiah Iongi suspicious substance pictures","https://www.news.com.au/sport/nrl/nrl-launches-investigation-after-isaiah-iongi-suspicious-substance-pictures/news-story/41cf881f09227eb3cefaca1826179dec","Code Sports published two of the photos on Tuesday morning, but it is unclear when they were taken, or whether or not they are legitimate. Eels officials have contacted Iongi following talks with the ..."
"par","Parramatta Eels","Isaiah Iongi","Fullback","backup_baseline","4","player_specific_profile_candidate","couriermail.com.au","true","true","39","","bing-news-rss","signed_until","Mon, 23 Mar 2026 10:20:00 GMT","The Courier-Mail","","","Parramatta Eels star Isaiah Iongi cops suspended NRL ban over 'suspicious substance' photos","https://www.couriermail.com.au/sport/nrl/parramatta-eels-star-isaiah-iongi-cops-suspended-nrl-ban-over-suspicious-substance-photos/news-story/90dc74d30341f9873d6e63c5a27f9bf3","Images of Iongi preparing to light a suspicious substance were circulated on social media and subsequently found their way to the Eels, who notified the integrity unit. It is understood the images ..."
"par","Parramatta Eels","Isaiah Iongi","Fullback","backup_baseline","5","player_specific_profile_candidate","nrl.com","true","true","39","","bing-news-rss","signed_until","Mon, 23 Mar 2026 10:46:00 GMT","National Rugby League","","","NRL Breach Notice: Isaiah Iongi","https://www.nrl.com/news/2026/03/23/nrl-breach-notice-isaiah-iongi/","The National Rugby League (NRL) today issued Parramatta Eels player Isaiah Iongi with a Breach Notice alleging a breach of the NRL Code of Conduct following an NRL Integrity Unit investigation. The ..."
"par","Parramatta Eels","Isaiah Iongi","Fullback","backup_baseline","6","player_specific_profile_candidate","abc.net.au","true","false","35","","bing-news-rss","signed_until","Sun, 22 Mar 2026 18:54:00 GMT","Australian Broadcasting Corporation","","","Jarome Luai set to miss four weeks, Isaiah Iongi handed NRL breach notice, Ryan Couchman sent to judiciary","https://www.abc.net.au/news/2026-03-23/jarome-luai-miss-four-weeks-isaiah-iongi-nrl-breach-notice/106486368","Wests Tigers captain Jarome Luai will miss at least one month of NRL action after injuring his knee last weekend. The NRL has handed a breach notice to Parramatta fullback Isaiah Iongi St George ..."
"par","Parramatta Eels","Isaiah Iongi","Fullback","backup_baseline","7","player_specific_profile_candidate","smh.com.au","true","true","32","","bing-news-rss","team_contract","Thu, 11 Jun 2026 08:30:00 GMT","Sydney Morning Herald","","","'Not something I'm proud of': Eels star breaks silence on photo scandal","https://www.smh.com.au/sport/nrl/not-something-i-m-proud-of-eels-star-breaks-silence-on-photo-scandal-20260610-p605m2.html","Parramatta fullback Isaiah Iongi has spoken for the first time since being sanctioned over photos of him smoking an unknown substance, describing the incident as ""not something I'm proud of"" and a ..."
"par","Parramatta Eels","Isaiah Iongi","Fullback","backup_baseline","8","player_specific_profile_candidate","thechronicle.com.au","false","false","21","","bing-news-rss","signed_until","Mon, 23 Mar 2026 10:20:00 GMT","The Toowoomba Chronicle","","","Parramatta Eels star Isaiah Iongi cops suspended NRL ban over 'suspicious substance' photos","https://www.thechronicle.com.au/sport/nrl/parramatta-eels-star-isaiah-iongi-cops-suspended-nrl-ban-over-suspicious-substance-photos/news-story/90dc74d30341f9873d6e63c5a27f9bf3","The NRL has issued Parramatta star Isaiah Iongi with a breach notice after multiple images were circulated on social media of the young fullback preparing to light a suspicious substance. Images of ..."
"par","Parramatta Eels","Bailey Simonsson","Winger","backup_baseline","","no_candidate_found","","","","","","","","","","","","","",""
"par","Parramatta Eels","Will Penisini","Centre","backup_baseline","","no_candidate_found","","","","","","","","","","","","","",""
"par","Parramatta Eels","Sean Russell","Centre","backup_baseline","","no_candidate_found","","","","","","","","","","","","","",""
"par","Parramatta Eels","Josh Addo-Carr","Winger","backup_baseline","1","player_specific_contract_candidate","goldcoastbulletin.com.au","true","false","48","contract_or_salary_language|signing_language","bing-news-rss","signed_until","Sun, 01 Nov 2020 11:17:00 GMT","Gold Coast Sun","","","Josh Addo-Carr contract: Fresh twist throws race wide open","https://www.goldcoastbulletin.com.au/sport/nrl/josh-addocarr-contract-fresh-twist-throws-race-wide-open/news-story/9197618df7350b408737eef087a29a2b","Just when we thought Josh Addo-Carr was locked in to join the Wests Tigers, the race has been thrown wide open yet again. In another huge twist to the NRL player market circus ahead of Wednesday's ..."
"par","Parramatta Eels","Josh Addo-Carr","Winger","backup_baseline","2","player_specific_contract_candidate","cairnspost.com.au","true","false","43","contract_or_salary_language","bing-news-rss","salary_contract","Mon, 28 Sep 2020 10:43:00 GMT","The Cairns Post","","","Josh Addo-Carr contract: Melbourne Storm star could sit out 2021 NRL season","https://www.cairnspost.com.au/sport/josh-addocarr-contract-melbourne-storm-star-could-sit-out-2021-nrl-season/news-story/8fe54176cdb25cd95ee2c0315f57efe3","Josh Addo-Carr is facing the possibility of being forced to sit out next season as Melbourne Storm's player swap saga hits another hurdle. As per an ultimatum served earlier in the month, Storm has ..."
"par","Parramatta Eels","Jonah Pezet","Five-Eighth","backup_baseline","1","player_specific_contract_candidate","theaustralian.com.au","true","true","47","contract_or_salary_language","bing-news-rss","salary_contract|signed_until","Sun, 12 Apr 2026 17:00:00 GMT","The Australian","","","Broncos rookie Tom Duffy welcomes halfback duel with future teammate Jonah Pezet","https://www.theaustralian.com.au/sport/nrl/broncos-rookie-tom-duffy-welcomes-halfback-duel-with-future-teammate-jonah-pezet/news-story/ac1ef03d45eb49e9f7bdef1de76c802b","Broncos bosses have kicked off contract extension talks with Duffy's management in a bid to keep the former Cowboys rookie at Red Hill beyond season 2026. Any new deal will put Duffy on a collision ..."
"par","Parramatta Eels","Jonah Pezet","Five-Eighth","backup_baseline","2","player_specific_contract_candidate","couriermail.com.au","true","true","47","contract_or_salary_language","bing-news-rss","signed_until","Mon, 13 Apr 2026 12:39:00 GMT","The Courier-Mail","","","Broncos rookie Tom Duffy welcomes halfback duel with future teammate Jonah Pezet","https://www.couriermail.com.au/sport/nrl/broncos-rookie-tom-duffy-welcomes-halfback-duel-with-future-teammate-jonah-pezet/news-story/ac1ef03d45eb49e9f7bdef1de76c802b","Young gun Tom Duffy has refused to play second fiddle to incoming rival Jonah Pezet as Brisbane bosses open contract talks to secure their halfback future. Broncos bosses have kicked off contract ..."
"par","Parramatta Eels","Jonah Pezet","Five-Eighth","backup_baseline","3","player_specific_contract_candidate","adelaidenow.com.au","true","false","43","contract_or_salary_language","bing-news-rss","salary_contract","Mon, 13 Apr 2026 12:09:00 GMT","Adelaide Now","","","Broncos rookie Tom Duffy welcomes halfback duel with future teammate Jonah Pezet","https://www.adelaidenow.com.au/sport/nrl/broncos-rookie-tom-duffy-welcomes-halfback-duel-with-future-teammate-jonah-pezet/news-story/ac1ef03d45eb49e9f7bdef1de76c802b","Young gun Tom Duffy has refused to play second fiddle to incoming rival Jonah Pezet as Brisbane bosses open contract talks to secure their halfback future. Broncos bosses have kicked off contract ..."
"par","Parramatta Eels","Jonah Pezet","Five-Eighth","backup_baseline","4","player_specific_contract_candidate","zerotackle.com","true","false","33","signing_language","bing-news-rss","zerotackle","Sun, 05 Jul 2026 04:04:00 GMT","zerotackle","","","The biggest misconception around the Eels ""rebuild""","https://www.zerotackle.com/the-biggest-misconception-around-the-eels-rebuild-235478/","Mark O'Neill has signed Jack de Belin, Dylan Walker, and Jonah Pezet, thanks to a relationship with Ryles, which is not ideal recruitment, even if the team is rebuilding while Mitch Moses is still at ..."
"par","Parramatta Eels","Jonah Pezet","Five-Eighth","backup_baseline","5","player_specific_profile_candidate","couriermail.com.au","true","true","40","contract_or_salary_language","bing-news-rss","signed_until","Sun, 12 Apr 2026 05:00:00 GMT","The Courier-Mail","","","Market Watch: Broncos kick off talks with Tom Duffy over contract extension","https://www.couriermail.com.au/sport/nrl/market-watch-broncos-kick-off-talks-with-tom-duffy-over-contract-extension/news-story/3006cba23c30a26e04b210b0ba8b0052","This masthead can reveal Broncos bosses are in discussions on a contract extension in a move that will see Duffy and incoming recruit Jonah Pezet battle it out for the No.7 jumper vacated by the ..."
"par","Parramatta Eels","Jonah Pezet","Five-Eighth","backup_baseline","6","player_specific_profile_candidate","goldcoastbulletin.com.au","true","false","35","","bing-news-rss","signed_until","Sun, 26 Apr 2026 12:13:00 GMT","Gold Coast Sun","","","Meyn Game: Broncos veteran Ben Hunt wants Brisbane's No.7 jersey despite arrival of Jonah Pezet","https://www.goldcoastbulletin.com.au/sport/nrl/meyn-game-broncos-veteran-ben-hunt-wants-brisbanes-no7-jersey-despite-arrival-of-jonah-pezet/news-story/1cd136418bba65ee0791c1a97bb61f42","Hunt has delayed retirement and formally notified the Broncos of his intention to play on into a 19th NRL season in 2027. Sitting on 360 NRL appearances, Hunt will edge towards the magical mark of 400 ..."
"par","Parramatta Eels","Jonah Pezet","Five-Eighth","backup_baseline","7","player_specific_profile_candidate","au.sports.yahoo.com","true","false","28","","bing-news-rss","signed_until","Mon, 06 Apr 2026 17:00:00 GMT","Yahoo Sport Australia","","","NRL debut looming for Eels teenager as Pezet has scans","https://au.sports.yahoo.com/nrl-debut-looming-eels-teenager-022053284.html","Lorenzo Talataina is on the verge of realising a lifelong dream, with the Parramatta youngster emerging as a shock first-grade contender after Jonah Pezet was struck down with a hamstring complaint ..."
"par","Parramatta Eels","Jonah Pezet","Five-Eighth","backup_baseline","8","player_specific_profile_candidate","msn.com","false","false","19","signing_language","bing-news-rss","team_contract","Mon, 06 Jul 2026 00:38:00 GMT","FOX SPORTS on MSN","","","'No secret': Eels recruit opens up on nightmare season... and ultimate moment of redemption","https://www.msn.com/en-au/news/other/no-secret-eels-recruit-opens-up-on-nightmare-season-and-ultimate-moment-of-redemption/ar-AA27iDXX","Eels halfback Jonah Pezet has endured a ""pretty tough season"" at the club before he joins the Broncos next year, but he bounced back to remind everyone that he belongs in the NRL."
"par","Parramatta Eels","Mitchell Moses","Halfback","backup_baseline","1","player_specific_profile_candidate","abc.net.au","true","false","35","","bing-news-rss","team_contract","Mon, 01 Jun 2026 17:14:00 GMT","Australian Broadcasting Corporation","","","Mitchell Moses's Eels absence raises concerns over potential Origin return","https://www.abc.net.au/news/2026-06-02/nrl-state-of-origin-mitchell-moses-nsw-blues-parramatta-eels/106751432","Mitchell Moses will not play for the Eels in the King's Birthday match against the Bulldogs. Moses was ruled out of State of Origin I with a hamstring injury. It is unclear whether Blues coach Laurie ..."
"par","Parramatta Eels","J'maine Hopgood","Prop","backup_baseline","1","player_specific_profile_candidate","theaustralian.com.au","true","true","40","contract_or_salary_language","bing-news-rss","salary_contract","Mon, 06 Apr 2026 17:00:00 GMT","The Australian","","","Eels boss Jim Sarantinos accelerates push for salary cap relief from NRL over foul play injuries","https://www.theaustralian.com.au/sport/nrl/eels-boss-jim-sarantinos-accelerates-push-for-salary-cap-relief-from-nrl-over-foul-play-injuries/news-story/0c4083d233e5d940358f3a32c7f71c3c","Sarantinos confirmed he planned to open formal discussions with head office over the concept given winger's absence comes hot on the heels of injuries to J'maine Hopgood and Isaiah Iongi. The Eels now ..."
"par","Parramatta Eels","Ryley Smith","Hooker","backup_baseline","","no_candidate_found","","","","","","","","","","","","","",""
"par","Parramatta Eels","Junior Paulo","Prop","backup_baseline","1","player_specific_contract_candidate","theaustralian.com.au","true","true","47","contract_or_salary_language","bing-news-rss","team_contract|signed_until","Wed, 24 Jun 2026 19:13:00 GMT","The Australian","","","NRL market watch: Eels prop Junior Paulo fighting for his future at Parramatta","https://www.theaustralian.com.au/sport/nrl/nrl-market-watch-rising-nrl-star-joey-walsh-commits-his-longterm-future-to-manly/news-story/20e0e3472ebd0704364c7ae3b45a5e2e","Paulo, 32, is trying to get back onto the field after having a knee clean-out that has taken longer than expected. Instead, he is having to try to win a contract extension off his reputation and ..."
"par","Parramatta Eels","Junior Paulo","Prop","backup_baseline","2","player_specific_contract_candidate","au.sports.yahoo.com","true","false","44","contract_or_salary_language|term_length_language","bing-news-rss","team_contract","Wed, 24 Jun 2026 17:00:00 GMT","Yahoo Sport Australia","","","Eels veteran's future remains uncertain","https://au.sports.yahoo.com/eels-veteran-future-remains-uncertain-064452590.html","Parramatta Eels veteran Junior Paulo is keen to remain at the club he made his NRL debut with back in 2013. Although the 32-year-old prop is unsigned for next season and has yet to ink an extension to ..."
"par","Parramatta Eels","Junior Paulo","Prop","backup_baseline","3","player_specific_contract_candidate","geelongadvertiser.com.au","true","false","43","contract_or_salary_language","bing-news-rss","salary_contract|signed_until|publisher_text_dt","Wed, 11 May 2016 04:26:00 GMT","Geelong Advertiser","","","Third grade rugby coach takes blame for Junior Paulo breaching his NRL contract","https://www.geelongadvertiser.com.au/sport/nrl/third-grade-rugby-coach-takes-blame-for-junior-paulo-breaching-his-nrl-contract/news-story/9311f67679138f28d32b4848b12e73e1","A THIRD grade rugby coach has taken all blame for Parramatta enforcer Junior Paulo breaching his NRL contract, saying: ""I just wanted my boys to play alongside a superstar."" Speaking with The Daily ..."
"par","Parramatta Eels","Junior Paulo","Prop","backup_baseline","4","player_specific_contract_candidate","themercury.com.au","true","false","40","signing_language","bing-news-rss","salary_contract|team_contract|signed_until","Thu, 25 Jun 2026 05:13:00 GMT","The Mercury","","","NRL market watch: Eels prop Junior Paulo fighting for his future at Parramatta","https://www.themercury.com.au/sport/nrl/nrl-market-watch-rising-nrl-star-joey-walsh-commits-his-longterm-future-to-manly/news-story/20e0e3472ebd0704364c7ae3b45a5e2e","In a strong vote of confidence for Fozball, boom rookie Joey Walsh has re-signed with Manly until the end of the 2029 NRL season."
"par","Parramatta Eels","Kelma Tuilagi","2nd Row","backup_baseline","1","player_specific_contract_candidate","ntnews.com.au","true","false","51","contract_or_salary_language|term_length_language","bing-news-rss","signed_until","Wed, 15 Apr 2026 01:01:00 GMT","Northern Territory News","","","Kelma Tuilagi first Eels casualty of Jaydn Su'A signing | Sport Confidential","https://www.ntnews.com.au/sport/nrl/nrl-club-bosses-call-for-meeting-with-graham-annesley-over-frustrations-with-rule-changes-sport-confidential/news-story/e9b22e067b674c18843989e5061614ad","Parramatta's decision to sign Jaydn Su'A to a lucrative three-year deal is set to come at the expense of a fellow back rower who is now exploring his options at rival clubs. Sport Confidential ..."
"par","Parramatta Eels","Kelma Tuilagi","2nd Row","backup_baseline","2","player_specific_profile_candidate","theaustralian.com.au","true","true","39","","bing-news-rss","salary_contract","Wed, 15 Apr 2026 00:59:00 GMT","The Australian","","","Kelma Tuilagi first Eels casualty of Jaydn Su'A signing | Sport Confidential","https://www.theaustralian.com.au/sport/nrl/nrl-club-bosses-call-for-meeting-with-graham-annesley-over-frustrations-with-rule-changes-sport-confidential/news-story/e9b22e067b674c18843989e5061614ad","Sport Confidential understands that Tuilagi has begun exploring his options at rival clubs given Su'A's imminent arrival and the presence of back rower Kitione Kautoga, who is contracted for at least ..."
"par","Parramatta Eels","Kelma Tuilagi","2nd Row","backup_baseline","3","player_specific_profile_candidate","adelaidenow.com.au","true","false","35","","bing-news-rss","signed_until","Wed, 15 Apr 2026 01:08:00 GMT","Adelaide Now","","","Kelma Tuilagi first Eels casualty of Jaydn Su'A signing | Sport Confidential","https://www.adelaidenow.com.au/sport/nrl/nrl-club-bosses-call-for-meeting-with-graham-annesley-over-frustrations-with-rule-changes-sport-confidential/news-story/e9b22e067b674c18843989e5061614ad","Sport Confidential understands that Tuilagi has begun exploring his options at rival clubs given Su'A's imminent arrival and the presence of back rower Kitione Kautoga, who is contracted for at least ..."
"par","Parramatta Eels","Kitione Kautoga","2nd Row","backup_baseline","","no_candidate_found","","","","","","","","","","","","","",""
"par","Parramatta Eels","Jack Williams","Lock","backup_baseline","","no_candidate_found","","","","","","","","","","","","","",""
"par","Parramatta Eels","Dylan Walker","Interchange","backup_baseline","1","player_specific_contract_candidate","au.sports.yahoo.com","true","false","51","contract_or_salary_language|term_language","bing-news-rss","team_contract","Tue, 07 Jul 2026 01:03:00 GMT","Yahoo Sports Australia","","","Dylan Walker reveals ""disappointing"" contract negotiations","https://au.sports.yahoo.com/dylan-walker-reveals-disappointing-contract-080313101.html","Departing Parramatta Eels lock forward Dylan Walker has revealed his disappointment over not being able to stay in the NRL beyond the end of 2026. Walker, who still believes he has plenty left in the ..."
"par","Parramatta Eels","Dylan Walker","Interchange","backup_baseline","2","player_specific_contract_candidate","au.sports.yahoo.com","true","false","51","contract_or_salary_language|term_language|term_length_language","bing-news-rss","team_contract","Mon, 06 Jul 2026 02:33:00 GMT","Yahoo Sports Australia","","","Dylan Walker confirms next contract, Eels exit","https://au.sports.yahoo.com/dylan-walker-confirms-next-contract-093330068.html","Parramatta Eels lock forward Dylan Walker has confirmed he will leave the club at the end of 2026, joining English Super League outfit the Leeds Rhinos on a three-year deal. Walker, who has been with ..."
"par","Parramatta Eels","Dylan Walker","Interchange","backup_baseline","3","player_specific_contract_candidate","zerotackle.com","true","false","33","signing_language","bing-news-rss","zerotackle","Sun, 05 Jul 2026 04:04:00 GMT","zerotackle","","","The biggest misconception around the Eels ""rebuild""","https://www.zerotackle.com/the-biggest-misconception-around-the-eels-rebuild-235478/","Mark O'Neill has signed Jack de Belin, Dylan Walker, and Jonah Pezet, thanks to a relationship with Ryles, which is not ideal recruitment, even if the team is rebuilding while Mitch Moses is still at ..."
"par","Parramatta Eels","Dylan Walker","Interchange","backup_baseline","4","player_specific_contract_candidate","msn.com","false","false","29","contract_or_salary_language","bing-news-rss","team_contract","Tue, 30 Jun 2026 13:08:19 GMT","Zero Tackle on MSN","","","Close to deciding: Dylan Walker weighs contract call as Eels exit looms","https://www.msn.com/en-au/news/other/close-to-deciding-dylan-walker-weighs-contract-call-as-eels-exit-looms/ar-AA26UhB6","Parramatta Eels veteran utility Dylan Walker is close to confirming he will leave the Western Sydney club when his contract expires at the end of this season. Walker has been linked with a move to the ..."
"par","Parramatta Eels","Dylan Walker","Interchange","backup_baseline","5","player_specific_profile_candidate","dailytelegraph.com.au","true","true","32","","bing-news-rss","dailytelegraph|publisher_text_dt","Thu, 02 Jul 2026 05:47:00 GMT","Daily Telegraph","","","NRL market watch: Panthers grant premiership prop Moses Leota permission to test open market","https://www.dailytelegraph.com.au/sport/nrl/nrl-market-watch-panthers-grant-premiership-prop-moses-leota-permission-to-test-open-market/news-story/4008f19cfa5ee0ca87b94c1606edc5ad","Dylan Walker is set to become the latest high-profile NRL player to move to the Super League with the Parramatta utility on the verge of joining Brad Arthur-coached Leeds."
"par","Parramatta Eels","Dylan Walker","Interchange","backup_baseline","6","player_specific_profile_candidate","thechronicle.com.au","false","false","21","","bing-news-rss","team_contract|signed_until","Mon, 06 Jul 2026 05:16:00 GMT","The Chronicle","","","Eels star Dylan Walker's exit confirmed as NRL exodus trend continues","https://www.thechronicle.com.au/sport/nrl/eels-star-dylan-walkers-exit-confirmed-as-nrl-exodus-trend-continues/news-story/8887909c5817658e0c4b78a208fcf317","Parramatta veteran Dylan Walker will leave the Eels at the end of the season, joining the Leeds Rhinos in the Super League."
"par","Parramatta Eels","Dylan Walker","Interchange","backup_baseline","7","player_specific_profile_candidate","msn.com","false","false","21","","bing-news-rss","team_contract","Fri, 03 Jul 2026 02:00:56 GMT","All Out Rugby League on MSN","","","Leeds Rhinos get Dylan Walker green light after Brad Arthur talks","https://www.msn.com/en-gb/news/uknews/leeds-rhinos-get-dylan-walker-green-light-after-brad-arthur-talks/ar-AA277Rrl","The NRL star looks set to make the switch to Headingley for 2027 ..."
"par","Parramatta Eels","Tallyn Da Silva","Interchange","backup_baseline","","no_candidate_found","","","","","","","","","","","","","",""
"par","Parramatta Eels","Jack de Belin","Interchange","backup_baseline","1","player_specific_contract_candidate","geelongadvertiser.com.au","true","false","48","contract_or_salary_language|signing_language","bing-news-rss","signed_until","Tue, 11 May 2021 06:03:00 GMT","Geelong Advertiser","","","Jack de Belin knocked back Warriors deal before re-signing with Dragons","https://www.geelongadvertiser.com.au/sport/nrl/the-secret-details-behind-st-george-illawarras-deal-with-jack-de-belin/news-story/b10ffc2ae1ab062455887d0e41e1dc02","He has officially re-signed with the Dragons but Jack de Belin knocked back an even more lucrative contract from an NRL rival in 2020. De Belin and Sinclair were found not guilty on one charge on ..."
"par","Parramatta Eels","Jack de Belin","Interchange","backup_baseline","2","player_specific_contract_candidate","goldcoastbulletin.com.au","true","false","43","contract_or_salary_language","bing-news-rss","salary_contract","Thu, 03 Sep 2020 10:36:00 GMT","Gold Coast Sun","","","NRL: St George Illawarra players welcome Jack de Belin's potential contract extension","https://www.goldcoastbulletin.com.au/breaking-news/nrl-st-george-illawarra-players-welcome-jack-de-belins-potential-contract-extension/news-story/a3081529313324185b48037b537289d9","Dragons players believe Jack de Belin would ""dominate"" if he is given clearance to return to the NRL next season. De Belin's challenging career received a boost during the week when the Dragons ..."
"par","Parramatta Eels","Jack de Belin","Interchange","backup_baseline","3","player_specific_contract_candidate","ntnews.com.au","true","false","43","contract_or_salary_language","bing-news-rss","signed_until","Thu, 03 Sep 2020 10:36:00 GMT","Northern Territory News","","","NRL: St George Illawarra players welcome Jack de Belin's potential contract extension","https://www.ntnews.com.au/breaking-news/nrl-st-george-illawarra-players-welcome-jack-de-belins-potential-contract-extension/news-story/a3081529313324185b48037b537289d9","Dragons players believe Jack de Belin would ""dominate"" if he is given clearance to return to the NRL next season. De Belin's challenging career received a boost during the week when the Dragons ..."
"par","Parramatta Eels","Jack de Belin","Interchange","backup_baseline","4","player_specific_contract_candidate","zerotackle.com","true","false","33","signing_language","bing-news-rss","zerotackle","Sun, 05 Jul 2026 04:04:00 GMT","zerotackle","","","The biggest misconception around the Eels ""rebuild""","https://www.zerotackle.com/the-biggest-misconception-around-the-eels-rebuild-235478/","Mark O'Neill has signed Jack de Belin, Dylan Walker, and Jonah Pezet, thanks to a relationship with Ryles, which is not ideal recruitment, even if the team is rebuilding while Mitch Moses is still at ..."
"par","Parramatta Eels","Jack de Belin","Interchange","backup_baseline","5","player_specific_profile_candidate","heraldsun.com.au","true","false","35","","bing-news-rss","signed_until","Sat, 16 Feb 2019 16:00:00 GMT","heraldsun.com.au","","","Sponsors actively following Jack de Belin case and NRL's response","https://www.heraldsun.com.au/news/sponsors-actively-following-jack-de-belin-case-and-nrls-response/news-story/e518bd3752181e80c96c76c806d89ab8","With just days until the new NRL season kicks off, the game is facing an unprecedented crisis over its handling of star player Jack de Belin's rape case, with Dragons' sponsors actively looking into ..."
"par","Parramatta Eels","Jack de Belin","Interchange","backup_baseline","6","player_specific_profile_candidate","ntnews.com.au","true","false","35","","bing-news-rss","signed_until","Thu, 04 Jun 2026 00:45:00 GMT","Northern Territory News","","","NRL under pressure to stand down star Jack de Belin","https://www.ntnews.com.au/sport/nrl-under-pressure-to-stand-down-star-jack-de-belin/news-story/9ec0289c8b94f8db8c214e0911b9a582","The NRL's handling of the Jack de Belin case is under severe scrutiny, with the NRL's leading women's adviser calling for the Dragons forward to be stood down, while a judge argues this would ..."
"par","Parramatta Eels","Matt Doorey","Interchange","backup_baseline","","no_candidate_found","","","","","","","","","","","","","",""
"par","Parramatta Eels","Brian Kelly","Unknown","derived_bucket_range","","no_candidate_found","","","","","","","","","","","","","",""
"par","Parramatta Eels","Charlie Guymer","Unknown","derived_bucket_range","1","player_specific_contract_candidate","ntnews.com.au","true","false","40","signing_language","bing-news-rss","signed_until","Sat, 11 Apr 2026 12:04:00 GMT","Northern Territory News","","","Homegrown Eels, led by Charlie Guymer, answer call as Parramatta's injury crisis worsens","https://www.ntnews.com.au/sport/nrl/eels-turn-to-homegrown-trio-led-by-charlie-guymer-as-clubs-injury-crisis-worsens/news-story/4aaa6319367fc749ccd4acecf39e16e1","In the midst of an injury crisis, Parramatta are turning to a homegrown group of mates who won it all almost three years ago, led by future captain Charlie Guymer. Led by the newly-resigned Charlie ..."
"par","Parramatta Eels","Jake Tago","Unknown","derived_bucket_range","","no_candidate_found","","","","","","","","","","","","","",""
"par","Parramatta Eels","Joash Papalii","Unknown","derived_bucket_range","","no_candidate_found","","","","","","","","","","","","","",""
"par","Parramatta Eels","Jordan Samrani","Unknown","derived_bucket_range","","no_candidate_found","","","","","","","","","","","","","",""
"par","Parramatta Eels","Luca Moretti","Unknown","derived_bucket_range","","no_candidate_found","","","","","","","","","","","","","",""
"par","Parramatta Eels","Richard Penisini","Unknown","derived_bucket_range","","no_candidate_found","","","","","","","","","","","","","",""
"par","Parramatta Eels","Ronald Volkman","Unknown","derived_bucket_range","1","player_specific_contract_candidate","couriermail.com.au","true","true","47","contract_or_salary_language","bing-news-rss","team_contract","Thu, 09 Jul 2026 08:00:00 GMT","The Courier Mail","","","Parramatta Eels target Jarome Luai as rejuvenated playmaker Ronald Volkman departs","https://www.couriermail.com.au/sport/nrl/parramatta-eels-target-jarome-luai-as-rejuvenated-playmaker-ronald-volkman-departs/news-story/52934ca0b0ab58e0affb94b31f8f480e","Rejuvenated playmaker Ronald Volkman could be on the way out of Parramatta after contract talks on an extension broke down with the club."
"par","Parramatta Eels","Ronald Volkman","Unknown","derived_bucket_range","2","player_specific_contract_candidate","dailytelegraph.com.au","true","true","47","contract_or_salary_language","bing-news-rss","publisher_text_dt","Thu, 09 Jul 2026 11:39:00 GMT","Daily Telegraph","","","Parramatta Eels target Jarome Luai as rejuvenated playmaker Ronald Volkman departs","https://www.dailytelegraph.com.au/sport/nrl/parramatta-eels-target-jarome-luai-as-rejuvenated-playmaker-ronald-volkman-departs/news-story/52934ca0b0ab58e0affb94b31f8f480e","Contract talks between Parramatta and rejuvenated playmaker Ronald Volkman have broken down with the Eels expected to land Tigers co-captain Jarome Luai for next season."
"par","Parramatta Eels","Ronald Volkman","Unknown","derived_bucket_range","3","player_specific_contract_candidate","au.sports.yahoo.com","true","false","44","contract_or_salary_language|term_length_language","bing-news-rss","team_contract","Fri, 15 May 2026 17:00:00 GMT","Yahoo Sport Australia","","","Super League seek out Eels playmaker","https://au.sports.yahoo.com/super-league-seek-eels-playmaker-014938947.html","Ronald Volkman is off contract with the Parramatta Eels at the end of the season, with several Super League clubs already monitoring his situation as he weighs up his next move. The 23-year-old ..."
"par","Parramatta Eels","Ronald Volkman","Unknown","derived_bucket_range","4","player_specific_contract_candidate","ntnews.com.au","true","false","43","contract_or_salary_language","bing-news-rss","salary_contract","Fri, 10 Jul 2026 04:58:00 GMT","NT News","","","Parramatta Eels target Jarome Luai as rejuvenated playmaker Ronald Volkman departs","https://www.ntnews.com.au/sport/nrl/parramatta-eels-target-jarome-luai-as-rejuvenated-playmaker-ronald-volkman-departs/news-story/52934ca0b0ab58e0affb94b31f8f480e","Rejuvenated playmaker Ronald Volkman could be on the way out of Parramatta after contract talks on an extension broke down with the club."
"par","Parramatta Eels","Ronald Volkman","Unknown","derived_bucket_range","5","player_specific_profile_candidate","au.news.yahoo.com","true","false","28","","bing-news-rss","team_contract","Fri, 10 Jul 2026 16:24:00 GMT","Yahoo News Australia","","","Parramatta half set to leave the club as Eels make space to sign Jarome Luai from Tigers","https://au.news.yahoo.com/parramatta-half-set-to-leave-the-club-as-eels-make-space-to-sign-jarome-luai-from-tigers-231132208.html","The Parramatta Eels will reportedly farewell playmaker Ronald Volkman at the end of the NRL season and the club looks to sign Jarome Luai from the Wests Tigers. The Eels have emerged as the ..."
"par","Parramatta Eels","Ryan Matterson","Unknown","derived_bucket_range","1","player_specific_contract_candidate","goldcoastbulletin.com.au","true","false","56","contract_or_salary_language|signing_language|term_length_language","bing-news-rss","team_contract","Tue, 26 May 2026 02:06:00 GMT","Gold Coast Sun","","","Ryan Matterson joins Parramatta Eels on three-year deal","https://www.goldcoastbulletin.com.au/sport/ryan-matterson-joins-parramatta-eels-on-threeyear-deal/news-story/6d181e81dd245aea053a27d93f2822c4","Matterson had two years remaining with Wests Tigers but quit the club early after claiming he was in dispute with coach Michael Maguire. He now has a spanking new three-year contract with the Eels, ..."
"par","Parramatta Eels","Ryan Matterson","Unknown","derived_bucket_range","2","player_specific_contract_candidate","goldcoastbulletin.com.au","true","false","48","contract_or_salary_language|signing_language","bing-news-rss","salary_contract","Mon, 11 Nov 2019 12:21:00 GMT","Gold Coast Sun","","","Gorden Tallis finds solution to Ryan Matterson contract fiasco","https://www.goldcoastbulletin.com.au/sport/gorden-tallis-finds-solution-to-ryan-matterson-contract-fiasco/news-story/c8e20c64644c868a6ff07bc066ffa1c0","A man who proved a long time ago that his word is his bond, Tallis has called on NRL chief executive Todd Greenberg to join forces with clubs and start standing down players for breaking contracts."
"par","Parramatta Eels","Ryan Matterson","Unknown","derived_bucket_range","3","player_specific_contract_candidate","adelaidenow.com.au","true","false","43","contract_or_salary_language","bing-news-rss","salary_contract","Wed, 16 Oct 2019 10:15:00 GMT","Adelaide Now","","","Ryan Matterson now talking to South Sydney as Tigers exit looms","https://www.adelaidenow.com.au/sport/nrl/teams/tigers/ryan-matterson-now-talking-to-south-sydney-as-tigers-exit-looms/news-story/d5b53fbe8c7d6e1b8768716a5f8ae20c","The Daily Telegraph understands the Rabbitohs are planning a preliminary meeting with Matterson's management as early as Thursday as they look to replace retired club legend John Sutton. No offer has ..."
"par","Parramatta Eels","Ryan Matterson","Unknown","derived_bucket_range","4","player_specific_contract_candidate","themercury.com.au","true","false","43","contract_or_salary_language","bing-news-rss","publisher_text_dt","Wed, 16 Oct 2019 10:45:00 GMT","The Mercury","","","Ryan Matterson now talking to South Sydney as Tigers exit looms","https://www.themercury.com.au/sport/ryan-matterson-now-talking-to-south-sydney-as-tigers-exit-looms/news-story/d5b53fbe8c7d6e1b8768716a5f8ae20c","The Daily Telegraph understands the Rabbitohs are planning a preliminary meeting with Matterson's management as early as Thursday as they look to replace retired club legend John Sutton. No offer has ..."
"par","Parramatta Eels","Ryan Matterson","Unknown","derived_bucket_range","5","player_specific_profile_candidate","couriermail.com.au","true","true","39","","bing-news-rss","signed_until","Wed, 04 Mar 2026 10:00:00 GMT","The Courier-Mail","","","Injured Parramatta Eels star Ryan Matterson addresses speculation over his NRL future, Storm links","https://www.couriermail.com.au/sport/nrl/injured-parramatta-eels-star-ryan-matterson-addresses-speculation-over-his-nrl-future-storm-links/news-story/6131028c631c0f6c3a108220ae2cb0e7","The Zac Lomax saga has taken an intriguing twist with Matterson - an unwitting pawn in the Storm-Eels transfer stoush - battling ongoing concussive symptoms that have plunged his career into doubt. In ..."
"par","Parramatta Eels","Ryan Matterson","Unknown","derived_bucket_range","6","player_specific_profile_candidate","townsvillebulletin.com.au","true","false","35","","bing-news-rss","team_contract","Thu, 02 Apr 2020 07:13:00 GMT","Townsville Bulletin","","","Parramatta Eels Ryan Matterson on dealing with life in isolation","https://www.townsvillebulletin.com.au/sport/parramatta-eels-ryan-matterson-on-dealing-with-life-in-isolation/news-story/ef442c418c8c3a9b115e81297522ab84","Parramatta back-rower Ryan Matterson feared this day would come, when rugby league was taken away. Now the isolated Eels star is in daily sessions with the club's welfare manager. It was about a year ..."
"par","Parramatta Eels","Ryan Matterson","Unknown","derived_bucket_range","7","player_specific_profile_candidate","adelaidenow.com.au","true","false","35","","bing-news-rss","team_contract","Sat, 27 Jun 2026 16:52:00 GMT","Adelaide Now","","","Medical not money: Real reason Ryan Matterson left Tigers revealed","https://www.adelaidenow.com.au/sport/nrl/nrl-2020-ryan-matterson-vs-michael-maguire-wests-tigers-parramatta-eels-round-11/news-story/6d12077c13b07ef5df23234620294cfc","The Sydney Morning Herald reports that Matterson had a falling out with the club over the treatment of his injuries, in particular a concussion. Ahead of his much hyped clash with his former club on ..."
"par","Parramatta Eels","Ryan Matterson","Unknown","derived_bucket_range","8","player_specific_profile_candidate","townsvillebulletin.com.au","true","false","35","","bing-news-rss","signed_until","Thu, 19 Sep 2019 13:34:00 GMT","Townsville Bulletin","","","Wests Tigers tire of Ryan Matterson — and rivals are circling","https://www.townsvillebulletin.com.au/sport/nrl/wests-tigers-tire-of-moneyhungry-ryan-matterson-and-rivals-are-circling/news-story/f56b740df63d7af41d0925ffa626b056","Ryan Matterson has been granted leave due to ""personal reasons"". But the story runs much deeper, with officials frustrated at the star forward's behaviour and push for more money. Club management ..."
"par","Parramatta Eels","Ryan Matterson","Unknown","derived_bucket_range","9","player_specific_profile_candidate","geelongadvertiser.com.au","true","false","35","","bing-news-rss","publisher_text_dt","Thu, 19 Sep 2019 13:34:00 GMT","Geelong Advertiser","","","Wests Tigers tire of Ryan Matterson — and rivals are circling","https://www.geelongadvertiser.com.au/sport/nrl/wests-tigers-tire-of-moneyhungry-ryan-matterson-and-rivals-are-circling/news-story/f56b740df63d7af41d0925ffa626b056","Ryan Matterson has been granted leave due to ""personal reasons"". But the story runs much deeper, with officials frustrated at the star forward's behaviour and push for more money. Club management ..."
"par","Parramatta Eels","Sam Tuivaiti","Unknown","derived_bucket_range","","no_candidate_found","","","","","","","","","","","","","",""
"par","Parramatta Eels","Toni Mataele","Unknown","derived_bucket_range","","no_candidate_found","","","","","","","","","","","","","",""
"pen","Penrith Panthers","Dylan Edwards","Fullback","backup_baseline","","no_candidate_found","","","","","","","","","","","","","",""
"pen","Penrith Panthers","Thomas Jenkins","Winger","backup_baseline","1","player_specific_profile_candidate","au.sports.yahoo.com","true","false","35","","bing-news-rss","team_contract","Fri, 29 May 2026 16:59:00 GMT","Yahoo Sport Australia","","","SIX potential landing spots for Thomas Jenkins","https://au.sports.yahoo.com/six-potential-landing-spots-thomas-020035125.html","Thomas Jenkins has fast become one of the NRL's most dangerous wingers. That is, very likely, a sentence no one thought they'd be reading at the start of the season, and it has to be noted he is ..."
"pen","Penrith Panthers","Paul Alamoti","Centre","backup_baseline","1","player_specific_contract_candidate","au.sports.yahoo.com","true","false","51","contract_or_salary_language|term_language","bing-news-rss","team_contract","Thu, 07 May 2026 17:00:00 GMT","Yahoo Sport Australia","","","Paul Alamoti drops hint on contract decision","https://au.sports.yahoo.com/paul-alamoti-drops-hint-contract-023230225.html","Paul Alamoti has offered insight into his contract situation, with his current deal at the Penrith Panthers running through until the end of 2027. While negotiations are set to become possible from ..."
"pen","Penrith Panthers","Casey McLean","Centre","backup_baseline","","no_candidate_found","","","","","","","","","","","","","",""
"pen","Penrith Panthers","Brian To'o","Winger","backup_baseline","","no_candidate_found","","","","","","","","","","","","","",""
"pen","Penrith Panthers","Blaize Talagi","Five-Eighth","backup_baseline","1","player_specific_contract_candidate","zerotackle.com","true","false","33","signing_language","bing-news-rss","zerotackle","Sun, 05 Jul 2026 04:04:00 GMT","zerotackle","","","The biggest misconception around the Eels ""rebuild""","https://www.zerotackle.com/the-biggest-misconception-around-the-eels-rebuild-235478/","Negotiations with Clint Gutherson went from promising to inevitable that he would leave after indirectly swapping Blaize Talagi, who signed with the Penrith Panthers, for Isaiah Iongi, who was a star ..."
"pen","Penrith Panthers","Nathan Cleary","Halfback","backup_baseline","1","player_specific_salary_candidate","couriermail.com.au","true","true","54","money","bing-news-rss","salary_contract","Thu, 14 May 2026 09:01:00 GMT","The Courier-Mail","","","Nathan Cleary could pocket more than $3 million tax-free at PNG if he leaves Penrith","https://www.couriermail.com.au/sport/nrl/nathan-cleary-could-pocket-more-than-3-million-taxfree-at-png-if-he-leaves-penrith/news-story/3c5941b28873eb8ec5e36e04218ee58a","Ivan Cleary's bombshell decision to stand down as head coach at the end of next season could have a domino effect that leads to his son Nathan eventually severing ties with the Panthers. Nathan Cleary ..."
"pen","Penrith Panthers","Nathan Cleary","Halfback","backup_baseline","2","player_specific_salary_candidate","dailytelegraph.com.au","true","true","54","money","bing-news-rss","publisher_text_dt","Thu, 11 Jun 2026 18:02:00 GMT","The Daily Telegraph","","","Perth Bears to unveil $7.5m jersey as cashed-up franchise targets Nathan Cleary and Matt Burton","https://www.dailytelegraph.com.au/sport/nrl/perth-bears-to-unveil-75m-jersey-as-cashedup-franchise-targets-nathan-cleary-and-matt-burton/news-story/bc38664df8138866b32f481ad3b1331e","And it can also be revealed that the Bears' primary home jumper for next season will be a throwback to the old North Sydney jersey of black and red hoops. The anticipated jersey will be released on ..."
"pen","Penrith Panthers","Nathan Cleary","Halfback","backup_baseline","3","player_specific_contract_candidate","news.com.au","true","true","47","contract_or_salary_language","bing-news-rss","team_contract|signed_until","Thu, 14 May 2026 15:15:00 GMT","Couriermail","","","Panthers' emphatic Nathan Cleary response as off-contract stars' free agency bid revealed","https://www.news.com.au/sport/nrl/panthers-emphatic-nathan-cleary-response-as-offcontract-stars-free-agency-bid-revealed/news-story/74fe8876d99a8320710c0819dbc0da89","The Sydney Morning Herald reported the Panthers blocked overtures from some star players seeking to negotiate with rival clubs before they become free agents. Watch every game of every round of the ..."
"pen","Penrith Panthers","Nathan Cleary","Halfback","backup_baseline","4","player_specific_contract_candidate","theaustralian.com.au","true","true","47","term_language","bing-news-rss","team_contract","Sat, 16 May 2026 02:42:00 GMT","The Australian","","","Nathan Cleary breaks silence after Ivan Cleary's bombshell Panthers departure call","https://www.theaustralian.com.au/sport/nrl/nathan-cleary-breaks-silence-after-blockbuster-panthers-coaching-call/news-story/2e7fc5794a61e674631f743cc7e01ba7","On Wednesday, Ivan Cleary revealed he would call time on his illustrious coaching career with the Panthers at the end of 2027. Ivan had only informed his players of his shock decision on Wednesday, ..."
"pen","Penrith Panthers","Nathan Cleary","Halfback","backup_baseline","5","player_specific_contract_candidate","au.sports.yahoo.com","true","false","43","contract_or_salary_language","bing-news-rss","salary_contract|team_contract|signed_until","Mon, 18 May 2026 17:00:00 GMT","Yahoo Sport Australia","","","The clubs best-placed to make a move for Nathan Cleary | NRL Contract Show","https://au.sports.yahoo.com/clubs-best-placed-move-nathan-224513944.html","Rival NRL clubs are anticipated to queue up for Nathan Cleary's services for 2028 and beyond as the two-time Clive Churchill Medal winner potentially looks to leave Penrith alongside his father at the ..."
"pen","Penrith Panthers","Nathan Cleary","Halfback","backup_baseline","6","player_specific_profile_candidate","couriermail.com.au","true","true","39","","bing-news-rss","team_contract","Wed, 24 Jun 2026 02:16:00 GMT","The Courier-Mail","","","Nathan Cleary aims to finalise his future at Penrith quickly - and calls on club to name their next coach","https://www.couriermail.com.au/sport/nrl/teams/panthers/nathan-cleary-aims-to-finalise-his-future-at-penrith-quickly-and-calls-on-club-to-name-their-next-coach/news-story/e3c30a537ef3463836950b42728c5469","NOW Penrith's season has been put to bed, Nathan Cleary wants to sort out his own future with the club - and he knows just who he wants to take over as the Panthers' new full-time coach. Cleary had ..."
"pen","Penrith Panthers","Moses Leota","Prop","backup_baseline","1","player_specific_salary_candidate","couriermail.com.au","true","true","62","money|contract_or_salary_language","bing-news-rss","signed_until","Tue, 07 Jul 2026 06:37:00 GMT","The Courier Mail","","","Panthers face fight to keep Moses Leota amid $1m offers from rival clubs","https://www.couriermail.com.au/sport/nrl/panthers-face-fight-to-keep-moses-leota-amid-1m-offers-from-rival-clubs/news-story/a045139211659d185b490cb11f8c5055","Moses Leota's value is set to reach the $1 million mark with six clubs, including the Sydney Roosters, Dolphins and Perth, expressing interest in the Panthers enforcer."
"pen","Penrith Panthers","Moses Leota","Prop","backup_baseline","2","player_specific_salary_candidate","ntnews.com.au","true","false","58","money|contract_or_salary_language","bing-news-rss","salary_contract|team_contract","Tue, 07 Jul 2026 07:36:00 GMT","NT News","","","Panthers face fight to keep Moses Leota amid $1m offers from rival clubs","https://www.ntnews.com.au/sport/nrl/panthers-face-fight-to-keep-moses-leota-amid-1m-offers-from-rival-clubs/news-story/a045139211659d185b490cb11f8c5055","Moses Leota's value is set to reach the $1 million mark with six clubs, including the Sydney Roosters, Dolphins and Perth, expressing interest in the Panthers enforcer."
"pen","Penrith Panthers","Moses Leota","Prop","backup_baseline","3","player_specific_salary_candidate","au.news.yahoo.com","true","false","43","money","bing-news-rss","team_contract","Tue, 07 Jul 2026 21:37:00 GMT","Yahoo News Australia","","","Panthers star at centre of $1 million raid from NRL rivals amid plea from Penrith teammate","https://au.news.yahoo.com/panthers-star-at-centre-of-1-million-raid-from-nrl-rivals-amid-plea-from-penrith-teammate-042405298.html","As many as six clubs have expressed interest in signing Panthers prop Moses Leota after Penrith granted the veteran permission to explore his options elsewhere. The four-time premiership winner is ..."
"pen","Penrith Panthers","Moses Leota","Prop","backup_baseline","4","player_specific_contract_candidate","zerotackle.com","true","false","44","contract_or_salary_language|term_language","bing-news-rss","zerotackle","Sun, 05 Jul 2026 04:04:00 GMT","zerotackle","","","The biggest misconception around the Eels ""rebuild""","https://www.zerotackle.com/the-biggest-misconception-around-the-eels-rebuild-235478/","They are also reportedly targeting Moses Leota from Penrith Panthers, who will be 32 by the 2028 season, as he is off-contract at the end of the 2027 season. Parramatta have not looked beyond Mitchell ..."
"pen","Penrith Panthers","Moses Leota","Prop","backup_baseline","5","player_specific_contract_candidate","au.news.yahoo.com","true","false","36","term_length_language","bing-news-rss","salary_contract|team_contract|signed_until|publisher_text_dt","Mon, 29 Jun 2026 18:28:00 GMT","Yahoo News Australia","","","Panthers champion could quit NRL club immediately after being granted permission to leave","https://au.news.yahoo.com/panthers-champion-could-quit-nrl-club-immediately-after-being-granted-permission-to-leave-012809239.html","Champion Panthers forward Moses Leota is a free agent as of right now after the club granted him permission to speak to rival NRL clubs. The 30-year-old prop has played 216 games for the Panthers and ..."
"pen","Penrith Panthers","Moses Leota","Prop","backup_baseline","6","player_specific_profile_candidate","dailytelegraph.com.au","true","true","39","","bing-news-rss","salary_contract|signed_until|dailytelegraph|publisher_text_dt","Fri, 03 Jul 2026 03:13:00 GMT","Daily Telegraph","","","NRL market watch: Panthers grant premiership prop Moses Leota permission to test open market","https://www.dailytelegraph.com.au/sport/nrl/nrl-market-watch-panthers-grant-premiership-prop-moses-leota-permission-to-test-open-market/news-story/4008f19cfa5ee0ca87b94c1606edc5ad","Dylan Walker is set to become the latest high-profile NRL player to move to the Super League with the Parramatta utility on the verge of joining Brad Arthur-coached Leeds."
"pen","Penrith Panthers","Moses Leota","Prop","backup_baseline","7","player_specific_profile_candidate","au.sports.yahoo.com","true","false","35","","bing-news-rss","team_contract","Sat, 04 Jul 2026 21:19:00 GMT","Yahoo Sports Australia","","","The four clubs interesed in Moses Leota revealed","https://au.sports.yahoo.com/four-clubs-interesed-moses-leota-041930691.html","The Parramatta Eels have pulled out of the race for Penrith Panthers' Moses Leota, despite being named as the frontrunner just days ago. The Penrith prop, who has always been viewed as one of the most ..."
"pen","Penrith Panthers","Moses Leota","Prop","backup_baseline","8","player_specific_profile_candidate","au.news.yahoo.com","true","false","28","","bing-news-rss","signed_until","Tue, 30 Jun 2026 18:44:00 GMT","Yahoo News Australia","","","Rival NRL club 'leading the race' after Panthers champion granted permission to leave","https://au.news.yahoo.com/rival-nrl-club-leading-the-race-after-panthers-champion-granted-permission-to-leave-012614139.html","Penrith Panthers premiership-winning forward Moses Leota has attracted interest from the Parramatta Eels only hours after being given permission to negotiate with rival clubs. This comes after NRL ..."
"pen","Penrith Panthers","Mitch Kenny","Hooker","backup_baseline","1","player_specific_contract_candidate","au.sports.yahoo.com","true","false","51","contract_or_salary_language|term_language","bing-news-rss","team_contract","Sat, 04 Jul 2026 22:25:00 GMT","Yahoo Sports Australia","","","Mitch Kenny set to make call on reported PNG interest, Panthers contract","https://au.sports.yahoo.com/mitch-kenny-set-call-reported-052523299.html","Penrith Panthers hooker Mitch Kenny is set to snub the chance to move at the end of 2027 and re-sign with the club long-term. The dummy half is one of a host of players off-contract at the end of next ..."
"pen","Penrith Panthers","Mitch Kenny","Hooker","backup_baseline","2","player_specific_contract_candidate","zerotackle.com","true","false","51","contract_or_salary_language|term_language","bing-news-rss","zerotackle","Sun, 05 Jul 2026 08:26:00 GMT","Zero Tackle","","","Mitch Kenny set to make call on reported PNG interest, Panthers contract","https://www.zerotackle.com/mitch-kenny-set-to-make-call-on-reported-png-interest-panthers-contract-235561/","Penrith Panthers hooker Mitch Kenny is set to snub the chance to move at the end of 2027 and re-sign with the club long-term. The dummy half is one of a host of players off-contract at the end of next ..."
"pen","Penrith Panthers","Mitch Kenny","Hooker","backup_baseline","3","player_specific_contract_candidate","dailytelegraph.com.au","true","true","47","contract_or_salary_language","bing-news-rss","publisher_text_dt","Fri, 03 Jul 2026 14:31:00 GMT","Daily Telegraph","","","Off-contract Penrith star Mitch Kenny moves closer to contract extension","https://www.dailytelegraph.com.au/sport/nrl/offcontract-penrith-star-mitch-kenny-moves-closer-to-contract-extension/news-story/7c8f5a6dfa622cc31626b0a5966ea1a3","The Panthers are edging closer to nailing down the first of its galaxy of off-contract stars, with hooker Mitch Kenny escalating talks about staying at Penrith."
"pen","Penrith Panthers","Mitch Kenny","Hooker","backup_baseline","4","player_specific_contract_candidate","cairnspost.com.au","true","false","43","contract_or_salary_language","bing-news-rss","salary_contract","Fri, 03 Jul 2026 15:01:00 GMT","The Cairns Post","","","Off-contract Penrith star Mitch Kenny moves closer to contract extension","https://www.cairnspost.com.au/sport/nrl/offcontract-penrith-star-mitch-kenny-moves-closer-to-contract-extension/news-story/7c8f5a6dfa622cc31626b0a5966ea1a3","The Panthers are edging closer to nailing down the first of its galaxy of off-contract stars, with hooker Mitch Kenny escalating talks about staying at Penrith."
"pen","Penrith Panthers","Mitch Kenny","Hooker","backup_baseline","5","player_specific_contract_candidate","heraldsun.com.au","true","false","43","contract_or_salary_language","bing-news-rss","team_contract","Fri, 03 Jul 2026 15:01:00 GMT","Herald Sun","","","Off-contract Penrith star Mitch Kenny moves closer to contract extension","https://www.heraldsun.com.au/sport/nrl/offcontract-penrith-star-mitch-kenny-moves-closer-to-contract-extension/news-story/7c8f5a6dfa622cc31626b0a5966ea1a3","The Panthers are edging closer to nailing down the first of its galaxy of off-contract stars, with hooker Mitch Kenny escalating talks about staying at Penrith."
"pen","Penrith Panthers","Mitch Kenny","Hooker","backup_baseline","6","player_specific_contract_candidate","goldcoastbulletin.com.au","true","false","43","contract_or_salary_language","bing-news-rss","signed_until","Fri, 03 Jul 2026 15:01:00 GMT","Gold Coast Bulletin","","","Off-contract Penrith star Mitch Kenny moves closer to contract extension","https://www.goldcoastbulletin.com.au/sport/nrl/offcontract-penrith-star-mitch-kenny-moves-closer-to-contract-extension/news-story/7c8f5a6dfa622cc31626b0a5966ea1a3","The Panthers are edging closer to nailing down the first of its galaxy of off-contract stars, with hooker Mitch Kenny escalating talks about staying at Penrith."
"pen","Penrith Panthers","Mitch Kenny","Hooker","backup_baseline","7","player_specific_profile_candidate","au.sports.yahoo.com","true","false","28","","bing-news-rss","team_contract","Fri, 10 Jul 2026 18:14:00 GMT","Yahoo Sports Australia","","","Panthers closing in on extending premiership-winning star","https://au.sports.yahoo.com/panthers-closing-extending-premiership-winning-011408479.html","The Penrith Panthers are firming to re-sign Mitch Kenny to keep him at the foot of the mountains beyond 2027. Kenny was a pivotal part of the Panthers' premiership success, winning four titles with ..."
"pen","Penrith Panthers","Linday Smith","Prop","backup_baseline","","no_candidate_found","","","","","","","","","","","","","",""
"pen","Penrith Panthers","Isaiah Papali'i","2nd Row","backup_baseline","","no_candidate_found","","","","","","","","","","","","","",""
"pen","Penrith Panthers","Liam Martin","2nd Row","backup_baseline","1","player_specific_contract_candidate","couriermail.com.au","true","true","44","signing_language","bing-news-rss","salary_contract|team_contract|signed_until","Tue, 05 May 2026 11:00:00 GMT","The Courier-Mail","","","Liam Martin to test open market for first time with both new NRL teams as potential landing spots","https://www.couriermail.com.au/sport/nrl/liam-martin-to-test-open-market-for-first-time-with-both-new-nrl-teams-as-potential-landing-spots/news-story/cf1a1d9b4a8bd7b163dc11316a364fab","Martin will join a growing core of the Panthers dynasty that could be lured by big-money offers when they enter the final year of their contracts after this season. A week after agent Allan Gainey met ..."
"pen","Penrith Panthers","Liam Martin","2nd Row","backup_baseline","2","player_specific_profile_candidate","thechronicle.com.au","false","false","21","","bing-news-rss","signed_until","Wed, 23 Sep 2020 13:25:00 GMT","The Toowoomba Chronicle","","","State of Origin selection news: Liam Martin could make NSW debut","https://www.thechronicle.com.au/sport/nrl/state-of-origin/state-of-origin-selection-news-liam-martin-could-make-nsw-debut/news-story/8287893a5d173b3134e966a431b01419","He only made his NRL debut 543 days ago but the Panthers rookie has surged into State of Origin contention for NSW. Martin, 23, played his first NRL game on March 30 last year – coming off the bench ..."
"pen","Penrith Panthers","Isaah Yeo","Lock","backup_baseline","1","player_specific_contract_candidate","cairnspost.com.au","true","false","43","contract_or_salary_language","bing-news-rss","salary_contract|signed_until","Wed, 29 Apr 2026 17:00:00 GMT","The Cairns Post","","","Penrith skipper Isaah Yeo reveals off-contract Panthers will consider PNG Chiefs move","https://www.cairnspost.com.au/sport/nrl/penrith-skipper-isaah-yeo-reveals-offcontract-panthers-will-consider-png-chiefs-move/news-story/d9106697ac2f5f0f3552c79e4dc7a04f?using_ew=false&using_ew_noesi=false","Penrith are facing a mass exodus of high-profile stars, as the club's salary cap squeeze and PNG's arrival has left captain Isaah Yeo and his off-contract teammates open to testing the market. The ..."
"pen","Penrith Panthers","Isaah Yeo","Lock","backup_baseline","2","player_specific_contract_candidate","cairnspost.com.au","true","false","43","contract_or_salary_language","bing-news-rss","salary_contract","Wed, 29 Apr 2026 12:17:00 GMT","The Cairns Post","","","Penrith skipper Isaah Yeo reveals off-contract Panthers will consider PNG Chiefs move","https://www.cairnspost.com.au/sport/nrl/penrith-skipper-isaah-yeo-reveals-offcontract-panthers-will-consider-png-chiefs-move/news-story/d9106697ac2f5f0f3552c79e4dc7a04f","The Port Moresby-based Chiefs confirmed on Wednesday they had landed Wests Tigers star Luai, who won four premierships alongside Yeo at Penrith. His signature is likely to have huge ramifications for ..."
"pen","Penrith Panthers","Isaah Yeo","Lock","backup_baseline","3","player_specific_contract_candidate","ntnews.com.au","true","false","43","contract_or_salary_language","bing-news-rss","signed_until","Wed, 29 Apr 2026 16:26:00 GMT","Northern Territory News","","","Penrith skipper Isaah Yeo reveals off-contract Panthers will consider PNG Chiefs move","https://www.ntnews.com.au/sport/nrl/penrith-skipper-isaah-yeo-reveals-offcontract-panthers-will-consider-png-chiefs-move/news-story/d9106697ac2f5f0f3552c79e4dc7a04f","The Port Moresby-based Chiefs confirmed on Wednesday they had landed Wests Tigers star Luai, who won four premierships alongside Yeo at Penrith. His signature is likely to have huge ramifications for ..."
"pen","Penrith Panthers","Isaah Yeo","Lock","backup_baseline","4","player_specific_contract_candidate","themercury.com.au","true","false","36","contract_or_salary_language","bing-news-rss","team_contract","Mon, 08 Feb 2021 16:00:00 GMT","The Mercury","","","Panthers: Ivan Cleary warns rivals to keep hands off Crichton, Luai and Yeo","https://www.themercury.com.au/sport/nrl/nathan-cleary-and-isaah-yeo-a-natural-fit-as-penrith-cocaptains-for-the-2021-nrl-season/news-story/15c55ed4cf3412c0c1082d0277c96508","Stephen Crichton, Jarome Luai and Isaah Yeo are just three of 10 players without a deal beyond season 2021. But Cleary confirmed all three are high retention priorities. ""We are pretty close, it will ..."
"pen","Penrith Panthers","Scott Sorensen","Interchange","backup_baseline","1","player_specific_contract_candidate","theaustralian.com.au","true","true","55","contract_or_salary_language|term_length_language","bing-news-rss","signed_until","Thu, 12 Feb 2026 08:29:00 GMT","The Australian","","","NRL Market Watch: Perth Bears offer Panthers star Scott Sorensen two-year contract","https://www.theaustralian.com.au/sport/nrl/manly-move-to-lock-in-schoolboy-star-ashton-large-as-longterm-hooker/news-story/a41744dc6f5226bc0cd8a710611cb4ee","Highly-regarded for his training standards, work-ethic and ability to play in the back-row or in the middle of the field, the Panthers forward is in the final stages of deciding to accept the offer to ..."
"pen","Penrith Panthers","Scott Sorensen","Interchange","backup_baseline","2","player_specific_contract_candidate","couriermail.com.au","true","true","55","contract_or_salary_language|term_length_language","bing-news-rss","signed_until","Thu, 12 Feb 2026 07:00:00 GMT","The Courier-Mail","","","NRL Market Watch: Perth Bears offer Panthers star Scott Sorensen two-year contract","https://www.couriermail.com.au/sport/nrl/teams/manly-move-to-lock-in-schoolboy-star-ashton-large-as-longterm-hooker/news-story/a41744dc6f5226bc0cd8a710611cb4ee","The Perth Bears' high profile recruitment blitz looks set to continue, as the NRL newcomers close in on a four-time premiership winning Penrith Panthers star. Highly-regarded for his training ..."
"pen","Penrith Panthers","Luke Garner","Interchange","backup_baseline","","no_candidate_found","","","","","","","","","","","","","",""
"pen","Penrith Panthers","Liam Henry","Interchange","backup_baseline","","no_candidate_found","","","","","","","","","","","","","",""
"pen","Penrith Panthers","Izack Tago","Interchange","backup_baseline","1","player_specific_contract_candidate","nrl.com","true","true","40","term_length_language","bing-news-rss","team_contract","Sat, 23 May 2026 17:01:00 GMT","National Rugby League","","","Versatile Tago embraces familiar back-row call-up","https://www.nrl.com/news/2026/05/25/versatile-tago-embraces-familiar-back-row-call-up/","Izack Tago's return to his back-row roots could be here to stay as Panthers coach Ivan Cleary looks to make best use of his versatility. The 24-year-old made his first NRL start on the edge in Round ..."
"pen","Penrith Panthers","Billy Scott","Unknown","derived_bucket_range","","no_candidate_found","","","","","","","","","","","","","",""
"pen","Penrith Panthers","Freddy Lussick","Unknown","derived_bucket_range","1","player_specific_contract_candidate","geelongadvertiser.com.au","true","false","48","contract_or_salary_language|signing_language","bing-news-rss","salary_contract","Wed, 10 Jun 2026 05:00:00 GMT","Geelong Advertiser","","","Sport Confidential: Freddy Lussick agrees to sign with Bulldogs as another spine shake-up looms","https://www.geelongadvertiser.com.au/sport/nrl/sport-confidential-freddy-lussick-agrees-to-sign-with-bulldogs-as-another-spine-shakeup-looms/news-story/05e2fa28a3488676a25a380b963881dc","It is understood the deal is for the next two years with Lussick to join the Bulldogs from next season. Canterbury boss Phil Gould met with Sam Verrills recently but opted against pursing the out of ..."
"pen","Penrith Panthers","Freddy Lussick","Unknown","derived_bucket_range","2","player_specific_contract_candidate","au.sports.yahoo.com","true","false","44","contract_or_salary_language|term_length_language","bing-news-rss","team_contract","Tue, 09 Jun 2026 17:01:00 GMT","Yahoo Sport Australia","","","Bulldogs sign breakout hooker on multi-year deal","https://au.sports.yahoo.com/bulldogs-sign-breakout-hooker-multi-041327556.html","The Canterbury Bulldogs have landed a quality signing with Freddy Lussick set for a move to Belmore on a two-year deal. It will change the dynamic of the Bulldogs' spine as they seek an attacking ..."
"pen","Penrith Panthers","Freddy Lussick","Unknown","derived_bucket_range","3","player_specific_profile_candidate","nrl.com","true","true","37","signing_language","bing-news-rss","salary_contract|team_contract","Fri, 08 May 2026 05:01:00 GMT","National Rugby League","","","Winning hand: Lussick eager to cash in on new Panthers role","https://www.nrl.com/news/2026/05/08/winning-hand-lussick-eager-to-cash-in-on-new-panthers-role/","If you can't beat them, join them. It's that kind of scenario for hooker Freddy Lussick, who has played in two NRL finals in his 59 games – once when he was with the Roosters in 2020 and again in 2023 ..."
"pen","Penrith Panthers","Jack Cogger","Unknown","derived_bucket_range","","no_candidate_found","","","","","","","","","","","","","",""
"pen","Penrith Panthers","Jaxen Edgar","Unknown","derived_bucket_range","","no_candidate_found","","","","","","","","","","","","","",""
"pen","Penrith Panthers","Jesse McLean","Unknown","derived_bucket_range","1","player_specific_contract_candidate","ntnews.com.au","true","false","43","contract_or_salary_language","bing-news-rss","team_contract","Sat, 20 Jun 2026 05:00:00 GMT","Northern Territory News","","","Canterbury raid Penrith Panthers for rising talent and star's sibling Jesse McLean","https://www.ntnews.com.au/sport/nrl/canterbury-raid-penrith-panthers-for-rising-talent-and-stars-sibling-jesse-mclean/news-story/46f0cd2f676c60e129f589aeaf7509ad","It is understood the Panthers will let McLean go at the end of the season despite having two years left on his contract. Penrith's decision comes after they inked Tom Jenkins to an upgraded three year ..."
"pen","Penrith Panthers","John Fonua","Unknown","derived_bucket_range","","no_candidate_found","","","","","","","","","","","","","",""
"pen","Penrith Panthers","Kalani Going","Unknown","derived_bucket_range","","no_candidate_found","","","","","","","","","","","","","",""
"pen","Penrith Panthers","Luron Patea","Unknown","derived_bucket_range","","no_candidate_found","","","","","","","","","","","","","",""
"pen","Penrith Panthers","Tom Ale","Unknown","derived_bucket_range","","no_candidate_found","","","","","","","","","","","","","",""
"sou","South Sydney Rabbitohs","Jye Gray","Fullback","backup_baseline","","no_candidate_found","","","","","","","","","","","","","",""
"sou","South Sydney Rabbitohs","Alex Johnston","Winger","backup_baseline","1","player_specific_contract_candidate","abc.net.au","true","false","51","contract_or_salary_language|term_length_language","bing-news-rss","team_contract","Tue, 05 May 2026 17:03:00 GMT","Australian Broadcasting Corporation","","","Alex Johnston becomes first Papua New Guinean player to sign with the Chiefs","https://www.abc.net.au/pacific/first-papua-new-guinean-player-to-sign-with-the-png-chiefs-/106649558","The PNG Chiefs have moved to strengthen their roster ahead of their planned NRL debut in 2028, signing prolific try-scorer Alex Johnston on a one-year deal as player number 002. Johnston's arrival ..."
"sou","South Sydney Rabbitohs","Alex Johnston","Winger","backup_baseline","2","player_specific_profile_candidate","7news.com.au","true","false","35","","bing-news-rss","team_contract","Mon, 23 Jun 2025 07:40:00 GMT","7NEWS Australia","","","Chad Townsend backs fans' viral petition to 'storm the field' when Alex Johnston breaks NRL try-scoring record","https://7news.com.au/sport/rugby-league/chad-townsend-backs-fans-viral-petition-to-storm-the-field-when-alex-johnston-breaks-nrl-try-scoring-record-c-19135449","An NRL rival has backed fans in their bid to invade the pitch when Rabbitohs veteran Alex Johnston breaks the all-time try-scoring record. Johnston is just six tries away from equ ..."
"sou","South Sydney Rabbitohs","Alex Johnston","Winger","backup_baseline","3","player_specific_profile_candidate","zerotackle.com","true","false","35","","bing-news-rss","team_contract","Tue, 30 Jun 2026 11:57:00 GMT","zerotackle","","","Rabbitohs reveal reason for Alex Johnston's absence","https://www.zerotackle.com/rabbitohs-reveal-reason-for-alex-johnstons-absence-235435/","The South Sydney Rabbitohs have confirmed the NRL's greatest ever try-scorer Alex Johnston has suffered a calf injury and will miss a handful of weeks. Johnston played all 80 minutes against the ..."
"sou","South Sydney Rabbitohs","Latrell Mitchell","Centre","backup_baseline","1","player_specific_salary_candidate","adelaidenow.com.au","true","false","66","money|contract_or_salary_language|term_length_language","bing-news-rss","publisher_text_dt","Thu, 21 May 2026 08:16:00 GMT","Adelaide Now","","","Newcastle Knights admit interest in signing Latrell Mitchell","https://www.adelaidenow.com.au/sport/nrl/teams/knights/newcastle-knights-admit-interest-in-signing-latrell-mitchell/news-story/40f0c4c9e08475d991b52edcffde2e2c","Less than 24 hours after the Roosters withdrew an $800,000 offer to the 22-year-old Mitchell for season 2021, O'Brien suggested his Knights could be interested in the mercurial star. Already, North ..."
"sou","South Sydney Rabbitohs","Latrell Mitchell","Centre","backup_baseline","2","player_specific_salary_candidate","au.news.yahoo.com","true","false","58","money|contract_or_salary_language","bing-news-rss","salary_contract|team_contract","Mon, 22 Jun 2026 20:23:00 GMT","Yahoo News Australia","","","Latrell Mitchell cops $1.4 million blow as 'sad' truth emerges about South Sydney superstar","https://au.news.yahoo.com/latrell-mitchell-cops-14-million-blow-as-sad-truth-emerges-about-south-sydney-superstar-023516381.html","Latrell Mitchell's latest injury setback has raised concerns around his next NRL contract with suggestions he won't be able to attract the $1.4 million a season originally floated ..."
"sou","South Sydney Rabbitohs","Latrell Mitchell","Centre","backup_baseline","3","player_specific_salary_candidate","geelongadvertiser.com.au","true","false","58","money|contract_or_salary_language","bing-news-rss","publisher_text_dt","Wed, 03 Jun 2026 22:17:00 GMT","Geelong Advertiser","","","Latrell Mitchell looks set to leave Sydney Roosters as contract talks fail","https://www.geelongadvertiser.com.au/sport/latrell-mitchell-looks-set-to-leave-sydney-roosters-as-contract-talks-fail/news-story/e8eb3946be3c217af515116c4fbf9748","The Sydney Roosters are preparing to offer Latrell Mitchell an immediate exit from the club, after contract talks between the two parties collapsed on Tuesday. The premiers withdrew an $800,000 offer ..."
"sou","South Sydney Rabbitohs","Latrell Mitchell","Centre","backup_baseline","4","player_specific_contract_candidate","au.sports.yahoo.com","true","false","43","contract_or_salary_language","bing-news-rss","signed_until","Tue, 02 Jun 2026 17:00:00 GMT","Yahoo Sport Australia","","","What will Latrell Mitchell's extension price look like?","https://au.sports.yahoo.com/latrell-mitchell-extension-price-look-235711283.html","The South Sydney Rabbitohs are keen to lock up Latrell Mitchell before November 1, the date that allows him to negotiate with rival clubs for a 2028 contract. Mitchell is one of the most iconic ..."
"sou","South Sydney Rabbitohs","Latrell Mitchell","Centre","backup_baseline","5","player_specific_profile_candidate","au.sports.yahoo.com","true","false","35","","bing-news-rss","team_contract","Thu, 14 May 2026 17:00:00 GMT","Yahoo Sport Australia","","","Latrell Mitchell reveals NRL club that told him ""he'll never play NRL""","https://au.sports.yahoo.com/latrell-mitchell-reveals-nrl-club-010253801.html","Latrell Mitchell has cemented himself as one of the most damaging attacking threats in NRL history. With his incredible strength, elite agility, and playmaking class, he has become a star in the ..."
"sou","South Sydney Rabbitohs","Jack Wighton","Centre","backup_baseline","1","player_specific_contract_candidate","cairnspost.com.au","true","false","48","contract_or_salary_language|signing_language","bing-news-rss","salary_contract","Fri, 05 Jun 2026 21:01:00 GMT","The Cairns Post","","","Jack Wighton rejects Canberra Raiders' contract offer","https://www.cairnspost.com.au/sport/jack-wighton-rejects-canberra-raiders-contract-offer/news-story/f72f9d6a5656648522aa204500c6dbd2","A week after collecting the Clive Churchill Medal in Canberra's controversial grand final defeat, Jack Wighton's future with the Raiders is in doubt after he rejected the club's latest contract offer."
"sou","South Sydney Rabbitohs","Campbell Graham","Winger","backup_baseline","","no_candidate_found","","","","","","","","","","","","","",""
"sou","South Sydney Rabbitohs","Cody Walker","Five-Eighth","backup_baseline","1","player_specific_contract_candidate","au.sports.yahoo.com","true","false","43","contract_or_salary_language","bing-news-rss","team_contract|signed_until","Thu, 25 Jun 2026 15:59:00 GMT","Yahoo Sports Australia","","","Cody Walker receives major boost from Wayne Bennett amid retirement discussions","https://au.sports.yahoo.com/cody-walker-receives-major-boost-225903435.html","South Sydney veteran Cody Walker has left the door ajar for another season in the NRL, with coach Wayne Bennett confident the Rabbitohs playmaker still has plenty to offer. Walker, 36, is off contract ..."
"sou","South Sydney Rabbitohs","Cody Walker","Five-Eighth","backup_baseline","2","player_specific_profile_candidate","au.news.yahoo.com","true","false","28","","bing-news-rss","salary_contract|team_contract|signed_until","Thu, 25 Jun 2026 17:20:00 GMT","Yahoo News Australia","","","South Sydney star makes eye-opening call on NRL retirement as Rabbitohs face tricky decision","https://au.news.yahoo.com/south-sydney-star-makes-eye-opening-call-on-nrl-retirement-as-rabbitohs-face-tricky-decision-000808406.html","South Sydney five-eighth Cody Walker has dropped a major hint about retirement after admitting he's ""not sure"" whether he wants to go through another NRL off-season. The veteran playmaker turns 37 ..."
"sou","South Sydney Rabbitohs","Jamie Humphreys","Halfback","backup_baseline","1","player_specific_contract_candidate","theaustralian.com.au","true","true","47","contract_or_salary_language","bing-news-rss","salary_contract|team_contract|publisher_text_dt","Fri, 10 Jul 2026 22:32:00 GMT","The Australian","","","Star Perth Bears recruit Jamie Humphreys backflips on 2027 deal","https://www.theaustralian.com.au/sport/nrl/star-perth-bears-recruit-jamie-humphreys-backflips-on-2027-deal/news-story/e1a5762d6d2bc231f0acfc2474cde8f0","Mal Meninga's Perth Bears have been struck a massive blow in the player market with Jamie Humphreys' switch to the NRL's newest franchise collapsing at the 11th hour."
"sou","South Sydney Rabbitohs","Jamie Humphreys","Halfback","backup_baseline","2","player_specific_contract_candidate","au.sports.yahoo.com","true","false","40","signing_language","bing-news-rss","team_contract","Mon, 11 May 2026 17:00:00 GMT","Yahoo Sport Australia","","","Jamie Humphreys set to leave Rabbitohs, join NRL rivals","https://au.sports.yahoo.com/jamie-humphreys-set-leave-rabbitohs-053218484.html","South Sydney Rabbitohs halfback Jamie Humphreys is set to leave the club at the end of the year and become an inaugural member of the Perth Bears. The halfback has been in negotiations over his future ..."
"sou","South Sydney Rabbitohs","Tevita Tatola","Prop","backup_baseline","","no_candidate_found","","","","","","","","","","","","","",""
"sou","South Sydney Rabbitohs","Brandon Smith","Hooker","backup_baseline","","no_candidate_found","","","","","","","","","","","","","",""
"sou","South Sydney Rabbitohs","Keaon Koloamatangi","Prop","backup_baseline","1","player_specific_profile_candidate","ntnews.com.au","true","false","35","","bing-news-rss","salary_contract","Sun, 19 Apr 2026 16:06:00 GMT","Northern Territory News","","","'I will be there': Keaon Koloamatangi shuts down rumours of Dragons backflip","https://www.ntnews.com.au/sport/nrl/i-will-be-there-keaon-koloamatangi-shuts-down-rumours-of-dragons-backflip/news-story/c1845b94c312a41b00875c2c4b5b06ab","The rumour mill had been in full swing that the Dragons star signing was having second thoughts about his impending move next year given the dramatic spiral the club finds itself him. Privately St ..."
"sou","South Sydney Rabbitohs","Keaon Koloamatangi","Prop","backup_baseline","2","player_specific_profile_candidate","zerotackle.com","true","false","28","","bing-news-rss","zerotackle","Sun, 05 Jul 2026 04:04:00 GMT","zerotackle","","","The biggest misconception around the Eels ""rebuild""","https://www.zerotackle.com/the-biggest-misconception-around-the-eels-rebuild-235478/","They failed to sign Keaon Koloamatangi, Bronson Xerri, Lachlan Galvin and released Zac Lomax, who wanted to pursue opportunities with R360. They are also reportedly targeting Moses Leota from Penrith ..."
"sou","South Sydney Rabbitohs","Jai Arrow","2nd Row","backup_baseline","1","player_specific_profile_candidate","couriermail.com.au","true","true","39","","bing-news-rss","team_contract","Sat, 06 Jun 2026 06:39:00 GMT","The Courier-Mail","","","Former NRL star Jai Arrow has launched a campaign for support in his fight against Motor Neurone Disease","https://www.couriermail.com.au/sport/nrl/former-nrl-star-jai-arrow-has-launched-a-campaign-for-support-in-his-fight-against-motor-neurone-disease/news-story/367646a18d5130c4ab684a4515713d56","Arrow will return to Australia from Spain on Sunday following a one-week stint at a neurological wellness retreat to prepare him for what he has described as the fight of his life. The former South ..."
"sou","South Sydney Rabbitohs","Jai Arrow","2nd Row","backup_baseline","2","player_specific_profile_candidate","foxsports.com.au","true","true","39","","bing-news-rss","team_contract","Mon, 08 Jun 2026 08:44:00 GMT","Fox Sports","","","NRL and AFL worlds unite with beautiful Jai Arrow act at MCG","https://www.foxsports.com.au/afl/nrl-and-afl-worlds-unite-with-beautiful-jai-arrow-act-at-mcg/news-story/4d19ab6e37ca280f6654d81ab7830b26","WHAT'S GAMBLING REALLY COSTING YOU? Set a deposit limit. For Free and confidential support call 1800 858 858 or visit gamblinghelponline.org.au. Arrow announced he had been diagnosed with MND last ..."
"sou","South Sydney Rabbitohs","Jai Arrow","2nd Row","backup_baseline","3","player_specific_profile_candidate","au.sports.yahoo.com","true","false","35","","bing-news-rss","team_contract","Tue, 02 Jun 2026 17:00:00 GMT","Yahoo Sport Australia","","","NRL to throw special celebration for Jai Arrow","https://au.sports.yahoo.com/nrl-throw-special-celebration-jai-024604672.html","The NRL will hold a special ""birthday party"" for Jai Arrow on July 12 when his former club in the South Sydney Rabbitohs, face the Newcastle Knights at Accor Stadium. Arrow recently retired from the ..."
"sou","South Sydney Rabbitohs","Jai Arrow","2nd Row","backup_baseline","4","player_specific_profile_candidate","abc.net.au","true","false","35","","bing-news-rss","team_contract","Wed, 10 Jun 2026 18:33:00 GMT","Australian Broadcasting Corporation","","","NRL latest: Jai Arrow guard of honour after MND diagnosis, Rabbitohs beat Broncos 48-6","https://www.abc.net.au/news/2026-06-11/nrl-live-updates-south-sydney-rabbitohs-brisbane-broncos/106782324","Jai Arrow has inspired South Sydney to a commanding win over the Brisbane Broncos, on an emotional night at Stadium Australia. REPORT: South Sydney Rabbitohs 48-6 Brisbane Broncos The Rabbitohs and ..."
"sou","South Sydney Rabbitohs","Jai Arrow","2nd Row","backup_baseline","5","player_specific_profile_candidate","adelaidenow.com.au","true","false","35","","bing-news-rss","publisher_text_smh","Thu, 19 Dec 2019 03:04:00 GMT","Adelaide Now","","","Jai Arrow could be a Bunny by Christmas. The Titans may get an Origin star and cash in return","https://www.adelaidenow.com.au/sport/nrl/jai-arrow-could-be-a-bunny-by-christmas-the-titans-may-get-an-origin-star-and-cash-in-return/news-story/dd4ae4b76d34826054354c2ce1c992c3","And more still, they could land Latrell Mitchell, too. Stream over 50 sports live & anytime on your TV or favourite device with KAYO SPORTS. The biggest Aussie sports and the best from overseas. Just ..."
"sou","South Sydney Rabbitohs","Jai Arrow","2nd Row","backup_baseline","6","player_specific_profile_candidate","thechronicle.com.au","false","false","21","","bing-news-rss","team_contract","Tue, 30 Jun 2026 22:53:00 GMT","The Chronicle","","","NRL unveils Jai July fundraiser for retired Rabbitohs star Jai Arrow","https://www.thechronicle.com.au/sport/nrl/nrl-unveils-jai-july-fundraiser-for-retired-rabbitohs-star-jai-arrow/news-story/ee4bc166b3f8b1dc77b40c159ecd615b","The NRL has revealed its plans for Jai July as it looks to raise funds for South Sydney star Jai Arrow and his fight against motor neurone disease."
"sou","South Sydney Rabbitohs","David Fifita","2nd Row","backup_baseline","1","player_specific_salary_candidate","cairnspost.com.au","true","false","66","money|contract_or_salary_language|term_length_language","bing-news-rss","salary_contract|publisher_text_dt","Wed, 13 Nov 2019 12:00:00 GMT","The Cairns Post","","","Broncos, David Fifita set to cash in on Bali saga","https://www.cairnspost.com.au/sport/broncos-to-cash-in-on-david-fifita-bali-saga-with-monster-contract-offer/news-story/2caaae6560761c77f64e4453d74910fb","The Courier-Mail can reveal the Broncos are on the cusp of making Fifita a contract extension offer worth $750,000-a-season, with a four-year term under consideration. Fifita, 19, would become the ..."
"sou","South Sydney Rabbitohs","David Fifita","2nd Row","backup_baseline","2","player_specific_salary_candidate","adelaidenow.com.au","true","false","66","money|contract_or_salary_language|term_length_language","bing-news-rss","signed_until","Wed, 13 Nov 2019 11:30:00 GMT","Adelaide Now","","","Broncos, David Fifita set to cash in on Bali saga","https://www.adelaidenow.com.au/sport/nrl/teams/broncos/broncos-to-cash-in-on-david-fifita-bali-saga-with-monster-contract-offer/news-story/2caaae6560761c77f64e4453d74910fb","The Courier-Mail can reveal the Broncos are on the cusp of making Fifita a contract extension offer worth $750,000-a-season, with a four-year term under consideration. Fifita, 19, would become the ..."
"sou","South Sydney Rabbitohs","David Fifita","2nd Row","backup_baseline","3","player_specific_contract_candidate","geelongadvertiser.com.au","true","false","51","contract_or_salary_language|term_length_language","bing-news-rss","signed_until","Wed, 05 Feb 2020 11:29:00 GMT","Geelong Advertiser","","","David Fifita signing news: Brisbane Broncos to extend star's contract","https://www.geelongadvertiser.com.au/sport/david-fifita-to-sign-extension-with-brisbane-broncos/news-story/9c21ec020d2e4692e747f109e7556c06","EXCLUSIVE: Brisbane's NRL rivals have aborted their quest to lure Queensland hulk David Fifita away from Red Hill, with the 19-year-old star to sign a multimillion-dollar upgrade. South Sydney coach ..."
"sou","South Sydney Rabbitohs","David Fifita","2nd Row","backup_baseline","4","player_specific_contract_candidate","themercury.com.au","true","false","43","contract_or_salary_language","bing-news-rss","salary_contract","Wed, 24 Jun 2020 12:45:00 GMT","The Mercury","","","David Fifita Titans contract: Brisbane Broncos star offered Gold Coast mega deal","https://www.themercury.com.au/sport/david-fifita-titans-contract-brisbane-broncos-star-offered-gold-coast-mega-deal/news-story/bf33a725880de273253d04c7b9d85928","Broncos boss Paul White says the club will fight tooth and nail to keep David Fifita after the Titans offered the young superstar the richest deal in their history. The Broncos-Titans derby on ..."
"sou","South Sydney Rabbitohs","David Fifita","2nd Row","backup_baseline","5","player_specific_contract_candidate","geelongadvertiser.com.au","true","false","43","contract_or_salary_language","bing-news-rss","salary_contract","Sat, 06 Jun 2026 01:06:00 GMT","Geelong Advertiser","","","Brisbane close to David Fifita deal, after talking to his mum","https://www.geelongadvertiser.com.au/sport/nrl/brisbane-close-to-david-fifita-deal-after-talking-to-his-mum/news-story/964c43fc844469a9f4400c7b449449c7","Blindside can reveal Broncos CEO Paul White hosted Fifita and his mother Gwen for dinner last week as the club entered the final stages of negotiation with the NRL's most in-demand talent. Fifita, 19, ..."
"sou","South Sydney Rabbitohs","David Fifita","2nd Row","backup_baseline","6","player_specific_contract_candidate","7news.com.au","true","false","43","contract_or_salary_language","bing-news-rss","team_contract|seven","Mon, 27 Oct 2025 14:08:00 GMT","7NEWS Australia","","","David Fifita's Titans deal set to be torn up for immediate move to South Sydney, Tom Trbojevic re-signs with Manly","https://7news.com.au/sport/rugby-league/david-fifitas-titans-deal-set-to-be-torn-up-for-immediate-move-to-south-sydney-tom-trbojevic-re-signs-with-manly-c-20494543","The eight-time Queensland Origin representative is reportedly in line for a multi-year deal with the Rabbitohs beginning with the 2026 season. Fifita is just over a year removed from backflipping on a ..."
"sou","South Sydney Rabbitohs","David Fifita","2nd Row","backup_baseline","7","player_specific_contract_candidate","townsvillebulletin.com.au","true","false","43","contract_or_salary_language","bing-news-rss","publisher_text_dt","Tue, 22 Oct 2019 17:00:00 GMT","Townsville Bulletin","","","Roosters and Rabbitohs in battle to sign David Fifita","https://www.townsvillebulletin.com.au/sport/roosters-and-rabbitohs-in-battle-to-sign-david-fifita/news-story/f06d8828773826188137de111f1bfb9f","The Daily Telegraph can reveal the Roosters would use money from the retirement of champion halfback Cooper Cronk to lure the teenager to Bondi. The Rabbitohs have the cap space from the expected ..."
"sou","South Sydney Rabbitohs","David Fifita","2nd Row","backup_baseline","8","player_specific_profile_candidate","themercury.com.au","true","false","35","","bing-news-rss","salary_contract","Tue, 21 Jul 2020 09:30:00 GMT","The Mercury","","","Brisbane Broncos willing to release Jack Bird to keep David Fifita","https://www.themercury.com.au/sport/nrl/brisbane-broncos-willing-to-release-jack-bird-to-keep-david-fifita/news-story/0ef71d853e1150816288fd2c48d24951","Bird has almost certainly played his last game in Broncos colours with Brisbane bosses giving the former NSW Origin centre permission to negotiate with rival NRL clubs. The luckless Bird, who has ..."
"sou","South Sydney Rabbitohs","Cameron Murray","Lock","backup_baseline","","no_candidate_found","","","","","","","","","","","","","",""
"sou","South Sydney Rabbitohs","Tallis Duncan","Interchange","backup_baseline","","no_candidate_found","","","","","","","","","","","","","",""
"sou","South Sydney Rabbitohs","Euan Aitken","Interchange","backup_baseline","","no_candidate_found","","","","","","","","","","","","","",""
"sou","South Sydney Rabbitohs","Peter Mamouzelos","Interchange","backup_baseline","1","player_specific_contract_candidate","au.sports.yahoo.com","true","false","43","contract_or_salary_language","bing-news-rss","team_contract","Tue, 30 Jun 2026 20:58:00 GMT","Yahoo Sports Australia","","","Peter Mamouzelos nears early Rabbitohs exit as future plans revealed","https://au.sports.yahoo.com/peter-mamouzelos-nears-early-rabbitohs-035822567.html","South Sydney Rabbitohs dummy half Peter Mamouzelos might have a year to run on his contract at Maroubra, but it appears he will be released early after falling out of favour with Wayne Bennett, with a ..."
"sou","South Sydney Rabbitohs","Sean Keppie","Interchange","backup_baseline","1","player_specific_contract_candidate","au.sports.yahoo.com","true","false","36","contract_or_salary_language","bing-news-rss","team_contract|signed_until","Thu, 02 Jul 2026 19:30:00 GMT","Yahoo Sports Australia","","","Rabbitohs forward inks multi-year extension","https://au.sports.yahoo.com/rabbitohs-forward-inks-multi-extension-023032446.html","The South Sydney Rabbitohs are on the verge of re-signing forward Sean Keppie for a further two seasons. Keppie's contract was due to expire at the end of this season, but reports from theDaily ..."
"sou","South Sydney Rabbitohs","Ashton Ward","Unknown","derived_bucket_range","1","player_specific_contract_candidate","au.sports.yahoo.com","true","false","41","contract_or_salary_language|signing_language","bing-news-rss","team_contract","Wed, 01 Jul 2026 14:25:00 GMT","Yahoo Sports Australia","","","Rabbitohs rising star gains contract promotion","https://au.sports.yahoo.com/rabbitohs-rising-star-gains-contract-212525582.html","Rising South Sydney Rabbitohs young gun Ashton Ward has had his contract promoted to join the club's Top 30. Ward debuted in the middle of 2025 off a NSW Cup deal as the Rabbitohs dealt with a ..."
"sou","South Sydney Rabbitohs","Ashton Ward","Unknown","derived_bucket_range","2","player_specific_profile_candidate","smh.com.au","true","true","32","","bing-news-rss","signed_until","Fri, 27 Feb 2026 07:45:00 GMT","Sydney Morning Herald","","","Souths had 11 halves combos in 2025. Now they may need NRL exemption to field one","https://www.smh.com.au/sport/nrl/souths-had-11-halves-combos-in-2025-now-they-may-need-nrl-exemption-to-field-one-20260227-p5o5ym.html","You have reached your maximum number of saved items. Remove items from your saved list to add more. South Sydney will apply for an NRL exemption for rising halfback Ashton Ward to play in round one ..."
"sou","South Sydney Rabbitohs","Adam Elliott","Unknown","derived_bucket_range","1","player_specific_profile_candidate","townsvillebulletin.com.au","true","false","35","","bing-news-rss","signed_until","Sat, 27 Jun 2026 20:36:00 GMT","Townsville Bulletin","","","NRL 2020: Warriors sign Kane Evans, Bulldogs lock in Adam Elliott","https://www.townsvillebulletin.com.au/sport/nrl/nrl-2020-warriors-sign-kane-evans-bulldogs-lock-in-adam-elliott/news-story/43393cb38734792a789193588b2ef764","The injured back-rower was pursued by the Warriors and St George Illawarra but has opted to remain in Belmore under incoming coach Trent Barrett. Elliott, 25, has played 83 top-grade games since ..."
"sou","South Sydney Rabbitohs","Bronson Carlick","Unknown","derived_bucket_range","","no_candidate_found","","","","","","","","","","","","","",""
"sou","South Sydney Rabbitohs","Ed Kosi","Unknown","derived_bucket_range","","no_candidate_found","","","","","","","","","","","","","",""
"sou","South Sydney Rabbitohs","Isaiah Tass","Unknown","derived_bucket_range","1","player_specific_contract_candidate","cairnspost.com.au","true","false","56","contract_or_salary_language|signing_language|term_length_language","bing-news-rss","salary_contract","Wed, 03 Jun 2026 21:09:00 GMT","The Cairns Post","","","NRL 2021: Isaiah Tass joins Brisbane Broncos on development list contract","https://www.cairnspost.com.au/sport/nrl/nrl-2021-isaiah-tass-joins-brisbane-broncos-on-development-list-contract/news-story/be809cbedb699073db73dc524e507677","Kevin Walters has added another exciting piece to his 2021 squad. Find out what he likes about young Queenslander Isaiah Tass. The Mackay product has inked a one-year deal with the Broncos on a ..."
"sou","South Sydney Rabbitohs","Jayden Sullivan","Unknown","derived_bucket_range","","no_candidate_found","","","","","","","","","","","","","",""
"sou","South Sydney Rabbitohs","Jonah Glover","Unknown","derived_bucket_range","","no_candidate_found","","","","","","","","","","","","","",""
"sou","South Sydney Rabbitohs","Lachie Hubner","Unknown","derived_bucket_range","","no_candidate_found","","","","","","","","","","","","","",""
"sou","South Sydney Rabbitohs","Liam Le Blanc","Unknown","derived_bucket_range","","no_candidate_found","","","","","","","","","","","","","",""
"sou","South Sydney Rabbitohs","Max McCarthy","Unknown","derived_bucket_range","","no_candidate_found","","","","","","","","","","","","","",""
"sou","South Sydney Rabbitohs","Thomas Fletcher","Unknown","derived_bucket_range","","no_candidate_found","","","","","","","","","","","","","",""
"sou","South Sydney Rabbitohs","Tyrone Munro","Unknown","derived_bucket_range","1","player_specific_profile_candidate","theaustralian.com.au","true","true","39","","bing-news-rss","signed_until","Mon, 22 Jun 2026 17:00:00 GMT","The Australian","","","Tyrone Munro to appeal no-fault stand-down ban after court delay ends 2026 season","https://www.theaustralian.com.au/sport/nrl/tyrone-munro-to-appeal-nofault-standdown-ban-after-court-delay-ends-2026-season/news-story/23a21f16d925581d17c468cc0eb96c7a","Munro faced Burwood Local Court on Tuesday on multiple charges but the hearing was postponed until February, leaving the Rabbitohs flyer facing the prospect of an entire season on the sidelines. The ..."
"sou","South Sydney Rabbitohs","Tyrone Munro","Unknown","derived_bucket_range","2","player_specific_profile_candidate","au.sports.yahoo.com","true","false","35","","bing-news-rss","team_contract|signed_until|publisher_text_smh","Tue, 23 Jun 2026 07:47:00 GMT","Yahoo Sport Australia","","","Tyrone Munro set to miss remainder of NRL season","https://au.sports.yahoo.com/tyrone-munro-set-miss-remainder-214716704.html","South Sydney Rabbitohs winger Tyrone Munro is set to remain stood down from playing for the remainder of the year after his latest hearing was postponed until next year. Under the NRL's no-fault ..."
"sou","South Sydney Rabbitohs","Tyrone Munro","Unknown","derived_bucket_range","3","player_specific_profile_candidate","ntnews.com.au","true","false","35","","bing-news-rss","signed_until","Tue, 23 Jun 2026 11:16:00 GMT","Northern Territory News","","","Tyrone Munro to appeal no-fault stand-down ban after court delay ends 2026 season","https://www.ntnews.com.au/sport/nrl/tyrone-munro-to-appeal-nofault-standdown-ban-after-court-delay-ends-2026-season/news-story/23a21f16d925581d17c468cc0eb96c7a","South Sydney winger Tyrone Munro, who is facing serious domestic violence charges, will fight to overturn his NRL ban after his court hearing was delayed, ending his 2026 campaign. Munro faced Burwood ..."
"sti","St George Illawarra Dragons","Clint Gutherson","Fullback","backup_baseline","1","player_specific_contract_candidate","goldcoastbulletin.com.au","true","false","43","contract_or_salary_language","bing-news-rss","salary_contract|signed_until","Sat, 27 Apr 2019 10:12:00 GMT","Gold Coast Sun","","","Parramatta will table Clint Gutherson a make-or-break contract","https://www.goldcoastbulletin.com.au/sport/nrl/parramatta-will-table-clint-gutherson-a-makeorbreak-contract/news-story/030f71422460988bb6c779385f9ea3d3","Parramatta are set to off skipper Clint Gutherson a new deal that will either keep him at the club for the next three seasons or force him to test the open market. The Sunday Telegraph can reveal the ..."
"sti","St George Illawarra Dragons","Clint Gutherson","Fullback","backup_baseline","2","player_specific_contract_candidate","zerotackle.com","true","false","33","signing_language","bing-news-rss","zerotackle","Sun, 05 Jul 2026 04:04:00 GMT","zerotackle","","","The biggest misconception around the Eels ""rebuild""","https://www.zerotackle.com/the-biggest-misconception-around-the-eels-rebuild-235478/","Negotiations with Clint Gutherson went from promising to inevitable that he would leave after indirectly swapping Blaize Talagi, who signed with the Penrith Panthers, for Isaiah Iongi, who was a star ..."
"sti","St George Illawarra Dragons","Clint Gutherson","Fullback","backup_baseline","3","player_specific_profile_candidate","themercury.com.au","true","false","35","","bing-news-rss","publisher_text_dt","Thu, 09 May 2019 12:50:00 GMT","The Mercury","","","After 168 days of negotiations Parramatta and Clint Gutherson are still far from agreement","https://www.themercury.com.au/sport/nrl/after-168-days-of-negotiations-parramatta-and-clint-gutherson-are-still-far-from-agreement/news-story/ccb129a23c7eb921dbed1a7f28f207fc","The 168-day negotiations over Parramatta star Clint Gutherson continued without a resolution after Eels general manager of football Mark O'Neill met with the full-back's agent, Sam Ayoub. The Daily ..."
"sti","St George Illawarra Dragons","Christian Tuipulotu","Winger","backup_baseline","","no_candidate_found","","","","","","","","","","","","","",""
"sti","St George Illawarra Dragons","Moses Suli","Centre","backup_baseline","1","player_specific_contract_candidate","dailytelegraph.com.au","true","true","47","contract_or_salary_language","bing-news-rss","publisher_text_dt","Wed, 03 Jun 2026 06:10:00 GMT","The Daily Telegraph","","","Moses Suli granted permission to leave Dragons as Red V's roster overhaul continues","https://www.dailytelegraph.com.au/sport/nrl/moses-suli-granted-permission-to-leave-dragons-as-red-vs-roster-overhaul-continues/news-story/916621cabdacf7d6a570af9600ba4508","It is understood that Suli has been told he is free to leave the club despite having 12 months left on his contract. The Tongan international has been a mainstay since joining the Dragons in 2022 ..."
"sti","St George Illawarra Dragons","Moses Suli","Centre","backup_baseline","2","player_specific_contract_candidate","goldcoastbulletin.com.au","true","false","43","contract_or_salary_language","bing-news-rss","salary_contract","Wed, 18 Sep 2019 10:32:00 GMT","Gold Coast Sun","","","How in-form Manly centre Moses Suli made the most of his last chance in the NRL","https://www.goldcoastbulletin.com.au/sport/nrl/how-inform-manly-centre-moses-suli-made-the-most-of-his-last-chance-in-the-nrl/news-story/225c86cc39856fc048ed715ada116d1e","Having been sacked by Wests Tigers and Canterbury, Moses was told last year he had to prove himself in a four-week training trial at the club's Narrabeen headquarters. He was offered a training deal ..."
"sti","St George Illawarra Dragons","Moses Suli","Centre","backup_baseline","3","player_specific_profile_candidate","themercury.com.au","true","false","35","","bing-news-rss","salary_contract|team_contract|publisher_text_dt","Tue, 02 Jun 2020 09:41:00 GMT","The Mercury","","","Manly to re-sign powerful centre Moses Suli in blow to St George Illawarra Dragons","https://www.themercury.com.au/sport/manly-to-resign-powerful-centre-moses-suli-in-blow-to-st-george-illawarra-dragons/news-story/b749dcb893319e87cc346a27c128e9b6","St George Illawarra were set to make Manly powerhouse Moses Suli among the best-paid centres in the game. But in the latest blow to the NRL basket case, he's given them a trademark fend. Suli, 21, was ..."
"sti","St George Illawarra Dragons","Valentine Holmes","Centre","backup_baseline","1","player_specific_salary_candidate","goldcoastbulletin.com.au","true","false","58","money|contract_or_salary_language","bing-news-rss","salary_contract","Wed, 04 Sep 2019 15:12:00 GMT","Gold Coast Sun","","","New York Jets NFL practice team member Valentine Holmes' $900k off to return to NRL","https://www.goldcoastbulletin.com.au/sport/american-sports/nfl/new-york-jets-nfl-practice-team-member-valentine-holmes-900k-off-to-return-to-nrl/news-story/b1c30b843b3c3d5925ad8598c29fc4f6","Valentine Holmes has a big decision to make — continue to chase his NFL dream or come home to chase a massive pay cheque. The Jets cut Holmes on Saturday when they reduced their roster from 90 players ..."
"sti","St George Illawarra Dragons","Valentine Holmes","Centre","backup_baseline","2","player_specific_salary_candidate","adelaidenow.com.au","true","false","50","money","bing-news-rss","salary_contract|publisher_text_dt","Tue, 23 Jun 2026 18:15:00 GMT","Adelaide Now","","","Valentine Holmes' 'strange' $2.4m call amid Dragons pursuit and Roosters approach","https://www.adelaidenow.com.au/sport/nrl/valentine-holmes-strange-24m-call-amid-dragons-pursuit-and-roosters-approach/news-story/eb3e03dd1887187cfa3e52a60aa7a664","North Queensland powerbrokers gave the Maroons gun permission to negotiate with rivals in recent weeks, despite making it clear they'd like to retain his services. Holmes will enter the final year of ..."
"sti","St George Illawarra Dragons","Valentine Holmes","Centre","backup_baseline","3","player_specific_contract_candidate","goldcoastbulletin.com.au","true","false","43","contract_or_salary_language","bing-news-rss","salary_contract","Sat, 23 Nov 2019 16:00:00 GMT","Gold Coast Sun","","","Cowboys confirm details of monster Valentine Holmes deal","https://www.goldcoastbulletin.com.au/sport/nrl/cowboys-confirm-details-of-monster-valentine-holmes-deal/news-story/22b2ed43abf3f04304e61018fa9ae14c","It's official. Valentine Holmes has joined the Cowboys and the length of the deal is far longer than expected — and the cash is eye-watering. Six months of speculation is finally over with North ..."
"sti","St George Illawarra Dragons","Setu Tu","Winger","backup_baseline","","no_candidate_found","","","","","","","","","","","","","",""
"sti","St George Illawarra Dragons","Kyle Flanagan","Five-Eighth","backup_baseline","","no_candidate_found","","","","","","","","","","","","","",""
"sti","St George Illawarra Dragons","Daniel Atkinson","Halfback","backup_baseline","","no_candidate_found","","","","","","","","","","","","","",""
"sti","St George Illawarra Dragons","Emre Guler","Prop","backup_baseline","1","player_specific_contract_candidate","au.sports.yahoo.com","true","false","41","contract_or_salary_language|signing_language","bing-news-rss","team_contract","Wed, 03 Jun 2026 17:00:00 GMT","Yahoo Sport Australia","","","Dragons cleanout continues, prop to find new home","https://au.sports.yahoo.com/dragons-cleanout-continues-prop-home-202225088.html","St George Illawarra Dragons forward Emre Guler is understood to have signed a deal to move to the English Super League at the end of the season. The Dragons put a contract freeze on their current ..."
"sti","St George Illawarra Dragons","Damien Cook","Hooker","backup_baseline","1","player_specific_contract_candidate","couriermail.com.au","true","true","60","contract_or_salary_language|signing_language|term_length_language","bing-news-rss","salary_contract|signed_until","Fri, 08 May 2026 06:39:00 GMT","The Courier-Mail","","","Damien Cook to leave Dragons after 2026 season for Super League move","https://www.couriermail.com.au/sport/nrl/damien-cook-to-leave-dragons-after-2026-season-for-super-league-move/news-story/bc949f0b304796ebbecfd02415c945b7","It is understood Cook has inked a two-year deal to join the Tigers from next season. He informed the Dragons of his decision on Friday afternoon. It means Cook will reunite with former Dragons ..."
"sti","St George Illawarra Dragons","Damien Cook","Hooker","backup_baseline","2","player_specific_contract_candidate","theaustralian.com.au","true","true","55","contract_or_salary_language|term_length_language","bing-news-rss","signed_until","Wed, 25 Mar 2026 17:00:00 GMT","The Australian","","","NRL Market Watch: Damien Cook to sign one-year Dragons extension for swansong season","https://www.theaustralian.com.au/sport/nrl/nrl-market-watch-premiership-panther-luke-garner-set-for-upgrade-sharks-workhorse-resigns/news-story/54a0f3ea7569408f32f643fbec926a8f","Code Sports can reveal Cook is on the verge of inking a one-year deal in a boost for the Dragons ahead of Sunday's clash against the Titans at Cbus Super Stadium. The Dragons and Cook's management are ..."
"sti","St George Illawarra Dragons","Damien Cook","Hooker","backup_baseline","3","player_specific_contract_candidate","theaustralian.com.au","true","true","52","contract_or_salary_language|signing_language","bing-news-rss","signed_until","Fri, 30 Jan 2026 10:08:00 GMT","The Australian","","","Jack Bird's Wests Tigers exit confirmed, Dragons open contract talks with Damien Cook","https://www.theaustralian.com.au/sport/nrl/dragons-open-negotiations-with-damien-cook-as-team-seeks-to-snap-finals-drought/news-story/94061ed9c3d55d3dee396f24151ea842","Bird, who was reported by this masthead to have been close to linking a deal in England will join former Eels coach Brad Arthur for their 2026 season. The former premiership winner was initially ..."
"sti","St George Illawarra Dragons","Damien Cook","Hooker","backup_baseline","4","player_specific_contract_candidate","au.sports.yahoo.com","true","false","51","contract_or_salary_language|term_language","bing-news-rss","team_contract","Thu, 07 May 2026 17:00:00 GMT","Yahoo Sport Australia","","","Damien Cook makes shock contract call","https://au.sports.yahoo.com/damien-cook-makes-shock-contract-020835001.html","St George Illawarra Dragons dummy half will leave the club at the end of 2026, bound for the English Super League. Cook, who was in negotiatgions with the Dragons previously, was forced to sit and ..."
"sti","St George Illawarra Dragons","Damien Cook","Hooker","backup_baseline","5","player_specific_contract_candidate","goldcoastbulletin.com.au","true","false","43","contract_or_salary_language","bing-news-rss","signed_until","Fri, 30 Jan 2026 10:18:00 GMT","Gold Coast Sun","","","Jack Bird's Wests Tigers exit confirmed, Dragons open contract talks with Damien Cook","https://www.goldcoastbulletin.com.au/sport/nrl/dragons-open-negotiations-with-damien-cook-as-team-seeks-to-snap-finals-drought/news-story/94061ed9c3d55d3dee396f24151ea842","Wests Tigers star Jack Bird has officially played his last game for the club, signing with a Super League side, while the Dragons have opened up contract negotiations with star hooker Damien Cook."
"sti","St George Illawarra Dragons","Damien Cook","Hooker","backup_baseline","6","player_specific_profile_candidate","smh.com.au","true","true","39","","bing-news-rss","team_contract","Sat, 16 May 2026 08:00:00 GMT","Sydney Morning Herald","","","'I wanted to stay': Damien Cook's pain over Dragons exit","https://www.smh.com.au/sport/nrl/i-wanted-to-stay-damien-cook-s-pain-over-dragons-exit-20260515-p5zxap.html","You have reached your maximum number of saved items. Remove items from your saved list to add more. Veteran hooker Damien Cook admits he was ""filthy"" to discover that he was no longer wanted at St ..."
"sti","St George Illawarra Dragons","Toby Couchman","Prop","backup_baseline","","no_candidate_found","","","","","","","","","","","","","",""
"sti","St George Illawarra Dragons","Luciano Leilua","2nd Row","backup_baseline","1","player_specific_salary_candidate","ntnews.com.au","true","false","58","money|contract_or_salary_language","bing-news-rss","salary_contract|signed_until|publisher_text_dt","Wed, 20 Oct 2021 11:44:00 GMT","Northern Territory News","","","NRL transfer news: Luciano Leilua price tag to hit $3 million as Wests Tigers hesitate on big deal","https://www.ntnews.com.au/sport/nrl/nrl-transfer-news-wests-tigers-eye-api-koroisau-as-josh-hodgson-move-stalls/news-story/acda014827cb955d78a2bc1c7c786275","Wests Tigers forward Luciano Leilua has been waiting 10 weeks for Wests Tigers to nail down a contract upgrade, yet time is almost up on re-signing the big Samoan. Due to a series of delays, Wests ..."
"sti","St George Illawarra Dragons","Luciano Leilua","2nd Row","backup_baseline","2","player_specific_contract_candidate","theaustralian.com.au","true","true","52","contract_or_salary_language|signing_language","bing-news-rss","salary_contract|signed_until","Mon, 06 Jul 2026 01:22:00 GMT","The Australian","","","Warriors reward veteran half with contract extension; Dragons star Luciano Leilua quits NRL","https://www.theaustralian.com.au/sport/nrl/luciano-leilua-quits-nrl-as-dragons-massive-roster-overhaul-continues/news-story/de58edb5ea1fac9f5d36c141faa5bc96","The NRL's growing departure lounge to the Super League continues with Dragons back-rower Luciano Leilua the latest to secure a long-term deal to join Catalans Dragons."
"sti","St George Illawarra Dragons","Luciano Leilua","2nd Row","backup_baseline","3","player_specific_contract_candidate","townsvillebulletin.com.au","true","false","48","contract_or_salary_language|signing_language","bing-news-rss","team_contract","Sun, 05 Jul 2026 05:59:00 GMT","Townsville Bulletin","","","Luciano Leilua quits NRL as Dragons' massive roster overhaul continues","https://www.townsvillebulletin.com.au/sport/nrl/luciano-leilua-quits-nrl-as-dragons-massive-roster-overhaul-continues/news-story/de58edb5ea1fac9f5d36c141faa5bc96","The NRL's growing departure lounge to the Super League continues with Dragons back-rower Luciano Leilua the latest to secure a long-term deal to join Catalans Dragons."
"sti","St George Illawarra Dragons","Luciano Leilua","2nd Row","backup_baseline","4","player_specific_contract_candidate","dailytelegraph.com.au","true","true","47","contract_or_salary_language","bing-news-rss","publisher_text_dt","Sun, 05 Jul 2026 14:22:00 GMT","Daily Telegraph","","","Warriors reward veteran half with contract extension; Dragons star Luciano Leilua quits NRL","https://www.dailytelegraph.com.au/sport/nrl/luciano-leilua-quits-nrl-as-dragons-massive-roster-overhaul-continues/news-story/de58edb5ea1fac9f5d36c141faa5bc96","The Warriors have rewarded halfback Te Maire Martin for sustaining the club's march to the finals despite injury adversity in their halves."
"sti","St George Illawarra Dragons","Luciano Leilua","2nd Row","backup_baseline","5","player_specific_contract_candidate","au.sports.yahoo.com","true","false","43","term_language","bing-news-rss","team_contract","Sun, 05 Jul 2026 17:43:00 GMT","Yahoo Sports Australia","","","Luciano Leilua to leave Dragons as next move revealed","https://au.sports.yahoo.com/luciano-leilua-leave-dragons-next-004453052.html","Luciano Leilua will depart the St George Illawarra Dragons at the end of the 2026 season after securing a move to the Super League with the Catalans Dragons from 2027. The forward becomes the fifth ..."
"sti","St George Illawarra Dragons","Luciano Leilua","2nd Row","backup_baseline","6","player_specific_contract_candidate","themercury.com.au","true","false","43","contract_or_salary_language","bing-news-rss","team_contract","Mon, 18 Nov 2019 05:24:00 GMT","The Mercury","","","St George Illawarra Dragons lose Luciano Leilua to Wests Tigers","https://www.themercury.com.au/sport/nrl/st-george-illawarra-dragons-lose-luciano-leilua-to-wests-tigers/news-story/3376476531ec8f97cf9a986389113907","Latrell Mitchell isn't the only player on the Wests Tigers' radar with the club raiding rivals St George Illawarra to sign one of their star players on a multi-year deal. As the club continues its ..."
"sti","St George Illawarra Dragons","Luciano Leilua","2nd Row","backup_baseline","7","player_specific_profile_candidate","news.com.au","true","true","39","","bing-news-rss","signed_until","Fri, 12 Jun 2026 03:39:00 GMT","Couriermail","","","Dumped Dragons star Luciano Leilua hands in request to leave club","https://www.news.com.au/sport/nrl/dumped-dragons-star-luciano-leilua-hands-in-request-to-leave-club/news-story/d1e9920493fa03a7131e269d1dd042b5","Nine Newspapers reported the development, with Leilua was so frustrated by his lack of playing minutes for the last-placed Red V that he asked interim coach Dean Young to drop him to NSW Cup. Watch ..."
"sti","St George Illawarra Dragons","Luciano Leilua","2nd Row","backup_baseline","8","player_specific_profile_candidate","au.sports.yahoo.com","true","false","35","","bing-news-rss","team_contract","Wed, 17 Jun 2026 17:00:00 GMT","Yahoo Sport Australia","","","Luciano Leilua shopped to new NRL rival","https://au.sports.yahoo.com/luciano-leilua-shopped-nrl-rival-203235528.html","St George Illawarra Dragons second-rower Luciano Leilua has been shopped to the Brisbane Broncos as he continues looking for a way out of the Red V. The Dragons second-rower, who played NSW Cup ..."
"sti","St George Illawarra Dragons","Jaydn Su'A","2nd Row","backup_baseline","1","player_specific_salary_candidate","couriermail.com.au","true","true","55","money|contract_or_salary_language","bing-news-rss","salary_contract","Thu, 30 Apr 2026 12:04:00 GMT","The Courier-Mail","","","Inside the secret NRL clauses driving player moves and contract stand-offs","https://www.couriermail.com.au/sport/nrl/inside-the-secret-nrl-clauses-driving-player-moves-and-contract-standoffs/news-story/8c186c8f280041c8caa18ad76bfbf207","The devil in the detail that has opened the door for Jarome Luai and Jaydn Su'A to leave their teams, and has the Wests Tigers in a $100,000 stand-off over fullback Jahream Bula's short-term future."
"sti","St George Illawarra Dragons","Jaydn Su'A","2nd Row","backup_baseline","2","player_specific_salary_candidate","theaustralian.com.au","true","true","55","money|contract_or_salary_language","bing-news-rss","signed_until","Thu, 30 Apr 2026 12:04:00 GMT","The Australian","","","Inside the secret NRL clauses driving player moves and contract stand-offs","https://www.theaustralian.com.au/sport/nrl/inside-the-secret-nrl-clauses-driving-player-moves-and-contract-standoffs/news-story/8c186c8f280041c8caa18ad76bfbf207","The devil in the detail that has opened the door for Jarome Luai and Jaydn Su'A to leave their teams, and has the Wests Tigers in a $100,000 stand-off over fullback Jahream Bula's short-term future."
"sti","St George Illawarra Dragons","Jaydn Su'A","2nd Row","backup_baseline","3","player_specific_contract_candidate","theaustralian.com.au","true","true","52","contract_or_salary_language|signing_language","bing-news-rss","signed_until","Fri, 10 Apr 2026 17:00:00 GMT","The Australian","","","Jaydn Su'A set to quit Dragons to join Parramatta in bombshell transfer","https://www.theaustralian.com.au/sport/nrl/jaydn-sua-set-to-quit-dragons-a-year-early-to-join-parramatta-in-bombshell-transfer/news-story/4eea3f36f075499866a2833f6f3f6237","Su'A has an option in his contract at the Dragons for next season and the club was in discussions over a potential extension that would have kept him in Wollongong. However, it is understood the Eels ..."
"sti","St George Illawarra Dragons","Jaydn Su'A","2nd Row","backup_baseline","4","player_specific_profile_candidate","dailytelegraph.com.au","true","true","39","","bing-news-rss","publisher_text_dt","Fri, 22 May 2026 07:37:00 GMT","The Daily Telegraph","","","NRL Late Mail Round 12: Jaydn Su'A suffers calf injury, Jacob Kiraz to move to fullback","https://www.dailytelegraph.com.au/sport/nrl/supercoach-news/nrl-late-mail-round-12-dolphins-blow-as-herbie-farnworth-ruled-out-with-tightness/news-story/77cb12186029436e1a17fd975af3b876","Jaydn Su'A looks set for another long-term stint on the sidelines - with a fresh injury coming immediately on the back of a lengthy suspension. Plus, Jacob Kiraz returns in a new role for the Dogs. Su ..."
"sti","St George Illawarra Dragons","Hamish Stewart","Lock","backup_baseline","","no_candidate_found","","","","","","","","","","","","","",""
"sti","St George Illawarra Dragons","Jacob Liddle","Interchange","backup_baseline","","no_candidate_found","","","","","","","","","","","","","",""
"sti","St George Illawarra Dragons","Josh Kerr","Interchange","backup_baseline","","no_candidate_found","","","","","","","","","","","","","",""
"sti","St George Illawarra Dragons","Dylan Egan","Interchange","backup_baseline","","no_candidate_found","","","","","","","","","","","","","",""
"sti","St George Illawarra Dragons","Ryan Couchman","Interchange","backup_baseline","","no_candidate_found","","","","","","","","","","","","","",""
"sti","St George Illawarra Dragons","Hame Sele","Unknown","derived_bucket_range","","no_candidate_found","","","","","","","","","","","","","",""
"sti","St George Illawarra Dragons","Mat Feagai","Unknown","derived_bucket_range","","no_candidate_found","","","","","","","","","","","","","",""
"sti","St George Illawarra Dragons","Lyhkan King-Togia","Unknown","derived_bucket_range","","no_candidate_found","","","","","","","","","","","","","",""
"sti","St George Illawarra Dragons","Loko Pasifiki-Tonga","Unknown","derived_bucket_range","","no_candidate_found","","","","","","","","","","","","","",""
"sti","St George Illawarra Dragons","Tyrell Sloan","Unknown","derived_bucket_range","1","player_specific_contract_candidate","zerotackle.com","true","false","56","contract_or_salary_language|signing_language|term_length_language","bing-news-rss","team_contract","Fri, 03 Jul 2026 21:06:00 GMT","Zero Tackle","","","Tyrell Sloan's new contract revealed as he is set to depart Illawarra","https://www.zerotackle.com/tyrelll-sloan-new-contracted-confirmed-235516/","Tyrell Sloan's future has officially been decided, with the St George Illawarra Dragons outside back set to continue his career in the English Super League from 2027. The 24-year-old has signed a ..."
"sti","St George Illawarra Dragons","Tyrell Sloan","Unknown","derived_bucket_range","2","player_specific_contract_candidate","dailytelegraph.com.au","true","true","47","term_length_language","bing-news-rss","publisher_text_dt","Sat, 06 Jun 2026 04:20:00 GMT","The Daily Telegraph","","","Castleford targets Dragons star Tyrell Sloan for Super League move","https://www.dailytelegraph.com.au/sport/nrl/castleford-targets-dragons-star-tyrell-sloan-for-super-league-move/news-story/dcf9cb91c50fc000af55a2880a918211","Sloan also has interest from within the NRL, but it's the English Super League club that are eager to lure the exciting 24-year-old to the UK. Castleford are coached by former Dragons assistant coach ..."
"sti","St George Illawarra Dragons","Tyrell Sloan","Unknown","derived_bucket_range","3","player_specific_contract_candidate","thechronicle.com.au","false","false","26","signing_language","bing-news-rss","team_contract|signed_until","Fri, 03 Jul 2026 16:26:00 GMT","The Chronicle","","","Dragons speedster Tyrell Sloan set to join teammates Damien Cook and Matt Feagai in the English Super League.","https://www.thechronicle.com.au/sport/nrl/dragons-speedster-tyrell-sloan-set-to-join-teammates-damien-cook-and-matt-feagai-in-the-english-super-league/news-story/6cb6dbd308a0c4971e951460b76ea1fe","Castleford are coached by former Dragons assistant coach Ryan Carr, who has a strong relationship with Sloan. Sloan, who has scored 52 tries in 88 appearances has the potential to become a fan ..."
"sti","St George Illawarra Dragons","David Fale","Unknown","derived_bucket_range","","no_candidate_found","","","","","","","","","","","","","",""
"sti","St George Illawarra Dragons","Blake Lawrie","Unknown","derived_bucket_range","1","player_specific_contract_candidate","weeklytimesnow.com.au","true","false","48","contract_or_salary_language|signing_language","bing-news-rss","signed_until","Wed, 23 Feb 2022 09:07:00 GMT","The Weekly Times","","","Blake Lawrie becomes first BBQ Covid-19 breacher to re-sign with St. George Illawarra Dragons","https://www.weeklytimesnow.com.au/news/blake-lawrie-becomes-first-bbq-covid19-breacher-to-resign-with-st-george-illawarra-dragons/news-story/a581678c407ae28b62469e3adaa227d4","Blake Lawrie has become the first player embroiled in last year's barbecue Covid-19 breach to re-sign with the St. George Illawarra Dragons. A local junior, Lawrie has signed a contract extension that ..."
"sti","St George Illawarra Dragons","Hayden Buchanan","Unknown","derived_bucket_range","","no_candidate_found","","","","","","","","","","","","","",""
"sti","St George Illawarra Dragons","Jacob Halangahu","Unknown","derived_bucket_range","","no_candidate_found","","","","","","","","","","","","","",""
"sti","St George Illawarra Dragons","Leeroy Weatherall","Unknown","derived_bucket_range","","no_candidate_found","","","","","","","","","","","","","",""
"sti","St George Illawarra Dragons","Nathan Lawson","Unknown","derived_bucket_range","","no_candidate_found","","","","","","","","","","","","","",""
"sti","St George Illawarra Dragons","Nick Tsougranis","Unknown","derived_bucket_range","","no_candidate_found","","","","","","","","","","","","","",""
"syd","Sydney Roosters","James Tedesco","Fullback","backup_baseline","1","player_specific_salary_candidate","adelaidenow.com.au","true","false","50","money","bing-news-rss","team_contract","Sat, 27 Jun 2026 16:52:00 GMT","Adelaide Now","","","The $6m men: Eye-watering numbers set to make Luke Keary and James Tedesco Roosters for life","https://www.adelaidenow.com.au/sport/nrl/nrl-2020-luke-keary-james-tedesco-sydney-roosters-contract-signing-trent-robinson-nick-politis/news-story/a19541101503b51a376481ae6390f827","The Roosters are set to lock up star duo Luke Keary and James Tedesco on monster contracts to ensure they remain at the Tri-colours for the rest of their careers. Any hope the Roosters era of ..."
"syd","Sydney Roosters","James Tedesco","Fullback","backup_baseline","2","player_specific_contract_candidate","townsvillebulletin.com.au","true","false","51","contract_or_salary_language|term_language|term_length_language","bing-news-rss","team_contract","Sun, 07 Jun 2026 03:33:00 GMT","Townsville Bulletin","","","NRL signing news: Sydney Roosters star James Tedesco extends contract","https://www.townsvillebulletin.com.au/sport/nrl/nrl-signing-news-sydney-roosters-star-james-tedesco-extends-contract/news-story/774156380936920dce85b00d2f384049","The Blues and Kangaroos fullback has committed his future to the tricolours after signing a new three-year deal that will keep him at the club until the end of 2024. The Daily Telegraph's Phil ..."
"syd","Sydney Roosters","James Tedesco","Fullback","backup_baseline","3","player_specific_contract_candidate","cairnspost.com.au","true","false","51","contract_or_salary_language|term_length_language","bing-news-rss","team_contract","Thu, 04 May 2017 03:48:00 GMT","The Cairns Post","","","Sydney Roosters announce James Tedesco's four-year contract","https://www.cairnspost.com.au/sport/nrl/teams/tigers/sydney-roosters-announce-james-tedescos-fouryear-contract/news-story/b831a9ce5196179f8c78cb20bbf9271a","The Tigers released a statement this morning regarding Tedesco at the same time as the Roosters announced a four-year deal with Tedesco. Tedesco's management informed the Tigers that he will be ..."
"syd","Sydney Roosters","James Tedesco","Fullback","backup_baseline","4","player_specific_contract_candidate","themercury.com.au","true","false","48","contract_or_salary_language|signing_language","bing-news-rss","team_contract","Sat, 12 Sep 2020 14:59:00 GMT","The Mercury","","","James Tedesco's monster Roosters deal revealed","https://www.themercury.com.au/sport/james-tedescos-monster-roosters-deal-revealed/news-story/f347515776ec52437ae59de1374ebed4","The champion fullback will join the likes of Manly's Kangaroos half Daly Cherry-Evans and Gold Coast Titans recruit David Fifita as the highest paid players in the NRL. It comes a fortnight after the ..."
"syd","Sydney Roosters","James Tedesco","Fullback","backup_baseline","5","player_specific_contract_candidate","ntnews.com.au","true","false","43","contract_or_salary_language","bing-news-rss","salary_contract|team_contract","Wed, 15 Feb 2017 11:30:00 GMT","Northern Territory News","","","James Tedesco set to sign NRL contract extension with Wests Tigers","https://www.ntnews.com.au/sport/nrl/james-tedesco-set-to-sign-nrl-contract-extension-with-wests-tigers/news-story/3f378140b39d1df6f9de7d12174d7cb6","THE first piece in the Wests Tigers' salary cap jigsaw is set to fall into place with the club tantalisingly close to re-signing James Tedesco to a long-term deal. Tedesco is poised to sign a ..."
"syd","Sydney Roosters","James Tedesco","Fullback","backup_baseline","6","player_specific_contract_candidate","goldcoastbulletin.com.au","true","false","43","contract_or_salary_language","bing-news-rss","team_contract","Sun, 01 Mar 2020 07:00:00 GMT","Gold Coast Sun","","","Sydney Roosters to lock down James Tedesco with a huge new contract","https://www.goldcoastbulletin.com.au/sport/sydney-roosters-to-lock-down-james-tedesco-with-a-huge-new-contract/news-story/594000f30d374b3894873d61d86a82df","After all the medals and accolades he has collected over the past year, it is no surprise that the Sydney Roosters will offer James Tedesco a new contract that will make him the richest man in the NRL ..."
"syd","Sydney Roosters","Daniel Tupou","Winger","backup_baseline","","no_candidate_found","","","","","","","","","","","","","",""
"syd","Sydney Roosters","Billy Smith","Centre","backup_baseline","","no_candidate_found","","","","","","","","","","","","","",""
"syd","Sydney Roosters","Robert Toia","Centre","backup_baseline","","no_candidate_found","","","","","","","","","","","","","",""
"syd","Sydney Roosters","Mark Nawaqanitawase","Winger","backup_baseline","1","player_specific_contract_candidate","theaustralian.com.au","true","true","60","contract_or_salary_language|signing_language|term_length_language","bing-news-rss","signed_until","Sun, 08 Feb 2026 20:21:00 GMT","The Australian","","","Mark Nawaqanitawase signs with Panasonic Wild Knights, seeks NRL title with Sydney Roosters before departure","https://www.theaustralian.com.au/sport/nrl/mark-nawaqanitawase-signs-with-panasonic-wild-knights-seeks-nrl-title-with-sydney-roosters-before-departure/news-story/404cfb53b4702dd9786dfd822fc34bde","The 25-year-old has signed a two-year, multimillion dollar deal to join Robbie Deans at Japan's best club in October, in a move that will make him available for the Wallabies at next year's World Cup."
"syd","Sydney Roosters","Mark Nawaqanitawase","Winger","backup_baseline","2","player_specific_contract_candidate","au.sports.yahoo.com","true","false","36","contract_or_salary_language","bing-news-rss","team_contract","Mon, 06 Jul 2026 02:08:00 GMT","Yahoo Sports Australia","","","Nawaqanitawase speaks after future contract speculation","https://au.sports.yahoo.com/nawaqanitawase-speaks-future-contract-speculation-090751631.html","Sydney Roosters winger Mark Nawaqanitawase has revealed he is open to the idea of returning to rugby league at the end of his rugby union deal, and that the idea of playing State of Origin again could ..."
"syd","Sydney Roosters","Mark Nawaqanitawase","Winger","backup_baseline","3","player_specific_profile_candidate","smh.com.au","true","true","39","","bing-news-rss","team_contract|publisher_text_smh","Sat, 11 Jul 2026 09:00:00 GMT","The Sydney Morning Herald","","","Trent Robinson thought SBW's ball skills were out of this world. Then came Mark Nawaqanitawase","https://www.smh.com.au/sport/nrl/trent-robinson-thought-sbw-s-ball-skills-were-out-of-this-world-then-came-mark-nawaqanitawase-20260712-p60ele.html","The Roosters coach said Mark Nawaqanitawase had what he called the best ""ball mastery"" he'd seen since Sonny Bill Williams following another freakish performance on Saturday night."
"syd","Sydney Roosters","Mark Nawaqanitawase","Winger","backup_baseline","4","player_specific_profile_candidate","couriermail.com.au","true","true","39","","bing-news-rss","team_contract","Sun, 21 Jun 2026 14:40:00 GMT","The Courier-Mail","","","Mark Nawaqanitawase and Ronaldo Mulitalo wage war in Sydney Roosters' 27-8 win over Cronulla","https://www.couriermail.com.au/sport/nrl/mark-nawaqanitawase-and-ronaldo-mulitalo-wage-war-in-sydney-roosters-278-win-over-cronulla/news-story/5301c07e231ad7f68f46ea39ea980a02","The Roosters skipper got through more towels than a synchronised swimming team at the Olympics as he attempted to stem the bleeding from a suspected broken nose at Allianz Stadium as his team produced ..."
"syd","Sydney Roosters","Mark Nawaqanitawase","Winger","backup_baseline","5","player_specific_profile_candidate","couriermail.com.au","true","true","39","","bing-news-rss","signed_until","Tue, 23 Jun 2026 08:59:00 GMT","The Courier-Mail","","","Wallabies plan spring tour return for Mark Nawaqanitawase after freakish NRL performances","https://www.couriermail.com.au/sport/rugby/wallabies-plan-spring-tour-return-for-mark-nawaqanitawase-after-freakish-nrl-performances/news-story/20ecbbeb8b766bd16564934a88377a1d","Rugby's boss believes Mark Nawaqanitawase will benefit from his stint in rugby league, with a little-known aspect of the Giteau Law set to help fast-track his return to the Wallabies. Nawaqanitawase ..."
"syd","Sydney Roosters","Mark Nawaqanitawase","Winger","backup_baseline","6","player_specific_profile_candidate","dailytelegraph.com.au","true","true","39","","bing-news-rss","publisher_text_dt","Tue, 23 Jun 2026 08:59:00 GMT","The Daily Telegraph","","","Wallabies plan spring tour return for Mark Nawaqanitawase after freakish NRL performances","https://www.dailytelegraph.com.au/sport/rugby/wallabies-plan-spring-tour-return-for-mark-nawaqanitawase-after-freakish-nrl-performances/news-story/20ecbbeb8b766bd16564934a88377a1d","Nawaqanitawase has represented the Kangaroos and last week had a brilliant performance for NSW in State of Origin, as he prepares to finish the NRL season with Sydney Roosters before returning to ..."
"syd","Sydney Roosters","Mark Nawaqanitawase","Winger","backup_baseline","7","player_specific_profile_candidate","au.sports.yahoo.com","true","false","35","","bing-news-rss","team_contract|publisher_text_smh","Sat, 04 Jul 2026 22:14:00 GMT","Yahoo Sports Australia","","","Politis reveals Roosters' future intentions for Mark Nawaqanitawase","https://au.sports.yahoo.com/politis-reveals-roosters-future-intentions-051459402.html","The Sydney Roosters have confirmed they will be chasing a return to the club for the code-hopping Mark Nawaqanitawase. The star winger played for Australia in last year's Ashes series and debuted for ..."
"syd","Sydney Roosters","Mark Nawaqanitawase","Winger","backup_baseline","8","player_specific_profile_candidate","goldcoastbulletin.com.au","true","false","35","","bing-news-rss","team_contract|signed_until","Tue, 23 Jun 2026 08:59:00 GMT","Gold Coast Sun","","","Wallabies plan spring tour return for Mark Nawaqanitawase after freakish NRL performances","https://www.goldcoastbulletin.com.au/sport/rugby/wallabies-plan-spring-tour-return-for-mark-nawaqanitawase-after-freakish-nrl-performances/news-story/20ecbbeb8b766bd16564934a88377a1d","Nawaqanitawase has represented the Kangaroos and last week had a brilliant performance for NSW in State of Origin, as he prepares to finish the NRL season with Sydney Roosters before returning to ..."
"syd","Sydney Roosters","Mark Nawaqanitawase","Winger","backup_baseline","9","player_specific_profile_candidate","ntnews.com.au","true","false","28","","bing-news-rss","signed_until","Fri, 19 Jun 2026 12:00:00 GMT","Northern Territory News","","","'Wild couple of years': How time in NRL has Nawaqanitawase on path to become all-time dual-code great","https://www.ntnews.com.au/sport/nrl/wild-couple-of-years-how-time-in-nrl-has-nawaqanitawase-on-path-to-become-alltime-dualcode-great/news-story/f4d0e51936448508296c02108e914055","Mark Nawaqanitawase has proven he is made for the biggest stages in sport, representing Australia in the 2024 Olympics, last year's Ashes series, run out for the Wallabies, and somehow starred in one ..."
"syd","Sydney Roosters","Daly Cherry-Evans","Five-Eighth","backup_baseline","1","player_specific_contract_candidate","news.com.au","true","true","47","contract_or_salary_language","bing-news-rss","salary_contract","Sun, 19 Apr 2015 14:00:00 GMT","Couriermail","","","Aidan Sezer won't backflip on Raiders deal amid speculation Daly Cherry-Evans will renege on Titans contract","https://www.news.com.au/sport/nrl/titans/aidan-sezer-wont-backflip-on-raiders-deal-amid-speculation-daly-cherryevans-will-renege-on-titans-contract/news-story/884255dc42f0e69c583649a20a3125c7","EXCLUSIVE: AIDAN Sezer will not reconsider his deal with Raiders in a move that will leave Titans without an playmaker should DCE backflip. Sezer pledged his allegiance to Ricky Stuart and the Raiders ..."
"syd","Sydney Roosters","Daly Cherry-Evans","Five-Eighth","backup_baseline","2","player_specific_profile_candidate","themercury.com.au","true","false","41","contract_or_salary_language|signing_language","bing-news-rss","team_contract","Sat, 12 Sep 2020 14:59:00 GMT","The Mercury","","","James Tedesco's monster Roosters deal revealed","https://www.themercury.com.au/sport/james-tedescos-monster-roosters-deal-revealed/news-story/f347515776ec52437ae59de1374ebed4","The champion fullback will join the likes of Manly's Kangaroos half Daly Cherry-Evans and Gold Coast Titans recruit David Fifita as the highest paid players in the NRL. It comes a fortnight after the ..."
"syd","Sydney Roosters","Daly Cherry-Evans","Five-Eighth","backup_baseline","3","player_specific_profile_candidate","heraldsun.com.au","true","false","35","","bing-news-rss","salary_contract","Wed, 03 Jun 2015 13:47:00 GMT","heraldsun.com.au","","","Daly Cherry-Evans backflip leaves Titans and their third party partners in the lurch","https://www.heraldsun.com.au/sport/nrl/daly-cherryevans-backflip-leaves-titans-and-their-third-party-partners-in-the-lurch/news-story/c49ca0c66495958a5a6c36a7ab5772af","DALY Cherry-Evans was to become the ""king of the Gold Coast"" with the Titans signing off on third party deals less than 24 hours before the star backflipped. Proving just how shocked and blindsided ..."
"syd","Sydney Roosters","Daly Cherry-Evans","Five-Eighth","backup_baseline","4","player_specific_profile_candidate","msn.com","false","false","14","","bing-news-rss","team_contract","Sat, 04 Jul 2026 14:07:54 GMT","Australian Associated Press on MSN","","","'Career has been a fairytale': DCE opens up on future","https://www.msn.com/en-au/sport/rugby_league/career-has-been-a-fairytale-dce-opens-up-on-future/ar-AA27daxE","Sydney Roosters veteran Daly Cherry-Evans is in no hurry to make a call on playing beyond this season as he targets helping the Tricolours go to another level."
"syd","Sydney Roosters","Sam Walker","Halfback","backup_baseline","1","player_specific_salary_candidate","theaustralian.com.au","true","true","62","money|contract_or_salary_language","bing-news-rss","salary_contract|team_contract|signed_until","Wed, 01 Jul 2026 22:32:00 GMT","The Australian","","","Sam Walker seeking $6 million pay-day as star Rooster prepares for free agency","https://www.theaustralian.com.au/sport/nrl/sam-walker-seeking-6-million-payday-as-star-rooster-prepares-for-free-agency/news-story/0646a36ccb4ea29684de5e6cf10fe500","The Sydney Roosters are facing a $6 million battle to retain Sam Walker with Queensland's man-of-the-moment prepared to head to free agency."
"syd","Sydney Roosters","Sam Walker","Halfback","backup_baseline","2","player_specific_salary_candidate","foxsports.com.au","true","true","62","money|contract_or_salary_language","bing-news-rss","team_contract","Thu, 02 Jul 2026 13:45:00 GMT","FOX SPORTS","","","Revealed: Sam Walker's stunning contract demand puts Roosters on alert as NRL feeding feenzy looms","https://www.foxsports.com.au/nrl/nrl-premiership/weve-had-conversations-club-confirms-interest-in-eels-veteran-chiefs-eye-another-target/news-story/fa96e1a5e77736ee8e77d34fe56408fe","Roosters and Maroons star Sam Walker is reportedly seeking at least $1.2 million a season from his next contract. Walker is free to speak with rival clubs from November 1 with his ..."
"syd","Sydney Roosters","Sam Walker","Halfback","backup_baseline","3","player_specific_salary_candidate","dailytelegraph.com.au","true","true","62","money|contract_or_salary_language","bing-news-rss","publisher_text_dt","Wed, 01 Jul 2026 11:32:00 GMT","Daily Telegraph","","","Sam Walker seeking $6 million pay-day as star Rooster prepares for free agency","https://www.dailytelegraph.com.au/sport/nrl/sam-walker-seeking-6-million-payday-as-star-rooster-prepares-for-free-agency/news-story/0646a36ccb4ea29684de5e6cf10fe500","The Sydney Roosters are facing a $6 million battle to retain Sam Walker with Queensland's man-of-the-moment prepared to head to free agency."
"syd","Sydney Roosters","Sam Walker","Halfback","backup_baseline","4","player_specific_contract_candidate","theaustralian.com.au","true","true","55","contract_or_salary_language|term_length_language","bing-news-rss","team_contract","Mon, 06 Jul 2026 22:31:00 GMT","The Australian","","","Sam Walker on brink of Roosters deal and Australian team call-up – if they can clear final hurdle","https://www.theaustralian.com.au/sport/nrl/sam-walker-on-brink-of-roosters-deal-and-australian-team-callup-if-they-can-clear-final-hurdle/news-story/43bd22906dc1508ca3b695be8310d635","Schifcofske has annoyed the tricolours with his media posturing regarding a new contract and his threat of taking the 24-year-old to the open market. Gillis is in a sweet position, as he also manages ..."
"syd","Sydney Roosters","Sam Walker","Halfback","backup_baseline","5","player_specific_contract_candidate","au.sports.yahoo.com","true","false","51","contract_or_salary_language|term_length_language","bing-news-rss","salary_contract|team_contract|publisher_text_smh","Wed, 24 Jun 2026 23:41:00 GMT","Yahoo Sports Australia","","","Roosters set to progress contract talks with Sam Walker","https://au.sports.yahoo.com/roosters-set-progress-contract-talks-064142724.html","Sam Walker's Origin success is turning into a very expensive showcase. The Sydney Morning Herald has reported that the Sydney Roosters are bracing to enter contract talks with their 24-year-old ..."
"syd","Sydney Roosters","Sam Walker","Halfback","backup_baseline","6","player_specific_contract_candidate","au.sports.yahoo.com","true","false","51","contract_or_salary_language|term_language","bing-news-rss","publisher_text_dt","Thu, 02 Jul 2026 15:03:00 GMT","Yahoo Sports Australia","","","Sam Walker set for hefty pay-day as November 1 looms","https://au.sports.yahoo.com/sam-walker-set-hefty-pay-220458534.html","Sydney Roosters halfback Sam Walker is poised to become one of the highest-paid NRL players when he signs his next contract. Walker is off contract at the end of 2027, meaning the Roosters have until ..."
"syd","Sydney Roosters","Sam Walker","Halfback","backup_baseline","7","player_specific_contract_candidate","goldcoastbulletin.com.au","true","false","43","contract_or_salary_language","bing-news-rss","team_contract","Mon, 03 May 2021 11:50:00 GMT","Gold Coast Sun","","","NRL 2021: Sydney Roosters explain why Sam Walker's new deal is taking extra time","https://www.goldcoastbulletin.com.au/sport/nrl/nrl-2021-sydney-roosters-explain-why-sam-walkers-new-deal-is-taking-extra-time/news-story/4d1b452943e6131c3d696f8b0e9220bd","The Roosters can breathe easy after all. The real reason for Sam Walker's contract delay can be revealed and it has nothing to do with approaches from other clubs. Walker and de Belin share the same ..."
"syd","Sydney Roosters","Sam Walker","Halfback","backup_baseline","8","player_specific_contract_candidate","au.sports.yahoo.com","true","false","43","contract_or_salary_language","bing-news-rss","team_contract|signed_until","Wed, 01 Jul 2026 16:41:00 GMT","Yahoo Sports Australia","","","Sam Walker's brother earns first official NRL contract","https://au.sports.yahoo.com/sam-walker-brother-earns-first-234153335.html","Sam Walker's brother, Tyson Walker, has earned his first NRL contract, signing an officially upgraded train and trial deal with the North Queensland Cowboys. He has been progressing through the club's ..."
"syd","Sydney Roosters","Sam Walker","Halfback","backup_baseline","9","player_specific_contract_candidate","au.news.yahoo.com","true","false","43","contract_or_salary_language","bing-news-rss","signed_until","Tue, 19 May 2026 17:00:00 GMT","Yahoo News Australia","","","Nathan Cleary and Sam Walker contract twist, Roosters star tipped to sign with two new NRL teams","https://au.news.yahoo.com/nathan-cleary-and-sam-walker-contract-twist-roosters-star-tipped-to-sign-with-two-new-nrl-teams-020512722.html","Add Yahoo as a preferred source to see more of our stories on Google. Sam Walker's State of Origin debut is being tipped to be an audition for a new Roosters contract. And if it doesn't pan out well ..."
"syd","Sydney Roosters","Sam Walker","Halfback","backup_baseline","10","player_specific_contract_candidate","smh.com.au","true","true","40","contract_or_salary_language","bing-news-rss","salary_contract|signed_until|publisher_text_smh","Thu, 25 Jun 2026 08:44:00 GMT","Sydney Morning Herald","","","Walker's future on Roosters' agenda as NRL's next million-dollar man","https://www.smh.com.au/sport/nrl/walker-s-future-on-roosters-agenda-as-nrl-s-next-million-dollar-man-20260625-p609xc.html","You have reached your maximum number of saved items. Remove items from your saved list to add more. The Roosters are set to broach extension talks with star halfback Sam Walker and his management once ..."
"syd","Sydney Roosters","Naufahu Whyte","Prop","backup_baseline","1","player_specific_profile_candidate","adelaidenow.com.au","true","false","35","","bing-news-rss","signed_until","Thu, 05 Mar 2026 10:02:00 GMT","Adelaide Now","","","Roosters enforcer Naufahu Whyte reveals he dominates the NRL by switching off from it","https://www.adelaidenow.com.au/sport/nrl/roosters-enforcer-naufahu-whyte-reveals-he-dominates-the-nrl-by-switching-off-from-it/news-story/f05a8a17d64044918d1d32b688aaab11","The front‐rower doesn't lift the most in the gym, is softly-spoken off the field, and can often be spotted at Roosters' HQ reading a book. He may also be the only New Zealand‐born rugby league player ..."
"syd","Sydney Roosters","Reece Robson","Hooker","backup_baseline","","no_candidate_found","","","","","","","","","","","","","",""
"syd","Sydney Roosters","Lindsay Collins","Prop","backup_baseline","","no_candidate_found","","","","","","","","","","","","","",""
"syd","Sydney Roosters","Angus Crichton","2nd Row","backup_baseline","1","player_specific_profile_candidate","news.com.au","true","true","39","","bing-news-rss","team_contract","Fri, 15 May 2026 13:17:00 GMT","Couriermail","","","Roosters star Angus Crichton reveals he's NSW Cup team's No.1 ticket holder","https://www.news.com.au/sport/nrl/roosters-star-angus-crichton-reveals-hes-nsw-cup-teams-no1-ticket-holder/news-story/b3fa00fa0b3138a18e1fed49803d886e","Meet the Roosters' NSW Cup team's No.1 ticket holder. While Crichton rarely misses a game, travelling to Magic Round for Saturday's clash against North Queensland means he'll have to skip one of his ..."
"syd","Sydney Roosters","Angus Crichton","2nd Row","backup_baseline","2","player_specific_profile_candidate","townsvillebulletin.com.au","true","false","35","","bing-news-rss","salary_contract|team_contract|publisher_text_dt","Sun, 07 Jun 2026 03:33:00 GMT","Townsville Bulletin","","","NRL 2021: Angus Crichton talks contracts and billing Boyd's boots at the Roosters","https://www.townsvillebulletin.com.au/sport/nrl/nrl-contract-news-roosters-in-race-to-secure-offcontract-sam-walker/news-story/28f624c37b52434328098f393de99284","But just months after the Sydney Roosters were called out shopping Angus Crichton to rival clubs, the powerhouse backrower has vowed: ""I don't want to leave"". And Crichton says he now wants to lock up ..."
"syd","Sydney Roosters","Angus Crichton","2nd Row","backup_baseline","3","player_specific_profile_candidate","ntnews.com.au","true","false","35","","bing-news-rss","team_contract","Fri, 21 Feb 2020 08:28:00 GMT","Northern Territory News","","","Why Angus Crichton was happy to move to centre for the Sydney Roosters","https://www.ntnews.com.au/sport/nrl/why-angus-crichton-was-happy-to-move-to-centre-for-the-sydney-roosters/news-story/95eb9982e248690043e470928ea52915","Roosters star Angus Crichton has revealed why he was happy to make his shock move to centre and the challenges of replacing Latrell Mitchell. With those words Sydney Roosters star Angus Crichton has ..."
"syd","Sydney Roosters","Siua Wong","2nd Row","backup_baseline","","no_candidate_found","","","","","","","","","","","","","",""
"syd","Sydney Roosters","Victor Radley","Lock","backup_baseline","","no_candidate_found","","","","","","","","","","","","","",""
"syd","Sydney Roosters","Connor Watson","Interchange","backup_baseline","1","player_specific_contract_candidate","heraldsun.com.au","true","false","48","contract_or_salary_language|signing_language","bing-news-rss","salary_contract","Sat, 30 May 2026 09:07:00 GMT","heraldsun.com.au","","","Dragons set to land fourth major scalp in Connor Watson as Titans move on Jesse Arthars","https://www.heraldsun.com.au/sport/nrl/dragons-set-to-land-fourth-major-scalp-in-roosters-utility-connor-watson-before-png-departure/news-story/b6908684e8d11af447cccad962bb5498","It is understood Watson is on the verge of inking a 12-month deal to join the Dragons from next season before he joins PNG in 2028. The Bulldogs met with Watson, but he is expected to join the likes ..."
"syd","Sydney Roosters","Connor Watson","Interchange","backup_baseline","2","player_specific_contract_candidate","au.sports.yahoo.com","true","false","48","contract_or_salary_language|signing_language","bing-news-rss","team_contract","Mon, 18 May 2026 17:00:00 GMT","Yahoo Sport Australia","","","Connor Watson closes on contract call as Roosters departure looms","https://au.sports.yahoo.com/connor-watson-closes-contract-call-081235119.html","Sydney Roosters utility Connor Watson is set to join the PNG Chiefs via the St George Illawarra Dragons. Watson, who toured the PNG Chiefs facilities in Port Moresby over the weekend and arrived back ..."
"syd","Sydney Roosters","Connor Watson","Interchange","backup_baseline","3","player_specific_contract_candidate","couriermail.com.au","true","true","44","signing_language","bing-news-rss","team_contract","Thu, 28 May 2026 11:29:00 GMT","The Courier-Mail","","","Connor Watson becomes PNG Chiefs' third signing after agreeing to join expansion club in 2028","https://www.couriermail.com.au/sport/nrl/connor-watson-becomes-png-chiefs-third-signing-after-agreeing-to-join-expansion-club-in-2028/news-story/105d13851f2fac147ed0e229a1aaa777","Watson recently travelled to Port Moresby with his partner Kiana to look at the club's facilities and cast their eye over the living arrangements. This masthead can reveal that he walked away ..."
"syd","Sydney Roosters","Connor Watson","Interchange","backup_baseline","4","player_specific_contract_candidate","thechronicle.com.au","false","false","34","contract_or_salary_language|signing_language","bing-news-rss","salary_contract","Sat, 30 May 2026 09:07:00 GMT","The Toowoomba Chronicle","","","Dragons set to land fourth major scalp in Connor Watson as Titans move on Jesse Arthars","https://www.thechronicle.com.au/sport/nrl/dragons-set-to-land-fourth-major-scalp-in-roosters-utility-connor-watson-before-png-departure/news-story/b6908684e8d11af447cccad962bb5498","Former NSW star Connor Watson is set to join St George Illawarra on a 12-month deal, while Josh Hannay has met with a key Bronco with plans of a Sunshine state heist. It is understood Watson is on the ..."
"syd","Sydney Roosters","Connor Watson","Interchange","backup_baseline","5","player_specific_contract_candidate","msn.com","false","false","29","term_language","bing-news-rss","team_contract|signed_until","Mon, 01 Jun 2026 21:47:29 GMT","ABC (Australian Broadcasting Corporation) on MSN","","","Kieran Foran named Sea Eagles's full-time NRL coach, Chiefs and Dragons sign Connor Watson","https://www.msn.com/en-au/news/other/kieran-foran-named-sea-eagless-full-time-nrl-coach-chiefs-and-dragons-sign-connor-watson/ar-AA24Bn63","Manly shows faith in Kieran Foran by appointing the ex-NRL star as its head coach through to the end of the 2029 season."
"syd","Sydney Roosters","Connor Watson","Interchange","backup_baseline","6","player_specific_profile_candidate","au.sports.yahoo.com","true","false","35","","bing-news-rss","team_contract","Mon, 01 Jun 2026 17:00:00 GMT","Yahoo Sport Australia","","","Connor Watson confirms Roosters exit, long-term future","https://au.sports.yahoo.com/connor-watson-confirms-roosters-exit-041654615.html","One of the NRL's worst-kept secrets has been confirmed, with Connor Watson confirming he will make the move to the PNG Chiefs for their inaugural season. Despite being contracted for 2027, it meant he ..."
"syd","Sydney Roosters","Connor Watson","Interchange","backup_baseline","7","player_specific_profile_candidate","goldcoastbulletin.com.au","true","false","35","","bing-news-rss","team_contract|signed_until","Wed, 08 Sep 2021 07:10:00 GMT","Gold Coast Sun","","","NRL: Connor Watson determined to extend Knights career before rejoining the Roosters","https://www.goldcoastbulletin.com.au/sport/nrl/nrl-connor-watson-determined-to-extend-knights-career-before-rejoining-the-roosters/news-story/e2dc96c74893401b3f19f82742a02710","Connor Watson will rejoin the Sydney Roosters next season, but first he is focused on helping Newcastle extend their season. Watson will rejoin the Roosters, where he started his NRL career in 2016, ..."
"syd","Sydney Roosters","Connor Watson","Interchange","backup_baseline","8","player_specific_profile_candidate","ntnews.com.au","true","false","35","","bing-news-rss","team_contract","Sun, 17 May 2026 08:06:00 GMT","Northern Territory News","","","Sydney Roosters star Connor Watson flies to PNG for talks after Magic Round clash","https://www.ntnews.com.au/sport/nrl/sydney-roosters-star-connor-watson-to-fly-to-png-for-talks-after-magic-round-clash/news-story/ca59a880d615b2d66279b3ee92608138","The Chiefs look set to land their next big name NRL signing with versatile Roosters star Connor Watson touching down in Port Moresby to tour the PNG facilities. Just weeks after Jarome Luai flew to ..."
"syd","Sydney Roosters","Egan Butcher","Interchange","backup_baseline","","no_candidate_found","","","","","","","","","","","","","",""
"syd","Sydney Roosters","Spencer Leniu","Interchange","backup_baseline","1","player_specific_contract_candidate","dailytelegraph.com.au","true","true","47","contract_or_salary_language","bing-news-rss","publisher_text_dt","Fri, 26 Jun 2026 12:08:00 GMT","The Daily Telegraph","","","Why Spencer Leniu is at the centre of a generational NRL tug-of-war","https://www.dailytelegraph.com.au/sport/nrl/why-spencer-leniu-is-at-the-centre-of-a-generational-nrl-tugofwar/news-story/de8ae35e15058cbaa24ae9b0f4799483","Key factors are aligning in Leniu's favor, and these aren't necessarily the Roosters prop's own doing. First things first, any suggestion that Leniu is a done deal at the Eels is off the mark. He is ..."
"syd","Sydney Roosters","Spencer Leniu","Interchange","backup_baseline","2","player_specific_contract_candidate","adelaidenow.com.au","true","false","43","contract_or_salary_language","bing-news-rss","salary_contract","Fri, 26 Jun 2026 12:03:00 GMT","Adelaide Now","","","Why Spencer Leniu is at the centre of a generational NRL tug-of-war","https://www.adelaidenow.com.au/sport/nrl/why-spencer-leniu-is-at-the-centre-of-a-generational-nrl-tugofwar/news-story/de8ae35e15058cbaa24ae9b0f4799483","Key factors are aligning in Leniu's favor, and these aren't necessarily the Roosters prop's own doing. First things first, any suggestion that Leniu is a done deal at the Eels is off the mark. He is ..."
"syd","Sydney Roosters","Spencer Leniu","Interchange","backup_baseline","3","player_specific_contract_candidate","au.sports.yahoo.com","true","false","43","contract_or_salary_language","bing-news-rss","team_contract","Tue, 23 Jun 2026 17:00:00 GMT","Yahoo Sport Australia","","","New NRL frontrunner emerges for Spencer Leniu, and what it could mean for an Eels veteran","https://au.sports.yahoo.com/nrl-frontrunner-emerges-spencer-leniu-034955638.html","A potential early release for Sydney Roosters forward Spencer Leniu is believed to be back on the table, with the Parramatta Eels emerging as the surprise new frontrunner. The Leniu contract situation ..."
"syd","Sydney Roosters","Spencer Leniu","Interchange","backup_baseline","4","player_specific_contract_candidate","goldcoastbulletin.com.au","true","false","43","contract_or_salary_language","bing-news-rss","signed_until","Fri, 26 Jun 2026 12:19:00 GMT","Gold Coast Sun","","","Why Spencer Leniu is at the centre of a generational NRL tug-of-war","https://www.goldcoastbulletin.com.au/sport/nrl/why-spencer-leniu-is-at-the-centre-of-a-generational-nrl-tugofwar/news-story/de8ae35e15058cbaa24ae9b0f4799483","Key factors are aligning in Leniu's favor, and these aren't necessarily the Roosters prop's own doing. First things first, any suggestion that Leniu is a done deal at the Eels is off the mark. He is ..."
"syd","Sydney Roosters","Spencer Leniu","Interchange","backup_baseline","5","player_specific_contract_candidate","thechronicle.com.au","false","false","29","term_language","bing-news-rss","team_contract","Fri, 15 May 2026 13:32:00 GMT","The Toowoomba Chronicle","","","Spencer Leniu breaks media ban to hit back at claims he's on the outer at Sydney Roosters","https://www.thechronicle.com.au/sport/nrl/spencer-leniu-breaks-media-ban-to-hit-back-at-claims-hes-on-the-outer-at-sydney-roosters/news-story/80cc1f68366e81489abc89a2e7ac5f5a","Leniu, who is contracted until the end of 2027, has come onto the radar of rival outfits amid speculation over his future at the Roosters. The prop hasn't fronted the media in over 12 months but felt ..."
"syd","Sydney Roosters","Spencer Leniu","Interchange","backup_baseline","6","player_specific_profile_candidate","couriermail.com.au","true","true","39","","bing-news-rss","salary_contract|team_contract","Wed, 06 May 2026 05:00:00 GMT","The Courier-Mail","","","Spencer Leniu on rival radars as missing minutes hint at Sydney Roosters exit","https://www.couriermail.com.au/sport/nrl/spencer-leniu-on-rival-radars-as-missing-minutes-hint-at-sydney-roosters-exit/news-story/bc307ddaccc5e127874089707340b92d","Whilst Roosters officials are adamant Leniu has not been told that he is free to leave – he is contracted until the end of next year – that hasn't stopped other clubs from identifying the NSW Origin ..."
"syd","Sydney Roosters","Spencer Leniu","Interchange","backup_baseline","7","player_specific_profile_candidate","couriermail.com.au","true","true","39","","bing-news-rss","salary_contract","Fri, 26 Jun 2026 12:03:00 GMT","The Courier-Mail","","","Why Spencer Leniu is at the centre of a generational NRL tug-of-war","https://www.couriermail.com.au/sport/nrl/why-spencer-leniu-is-at-the-centre-of-a-generational-nrl-tugofwar/news-story/de8ae35e15058cbaa24ae9b0f4799483","Just 25-years-old with 130 NRL games under his belt, Spencer Leniu represents the next wave of props. Which is why leaving the Roosters isn't as obvious as it seems, writes DAVID RICCIO. Key factors ..."
"syd","Sydney Roosters","Spencer Leniu","Interchange","backup_baseline","8","player_specific_profile_candidate","thechronicle.com.au","false","false","21","","bing-news-rss","signed_until","Wed, 06 May 2026 05:00:00 GMT","The Toowoomba Chronicle","","","Spencer Leniu on rival radars as missing minutes hint at Sydney Roosters exit","https://www.thechronicle.com.au/sport/nrl/spencer-leniu-on-rival-radars-as-missing-minutes-hint-at-sydney-roosters-exit/news-story/bc307ddaccc5e127874089707340b92d","Whilst Roosters officials are adamant Leniu has not been told that he is free to leave – he is contracted until the end of next year – that hasn't stopped other clubs from identifying the NSW Origin ..."
"syd","Sydney Roosters","Nat Butcher","Interchange","backup_baseline","","no_candidate_found","","","","","","","","","","","","","",""
"syd","Sydney Roosters","Benaiah Ioelu","Unknown","derived_bucket_range","","no_candidate_found","","","","","","","","","","","","","",""
"syd","Sydney Roosters","Blake Steep","Unknown","derived_bucket_range","","no_candidate_found","","","","","","","","","","","","","",""
"syd","Sydney Roosters","Cody Ramsey","Unknown","derived_bucket_range","","no_candidate_found","","","","","","","","","","","","","",""
"syd","Sydney Roosters","De La Salle Va’a","Unknown","derived_bucket_range","","no_candidate_found","","","","","","","","","","","","","",""
"syd","Sydney Roosters","Junior Pauga","Unknown","derived_bucket_range","","no_candidate_found","","","","","","","","","","","","","",""
"syd","Sydney Roosters","Hugo Savala","Unknown","derived_bucket_range","1","player_specific_contract_candidate","foxsports.com.au","true","true","47","term_length_language","bing-news-rss","signed_until","Mon, 06 Apr 2026 19:28:00 GMT","Fox Sports","","","DCE is blocking his path to NRL... but a new challenge has Hugo Savala primed for big things","https://www.foxsports.com.au/nrl/nrl-premiership/nrl-2026-hugo-savala-open-to-making-position-change-speaks-on-contract-future-sydney-roosters-daly-cherryevans-nrl-news/news-story/aa1f64deed773f9d80266c361fbf2ee2","WHAT'S GAMBLING REALLY COSTING YOU? Set a deposit limit. For Free and confidential support call 1800 858 858 or visit gamblinghelponline.org.au. Adapting to a new role, the 23-year-old admits he is ..."
"syd","Sydney Roosters","Jake Elliott","Unknown","derived_bucket_range","","no_candidate_found","","","","","","","","","","","","","",""
"syd","Sydney Roosters","Salesi Foketi","Unknown","derived_bucket_range","","no_candidate_found","","","","","","","","","","","","","",""
"syd","Sydney Roosters","Taylor Losalu","Unknown","derived_bucket_range","","no_candidate_found","","","","","","","","","","","","","",""
"syd","Sydney Roosters","Toby Rodwell","Unknown","derived_bucket_range","","no_candidate_found","","","","","","","","","","","","","",""
"syd","Sydney Roosters","Tommy Talau","Unknown","derived_bucket_range","1","player_specific_contract_candidate","theaustralian.com.au","true","true","47","contract_or_salary_language","bing-news-rss","signed_until","Sat, 20 Jun 2026 15:32:00 GMT","The Australian","","","The unqualified agent who secured Tommy Talau's Roosters deal - and saved his NRL career","https://www.theaustralian.com.au/sport/nrl/the-unqualified-agent-who-secured-tommy-talaus-roosters-deal-and-saved-his-nrl-career/news-story/d028d3542ecd43cb0f85d8b92e5ce6f8","After injury-riddled stints at both the Wests Tigers and Manly, Talau's career hung by a thread as he headed into last summer with no clear destination for 2026. Making matters worse, Talau had split ..."
"syd","Sydney Roosters","Tommy Talau","Unknown","derived_bucket_range","2","player_specific_contract_candidate","goldcoastbulletin.com.au","true","false","44","contract_or_salary_language|term_length_language","bing-news-rss","salary_contract","Thu, 21 Nov 2019 04:00:00 GMT","Gold Coast Sun","","","Signing boost: Wests Tigers lock in teen sensation on two-year deal","https://www.goldcoastbulletin.com.au/sport/nrl/signing-boost-wests-tigers-lock-in-teen-sensation-on-twoyear-deal/news-story/964441c165dc9360be990b302bf31ba4","Tommy Talau, 19, the son for former Bulldogs and New Zealand centre Willie Talau, is expected to start next season in the centres. Talau made his NRL debut against Manly in round 22 this year. He has ..."
"wst","Wests Tigers","Adam Doueihi","Centre","backup_baseline","1","player_specific_contract_candidate","theaustralian.com.au","true","true","60","contract_or_salary_language|signing_language|term_language","bing-news-rss","signed_until","Fri, 13 Mar 2026 04:02:00 GMT","The Australian","","","'Nowhere else I'd rather be': Adam Doueihi commits to Wests Tigers long term after signing contract extension","https://www.theaustralian.com.au/news/latest-news/nowhere-else-id-rather-be-adam-doueihi-commits-to-wests-tigers-long-term-after-signing-contract-extension/news-story/13a7d6d5d641262face4bb60ad42592b","It's a major boost for the Tigers just a day before they open their season against the Cowboys at Leichhardt Oval. Doueihi was already locked in until the end of 2027 but has extended his stay for a ..."
"wst","Wests Tigers","Adam Doueihi","Centre","backup_baseline","2","player_specific_contract_candidate","goldcoastbulletin.com.au","true","false","43","term_length_language","bing-news-rss","team_contract","Mon, 03 Feb 2020 02:03:00 GMT","Gold Coast Sun","","","Wests Tigers recruit Adam Doueihi opens up on shock Rabbitohs exit","https://www.goldcoastbulletin.com.au/sport/nrl/wests-tigers-recruit-adam-doueihi-opens-up-on-shock-rabbitohs-exit/news-story/aa13a3d4ac135f8ba6ad299578b859cb","The 21-year-old Doueihi started conversations with Souths coach Wayne Bennett once it became clear the club would sign NRL star Mitchell, saying he appreciated the honesty and freedom to chase a ..."
"wst","Wests Tigers","Adam Doueihi","Centre","backup_baseline","3","player_specific_contract_candidate","geelongadvertiser.com.au","true","false","43","contract_or_salary_language","bing-news-rss","signed_until","Thu, 12 Mar 2026 17:00:00 GMT","Geelong Advertiser","","","'Nowhere else I'd rather be': Adam Doueihi commits to Wests Tigers long term after signing contract extension","https://www.geelongadvertiser.com.au/sport/nrl/nowhere-else-id-rather-be-adam-doueihi-commits-to-wests-tigers-long-term-after-signing-contract-extension/news-story/13a7d6d5d641262face4bb60ad42592b","Benji Marshall's long-term vision for the Wests Tigers has received a major boost with one of his biggest stars agreeing to a new deal. It's a major boost for the Tigers just a day before they open ..."
"wst","Wests Tigers","Adam Doueihi","Centre","backup_baseline","4","player_specific_profile_candidate","adelaidenow.com.au","true","false","35","","bing-news-rss","team_contract","Sat, 14 Mar 2020 12:00:00 GMT","Adelaide Now","","","Latrell Mitchell, Adam Doueihi headline 12 NRL grudge matches","https://www.adelaidenow.com.au/sport/nrl/latrell-mitchell-adam-doueihi-headline-12-nrl-grudge-matches/news-story/ab1280b2bd7cc35e3bfd6558aa4ee73a","Rugby league is built on rivalry and highly anticipated showdowns. Michael Carayannis takes a look at the top grudge matches heading into the new NRL season. Luciano Leilua (Wests Tigers) v St George ..."
"wst","Wests Tigers","Adam Doueihi","Centre","backup_baseline","5","player_specific_profile_candidate","thechronicle.com.au","false","false","21","","bing-news-rss","signed_until","Fri, 09 Jan 2026 03:16:00 GMT","The Toowoomba Chronicle","","","Adam Doueihi reveals switch to halfback likely as Tigers seek to snap finals drought","https://www.thechronicle.com.au/sport/nrl/adam-doueihi-reveals-switch-to-halfback-likely-as-tigers-seek-to-snap-finals-drought/news-story/faf99ccce997c1bb09a81765ad11339c","Doueihi revealed coach Benji Marshall has him working predominantly alongside Jarome Luai in the pre-season and is confident of securing the role ahead of the first clash in Round 2 against the ..."
"wst","Wests Tigers","Alex Twal","Prop","backup_baseline","1","player_specific_profile_candidate","heraldsun.com.au","true","false","35","","bing-news-rss","team_contract","Thu, 02 Jul 2026 01:02:00 GMT","Herald Sun","","","Alex Twal's vending machine empire setting Tigers star up for life after NRL","https://www.heraldsun.com.au/sport/nrl/alex-twals-vending-machine-empire-setting-tigers-star-up-for-life-after-nrl/news-story/23c30555f44d3f76437bbe565bd49282","He trades in his footy boots for chips, chocolate, and Powerade, straight off the back fence and into his side hustle: running a successful vending machine company across Sydney. The days of players ..."
"wst","Wests Tigers","Alex Seyfarth","2nd Row","backup_baseline","","no_candidate_found","","","","","","","","","","","","","",""
"wst","Wests Tigers","Apisai Koroisau","Hooker","cross_referenced_baseline","","no_candidate_found","","","","","","","","","","","","","",""
"wst","Wests Tigers","Bunty Afoa","Prop","derived_cap_residual_range","1","player_specific_profile_candidate","weststigers.com.au","true","false","35","","bing-news-rss","team_contract","Thu, 02 Jul 2026 19:43:00 GMT","Wests Tigers","","","Special milestone for Bunty Afoa","https://www.weststigers.com.au/news/2026/07/03/special-milestone-for-bunty-afoa/","The sacrifice of experienced prop Bunty Afoa to leave his young family in New Zealand to keep his NRL career alive has not been lost on the Wests Tigers."
"wst","Wests Tigers","Fonua Pole","Prop","backup_baseline","1","player_specific_profile_candidate","dailytelegraph.com.au","true","true","39","","bing-news-rss","team_contract","Fri, 15 May 2026 03:18:00 GMT","The Daily Telegraph","","","Wests Tigers re-signing spree: Fonua Pole next in line - and he could lure his brother too","https://www.dailytelegraph.com.au/sport/wests-tigers-lock-in-sunia-turuva-on-huge-longterm-extension-as-part-of-major-retention-drive/news-story/aa96480c1e88e24bcc0941fe6305bce7","He might even bring his brother with him. Fonua Pole debuted when the Tigers felt more like a sinking ship than a genuine threat. He watched a revolving door of stars head for the exit - including his ..."
"wst","Wests Tigers","Fonua Pole","Prop","backup_baseline","2","player_specific_profile_candidate","cairnspost.com.au","true","false","35","","bing-news-rss","team_contract","Fri, 15 May 2026 03:18:00 GMT","The Cairns Post","","","Wests Tigers re-signing spree: Fonua Pole next in line - and he could lure his brother too","https://www.cairnspost.com.au/sport/wests-tigers-lock-in-sunia-turuva-on-huge-longterm-extension-as-part-of-major-retention-drive/news-story/aa96480c1e88e24bcc0941fe6305bce7","Having locked down half a dozen stars in the past week, the wild Wests Tigers spending spree could net them another big target - and a poaching raid on the Melbourne Storm. He might even bring his ..."
"wst","Wests Tigers","Heamasi Makasini","Centre","cross_referenced_baseline","1","player_specific_contract_candidate","au.sports.yahoo.com","true","false","43","contract_or_salary_language","bing-news-rss","salary_contract|team_contract|signed_until","Wed, 27 May 2026 17:00:00 GMT","Yahoo Sport Australia","","","Heamasi Makasini makes contract call","https://au.sports.yahoo.com/heamasi-makasini-makes-contract-call-003548366.html","For a club that has endured its share of turbulent years, the emergence of homegrown talent through its own pathways has become one of the most encouraging signs of life at Concord. The latest chapter ..."
"wst","Wests Tigers","Heamasi Makasini","Centre","cross_referenced_baseline","2","player_specific_contract_candidate","heraldsun.com.au","true","false","43","term_length_language","bing-news-rss","signed_until","Thu, 12 Mar 2026 06:52:00 GMT","heraldsun.com.au","","","Wests Tigers move to re-sign rising NRL stars Heamasi Makasini, Samuela Fainu","https://www.heraldsun.com.au/sport/nrl/wests-tigers-move-to-resign-rising-nrl-stars-heamasi-makasini-samuela-fainu/news-story/0c7c88f8fddc5a0828d8f01ba1de9101","This masthead can reveal Tigers bosses are ready to open talks on twin five-year deals for Makasini and Fainu as the dynamic duo prepare for their season-opener against the Cowboys at Leichhardt Oval ..."
"wst","Wests Tigers","Heamasi Makasini","Centre","cross_referenced_baseline","3","player_specific_profile_candidate","abc.net.au","true","false","35","","bing-news-rss","signed_until","Wed, 11 Mar 2026 17:00:00 GMT","Australian Broadcasting Corporation","","","Tigers hopeful Heamasi Makasini stays with NRL club amid talk of rugby union switch","https://www.abc.net.au/news/2026-03-12/nrl-wests-tigers-heamasi-makasini-jonah-lomu-benji-marshall/106446978","Wests Tigers coach Benji Marshall says the club is desperate to keep Heamasi Makasini after the teenage star admitted an interest in returning to rugby union. Makasini has been compared to late All ..."
"wst","Wests Tigers","Heamasi Makasini","Centre","cross_referenced_baseline","4","player_specific_profile_candidate","smh.com.au","true","true","32","","bing-news-rss","signed_until","Wed, 11 Mar 2026 11:59:00 GMT","Sydney Morning Herald","","","Tigers teen prodigy Makasini open to rugby return after 2027","https://www.smh.com.au/sport/nrl/tigers-teen-prodigy-makasini-open-to-rugby-return-after-2027-20260311-p5o9bf.html","You have reached your maximum number of saved items. Remove items from your saved list to add more. Tigers teenager Heamasi Makasini, who is already earning comparisons to All Blacks great Jonah Lomu, ..."
"wst","Wests Tigers","Heamasi Makasini","Centre","cross_referenced_baseline","5","player_specific_profile_candidate","thechronicle.com.au","false","false","21","","bing-news-rss","signed_until","Tue, 07 Apr 2026 12:20:00 GMT","The Toowoomba Chronicle","","","Man Tigers Need: Heamasi Makasini's secret weapon singer helping him become NRL star","https://www.thechronicle.com.au/sport/nrl/man-tigers-need-heamasi-makasinis-secret-weapon-singer-helping-him-become-nrl-star/news-story/7fe487e9a3bdb77727c10f5d7e36af44","Wests Tigers centre Heamasi Makasini has ditched heavy metal and hip hop, opting for a soothing voice as his secret weapon before taking the field each week. Gone are the days of AC/DC, Metallica, and ..."
"wst","Wests Tigers","Heath Mason","Fullback","derived_cap_residual_range","","no_candidate_found","","","","","","","","","","","","","",""
"wst","Wests Tigers","Jahream Bula","Fullback","cross_referenced_baseline","1","player_specific_salary_candidate","couriermail.com.au","true","true","55","money|contract_or_salary_language","bing-news-rss","salary_contract","Thu, 30 Apr 2026 12:04:00 GMT","The Courier-Mail","","","Inside the secret NRL clauses driving player moves and contract stand-offs","https://www.couriermail.com.au/sport/nrl/inside-the-secret-nrl-clauses-driving-player-moves-and-contract-standoffs/news-story/8c186c8f280041c8caa18ad76bfbf207","The devil in the detail that has opened the door for Jarome Luai and Jaydn Su'A to leave their teams, and has the Wests Tigers in a $100,000 stand-off over fullback Jahream Bula's short-term future."
"wst","Wests Tigers","Jahream Bula","Fullback","cross_referenced_baseline","2","player_specific_contract_candidate","couriermail.com.au","true","true","55","contract_or_salary_language|term_language|term_length_language","bing-news-rss","salary_contract|team_contract|signed_until","Sat, 02 May 2026 18:26:00 GMT","The Courier-Mail","","","Wests Tigers fullback Jahream Bula signs four-year contract extension in huge boost for club","https://www.couriermail.com.au/sport/nrl/wests-tigers-lock-down-star-fullback-jahream-bula-on-contract-extension/news-story/2b075b97303f35332304825212bc9074","The Tigers announced Bula's re-signing on Tuesday, with the 24-year-old putting pen to paper on a four-year contract which will see him remain at Concord until the end of the 2030 season. The new deal ..."
"wst","Wests Tigers","Jahream Bula","Fullback","cross_referenced_baseline","3","player_specific_contract_candidate","smh.com.au","true","true","55","contract_or_salary_language|term_length_language","bing-news-rss","publisher_text_smh","Tue, 05 May 2026 04:45:00 GMT","Sydney Morning Herald","","","Clause out: The inside story on how the Tigers retained Jahream Bula","https://www.smh.com.au/sport/nrl/clause-out-the-inside-story-on-how-the-tigers-retained-jahream-bula-20260505-p5zts2.html","For a man who never wanted to leave the club, few contract negotiations in NRL history have endured more false starts, or contained more subtext, than Jahream Bula's four-year extension at Wests ..."
"wst","Wests Tigers","Jahream Bula","Fullback","cross_referenced_baseline","4","player_specific_contract_candidate","couriermail.com.au","true","true","52","contract_or_salary_language|signing_language","bing-news-rss","signed_until","Wed, 06 May 2026 09:23:00 GMT","The Courier-Mail","","","Wests Tigers star Jahream Bula reveals why he signed long-term extension","https://www.couriermail.com.au/sport/nrl/wests-tigers-star-jahream-bula-reveals-why-he-signed-longterm-extension/news-story/f9527d9e000b1fde0a4185976e140839","There was no avoiding it - everyone was going to watch the video review anyway. ""At first I thought it was funny, because I was watching it,"" Bula said. ""I was watching the replay of the game. And ..."
"wst","Wests Tigers","Jarome Luai","Halfback","cross_referenced_baseline","1","player_specific_salary_candidate","couriermail.com.au","true","true","55","money|contract_or_salary_language","bing-news-rss","salary_contract","Thu, 30 Apr 2026 12:04:00 GMT","The Courier-Mail","","","Inside the secret NRL clauses driving player moves and contract stand-offs","https://www.couriermail.com.au/sport/nrl/inside-the-secret-nrl-clauses-driving-player-moves-and-contract-standoffs/news-story/8c186c8f280041c8caa18ad76bfbf207","The devil in the detail that has opened the door for Jarome Luai and Jaydn Su'A to leave their teams, and has the Wests Tigers in a $100,000 stand-off over fullback Jahream Bula's short-term future."
"wst","Wests Tigers","Jarome Luai","Halfback","cross_referenced_baseline","2","player_specific_salary_candidate","news.com.au","true","true","54","money","bing-news-rss","salary_contract","Fri, 10 Jul 2026 04:35:00 GMT","news.com.au","","","$1.2m call to turn Jarome Luai windfall into 'romantic' homecoming for Mitch Moses","https://www.news.com.au/sport/nrl/12m-call-to-turn-jarome-luai-windfall-into-romantic-homecoming-for-mitch-moses/news-story/776a79bf3205f1869087f6bc602c1bbc","The Wests Tigers sent shockwaves through the rugby league world earlier this week when they dropped a mid-season bombshell."
"wst","Wests Tigers","Jarome Luai","Halfback","cross_referenced_baseline","3","player_specific_contract_candidate","au.news.yahoo.com","true","false","56","contract_or_salary_language|signing_language|term_length_language","bing-news-rss","team_contract","Tue, 23 Jun 2026 16:59:00 GMT","Yahoo News Australia","","","Wests Tigers continue signing spree as NRL club inks deal with replacement for Jarome Luai","https://au.news.yahoo.com/wests-tigers-continue-signing-spree-as-nrl-club-inks-deal-with-replacement-for-jarome-luai-234639107.html","The Wests Tigers have confirmed the signing of Jake Averillo on a four-year deal from 2027 as a potential long-term replacement for Jarome Luai. Tigers five-eighth Luai will join the PNG Chiefs in ..."
"wst","Wests Tigers","Jarome Luai","Halfback","cross_referenced_baseline","4","player_specific_contract_candidate","theaustralian.com.au","true","true","47","contract_or_salary_language","bing-news-rss","team_contract","Sat, 11 Jul 2026 13:15:00 GMT","The Australian","","","Inside story: Why Wests Tigers chose to sever ties with Jarome Luai early","https://www.theaustralian.com.au/sport/nrl/inside-story-why-wests-tigers-chose-to-sever-ties-with-jarome-luai-early/news-story/05c6f696f00f306ec3131413cb0e79e4","A cryptic Instagram post that confused teammates and angered fans and officials, the prospect of promoting the PNG Chiefs while still on contract, and explosive claims that the star playmaker's ..."
"wst","Wests Tigers","Jarome Luai","Halfback","cross_referenced_baseline","5","player_specific_contract_candidate","couriermail.com.au","true","true","47","contract_or_salary_language","bing-news-rss","team_contract","Thu, 09 Jul 2026 08:00:00 GMT","The Courier Mail","","","Parramatta Eels target Jarome Luai as rejuvenated playmaker Ronald Volkman departs","https://www.couriermail.com.au/sport/nrl/parramatta-eels-target-jarome-luai-as-rejuvenated-playmaker-ronald-volkman-departs/news-story/52934ca0b0ab58e0affb94b31f8f480e","Rejuvenated playmaker Ronald Volkman could be on the way out of Parramatta after contract talks on an extension broke down with the club."
"wst","Wests Tigers","Jarome Luai","Halfback","cross_referenced_baseline","6","player_specific_contract_candidate","au.news.yahoo.com","true","false","43","contract_or_salary_language","bing-news-rss","team_contract","Wed, 03 Jun 2026 17:00:00 GMT","Yahoo News Australia","","","Wests Tigers sign Jarome Luai replacement as Knights ink deal with State of Origin player","https://au.news.yahoo.com/wests-tigers-sign-jarome-luai-replacement-as-knights-ink-deal-with-state-of-origin-player-061024582.html","Add Yahoo as a preferred source to see more of our stories on Google. The Wests Tigers are set to sign Dolphins back Jake Averillo as a potential replacement for Jarome Luai when he exits the NRL club ..."
"wst","Wests Tigers","Jarome Luai","Halfback","cross_referenced_baseline","7","player_specific_contract_candidate","au.sports.yahoo.com","true","false","43","contract_or_salary_language","bing-news-rss","signed_until","Tue, 28 Apr 2026 18:01:00 GMT","Yahoo Sport Australia","","","EXPLAINER: Why Chiefs could sign Alex Johnston and Jarome Luai before November 1","https://au.sports.yahoo.com/explainer-why-chiefs-could-sign-010034413.html","Eyebrows have been raised, though. Under NRL contract rules, off-contract players are unable to talk to rival clubs until November 1 in the year before they are off-contract. So in the case of players ..."
"wst","Wests Tigers","Jarome Luai","Halfback","cross_referenced_baseline","8","player_specific_profile_candidate","smh.com.au","true","true","40","contract_or_salary_language","bing-news-rss","signed_until","Tue, 12 May 2026 07:14:00 GMT","Sydney Morning Herald","","","'I love the Tigers': Why Sunia Turuva was never going to follow Luai to PNG","https://www.smh.com.au/sport/nrl/wests-tigers-re-sign-fourth-star-until-2030-jarome-luai-s-exit-20260512-p5zw17.html","Sunia Turuva never considered following good friend Jarome Luai to the PNG Chiefs – and did not hesitate when the Wests Tigers initiated negotiations about a possible contract extension several weeks ..."
"wst","Wests Tigers","Jarome Luai","Halfback","cross_referenced_baseline","9","player_specific_profile_candidate","news.com.au","true","true","39","","bing-news-rss","salary_contract|team_contract|signed_until","Thu, 09 Jul 2026 14:34:00 GMT","news.com.au","","","NRL rocked by Jarome Luai bombshell as Wests Tigers make stunning decision","https://www.news.com.au/sport/nrl/nrl-rocked-by-shock-jarome-luai-bombshell-as-wests-tigers-make-stunning-decision/news-story/c1e79e9251ee4fc027c044430dc97763","Parramatta Eels are reportedly the frontrunners to sign Jarome Luai after he was granted permission to leave the Wests Tigers at the end of this season."
"wst","Wests Tigers","Jarome Luai","Halfback","cross_referenced_baseline","10","player_specific_profile_candidate","theaustralian.com.au","true","true","39","","bing-news-rss","salary_contract|signed_until|publisher_text_dt","Fri, 10 Jul 2026 23:08:00 GMT","The Australian","","","Perth Bears make bold bid for Jarome Luai as Parramatta Eels close in","https://www.theaustralian.com.au/sport/nrl/why-the-tigers-decided-to-release-star-player-jarome-luai-early/news-story/9cc174f91c224f29c1b917f5d699b7c0","A decision to put the club's long-term future first is behind the Tigers' call to part ways with skipper Jarome Luai at the end of the season."
"wst","Wests Tigers","Jarome Luai","Halfback","cross_referenced_baseline","11","player_specific_profile_candidate","dailytelegraph.com.au","true","true","39","","bing-news-rss","publisher_text_dt","Wed, 08 Jul 2026 17:04:00 GMT","Daily Telegraph","","","NRL rocked by Jarome Luai bombshell as Wests Tigers make stunning decision","https://www.dailytelegraph.com.au/sport/nrl/nrl-rocked-by-shock-jarome-luai-bombshell-as-wests-tigers-make-stunning-decision/news-story/c1e79e9251ee4fc027c044430dc97763","Parramatta Eels are reportedly the frontrunners to sign Jarome Luai after he was granted permission to leave the Wests Tigers at the end of this season."
"wst","Wests Tigers","Jarome Luai","Halfback","cross_referenced_baseline","12","player_specific_profile_candidate","adelaidenow.com.au","true","false","35","","bing-news-rss","team_contract","Wed, 08 Jul 2026 14:28:00 GMT","The Advertiser","","","Wests Tigers star Jarome Luai given permission to negotiate with rival clubs for shock early exit","https://www.adelaidenow.com.au/sport/nrl/wests-tigers-star-jarome-luai-given-permission-to-negotiate-with-rival-clubs-for-shock-early-exit/news-story/735d8700193873b6d76634fb4a07113a","Parramatta are the frontrunners to sign Jarome Luai for next season after the Wests Tigers stunned their co-captain by telling him he was free to look for a new club."
"wst","Wests Tigers","Jarome Luai","Halfback","cross_referenced_baseline","13","player_specific_profile_candidate","zerotackle.com","true","false","35","","bing-news-rss","zerotackle","Thu, 09 Jul 2026 18:43:00 GMT","Zero Tackle","","","Favourite revealed for Jarome Luai signature as new details emerge","https://www.zerotackle.com/favourite-revealed-for-jarome-luai-signatures-as-new-details-emerge-235754/","The Parramatta Eels have emerged as the leading contenders to secure Jarome Luai's signature after the Wests Tigers made the shock decision to allow the premiership-winning playmaker to negotiate with ..."
"wst","Wests Tigers","Jarome Luai","Halfback","cross_referenced_baseline","14","player_specific_profile_candidate","msn.com","false","false","21","","bing-news-rss","signed_until","Sat, 11 Jul 2026 14:00:00 GMT","ABC (Australian Broadcasting Corporation) on MSN","","","Jarome Luai to leave Wests Tigers at end of season","https://www.msn.com/en-au/sport/other/jarome-luai-to-leave-wests-tigers-at-end-of-season/ar-AA27G8CJ","Wests Tigers have confirmed star five-eighth Jarome Luai will leave the club at the end of the season."
"wst","Wests Tigers","Javon Andrews","Five-Eighth","derived_cap_residual_range","","no_candidate_found","","","","","","","","","","","","","",""
"wst","Wests Tigers","Jeral Skelton","Winger","derived_cap_residual_range","","no_candidate_found","","","","","","","","","","","","","",""
"wst","Wests Tigers","Jock Madden","Halfback","backup_baseline","1","player_specific_profile_candidate","theaustralian.com.au","true","true","32","","bing-news-rss","team_contract","Fri, 19 Jun 2026 17:00:00 GMT","The Australian","","","NRL Round 16: Dolphins win 36-22 over Wests Tigers","https://www.theaustralian.com.au/sport/nrl/nrl-round-16-dolphins-win-3622-over-wests-tigers/news-story/d60954cfd473bc75fde5d600770a32d6","Centre Patrick Herbert suffered a dislocated shoulder while halfback Jock Madden failed a head injury assessment which sees the Tigers injury toll mount. Already they were without Adam Doueihi, Alex ..."
"wst","Wests Tigers","Kai Pearce-Paul","2nd Row","cross_referenced_baseline","","no_candidate_found","","","","","","","","","","","","","",""
"wst","Wests Tigers","Kit Laulilii","Lock","derived_cap_residual_range","1","player_specific_contract_candidate","theaustralian.com.au","true","true","60","contract_or_salary_language|signing_language|term_language|term_length_language","bing-news-rss","signed_until","Mon, 06 Apr 2026 14:59:00 GMT","The Australian","","","Kit Laulilii agrees terms to join brother Luke at Perth Bears, roster now at 17 signings","https://www.theaustralian.com.au/sport/nrl/perth-bears-sign-kit-laulilii-to-join-brother-luke-at-expansion-club-roster-now-at-17-signings/news-story/2209e7900db122237c7008e0e424de32","This masthead can reveal Wests Tigers forward Kit Laulilii has agreed to terms on a two-year contract to join the Bears until the end of 2028. The 21-year-old joins younger brother Luke, the Wests ..."
"wst","Wests Tigers","Kit Laulilii","Lock","derived_cap_residual_range","2","player_specific_contract_candidate","thechronicle.com.au","false","false","26","signing_language","bing-news-rss","signed_until","Mon, 06 Apr 2026 15:30:00 GMT","The Toowoomba Chronicle","","","Kit Laulilii agrees terms to join brother Luke at Perth Bears, roster now at 17 signings","https://www.thechronicle.com.au/sport/nrl/perth-bears-sign-kit-laulilii-to-join-brother-luke-at-expansion-club-roster-now-at-17-signings/news-story/2209e7900db122237c7008e0e424de32","Mal Meninga's Bears have created another slice of history by signing their first pair of brothers, a move which takes them past a major milestone in their roster development for their 2027 NRL entry."
"wst","Wests Tigers","Latu Fainu","Five-Eighth","derived_cap_residual_range","","no_candidate_found","","","","","","","","","","","","","",""
"wst","Wests Tigers","Mavrik Geyer","2nd Row","derived_cap_residual_range","1","player_specific_contract_candidate","ntnews.com.au","true","false","48","contract_or_salary_language|signing_language","bing-news-rss","salary_contract|signed_until","Sun, 05 Sep 2021 06:44:00 GMT","Northern Territory News","","","Penrith Panthers nab Mark Geyer's son, Mavrik Geyer, on development contract","https://www.ntnews.com.au/sport/penrith-panthers-nab-mark-geyers-son-mavrik-geyer-on-development-contract/news-story/ceb0593e5a3e6ea721fe6073c2daf969","Mark Geyer's son, Mavrik Geyer, has been signed on a development contract. The Panthers have confirmed local junior Mavrik Geyer, a talented back rower or prop, has officially committed to the club in ..."
"wst","Wests Tigers","Mavrik Geyer","2nd Row","derived_cap_residual_range","2","player_specific_contract_candidate","goldcoastbulletin.com.au","true","false","40","signing_language","bing-news-rss","team_contract","Wed, 24 Jun 2026 15:42:00 GMT","Gold Coast Sun","","","'Special moment for our family': Mavrik Geyer follows his famous father's lead after signing with the Bears","https://www.goldcoastbulletin.com.au/sport/nrl/special-moment-for-our-family-mavrik-geyer-follows-his-famous-fathers-lead-after-signing-with-the-bears/news-story/f77fedcf2cb94cf348cff59558cf1170","Mark played 33 games for the Western Reds, with the fiery forward one of the strongest advocates for the NRL to bring in a Perth franchise. He got his wish with the Bears set to join the competition ..."
"wst","Wests Tigers","Mavrik Geyer","2nd Row","derived_cap_residual_range","3","player_specific_profile_candidate","news.com.au","true","true","32","","bing-news-rss","team_contract","Tue, 23 Jun 2026 09:15:00 GMT","Couriermail","","","Perth Bears tracker: Every player signing so far, top targets, best 17 for 2027 NRL season","https://www.news.com.au/sport/nrl/perth-bears-tracker-every-player-signing-so-far-top-targets-best-17-for-2027-nrl-season/news-story/27dc1d131f98f46d4748ca5ef43787c2","The Bears have continued to shore up their forward pack depth, signing Wests Tigers backrower – and former Penrith Panther – Mavrik Geyer. Geyer follows in the footsteps of his father Mark, who played ..."
"wst","Wests Tigers","Patrick Herbert","Centre","derived_cap_residual_range","1","player_specific_profile_candidate","couriermail.com.au","true","true","32","","bing-news-rss","team_contract","Sat, 20 Jun 2026 11:19:00 GMT","The Courier-Mail","","","NRL Round 16: Dolphins win 36-22 over Wests Tigers","https://www.couriermail.com.au/sport/nrl/nrl-round-16-dolphins-win-3622-over-wests-tigers/news-story/d60954cfd473bc75fde5d600770a32d6","Centre Patrick Herbert suffered a dislocated shoulder while halfback Jock Madden failed a head injury assessment which sees the Tigers injury toll mount. Already they were without Adam Doueihi, Alex ..."
"wst","Wests Tigers","Royce Hunt","Prop","backup_baseline","","no_candidate_found","","","","","","","","","","","","","",""
"wst","Wests Tigers","Samuela Fainu","2nd Row","cross_referenced_baseline","1","player_specific_contract_candidate","heraldsun.com.au","true","false","43","term_length_language","bing-news-rss","signed_until","Thu, 12 Mar 2026 06:52:00 GMT","heraldsun.com.au","","","Wests Tigers move to re-sign rising NRL stars Heamasi Makasini, Samuela Fainu","https://www.heraldsun.com.au/sport/nrl/wests-tigers-move-to-resign-rising-nrl-stars-heamasi-makasini-samuela-fainu/news-story/0c7c88f8fddc5a0828d8f01ba1de9101","This masthead can reveal Tigers bosses are ready to open talks on twin five-year deals for Makasini and Fainu as the dynamic duo prepare for their season-opener against the Cowboys at Leichhardt Oval ..."
"wst","Wests Tigers","Sione Fainu","Prop","cross_referenced_baseline","","no_candidate_found","","","","","","","","","","","","","",""
"wst","Wests Tigers","Solomone Saukuru","Centre","derived_cap_residual_range","","no_candidate_found","","","","","","","","","","","","","",""
"wst","Wests Tigers","Starford To'a","Centre","backup_baseline","1","player_specific_contract_candidate","au.sports.yahoo.com","true","false","49","contract_or_salary_language|signing_language|term_length_language","bing-news-rss","team_contract","Sun, 21 Jun 2026 17:00:00 GMT","Yahoo Sport Australia","","","Wests Tigers release outside back from contract","https://au.sports.yahoo.com/wests-tigers-release-outside-back-063343057.html","Wests Tigers centre Starford To'a will join Manly on a two-year deal from 2027 after being granted an early release from the final two seasons of his contract with the joint-venture club. The ..."
"wst","Wests Tigers","Sunia Turuva","Winger","backup_baseline","1","player_specific_contract_candidate","foxsports.com.au","true","true","47","contract_or_salary_language","bing-news-rss","salary_contract|signed_until","Tue, 12 May 2026 06:26:00 GMT","Fox Sports","","","Sunia Turuva snubs PNG, makes big contract call as long-term deal locked in — NRL Daily","https://www.foxsports.com.au/nrl/nrl-premiership/nrl-2026-daily-sunia-turuva-signs-contract-extension-with-wests-tigers-magic-round-round-11/news-story/0fe1ccd09e6db64cff5d73c7066a0eab","WHAT'S GAMBLING REALLY COSTING YOU? Set a deposit limit. For Free and confidential support call 1800 858 858 or visit gamblinghelponline.org.au. Watch every game of every round of the Premiership ..."
"wst","Wests Tigers","Sunia Turuva","Winger","backup_baseline","2","player_specific_contract_candidate","smh.com.au","true","true","47","contract_or_salary_language","bing-news-rss","salary_contract|team_contract|signed_until","Tue, 12 May 2026 07:14:00 GMT","Sydney Morning Herald","","","'I love the Tigers': Why Sunia Turuva was never going to follow Luai to PNG","https://www.smh.com.au/sport/nrl/wests-tigers-re-sign-fourth-star-until-2030-jarome-luai-s-exit-20260512-p5zw17.html","Sunia Turuva never considered following good friend Jarome Luai to the PNG Chiefs – and did not hesitate when the Wests Tigers initiated negotiations about a possible contract extension several weeks ..."
"wst","Wests Tigers","Taylan May","Centre","backup_baseline","1","player_specific_contract_candidate","couriermail.com.au","true","true","47","term_language","bing-news-rss","signed_until","Thu, 30 Apr 2026 22:58:00 GMT","The Courier-Mail","","","Brothers Terrell and Taylan May to stay at Wests Tigers until end of 2030","https://www.couriermail.com.au/sport/nrl/brothers-terrell-and-taylan-may-to-stay-at-wests-tigers-until-end-of-2030/news-story/56be7aa54ebaa63c9591d173efe6c106","Wests Tigers brothers Terrell and Taylan May have sent a shudder through the NRL with a video posted moments before their big news dropped. The club announced the dual re-signing on Friday amid fears ..."
"wst","Wests Tigers","Taylan May","Centre","backup_baseline","2","player_specific_contract_candidate","goldcoastbulletin.com.au","true","false","43","term_language","bing-news-rss","salary_contract","Sat, 02 May 2026 10:47:00 GMT","Gold Coast Sun","","","Warriors move to re-sign Tanah Boyd, Wests Tigers extend Terrell and Taylan May deals","https://www.goldcoastbulletin.com.au/sport/nrl/wests-tigers-star-brothers-terrell-and-taylan-may-extend-deals-at-club/news-story/d7b883f352a51420a70b8c57777a7f6c","Boyd, who is contracted until the end of 2027 at the Warriors, but can negotiate with rival clubs starting November 1, is enjoying the most influential form of his career. This masthead can reveal the ..."
"wst","Wests Tigers","Taylan May","Centre","backup_baseline","3","player_specific_contract_candidate","cairnspost.com.au","true","false","43","term_language","bing-news-rss","team_contract","Sat, 02 May 2026 10:47:00 GMT","The Cairns Post","","","Warriors move to re-sign Tanah Boyd, Wests Tigers extend Terrell and Taylan May deals","https://www.cairnspost.com.au/sport/nrl/wests-tigers-star-brothers-terrell-and-taylan-may-extend-deals-at-club/news-story/d7b883f352a51420a70b8c57777a7f6c","Boyd, who is contracted until the end of 2027 at the Warriors, but can negotiate with rival clubs starting November 1, is enjoying the most influential form of his career. This masthead can reveal the ..."
"wst","Wests Tigers","Taylan May","Centre","backup_baseline","4","player_specific_contract_candidate","thechronicle.com.au","false","false","29","term_language","bing-news-rss","signed_until","Fri, 01 May 2026 08:18:00 GMT","The Toowoomba Chronicle","","","Brothers Terrell and Taylan May to stay at Wests Tigers until end of 2030","https://www.thechronicle.com.au/sport/nrl/brothers-terrell-and-taylan-may-to-stay-at-wests-tigers-until-end-of-2030/news-story/e0318e45f5e92ad215adc59aa1a1d831","The club announced the dual re-signing on Friday amid fears the pair may follow club captain Jarome Luai in signing for the NRL's newest franchise. Terrell – the club's reigning Kelly-Barnes medallist ..."
"wst","Wests Tigers","Terrell May","Prop","cross_referenced_baseline","1","player_specific_contract_candidate","7news.com.au","true","false","40","signing_language","bing-news-rss","team_contract","Sun, 17 Nov 2024 07:18:00 GMT","7NEWS Australia","","","Terrell May makes stunning decision to join Wests Tigers as NRL wooden spooners load up for 2025","https://7news.com.au/sport/rugby-league/terrell-may-makes-stunning-decision-to-join-wests-tigers-as-nrl-wooden-spooners-load-up-for-2025-c-16788946","Wests Tigers have won the race for Terrell May after the Sydney Roosters unexpectedly told the in-demand prop his services were no longer required. AAP understands May has verbally agreed to join the ..."
"wst","Wests Tigers","Terrell May","Prop","cross_referenced_baseline","2","player_specific_profile_candidate","theaustralian.com.au","true","true","39","","bing-news-rss","signed_until","Tue, 02 Jun 2026 05:40:00 GMT","The Australian","","","Terrell May reveals reasons behind quiet off-season which prompted rumours to reach boiling point","https://www.theaustralian.com.au/sport/nrl/terrell-may-reveals-reasons-behind-quiet-offseason-which-prompted-rumours-to-reach-boiling-point/news-story/094d21ba596878d21998c52bb308d3c2","May guarantees that couldn't be further from the truth. He went quiet on his popular social media accounts, was nowhere to be seen on the Tigers' feed, and speculation grew that there was trouble in ..."
"wst","Wests Tigers","Terrell May","Prop","cross_referenced_baseline","3","player_specific_profile_candidate","au.sports.yahoo.com","true","false","35","","bing-news-rss","team_contract","Mon, 01 Jun 2026 17:00:00 GMT","Yahoo Sport Australia","","","NRL denies Terrell May blacklist claims","https://au.sports.yahoo.com/nrl-denies-terrell-may-blacklist-231731389.html","The NRL has denied claims that Wests Tigers star prop Terrell May has been blacklisted from appearing on their social media channels. May appeared on former NRL star Josh Mansour's podcast, Unscripted ..."
"wst","Wests Tigers","Terrell May","Prop","cross_referenced_baseline","4","player_specific_profile_candidate","au.sports.yahoo.com","true","false","35","","bing-news-rss","team_contract","Sat, 30 May 2026 17:00:00 GMT","Yahoo Sport Australia","","","Terrell May reveals the reason behind failed Panther's reunion","https://au.sports.yahoo.com/terrell-may-reveals-reason-behind-222610426.html","Terrell May has revealed he came close to returning to Penrith before a meeting with Panthers CEO Matt Cameron convinced him to walk away from the club he once considered home. Speaking on Josh ..."
"wst","Wests Tigers","Tony Sukkar","2nd Row","derived_cap_residual_range","","no_candidate_found","","","","","","","","","","","","","",""
"wst","Wests Tigers","Tristan Hope","Hooker","derived_cap_residual_range","","no_candidate_found","","","","","","","","","","","","","",""
"wst","Wests Tigers","Faaletino Tavana","Fullback","derived_cap_residual_range","1","player_specific_contract_candidate","theaustralian.com.au","true","true","47","term_length_language","bing-news-rss","signed_until","Sat, 04 Apr 2026 17:00:00 GMT","The Australian","","","How new Wests Tigers winger Faaletino Tavana saved his NRL career from the brink","https://www.theaustralian.com.au/sport/nrl/how-new-wests-tigers-winger-faaletino-tavana-saved-his-nrl-career-from-the-brink/news-story/342f4c8b63bbc0e672d20d3b811bff38","The 21-year-old Faaletino Tavana has taken the NRL by storm, scoring one of the great tries in pre-season before playing a pivotal role in last week's 32-14 win over New Zealand. But before his ..."
"wst","Wests Tigers","William Craig","Winger","derived_cap_residual_range","","no_candidate_found","","","","","","","","","","","","","",""
