"teamId","teamName","player","position","chainStatus","currentEvidenceRole","currentEstimateType","currentAmountCents","currentContractYears","candidateCount","productionSalarySourceCount","productionContractSourceCount","salaryLeadCount","contractLeadCount","officialTermLeadCount","initialContractLeadCount","extensionLeadCount","salaryLeadUrls","officialTermUrls","initialContractUrls","extensionUrls","topCandidateUrls"
"bri","Brisbane Broncos","Reece Walsh","Fullback","ready_for_manual_salary_promotion_review","backup_baseline","reported_exact","150000000","2026|2027|2028|2029","4","0","1","1","3","1","0","1","https://7news.com.au/sport/rugby-league/reece-walsh-signs-monster-new-brisbane-broncos-contract-until-2029-c-16589716","https://www.nrl.com/news/2026/01/01/2026-nrl-signings-tracker-the-latest-from-all-17-clubs/","","https://7news.com.au/sport/rugby-league/broncos-superstar-reece-walsh-agrees-to-multi-million-dollar-contract-extension-c-16162034","https://7news.com.au/sport/rugby-league/reece-walsh-signs-monster-new-brisbane-broncos-contract-until-2029-c-16589716|https://www.zerotackle.com/players/reece-walsh/|https://7news.com.au/sport/rugby-league/broncos-superstar-reece-walsh-agrees-to-multi-million-dollar-contract-extension-c-16162034|https://www.theaustralian.com.au/sport/nrl/brisbane-broncos-stars-reveal-crisis-talks-in-team-pact-to-save-season/news-story/8b58639d0862c0f140b6903ba52e146a"
"bri","Brisbane Broncos","Grant Anderson","Winger","term_chain_no_salary_candidate","backup_baseline","reported_exact","27500000","2026","3","0","1","0","4","2","1","0","","https://www.nrl.com/news/2026/01/01/2026-nrl-signings-tracker-the-latest-from-all-17-clubs/|https://www.broncos.com.au/news/2026/04/16/barnett-signs-with-broncos-as-club-supports-anderson-release/","https://www.broncos.com.au/news/2026/04/16/barnett-signs-with-broncos-as-club-supports-anderson-release/","","https://www.broncos.com.au/news/2026/04/16/barnett-signs-with-broncos-as-club-supports-anderson-release/|https://www.zerotackle.com/players/grant-anderson/|https://www.rnz.co.nz/news/sport/592595/nrl-nz-warriors-sign-grant-anderson-in-brisbane-broncos-exchange-for-mitch-barnett"
"bri","Brisbane Broncos","Kotoni Staggs","Centre","term_chain_no_salary_candidate","backup_baseline","reported_exact","87500000","2026|2027|2028","4","0","1","0","3","1","1","0","","https://www.nrl.com/news/2026/01/01/2026-nrl-signings-tracker-the-latest-from-all-17-clubs/","https://www.geelongadvertiser.com.au/sport/nrl/saint-sinner-shoosh-kotoni-staggs-wants-to-join-broncos-exodus-paul-mcgregor-dragons-future/news-story/4da3d1f9dc35dac2b87987c04e98079e","","https://www.zerotackle.com/players/kotoni-staggs/|https://www.geelongadvertiser.com.au/sport/nrl/saint-sinner-shoosh-kotoni-staggs-wants-to-join-broncos-exodus-paul-mcgregor-dragons-future/news-story/4da3d1f9dc35dac2b87987c04e98079e|https://www.geelongadvertiser.com.au/sport/nrl/nrl-2021-jordan-riki-kotoni-staggs-headline-broncos-retention-priorities/news-story/d3a69e5f731b514c88b3917b80e3576f|https://www.themercury.com.au/sport/nrl/nrl-2021-jordan-riki-kotoni-staggs-headline-broncos-retention-priorities/news-story/d3a69e5f731b514c88b3917b80e3576f"
"bri","Brisbane Broncos","Gehamat Shibasaki","Centre","ready_for_manual_salary_promotion_review","backup_baseline","reported_exact","33000000","2026","9","0","1","1","4","1","0","1","https://au.sports.yahoo.com/perth-bears-table-1-million-025505590.html","https://www.nrl.com/news/2026/01/01/2026-nrl-signings-tracker-the-latest-from-all-17-clubs/","","https://au.sports.yahoo.com/shibasaki-future-broncos-uncertain-following-233648022.html","https://au.sports.yahoo.com/perth-bears-table-1-million-025505590.html|https://www.zerotackle.com/players/gehamat-shibasaki/|https://www.goldcoastbulletin.com.au/sport/nrl/gehamat-shibasaki-may-fall-victim-to-broncos-salary-cap-squeeze-after-latest-offer-falls-short/news-story/2d9a60be0cd66cc591fafd90e353d7a5|https://au.sports.yahoo.com/shibasaki-future-broncos-uncertain-following-233648022.html|https://www.thechronicle.com.au/sport/nrl/gehamat-shibasaki-may-fall-victim-to-broncos-salary-cap-squeeze-after-latest-offer-falls-short/news-story/2d9a60be0cd66cc591fafd90e353d7a5"
"bri","Brisbane Broncos","Deine Mariner","Winger","term_chain_no_salary_candidate","backup_baseline","reported_exact","35000000","2026|2027","1","0","1","0","2","1","0","0","","https://www.nrl.com/news/2026/01/01/2026-nrl-signings-tracker-the-latest-from-all-17-clubs/","","","https://www.zerotackle.com/players/deine-mariner/"
"bri","Brisbane Broncos","Ezra Mam","Five-Eighth","term_chain_no_salary_candidate","backup_baseline","reported_exact","87500000","2026|2027|2028|2029","2","0","1","0","2","1","0","0","","https://www.nrl.com/news/2026/01/01/2026-nrl-signings-tracker-the-latest-from-all-17-clubs/","","","https://www.zerotackle.com/players/ezra-mam/|https://www.geelongadvertiser.com.au/sport/nrl/tom-duffy-set-to-sign-twoyear-extension-with-the-broncos-as-he-auditions-for-permanent-starting-spot/news-story/2fc6588c46013e6ada7887aef730a11a"
"bri","Brisbane Broncos","Adam Reynolds","Halfback","ready_for_manual_salary_promotion_review","backup_baseline","reported_exact","47000000","2026","7","0","1","1","6","1","1","0","https://www.themercury.com.au/sport/nrl/inside-the-failed-15m-heist-plan-to-lure-adam-reynolds-to-the-tigers/news-story/214d10ad1c9222894ffca37e0225970a","https://www.nrl.com/news/2026/01/01/2026-nrl-signings-tracker-the-latest-from-all-17-clubs/","https://www.themercury.com.au/sport/nrl-2021-dday-arrives-for-rabbitohs-on-adam-reynolds-as-josh-mansour-sympathises-with-teammate/news-story/c0569c9ab30d7a566101f536114eda56","","https://www.themercury.com.au/sport/nrl/inside-the-failed-15m-heist-plan-to-lure-adam-reynolds-to-the-tigers/news-story/214d10ad1c9222894ffca37e0225970a|https://www.news.com.au/sport/nrl/adam-reynolds-confirms-hell-retire-in-double-blow-for-broncos-after-payne-haas-announces-defection-to-souths/news-story/76810f864d7f439569c7b49983b6be2a|https://www.zerotackle.com/players/adam-reynolds/|https://www.themercury.com.au/sport/nrl/nrl-2021-adam-reynolds-contract-rabbitohs-lead-calls-for-salary-cap-revamp/news-story/4ad2423dd5dda60c202351b0361c2d55|https://www.themercury.com.au/sport/nrl/broncos-announce-confirmation-of-adam-reynolds-contract/news-story/91bf6e1f719f64bb0f3f9728fcf4a2c1"
"bri","Brisbane Broncos","Corey Jensen","Prop","term_chain_no_salary_candidate","backup_baseline","reported_exact","31000000","2026|2027","6","0","1","0","2","1","0","0","","https://www.nrl.com/news/2026/01/01/2026-nrl-signings-tracker-the-latest-from-all-17-clubs/","","","https://www.zerotackle.com/players/corey-jensen/|https://www.msn.com/en-au/sport/other/ben-te-kura-leaves-brisbane-broncos-for-nfl-dream-as-corey-jensen-faces-uncertain-future/ar-AA271E2j|https://www.theaustralian.com.au/sport/nrl/broncos-star-corey-jenson-set-to-be-sidelined-for-another-six-months-with-blood-clots/news-story/0440f3f367b627b06cea4311096df3f2|https://www.theaustralian.com.au/sport/nrl/brisbane-broncos-prop-corey-jensen-is-fighting-for-his-nrl-future-following-blood-clots-saga/news-story/c5cdfb5d24a99f701110e4897d6ad1c3|https://www.goldcoastbulletin.com.au/sport/nrl/brisbane-broncos-prop-corey-jensen-is-fighting-for-his-nrl-future-following-blood-clots-saga/news-story/c5cdfb5d24a99f701110e4897d6ad1c3"
"bri","Brisbane Broncos","Ben Hunt","Hooker","ready_for_manual_salary_promotion_review","backup_baseline","reported_exact","46000000","2026|2027","16","0","1","2","10","2","1","4","https://www.couriermail.com.au/sport/nrl/brisbane-broncos-veteran-ben-hunt-to-accept-200k-pay-cut-to-remain-at-red-hill/news-story/271b9abf08346764743293d2bb398bb4|https://www.themercury.com.au/sport/nrl/brisbane-broncos-veteran-ben-hunt-to-accept-200k-pay-cut-to-remain-at-red-hill/news-story/271b9abf08346764743293d2bb398bb4","https://www.nrl.com/news/2026/01/01/2026-nrl-signings-tracker-the-latest-from-all-17-clubs/|https://www.broncos.com.au/news/2026/06/22/hunt-signs-on-through-2027/","https://www.cairnspost.com.au/sport/nrl/ben-hunt-brushes-off-retirement-pleas-from-nrl-greats-despite-brisbane-broncos-slump/news-story/0b707e4a6fc1118d7ceea4290fad1cb5","https://www.theaustralian.com.au/sport/nrl/ben-hunt-brushes-off-retirement-pleas-from-nrl-greats-despite-brisbane-broncos-slump/news-story/0b707e4a6fc1118d7ceea4290fad1cb5|https://au.news.yahoo.com/nrl-fans-divided-after-broncos-re-sign-veteran-and-linked-with-former-origin-player-from-rival-club-234604475.html|https://www.townsvillebulletin.com.au/sport/nrl/ben-hunt-wants-to-keep-playing-but-how-will-his-decision-affect-the-broncos-salary-cap-plans/news-story/b08fc8ff1fd5f0bed67e5653d02f1c7f","https://www.couriermail.com.au/sport/nrl/brisbane-broncos-veteran-ben-hunt-to-accept-200k-pay-cut-to-remain-at-red-hill/news-story/271b9abf08346764743293d2bb398bb4|https://www.themercury.com.au/sport/nrl/brisbane-broncos-veteran-ben-hunt-to-accept-200k-pay-cut-to-remain-at-red-hill/news-story/271b9abf08346764743293d2bb398bb4|https://www.broncos.com.au/news/2026/06/22/hunt-signs-on-through-2027/|https://www.theaustralian.com.au/sport/nrl/ben-hunt-brushes-off-retirement-pleas-from-nrl-greats-despite-brisbane-broncos-slump/news-story/0b707e4a6fc1118d7ceea4290fad1cb5|https://www.theaustralian.com.au/sport/nrl/ben-hunt-urged-to-retire-by-exbroncos-captain-amid-cap-crunch/news-story/3a9417335c0da94e31d1f2dfad86238b"
"bri","Brisbane Broncos","Payne Haas","Prop","term_chain_no_salary_candidate","backup_baseline","reported_exact","145000000","2026","11","0","1","0","5","1","1","0","","https://www.nrl.com/news/2026/01/01/2026-nrl-signings-tracker-the-latest-from-all-17-clubs/","https://7news.com.au/sport/rugby-league/nrl-rocked-as-payne-haas-sensationally-quits-brisbane-broncos-to-join-south-sydney-rabbitohs-c-21567233","","https://www.zerotackle.com/players/payne-haas/|https://7news.com.au/sport/rugby-league/nrl-rocked-as-payne-haas-sensationally-quits-brisbane-broncos-to-join-south-sydney-rabbitohs-c-21567233|https://www.adelaidenow.com.au/sport/nrl/broncos-star-payne-haas-demands-immediate-release-over-contract-saga/news-story/de694ec553e257b503875a6b5b1260f1|https://www.heraldsun.com.au/sport/nrl/nrl-youngsters-salaries-to-be-capped-to-limit-player-market-blowout-in-postcovid19-world/news-story/f7943d5671c9c0a27137cb368519c04d|https://www.news.com.au/sport/nrl/payne-haas-text-message-plot-revealed-broncos-rejected-midseason-poaching-bid/news-story/fcc7b2891001543be06960432bc12236"
"bri","Brisbane Broncos","Brendan Piakura","2nd Row","ready_for_manual_salary_promotion_review","backup_baseline","reported_exact","62000000","2026|2027","3","0","1","1","3","1","1","0","https://www.couriermail.com.au/sport/nrl/inside-the-moment-that-convinced-brendan-piakura-to-shun-bulldogs-milliondollar-move/news-story/611e2f875ddc5b054d662c5b302cd8ae","https://www.nrl.com/news/2026/01/01/2026-nrl-signings-tracker-the-latest-from-all-17-clubs/","https://www.townsvillebulletin.com.au/sport/nrl/nrl-2021-reece-walsh-signs-with-warriors-turns-his-back-on-broncos/news-story/a17c7372ce4dc04a74dd62ccb5b030e7","","https://www.couriermail.com.au/sport/nrl/inside-the-moment-that-convinced-brendan-piakura-to-shun-bulldogs-milliondollar-move/news-story/611e2f875ddc5b054d662c5b302cd8ae|https://www.zerotackle.com/players/brendan-piakura/|https://www.townsvillebulletin.com.au/sport/nrl/nrl-2021-reece-walsh-signs-with-warriors-turns-his-back-on-broncos/news-story/a17c7372ce4dc04a74dd62ccb5b030e7"
"bri","Brisbane Broncos","Jordan Riki","2nd Row","term_chain_no_salary_candidate","backup_baseline","reported_exact","74000000","2026|2027|2028","3","0","1","0","2","1","0","0","","https://www.nrl.com/news/2026/01/01/2026-nrl-signings-tracker-the-latest-from-all-17-clubs/","","","https://www.zerotackle.com/players/jordan-riki/|https://www.themercury.com.au/sport/nrl/nrl-2021-jordan-riki-kotoni-staggs-headline-broncos-retention-priorities/news-story/d3a69e5f731b514c88b3917b80e3576f|https://www.geelongadvertiser.com.au/sport/nrl/nrl-2021-jordan-riki-kotoni-staggs-headline-broncos-retention-priorities/news-story/d3a69e5f731b514c88b3917b80e3576f"
"bri","Brisbane Broncos","Patrick Carrigan","Lock","term_chain_no_salary_candidate","backup_baseline","reported_exact","110000000","2026|2027|2028","2","0","1","0","2","1","0","0","","https://www.nrl.com/news/2026/01/01/2026-nrl-signings-tracker-the-latest-from-all-17-clubs/","","","https://www.zerotackle.com/players/patrick-carrigan/|https://www.townsvillebulletin.com.au/sport/nrl/former-brisbane-broncos-captain-sam-thaiday-says-patrick-carrigan-should-become-the-next-skipper-of-the-nrl-club/news-story/5e262fcccd65327d7ff890da0d959eed"
"bri","Brisbane Broncos","Billy Walters","Interchange","term_chain_no_salary_candidate","backup_baseline","reported_exact","42500000","2026","1","0","1","0","2","1","0","0","","https://www.nrl.com/news/2026/01/01/2026-nrl-signings-tracker-the-latest-from-all-17-clubs/","","","https://www.zerotackle.com/players/billy-walters/"
"bri","Brisbane Broncos","Xavier Willison","Interchange","salary_candidate_needs_term_chain","backup_baseline","reported_exact","55000000","2026|2027","2","0","1","1","2","1","0","0","https://www.foxsports.com.au/nrl/nrl-premiership/intense-sevenclub-1m-race-developing-for-star-panther-as-club-faces-brutal-roster-reality/news-story/d63356512cc1a68ceac5d85acf94b03a","https://www.nrl.com/news/2026/01/01/2026-nrl-signings-tracker-the-latest-from-all-17-clubs/","","","https://www.foxsports.com.au/nrl/nrl-premiership/intense-sevenclub-1m-race-developing-for-star-panther-as-club-faces-brutal-roster-reality/news-story/d63356512cc1a68ceac5d85acf94b03a|https://www.zerotackle.com/players/xavier-willison/"
"bri","Brisbane Broncos","Jack Gosiewski","Interchange","term_chain_no_salary_candidate","backup_baseline","reported_exact","22000000","2026","1","0","1","0","2","1","0","0","","https://www.nrl.com/news/2026/01/01/2026-nrl-signings-tracker-the-latest-from-all-17-clubs/","","","https://www.zerotackle.com/players/jack-gosiewski/"
"bri","Brisbane Broncos","Aublix Tawha","Interchange","term_chain_no_salary_candidate","backup_baseline","reported_exact","18000000","2026|2027","1","0","1","0","2","1","0","0","","https://www.nrl.com/news/2026/01/01/2026-nrl-signings-tracker-the-latest-from-all-17-clubs/","","","https://www.zerotackle.com/players/aublix-tawha/"
"bri","Brisbane Broncos","Ben Talty","Unknown","term_chain_no_salary_candidate","derived_bucket_range","derived_range","","2026|2027","7","0","1","0","2","1","0","0","","https://www.nrl.com/news/2026/01/01/2026-nrl-signings-tracker-the-latest-from-all-17-clubs/","","","https://www.zerotackle.com/players/ben-talty/|https://www.racingandsports.com.au/news/sports/rugby-league/0001-01-01/big-ben-extends-time-at-broncos-dream-factory/700192|https://www.sportingnews.com/au/rugby-league/news/ben-talty-nrl-contract-extension-broncos/d4ca0098585af1844c6c81e6|https://raidercast.com.au/mid-season-broncos-arrival-with-plenty-of-impact-inks-new-nrl-contract/|https://www.centralwesterndaily.com.au/story/9068820/big-ben-extends-time-at-broncos-dream-factory/"
"bri","Brisbane Broncos","Blake Mozer","Unknown","term_chain_no_salary_candidate","derived_bucket_range","derived_range","","2026|2027","1","0","1","0","2","1","0","0","","https://www.nrl.com/news/2026/01/01/2026-nrl-signings-tracker-the-latest-from-all-17-clubs/","","","https://www.zerotackle.com/players/blake-mozer/"
"bri","Brisbane Broncos","Ben Te Kura","Unknown","salary_candidate_needs_term_chain","derived_bucket_range","derived_range","","2026","8","0","0","2","3","0","0","0","https://www.dailytelegraph.com.au/sport/broncos-giant-ben-te-kura-quits-nrl-to-chase-multimilliondollar-nfl-dream/news-story/6ed511b49e9e218d01a95be7885c961a|https://www.heraldsun.com.au/sport/broncos-giant-ben-te-kura-quits-nrl-to-chase-multimilliondollar-nfl-dream/news-story/6ed511b49e9e218d01a95be7885c961a","","","","https://www.dailytelegraph.com.au/sport/broncos-giant-ben-te-kura-quits-nrl-to-chase-multimilliondollar-nfl-dream/news-story/6ed511b49e9e218d01a95be7885c961a|https://www.heraldsun.com.au/sport/broncos-giant-ben-te-kura-quits-nrl-to-chase-multimilliondollar-nfl-dream/news-story/6ed511b49e9e218d01a95be7885c961a|https://www.dailytelegraph.com.au/sport/nrl/broncos-youngster-ben-te-kura-released-from-nrl-contract-to-chasenfl-dream/news-story/da3f72c4fe02281f73ae7cf2eb3a67f9|https://www.themercury.com.au/sport/nrl/broncos-youngster-ben-te-kura-released-from-nrl-contract-to-chasenfl-dream/news-story/da3f72c4fe02281f73ae7cf2eb3a67f9|https://www.cairnspost.com.au/sport/nrl/broncos-youngster-ben-te-kura-released-from-nrl-contract-to-chasenfl-dream/news-story/da3f72c4fe02281f73ae7cf2eb3a67f9"
"bri","Brisbane Broncos","Cory Paix","Unknown","term_chain_no_salary_candidate","derived_bucket_range","derived_range","","2026|2027|2028","4","0","1","0","5","1","1","2","","https://www.nrl.com/news/2026/01/01/2026-nrl-signings-tracker-the-latest-from-all-17-clubs/","https://www.goldcoastbulletin.com.au/sport/nrl/cory-paix-signs-twoyear-broncos-extension-amid-ongoing-battle-for-brisbane-no9-jersey/news-story/f1da6e82036f7a237442b85344a44a55","https://www.goldcoastbulletin.com.au/sport/nrl/cory-paix-signs-twoyear-broncos-extension-amid-ongoing-battle-for-brisbane-no9-jersey/news-story/f1da6e82036f7a237442b85344a44a55|https://www.townsvillebulletin.com.au/sport/nrl/cory-paix-signs-twoyear-broncos-extension-amid-ongoing-battle-for-brisbane-no9-jersey/news-story/f1da6e82036f7a237442b85344a44a55","https://www.couriermail.com.au/sport/nrl/cory-paix-signs-new-broncos-deal-leaving-rival-billy-walters-fighting-for-his-red-hill-future/news-story/7ff2b899c54f5b422af2c8eccb29f0af|https://www.zerotackle.com/players/cory-paix/|https://www.goldcoastbulletin.com.au/sport/nrl/cory-paix-signs-twoyear-broncos-extension-amid-ongoing-battle-for-brisbane-no9-jersey/news-story/f1da6e82036f7a237442b85344a44a55|https://www.townsvillebulletin.com.au/sport/nrl/cory-paix-signs-twoyear-broncos-extension-amid-ongoing-battle-for-brisbane-no9-jersey/news-story/f1da6e82036f7a237442b85344a44a55"
"bri","Brisbane Broncos","Delouise Hoeter","Unknown","term_chain_no_salary_candidate","derived_bucket_range","derived_range","","2026","1","0","1","0","2","1","0","0","","https://www.nrl.com/news/2026/01/01/2026-nrl-signings-tracker-the-latest-from-all-17-clubs/","","","https://www.zerotackle.com/players/delouise-hoeter/"
"bri","Brisbane Broncos","Hayze Perham","Unknown","term_chain_no_salary_candidate","derived_bucket_range","derived_range","","2026","1","0","1","0","2","1","0","0","","https://www.nrl.com/news/2026/01/01/2026-nrl-signings-tracker-the-latest-from-all-17-clubs/","","","https://www.zerotackle.com/players/hayze-perham/"
"bri","Brisbane Broncos","Jaiyden Hunt","Unknown","term_chain_no_salary_candidate","derived_bucket_range","derived_range","","2026","1","0","1","0","2","1","0","0","","https://www.nrl.com/news/2026/01/01/2026-nrl-signings-tracker-the-latest-from-all-17-clubs/","","","https://www.zerotackle.com/players/jaiyden-hunt/"
"bri","Brisbane Broncos","Jesse Arthars","Unknown","ready_for_manual_salary_promotion_review","derived_bucket_range","derived_range","","2026","10","0","1","1","8","1","2","4","https://www.dailytelegraph.com.au/sport/nrl/gold-coast-titans-withdraw-600k-offer-for-jesse-arthars-after-broncos-winger-missed-deadline/news-story/193e268e548cf57a65e3fd91a9fdaa20","https://www.nrl.com/news/2026/01/01/2026-nrl-signings-tracker-the-latest-from-all-17-clubs/","https://www.goldcoastbulletin.com.au/sport/nrl/nrl-transfer-system-code-set-to-review-transfer-window-draft-options/news-story/97107536b007ad764b8497eec8837fbd|https://au.sports.yahoo.com/broncos-winger-set-super-league-224837282.html","https://www.dailytelegraph.com.au/sport/nrl/jesse-arthars-to-leave-broncos-at-end-of-2026-season-amid-salary-cap-pressures/news-story/36664c6089176c5167538c6e9ebf24bd|https://www.goldcoastbulletin.com.au/sport/nrl/jesse-arthars-to-leave-broncos-at-end-of-2026-season-amid-salary-cap-pressures/news-story/36664c6089176c5167538c6e9ebf24bd|https://www.themercury.com.au/sport/nrl/jesse-arthars-to-leave-broncos-at-end-of-2026-season-amid-salary-cap-pressures/news-story/36664c6089176c5167538c6e9ebf24bd","https://www.dailytelegraph.com.au/sport/nrl/gold-coast-titans-withdraw-600k-offer-for-jesse-arthars-after-broncos-winger-missed-deadline/news-story/193e268e548cf57a65e3fd91a9fdaa20|https://www.dailytelegraph.com.au/sport/nrl/jesse-arthars-to-leave-broncos-at-end-of-2026-season-amid-salary-cap-pressures/news-story/36664c6089176c5167538c6e9ebf24bd|https://www.zerotackle.com/players/jesse-arthars/|https://www.goldcoastbulletin.com.au/sport/nrl/jesse-arthars-to-leave-broncos-at-end-of-2026-season-amid-salary-cap-pressures/news-story/36664c6089176c5167538c6e9ebf24bd|https://www.themercury.com.au/sport/nrl/jesse-arthars-to-leave-broncos-at-end-of-2026-season-amid-salary-cap-pressures/news-story/36664c6089176c5167538c6e9ebf24bd"
"bri","Brisbane Broncos","Josh Rogers","Unknown","term_chain_no_salary_candidate","derived_bucket_range","derived_range","","2026","1","0","1","0","2","1","0","0","","https://www.nrl.com/news/2026/01/01/2026-nrl-signings-tracker-the-latest-from-all-17-clubs/","","","https://www.zerotackle.com/players/josh-rogers/"
"bri","Brisbane Broncos","Josiah Karapani","Unknown","term_chain_no_salary_candidate","derived_bucket_range","derived_range","","2026|2027","5","0","1","0","2","1","0","0","","https://www.nrl.com/news/2026/01/01/2026-nrl-signings-tracker-the-latest-from-all-17-clubs/","","","https://www.zerotackle.com/players/josiah-karapani/|https://www.msn.com/en-au/news/australia/broncos-winger-josiah-karapani-stood-down-after-alleged-drink-driving-traffic-offences/ar-AA26LHGM|https://www.adelaidenow.com.au/sport/nrl/broncos-clash-with-queensland-rugby-league-over-ban-for-winger-josiah-karapani/news-story/bab80872a1aebf86d6c7c7d337b30fe6|https://www.weeklytimesnow.com.au/affiliates/kayo/brisbane-broncos-star-josiah-karapani-in-trouble-with-police-over-alleged-drink-driving/news-story/67837bdf4854e8032c6491aafdcb89d5|https://www.ntnews.com.au/sport/nrl/broncos-clash-with-queensland-rugby-league-over-ban-for-winger-josiah-karapani/news-story/bab80872a1aebf86d6c7c7d337b30fe6"
"bri","Brisbane Broncos","Tom Duffy","Unknown","term_chain_no_salary_candidate","derived_bucket_range","derived_range","","2026|2027|2028","10","0","1","0","7","1","0","4","","https://www.nrl.com/news/2026/01/01/2026-nrl-signings-tracker-the-latest-from-all-17-clubs/","","https://www.cairnspost.com.au/sport/nrl/tom-duffy-set-to-sign-twoyear-extension-with-the-broncos-as-he-auditions-for-permanent-starting-spot/news-story/2fc6588c46013e6ada7887aef730a11a|https://www.geelongadvertiser.com.au/sport/nrl/tom-duffy-set-to-sign-twoyear-extension-with-the-broncos-as-he-auditions-for-permanent-starting-spot/news-story/2fc6588c46013e6ada7887aef730a11a|https://www.adelaidenow.com.au/sport/nrl/tom-duffy-set-to-sign-twoyear-extension-with-the-broncos-as-he-auditions-for-permanent-starting-spot/news-story/2fc6588c46013e6ada7887aef730a11a","https://www.zerotackle.com/players/tom-duffy/|https://www.cairnspost.com.au/sport/nrl/tom-duffy-set-to-sign-twoyear-extension-with-the-broncos-as-he-auditions-for-permanent-starting-spot/news-story/2fc6588c46013e6ada7887aef730a11a|https://www.geelongadvertiser.com.au/sport/nrl/tom-duffy-set-to-sign-twoyear-extension-with-the-broncos-as-he-auditions-for-permanent-starting-spot/news-story/2fc6588c46013e6ada7887aef730a11a|https://www.adelaidenow.com.au/sport/nrl/tom-duffy-set-to-sign-twoyear-extension-with-the-broncos-as-he-auditions-for-permanent-starting-spot/news-story/2fc6588c46013e6ada7887aef730a11a|https://www.heraldsun.com.au/sport/nrl/broncos-rookie-tom-duffy-welcomes-halfback-duel-with-future-teammate-jonah-pezet/news-story/ac1ef03d45eb49e9f7bdef1de76c802b"
"can","Canberra Raiders","Kaeo Weekes","Fullback","term_chain_no_salary_candidate","backup_baseline","reported_exact","93000000","2026|2027|2028|2029","3","0","1","0","2","1","0","0","","https://www.nrl.com/news/2026/01/01/2026-nrl-signings-tracker-the-latest-from-all-17-clubs/","","","https://www.zerotackle.com/players/kaeo-weekes/|https://www.raiders.com.au/news/2024/09/24/kaeo-weekes-re-signs-with-the-raiders/|https://www.raiders.com.au/news/2023/10/25/kaeo-weekes-signs-with-the-raiders/"
"can","Canberra Raiders","Savelio Tamale","Winger","term_chain_no_salary_candidate","backup_baseline","reported_exact","42500000","2026","2","0","1","0","3","2","0","0","","https://www.nrl.com/news/2026/01/01/2026-nrl-signings-tracker-the-latest-from-all-17-clubs/|https://www.raiders.com.au/news/2025/07/01/raiders-re-sign-savelio-tamale/","","","https://www.raiders.com.au/news/2025/07/01/raiders-re-sign-savelio-tamale/|https://www.zerotackle.com/players/savelio-tamale/"
"can","Canberra Raiders","Matthew Timoko","Centre","term_chain_no_salary_candidate","backup_baseline","reported_exact","38000000","2026","1","0","1","0","2","1","0","0","","https://www.nrl.com/news/2026/01/01/2026-nrl-signings-tracker-the-latest-from-all-17-clubs/","","","https://www.zerotackle.com/players/matthew-timoko/"
"can","Canberra Raiders","Sebastian Kris","Centre","term_chain_no_salary_candidate","backup_baseline","reported_exact","48000000","2026|2027","2","0","1","0","2","1","0","0","","https://www.nrl.com/news/2026/01/01/2026-nrl-signings-tracker-the-latest-from-all-17-clubs/","","","https://www.zerotackle.com/players/sebastian-kris/|https://www.raiders.com.au/news/2021/06/29/raiders-re-sign-sebastian-kris-and-xavier-savage/"
"can","Canberra Raiders","Xavier Savage","Winger","term_chain_no_salary_candidate","backup_baseline","reported_exact","45000000","2026|2027","3","0","1","0","2","1","0","0","","https://www.nrl.com/news/2026/01/01/2026-nrl-signings-tracker-the-latest-from-all-17-clubs/","","","https://www.zerotackle.com/players/xavier-savage/|https://www.raiders.com.au/news/2022/08/18/xavier-savage-re-signs-with-the-raiders/|https://www.raiders.com.au/news/2021/06/29/raiders-re-sign-sebastian-kris-and-xavier-savage/"
"can","Canberra Raiders","Ethan Strange","Five-Eighth","term_chain_no_salary_candidate","backup_baseline","reported_exact","93000000","2026|2027|2028","2","0","1","0","2","1","0","0","","https://www.nrl.com/news/2026/01/01/2026-nrl-signings-tracker-the-latest-from-all-17-clubs/","","","https://www.zerotackle.com/players/ethan-strange/|https://www.raiders.com.au/news/2024/04/17/ethan-strange-remains-a-raider-until-end-of-2028/"
"can","Canberra Raiders","Ethan Sanders","Halfback","term_chain_no_salary_candidate","backup_baseline","reported_exact","34000000","2026|2027","2","0","1","0","2","1","0","0","","https://www.nrl.com/news/2026/01/01/2026-nrl-signings-tracker-the-latest-from-all-17-clubs/","","","https://www.zerotackle.com/players/ethan-sanders/|https://www.zerotackle.com/the-biggest-misconception-around-the-eels-rebuild-235478/"
"can","Canberra Raiders","Josh Papali'i","Prop","term_chain_no_salary_candidate","backup_baseline","reported_exact","56000000","2026","1","0","1","0","2","1","0","0","","https://www.nrl.com/news/2026/01/01/2026-nrl-signings-tracker-the-latest-from-all-17-clubs/","","","https://www.zerotackle.com/players/josh-papalii/"
"can","Canberra Raiders","Tom Starling","Hooker","term_chain_no_salary_candidate","backup_baseline","reported_exact","49000000","2026|2027","4","0","1","0","3","1","1","1","","https://www.nrl.com/news/2026/01/01/2026-nrl-signings-tracker-the-latest-from-all-17-clubs/","https://www.ntnews.com.au/sport/nrl/nrl-rising-hooker-tom-starling-primed-for-his-first-nrl-finals-series-with-canberra/news-story/78a1986b0a5e4a6ca096081620e6d61d","https://www.ntnews.com.au/sport/nrl/nrl-rising-hooker-tom-starling-primed-for-his-first-nrl-finals-series-with-canberra/news-story/78a1986b0a5e4a6ca096081620e6d61d","https://www.zerotackle.com/players/tom-starling/|https://www.ntnews.com.au/sport/nrl/nrl-rising-hooker-tom-starling-primed-for-his-first-nrl-finals-series-with-canberra/news-story/78a1986b0a5e4a6ca096081620e6d61d|https://www.raiders.com.au/news/2025/05/16/tom-starling-re-signs-with-the-raiders/|https://www.raiders.com.au/news/2023/08/22/raiders-re-sign-tom-starling-and-sign-simi-sasagi/"
"can","Canberra Raiders","Joseph Tapine","Prop","term_chain_no_salary_candidate","backup_baseline","reported_exact","105000000","2026|2027","2","0","1","0","3","1","0","0","","https://www.nrl.com/news/2026/01/01/2026-nrl-signings-tracker-the-latest-from-all-17-clubs/","","","https://www.zerotackle.com/players/joseph-tapine/|https://www.adelaidenow.com.au/sport/nrl/nrl-2016-newcastle-knights-release-joseph-tapine-after-signing-a-contract-with-canberra-raiders/news-story/521aeb39aeb5be58eb6108e6738a0a37"
"can","Canberra Raiders","Hudson Young","2nd Row","term_chain_no_salary_candidate","backup_baseline","reported_exact","98500000","2026|2027","4","0","1","0","3","1","0","1","","https://www.nrl.com/news/2026/01/01/2026-nrl-signings-tracker-the-latest-from-all-17-clubs/","","https://au.sports.yahoo.com/hudson-young-begin-negotiations-over-051454113.html","https://www.zerotackle.com/players/hudson-young/|https://au.sports.yahoo.com/hudson-young-begin-negotiations-over-051454113.html|https://www.raiders.com.au/news/2023/09/08/hudson-young-re-signs-with-the-raiders/|https://www.raiders.com.au/news/2021/03/11/hudson-young-re-signs-with-the-raiders/"
"can","Canberra Raiders","Noah Martin","2nd Row","term_chain_no_salary_candidate","backup_baseline","reported_exact","33000000","2026|2027|2028","1","0","1","0","2","1","0","0","","https://www.nrl.com/news/2026/01/01/2026-nrl-signings-tracker-the-latest-from-all-17-clubs/","","","https://www.zerotackle.com/players/noah-martin/"
"can","Canberra Raiders","Corey Horsburgh","Lock","term_chain_no_salary_candidate","backup_baseline","reported_exact","62000000","2026|2027","2","0","1","0","2","1","0","0","","https://www.nrl.com/news/2026/01/01/2026-nrl-signings-tracker-the-latest-from-all-17-clubs/","","","https://www.zerotackle.com/players/corey-horsburgh/|https://www.raiders.com.au/news/2023/09/20/corey-horsburgh-re-signs-with-the-raiders/"
"can","Canberra Raiders","Jayden Brailey","Interchange","term_chain_no_salary_candidate","backup_baseline","reported_exact","39000000","2026|2027","2","0","1","0","2","1","0","0","","https://www.nrl.com/news/2026/01/01/2026-nrl-signings-tracker-the-latest-from-all-17-clubs/","","","https://www.zerotackle.com/players/jayden-brailey/|https://www.raiders.com.au/news/2025/03/26/raiders-sign-jayden-brailey/"
"can","Canberra Raiders","Zac Hosking","Interchange","term_chain_no_salary_candidate","backup_baseline","reported_exact","41500000","2026|2027|2028","5","0","1","0","5","4","2","1","","https://www.nrl.com/news/2026/01/01/2026-nrl-signings-tracker-the-latest-from-all-17-clubs/|https://www.raiders.com.au/news/2025/08/20/simi-sasagi-re-signs-with-the-raiders/|https://www.raiders.com.au/news/2025/07/01/raiders-re-sign-savelio-tamale/","https://www.raiders.com.au/news/2025/08/20/simi-sasagi-re-signs-with-the-raiders/|https://www.raiders.com.au/news/2021/11/02/adam-elliott-signs-with-the-raiders/","https://www.raiders.com.au/news/2025/08/20/simi-sasagi-re-signs-with-the-raiders/","https://www.raiders.com.au/news/2025/08/20/simi-sasagi-re-signs-with-the-raiders/|https://www.raiders.com.au/news/2025/07/01/raiders-re-sign-savelio-tamale/|https://www.raiders.com.au/news/2021/11/02/adam-elliott-signs-with-the-raiders/|https://www.zerotackle.com/players/zac-hosking/|https://www.raiders.com.au/news/2025/07/17/raiders-re-sign-zac-hosking/"
"can","Canberra Raiders","Morgan Smithies","Interchange","term_chain_no_salary_candidate","backup_baseline","reported_exact","42000000","2026","2","0","1","0","2","1","0","0","","https://www.nrl.com/news/2026/01/01/2026-nrl-signings-tracker-the-latest-from-all-17-clubs/","","","https://www.zerotackle.com/players/morgan-smithies/|https://www.raiders.com.au/news/2023/10/31/morgan-smithies-signs-with-the-raiders/"
"can","Canberra Raiders","Simi Sasagi","Interchange","term_chain_no_salary_candidate","backup_baseline","reported_exact","41000000","2026|2027|2028","7","0","1","0","5","4","2","1","","https://www.nrl.com/news/2026/01/01/2026-nrl-signings-tracker-the-latest-from-all-17-clubs/|https://www.raiders.com.au/news/2025/08/20/simi-sasagi-re-signs-with-the-raiders/|https://www.raiders.com.au/news/2025/07/01/raiders-re-sign-savelio-tamale/","https://www.raiders.com.au/news/2025/08/20/simi-sasagi-re-signs-with-the-raiders/|https://www.raiders.com.au/news/2021/11/02/adam-elliott-signs-with-the-raiders/","https://www.raiders.com.au/news/2025/08/20/simi-sasagi-re-signs-with-the-raiders/","https://www.raiders.com.au/news/2025/08/20/simi-sasagi-re-signs-with-the-raiders/|https://www.raiders.com.au/news/2025/07/01/raiders-re-sign-savelio-tamale/|https://www.raiders.com.au/news/2021/11/02/adam-elliott-signs-with-the-raiders/|https://www.zerotackle.com/players/simi-sasagi/|https://www.raiders.com.au/news/2023/08/22/raiders-re-sign-tom-starling-and-sign-simi-sasagi/"
"can","Canberra Raiders","Ata Mariota","Unknown","term_chain_no_salary_candidate","derived_bucket_range","derived_range","","2026","1","0","1","0","2","1","0","0","","https://www.nrl.com/news/2026/01/01/2026-nrl-signings-tracker-the-latest-from-all-17-clubs/","","","https://www.zerotackle.com/players/ata-mariota/"
"can","Canberra Raiders","Chevy Stewart","Unknown","term_chain_no_salary_candidate","derived_bucket_range","derived_range","","2026","1","0","1","0","2","1","0","0","","https://www.nrl.com/news/2026/01/01/2026-nrl-signings-tracker-the-latest-from-all-17-clubs/","","","https://www.zerotackle.com/players/chevy-stewart/"
"can","Canberra Raiders","Coby Black","Unknown","term_chain_no_salary_candidate","derived_bucket_range","derived_range","","2026|2027|2028","2","0","1","0","3","1","0","0","","https://www.nrl.com/news/2026/01/01/2026-nrl-signings-tracker-the-latest-from-all-17-clubs/","","","https://www.zerotackle.com/players/coby-black/|https://www.goldcoastbulletin.com.au/sport/nrl/former-brisbane-broncos-prodigy-coby-black-speaks-about-controversial-exit-ahead-of-nrl-debut-for-canberra/news-story/459f0902bb148af120350943a0424b72"
"can","Canberra Raiders","Daine Laurie","Unknown","term_chain_no_salary_candidate","derived_bucket_range","derived_range","","2026|2027|2028","3","0","1","0","2","1","0","0","","https://www.nrl.com/news/2026/01/01/2026-nrl-signings-tracker-the-latest-from-all-17-clubs/","","","https://www.zerotackle.com/players/daine-laurie/|https://au.sports.yahoo.com/cause-daine-laurie-suspension-revealed-220941212.html|https://www.geelongadvertiser.com.au/sport/nrl/nrl-2021-wests-tigers-rookie-daine-laurie-reveals-the-incredible-story-of-his-name/news-story/8e1a9b0f85a00f5a84cf2d699cf87741"
"can","Canberra Raiders","Jake Clydesdale","Unknown","term_chain_no_salary_candidate","derived_bucket_range","derived_range","","2026","1","0","1","0","2","1","0","0","","https://www.nrl.com/news/2026/01/01/2026-nrl-signings-tracker-the-latest-from-all-17-clubs/","","","https://www.zerotackle.com/players/jake-clydsdale/"
"can","Canberra Raiders","Joe Roddy","Unknown","term_chain_no_salary_candidate","derived_bucket_range","derived_range","","2026|2027|2028|2029|2030","3","0","1","0","3","1","0","1","","https://www.nrl.com/news/2026/01/01/2026-nrl-signings-tracker-the-latest-from-all-17-clubs/","","https://au.sports.yahoo.com/raiders-extend-promising-pathways-talent-041228176.html","https://www.zerotackle.com/players/joe-roddy/|https://au.sports.yahoo.com/raiders-extend-promising-pathways-talent-041228176.html|https://www.raiders.com.au/news/2026/06/25/joe-roddy-extends-with-raiders-until-end-of-2030/"
"can","Canberra Raiders","Matty Nicholson","Unknown","term_chain_no_salary_candidate","derived_bucket_range","derived_range","","2026|2027","2","0","1","0","2","1","0","0","","https://www.nrl.com/news/2026/01/01/2026-nrl-signings-tracker-the-latest-from-all-17-clubs/","","","https://www.zerotackle.com/players/matty-nicholson/|https://www.raiders.com.au/news/2024/07/12/raiders-sign-matty-nicholson/"
"can","Canberra Raiders","Michael Asomua","Unknown","term_chain_no_salary_candidate","derived_bucket_range","derived_range","","2026","1","0","1","0","2","1","0","0","","https://www.nrl.com/news/2026/01/01/2026-nrl-signings-tracker-the-latest-from-all-17-clubs/","","","https://www.zerotackle.com/players/michael-asomua/"
"can","Canberra Raiders","Myles Martin","Unknown","term_chain_no_salary_candidate","derived_bucket_range","derived_range","","2026|2027","1","0","1","0","2","1","0","0","","https://www.nrl.com/news/2026/01/01/2026-nrl-signings-tracker-the-latest-from-all-17-clubs/","","","https://www.zerotackle.com/players/myles-martin/"
"can","Canberra Raiders","Owen Pattie","Unknown","term_chain_no_salary_candidate","derived_bucket_range","derived_range","","2026|2027|2028","1","0","1","0","2","1","0","0","","https://www.nrl.com/news/2026/01/01/2026-nrl-signings-tracker-the-latest-from-all-17-clubs/","","","https://www.zerotackle.com/players/owen-pattie/"
"can","Canberra Raiders","Sione Finau","Unknown","term_chain_no_salary_candidate","derived_bucket_range","derived_range","","2026|2027|2028","1","0","1","0","2","1","0","0","","https://www.nrl.com/news/2026/01/01/2026-nrl-signings-tracker-the-latest-from-all-17-clubs/","","","https://www.zerotackle.com/players/sione-finau/"
"can","Canberra Raiders","Vena Patuki-Case","Unknown","term_chain_no_salary_candidate","derived_bucket_range","derived_range","","2026","1","0","1","0","2","1","0","0","","https://www.nrl.com/news/2026/01/01/2026-nrl-signings-tracker-the-latest-from-all-17-clubs/","","","https://www.zerotackle.com/players/vena-patuki-case/"
"cby","Canterbury-Bankstown Bulldogs","Connor Tracey","Fullback","term_chain_no_salary_candidate","backup_baseline","reported_exact","45000000","2026|2027|2028","2","0","1","0","2","1","0","0","","https://www.nrl.com/news/2026/01/01/2026-nrl-signings-tracker-the-latest-from-all-17-clubs/","","","https://www.zerotackle.com/players/connor-tracey/|https://www.bulldogs.com.au/news/2023/11/28/canterbury-confirms-connor-tracey-signing/"
"cby","Canterbury-Bankstown Bulldogs","Jacob Kiraz","Winger","term_chain_no_salary_candidate","backup_baseline","reported_exact","60000000","2026|2027|2028","3","0","1","0","2","1","0","0","","https://www.nrl.com/news/2026/01/01/2026-nrl-signings-tracker-the-latest-from-all-17-clubs/","","","https://www.zerotackle.com/players/jacob-kiraz/|https://www.bulldogs.com.au/news/2023/10/20/jacob-kiraz-commits-to-the-bulldogs-through-2027/|https://www.couriermail.com.au/sport/nrl/supercoach-news/nrl-late-mail-round-14-bulldogs-star-jacob-kiraz-in-doubt-with-mystery-injury/news-story/b38bfa55f7a4e6cfbcb3d287dfab457e"
"cby","Canterbury-Bankstown Bulldogs","Bronson Xerri","Centre","ready_for_manual_salary_promotion_review","backup_baseline","reported_exact","40000000","2026","13","0","1","1","9","1","3","1","https://www.theaustralian.com.au/sport/nrl/panthers-face-fight-to-keep-moses-leota-amid-1m-offers-from-rival-clubs/news-story/a045139211659d185b490cb11f8c5055","https://www.nrl.com/news/2026/01/01/2026-nrl-signings-tracker-the-latest-from-all-17-clubs/","https://au.sports.yahoo.com/bronson-xerri-bulldogs-departure-official-230624395.html|https://au.sports.yahoo.com/bronson-xerri-set-call-nrl-032444855.html|https://www.adelaidenow.com.au/sport/nrl/panthers-face-fight-to-keep-moses-leota-amid-1m-offers-from-rival-clubs/news-story/a045139211659d185b490cb11f8c5055","https://www.adelaidenow.com.au/sport/nrl/panthers-face-fight-to-keep-moses-leota-amid-1m-offers-from-rival-clubs/news-story/a045139211659d185b490cb11f8c5055","https://www.theaustralian.com.au/sport/nrl/panthers-face-fight-to-keep-moses-leota-amid-1m-offers-from-rival-clubs/news-story/a045139211659d185b490cb11f8c5055|https://www.theaustralian.com.au/sport/nrl/bulldogs-coach-cameron-ciraldo-reacts-to-bronson-xerri-after-shock-axing/news-story/1444748c1c5d0248cf13047a15de880a|https://www.couriermail.com.au/sport/nrl/bronson-xerri-set-to-leave-bulldogs-after-another-shock-demotion/news-story/de38df873c392ed9dd76b32d345917b4|https://www.smh.com.au/sport/nrl/bronson-xerri-hits-open-market-early-as-rivals-push-for-pre-june-30-move-20260624-p609mt.html|https://www.zerotackle.com/players/bronson-xerri/"
"cby","Canterbury-Bankstown Bulldogs","Stephen Crichton","Centre","ready_for_manual_salary_promotion_review","backup_baseline","reported_exact","110000000","2026|2027|2028|2029|2030|2031","5","0","1","1","3","2","0","1","https://www.themercury.com.au/sport/nrl/stephen-crichton-set-to-resign-with-panthers-on-15m-deal/news-story/3ad49d1d3ad263294d543a5560230776","https://www.nrl.com/news/2026/01/01/2026-nrl-signings-tracker-the-latest-from-all-17-clubs/|https://www.bulldogs.com.au/news/2025/10/02/skip-commits-crichton-signs-long-term-contract-extension/","","https://www.bulldogs.com.au/news/2025/10/02/skip-commits-crichton-signs-long-term-contract-extension/","https://www.adelaidenow.com.au/sport/nrl/stephen-crichtons-contract-standoff-costs-penrith-a-pretty-penny/news-story/c9aced98ad5f9dbf107ff5d2d25c4469|https://www.themercury.com.au/sport/nrl/stephen-crichton-set-to-resign-with-panthers-on-15m-deal/news-story/3ad49d1d3ad263294d543a5560230776|https://www.bulldogs.com.au/news/2025/10/02/skip-commits-crichton-signs-long-term-contract-extension/|https://www.zerotackle.com/players/stephen-crichton/|https://www.themercury.com.au/sport/nrl/panthers-star-stephen-crichton-to-sign-new-contract-with-penrith/news-story/358449eecc133b25c89fcf7844c9e59d"
"cby","Canterbury-Bankstown Bulldogs","Marcelo Montoya","Winger","term_chain_no_salary_candidate","backup_baseline","reported_exact","25000000","2026","4","0","1","0","2","1","0","0","","https://www.nrl.com/news/2026/01/01/2026-nrl-signings-tracker-the-latest-from-all-17-clubs/","","","https://www.zerotackle.com/players/marcelo-montoya/|https://www.couriermail.com.au/sport/nrl/canterbury-bulldogs-winger-marcelo-montoya-announces-nrl-retirement/news-story/1f158635f08a8bc48e83016270be3054|https://www.dailytelegraph.com.au/sport/nrl/canterbury-bulldogs-winger-marcelo-montoya-announces-nrl-retirement/news-story/1f158635f08a8bc48e83016270be3054|https://www.geelongadvertiser.com.au/sport/nrl/canterbury-bulldogs-winger-marcelo-montoya-announces-nrl-retirement/news-story/1f158635f08a8bc48e83016270be3054"
"cby","Canterbury-Bankstown Bulldogs","Matt Burton","Five-Eighth","term_chain_no_salary_candidate","backup_baseline","reported_exact","85000000","2026|2027","2","0","1","0","2","1","0","0","","https://www.nrl.com/news/2026/01/01/2026-nrl-signings-tracker-the-latest-from-all-17-clubs/","","","https://www.zerotackle.com/players/matt-burton/|https://au.sports.yahoo.com/nrl-sanction-perth-bears-fine-014107443.html"
"cby","Canterbury-Bankstown Bulldogs","Lachlan Galvin","Halfback","ready_for_manual_salary_promotion_review","backup_baseline","reported_exact","70000000","2026|2027|2028","5","0","1","2","3","1","1","0","https://www.townsvillebulletin.com.au/sport/nrl/lachlan-galvin-rejects-contract-extension-from-wests-tigers-ready-to-head-to-open-market-on-november-1/news-story/edbef7c99e2065ec87a23cdc7f292649?using_ew=false&using_ew_noesi=false|https://7news.com.au/sport/rugby-league/lachlan-galvin-nears-wests-tigers-exit-as-2m-sacrifice-emerges-in-offers-from-eels-and-bulldogs-c-18790860","https://www.nrl.com/news/2026/01/01/2026-nrl-signings-tracker-the-latest-from-all-17-clubs/","https://www.theaustralian.com.au/sport/nrl/lachlan-galvin-called-into-nsw-blues-camp-ahead-of-the-state-of-origin-decider/news-story/b34bb1bba2ab116e6a9187f09059c8a3","","https://www.townsvillebulletin.com.au/sport/nrl/lachlan-galvin-rejects-contract-extension-from-wests-tigers-ready-to-head-to-open-market-on-november-1/news-story/edbef7c99e2065ec87a23cdc7f292649?using_ew=false&using_ew_noesi=false|https://7news.com.au/sport/rugby-league/lachlan-galvin-nears-wests-tigers-exit-as-2m-sacrifice-emerges-in-offers-from-eels-and-bulldogs-c-18790860|https://www.theaustralian.com.au/sport/nrl/lachlan-galvin-called-into-nsw-blues-camp-ahead-of-the-state-of-origin-decider/news-story/b34bb1bba2ab116e6a9187f09059c8a3|https://www.zerotackle.com/players/lachlan-galvin/|https://www.bulldogs.com.au/news/2025/05/30/bulldogs-confirm-signing-of-lachlan-galvin/"
"cby","Canterbury-Bankstown Bulldogs","Max King","Prop","term_chain_no_salary_candidate","backup_baseline","reported_exact","45000000","2026|2027","1","0","1","0","2","1","0","0","","https://www.nrl.com/news/2026/01/01/2026-nrl-signings-tracker-the-latest-from-all-17-clubs/","","","https://www.zerotackle.com/players/max-king/"
"cby","Canterbury-Bankstown Bulldogs","Bailey Hayward","Hooker","term_chain_no_salary_candidate","backup_baseline","reported_exact","42500000","2026|2027|2028","1","0","1","0","2","1","0","0","","https://www.nrl.com/news/2026/01/01/2026-nrl-signings-tracker-the-latest-from-all-17-clubs/","","","https://www.zerotackle.com/players/bailey-hayward/"
"cby","Canterbury-Bankstown Bulldogs","Leo Thompson","Prop","term_chain_no_salary_candidate","backup_baseline","reported_exact","87500000","2026|2027|2028|2029","2","0","1","0","2","1","0","0","","https://www.nrl.com/news/2026/01/01/2026-nrl-signings-tracker-the-latest-from-all-17-clubs/","","","https://www.zerotackle.com/players/leo-thompson/|https://www.bulldogs.com.au/news/2025/01/03/bulldogs-sign-leo-thompson-for-2026/"
"cby","Canterbury-Bankstown Bulldogs","Viliame Kikau","2nd Row","term_chain_no_salary_candidate","backup_baseline","reported_exact","90000000","2026|2027|2028","2","0","1","0","3","1","0","0","","https://www.nrl.com/news/2026/01/01/2026-nrl-signings-tracker-the-latest-from-all-17-clubs/","","","https://www.zerotackle.com/players/viliame-kikau/|https://www.cairnspost.com.au/sport/nrl/penrith-resign-viliame-kikau-on-a-new-deal-until-the-end-of-2022/news-story/1476ef8ba4360a568f54b28991913ded"
"cby","Canterbury-Bankstown Bulldogs","Jacob Preston","2nd Row","term_chain_no_salary_candidate","backup_baseline","reported_exact","85000000","2026|2027","6","0","1","0","5","1","0","0","","https://www.nrl.com/news/2026/01/01/2026-nrl-signings-tracker-the-latest-from-all-17-clubs/","","","https://www.couriermail.com.au/sport/nrl/jacob-preston-set-to-hit-free-agency-as-bulldogs-contract-negotiations-stall/news-story/7a3b6d99bf57d322ae1996ae63d8caf9|https://www.zerotackle.com/players/jacob-preston/|https://www.heraldsun.com.au/sport/nrl/jacob-preston-set-to-hit-free-agency-as-bulldogs-contract-negotiations-stall/news-story/7a3b6d99bf57d322ae1996ae63d8caf9|https://au.sports.yahoo.com/bulldogs-risk-losing-star-forward-061902937.html|https://www.thechronicle.com.au/sport/nrl/jacob-preston-set-to-hit-free-agency-as-bulldogs-contract-negotiations-stall/news-story/7a3b6d99bf57d322ae1996ae63d8caf9"
"cby","Canterbury-Bankstown Bulldogs","Jaeman Salmon","Lock","term_chain_no_salary_candidate","backup_baseline","reported_exact","35500000","2026|2027","2","0","1","0","3","2","0","0","","https://www.nrl.com/news/2026/01/01/2026-nrl-signings-tracker-the-latest-from-all-17-clubs/|https://www.bulldogs.com.au/news/2025/04/08/salmon-signs-on/","","","https://www.bulldogs.com.au/news/2025/04/08/salmon-signs-on/|https://www.zerotackle.com/players/jaeman-salmon/"
"cby","Canterbury-Bankstown Bulldogs","Kurt Mann","Interchange","term_chain_no_salary_candidate","backup_baseline","reported_exact","37500000","2026","1","0","1","0","2","1","0","0","","https://www.nrl.com/news/2026/01/01/2026-nrl-signings-tracker-the-latest-from-all-17-clubs/","","","https://www.zerotackle.com/players/kurt-mann/"
"cby","Canterbury-Bankstown Bulldogs","Sitili Tupouniua","Interchange","term_chain_no_salary_candidate","backup_baseline","reported_exact","70000000","2026|2027|2028","1","0","1","0","2","1","0","0","","https://www.nrl.com/news/2026/01/01/2026-nrl-signings-tracker-the-latest-from-all-17-clubs/","","","https://www.zerotackle.com/players/sitili-tupouniua/"
"cby","Canterbury-Bankstown Bulldogs","Josh Curran","Interchange","term_chain_no_salary_candidate","backup_baseline","reported_exact","42500000","2026","3","0","1","0","3","2","0","0","","https://www.nrl.com/news/2026/01/01/2026-nrl-signings-tracker-the-latest-from-all-17-clubs/|https://www.bulldogs.com.au/news/2023/10/26/a-curran-affair-canterbury-confirm-a-2024-move/","","","https://www.bulldogs.com.au/news/2023/10/26/a-curran-affair-canterbury-confirm-a-2024-move/|https://www.zerotackle.com/players/josh-curran/|https://www.bulldogs.com.au/news/2024/10/02/josh-curran-extends-as-a-bulldog/"
"cby","Canterbury-Bankstown Bulldogs","Samuel Hughes","Interchange","term_chain_no_salary_candidate","backup_baseline","reported_exact","31500000","2026","1","0","1","0","2","1","0","0","","https://www.nrl.com/news/2026/01/01/2026-nrl-signings-tracker-the-latest-from-all-17-clubs/","","","https://www.zerotackle.com/players/samuel-hughes/"
"cby","Canterbury-Bankstown Bulldogs","Daniel Suluka-Fifita","Unknown","term_chain_no_salary_candidate","derived_bucket_range","derived_range","","2026","2","0","0","0","2","0","1","0","","","https://www.zerotackle.com/players/daniel-suluka-fifita/","","https://www.zerotackle.com/players/daniel-suluka-fifita/|https://au.sports.yahoo.com/st-helens-bring-prop-suluka-095218294.html"
"cby","Canterbury-Bankstown Bulldogs","Enari Tuala","Unknown","term_chain_no_salary_candidate","derived_bucket_range","derived_range","","2026|2027|2028","3","0","1","0","3","1","0","1","","https://www.nrl.com/news/2026/01/01/2026-nrl-signings-tracker-the-latest-from-all-17-clubs/","","https://www.couriermail.com.au/sport/nrl/knights-star-dylan-lucas-inks-three-year-extension-to-stay-in-newcastle-until-the-end-of-2030/news-story/4fb4e103934c19d8e684dc816af82799","https://www.couriermail.com.au/sport/nrl/knights-star-dylan-lucas-inks-three-year-extension-to-stay-in-newcastle-until-the-end-of-2030/news-story/4fb4e103934c19d8e684dc816af82799|https://www.zerotackle.com/players/enari-tuala/|https://www.bulldogs.com.au/news/2024/11/12/enari-tuala-joins-bulldogs/"
"cby","Canterbury-Bankstown Bulldogs","Finau Latu","Unknown","term_chain_no_salary_candidate","derived_bucket_range","derived_range","","2026|2027|2028","1","0","1","0","2","1","0","0","","https://www.nrl.com/news/2026/01/01/2026-nrl-signings-tracker-the-latest-from-all-17-clubs/","","","https://www.zerotackle.com/players/finau-latu/"
"cby","Canterbury-Bankstown Bulldogs","Harry Hayes","Unknown","term_chain_no_salary_candidate","derived_bucket_range","derived_range","","2026|2027|2028|2029","1","0","1","0","2","1","0","0","","https://www.nrl.com/news/2026/01/01/2026-nrl-signings-tracker-the-latest-from-all-17-clubs/","","","https://www.zerotackle.com/players/harry-hayes/"
"cby","Canterbury-Bankstown Bulldogs","Jack Todd","Unknown","term_chain_no_salary_candidate","derived_bucket_range","derived_range","","2026","1","0","1","0","2","1","0","0","","https://www.nrl.com/news/2026/01/01/2026-nrl-signings-tracker-the-latest-from-all-17-clubs/","","","https://www.zerotackle.com/players/jack-todd/"
"cby","Canterbury-Bankstown Bulldogs","Jake Turpin","Unknown","term_chain_no_salary_candidate","derived_bucket_range","derived_range","","2026","4","0","1","0","4","1","0","0","","https://www.nrl.com/news/2026/01/01/2026-nrl-signings-tracker-the-latest-from-all-17-clubs/","","","https://www.zerotackle.com/players/jake-turpin/|https://www.ntnews.com.au/sport/nrl/broncos-rookie-jake-turpin-wants-to-prove-himself-an-nrl-quality-player/news-story/292f7d648374a80f8763a55703ab0f31|https://www.adelaidenow.com.au/sport/nrl/jake-turpins-good-form-key-to-securing-brisbane-broncos-contract/news-story/5f23f0a075ad02c93ca6ba1052644779|https://www.goldcoastbulletin.com.au/sport/broncos-must-fend-off-nrl-rivals-interest-in-rookie-jake-turpin/news-story/d952e58c08a775c04c7486dabf31779c"
"cby","Canterbury-Bankstown Bulldogs","Jonathan Sua","Unknown","term_chain_no_salary_candidate","derived_bucket_range","derived_range","","2026","1","0","1","0","2","1","0","0","","https://www.nrl.com/news/2026/01/01/2026-nrl-signings-tracker-the-latest-from-all-17-clubs/","","","https://www.zerotackle.com/players/jonathan-sua/"
"cby","Canterbury-Bankstown Bulldogs","Kade Dykes","Unknown","term_chain_no_salary_candidate","derived_bucket_range","derived_range","","2026","1","0","1","0","2","1","0","0","","https://www.nrl.com/news/2026/01/01/2026-nrl-signings-tracker-the-latest-from-all-17-clubs/","","","https://www.zerotackle.com/players/kade-dykes/"
"cby","Canterbury-Bankstown Bulldogs","Lipoi Hopoi","Unknown","term_chain_no_salary_candidate","derived_bucket_range","derived_range","","2026","1","0","1","0","2","1","0","0","","https://www.nrl.com/news/2026/01/01/2026-nrl-signings-tracker-the-latest-from-all-17-clubs/","","","https://www.zerotackle.com/players/lipoi-hopoi/"
"cby","Canterbury-Bankstown Bulldogs","Mitchell Woods","Unknown","term_chain_no_salary_candidate","derived_bucket_range","derived_range","","2026|2027","1","0","1","0","2","1","0","0","","https://www.nrl.com/news/2026/01/01/2026-nrl-signings-tracker-the-latest-from-all-17-clubs/","","","https://www.zerotackle.com/players/mitchell-woods/"
"cby","Canterbury-Bankstown Bulldogs","Patrick Young","Unknown","term_chain_no_salary_candidate","derived_bucket_range","derived_range","","2026","1","0","1","0","2","1","1","0","","https://www.nrl.com/news/2026/01/01/2026-nrl-signings-tracker-the-latest-from-all-17-clubs/","https://www.zerotackle.com/players/patrick-young/","","https://www.zerotackle.com/players/patrick-young/"
"cby","Canterbury-Bankstown Bulldogs","Sean O'Sullivan","Unknown","term_chain_no_salary_candidate","derived_bucket_range","derived_range","","2026","1","0","1","0","2","1","0","0","","https://www.nrl.com/news/2026/01/01/2026-nrl-signings-tracker-the-latest-from-all-17-clubs/","","","https://www.zerotackle.com/players/sean-osullivan/"
"cby","Canterbury-Bankstown Bulldogs","Zyon Maiu’u","Unknown","term_chain_no_salary_candidate","derived_bucket_range","derived_range","","2026","1","0","1","0","2","1","0","0","","https://www.nrl.com/news/2026/01/01/2026-nrl-signings-tracker-the-latest-from-all-17-clubs/","","","https://www.zerotackle.com/players/zyon-maiuu/"
"cro","Cronulla-Sutherland Sharks","Will Kennedy","Fullback","term_chain_no_salary_candidate","backup_baseline","reported_exact","45000000","2026|2027","2","0","1","0","3","2","0","1","","https://www.nrl.com/news/2026/01/01/2026-nrl-signings-tracker-the-latest-from-all-17-clubs/|https://www.sharks.com.au/news/2026/06/04/will-signs-on-for-2027/","","https://www.couriermail.com.au/sport/nrl/knights-star-dylan-lucas-inks-three-year-extension-to-stay-in-newcastle-until-the-end-of-2030/news-story/4fb4e103934c19d8e684dc816af82799","https://www.sharks.com.au/news/2026/06/04/will-signs-on-for-2027/|https://www.couriermail.com.au/sport/nrl/knights-star-dylan-lucas-inks-three-year-extension-to-stay-in-newcastle-until-the-end-of-2030/news-story/4fb4e103934c19d8e684dc816af82799"
"cro","Cronulla-Sutherland Sharks","Sione Katoa","Winger","term_chain_no_salary_candidate","backup_baseline","reported_exact","45000000","2026","2","0","1","0","3","2","0","0","","https://www.nrl.com/news/2026/01/01/2026-nrl-signings-tracker-the-latest-from-all-17-clubs/|https://www.sharks.com.au/news/2026/03/26/sharks-reel-in-trout-as-englishman-signs-two-year-deal/","","","https://www.sharks.com.au/news/2026/03/26/sharks-reel-in-trout-as-englishman-signs-two-year-deal/|https://www.zerotackle.com/players/sione-katoa/"
"cro","Cronulla-Sutherland Sharks","Jesse Ramien","Centre","term_chain_no_salary_candidate","backup_baseline","reported_exact","55000000","2026","3","0","1","0","3","2","0","0","","https://www.nrl.com/news/2026/01/01/2026-nrl-signings-tracker-the-latest-from-all-17-clubs/|https://www.sharks.com.au/news/2026/03/26/sharks-reel-in-trout-as-englishman-signs-two-year-deal/","","","https://www.sharks.com.au/news/2026/03/26/sharks-reel-in-trout-as-englishman-signs-two-year-deal/|https://www.zerotackle.com/players/jesse-ramien/|https://www.espn.com.au/nrl/story/_/id/48879506/nrl-cronulla-sharks-duo-sione-katoa-jesse-ramien-sign-cowboys"
"cro","Cronulla-Sutherland Sharks","KL Iro","Centre","term_chain_no_salary_candidate","backup_baseline","reported_exact","50000000","2026|2027|2028|2029","2","0","1","0","3","2","1","0","","https://www.nrl.com/news/2026/01/01/2026-nrl-signings-tracker-the-latest-from-all-17-clubs/|https://www.sharks.com.au/news/2026/03/26/sharks-reel-in-trout-as-englishman-signs-two-year-deal/","https://www.dailytelegraph.com.au/sport/nrl/supercoach-nrl-is-alex-twal-really-a-sell-kl-iro-benched-round-14-teams/audio/0d0cbc92784ce8849ae92f0624ec36fa","","https://www.sharks.com.au/news/2026/03/26/sharks-reel-in-trout-as-englishman-signs-two-year-deal/|https://www.dailytelegraph.com.au/sport/nrl/supercoach-nrl-is-alex-twal-really-a-sell-kl-iro-benched-round-14-teams/audio/0d0cbc92784ce8849ae92f0624ec36fa"
"cro","Cronulla-Sutherland Sharks","Ronaldo Mulitalo","Winger","term_chain_no_salary_candidate","backup_baseline","reported_exact","60000000","2026|2027|2028","1","0","1","0","2","1","0","0","","https://www.nrl.com/news/2026/01/01/2026-nrl-signings-tracker-the-latest-from-all-17-clubs/","","","https://www.zerotackle.com/players/ronaldo-mulitalo/"
"cro","Cronulla-Sutherland Sharks","Braydon Trindall","Five-Eighth","term_chain_no_salary_candidate","backup_baseline","reported_exact","75000000","2026|2027|2028","2","0","1","0","2","1","0","0","","https://www.nrl.com/news/2026/01/01/2026-nrl-signings-tracker-the-latest-from-all-17-clubs/","","","https://www.zerotackle.com/players/braydon-trindall/|https://www.msn.com/en-au/sport/cricket/bald-truth-is-numbers-show-shark-sits-among-nrls-elite/ar-AA266cXx"
"cro","Cronulla-Sutherland Sharks","Nicho Hynes","Halfback","term_chain_no_salary_candidate","backup_baseline","reported_exact","85000000","2026|2027|2028|2029","1","0","1","0","2","1","0","0","","https://www.nrl.com/news/2026/01/01/2026-nrl-signings-tracker-the-latest-from-all-17-clubs/","","","https://www.zerotackle.com/players/nicho-hynes/"
"cro","Cronulla-Sutherland Sharks","Addin Fonua-Blake","Prop","term_chain_no_salary_candidate","backup_baseline","reported_exact","110000000","2026|2027|2028","2","0","1","0","2","1","0","0","","https://www.nrl.com/news/2026/01/01/2026-nrl-signings-tracker-the-latest-from-all-17-clubs/","","","https://www.zerotackle.com/players/addin-fonua-blake/|https://www.ntnews.com.au/sport/manly-star-forwards-jake-trbojevic-and-addin-fonuablake-to-miss-start-of-next-season/news-story/b4342f5c36cf0b768274209fcd34f6de"
"cro","Cronulla-Sutherland Sharks","Blayke Brailey","Hooker","term_chain_no_salary_candidate","backup_baseline","reported_exact","100000000","2026|2027|2028|2029|2030","2","0","1","0","2","1","0","0","","https://www.nrl.com/news/2026/01/01/2026-nrl-signings-tracker-the-latest-from-all-17-clubs/","","","https://www.zerotackle.com/players/blayke-brailey/|https://www.dailytelegraph.com.au/sport/nrl/supercoach-news/nrl-late-mail-round-16-tony-sukkar-out-to-cement-spot-as-kai-pearcepaul-out-longterm/news-story/fd01c7a3b67db7f285e2683191dce3e0"
"cro","Cronulla-Sutherland Sharks","Tom Hazleton","Prop","term_chain_no_salary_candidate","backup_baseline","reported_exact","47500000","2026|2027|2028","1","0","1","0","2","1","0","0","","https://www.nrl.com/news/2026/01/01/2026-nrl-signings-tracker-the-latest-from-all-17-clubs/","","","https://www.zerotackle.com/players/thomas-hazelton/"
"cro","Cronulla-Sutherland Sharks","Briton Nikora","2nd Row","term_chain_no_salary_candidate","backup_baseline","reported_exact","85000000","2026|2027","1","0","1","0","2","1","0","0","","https://www.nrl.com/news/2026/01/01/2026-nrl-signings-tracker-the-latest-from-all-17-clubs/","","","https://www.zerotackle.com/players/briton-nikora/"
"cro","Cronulla-Sutherland Sharks","Teig Wilton","2nd Row","term_chain_no_salary_candidate","backup_baseline","reported_exact","65000000","2026|2027","1","0","1","0","2","1","0","0","","https://www.nrl.com/news/2026/01/01/2026-nrl-signings-tracker-the-latest-from-all-17-clubs/","","","https://www.zerotackle.com/players/teig-wilton/"
"cro","Cronulla-Sutherland Sharks","Cameron McInnes","Lock","term_chain_no_salary_candidate","backup_baseline","reported_exact","45000000","2026","8","0","1","0","7","1","3","0","","https://www.nrl.com/news/2026/01/01/2026-nrl-signings-tracker-the-latest-from-all-17-clubs/","https://www.dailytelegraph.com.au/sport/nrl/cameron-mcinnes-to-leave-cronulla-sharks-after-2026-season-and-join-york-knights-in-super-league/news-story/cb26b80a5a0cc10cf80effd95bd4f1f1|https://www.ntnews.com.au/sport/nrl/cameron-mcinnes-to-leave-cronulla-sharks-after-2026-season-and-join-york-knights-in-super-league/news-story/cb26b80a5a0cc10cf80effd95bd4f1f1|https://www.heraldsun.com.au/sport/nrl/cameron-mcinnes-to-leave-cronulla-sharks-after-2026-season-and-join-york-knights-in-super-league/news-story/cb26b80a5a0cc10cf80effd95bd4f1f1","","https://www.dailytelegraph.com.au/sport/nrl/cameron-mcinnes-to-leave-cronulla-sharks-after-2026-season-and-join-york-knights-in-super-league/news-story/cb26b80a5a0cc10cf80effd95bd4f1f1|https://www.smh.com.au/sport/nrl/bears-table-two-year-deal-for-nsw-origin-representative-20260507-p5zumi.html|https://www.zerotackle.com/players/cameron-mcinnes/|https://www.ntnews.com.au/sport/nrl/cameron-mcinnes-to-leave-cronulla-sharks-after-2026-season-and-join-york-knights-in-super-league/news-story/cb26b80a5a0cc10cf80effd95bd4f1f1|https://www.heraldsun.com.au/sport/nrl/cameron-mcinnes-to-leave-cronulla-sharks-after-2026-season-and-join-york-knights-in-super-league/news-story/cb26b80a5a0cc10cf80effd95bd4f1f1"
"cro","Cronulla-Sutherland Sharks","Billy Burns","Interchange","term_chain_no_salary_candidate","backup_baseline","reported_exact","35000000","2026|2027|2028","1","0","1","0","2","1","0","0","","https://www.nrl.com/news/2026/01/01/2026-nrl-signings-tracker-the-latest-from-all-17-clubs/","","","https://www.zerotackle.com/players/billy-burns/"
"cro","Cronulla-Sutherland Sharks","Jesse Colquhoun","Interchange","term_chain_no_salary_candidate","backup_baseline","reported_exact","45000000","2026|2027|2028|2029|2030","2","0","1","0","3","2","0","1","","https://www.nrl.com/news/2026/01/01/2026-nrl-signings-tracker-the-latest-from-all-17-clubs/|https://www.nrl.com/news/2026/03/04/stay-a-one-club-player-loyal-colquhoun-vows-to-deliver-for-sharks/","","https://www.nrl.com/news/2026/03/04/stay-a-one-club-player-loyal-colquhoun-vows-to-deliver-for-sharks/","https://www.nrl.com/news/2026/03/04/stay-a-one-club-player-loyal-colquhoun-vows-to-deliver-for-sharks/|https://www.zerotackle.com/players/jesse-colquhoun/"
"cro","Cronulla-Sutherland Sharks","Sifa Talakai","Interchange","term_chain_no_salary_candidate","backup_baseline","reported_exact","45000000","2026","1","0","1","0","2","1","0","0","","https://www.nrl.com/news/2026/01/01/2026-nrl-signings-tracker-the-latest-from-all-17-clubs/","","","https://www.zerotackle.com/players/siosifa-talakai/"
"cro","Cronulla-Sutherland Sharks","Toby Rudolf","Interchange","term_chain_no_salary_candidate","backup_baseline","reported_exact","47500000","2026","1","0","1","0","2","1","0","0","","https://www.nrl.com/news/2026/01/01/2026-nrl-signings-tracker-the-latest-from-all-17-clubs/","","","https://www.zerotackle.com/players/toby-rudolf/"
"cro","Cronulla-Sutherland Sharks","Braden Uele","Unknown","term_chain_no_salary_candidate","derived_bucket_range","derived_range","","2026","1","0","1","0","2","1","0","0","","https://www.nrl.com/news/2026/01/01/2026-nrl-signings-tracker-the-latest-from-all-17-clubs/","","","https://www.zerotackle.com/players/braden-hamlin-uele/"
"cro","Cronulla-Sutherland Sharks","Hohepa Puru","Unknown","term_chain_no_salary_candidate","derived_bucket_range","derived_range","","2026","1","0","1","0","2","1","0","0","","https://www.nrl.com/news/2026/01/01/2026-nrl-signings-tracker-the-latest-from-all-17-clubs/","","","https://www.zerotackle.com/players/hohepa-puru/"
"cro","Cronulla-Sutherland Sharks","Jayden Berrell","Unknown","term_chain_no_salary_candidate","derived_bucket_range","derived_range","","2026","1","0","1","0","2","1","0","0","","https://www.nrl.com/news/2026/01/01/2026-nrl-signings-tracker-the-latest-from-all-17-clubs/","","","https://www.zerotackle.com/players/jayden-berrell/"
"cro","Cronulla-Sutherland Sharks","Liam Ison","Unknown","term_chain_no_salary_candidate","derived_bucket_range","derived_range","","2026|2027","2","0","1","0","3","1","0","0","","https://www.nrl.com/news/2026/01/01/2026-nrl-signings-tracker-the-latest-from-all-17-clubs/","","","https://www.zerotackle.com/players/liam-ison/|https://au.sports.yahoo.com/sign-send-verdicts-five-off-004228342.html"
"cro","Cronulla-Sutherland Sharks","Mawene Hiroti","Unknown","term_chain_no_salary_candidate","derived_bucket_range","derived_range","","2026","1","0","1","0","2","1","0","0","","https://www.nrl.com/news/2026/01/01/2026-nrl-signings-tracker-the-latest-from-all-17-clubs/","","","https://www.zerotackle.com/players/mawene-hiroti/"
"cro","Cronulla-Sutherland Sharks","Niwhai Puru","Unknown","term_chain_no_salary_candidate","derived_bucket_range","derived_range","","2026","1","0","1","0","2","1","0","0","","https://www.nrl.com/news/2026/01/01/2026-nrl-signings-tracker-the-latest-from-all-17-clubs/","","","https://www.zerotackle.com/players/niwhai-puru/"
"cro","Cronulla-Sutherland Sharks","Oregon Kaufusi","Unknown","term_chain_no_salary_candidate","derived_bucket_range","derived_range","","2026|2027","1","0","1","0","2","1","0","0","","https://www.nrl.com/news/2026/01/01/2026-nrl-signings-tracker-the-latest-from-all-17-clubs/","","","https://www.zerotackle.com/players/oregon-kaufusi/"
"cro","Cronulla-Sutherland Sharks","Riley Jones","Unknown","term_chain_no_salary_candidate","derived_bucket_range","derived_range","","2026","1","0","1","0","2","1","0","0","","https://www.nrl.com/news/2026/01/01/2026-nrl-signings-tracker-the-latest-from-all-17-clubs/","","","https://www.zerotackle.com/players/riley-jones/"
"cro","Cronulla-Sutherland Sharks","Sam Stonestreet","Unknown","term_chain_no_salary_candidate","derived_bucket_range","derived_range","","2026|2027|2028|2029","1","0","1","0","2","1","0","1","","https://www.nrl.com/news/2026/01/01/2026-nrl-signings-tracker-the-latest-from-all-17-clubs/","","https://www.goldcoastbulletin.com.au/sport/nrl/jesse-arthars-to-leave-broncos-at-end-of-2026-season-amid-salary-cap-pressures/news-story/36664c6089176c5167538c6e9ebf24bd","https://www.goldcoastbulletin.com.au/sport/nrl/jesse-arthars-to-leave-broncos-at-end-of-2026-season-amid-salary-cap-pressures/news-story/36664c6089176c5167538c6e9ebf24bd"
"cro","Cronulla-Sutherland Sharks","Thomas Dellow","Unknown","term_chain_no_salary_candidate","derived_bucket_range","derived_range","","2026|2027","1","0","1","0","2","1","0","0","","https://www.nrl.com/news/2026/01/01/2026-nrl-signings-tracker-the-latest-from-all-17-clubs/","","","https://www.zerotackle.com/players/thomas-dellow/"
"cro","Cronulla-Sutherland Sharks","Tuku Hau Tapuha","Unknown","term_chain_no_salary_candidate","derived_bucket_range","derived_range","","2026","1","0","1","0","2","1","1","1","","https://www.nrl.com/news/2026/01/01/2026-nrl-signings-tracker-the-latest-from-all-17-clubs/","https://www.zerotackle.com/players/tuku-hau-tapuha/","https://www.zerotackle.com/players/tuku-hau-tapuha/","https://www.zerotackle.com/players/tuku-hau-tapuha/"
"dol","Dolphins","Hamiso Tabuai-Fidow","Fullback","term_chain_no_salary_candidate","backup_baseline","reported_exact","110000000","2026|2027","4","0","1","0","2","1","0","0","","https://www.nrl.com/news/2026/01/01/2026-nrl-signings-tracker-the-latest-from-all-17-clubs/","","","https://www.zerotackle.com/players/hamiso-tabuai-fidow/|https://www.abc.net.au/news/2025-09-08/hamiso-tabuai-fidow-to-miss-rugby-league-test-matches/105750248|https://www.abc.net.au/news/2025-09-07/nrl-live-blog-dolphins-vs-raiders-eels-vs-knights/105745290|https://www.msn.com/en-au/sport/rugby/two-maroons-guns-back-up-for-dolphins-in-shark-hunt/ar-AA27CeNn"
"dol","Dolphins","Jamayne Isaako","Winger","term_chain_no_salary_candidate","backup_baseline","reported_exact","30000000","2026","5","0","1","0","4","1","2","0","","https://www.nrl.com/news/2026/01/01/2026-nrl-signings-tracker-the-latest-from-all-17-clubs/","https://www.theaustralian.com.au/sport/nrl/dolphins-flyer-jamayne-isaako-signs-twoyear-deal-with-melbourne-storm/news-story/888f838b248b206ab666944e2b58b40d|https://au.sports.yahoo.com/jamayne-isaako-drops-bombshell-dolphins-030132151.html","","https://www.theaustralian.com.au/sport/nrl/dolphins-flyer-jamayne-isaako-signs-twoyear-deal-with-melbourne-storm/news-story/888f838b248b206ab666944e2b58b40d|https://www.zerotackle.com/players/jamayne-isaako/|https://au.sports.yahoo.com/jamayne-isaako-drops-bombshell-dolphins-030132151.html|https://www.illawarramercury.com.au/story/9115557/love-to-stay-isaako-wants-new-dolphins-deal-done/|https://www.canberratimes.com.au/story/9115557/love-to-stay-isaako-wants-new-dolphins-deal-done/"
"dol","Dolphins","Selwyn Cobbo","Centre","term_chain_no_salary_candidate","backup_baseline","reported_exact","47500000","2026|2027","6","0","1","0","5","1","2","2","","https://www.nrl.com/news/2026/01/01/2026-nrl-signings-tracker-the-latest-from-all-17-clubs/","https://www.themercury.com.au/sport/nrl/selwyn-cobbow-rejects-nrl-rivals-to-resign-with-dolphins-on-fresh-one-year-extension/news-story/33b89a228df4d38ecac7c6cd0989b4f3|https://au.news.yahoo.com/blow-for-brisbane-broncos-fans-after-outside-back-inks-nrl-deal-with-dolphins-for-2027-213251307.html","https://www.couriermail.com.au/sport/nrl/selwyn-cobbow-rejects-nrl-rivals-to-resign-with-dolphins-on-fresh-one-year-extension/news-story/33b89a228df4d38ecac7c6cd0989b4f3|https://www.themercury.com.au/sport/nrl/selwyn-cobbow-rejects-nrl-rivals-to-resign-with-dolphins-on-fresh-one-year-extension/news-story/33b89a228df4d38ecac7c6cd0989b4f3","https://www.couriermail.com.au/sport/nrl/selwyn-cobbow-rejects-nrl-rivals-to-resign-with-dolphins-on-fresh-one-year-extension/news-story/33b89a228df4d38ecac7c6cd0989b4f3|https://www.zerotackle.com/players/selwyn-cobbo/|https://www.themercury.com.au/sport/nrl/selwyn-cobbow-rejects-nrl-rivals-to-resign-with-dolphins-on-fresh-one-year-extension/news-story/33b89a228df4d38ecac7c6cd0989b4f3|https://au.news.yahoo.com/blow-for-brisbane-broncos-fans-after-outside-back-inks-nrl-deal-with-dolphins-for-2027-213251307.html|https://www.thechronicle.com.au/sport/nrl/selwyn-cobbow-rejects-nrl-rivals-to-resign-with-dolphins-on-fresh-one-year-extension/news-story/33b89a228df4d38ecac7c6cd0989b4f3"
"dol","Dolphins","Herbie Farnworth","Centre","ready_for_manual_salary_promotion_review","backup_baseline","reported_exact","93000000","2026|2027","9","0","1","3","6","1","0","1","https://www.news.com.au/sport/nrl/dolphins-star-herbie-farnworth-being-circled-by-nrl-powerhouse/news-story/dd116401a460bcb7a24bf81d061041a0|https://www.townsvillebulletin.com.au/sport/nrl/dolphins-star-herbie-farnworth-being-circled-by-nrl-powerhouse/news-story/dd116401a460bcb7a24bf81d061041a0|https://www.goldcoastbulletin.com.au/sport/nrl/kangaroos-launch-bid-for-payne-haas-to-defect-from-samoa-ahead-of-world-cup/news-story/0ff5db1fe64e5d6e36f16715efc2f7c2","https://www.nrl.com/news/2026/01/01/2026-nrl-signings-tracker-the-latest-from-all-17-clubs/","","https://au.sports.yahoo.com/farnworth-takes-shot-broncos-talks-060040871.html","https://www.news.com.au/sport/nrl/dolphins-star-herbie-farnworth-being-circled-by-nrl-powerhouse/news-story/dd116401a460bcb7a24bf81d061041a0|https://www.townsvillebulletin.com.au/sport/nrl/dolphins-star-herbie-farnworth-being-circled-by-nrl-powerhouse/news-story/dd116401a460bcb7a24bf81d061041a0|https://www.goldcoastbulletin.com.au/sport/nrl/kangaroos-launch-bid-for-payne-haas-to-defect-from-samoa-ahead-of-world-cup/news-story/0ff5db1fe64e5d6e36f16715efc2f7c2|https://www.zerotackle.com/players/herbie-farnworth/|https://au.sports.yahoo.com/dolphins-facing-uphill-battle-retain-024939288.html"
"dol","Dolphins","Jack Bostock","Winger","term_chain_no_salary_candidate","backup_baseline","reported_exact","31000000","2026|2027","1","0","1","0","2","1","0","0","","https://www.nrl.com/news/2026/01/01/2026-nrl-signings-tracker-the-latest-from-all-17-clubs/","","","https://www.zerotackle.com/players/jack-bostock/"
"dol","Dolphins","Kodi Nikorima","Five-Eighth","term_chain_no_salary_candidate","backup_baseline","reported_exact","42000000","2026","7","0","1","0","5","1","2","3","","https://www.nrl.com/news/2026/01/01/2026-nrl-signings-tracker-the-latest-from-all-17-clubs/","https://au.sports.yahoo.com/know-soon-nikorima-provides-contract-071028051.html|https://au.sports.yahoo.com/dolphins-extension-looming-whilst-another-233428652.html","https://www.dailytelegraph.com.au/sport/nrl/nrl-kodi-nikorima-recommits-to-new-zealand-warriors/news-story/87f0e46ed56dfdb03f57b698cafcd54c|https://au.sports.yahoo.com/know-soon-nikorima-provides-contract-071028051.html|https://au.sports.yahoo.com/dolphins-extension-looming-whilst-another-233428652.html","https://www.dailytelegraph.com.au/sport/nrl/nrl-kodi-nikorima-recommits-to-new-zealand-warriors/news-story/87f0e46ed56dfdb03f57b698cafcd54c|https://www.zerotackle.com/players/kodi-nikorima/|https://au.sports.yahoo.com/know-soon-nikorima-provides-contract-071028051.html|https://au.sports.yahoo.com/dolphins-extension-looming-whilst-another-233428652.html|https://www.msn.com/en-au/sport/nhl/rabbitohs-plan-to-make-a-play-for-dolphins-veteran-half/ar-AA27IiPX"
"dol","Dolphins","Isaiya Katoa","Halfback","term_chain_no_salary_candidate","backup_baseline","reported_exact","125000000","2026|2027|2028","2","0","1","0","2","1","0","0","","https://www.nrl.com/news/2026/01/01/2026-nrl-signings-tracker-the-latest-from-all-17-clubs/","","","https://www.zerotackle.com/players/isaiya-katoa/|https://www.couriermail.com.au/sport/nrl/isaiya-katoa-reveals-how-reece-walshs-broncos-title-heroics-have-inspired-him-to-deliver-a-dolphins-premiership/news-story/5ddca05af838bc8ff1ccb9e6653cebcb"
"dol","Dolphins","Daniel Saifiti","Prop","term_chain_no_salary_candidate","backup_baseline","reported_exact","65000000","2026","2","0","1","0","2","1","0","0","","https://www.nrl.com/news/2026/01/01/2026-nrl-signings-tracker-the-latest-from-all-17-clubs/","","","https://www.zerotackle.com/players/daniel-saifiti/|https://www.abc.net.au/news/2026-05-04/saifiti-medically-retires-due-to-shoulder-issue/106638868"
"dol","Dolphins","Jeremy Marshall-King","Hooker","term_chain_no_salary_candidate","backup_baseline","reported_exact","51000000","2026|2027|2028","1","0","1","0","2","1","0","0","","https://www.nrl.com/news/2026/01/01/2026-nrl-signings-tracker-the-latest-from-all-17-clubs/","","","https://www.zerotackle.com/players/jeremy-marshall-king/"
"dol","Dolphins","Thomas Flegler","Prop","term_chain_no_salary_candidate","backup_baseline","reported_exact","66000000","2026|2027","1","0","1","0","2","1","0","0","","https://www.nrl.com/news/2026/01/01/2026-nrl-signings-tracker-the-latest-from-all-17-clubs/","","","https://www.zerotackle.com/players/thomas-flegler/"
"dol","Dolphins","Felise Kaufusi","2nd Row","term_chain_no_salary_candidate","backup_baseline","reported_exact","33000000","2026|2027","3","0","1","0","2","1","0","0","","https://www.nrl.com/news/2026/01/01/2026-nrl-signings-tracker-the-latest-from-all-17-clubs/","","","https://www.zerotackle.com/players/felise-kaufusi/|https://www.brisbanetimes.com.au/sport/nrl/standout-2025-dolphin-who-needed-two-needles-a-game-among-players-facing-nrl-exile-20260129-p5nxz6.html|https://www.portnews.com.au/story/8130463/dolphins-kaufusi-storms-hughes-cop-nrl-bans/whats-on/"
"dol","Dolphins","Kulikefu Finefeuiaki","2nd Row","term_chain_no_salary_candidate","backup_baseline","reported_exact","46000000","2026|2027","1","0","1","0","2","1","0","0","","https://www.nrl.com/news/2026/01/01/2026-nrl-signings-tracker-the-latest-from-all-17-clubs/","","","https://www.zerotackle.com/players/kulikefu-finefeuiaki/"
"dol","Dolphins","Tom Gilbert","Lock","term_chain_no_salary_candidate","backup_baseline","reported_exact","62000000","2026|2027|2028","2","0","1","0","3","1","0","0","","https://www.nrl.com/news/2026/01/01/2026-nrl-signings-tracker-the-latest-from-all-17-clubs/","","","https://www.zerotackle.com/players/tom-gilbert/|https://www.geelongadvertiser.com.au/sport/nrl/nrl-transfer-news-dolphins-sign-tom-gilbert-from-cowboys-on-threeyear-deal/news-story/cd80cf9df7c937bfd7052a527b9e2492"
"dol","Dolphins","Kurt Donoghoe","Interchange","term_chain_no_salary_candidate","backup_baseline","reported_exact","31000000","2026|2027|2028","3","0","1","0","2","1","0","0","","https://www.nrl.com/news/2026/01/01/2026-nrl-signings-tracker-the-latest-from-all-17-clubs/","","","https://www.zerotackle.com/players/kurt-donoghoe/|https://www.illawarramercury.com.au/story/9167785/donoghoe-has-nose-for-nsw-after-dolphins-extension/|https://www.goldcoastbulletin.com.au/sport/nrl/dolphins-kurt-donoghoe-mounting-a-case-to-be-considered-the-toughest-player-in-the-nrl/news-story/5b9a5e23b79853c2e684111b2240e37c"
"dol","Dolphins","Connelly Lemuelu","Interchange","term_chain_no_salary_candidate","backup_baseline","reported_exact","32000000","2026|2027","2","0","1","0","2","1","0","0","","https://www.nrl.com/news/2026/01/01/2026-nrl-signings-tracker-the-latest-from-all-17-clubs/","","","https://www.zerotackle.com/players/connelly-lemuelu/|https://www.brisbanetimes.com.au/sport/nrl/breakout-star-kept-out-of-bears-clutches-as-cobbo-clue-revealed-20251216-p5no14.html"
"dol","Dolphins","Max Plath","Interchange","term_chain_no_salary_candidate","backup_baseline","reported_exact","45000000","2026|2027|2028","1","0","1","0","2","1","0","0","","https://www.nrl.com/news/2026/01/01/2026-nrl-signings-tracker-the-latest-from-all-17-clubs/","","","https://www.zerotackle.com/players/max-plath/"
"dol","Dolphins","Morgan Knowles","Interchange","term_chain_no_salary_candidate","backup_baseline","reported_exact","42000000","2026|2027","1","0","1","0","2","1","0","0","","https://www.nrl.com/news/2026/01/01/2026-nrl-signings-tracker-the-latest-from-all-17-clubs/","","","https://www.zerotackle.com/players/morgan-knowles/"
"dol","Dolphins","Jake Averillo","Unknown","term_chain_no_salary_candidate","derived_bucket_range","derived_range","","2026","4","0","1","0","2","1","0","0","","https://www.nrl.com/news/2026/01/01/2026-nrl-signings-tracker-the-latest-from-all-17-clubs/","","","https://www.adelaidenow.com.au/sport/nrl/las-vegas-confidential-inside-the-bulldogs-20000-las-vegas-night-matt-lodge-mystery-solved/news-story/cdad3cf6c2dbaad42960fe4b84a4187a|https://www.zerotackle.com/players/jake-averillo/|https://au.news.yahoo.com/wests-tigers-continue-signing-spree-as-nrl-club-inks-deal-with-replacement-for-jarome-luai-234639107.html|https://au.news.yahoo.com/wests-tigers-sign-jarome-luai-replacement-as-knights-ink-deal-with-state-of-origin-player-061024582.html"
"dol","Dolphins","Brad Schneider","Unknown","term_chain_no_salary_candidate","derived_bucket_range","derived_range","","2026","2","0","1","0","2","1","0","0","","https://www.nrl.com/news/2026/01/01/2026-nrl-signings-tracker-the-latest-from-all-17-clubs/","","","https://www.zerotackle.com/players/brad-schneider/|https://www.townsvillebulletin.com.au/sport/nrl/market-watch-dolphins-sign-2024-premiership-winner-brad-schneider/news-story/fe1c6772a6306cd4897946cfd89fbfb7"
"dol","Dolphins","Brian Pouniu","Unknown","term_chain_no_salary_candidate","derived_bucket_range","derived_range","","2026","1","0","1","0","2","1","0","0","","https://www.nrl.com/news/2026/01/01/2026-nrl-signings-tracker-the-latest-from-all-17-clubs/","","","https://www.zerotackle.com/players/brian-pouniu/"
"dol","Dolphins","Elijah Rasmussen","Unknown","term_chain_no_salary_candidate","derived_bucket_range","derived_range","","2026|2027","1","0","1","0","2","1","0","0","","https://www.nrl.com/news/2026/01/01/2026-nrl-signings-tracker-the-latest-from-all-17-clubs/","","","https://www.zerotackle.com/players/elijah-rasmussen/"
"dol","Dolphins","Francis Molo","Unknown","ready_for_manual_salary_promotion_review","derived_bucket_range","derived_range","","2026|2027|2028","6","0","1","1","3","1","0","1","https://au.sports.yahoo.com/francis-molo-makes-surprise-nrl-005908336.html","https://www.nrl.com/news/2026/01/01/2026-nrl-signings-tracker-the-latest-from-all-17-clubs/","","https://au.sports.yahoo.com/dolphins-confirm-extension-international-forward-233311156.html","https://au.sports.yahoo.com/francis-molo-makes-surprise-nrl-005908336.html|https://www.zerotackle.com/players/francis-molo/|https://au.sports.yahoo.com/dolphins-confirm-extension-international-forward-233311156.html|https://www.illawarramercury.com.au/story/9277381/sober-for-three-years-molo-strikes-new-dolphins-deal/|https://www.canberratimes.com.au/story/9277381/sober-for-three-years-molo-strikes-new-dolphins-deal/"
"dol","Dolphins","LJ Nonu","Unknown","term_chain_no_salary_candidate","derived_bucket_range","derived_range","","2026|2027","1","0","1","0","2","1","0","0","","https://www.nrl.com/news/2026/01/01/2026-nrl-signings-tracker-the-latest-from-all-17-clubs/","","","https://www.zerotackle.com/players/lj-nonu/"
"dol","Dolphins","Oryn Keeley","Unknown","term_chain_no_salary_candidate","derived_bucket_range","derived_range","","2026","2","0","0","0","2","0","1","0","","","https://au.sports.yahoo.com/deadline-deal-storm-dolphins-agree-001307060.html","","https://www.zerotackle.com/players/oryn-keeley/|https://au.sports.yahoo.com/deadline-deal-storm-dolphins-agree-001307060.html"
"dol","Dolphins","Ray Stone","Unknown","term_chain_no_salary_candidate","derived_bucket_range","derived_range","","2026","1","0","1","0","2","1","0","0","","https://www.nrl.com/news/2026/01/01/2026-nrl-signings-tracker-the-latest-from-all-17-clubs/","","","https://www.zerotackle.com/players/ray-stone/"
"dol","Dolphins","Sebastian Su’a","Unknown","term_chain_no_salary_candidate","derived_bucket_range","derived_range","","2026|2027","3","0","1","0","2","1","1","0","","https://www.nrl.com/news/2026/01/01/2026-nrl-signings-tracker-the-latest-from-all-17-clubs/","https://www.zerotackle.com/players/sebastian-sua/","","https://www.zerotackle.com/players/sebastian-sua/|https://www.abc.net.au/news/2026-02-05/nrl-rookie-sebastian-su-a-poised-for-breakout-year/106307552|https://www.adelaidenow.com.au/sport/nrl/dolphins-rising-star-sebastian-sua-poised-for-breakout-season-in-2026/news-story/894eca6b38e232f3a771a6f1550162f1"
"dol","Dolphins","Tevita Naufahu","Unknown","term_chain_no_salary_candidate","derived_bucket_range","derived_range","","2026|2027","2","0","1","0","3","2","0","0","","https://www.nrl.com/news/2026/01/01/2026-nrl-signings-tracker-the-latest-from-all-17-clubs/|https://www.nrl.com/news/2025/08/10/tevita-naufahu-is-quite-the-finisher/","","","https://www.nrl.com/news/2025/08/10/tevita-naufahu-is-quite-the-finisher/|https://www.zerotackle.com/players/tevita-naufahu/"
"dol","Dolphins","Trai Fuller","Unknown","salary_candidate_needs_term_chain","derived_bucket_range","derived_range","","2026|2027","6","0","1","2","4","1","0","0","https://www.theaustralian.com.au/sport/nrl/dolphins-star-trai-fuller-rejects-17m-english-super-league-contract-to-stay-in-nrl/news-story/143eac95d2568c2af0408df6ddc1aa07|https://www.themercury.com.au/sport/nrl/dolphins-star-trai-fuller-rejects-17m-english-super-league-contract-to-stay-in-nrl/news-story/143eac95d2568c2af0408df6ddc1aa07","https://www.nrl.com/news/2026/01/01/2026-nrl-signings-tracker-the-latest-from-all-17-clubs/","","","https://www.theaustralian.com.au/sport/nrl/dolphins-star-trai-fuller-rejects-17m-english-super-league-contract-to-stay-in-nrl/news-story/143eac95d2568c2af0408df6ddc1aa07|https://www.cairnspost.com.au/sport/nrl/dolphins-star-trai-fuller-rejects-17m-english-super-league-contract-to-stay-in-nrl/news-story/143eac95d2568c2af0408df6ddc1aa07|https://www.themercury.com.au/sport/nrl/dolphins-star-trai-fuller-rejects-17m-english-super-league-contract-to-stay-in-nrl/news-story/143eac95d2568c2af0408df6ddc1aa07|https://www.theaustralian.com.au/sport/nrl/nrl-rules-out-potential-salary-cap-relief-for-injuryplagued-parramatta-eels-sport-confidential/news-story/7de2d67b10b67a0b0adc14aa45a4314f|https://www.zerotackle.com/players/trai-fuller/"
"gld","Gold Coast Titans","Keano Kini","Fullback","term_chain_no_salary_candidate","backup_baseline","reported_exact","93000000","2026|2027|2028|2029|2030","3","0","1","0","2","1","0","0","","https://www.nrl.com/news/2026/01/01/2026-nrl-signings-tracker-the-latest-from-all-17-clubs/","","","https://www.zerotackle.com/players/keano-kini/|https://www.ntnews.com.au/sport/nrl/nrl-round-14-keano-kini-steals-victory-as-gold-coast-titans-win-2823-over-brisbane-broncos/news-story/db3b0bb3d1d5f09b73358319fc9af389|https://www.cairnspost.com.au/sport/nrl/nrl-round-14-keano-kini-steals-victory-as-gold-coast-titans-win-2823-over-brisbane-broncos/news-story/db3b0bb3d1d5f09b73358319fc9af389"
"gld","Gold Coast Titans","Jaylan De Groot","Winger","term_chain_no_salary_candidate","backup_baseline","reported_exact","32000000","2026|2027","1","0","1","0","2","1","0","0","","https://www.nrl.com/news/2026/01/01/2026-nrl-signings-tracker-the-latest-from-all-17-clubs/","","","https://www.zerotackle.com/players/jaylan-de-groot/"
"gld","Gold Coast Titans","Jojo Fifita","Centre","term_chain_no_salary_candidate","backup_baseline","reported_exact","41000000","2026|2027","1","0","1","0","2","1","0","0","","https://www.nrl.com/news/2026/01/01/2026-nrl-signings-tracker-the-latest-from-all-17-clubs/","","","https://www.zerotackle.com/players/jojo-fifita/"
"gld","Gold Coast Titans","Phillip Sami","Centre","term_chain_no_salary_candidate","backup_baseline","reported_exact","40000000","2026","2","0","1","0","3","1","0","0","","https://www.nrl.com/news/2026/01/01/2026-nrl-signings-tracker-the-latest-from-all-17-clubs/","","","https://www.zerotackle.com/players/phillip-sami/|https://www.goldcoastbulletin.com.au/sport/titans-secure-key-piece-of-clubs-future-in-flyer-phillip-sami/news-story/8412b20f0c2e92d61e8761d80b6dc887"
"gld","Gold Coast Titans","Max Feagai","Winger","term_chain_no_salary_candidate","backup_baseline","reported_exact","22000000","2026|2027","1","0","1","0","2","1","0","0","","https://www.nrl.com/news/2026/01/01/2026-nrl-signings-tracker-the-latest-from-all-17-clubs/","","","https://www.zerotackle.com/players/max-feagai/"
"gld","Gold Coast Titans","AJ Brimson","Five-Eighth","ready_for_manual_salary_promotion_review","backup_baseline","reported_exact","52000000","2026|2027|2028|2029|2030","7","0","1","1","3","1","0","1","https://www.themercury.com.au/sport/nrl/nrl-2020-aj-brimson-turned-down-sydney-moves-sacrificed-500000-to-remain-with-titans/news-story/3d299533a35b8ca68293d7de64ffa1b2","https://www.nrl.com/news/2026/01/01/2026-nrl-signings-tracker-the-latest-from-all-17-clubs/","","https://www.geelongadvertiser.com.au/sport/gold-coast-extend-contract-of-promising-playmaker-aj-brimson/news-story/e6544762c56560365f488aa196e4bf7d","https://www.themercury.com.au/sport/nrl/nrl-2020-aj-brimson-turned-down-sydney-moves-sacrificed-500000-to-remain-with-titans/news-story/3d299533a35b8ca68293d7de64ffa1b2|https://www.geelongadvertiser.com.au/sport/gold-coast-extend-contract-of-promising-playmaker-aj-brimson/news-story/e6544762c56560365f488aa196e4bf7d|https://au.news.yahoo.com/bulldogs-monitoring-former-queensland-state-of-origin-player-to-potentially-sign-as-fullback-040226019.html|https://www.dailytelegraph.com.au/sport/nrl/supercoach-news/nrl-late-mail-round-4-aj-brimson-set-for-centre-switch-in-titans-shakeup/news-story/4ec5b66d4c659a7cee9460141500d225|https://www.cairnspost.com.au/sport/nrl-2020-team-news-gold-coast-titans-aj-brimson-shannon-boyd/news-story/63273cd0d5a0f0640c3d2a6580e076ff"
"gld","Gold Coast Titans","Jayden Campbell","Halfback","term_chain_no_salary_candidate","backup_baseline","reported_exact","87000000","2026|2027|2028|2029|2030|2031","1","0","1","0","2","1","0","0","","https://www.nrl.com/news/2026/01/01/2026-nrl-signings-tracker-the-latest-from-all-17-clubs/","","","https://www.zerotackle.com/players/jayden-campbell/"
"gld","Gold Coast Titans","Moeaki Fotuaika","Prop","term_chain_no_salary_candidate","backup_baseline","reported_exact","57500000","2026|2027","2","0","1","0","3","1","0","0","","https://www.nrl.com/news/2026/01/01/2026-nrl-signings-tracker-the-latest-from-all-17-clubs/","","","https://www.zerotackle.com/players/moeaki-fotuaika/|https://www.cairnspost.com.au/sport/titans-secure-boom-young-forward-moeaki-fotuaika-as-they-ramp-up-future-plans-for-club/news-story/470e922201f3346cef661cfa65f11f1f"
"gld","Gold Coast Titans","Sam Verrills","Hooker","term_chain_no_salary_candidate","backup_baseline","reported_exact","30000000","2026","3","0","1","0","3","1","0","0","","https://www.nrl.com/news/2026/01/01/2026-nrl-signings-tracker-the-latest-from-all-17-clubs/","","","https://www.dailytelegraph.com.au/sport/nrl/titans-rookie-oliver-pascoe-is-set-to-squeeze-premiershipwinning-hooker-sam-verrills-out-of-the-gold-coast/news-story/c4f8b8dc1bdb28a8e2892fbfb6e73e99|https://www.zerotackle.com/players/sam-verrills/|https://www.goldcoastbulletin.com.au/sport/nrl/titans-rookie-oliver-pascoe-is-set-to-squeeze-premiershipwinning-hooker-sam-verrills-out-of-the-gold-coast/news-story/c4f8b8dc1bdb28a8e2892fbfb6e73e99"
"gld","Gold Coast Titans","Tino Fa’asuamaleaui","Prop","term_chain_no_salary_candidate","backup_baseline","reported_exact","100000000","2026|2027|2028|2029|2030","4","0","1","0","3","1","0","0","","https://www.nrl.com/news/2026/01/01/2026-nrl-signings-tracker-the-latest-from-all-17-clubs/","","","https://www.zerotackle.com/players/tino-faasuamaleaui/|https://www.geelongadvertiser.com.au/sport/nrl/teams/nrl-2022-recruitment-broncos-desperate-to-keep-selwyn-cobbo-out-of-clutches-of-dolphins/news-story/40860e1ba2dda4d86022cf9505b74b4a|https://www.thechronicle.com.au/sport/nrl/nrl-2021-gold-coast-titans-david-fifita-tino-faasuamaleaui-kevin-proctor-injured/news-story/48c7ee3ca55df19f8ba1f3fc6198165e|https://www.goldcoastbulletin.com.au/sport/nrl/maroons-prop-tino-faasuamaleaui-has-vowed-to-play-in-origin-ii-following-the-death-of-his-father-fereti/news-story/8cdfe5061484f7ad4d969d82ac0539aa"
"gld","Gold Coast Titans","Klese Haas","2nd Row","term_chain_no_salary_candidate","backup_baseline","reported_exact","34000000","2026|2027|2028|2029","3","0","1","0","4","2","0","2","","https://www.nrl.com/news/2026/01/01/2026-nrl-signings-tracker-the-latest-from-all-17-clubs/|https://www.titans.com.au/news/2026/06/24/homegrown-haas-klese-extends-gold-coast-journey/","","https://www.titans.com.au/news/2026/06/24/homegrown-haas-klese-extends-gold-coast-journey/|https://au.sports.yahoo.com/gold-coast-titans-forward-klese-081529774.html","https://www.titans.com.au/news/2026/06/24/homegrown-haas-klese-extends-gold-coast-journey/|https://www.zerotackle.com/players/klese-haas/|https://au.sports.yahoo.com/gold-coast-titans-forward-klese-081529774.html"
"gld","Gold Coast Titans","Beau Fermor","2nd Row","term_chain_no_salary_candidate","backup_baseline","reported_exact","53500000","2026|2027|2028|2029","1","0","1","0","2","1","0","0","","https://www.nrl.com/news/2026/01/01/2026-nrl-signings-tracker-the-latest-from-all-17-clubs/","","","https://www.zerotackle.com/players/beau-fermor/"
"gld","Gold Coast Titans","Chris Randall","Lock","term_chain_no_salary_candidate","backup_baseline","reported_exact","33000000","2026|2027","1","0","1","0","2","1","0","0","","https://www.nrl.com/news/2026/01/01/2026-nrl-signings-tracker-the-latest-from-all-17-clubs/","","","https://www.zerotackle.com/players/chris-randall/"
"gld","Gold Coast Titans","Luke Sommerton","Interchange","term_chain_no_salary_candidate","backup_baseline","reported_exact","22500000","2026|2027","1","0","1","0","2","1","0","0","","https://www.nrl.com/news/2026/01/01/2026-nrl-signings-tracker-the-latest-from-all-17-clubs/","","","https://www.zerotackle.com/players/luke-sommerton/"
"gld","Gold Coast Titans","Jaimin Joliffe","Interchange","term_chain_no_salary_candidate","backup_baseline","reported_exact","34000000","2026","1","0","1","0","2","1","0","0","","https://www.nrl.com/news/2026/01/01/2026-nrl-signings-tracker-the-latest-from-all-17-clubs/","","","https://www.zerotackle.com/players/jaimin-jolliffe/"
"gld","Gold Coast Titans","Kurtis Morrin","Interchange","term_chain_no_salary_candidate","backup_baseline","reported_exact","28000000","2026|2027|2028|2029","2","0","1","0","3","2","0","1","","https://www.nrl.com/news/2026/01/01/2026-nrl-signings-tracker-the-latest-from-all-17-clubs/|https://www.titans.com.au/news/2026/06/22/energy-man-morrin-stays-a-titan-until-29/","","https://www.titans.com.au/news/2026/06/22/energy-man-morrin-stays-a-titan-until-29/","https://www.titans.com.au/news/2026/06/22/energy-man-morrin-stays-a-titan-until-29/|https://www.zerotackle.com/players/kurtis-morrin/"
"gld","Gold Coast Titans","Cooper Bai","Interchange","term_chain_no_salary_candidate","backup_baseline","reported_exact","34000000","2026|2027","3","0","1","0","4","1","2","1","","https://www.nrl.com/news/2026/01/01/2026-nrl-signings-tracker-the-latest-from-all-17-clubs/","https://www.theaustralian.com.au/sport/nrl/gold-coast-titans-rookie-cooper-bai-has-contract-clause-that-could-see-him-join-png-chiefs/news-story/642f04d85435db0af4cb1c36d3907662|https://www.themercury.com.au/sport/nrl/gold-coast-titans-rookie-cooper-bai-has-contract-clause-that-could-see-him-join-png-chiefs/news-story/642f04d85435db0af4cb1c36d3907662","https://www.theaustralian.com.au/sport/nrl/gold-coast-titans-rookie-cooper-bai-has-contract-clause-that-could-see-him-join-png-chiefs/news-story/642f04d85435db0af4cb1c36d3907662","https://www.theaustralian.com.au/sport/nrl/gold-coast-titans-rookie-cooper-bai-has-contract-clause-that-could-see-him-join-png-chiefs/news-story/642f04d85435db0af4cb1c36d3907662|https://www.zerotackle.com/players/cooper-bai/|https://www.themercury.com.au/sport/nrl/gold-coast-titans-rookie-cooper-bai-has-contract-clause-that-could-see-him-join-png-chiefs/news-story/642f04d85435db0af4cb1c36d3907662"
"gld","Gold Coast Titans","Adam Christensen","Unknown","term_chain_no_salary_candidate","derived_bucket_range","derived_range","","2026|2027","1","0","1","0","2","1","0","0","","https://www.nrl.com/news/2026/01/01/2026-nrl-signings-tracker-the-latest-from-all-17-clubs/","","","https://www.zerotackle.com/players/adam-christensen/"
"gld","Gold Coast Titans","Allan Fitzgibbon","Unknown","term_chain_no_salary_candidate","derived_bucket_range","derived_range","","2026","1","0","1","0","2","1","0","0","","https://www.nrl.com/news/2026/01/01/2026-nrl-signings-tracker-the-latest-from-all-17-clubs/","","","https://www.zerotackle.com/players/allan-fitzgibbon/"
"gld","Gold Coast Titans","Arama Hau","Unknown","term_chain_no_salary_candidate","derived_bucket_range","derived_range","","2026|2027|2028","5","0","1","0","6","2","1","3","","https://www.nrl.com/news/2026/01/01/2026-nrl-signings-tracker-the-latest-from-all-17-clubs/|https://www.titans.com.au/news/2026/05/14/hau-good-local-junior-extends-through-to-2028/","https://www.ntnews.com.au/sport/nrl/gold-coast-titans-resign-rising-forward-arama-hau-until-2028-after-he-rejected-perth-bears/news-story/8169a15127fbc189dce7b585cabb2bc2","https://www.titans.com.au/news/2026/05/14/hau-good-local-junior-extends-through-to-2028/|https://www.ntnews.com.au/sport/nrl/gold-coast-titans-resign-rising-forward-arama-hau-until-2028-after-he-rejected-perth-bears/news-story/8169a15127fbc189dce7b585cabb2bc2|https://au.sports.yahoo.com/gold-coast-titans-extend-promising-235657997.html","https://www.titans.com.au/news/2026/05/14/hau-good-local-junior-extends-through-to-2028/|https://www.zerotackle.com/players/arama-hau/|https://www.ntnews.com.au/sport/nrl/gold-coast-titans-resign-rising-forward-arama-hau-until-2028-after-he-rejected-perth-bears/news-story/8169a15127fbc189dce7b585cabb2bc2|https://www.goldcoastbulletin.com.au/sport/nrl/gold-coast-titans-resign-rising-forward-arama-hau-until-2028-after-he-rejected-perth-bears/news-story/8169a15127fbc189dce7b585cabb2bc2|https://au.sports.yahoo.com/gold-coast-titans-extend-promising-235657997.html"
"gld","Gold Coast Titans","Brock Gray","Unknown","term_chain_no_salary_candidate","derived_bucket_range","derived_range","","2026|2027","1","0","1","0","2","1","0","1","","https://www.nrl.com/news/2026/01/01/2026-nrl-signings-tracker-the-latest-from-all-17-clubs/","","https://www.zerotackle.com/players/brock-gray/","https://www.zerotackle.com/players/brock-gray/"
"gld","Gold Coast Titans","Jensen Taumoepeau","Unknown","term_chain_no_salary_candidate","derived_bucket_range","derived_range","","2026|2027","1","0","1","0","2","1","0","0","","https://www.nrl.com/news/2026/01/01/2026-nrl-signings-tracker-the-latest-from-all-17-clubs/","","","https://www.zerotackle.com/players/jensen-taumoepeau/"
"gld","Gold Coast Titans","Jett Liu","Unknown","term_chain_no_salary_candidate","derived_bucket_range","derived_range","","2026","1","0","1","0","2","1","0","0","","https://www.nrl.com/news/2026/01/01/2026-nrl-signings-tracker-the-latest-from-all-17-clubs/","","","https://www.zerotackle.com/players/jett-liu/"
"gld","Gold Coast Titans","Josh Patson","Unknown","term_chain_no_salary_candidate","derived_bucket_range","derived_range","","2026|2027","1","0","1","0","2","1","0","0","","https://www.nrl.com/news/2026/01/01/2026-nrl-signings-tracker-the-latest-from-all-17-clubs/","","","https://www.zerotackle.com/players/josh-patston/"
"gld","Gold Coast Titans","Lachlan Ilias","Unknown","term_chain_no_salary_candidate","derived_bucket_range","derived_range","","2026|2027","1","0","1","0","2","1","0","0","","https://www.nrl.com/news/2026/01/01/2026-nrl-signings-tracker-the-latest-from-all-17-clubs/","","","https://www.zerotackle.com/players/lachlan-ilias/"
"gld","Gold Coast Titans","Siale Faeamani","Unknown","term_chain_no_salary_candidate","derived_bucket_range","derived_range","","2026","1","0","1","0","2","1","0","0","","https://www.nrl.com/news/2026/01/01/2026-nrl-signings-tracker-the-latest-from-all-17-clubs/","","","https://www.zerotackle.com/players/siale-faeamani/"
"gld","Gold Coast Titans","Tuki Simpkins","Unknown","term_chain_no_salary_candidate","derived_bucket_range","derived_range","","2026","1","0","1","0","2","1","0","0","","https://www.nrl.com/news/2026/01/01/2026-nrl-signings-tracker-the-latest-from-all-17-clubs/","","","https://www.zerotackle.com/players/tukimihia-simpkins/"
"gld","Gold Coast Titans","Tony Francis","Unknown","term_chain_no_salary_candidate","derived_bucket_range","derived_range","","2026|2027","1","0","1","0","2","1","1","0","","https://www.nrl.com/news/2026/01/01/2026-nrl-signings-tracker-the-latest-from-all-17-clubs/","https://www.zerotackle.com/players/tony-francis/","","https://www.zerotackle.com/players/tony-francis/"
"gld","Gold Coast Titans","Zane Harrison","Unknown","term_chain_no_salary_candidate","derived_bucket_range","derived_range","","2026|2027","5","0","1","0","6","1","0","4","","https://www.nrl.com/news/2026/01/01/2026-nrl-signings-tracker-the-latest-from-all-17-clubs/","","https://www.dailytelegraph.com.au/sport/nrl/gold-coast-titans-in-talks-to-secure-rising-star-halfback-zane-harrison-on-massive-contract-extension/news-story/8838e1526d5de41d707c2a34e4b3d433|https://www.goldcoastbulletin.com.au/sport/nrl/gold-coast-titans-in-talks-to-secure-rising-star-halfback-zane-harrison-on-massive-contract-extension/news-story/8838e1526d5de41d707c2a34e4b3d433|https://www.ntnews.com.au/sport/nrl/gold-coast-titans-in-talks-to-secure-rising-star-halfback-zane-harrison-on-massive-contract-extension/news-story/8838e1526d5de41d707c2a34e4b3d433","https://www.dailytelegraph.com.au/sport/nrl/gold-coast-titans-in-talks-to-secure-rising-star-halfback-zane-harrison-on-massive-contract-extension/news-story/8838e1526d5de41d707c2a34e4b3d433|https://www.zerotackle.com/players/zane-harrison/|https://www.goldcoastbulletin.com.au/sport/nrl/gold-coast-titans-in-talks-to-secure-rising-star-halfback-zane-harrison-on-massive-contract-extension/news-story/8838e1526d5de41d707c2a34e4b3d433|https://www.ntnews.com.au/sport/nrl/gold-coast-titans-in-talks-to-secure-rising-star-halfback-zane-harrison-on-massive-contract-extension/news-story/8838e1526d5de41d707c2a34e4b3d433|https://www.adelaidenow.com.au/sport/nrl/gold-coast-titans-in-talks-to-secure-rising-star-halfback-zane-harrison-on-massive-contract-extension/news-story/8838e1526d5de41d707c2a34e4b3d433"
"man","Manly Warringah Sea Eagles","Tom Trbojevic","Fullback","term_chain_no_salary_candidate","backup_baseline","reported_exact","97500000","2026|2027","5","0","1","0","4","1","1","1","","https://www.nrl.com/news/2026/01/01/2026-nrl-signings-tracker-the-latest-from-all-17-clubs/","https://7news.com.au/sport/rugby-league/david-fifitas-titans-deal-set-to-be-torn-up-for-immediate-move-to-south-sydney-tom-trbojevic-re-signs-with-manly-c-20494543","https://7news.com.au/sport/rugby-league/david-fifitas-titans-deal-set-to-be-torn-up-for-immediate-move-to-south-sydney-tom-trbojevic-re-signs-with-manly-c-20494543","https://www.zerotackle.com/players/tom-trbojevic/|https://www.themercury.com.au/sport/nrl/locked-in-manly-sea-eagles-stars-resign-on-mega-deals/news-story/ae245b144355fc597a9d7f3b7cf92b55|https://7news.com.au/sport/rugby-league/david-fifitas-titans-deal-set-to-be-torn-up-for-immediate-move-to-south-sydney-tom-trbojevic-re-signs-with-manly-c-20494543|https://www.smh.com.au/sport/nrl/why-tom-trbojevic-could-be-the-biggest-winner-in-manly-s-latest-drama-20260329-p5zjod.html|https://www.cairnspost.com.au/sport/nrl/nrl-casualty-ward-kalyn-ponga-tom-trbojevic-harry-grant-return-to-ease-injury-dramas/news-story/59ec66fa66782a9e75c79994239ae621"
"man","Manly Warringah Sea Eagles","Jason Saab","Winger","term_chain_no_salary_candidate","backup_baseline","reported_exact","35000000","2026|2027|2028|2029","3","0","1","0","3","2","0","0","","https://www.nrl.com/news/2026/01/01/2026-nrl-signings-tracker-the-latest-from-all-17-clubs/|https://www.seaeagles.com.au/news/2026/06/02/foran-appointed-head-coach-at-manly/","","","https://www.seaeagles.com.au/news/2026/06/02/foran-appointed-head-coach-at-manly/|https://www.zerotackle.com/players/jason-saab/|https://www.seaeagles.com.au/news/2024/06/04/sea-eagles-reward-jason-saab-with-contract-extension/"
"man","Manly Warringah Sea Eagles","Tolutau Koula","Centre","term_chain_no_salary_candidate","backup_baseline","reported_exact","81500000","2026|2027|2028|2029|2030|2031","2","0","1","0","3","2","0","0","","https://www.nrl.com/news/2026/01/01/2026-nrl-signings-tracker-the-latest-from-all-17-clubs/|https://www.seaeagles.com.au/news/2026/02/21/new-five-year-deal-for-koula-at-manly/","","","https://www.seaeagles.com.au/news/2026/02/21/new-five-year-deal-for-koula-at-manly/|https://www.zerotackle.com/players/tolutau-koula/"
"man","Manly Warringah Sea Eagles","Reuben Garrick","Centre","term_chain_no_salary_candidate","backup_baseline","reported_exact","42500000","2026","1","0","1","0","2","1","0","0","","https://www.nrl.com/news/2026/01/01/2026-nrl-signings-tracker-the-latest-from-all-17-clubs/","","","https://www.zerotackle.com/players/reuben-garrick/"
"man","Manly Warringah Sea Eagles","Lehi Hopoate","Winger","term_chain_no_salary_candidate","backup_baseline","reported_exact","41500000","2026|2027","2","0","1","0","2","1","0","0","","https://www.nrl.com/news/2026/01/01/2026-nrl-signings-tracker-the-latest-from-all-17-clubs/","","","https://www.zerotackle.com/players/lehi-hopoate/|https://www.seaeagles.com.au/news/2025/02/28/new-deal-at-sea-eagles-for-lehi-hopoate/"
"man","Manly Warringah Sea Eagles","Luke Brooks","Five-Eighth","term_chain_no_salary_candidate","backup_baseline","reported_exact","52500000","2026|2027","1","0","1","0","2","1","0","0","","https://www.nrl.com/news/2026/01/01/2026-nrl-signings-tracker-the-latest-from-all-17-clubs/","","","https://www.zerotackle.com/players/luke-brooks/"
"man","Manly Warringah Sea Eagles","Jamal Fogarty","Halfback","term_chain_no_salary_candidate","backup_baseline","reported_exact","65000000","2026|2027|2028","2","0","1","0","3","1","1","0","","https://www.nrl.com/news/2026/01/01/2026-nrl-signings-tracker-the-latest-from-all-17-clubs/","https://www.abc.net.au/news/2026-03-30/nrl-jamal-fogarty-manly-anthony-seibold-sacking-disappointing/106513404","","https://www.zerotackle.com/players/jamal-fogarty/|https://www.abc.net.au/news/2026-03-30/nrl-jamal-fogarty-manly-anthony-seibold-sacking-disappointing/106513404"
"man","Manly Warringah Sea Eagles","Taniela Paseka","Prop","term_chain_no_salary_candidate","backup_baseline","reported_exact","65000000","2026|2027|2028|2029","2","0","1","0","2","1","0","0","","https://www.nrl.com/news/2026/01/01/2026-nrl-signings-tracker-the-latest-from-all-17-clubs/","","","https://www.zerotackle.com/players/taniela-paseka/|https://www.seaeagles.com.au/news/2024/08/05/sea-eagles-extend-taniela-paseka-out-to-2029/"
"man","Manly Warringah Sea Eagles","Jake Simpkin","Hooker","term_chain_no_salary_candidate","backup_baseline","reported_exact","42500000","2026|2027|2028","3","0","1","0","3","2","0","0","","https://www.nrl.com/news/2026/01/01/2026-nrl-signings-tracker-the-latest-from-all-17-clubs/|https://www.seaeagles.com.au/news/2024/07/01/sea-eagles-re-sign-hooker-gordon-chan-kum-tong/","","","https://www.seaeagles.com.au/news/2024/07/01/sea-eagles-re-sign-hooker-gordon-chan-kum-tong/|https://www.zerotackle.com/players/jake-simpkin/|https://www.seaeagles.com.au/news/2024/06/03/sea-eagles-sign-hooker-jake-simpkin/"
"man","Manly Warringah Sea Eagles","Kobe Hetherington","Prop","term_chain_no_salary_candidate","backup_baseline","reported_exact","50000000","2026|2027|2028|2029","2","0","1","0","2","1","0","0","","https://www.nrl.com/news/2026/01/01/2026-nrl-signings-tracker-the-latest-from-all-17-clubs/","","","https://www.zerotackle.com/players/kobe-hetherington/|https://www.thechronicle.com.au/sport/nrl/kobe-hetherington-avoided-four-surgeries-to-join-exclusive-club-of-fatherson-premiership-winners/news-story/2979d202e6782b9e28364464caab64d2"
"man","Manly Warringah Sea Eagles","Haumole Olakau'atu","2nd Row","term_chain_no_salary_candidate","backup_baseline","reported_exact","91500000","2026|2027|2028|2029|2030|2031","4","0","1","0","2","1","0","0","","https://www.nrl.com/news/2026/01/01/2026-nrl-signings-tracker-the-latest-from-all-17-clubs/","","","https://www.zerotackle.com/players/haumole-olakauatu/|https://www.seaeagles.com.au/news/2023/12/07/sea-eagles-secure-new-six-year-deal-for-haumole-olakauatu/|https://www.dailytelegraph.com.au/sport/nrl/haumole-olakauatu-breaks-his-silence-on-shock-origin-axing/news-story/86540d347ff418170a6e1bdd079c8653|https://www.dailytelegraph.com.au/sport/nrl/im-available-haumole-olakauatu-eager-for-blues-recall-ahead-of-state-of-origin-decider/news-story/ca669b370ccc27a4ba04bbe1bfcc93bf"
"man","Manly Warringah Sea Eagles","Ben Trbojevic","2nd Row","term_chain_no_salary_candidate","backup_baseline","reported_exact","50000000","2026|2027","3","0","1","0","3","1","0","1","","https://www.nrl.com/news/2026/01/01/2026-nrl-signings-tracker-the-latest-from-all-17-clubs/","","https://www.themercury.com.au/sport/nrl/manly-sea-eagles-resign-ben-trbojevic-to-twoyear-extension/news-story/c26cce69d1bf139d263e39f37f7a4ae6","https://www.zerotackle.com/players/ben-trbojevic/|https://www.themercury.com.au/sport/nrl/manly-sea-eagles-resign-ben-trbojevic-to-twoyear-extension/news-story/c26cce69d1bf139d263e39f37f7a4ae6|https://www.seaeagles.com.au/news/2024/02/09/new-three-year-deal-for-ben-trbojevic-at-sea-eagles/"
"man","Manly Warringah Sea Eagles","Jake Trbojevic","Lock","term_chain_no_salary_candidate","backup_baseline","reported_exact","55000000","2026|2027","7","0","1","0","5","1","0","3","","https://www.nrl.com/news/2026/01/01/2026-nrl-signings-tracker-the-latest-from-all-17-clubs/","","https://www.dailytelegraph.com.au/sport/nrl/jake-trbojevic-triggers-extension-clause-in-manly-sea-eagles-contract/news-story/c24b1e095952c98b5cc5953d86b7f1d3|https://www.goldcoastbulletin.com.au/sport/nrl/jake-trbojevic-triggers-extension-clause-in-manly-sea-eagles-contract/news-story/c24b1e095952c98b5cc5953d86b7f1d3|https://www.themercury.com.au/sport/nrl/jake-trbojevic-triggers-extension-clause-in-manly-sea-eagles-contract/news-story/c24b1e095952c98b5cc5953d86b7f1d3","https://www.dailytelegraph.com.au/sport/nrl/jake-trbojevic-triggers-extension-clause-in-manly-sea-eagles-contract/news-story/c24b1e095952c98b5cc5953d86b7f1d3|https://www.zerotackle.com/players/jake-trbojevic/|https://www.goldcoastbulletin.com.au/sport/nrl/jake-trbojevic-triggers-extension-clause-in-manly-sea-eagles-contract/news-story/c24b1e095952c98b5cc5953d86b7f1d3|https://www.themercury.com.au/sport/nrl/jake-trbojevic-triggers-extension-clause-in-manly-sea-eagles-contract/news-story/c24b1e095952c98b5cc5953d86b7f1d3|https://www.thechronicle.com.au/sport/nrl/jake-trbojevic-triggers-extension-clause-in-manly-sea-eagles-contract/news-story/c24b1e095952c98b5cc5953d86b7f1d3"
"man","Manly Warringah Sea Eagles","Siosiua Taukeiaho","Interchange","term_chain_no_salary_candidate","backup_baseline","reported_exact","42500000","2026","1","0","1","0","2","1","0","0","","https://www.nrl.com/news/2026/01/01/2026-nrl-signings-tracker-the-latest-from-all-17-clubs/","","","https://www.zerotackle.com/players/siosiua-taukeiaho/"
"man","Manly Warringah Sea Eagles","Nathan Brown","Interchange","term_chain_no_salary_candidate","backup_baseline","reported_exact","21500000","2026","2","0","1","0","2","1","0","0","","https://www.nrl.com/news/2026/01/01/2026-nrl-signings-tracker-the-latest-from-all-17-clubs/","","","https://www.adelaidenow.com.au/sport/nrl/parramatta-eels-reportedly-withdraw-12m-deal-for-nathan-brown/news-story/b72c4c86712b6f3af2a90f3bea87d5e8|https://www.zerotackle.com/players/nathan-brown/"
"man","Manly Warringah Sea Eagles","Ethan Bullemor","Interchange","term_chain_no_salary_candidate","backup_baseline","reported_exact","44000000","2026|2027|2028|2029","1","0","1","0","2","1","0","0","","https://www.nrl.com/news/2026/01/01/2026-nrl-signings-tracker-the-latest-from-all-17-clubs/","","","https://www.zerotackle.com/players/ethan-bullemor/"
"man","Manly Warringah Sea Eagles","Joey Walsh","Interchange","term_chain_no_salary_candidate","backup_baseline","reported_exact","30000000","2026|2027|2028|2029","6","0","1","0","4","3","0","1","","https://www.nrl.com/news/2026/01/01/2026-nrl-signings-tracker-the-latest-from-all-17-clubs/|https://www.seaeagles.com.au/news/2026/06/19/faulalo-extends-to-2029/|https://www.seaeagles.com.au/news/2024/07/01/sea-eagles-re-sign-hooker-gordon-chan-kum-tong/","","https://www.seaeagles.com.au/news/2026/06/19/faulalo-extends-to-2029/","https://www.seaeagles.com.au/news/2026/06/19/faulalo-extends-to-2029/|https://www.seaeagles.com.au/news/2024/07/01/sea-eagles-re-sign-hooker-gordon-chan-kum-tong/|https://www.zerotackle.com/players/joey-walsh/|https://www.seaeagles.com.au/news/2026/06/24/joey-walsh-extends-contract-at-manly/|https://www.seaeagles.com.au/news/2024/07/01/sea-eagles-sign-exciting-young-half-joey-walsh/"
"man","Manly Warringah Sea Eagles","Aaron Schoupp","Unknown","term_chain_no_salary_candidate","derived_bucket_range","derived_range","","2026","2","0","1","0","2","1","0","0","","https://www.nrl.com/news/2026/01/01/2026-nrl-signings-tracker-the-latest-from-all-17-clubs/","","","https://www.zerotackle.com/players/aaron-schoupp/|https://www.seaeagles.com.au/news/2024/05/20/sea-eagles-sign-aaron-schoupp/"
"man","Manly Warringah Sea Eagles","Blake Wilson","Unknown","term_chain_no_salary_candidate","derived_bucket_range","derived_range","","2026|2027","2","0","1","0","2","1","0","0","","https://www.nrl.com/news/2026/01/01/2026-nrl-signings-tracker-the-latest-from-all-17-clubs/","","","https://www.zerotackle.com/players/blake-wilson/|https://www.seaeagles.com.au/news/2025/10/24/former-bulldogs-winger-blake-wilson-joins-manly/"
"man","Manly Warringah Sea Eagles","Caleb Navale","Unknown","term_chain_no_salary_candidate","derived_bucket_range","derived_range","","2026|2027","3","0","1","0","2","1","1","0","","https://www.nrl.com/news/2026/01/01/2026-nrl-signings-tracker-the-latest-from-all-17-clubs/","https://www.zerotackle.com/players/caleb-navale/","","https://www.zerotackle.com/players/caleb-navale/|https://www.seaeagles.com.au/news/2024/07/11/sea-eagles-extend-caleb-navale/|https://www.seaeagles.com.au/news/2024/01/08/sea-eagles-sign-caleb-navale-for-three-years/"
"man","Manly Warringah Sea Eagles","Clayton Faulalo","Unknown","term_chain_no_salary_candidate","derived_bucket_range","derived_range","","2026|2027|2028|2029","3","0","1","0","4","2","0","2","","https://www.nrl.com/news/2026/01/01/2026-nrl-signings-tracker-the-latest-from-all-17-clubs/|https://www.seaeagles.com.au/news/2026/06/19/faulalo-extends-to-2029/","","https://www.seaeagles.com.au/news/2026/06/19/faulalo-extends-to-2029/|https://www.foxsports.com.au/nrl/nrl-premiership/nrl-2026-clayton-faulalo-signs-new-deal-with-manly-sea-eagles-jesse-arthars-to-leave-brisbane-broncos/news-story/cb69a7b7c51aa14a07fa7f60e7ed1931","https://www.seaeagles.com.au/news/2026/06/19/faulalo-extends-to-2029/|https://www.foxsports.com.au/nrl/nrl-premiership/nrl-2026-clayton-faulalo-signs-new-deal-with-manly-sea-eagles-jesse-arthars-to-leave-brisbane-broncos/news-story/cb69a7b7c51aa14a07fa7f60e7ed1931|https://www.zerotackle.com/players/clayton-faulalo/"
"man","Manly Warringah Sea Eagles","Navren Willett","Unknown","term_chain_no_salary_candidate","derived_bucket_range","derived_range","","2026|2027","1","0","1","0","2","1","0","0","","https://www.nrl.com/news/2026/01/01/2026-nrl-signings-tracker-the-latest-from-all-17-clubs/","","","https://www.zerotackle.com/players/navren-willett/"
"man","Manly Warringah Sea Eagles","Onitoni Large","Unknown","term_chain_no_salary_candidate","derived_bucket_range","derived_range","","2026|2027","1","0","1","0","2","1","1","0","","https://www.nrl.com/news/2026/01/01/2026-nrl-signings-tracker-the-latest-from-all-17-clubs/","https://www.zerotackle.com/players/onitoni-large/","","https://www.zerotackle.com/players/onitoni-large/"
"man","Manly Warringah Sea Eagles","Paul Bryan","Unknown","term_chain_no_salary_candidate","derived_bucket_range","derived_range","","2026","1","0","1","0","2","1","0","1","","https://www.nrl.com/news/2026/01/01/2026-nrl-signings-tracker-the-latest-from-all-17-clubs/","","https://www.zerotackle.com/players/paul-bryan/","https://www.zerotackle.com/players/paul-bryan/"
"man","Manly Warringah Sea Eagles","Simione Laiafi","Unknown","term_chain_no_salary_candidate","derived_bucket_range","derived_range","","2026|2027|2028","1","0","1","0","2","1","0","0","","https://www.nrl.com/news/2026/01/01/2026-nrl-signings-tracker-the-latest-from-all-17-clubs/","","","https://www.zerotackle.com/players/simione-laiafi/"
"man","Manly Warringah Sea Eagles","Zach Dockar-Clay","Unknown","term_chain_no_salary_candidate","derived_bucket_range","derived_range","","2026|2027","1","0","1","0","2","1","0","0","","https://www.nrl.com/news/2026/01/01/2026-nrl-signings-tracker-the-latest-from-all-17-clubs/","","","https://www.zerotackle.com/players/zach-dockar-clay/"
"man","Manly Warringah Sea Eagles","Zaidas Muagututia","Unknown","term_chain_no_salary_candidate","derived_bucket_range","derived_range","","2026|2027","1","0","1","0","2","1","0","0","","https://www.nrl.com/news/2026/01/01/2026-nrl-signings-tracker-the-latest-from-all-17-clubs/","","","https://www.zerotackle.com/players/zaidas-muagututia/"
"mel","Melbourne Storm","Sualauvi Fa’alogo","Fullback","term_chain_no_salary_candidate","backup_baseline","reported_exact","75000000","2026|2027|2028","1","0","1","0","2","1","0","0","","https://www.nrl.com/news/2026/01/01/2026-nrl-signings-tracker-the-latest-from-all-17-clubs/","","","https://www.zerotackle.com/players/sua-faalogo/"
"mel","Melbourne Storm","Will Warbrick","Winger","term_chain_no_salary_candidate","backup_baseline","reported_exact","58000000","2026","2","0","1","0","3","1","1","0","","https://www.nrl.com/news/2026/01/01/2026-nrl-signings-tracker-the-latest-from-all-17-clubs/","https://www.ntnews.com.au/sport/nrl/melbourne-storm-star-will-warbrick-poised-to-join-warriors-on-multiyear-nrl-deal/news-story/b0570988de5944d43aa326110dfe1766","","https://www.zerotackle.com/players/will-warbrick/|https://www.ntnews.com.au/sport/nrl/melbourne-storm-star-will-warbrick-poised-to-join-warriors-on-multiyear-nrl-deal/news-story/b0570988de5944d43aa326110dfe1766"
"mel","Melbourne Storm","Jack Howarth","Centre","term_chain_no_salary_candidate","backup_baseline","reported_exact","62500000","2026|2027","1","0","1","0","2","1","0","0","","https://www.nrl.com/news/2026/01/01/2026-nrl-signings-tracker-the-latest-from-all-17-clubs/","","","https://www.zerotackle.com/players/jack-howarth/"
"mel","Melbourne Storm","Nick Meaney","Centre","term_chain_no_salary_candidate","backup_baseline","reported_exact","53000000","2026","3","0","1","0","3","1","0","0","","https://www.nrl.com/news/2026/01/01/2026-nrl-signings-tracker-the-latest-from-all-17-clubs/","","","https://www.zerotackle.com/players/nick-meaney/|https://www.goldcoastbulletin.com.au/sport/nrl/perth-bears-sign-melbourne-storm-utility-nick-meaney-as-ninth-signing-for-inaugural-nrl-squad/news-story/5389158d7dd78c60e106d00614e5adcf|https://www.melbournestorm.com.au/news/2024/04/09/nick-meaney-to-remain-in-purple-until-the-end-of-2026/"
"mel","Melbourne Storm","Xavier Coates","Winger","term_chain_no_salary_candidate","backup_baseline","reported_exact","62500000","2026|2027","3","0","1","0","2","1","0","0","","https://www.nrl.com/news/2026/01/01/2026-nrl-signings-tracker-the-latest-from-all-17-clubs/","","","https://www.zerotackle.com/players/xavier-coates/|https://www.melbournestorm.com.au/news/2025/09/06/xavier-coates-extends-to-2027/|https://www.ntnews.com.au/sport/nrl-2021-melbourne-storm-coach-craig-bellamy-meets-with-brisbane-broncos-star-xavier-coates/news-story/936a0ea2eb452d522ba6080a607c34b9"
"mel","Melbourne Storm","Cameron Munster","Five-Eighth","term_chain_no_salary_candidate","backup_baseline","reported_exact","125000000","2026|2027","5","0","1","0","6","1","1","2","","https://www.nrl.com/news/2026/01/01/2026-nrl-signings-tracker-the-latest-from-all-17-clubs/","https://www.ntnews.com.au/sport/nrl/teams/storm/melbourne-storm-lock-down-rising-fullback-cameron-munster-with-twoyear-contract-extension/news-story/fec9dcfa4127b242dbe9f453e6e49cfb","https://www.ntnews.com.au/sport/nrl/teams/storm/melbourne-storm-lock-down-rising-fullback-cameron-munster-with-twoyear-contract-extension/news-story/fec9dcfa4127b242dbe9f453e6e49cfb|https://au.sports.yahoo.com/storm-reveal-cameron-munster-contract-023435832.html","https://www.theaustralian.com.au/sport/nrl/i-love-queensland-why-origin-passion-could-prevent-cameron-munster-codeswitch/news-story/d2c3ed572dca7dbfa923bc673ded1722|https://www.zerotackle.com/players/cameron-munster/|https://www.ntnews.com.au/sport/nrl/teams/storm/melbourne-storm-lock-down-rising-fullback-cameron-munster-with-twoyear-contract-extension/news-story/fec9dcfa4127b242dbe9f453e6e49cfb|https://au.sports.yahoo.com/storm-reveal-cameron-munster-contract-023435832.html|https://www.goldcoastbulletin.com.au/sport/nrl/i-love-queensland-why-origin-passion-could-prevent-cameron-munster-codeswitch/news-story/d2c3ed572dca7dbfa923bc673ded1722"
"mel","Melbourne Storm","Jahrome Hughes","Halfback","term_chain_no_salary_candidate","backup_baseline","reported_exact","125000000","2026|2027|2028|2029|2030","2","0","1","0","3","1","0","0","","https://www.nrl.com/news/2026/01/01/2026-nrl-signings-tracker-the-latest-from-all-17-clubs/","","","https://www.zerotackle.com/players/jahrome-hughes/|https://www.goldcoastbulletin.com.au/sport/nrl/nrl-2021-warriors-make-huge-play-to-lure-melbourne-star-jahrome-hughes-to-new-zealand/news-story/d85136d436f9ef413ddfa147162730aa"
"mel","Melbourne Storm","Stefano Utoikamanu","Prop","salary_candidate_needs_term_chain","backup_baseline","reported_exact","98000000","2026|2027","2","0","1","1","2","1","0","0","https://www.townsvillebulletin.com.au/sport/nrl/parramatta-teen-stefano-utoikamanu-signs-800000-deal-with-wests-tigers/news-story/622e252e07247def11e840effbb9e57a","https://www.nrl.com/news/2026/01/01/2026-nrl-signings-tracker-the-latest-from-all-17-clubs/","","","https://www.townsvillebulletin.com.au/sport/nrl/parramatta-teen-stefano-utoikamanu-signs-800000-deal-with-wests-tigers/news-story/622e252e07247def11e840effbb9e57a|https://www.zerotackle.com/players/stefano-utoikamanu/"
"mel","Melbourne Storm","Harry Grant","Hooker","term_chain_no_salary_candidate","backup_baseline","reported_exact","130000000","2026|2027|2028","3","0","1","0","3","1","1","0","","https://www.nrl.com/news/2026/01/01/2026-nrl-signings-tracker-the-latest-from-all-17-clubs/","https://www.townsvillebulletin.com.au/sport/nrl/nrl-news-ash-taylor-opens-up-on-the-pressure-of-being-a-million-dollar-man/news-story/b749fb0a1e4bbcfd6b2378f3c8e051e6","","https://www.zerotackle.com/players/harry-grant/|https://www.townsvillebulletin.com.au/sport/nrl/nrl-news-ash-taylor-opens-up-on-the-pressure-of-being-a-million-dollar-man/news-story/b749fb0a1e4bbcfd6b2378f3c8e051e6|https://www.melbournestorm.com.au/news/2025/11/20/harry-grant-re-signs-until-2028/"
"mel","Melbourne Storm","Josh King","Prop","term_chain_no_salary_candidate","backup_baseline","reported_exact","56000000","2026|2027","2","0","1","0","2","1","0","0","","https://www.nrl.com/news/2026/01/01/2026-nrl-signings-tracker-the-latest-from-all-17-clubs/","","","https://www.zerotackle.com/players/josh-king/|https://www.melbournestorm.com.au/news/2025/03/13/josh-king-extends-storm-contract/"
"mel","Melbourne Storm","Shawn Blore","2nd Row","term_chain_no_salary_candidate","backup_baseline","reported_exact","51000000","2026","3","0","1","0","3","1","1","0","","https://www.nrl.com/news/2026/01/01/2026-nrl-signings-tracker-the-latest-from-all-17-clubs/","https://au.sports.yahoo.com/why-shawn-blore-reported-next-053528157.html","","https://www.zerotackle.com/players/shawn-blore/|https://au.sports.yahoo.com/why-shawn-blore-reported-next-053528157.html|https://www.townsvillebulletin.com.au/sport/nrl/nrl-2021-wests-tigers-rebuilt-pack-to-break-ninth-place-curse/news-story/8104ee01cf067b8adfc4fca7b665b4dc"
"mel","Melbourne Storm","Joe Chan","2nd Row","term_chain_no_salary_candidate","backup_baseline","reported_exact","47000000","2026|2027|2028","1","0","1","0","2","1","0","0","","https://www.nrl.com/news/2026/01/01/2026-nrl-signings-tracker-the-latest-from-all-17-clubs/","","","https://www.zerotackle.com/players/joe-chan/"
"mel","Melbourne Storm","Trent Loiero","Lock","term_chain_no_salary_candidate","backup_baseline","reported_exact","59000000","2026|2027|2028","1","0","1","0","2","1","0","0","","https://www.nrl.com/news/2026/01/01/2026-nrl-signings-tracker-the-latest-from-all-17-clubs/","","","https://www.zerotackle.com/players/trent-loiero/"
"mel","Melbourne Storm","Tyran Wishart","Interchange","term_chain_no_salary_candidate","backup_baseline","reported_exact","43000000","2026","1","0","1","0","2","1","0","0","","https://www.nrl.com/news/2026/01/01/2026-nrl-signings-tracker-the-latest-from-all-17-clubs/","","","https://www.zerotackle.com/players/tyran-wishart/"
"mel","Melbourne Storm","Cooper Clarke","Interchange","term_chain_no_salary_candidate","backup_baseline","reported_exact","32500000","2026|2027|2028|2029","3","0","1","0","3","1","1","0","","https://www.nrl.com/news/2026/01/01/2026-nrl-signings-tracker-the-latest-from-all-17-clubs/","https://au.news.yahoo.com/melbourne-storm-deal-blow-to-rival-nrl-teams-as-young-gun-inks-new-long-term-deal-with-club-014947749.html","","https://www.zerotackle.com/players/cooper-clarke/|https://au.news.yahoo.com/melbourne-storm-deal-blow-to-rival-nrl-teams-as-young-gun-inks-new-long-term-deal-with-club-014947749.html|https://www.melbournestorm.com.au/news/2026/04/01/cooper-clarke-re-signs-until-2029/"
"mel","Melbourne Storm","Alec MacDonald","Interchange","term_chain_no_salary_candidate","backup_baseline","reported_exact","44000000","2026|2027|2028","1","0","1","0","2","1","0","0","","https://www.nrl.com/news/2026/01/01/2026-nrl-signings-tracker-the-latest-from-all-17-clubs/","","","https://www.zerotackle.com/players/alec-macdonald/"
"mel","Melbourne Storm","Tui Kamikamica","Interchange","term_chain_no_salary_candidate","backup_baseline","reported_exact","27000000","2026","10","0","1","0","4","2","0","1","","https://www.nrl.com/news/2026/01/01/2026-nrl-signings-tracker-the-latest-from-all-17-clubs/|https://www.melbournestorm.com.au/news/2026/01/29/kamikamica-renews-for-2026/","","https://www.melbournestorm.com.au/news/2026/01/29/kamikamica-renews-for-2026/","https://www.melbournestorm.com.au/news/2026/01/29/kamikamica-renews-for-2026/|https://www.zerotackle.com/players/tui-kamikamica/|https://www.adelaidenow.com.au/sport/nrl/melbourne-storm-star-tui-kamikamica-in-hospital-after-suffering-suspected-stroke/news-story/53edd2cef43712479f50550afdd66f22|https://www.theaustralian.com.au/sport/nrl/tui-kamikamica-sets-sights-on-remarkable-nrl-comeback-after-being-hospitalised-for-stroke/news-story/7deac545ad5bc494ba4400b6b0e97693|https://www.smh.com.au/sport/nrl/back-in-six-weeks-kamikamica-sets-footy-return-date-after-terrifying-stroke-20260429-p5zs6g.html"
"mel","Melbourne Storm","Ativalu Lisati","Unknown","term_chain_no_salary_candidate","derived_bucket_range","derived_range","","2026|2027","1","0","1","0","2","1","0","0","","https://www.nrl.com/news/2026/01/01/2026-nrl-signings-tracker-the-latest-from-all-17-clubs/","","","https://www.zerotackle.com/players/ativalu-lisati/"
"mel","Melbourne Storm","Davvy Moale","Unknown","term_chain_no_salary_candidate","derived_bucket_range","derived_range","","2026","1","0","1","0","2","1","0","0","","https://www.nrl.com/news/2026/01/01/2026-nrl-signings-tracker-the-latest-from-all-17-clubs/","","","https://www.zerotackle.com/players/davvy-moale/"
"mel","Melbourne Storm","Gabriel Satrick","Unknown","term_chain_no_salary_candidate","derived_bucket_range","derived_range","","2026","1","0","1","0","2","1","0","0","","https://www.nrl.com/news/2026/01/01/2026-nrl-signings-tracker-the-latest-from-all-17-clubs/","","","https://www.zerotackle.com/players/gabriel-satrick/"
"mel","Melbourne Storm","Jack Hetherington","Unknown","term_chain_no_salary_candidate","derived_bucket_range","derived_range","","2026","1","0","1","0","2","1","0","0","","https://www.nrl.com/news/2026/01/01/2026-nrl-signings-tracker-the-latest-from-all-17-clubs/","","","https://www.zerotackle.com/players/jack-hetherington/"
"mel","Melbourne Storm","Josiah Pahulu","Unknown","term_chain_no_salary_candidate","derived_bucket_range","derived_range","","2026|2027","2","0","1","0","2","1","0","0","","https://www.nrl.com/news/2026/01/01/2026-nrl-signings-tracker-the-latest-from-all-17-clubs/","","","https://www.zerotackle.com/players/josiah-pahulu/|https://www.melbournestorm.com.au/news/2025/05/26/storm-sign-prop-josiah-pahulu/"
"mel","Melbourne Storm","Lazarus Vaalepu","Unknown","term_chain_no_salary_candidate","derived_bucket_range","derived_range","","2026","3","0","0","0","2","0","0","1","","","","https://www.zerotackle.com/players/lazarus-vaalepu/","https://www.zerotackle.com/players/lazarus-vaalepu/|https://au.news.yahoo.com/melbourne-storm-grant-immediate-release-to-nrl-grand-final-player-to-sign-with-new-club-103930783.html|https://www.zerotackle.com/melbourne-storm-confirm-immediate-departure-of-prop-235434/"
"mel","Melbourne Storm","Manaia Waitere","Unknown","term_chain_no_salary_candidate","derived_bucket_range","derived_range","","2026|2027","1","0","1","0","2","1","0","0","","https://www.nrl.com/news/2026/01/01/2026-nrl-signings-tracker-the-latest-from-all-17-clubs/","","","https://www.zerotackle.com/players/manaia-waitere/"
"mel","Melbourne Storm","Marion Seve","Unknown","term_chain_no_salary_candidate","derived_bucket_range","derived_range","","2026","1","0","1","0","2","1","0","0","","https://www.nrl.com/news/2026/01/01/2026-nrl-signings-tracker-the-latest-from-all-17-clubs/","","","https://www.zerotackle.com/players/marion-seve/"
"mel","Melbourne Storm","Moses Leo","Unknown","term_chain_no_salary_candidate","derived_bucket_range","derived_range","","2026|2027","3","0","1","0","2","1","0","0","","https://www.nrl.com/news/2026/01/01/2026-nrl-signings-tracker-the-latest-from-all-17-clubs/","","","https://www.zerotackle.com/players/moses-leo/|https://www.melbournestorm.com.au/news/2024/11/19/moses-leo-to-join-storm-early/|https://www.melbournestorm.com.au/news/2024/09/20/moses-leo-to-join-melbourne-storm/"
"mel","Melbourne Storm","Siulagi Tuimalata-Brown","Unknown","term_chain_no_salary_candidate","derived_bucket_range","derived_range","","2026","0","0","1","0","1","1","0","0","","https://www.nrl.com/news/2026/01/01/2026-nrl-signings-tracker-the-latest-from-all-17-clubs/","","",""
"mel","Melbourne Storm","Trent Toelau","Unknown","term_chain_no_salary_candidate","derived_bucket_range","derived_range","","2026","1","0","1","0","2","1","0","0","","https://www.nrl.com/news/2026/01/01/2026-nrl-signings-tracker-the-latest-from-all-17-clubs/","","","https://www.zerotackle.com/players/trent-toelau/"
"nzl","New Zealand Warriors","Charnze Nicoll-Klokstad","Fullback","term_chain_no_salary_candidate","backup_baseline","reported_exact","42000000","2026|2027","3","0","1","0","3","1","0","1","","https://www.nrl.com/news/2026/01/01/2026-nrl-signings-tracker-the-latest-from-all-17-clubs/","","https://www.ntnews.com.au/sport/canberra-to-lock-charnze-nicollklokstad-in-with-contract-extension/news-story/2d46101437fb29341b0a6f116cb1fbdc","https://www.zerotackle.com/players/charnze-nicoll-klokstad/|https://www.ntnews.com.au/sport/canberra-to-lock-charnze-nicollklokstad-in-with-contract-extension/news-story/2d46101437fb29341b0a6f116cb1fbdc|https://www.ntnews.com.au/sport/charnze-nicollklokstads-cutpriced-whisperer-driving-rapid-nrl-rise/news-story/9629f018165f211105951fdb953b6ba6"
"nzl","New Zealand Warriors","Dallin Watene-Zelezniak","Winger","term_chain_no_salary_candidate","backup_baseline","reported_exact","41000000","2026|2027|2028","7","0","1","0","7","1","0","5","","https://www.nrl.com/news/2026/01/01/2026-nrl-signings-tracker-the-latest-from-all-17-clubs/","","https://www.dailytelegraph.com.au/sport/nrl/dallin-watenezelezniak-to-sign-warriors-extension/news-story/02106a40d047e5eb76f62519ab0174eb|https://www.rnz.co.nz/news/sport/680770/nz-warriors-star-dallin-watene-zelezniak-extends-contract-through-2028|https://www.ntnews.com.au/sport/nrl/dallin-watenezelezniak-to-sign-warriors-extension/news-story/02106a40d047e5eb76f62519ab0174eb","https://www.dailytelegraph.com.au/sport/nrl/dallin-watenezelezniak-to-sign-warriors-extension/news-story/02106a40d047e5eb76f62519ab0174eb|https://www.zerotackle.com/players/dallin-watene-zelezniak/|https://www.rnz.co.nz/news/sport/680770/nz-warriors-star-dallin-watene-zelezniak-extends-contract-through-2028|https://www.ntnews.com.au/sport/nrl/dallin-watenezelezniak-to-sign-warriors-extension/news-story/02106a40d047e5eb76f62519ab0174eb|https://au.sports.yahoo.com/whispers-extension-warriors-winger-044659320.html"
"nzl","New Zealand Warriors","Rocco Berry","Centre","term_chain_no_salary_candidate","backup_baseline","reported_exact","35000000","2026","1","0","1","0","2","1","0","0","","https://www.nrl.com/news/2026/01/01/2026-nrl-signings-tracker-the-latest-from-all-17-clubs/","","","https://www.zerotackle.com/players/rocco-berry/"
"nzl","New Zealand Warriors","Adam Pompey","Centre","term_chain_no_salary_candidate","backup_baseline","reported_exact","32000000","2026|2027","1","0","1","0","2","1","0","0","","https://www.nrl.com/news/2026/01/01/2026-nrl-signings-tracker-the-latest-from-all-17-clubs/","","","https://www.zerotackle.com/players/adam-pompey/"
"nzl","New Zealand Warriors","Roger Tuivasa-Sheck","Winger","term_chain_no_salary_candidate","backup_baseline","reported_exact","45000000","2026","10","0","1","0","6","1","3","1","","https://www.nrl.com/news/2026/01/01/2026-nrl-signings-tracker-the-latest-from-all-17-clubs/","https://www.theaustralian.com.au/news/latest-news/acl-confirmed-roger-tuivasashecks-nrl-career-is-over-after-devastating-knee-injury-confirmed/news-story/e8a505b13b0c17fcdf6c6c5c43feae90|https://www.dailytelegraph.com.au/sport/nrl/acl-confirmed-roger-tuivasashecks-nrl-career-is-over-after-devastating-knee-injury-confirmed/news-story/e8a505b13b0c17fcdf6c6c5c43feae90|https://www.heraldsun.com.au/sport/nrl/teams/warriors/warriors-captain-roger-tuivasasheck-resigns-with-new-zealand-until-2022/news-story/1398fbd52b53170cc3bd246a49c30d26","https://www.heraldsun.com.au/sport/nrl/teams/warriors/warriors-captain-roger-tuivasasheck-resigns-with-new-zealand-until-2022/news-story/1398fbd52b53170cc3bd246a49c30d26","https://www.theaustralian.com.au/news/latest-news/acl-confirmed-roger-tuivasashecks-nrl-career-is-over-after-devastating-knee-injury-confirmed/news-story/e8a505b13b0c17fcdf6c6c5c43feae90|https://www.dailytelegraph.com.au/sport/nrl/acl-confirmed-roger-tuivasashecks-nrl-career-is-over-after-devastating-knee-injury-confirmed/news-story/e8a505b13b0c17fcdf6c6c5c43feae90|https://www.zerotackle.com/players/roger-tuivasa-sheck/|https://www.abc.net.au/news/2026-03-28/roger-tuivasa-sheck-signs-for-english-club-wakefield-trinity/106506466|https://www.heraldsun.com.au/sport/nrl/teams/warriors/warriors-captain-roger-tuivasasheck-resigns-with-new-zealand-until-2022/news-story/1398fbd52b53170cc3bd246a49c30d26"
"nzl","New Zealand Warriors","Luke Metcalf","Five-Eighth","ready_for_manual_salary_promotion_review","backup_baseline","reported_exact","87500000","2026","9","0","1","2","5","1","3","0","https://www.dailytelegraph.com.au/sport/dragons-in-box-seat-to-sign-luke-metcalf-as-canterbury-pulls-out/news-story/40c8d2814940c3fe3ea1ea9da6178d64|https://www.foxsports.com.au/nrl/nrl-premiership/nrl-2026-luke-metcalf-signs-threeyear-deal-with-dragons-contract-details-pay-warriors/news-story/5221c4895130a16c0378b74f3833af16","https://www.nrl.com/news/2026/01/01/2026-nrl-signings-tracker-the-latest-from-all-17-clubs/","https://www.couriermail.com.au/sport/dragons-in-box-seat-to-sign-luke-metcalf-as-canterbury-pulls-out/news-story/40c8d2814940c3fe3ea1ea9da6178d64|https://www.news.com.au/sport/nrl/nrl-bombshell-as-new-zealand-warriors-star-luke-metcalf-seeks-exit/news-story/1bb2726ed79d4409d38ee52948572b89|https://www.ntnews.com.au/sport/nrl/nrl-bombshell-as-new-zealand-warriors-star-luke-metcalf-seeks-exit/news-story/1bb2726ed79d4409d38ee52948572b89","","https://www.dailytelegraph.com.au/sport/dragons-in-box-seat-to-sign-luke-metcalf-as-canterbury-pulls-out/news-story/40c8d2814940c3fe3ea1ea9da6178d64|https://www.foxsports.com.au/nrl/nrl-premiership/nrl-2026-luke-metcalf-signs-threeyear-deal-with-dragons-contract-details-pay-warriors/news-story/5221c4895130a16c0378b74f3833af16|https://www.couriermail.com.au/sport/dragons-in-box-seat-to-sign-luke-metcalf-as-canterbury-pulls-out/news-story/40c8d2814940c3fe3ea1ea9da6178d64|https://www.news.com.au/sport/nrl/nrl-bombshell-as-new-zealand-warriors-star-luke-metcalf-seeks-exit/news-story/1bb2726ed79d4409d38ee52948572b89|https://www.zerotackle.com/players/luke-metcalf/"
"nzl","New Zealand Warriors","Tanah Boyd","Halfback","term_chain_no_salary_candidate","backup_baseline","reported_exact","55000000","2026|2027|2028|2029","6","0","1","0","6","3","0","4","","https://www.nrl.com/news/2026/01/01/2026-nrl-signings-tracker-the-latest-from-all-17-clubs/|https://www.warriors.kiwi/news/2026/07/06/martin-extends-stay-until-end-of-2027-nrl-season/|https://www.warriors.kiwi/news/2026/05/22/boyd-re-signed-until-end-of-2029-nrl-season/","","https://www.warriors.kiwi/news/2026/07/06/martin-extends-stay-until-end-of-2027-nrl-season/|https://www.warriors.kiwi/news/2026/05/22/boyd-re-signed-until-end-of-2029-nrl-season/|https://www.news.com.au/sport/nrl/injured-halfback-tanah-boyd-locked-in-to-warriors-on-new-deal/news-story/57c2f12bef44f9eb9eacbd3406c35dd0","https://www.warriors.kiwi/news/2026/07/06/martin-extends-stay-until-end-of-2027-nrl-season/|https://www.warriors.kiwi/news/2026/05/22/boyd-re-signed-until-end-of-2029-nrl-season/|https://www.news.com.au/sport/nrl/injured-halfback-tanah-boyd-locked-in-to-warriors-on-new-deal/news-story/57c2f12bef44f9eb9eacbd3406c35dd0|https://www.zerotackle.com/players/tanah-boyd/|https://www.goldcoastbulletin.com.au/sport/nrl/injured-halfback-tanah-boyd-locked-in-to-warriors-on-new-deal/news-story/57c2f12bef44f9eb9eacbd3406c35dd0"
"nzl","New Zealand Warriors","James Fisher-Harris","Prop","term_chain_no_salary_candidate","backup_baseline","reported_exact","87000000","2026|2027|2028","1","0","1","0","2","1","0","0","","https://www.nrl.com/news/2026/01/01/2026-nrl-signings-tracker-the-latest-from-all-17-clubs/","","","https://www.zerotackle.com/players/james-fisher-harris/"
"nzl","New Zealand Warriors","Wayde Egan","Hooker","term_chain_no_salary_candidate","backup_baseline","reported_exact","72000000","2026|2027","1","0","1","0","2","1","0","0","","https://www.nrl.com/news/2026/01/01/2026-nrl-signings-tracker-the-latest-from-all-17-clubs/","","","https://www.zerotackle.com/players/wayde-egan/"
"nzl","New Zealand Warriors","Jackson Ford","Prop","term_chain_no_salary_candidate","backup_baseline","reported_exact","62000000","2026|2027","1","0","1","0","2","1","0","0","","https://www.nrl.com/news/2026/01/01/2026-nrl-signings-tracker-the-latest-from-all-17-clubs/","","","https://www.zerotackle.com/players/jackson-ford/"
"nzl","New Zealand Warriors","Kurt Capewell","2nd Row","term_chain_no_salary_candidate","backup_baseline","reported_exact","44000000","2026","3","0","1","0","3","1","0","0","","https://www.nrl.com/news/2026/01/01/2026-nrl-signings-tracker-the-latest-from-all-17-clubs/","","","https://www.ntnews.com.au/sport/nrl/nrl-2021-kurt-capewell-future-brisbane-broncos-penrith-panthers-contract/news-story/3d044a604eb62b04e1b5caec7e9e777a|https://www.zerotackle.com/players/kurt-capewell/|https://www.rnz.co.nz/news/sport/686527/warriors-turn-attention-to-retaining-origin-star-kurt-capewell"
"nzl","New Zealand Warriors","Leka Halasima","2nd Row","term_chain_no_salary_candidate","backup_baseline","reported_exact","58000000","2026|2027|2028|2029","1","0","1","0","2","1","0","0","","https://www.nrl.com/news/2026/01/01/2026-nrl-signings-tracker-the-latest-from-all-17-clubs/","","","https://www.zerotackle.com/players/leka-halasima/"
"nzl","New Zealand Warriors","Mitch Barnett","Lock","term_chain_no_salary_candidate","backup_baseline","reported_exact","88000000","2026","2","0","1","0","3","1","1","0","","https://www.nrl.com/news/2026/01/01/2026-nrl-signings-tracker-the-latest-from-all-17-clubs/","https://au.news.yahoo.com/broncos-star-on-cusp-of-re-signing-after-teammate-sent-to-warriors-in-mitch-barnett-swap-231619119.html","","https://www.rnz.co.nz/news/sport/592595/nrl-nz-warriors-sign-grant-anderson-in-brisbane-broncos-exchange-for-mitch-barnett|https://au.news.yahoo.com/broncos-star-on-cusp-of-re-signing-after-teammate-sent-to-warriors-in-mitch-barnett-swap-231619119.html"
"nzl","New Zealand Warriors","Chanel Tevita-Harris","Interchange","term_chain_no_salary_candidate","backup_baseline","reported_exact","38000000","2026","1","0","1","0","2","1","0","0","","https://www.nrl.com/news/2026/01/01/2026-nrl-signings-tracker-the-latest-from-all-17-clubs/","","","https://www.zerotackle.com/players/chanel-harris-tavita/"
"nzl","New Zealand Warriors","Erin Clark","Interchange","term_chain_no_salary_candidate","backup_baseline","reported_exact","55000000","2026|2027|2028|2029","1","0","1","0","2","1","0","0","","https://www.nrl.com/news/2026/01/01/2026-nrl-signings-tracker-the-latest-from-all-17-clubs/","","","https://www.zerotackle.com/players/erin-clark/"
"nzl","New Zealand Warriors","Morgan Gannon","Interchange","term_chain_no_salary_candidate","backup_baseline","reported_exact","37500000","2026","5","0","1","0","5","1","0","0","","https://www.nrl.com/news/2026/01/01/2026-nrl-signings-tracker-the-latest-from-all-17-clubs/","","","https://www.couriermail.com.au/sport/nrl/warriors-grant-morgan-gannon-early-release-with-international-gun-returning-to-uk/news-story/330a6affb7e5a6f8f44363de2963c52e|https://www.dailytelegraph.com.au/sport/nrl/warriors-grant-morgan-gannon-early-release-with-international-gun-returning-to-uk/news-story/330a6affb7e5a6f8f44363de2963c52e|https://www.zerotackle.com/players/morgan-gannon/|https://www.themercury.com.au/sport/nrl/warriors-grant-morgan-gannon-early-release-with-international-gun-returning-to-uk/news-story/330a6affb7e5a6f8f44363de2963c52e|https://www.thechronicle.com.au/sport/nrl/warriors-grant-morgan-gannon-early-release-with-international-gun-returning-to-uk/news-story/330a6affb7e5a6f8f44363de2963c52e"
"nzl","New Zealand Warriors","Marata Niukore","Interchange","term_chain_no_salary_candidate","backup_baseline","reported_exact","61000000","2026","3","0","1","0","4","1","2","0","","https://www.nrl.com/news/2026/01/01/2026-nrl-signings-tracker-the-latest-from-all-17-clubs/","https://www.theaustralian.com.au/sport/nrl/nrl-transfer-news-wests-tigers-set-to-extend-star-halfback-adam-doueihi/news-story/ad054a531ffbfae7c6662caf6863db4f|https://www.couriermail.com.au/sport/nrl/nrl-transfer-news-wests-tigers-set-to-extend-star-halfback-adam-doueihi/news-story/ad054a531ffbfae7c6662caf6863db4f","","https://www.theaustralian.com.au/sport/nrl/nrl-transfer-news-wests-tigers-set-to-extend-star-halfback-adam-doueihi/news-story/ad054a531ffbfae7c6662caf6863db4f|https://www.couriermail.com.au/sport/nrl/nrl-transfer-news-wests-tigers-set-to-extend-star-halfback-adam-doueihi/news-story/ad054a531ffbfae7c6662caf6863db4f|https://www.zerotackle.com/players/marata-niukore/"
"nzl","New Zealand Warriors","Jacob Laban","Unknown","term_chain_no_salary_candidate","derived_bucket_range","derived_range","","2026|2027|2028|2029","1","0","1","0","2","1","0","0","","https://www.nrl.com/news/2026/01/01/2026-nrl-signings-tracker-the-latest-from-all-17-clubs/","","","https://www.zerotackle.com/players/jacob-laban/"
"nzl","New Zealand Warriors","Alofiana Khan-Pereira","Unknown","term_chain_no_salary_candidate","derived_bucket_range","derived_range","","2026|2027|2028","1","0","1","0","2","1","0","0","","https://www.nrl.com/news/2026/01/01/2026-nrl-signings-tracker-the-latest-from-all-17-clubs/","","","https://www.zerotackle.com/players/alofiana-khan-pereira/"
"nzl","New Zealand Warriors","Ali Leiataua","Unknown","term_chain_no_salary_candidate","derived_bucket_range","derived_range","","2026|2027","1","0","1","0","2","1","0","0","","https://www.nrl.com/news/2026/01/01/2026-nrl-signings-tracker-the-latest-from-all-17-clubs/","","","https://www.zerotackle.com/players/ali-leiataua/"
"nzl","New Zealand Warriors","Demitric Vaimauga","Unknown","term_chain_no_salary_candidate","derived_bucket_range","derived_range","","2026|2027|2028","1","0","1","0","2","1","0","0","","https://www.nrl.com/news/2026/01/01/2026-nrl-signings-tracker-the-latest-from-all-17-clubs/","","","https://www.zerotackle.com/players/demitric-vaimauga/"
"nzl","New Zealand Warriors","Eddie Ieremia-Toeava","Unknown","term_chain_no_salary_candidate","derived_bucket_range","derived_range","","2026|2027|2028","1","0","1","0","2","1","0","0","","https://www.nrl.com/news/2026/01/01/2026-nrl-signings-tracker-the-latest-from-all-17-clubs/","","","https://www.zerotackle.com/players/eddie-ieremia-toeava/"
"nzl","New Zealand Warriors","Haizyn Mellars","Unknown","term_chain_no_salary_candidate","derived_bucket_range","derived_range","","2026|2027|2028","1","0","1","0","2","1","0","0","","https://www.nrl.com/news/2026/01/01/2026-nrl-signings-tracker-the-latest-from-all-17-clubs/","","","https://www.zerotackle.com/players/haizyn-mellars/"
"nzl","New Zealand Warriors","Jye Linnane","Unknown","term_chain_no_salary_candidate","derived_bucket_range","derived_range","","2026|2027|2028","1","0","1","0","2","1","0","0","","https://www.nrl.com/news/2026/01/01/2026-nrl-signings-tracker-the-latest-from-all-17-clubs/","","","https://www.zerotackle.com/players/jye-linnane/"
"nzl","New Zealand Warriors","Kayliss Fatialofa","Unknown","term_chain_no_salary_candidate","derived_bucket_range","derived_range","","2026|2027","1","0","1","0","2","1","0","0","","https://www.nrl.com/news/2026/01/01/2026-nrl-signings-tracker-the-latest-from-all-17-clubs/","","","https://www.zerotackle.com/players/kayliss-fatialofa/"
"nzl","New Zealand Warriors","Sam Healey","Unknown","term_chain_no_salary_candidate","derived_bucket_range","derived_range","","2026|2027","1","0","1","0","2","1","0","0","","https://www.nrl.com/news/2026/01/01/2026-nrl-signings-tracker-the-latest-from-all-17-clubs/","","","https://www.zerotackle.com/players/samuel-healey/"
"nzl","New Zealand Warriors","Taine Tuaupiki","Unknown","term_chain_no_salary_candidate","derived_bucket_range","derived_range","","2026|2027|2028","1","0","1","0","2","1","0","0","","https://www.nrl.com/news/2026/01/01/2026-nrl-signings-tracker-the-latest-from-all-17-clubs/","","","https://www.zerotackle.com/players/taine-tuaupiki/"
"nzl","New Zealand Warriors","Tanner Stowers-Smith","Unknown","term_chain_no_salary_candidate","derived_bucket_range","derived_range","","2026|2027|2028","1","0","1","0","2","1","0","0","","https://www.nrl.com/news/2026/01/01/2026-nrl-signings-tracker-the-latest-from-all-17-clubs/","","","https://www.zerotackle.com/players/tanner-stowers-smith/"
"nzl","New Zealand Warriors","Te Maire Martin","Unknown","term_chain_no_salary_candidate","derived_bucket_range","derived_range","","2026|2027","5","0","1","0","4","2","0","2","","https://www.nrl.com/news/2026/01/01/2026-nrl-signings-tracker-the-latest-from-all-17-clubs/|https://www.warriors.kiwi/news/2026/07/06/martin-extends-stay-until-end-of-2027-nrl-season/","","https://www.warriors.kiwi/news/2026/07/06/martin-extends-stay-until-end-of-2027-nrl-season/|https://au.sports.yahoo.com/another-one-warriors-land-second-091558345.html","https://www.warriors.kiwi/news/2026/07/06/martin-extends-stay-until-end-of-2027-nrl-season/|https://www.zerotackle.com/players/te-maire-martin/|https://au.sports.yahoo.com/another-one-warriors-land-second-091558345.html|https://www.dailytelegraph.com.au/sport/nrl/luciano-leilua-quits-nrl-as-dragons-massive-roster-overhaul-continues/news-story/de58edb5ea1fac9f5d36c141faa5bc96|https://www.rnz.co.nz/news/sport/695844/simple-pleasures-keep-veteran-halfback-te-maire-martin-at-nz-warriors"
"new","Newcastle Knights","Kalyn Ponga","Fullback","term_chain_no_salary_candidate","backup_baseline","reported_exact","135000000","2026|2027|2028|2029|2030","10","0","1","0","3","1","0","0","","https://www.nrl.com/news/2026/01/01/2026-nrl-signings-tracker-the-latest-from-all-17-clubs/","","","https://www.ntnews.com.au/sport/should-newcastle-knights-pay-1-million-a-season-to-keep-kalyn-ponga/news-story/58dd75bd170767c20b0454cdc885d28a|https://www.zerotackle.com/players/kalyn-ponga/|https://www.goldcoastbulletin.com.au/sport/monday-bunker-kalyn-ponga-is-not-worth-one-million-per-season/news-story/3f55d657ad633a2dad677c0cd7ba94ce|https://www.thechronicle.com.au/sport/nrl/kalyn-ponga-thirdparty-deal-being-investigated-by-nrl/news-story/52db5f6c59bcb6778a0d9bc6da0ce9c9|https://www.newcastleknights.com.au/news/2022/04/20/kalyn-ponga-re-signs/"
"new","Newcastle Knights","Dominic Young","Winger","term_chain_no_salary_candidate","backup_baseline","reported_exact","42500000","2026|2027","1","0","1","0","2","1","0","0","","https://www.nrl.com/news/2026/01/01/2026-nrl-signings-tracker-the-latest-from-all-17-clubs/","","","https://www.zerotackle.com/players/dominic-young/"
"new","Newcastle Knights","Dane Gagai","Centre","term_chain_no_salary_candidate","backup_baseline","reported_exact","41000000","2026","12","0","1","0","11","1","3","0","","https://www.nrl.com/news/2026/01/01/2026-nrl-signings-tracker-the-latest-from-all-17-clubs/","https://au.sports.yahoo.com/dane-gagai-makes-decision-nrl-014002709.html|https://www.zerotackle.com/dane-gagai-makes-a-decision-on-his-nrl-future-235249/|https://www.adelaidenow.com.au/sport/nrl/teams/knights/newcastle-to-confirm-dane-gagai-exit-with-queensland-origin-centre-set-to-join-south-sydney/news-story/84051b657a031f2fb64e9ac43ca10af7","","https://www.couriermail.com.au/sport/nrl/broncos-coach-michael-maguire-addresses-bid-to-bring-dane-gagai-back-to-brisbane/news-story/c263768d094b39318ccb5745856f834e|https://www.theaustralian.com.au/sport/nrl/maroons-great-dane-gagai-in-talks-over-shock-return-to-brisbane-broncos/news-story/e483e590e2d2bba6faea6f4feb5d0ce6|https://www.zerotackle.com/players/dane-gagai/|https://au.sports.yahoo.com/dane-gagai-makes-decision-nrl-014002709.html|https://www.goldcoastbulletin.com.au/sport/nrl/broncos-coach-michael-maguire-addresses-bid-to-bring-dane-gagai-back-to-brisbane/news-story/c263768d094b39318ccb5745856f834e"
"new","Newcastle Knights","Bradman Best","Centre","term_chain_no_salary_candidate","backup_baseline","reported_exact","74000000","2026|2027","3","0","1","0","3","1","1","0","","https://www.nrl.com/news/2026/01/01/2026-nrl-signings-tracker-the-latest-from-all-17-clubs/","https://au.sports.yahoo.com/bradman-best-contract-talks-intensify-010344667.html","","https://www.zerotackle.com/players/bradman-best/|https://au.sports.yahoo.com/bradman-best-contract-talks-intensify-010344667.html|https://www.newcastleherald.com.au/story/9301978/greg-inglis-weighs-in-on-nsw-recalling-knights-star-bradman-best/"
"new","Newcastle Knights","Greg Marzhew","Winger","term_chain_no_salary_candidate","backup_baseline","reported_exact","32000000","2026|2027|2028|2029","4","0","1","0","5","3","0","2","","https://www.nrl.com/news/2026/01/01/2026-nrl-signings-tracker-the-latest-from-all-17-clubs/|https://www.newcastleknights.com.au/news/2026/05/13/greg-marzhew-signs-multi-year-extension/|https://www.newcastleknights.com.au/news/2022/11/30/knights-confirm-randall-marzhew-swap-deal/","","https://www.newcastleknights.com.au/news/2026/05/13/greg-marzhew-signs-multi-year-extension/|https://au.sports.yahoo.com/turned-down-higher-offers-greg-082856523.html","https://www.newcastleknights.com.au/news/2026/05/13/greg-marzhew-signs-multi-year-extension/|https://www.newcastleknights.com.au/news/2022/11/30/knights-confirm-randall-marzhew-swap-deal/|https://www.zerotackle.com/players/greg-marzhew/|https://au.sports.yahoo.com/turned-down-higher-offers-greg-082856523.html"
"new","Newcastle Knights","Fletcher Sharpe","Five-Eighth","term_chain_no_salary_candidate","backup_baseline","reported_exact","72500000","2026|2027|2028","1","0","1","0","2","1","0","0","","https://www.nrl.com/news/2026/01/01/2026-nrl-signings-tracker-the-latest-from-all-17-clubs/","","","https://www.zerotackle.com/players/fletcher-sharpe/"
"new","Newcastle Knights","Dylan Brown","Halfback","term_chain_no_salary_candidate","backup_baseline","reported_exact","99000000","2026|2027|2028|2029|2030|2031|2032|2033|2034|2035","5","0","1","0","4","2","0","0","","https://www.nrl.com/news/2026/01/01/2026-nrl-signings-tracker-the-latest-from-all-17-clubs/|https://www.nrl.com/news/2026/05/31/milestone-man-victory-over-old-club-no-big-deal-for-dyl/","","","https://www.msn.com/en-au/sport/rugby_league/10-highest-paid-nrl-players-for-2026/ar-AA2719cA|https://www.nrl.com/news/2026/05/31/milestone-man-victory-over-old-club-no-big-deal-for-dyl/|https://www.zerotackle.com/players/dylan-brown/|https://au.sports.yahoo.com/phoenix-crossland-delivers-verdict-dylan-214841938.html|https://www.zerotackle.com/the-biggest-misconception-around-the-eels-rebuild-235478/"
"new","Newcastle Knights","Jacob Saifiti","Prop","term_chain_no_salary_candidate","backup_baseline","reported_exact","62500000","2026|2027","7","0","1","0","8","6","0","2","","https://www.nrl.com/news/2026/01/01/2026-nrl-signings-tracker-the-latest-from-all-17-clubs/|https://www.newcastleknights.com.au/news/2026/06/04/dylan-lucas-re-signs-for-three-more-years/|https://www.newcastleknights.com.au/news/2026/05/14/two-more-years-for-jermaine-mcewen/","","https://www.newcastleknights.com.au/news/2026/06/04/dylan-lucas-re-signs-for-three-more-years/|https://www.newcastleknights.com.au/news/2026/05/13/greg-marzhew-signs-multi-year-extension/","https://www.newcastleknights.com.au/news/2026/06/04/dylan-lucas-re-signs-for-three-more-years/|https://www.newcastleknights.com.au/news/2026/05/14/two-more-years-for-jermaine-mcewen/|https://www.newcastleknights.com.au/news/2026/05/13/greg-marzhew-signs-multi-year-extension/|https://www.newcastleknights.com.au/news/2022/11/30/knights-confirm-randall-marzhew-swap-deal/|https://www.newcastleknights.com.au/news/2022/11/16/knights-sign-jackson-hastings/"
"new","Newcastle Knights","Phoenix Crossland","Hooker","term_chain_no_salary_candidate","backup_baseline","reported_exact","52500000","2026|2027|2028","2","0","1","0","3","1","0","0","","https://www.nrl.com/news/2026/01/01/2026-nrl-signings-tracker-the-latest-from-all-17-clubs/","","","https://www.zerotackle.com/players/phoenix-crossland/|https://au.sports.yahoo.com/phoenix-crossland-delivers-verdict-dylan-214841938.html"
"new","Newcastle Knights","Trey Mooney","Prop","term_chain_no_salary_candidate","backup_baseline","reported_exact","47500000","2026|2027|2028|2029","1","0","1","0","2","1","0","0","","https://www.nrl.com/news/2026/01/01/2026-nrl-signings-tracker-the-latest-from-all-17-clubs/","","","https://www.zerotackle.com/players/trey-mooney/"
"new","Newcastle Knights","Dylan Lucas","2nd Row","term_chain_no_salary_candidate","backup_baseline","reported_exact","72500000","2026|2027|2028|2029|2030","5","0","1","0","5","2","0","3","","https://www.nrl.com/news/2026/01/01/2026-nrl-signings-tracker-the-latest-from-all-17-clubs/|https://www.newcastleknights.com.au/news/2026/06/04/dylan-lucas-re-signs-for-three-more-years/","","https://www.newcastleknights.com.au/news/2026/06/04/dylan-lucas-re-signs-for-three-more-years/|https://www.couriermail.com.au/sport/nrl/knights-star-dylan-lucas-inks-three-year-extension-to-stay-in-newcastle-until-the-end-of-2030/news-story/4fb4e103934c19d8e684dc816af82799|https://www.goldcoastbulletin.com.au/sport/nrl/knights-star-dylan-lucas-inks-three-year-extension-to-stay-in-newcastle-until-the-end-of-2030/news-story/4fb4e103934c19d8e684dc816af82799","https://www.newcastleknights.com.au/news/2026/06/04/dylan-lucas-re-signs-for-three-more-years/|https://www.couriermail.com.au/sport/nrl/knights-star-dylan-lucas-inks-three-year-extension-to-stay-in-newcastle-until-the-end-of-2030/news-story/4fb4e103934c19d8e684dc816af82799|https://www.zerotackle.com/players/dylan-lucas/|https://www.goldcoastbulletin.com.au/sport/nrl/knights-star-dylan-lucas-inks-three-year-extension-to-stay-in-newcastle-until-the-end-of-2030/news-story/4fb4e103934c19d8e684dc816af82799|https://www.cairnspost.com.au/sport/nrl/dylan-lucas-stars-as-newcastle-knights-hold-on-to-win-2822-in-thriller-over-parramatta-eels/news-story/87664affd4e324cd64314073ef993850"
"new","Newcastle Knights","Jermaine McEwen","2nd Row","term_chain_no_salary_candidate","backup_baseline","reported_exact","31000000","2026|2027|2028","5","0","1","0","4","2","0","0","","https://www.nrl.com/news/2026/01/01/2026-nrl-signings-tracker-the-latest-from-all-17-clubs/|https://www.newcastleknights.com.au/news/2026/05/14/two-more-years-for-jermaine-mcewen/","","","https://www.newcastleknights.com.au/news/2026/05/14/two-more-years-for-jermaine-mcewen/|https://www.zerotackle.com/players/jermaine-mcewen/|https://www.townsvillebulletin.com.au/sport/nrl/knights-star-jermaine-mcewen-faces-nrl-probe-after-drinkdriving-charge/news-story/9580b96e7eef7e2c456d6f03754d83e0|https://www.couriermail.com.au/sport/nrl/knights-star-jermaine-mcewen-referred-to-nrl-integrity-unit-after-drink-driving-charges/news-story/5155c3650faa25d8805079e3a8ab3d9c|https://www.thechronicle.com.au/sport/nrl/knights-star-jermaine-mcewen-faces-nrl-probe-after-drinkdriving-charge/news-story/9580b96e7eef7e2c456d6f03754d83e0"
"new","Newcastle Knights","Mathew Croker","Lock","term_chain_no_salary_candidate","backup_baseline","reported_exact","32000000","2026|2027","0","0","1","0","1","1","0","0","","https://www.nrl.com/news/2026/01/01/2026-nrl-signings-tracker-the-latest-from-all-17-clubs/","","",""
"new","Newcastle Knights","Sandon Smith","Interchange","term_chain_no_salary_candidate","backup_baseline","reported_exact","42500000","2026|2027|2028|2029","1","0","1","0","2","1","0","0","","https://www.nrl.com/news/2026/01/01/2026-nrl-signings-tracker-the-latest-from-all-17-clubs/","","","https://www.zerotackle.com/players/sandon-smith/"
"new","Newcastle Knights","Tyson Frizell","Interchange","term_chain_no_salary_candidate","backup_baseline","reported_exact","38000000","2026","2","0","1","0","3","1","1","0","","https://www.nrl.com/news/2026/01/01/2026-nrl-signings-tracker-the-latest-from-all-17-clubs/","https://www.townsvillebulletin.com.au/sport/nrl/nrl-contracts-on-hold-as-clubs-offer-redundancies-for-staff-amid-coronavirus-financial-storm/news-story/762b5e56d3d3345c527ec6396737425a","","https://www.zerotackle.com/players/tyson-frizell/|https://www.townsvillebulletin.com.au/sport/nrl/nrl-contracts-on-hold-as-clubs-offer-redundancies-for-staff-amid-coronavirus-financial-storm/news-story/762b5e56d3d3345c527ec6396737425a"
"new","Newcastle Knights","Brodie Jones","Interchange","term_chain_no_salary_candidate","backup_baseline","reported_exact","37000000","2026","1","0","1","0","2","1","1","0","","https://www.nrl.com/news/2026/01/01/2026-nrl-signings-tracker-the-latest-from-all-17-clubs/","https://www.zerotackle.com/players/brodie-jones/","","https://www.zerotackle.com/players/brodie-jones/"
"new","Newcastle Knights","Cody Hopwood","Interchange","term_chain_no_salary_candidate","backup_baseline","reported_exact","26000000","2026|2027|2028","1","0","1","0","2","1","0","0","","https://www.nrl.com/news/2026/01/01/2026-nrl-signings-tracker-the-latest-from-all-17-clubs/","","","https://www.zerotackle.com/players/cody-hopwood/"
"new","Newcastle Knights","Asu Kepaoa","Unknown","term_chain_no_salary_candidate","derived_bucket_range","derived_range","","2026|2027","5","0","1","0","2","1","0","0","","https://www.nrl.com/news/2026/01/01/2026-nrl-signings-tracker-the-latest-from-all-17-clubs/","","","https://www.zerotackle.com/players/asu-kepaoa/|https://www.news.com.au/sport/nrl/knights/newcastle-knights-player-asu-kepaoa-sent-off-after-alleged-homophobic-slur/news-story/f8b468abbb22a460e0d816d13294dcfd|https://www.abc.net.au/news/2026-06-25/asu-kepaoa-banned-for-six-weeks-over-homophobic-slur/106839020|https://www.goldcoastbulletin.com.au/sport/nrl/referred-asu-kepaoa-sent-straight-to-the-nswrl-judiciary-for-alleged-homophobic-slur-in-nsw-cup-match/news-story/5c2bbcb7ce32255193cf16c4c991362e|https://www.themercury.com.au/sport/nrl/asu-kepaoa-sent-off-in-nsw-cup-after-alleged-homophobic-slur/news-story/070b34967090484d996d7553c56a1d02"
"new","Newcastle Knights","Elijah Salesa-Leaumoana","Unknown","term_chain_no_salary_candidate","derived_bucket_range","derived_range","","2026|2027","1","0","1","0","2","1","0","1","","https://www.nrl.com/news/2026/01/01/2026-nrl-signings-tracker-the-latest-from-all-17-clubs/","","https://www.zerotackle.com/players/elijah-salesa-leaumoana/","https://www.zerotackle.com/players/elijah-salesa-leaumoana/"
"new","Newcastle Knights","Francis Manuleleua","Unknown","term_chain_no_salary_candidate","derived_bucket_range","derived_range","","2026|2027","2","0","1","0","3","1","0","1","","https://www.nrl.com/news/2026/01/01/2026-nrl-signings-tracker-the-latest-from-all-17-clubs/","","https://au.sports.yahoo.com/panthers-reject-earns-contract-extension-014054061.html","https://www.zerotackle.com/players/francis-manuleleua/|https://au.sports.yahoo.com/panthers-reject-earns-contract-extension-014054061.html"
"new","Newcastle Knights","James Schiller","Unknown","term_chain_no_salary_candidate","derived_bucket_range","derived_range","","2026|2027","1","0","1","0","2","1","0","0","","https://www.nrl.com/news/2026/01/01/2026-nrl-signings-tracker-the-latest-from-all-17-clubs/","","","https://www.zerotackle.com/players/james-schiller/"
"new","Newcastle Knights","Lachlan Crouch","Unknown","term_chain_no_salary_candidate","derived_bucket_range","derived_range","","2026|2027|2028","1","0","1","0","2","1","0","0","","https://www.nrl.com/news/2026/01/01/2026-nrl-signings-tracker-the-latest-from-all-17-clubs/","","","https://www.zerotackle.com/players/lachlan-crouch/"
"new","Newcastle Knights","Matt Arthur","Unknown","term_chain_no_salary_candidate","derived_bucket_range","derived_range","","2026|2027","1","0","1","0","2","1","0","0","","https://www.nrl.com/news/2026/01/01/2026-nrl-signings-tracker-the-latest-from-all-17-clubs/","","","https://www.zerotackle.com/players/matt-arthur/"
"new","Newcastle Knights","Pasamu Saulo","Unknown","term_chain_no_salary_candidate","derived_bucket_range","derived_range","","2026|2027","1","0","1","0","2","1","0","0","","https://www.nrl.com/news/2026/01/01/2026-nrl-signings-tracker-the-latest-from-all-17-clubs/","","","https://www.zerotackle.com/players/pasami-saulo/"
"new","Newcastle Knights","Peter Hola","Unknown","term_chain_no_salary_candidate","derived_bucket_range","derived_range","","2026|2027","1","0","1","0","2","1","0","0","","https://www.nrl.com/news/2026/01/01/2026-nrl-signings-tracker-the-latest-from-all-17-clubs/","","","https://www.zerotackle.com/players/peter-hola/"
"new","Newcastle Knights","Thomas Cant","Unknown","term_chain_no_salary_candidate","derived_bucket_range","derived_range","","2026|2027|2028","2","0","1","0","3","1","0","1","","https://www.nrl.com/news/2026/01/01/2026-nrl-signings-tracker-the-latest-from-all-17-clubs/","","https://au.sports.yahoo.com/thomas-cant-signs-contract-extension-234739631.html","https://www.zerotackle.com/players/thomas-cant/|https://au.sports.yahoo.com/thomas-cant-signs-contract-extension-234739631.html"
"new","Newcastle Knights","Wil Sullivan","Unknown","term_chain_no_salary_candidate","derived_bucket_range","derived_range","","2026|2027|2028","1","0","1","0","2","1","0","0","","https://www.nrl.com/news/2026/01/01/2026-nrl-signings-tracker-the-latest-from-all-17-clubs/","","","https://www.zerotackle.com/players/wil-sullivan/"
"new","Newcastle Knights","Wilson Decourcey","Unknown","term_chain_no_salary_candidate","derived_bucket_range","derived_range","","2026","1","0","1","0","2","1","0","0","","https://www.nrl.com/news/2026/01/01/2026-nrl-signings-tracker-the-latest-from-all-17-clubs/","","","https://www.zerotackle.com/players/wilson-de-courcey/"
"nql","North Queensland Cowboys","Scott Drinkwater","Fullback","ready_for_manual_salary_promotion_review","backup_baseline","reported_exact","77000000","2026","4","0","1","1","3","1","1","1","https://www.couriermail.com.au/sport/nrl/dragons-table-3-million-bid-for-cowboys-star-fullback-scott-drinkwater/news-story/339dd7e5ffa12e46d7b8996f53677be9","https://www.nrl.com/news/2026/01/01/2026-nrl-signings-tracker-the-latest-from-all-17-clubs/","https://www.townsvillebulletin.com.au/sport/nrl/cowboys-star-scott-drinkwater-closes-in-on-move-to-the-dragons/news-story/cb630e296a22f1b9f82e940ad0522818","https://www.townsvillebulletin.com.au/sport/nrl/cowboys-star-scott-drinkwater-closes-in-on-move-to-the-dragons/news-story/cb630e296a22f1b9f82e940ad0522818","https://www.couriermail.com.au/sport/nrl/dragons-table-3-million-bid-for-cowboys-star-fullback-scott-drinkwater/news-story/339dd7e5ffa12e46d7b8996f53677be9|https://www.cairnspost.com.au/sport/nrl/dragons-table-3-million-bid-for-cowboys-star-fullback-scott-drinkwater/news-story/339dd7e5ffa12e46d7b8996f53677be9|https://www.zerotackle.com/players/scott-drinkwater/|https://www.townsvillebulletin.com.au/sport/nrl/cowboys-star-scott-drinkwater-closes-in-on-move-to-the-dragons/news-story/cb630e296a22f1b9f82e940ad0522818"
"nql","North Queensland Cowboys","Murray Taulagi","Winger","term_chain_no_salary_candidate","backup_baseline","reported_exact","51000000","2026","6","0","1","0","3","1","1","0","","https://www.nrl.com/news/2026/01/01/2026-nrl-signings-tracker-the-latest-from-all-17-clubs/","https://au.sports.yahoo.com/murray-taulagi-set-club-switch-005319377.html","","https://www.zerotackle.com/players/murray-taulagi/|https://au.sports.yahoo.com/murray-taulagi-set-club-switch-005319377.html|https://www.couriermail.com.au/sport/nrl/murray-taulagis-north-queensland-cowboys-career-over-after-signing-of-sharks-backline-duo/news-story/99febe9f8e34e1f976672899efcda8d8|https://www.goldcoastbulletin.com.au/sport/nrl/murray-taulagis-north-queensland-cowboys-career-over-after-signing-of-sharks-backline-duo/news-story/99febe9f8e34e1f976672899efcda8d8|https://www.townsvillebulletin.com.au/sport/nrl/decision-on-todd-paytens-cowboys-future-imminent-after-strong-hint-from-ceo/news-story/671724b15c1985c64bb40b7dd13c33ad"
"nql","North Queensland Cowboys","Zac Laybutt","Centre","term_chain_no_salary_candidate","backup_baseline","reported_exact","36000000","2026|2027","3","0","1","0","2","1","0","0","","https://www.nrl.com/news/2026/01/01/2026-nrl-signings-tracker-the-latest-from-all-17-clubs/","","","https://www.zerotackle.com/players/zac-laybutt/|https://www.townsvillebulletin.com.au/sport/nrl/teams/cowboys/nrl-2026-cowboys-international-zac-laybutt-thinking-about-potential-png-move-after-luai-defection/news-story/827606a26e58ff82b583a1d13adec451|https://www.adelaidenow.com.au/sport/nrl/teams/cowboys/nrl-2026-cowboys-international-zac-laybutt-thinking-about-potential-png-move-after-luai-defection/news-story/827606a26e58ff82b583a1d13adec451"
"nql","North Queensland Cowboys","Jaxon Purdue","Centre","ready_for_manual_salary_promotion_review","backup_baseline","reported_exact","63000000","2026|2027|2028|2029|2030","10","0","1","2","5","1","1","2","https://www.townsvillebulletin.com.au/sport/nrl/cowboys-confident-in-signing-jaxon-purdue-to-3-million-megaextension/news-story/6fdb8b42d8d121d5410bd6f78796abc3|https://www.goldcoastbulletin.com.au/sport/nrl/cowboys-confident-in-signing-jaxon-purdue-to-3-million-megaextension/news-story/6fdb8b42d8d121d5410bd6f78796abc3","https://www.nrl.com/news/2026/01/01/2026-nrl-signings-tracker-the-latest-from-all-17-clubs/","https://www.goldcoastbulletin.com.au/sport/nrl/cowboys-chase-jaxon-purdue-contract-extension-as-fullback-switch-looms/news-story/ec97e75ece8fd9184b4c5599bb23d3b0","https://www.townsvillebulletin.com.au/news/townsville/cowboys-star-jaxon-purdue-commits-future-to-club-with-new-fouryear-deal/news-story/1465894f3ae02ced449cce97a7e7c22d|https://www.goldcoastbulletin.com.au/sport/nrl/cowboys-chase-jaxon-purdue-contract-extension-as-fullback-switch-looms/news-story/ec97e75ece8fd9184b4c5599bb23d3b0","https://www.townsvillebulletin.com.au/sport/nrl/cowboys-confident-in-signing-jaxon-purdue-to-3-million-megaextension/news-story/6fdb8b42d8d121d5410bd6f78796abc3|https://www.goldcoastbulletin.com.au/sport/nrl/cowboys-confident-in-signing-jaxon-purdue-to-3-million-megaextension/news-story/6fdb8b42d8d121d5410bd6f78796abc3|https://www.zerotackle.com/players/jaxon-purdue/|https://au.news.yahoo.com/cowboys-lock-down-star-in-3-million-move-as-claim-about-meeting-with-nrl-rival-shot-down-025537979.html|https://www.townsvillebulletin.com.au/news/townsville/cowboys-star-jaxon-purdue-commits-future-to-club-with-new-fouryear-deal/news-story/1465894f3ae02ced449cce97a7e7c22d"
"nql","North Queensland Cowboys","Robert Derby","Winger","term_chain_no_salary_candidate","backup_baseline","reported_exact","23000000","2026|2027|2028","1","0","1","0","2","1","0","0","","https://www.nrl.com/news/2026/01/01/2026-nrl-signings-tracker-the-latest-from-all-17-clubs/","","","https://www.zerotackle.com/players/robert-derby/"
"nql","North Queensland Cowboys","Jake Clifford","Five-Eighth","term_chain_no_salary_candidate","backup_baseline","reported_exact","33000000","2026","6","0","1","0","6","2","0","3","","https://www.nrl.com/news/2026/01/01/2026-nrl-signings-tracker-the-latest-from-all-17-clubs/|https://www.cowboys.com.au/news/2026/05/07/cowboys-extend-clifford-jake-2028/","","https://www.cowboys.com.au/news/2026/05/07/cowboys-extend-clifford-jake-2028/|https://www.couriermail.com.au/sport/jake-clifford-commits-future-to-cowboys-with-new-twoyear-contract-extension/news-story/e0dd7c58abb4dad0556cb397c56495b6|https://www.theaustralian.com.au/sport/nrl/jake-clifford-commits-future-to-cowboys-with-new-twoyear-contract-extension/news-story/e0dd7c58abb4dad0556cb397c56495b6","https://www.cowboys.com.au/news/2026/05/07/cowboys-extend-clifford-jake-2028/|https://www.couriermail.com.au/sport/jake-clifford-commits-future-to-cowboys-with-new-twoyear-contract-extension/news-story/e0dd7c58abb4dad0556cb397c56495b6|https://www.theaustralian.com.au/sport/nrl/jake-clifford-commits-future-to-cowboys-with-new-twoyear-contract-extension/news-story/e0dd7c58abb4dad0556cb397c56495b6|https://www.zerotackle.com/players/jake-clifford/|https://www.townsvillebulletin.com.au/sport/nrl/emerging-north-queensland-cowboys-playmaker-puts-hand-up-for-nrl-debut/news-story/704834cb216b30c399a7bfeeffa3ba5a"
"nql","North Queensland Cowboys","Tom Dearden","Halfback","term_chain_no_salary_candidate","backup_baseline","reported_exact","120000000","2026|2027|2028|2029","5","0","1","0","4","2","0","1","","https://www.nrl.com/news/2026/01/01/2026-nrl-signings-tracker-the-latest-from-all-17-clubs/|https://www.cowboys.com.au/news/2026/05/07/cowboys-extend-clifford-jake-2028/","","https://www.cowboys.com.au/news/2026/05/07/cowboys-extend-clifford-jake-2028/","https://www.cowboys.com.au/news/2026/05/07/cowboys-extend-clifford-jake-2028/|https://www.zerotackle.com/players/tom-dearden/|https://www.themercury.com.au/sport/nrl/broncos-playmaker-tom-dearden-vows-to-make-coach-kevin-walters-proud/news-story/bf360cdfe74d4cb64712e33b9db9d53c|https://www.cairnspost.com.au/sport/cowboys-playmaker-jaxon-purdue-thriving-after-finding-freedom-in-new-role/news-story/cdb83ca373c9e5b76140b4d6afac0380|https://www.thechronicle.com.au/sport/nrl/todd-paytens-promising-tom-dearden-update-and-haylee-hifo-named-to-make-nrlw-debut-for-north-queensland/news-story/2c411b16ecbaf442489af2b59c927c4a"
"nql","North Queensland Cowboys","Jason Taumalolo","Prop","ready_for_manual_salary_promotion_review","backup_baseline","reported_exact","45000000","2026|2027","11","0","1","2","5","2","1","0","https://www.dailytelegraph.com.au/sport/nrl/pizza-shop-story-behind-how-jason-taumalolo-became-north-queenslands-10-million-man/news-story/e2c192649dd68f998a02ede73b67825b|https://www.couriermail.com.au/sport/nrl/ben-ikin-says-jason-taumalolo-cost-himself-5-million-by-signing-10year-deal-with-cowboys/news-story/0e28c8a47006afb5caae5e513cfe158e","https://www.nrl.com/news/2026/01/01/2026-nrl-signings-tracker-the-latest-from-all-17-clubs/|https://www.nrl.com/news/2026/06/27/nrl-congratulates-jason-taumalolo/","https://www.nrl.com/news/2026/06/27/nrl-congratulates-jason-taumalolo/","","https://www.dailytelegraph.com.au/sport/nrl/pizza-shop-story-behind-how-jason-taumalolo-became-north-queenslands-10-million-man/news-story/e2c192649dd68f998a02ede73b67825b|https://www.couriermail.com.au/sport/nrl/ben-ikin-says-jason-taumalolo-cost-himself-5-million-by-signing-10year-deal-with-cowboys/news-story/0e28c8a47006afb5caae5e513cfe158e|https://www.nrl.com/news/2026/06/27/nrl-congratulates-jason-taumalolo/|https://www.zerotackle.com/players/jason-taumalolo/|https://www.goldcoastbulletin.com.au/sport/nrl/jason-taumalolo-charged-by-nrl-judiciary-ahead-of-milestone-300th-game/news-story/30ddbb735fc2989b998be44404efa490"
"nql","North Queensland Cowboys","Reed Mahoney","Hooker","term_chain_no_salary_candidate","backup_baseline","reported_exact","61000000","2026|2027|2028","4","0","1","0","4","2","0","0","","https://www.nrl.com/news/2026/01/01/2026-nrl-signings-tracker-the-latest-from-all-17-clubs/|https://www.cowboys.com.au/news/2026/01/20/cowboys-sign-luke/","","","https://www.cowboys.com.au/news/2026/01/20/cowboys-sign-luke/|https://www.theaustralian.com.au/sport/nrl/dream-come-true-xavier-kerrisk-makes-emotional-north-queensland-cowboys-nrl-debut/news-story/0d4de2e2d82235a0d9e9be35da3b3bfd|https://www.zerotackle.com/players/reed-mahoney/|https://www.zerotackle.com/the-biggest-misconception-around-the-eels-rebuild-235478/"
"nql","North Queensland Cowboys","Coen Hess","Prop","term_chain_no_salary_candidate","backup_baseline","reported_exact","45000000","2026|2027","2","0","1","0","3","1","1","0","","https://www.nrl.com/news/2026/01/01/2026-nrl-signings-tracker-the-latest-from-all-17-clubs/","https://www.themercury.com.au/sport/nrl/cowboys-star-coen-hess-in-line-for-north-queenslands-highest-honour/news-story/5b98650f2eaa288abc1074bbb1e20d66","","https://www.zerotackle.com/players/coen-hess/|https://www.themercury.com.au/sport/nrl/cowboys-star-coen-hess-in-line-for-north-queenslands-highest-honour/news-story/5b98650f2eaa288abc1074bbb1e20d66"
"nql","North Queensland Cowboys","Heilum Luki","2nd Row","term_chain_no_salary_candidate","backup_baseline","reported_exact","65000000","2026|2027|2028|2029","2","0","1","0","2","1","0","0","","https://www.nrl.com/news/2026/01/01/2026-nrl-signings-tracker-the-latest-from-all-17-clubs/","","","https://www.zerotackle.com/players/heilum-luki/|https://www.nrl.com/news/2026/05/17/luki-hoping-for-change-of-luck-in-pursuit-of-origin-dream/"
"nql","North Queensland Cowboys","Jeremiah Nanai","2nd Row","term_chain_no_salary_candidate","backup_baseline","reported_exact","72500000","2026|2027","3","0","1","0","3","1","0","0","","https://www.nrl.com/news/2026/01/01/2026-nrl-signings-tracker-the-latest-from-all-17-clubs/","","","https://www.couriermail.com.au/sport/nrl/jason-taumalolo-charged-by-nrl-judiciary-ahead-of-milestone-300th-game/news-story/30ddbb735fc2989b998be44404efa490|https://www.zerotackle.com/players/jeremiah-nanai/|https://www.thechronicle.com.au/sport/nrl/jeremiah-nanai-masterpiece-delivers-cowboys-an-emotional-win-in-jason-taumalolos-300th/news-story/f77d4a8a269e9b7ed8539a7175c990f9"
"nql","North Queensland Cowboys","Reuben Cotter","Lock","term_chain_no_salary_candidate","backup_baseline","reported_exact","81000000","2026|2027|2028","4","0","1","0","2","1","0","0","","https://www.nrl.com/news/2026/01/01/2026-nrl-signings-tracker-the-latest-from-all-17-clubs/","","","https://www.zerotackle.com/players/reuben-cotter/|https://www.couriermail.com.au/sport/nrl/decision-on-todd-paytens-cowboys-future-imminent-after-strong-hint-from-ceo/news-story/671724b15c1985c64bb40b7dd13c33ad|https://www.foxsports.com.au/nrl/state-of-origin/state-of-origin-2026-reuben-cotter-profile-his-journey-to-nrl-and-maroons-stalwart-sarina-north-queensland-cowboys-feature/news-story/30f877f4de6f38558fe35bb75f4e6525|https://www.townsvillebulletin.com.au/sport/nrl/decision-on-todd-paytens-cowboys-future-imminent-after-strong-hint-from-ceo/news-story/671724b15c1985c64bb40b7dd13c33ad"
"nql","North Queensland Cowboys","John Bateman","Interchange","term_chain_no_salary_candidate","backup_baseline","reported_exact","23000000","2026","2","0","1","0","3","1","0","0","","https://www.nrl.com/news/2026/01/01/2026-nrl-signings-tracker-the-latest-from-all-17-clubs/","","","https://www.zerotackle.com/players/john-bateman/|https://www.adelaidenow.com.au/sport/nrl/canberra-raiders-star-john-bateman-reportedly-in-talks-with-wigan-warriors-for-fiveyear-contract/news-story/cc457b7e2b81f0c8abb20fcf3a70d6a7"
"nql","North Queensland Cowboys","Matt Lodge","Interchange","term_chain_no_salary_candidate","backup_baseline","reported_exact","25000000","2026","7","0","1","0","6","1","2","1","","https://www.nrl.com/news/2026/01/01/2026-nrl-signings-tracker-the-latest-from-all-17-clubs/","https://www.themercury.com.au/sport/nrl/nrl-2021-matt-lodge-has-told-broncos-to-sort-out-a-transfer-deal-if-they-dont-want-him/news-story/56a27eb6816592389e1cee56ef33944b|https://www.adelaidenow.com.au/sport/nrl/teams/broncos/matt-lodge-turned-down-more-money-from-parramatta-to-resign-with-brisbane/news-story/d8fc395bfd9065550e1f32462800cc24","https://www.ntnews.com.au/sport/matt-lodge-rejects-warriors-deal-for-massive-brisbane-broncos-extension/news-story/15943453c812e49a81d37577eec7bd54","https://www.zerotackle.com/players/matt-lodge/|https://www.ntnews.com.au/sport/matt-lodge-rejects-warriors-deal-for-massive-brisbane-broncos-extension/news-story/15943453c812e49a81d37577eec7bd54|https://www.themercury.com.au/sport/nrl/nrl-2021-matt-lodge-has-told-broncos-to-sort-out-a-transfer-deal-if-they-dont-want-him/news-story/56a27eb6816592389e1cee56ef33944b|https://www.cairnspost.com.au/sport/matt-lodge-to-pay-compensation-for-new-york-rampage-under-new-nrl-contract/news-story/55c35d43ee2dfa77e52d14e3c4f56b12|https://www.adelaidenow.com.au/sport/nrl/teams/broncos/matt-lodge-turned-down-more-money-from-parramatta-to-resign-with-brisbane/news-story/d8fc395bfd9065550e1f32462800cc24"
"nql","North Queensland Cowboys","Sam McIntyre","Interchange","term_chain_no_salary_candidate","backup_baseline","reported_exact","24000000","2026","1","0","1","0","2","1","0","0","","https://www.nrl.com/news/2026/01/01/2026-nrl-signings-tracker-the-latest-from-all-17-clubs/","","","https://www.zerotackle.com/players/sam-mcintyre/"
"nql","North Queensland Cowboys","Griffin Neame","Interchange","term_chain_no_salary_candidate","backup_baseline","reported_exact","60000000","2026|2027|2028|2029","4","0","1","0","3","1","0","0","","https://www.nrl.com/news/2026/01/01/2026-nrl-signings-tracker-the-latest-from-all-17-clubs/","","","https://www.zerotackle.com/players/griffin-neame/|https://www.themercury.com.au/news/hamiso-tabuaifidow-and-reuben-cotter-ruled-out-for-cowboys/news-story/70b683ce48445e241dff5d3cbe154b71|https://www.theaustralian.com.au/sport/nrl/new-zealand-deserves-another-team-griffin-neames-huge-call-on-nrl-expansion/news-story/a4f28dead640a9ca3498ae3aaaf7054f|https://www.thechronicle.com.au/sport/nrl/new-zealand-deserves-another-team-griffin-neames-huge-call-on-nrl-expansion/news-story/a4f28dead640a9ca3498ae3aaaf7054f"
"nql","North Queensland Cowboys","Harrison Edwards","Unknown","profile_or_secondary_candidates_only","derived_bucket_range","derived_range","","2026","1","0","0","0","1","0","0","0","","","","","https://www.zerotackle.com/players/harrison-edwards/"
"nql","North Queensland Cowboys","James Walsh","Unknown","term_chain_no_salary_candidate","derived_bucket_range","derived_range","","2026|2027|2028","1","0","1","0","2","1","1","0","","https://www.nrl.com/news/2026/01/01/2026-nrl-signings-tracker-the-latest-from-all-17-clubs/","https://www.zerotackle.com/players/james-walsh/","","https://www.zerotackle.com/players/james-walsh/"
"nql","North Queensland Cowboys","Jaxson Paulo","Unknown","term_chain_no_salary_candidate","derived_bucket_range","derived_range","","2026","1","0","1","0","2","1","0","0","","https://www.nrl.com/news/2026/01/01/2026-nrl-signings-tracker-the-latest-from-all-17-clubs/","","","https://www.zerotackle.com/players/jaxson-paulo/"
"nql","North Queensland Cowboys","Kai O'Donnell","Unknown","term_chain_no_salary_candidate","derived_bucket_range","derived_range","","2026","1","0","1","0","2","1","0","0","","https://www.nrl.com/news/2026/01/01/2026-nrl-signings-tracker-the-latest-from-all-17-clubs/","","","https://www.zerotackle.com/players/kai-odonnell/"
"nql","North Queensland Cowboys","Kaiden Lahrs","Unknown","term_chain_no_salary_candidate","derived_bucket_range","derived_range","","2026","2","0","1","0","2","1","0","0","","https://www.nrl.com/news/2026/01/01/2026-nrl-signings-tracker-the-latest-from-all-17-clubs/","","","https://www.zerotackle.com/players/kaiden-lahrs/|https://www.geelongadvertiser.com.au/sport/nrl/young-cowboy-kaiden-lahrs-makes-rugby-league-return-after-twomonth-layoff/news-story/557777d0567069b3816849d076f53ba0"
"nql","North Queensland Cowboys","Mason Kira","Unknown","term_chain_no_salary_candidate","derived_bucket_range","derived_range","","2026","1","0","1","0","2","1","0","1","","https://www.nrl.com/news/2026/01/01/2026-nrl-signings-tracker-the-latest-from-all-17-clubs/","","https://www.zerotackle.com/players/mason-kira/","https://www.zerotackle.com/players/mason-kira/"
"nql","North Queensland Cowboys","Soni Luke","Unknown","term_chain_no_salary_candidate","derived_bucket_range","derived_range","","2026|2027","2","0","1","0","3","2","0","0","","https://www.nrl.com/news/2026/01/01/2026-nrl-signings-tracker-the-latest-from-all-17-clubs/|https://www.cowboys.com.au/news/2026/01/20/cowboys-sign-luke/","","","https://www.cowboys.com.au/news/2026/01/20/cowboys-sign-luke/|https://www.zerotackle.com/players/soni-luke/"
"nql","North Queensland Cowboys","Thomas Mikaele","Unknown","term_chain_no_salary_candidate","derived_bucket_range","derived_range","","2026|2027|2028","1","0","1","0","2","1","0","0","","https://www.nrl.com/news/2026/01/01/2026-nrl-signings-tracker-the-latest-from-all-17-clubs/","","","https://www.zerotackle.com/players/thomas-mikaele/"
"nql","North Queensland Cowboys","Viliami Vailea","Unknown","term_chain_no_salary_candidate","derived_bucket_range","derived_range","","2026|2027","1","0","1","0","2","1","0","0","","https://www.nrl.com/news/2026/01/01/2026-nrl-signings-tracker-the-latest-from-all-17-clubs/","","","https://www.zerotackle.com/players/viliami-vailea/"
"nql","North Queensland Cowboys","Zac Herdegen","Unknown","term_chain_no_salary_candidate","derived_bucket_range","derived_range","","2026","1","0","1","0","2","1","0","0","","https://www.nrl.com/news/2026/01/01/2026-nrl-signings-tracker-the-latest-from-all-17-clubs/","","","https://www.zerotackle.com/players/zac-herdegen/"
"par","Parramatta Eels","Isaiah Iongi","Fullback","term_chain_no_salary_candidate","backup_baseline","reported_exact","70000000","2026|2027|2028|2029|2030","10","0","1","0","3","1","1","0","","https://www.nrl.com/news/2026/01/01/2026-nrl-signings-tracker-the-latest-from-all-17-clubs/","https://www.zerotackle.com/the-biggest-misconception-around-the-eels-rebuild-235478/","","https://www.zerotackle.com/players/isaiah-iongi/|https://www.zerotackle.com/the-biggest-misconception-around-the-eels-rebuild-235478/|https://www.parraeels.com.au/news/2024/12/09/isaiah-iongi-arrives-at-eels/|https://www.theaustralian.com.au/sport/nrl/eels-boss-jim-sarantinos-accelerates-push-for-salary-cap-relief-from-nrl-over-foul-play-injuries/news-story/0c4083d233e5d940358f3a32c7f71c3c|https://www.news.com.au/sport/nrl/nrl-launches-investigation-after-isaiah-iongi-suspicious-substance-pictures/news-story/41cf881f09227eb3cefaca1826179dec"
"par","Parramatta Eels","Bailey Simonsson","Winger","term_chain_no_salary_candidate","backup_baseline","reported_exact","32500000","2026|2027","1","0","1","0","2","1","0","0","","https://www.nrl.com/news/2026/01/01/2026-nrl-signings-tracker-the-latest-from-all-17-clubs/","","","https://www.zerotackle.com/players/bailey-simonsson/"
"par","Parramatta Eels","Will Penisini","Centre","term_chain_no_salary_candidate","backup_baseline","reported_exact","42500000","2026","1","0","1","0","2","1","0","0","","https://www.nrl.com/news/2026/01/01/2026-nrl-signings-tracker-the-latest-from-all-17-clubs/","","","https://www.zerotackle.com/players/will-penisini/"
"par","Parramatta Eels","Sean Russell","Centre","term_chain_no_salary_candidate","backup_baseline","reported_exact","32000000","2026","1","0","1","0","2","1","0","0","","https://www.nrl.com/news/2026/01/01/2026-nrl-signings-tracker-the-latest-from-all-17-clubs/","","","https://www.zerotackle.com/players/sean-russell/"
"par","Parramatta Eels","Josh Addo-Carr","Winger","term_chain_no_salary_candidate","backup_baseline","reported_exact","50000000","2026|2027","4","0","1","0","4","1","1","0","","https://www.nrl.com/news/2026/01/01/2026-nrl-signings-tracker-the-latest-from-all-17-clubs/","https://www.goldcoastbulletin.com.au/sport/nrl/josh-addocarr-contract-fresh-twist-throws-race-wide-open/news-story/9197618df7350b408737eef087a29a2b","","https://www.zerotackle.com/players/josh-addo-carr/|https://www.goldcoastbulletin.com.au/sport/nrl/josh-addocarr-contract-fresh-twist-throws-race-wide-open/news-story/9197618df7350b408737eef087a29a2b|https://www.cairnspost.com.au/sport/josh-addocarr-contract-melbourne-storm-star-could-sit-out-2021-nrl-season/news-story/8fe54176cdb25cd95ee2c0315f57efe3|https://www.parraeels.com.au/news/2024/11/18/josh-addo-carr-joins-parramatta-eels-for-2025-nrl-season/"
"par","Parramatta Eels","Jonah Pezet","Five-Eighth","term_chain_no_salary_candidate","backup_baseline","reported_exact","60000000","2026","9","0","1","0","6","1","0","1","","https://www.nrl.com/news/2026/01/01/2026-nrl-signings-tracker-the-latest-from-all-17-clubs/","","https://www.theaustralian.com.au/sport/nrl/broncos-rookie-tom-duffy-welcomes-halfback-duel-with-future-teammate-jonah-pezet/news-story/ac1ef03d45eb49e9f7bdef1de76c802b","https://www.theaustralian.com.au/sport/nrl/broncos-rookie-tom-duffy-welcomes-halfback-duel-with-future-teammate-jonah-pezet/news-story/ac1ef03d45eb49e9f7bdef1de76c802b|https://www.couriermail.com.au/sport/nrl/broncos-rookie-tom-duffy-welcomes-halfback-duel-with-future-teammate-jonah-pezet/news-story/ac1ef03d45eb49e9f7bdef1de76c802b|https://www.zerotackle.com/players/jonah-pezet/|https://www.adelaidenow.com.au/sport/nrl/broncos-rookie-tom-duffy-welcomes-halfback-duel-with-future-teammate-jonah-pezet/news-story/ac1ef03d45eb49e9f7bdef1de76c802b|https://www.zerotackle.com/the-biggest-misconception-around-the-eels-rebuild-235478/"
"par","Parramatta Eels","Mitchell Moses","Halfback","term_chain_no_salary_candidate","backup_baseline","reported_exact","125000000","2026|2027|2028|2029","2","0","1","0","2","1","0","0","","https://www.nrl.com/news/2026/01/01/2026-nrl-signings-tracker-the-latest-from-all-17-clubs/","","","https://www.zerotackle.com/players/mitchell-moses/|https://www.abc.net.au/news/2026-06-02/nrl-state-of-origin-mitchell-moses-nsw-blues-parramatta-eels/106751432"
"par","Parramatta Eels","J'maine Hopgood","Prop","term_chain_no_salary_candidate","backup_baseline","reported_exact","67500000","2026|2027","4","0","1","0","2","1","0","0","","https://www.nrl.com/news/2026/01/01/2026-nrl-signings-tracker-the-latest-from-all-17-clubs/","","","https://www.zerotackle.com/players/jmaine-hopgood/|https://www.parraeels.com.au/news/2024/08/28/jmaine-hopgood-extends-with-parramatta-eels/|https://www.parraeels.com.au/news/2023/05/12/eels-extend-jmaine-hopgood/|https://www.theaustralian.com.au/sport/nrl/eels-boss-jim-sarantinos-accelerates-push-for-salary-cap-relief-from-nrl-over-foul-play-injuries/news-story/0c4083d233e5d940358f3a32c7f71c3c"
"par","Parramatta Eels","Ryley Smith","Hooker","term_chain_no_salary_candidate","backup_baseline","reported_exact","40000000","2026|2027","1","0","1","0","2","1","0","0","","https://www.nrl.com/news/2026/01/01/2026-nrl-signings-tracker-the-latest-from-all-17-clubs/","","","https://www.zerotackle.com/players/ryley-smith/"
"par","Parramatta Eels","Junior Paulo","Prop","term_chain_no_salary_candidate","backup_baseline","reported_exact","70000000","2026","5","0","1","0","6","1","1","3","","https://www.nrl.com/news/2026/01/01/2026-nrl-signings-tracker-the-latest-from-all-17-clubs/","https://www.themercury.com.au/sport/nrl/nrl-market-watch-rising-nrl-star-joey-walsh-commits-his-longterm-future-to-manly/news-story/20e0e3472ebd0704364c7ae3b45a5e2e","https://www.theaustralian.com.au/sport/nrl/nrl-market-watch-rising-nrl-star-joey-walsh-commits-his-longterm-future-to-manly/news-story/20e0e3472ebd0704364c7ae3b45a5e2e|https://au.sports.yahoo.com/eels-veteran-future-remains-uncertain-064452590.html|https://www.themercury.com.au/sport/nrl/nrl-market-watch-rising-nrl-star-joey-walsh-commits-his-longterm-future-to-manly/news-story/20e0e3472ebd0704364c7ae3b45a5e2e","https://www.theaustralian.com.au/sport/nrl/nrl-market-watch-rising-nrl-star-joey-walsh-commits-his-longterm-future-to-manly/news-story/20e0e3472ebd0704364c7ae3b45a5e2e|https://www.zerotackle.com/players/junior-paulo/|https://au.sports.yahoo.com/eels-veteran-future-remains-uncertain-064452590.html|https://www.geelongadvertiser.com.au/sport/nrl/third-grade-rugby-coach-takes-blame-for-junior-paulo-breaching-his-nrl-contract/news-story/9311f67679138f28d32b4848b12e73e1|https://www.themercury.com.au/sport/nrl/nrl-market-watch-rising-nrl-star-joey-walsh-commits-his-longterm-future-to-manly/news-story/20e0e3472ebd0704364c7ae3b45a5e2e"
"par","Parramatta Eels","Kelma Tuilagi","2nd Row","term_chain_no_salary_candidate","backup_baseline","reported_exact","45000000","2026","6","0","1","0","3","1","0","0","","https://www.nrl.com/news/2026/01/01/2026-nrl-signings-tracker-the-latest-from-all-17-clubs/","","","https://www.zerotackle.com/players/kelma-tuilagi/|https://www.ntnews.com.au/sport/nrl/nrl-club-bosses-call-for-meeting-with-graham-annesley-over-frustrations-with-rule-changes-sport-confidential/news-story/e9b22e067b674c18843989e5061614ad|https://www.parraeels.com.au/news/2024/12/03/parramatta-eels-extend-kelma-tuilagi/|https://www.parraeels.com.au/news/2023/10/06/kelma-tuilagi-signs-with-parramatta-eels/|https://www.theaustralian.com.au/sport/nrl/nrl-club-bosses-call-for-meeting-with-graham-annesley-over-frustrations-with-rule-changes-sport-confidential/news-story/e9b22e067b674c18843989e5061614ad"
"par","Parramatta Eels","Kitione Kautoga","2nd Row","term_chain_no_salary_candidate","backup_baseline","reported_exact","39000000","2026|2027","1","0","1","0","2","1","0","0","","https://www.nrl.com/news/2026/01/01/2026-nrl-signings-tracker-the-latest-from-all-17-clubs/","","","https://www.zerotackle.com/players/kitione-kautoga/"
"par","Parramatta Eels","Jack Williams","Lock","term_chain_no_salary_candidate","backup_baseline","reported_exact","52500000","2026|2027","2","0","1","0","2","1","0","0","","https://www.nrl.com/news/2026/01/01/2026-nrl-signings-tracker-the-latest-from-all-17-clubs/","","","https://www.zerotackle.com/players/jack-williams/|https://www.parraeels.com.au/news/2024/10/03/jack-williams-signs-with-parramatta-eels/"
"par","Parramatta Eels","Dylan Walker","Interchange","term_chain_no_salary_candidate","backup_baseline","reported_exact","50000000","2026","9","0","1","0","5","1","0","0","","https://www.nrl.com/news/2026/01/01/2026-nrl-signings-tracker-the-latest-from-all-17-clubs/","","","https://www.zerotackle.com/players/dylan-walker/|https://au.sports.yahoo.com/dylan-walker-reveals-disappointing-contract-080313101.html|https://au.sports.yahoo.com/dylan-walker-confirms-next-contract-093330068.html|https://www.zerotackle.com/the-biggest-misconception-around-the-eels-rebuild-235478/|https://www.msn.com/en-au/news/other/close-to-deciding-dylan-walker-weighs-contract-call-as-eels-exit-looms/ar-AA26UhB6"
"par","Parramatta Eels","Tallyn Da Silva","Interchange","term_chain_no_salary_candidate","backup_baseline","reported_exact","45000000","2026|2027|2028|2029","6","0","1","0","4","2","1","0","","https://www.nrl.com/news/2026/01/01/2026-nrl-signings-tracker-the-latest-from-all-17-clubs/|https://www.parraeels.com.au/news/2025/06/30/parramatta-eels-sign-tallyn-da-silva/","https://www.parraeels.com.au/news/2025/06/30/parramatta-eels-sign-tallyn-da-silva/","","https://www.zerotackle.com/players/tallyn-da-silva/|https://www.zerotackle.com/eels-confirm-hooking-plans-as-dummy-half-earns-new-deal-223793/|https://www.parraeels.com.au/news/2025/06/30/parramatta-eels-sign-tallyn-da-silva/|https://www.facebook.com/photo/?fbid=1148344837322632|https://www.instagram.com/p/DLeVqxJy96P/"
"par","Parramatta Eels","Jack de Belin","Interchange","term_chain_no_salary_candidate","backup_baseline","reported_exact","22500000","2026","7","0","1","0","6","1","1","3","","https://www.nrl.com/news/2026/01/01/2026-nrl-signings-tracker-the-latest-from-all-17-clubs/","https://www.geelongadvertiser.com.au/sport/nrl/the-secret-details-behind-st-george-illawarras-deal-with-jack-de-belin/news-story/b10ffc2ae1ab062455887d0e41e1dc02","https://www.geelongadvertiser.com.au/sport/nrl/the-secret-details-behind-st-george-illawarras-deal-with-jack-de-belin/news-story/b10ffc2ae1ab062455887d0e41e1dc02|https://www.goldcoastbulletin.com.au/breaking-news/nrl-st-george-illawarra-players-welcome-jack-de-belins-potential-contract-extension/news-story/a3081529313324185b48037b537289d9|https://www.ntnews.com.au/breaking-news/nrl-st-george-illawarra-players-welcome-jack-de-belins-potential-contract-extension/news-story/a3081529313324185b48037b537289d9","https://www.zerotackle.com/players/jack-de-belin/|https://www.geelongadvertiser.com.au/sport/nrl/the-secret-details-behind-st-george-illawarras-deal-with-jack-de-belin/news-story/b10ffc2ae1ab062455887d0e41e1dc02|https://www.goldcoastbulletin.com.au/breaking-news/nrl-st-george-illawarra-players-welcome-jack-de-belins-potential-contract-extension/news-story/a3081529313324185b48037b537289d9|https://www.ntnews.com.au/breaking-news/nrl-st-george-illawarra-players-welcome-jack-de-belins-potential-contract-extension/news-story/a3081529313324185b48037b537289d9|https://www.zerotackle.com/the-biggest-misconception-around-the-eels-rebuild-235478/"
"par","Parramatta Eels","Matt Doorey","Interchange","term_chain_no_salary_candidate","backup_baseline","reported_exact","33000000","2026|2027","1","0","1","0","2","1","0","0","","https://www.nrl.com/news/2026/01/01/2026-nrl-signings-tracker-the-latest-from-all-17-clubs/","","","https://www.zerotackle.com/players/matt-doorey/"
"par","Parramatta Eels","Brian Kelly","Unknown","term_chain_no_salary_candidate","derived_bucket_range","derived_range","","2026|2027","1","0","1","0","2","1","0","0","","https://www.nrl.com/news/2026/01/01/2026-nrl-signings-tracker-the-latest-from-all-17-clubs/","","","https://www.zerotackle.com/players/brian-kelly/"
"par","Parramatta Eels","Charlie Guymer","Unknown","term_chain_no_salary_candidate","derived_bucket_range","derived_range","","2026|2027|2028","2","0","1","0","3","1","0","0","","https://www.nrl.com/news/2026/01/01/2026-nrl-signings-tracker-the-latest-from-all-17-clubs/","","","https://www.zerotackle.com/players/charlie-guymer/|https://www.ntnews.com.au/sport/nrl/eels-turn-to-homegrown-trio-led-by-charlie-guymer-as-clubs-injury-crisis-worsens/news-story/4aaa6319367fc749ccd4acecf39e16e1"
"par","Parramatta Eels","Jake Tago","Unknown","term_chain_no_salary_candidate","derived_bucket_range","derived_range","","2026","1","0","1","0","2","1","0","0","","https://www.nrl.com/news/2026/01/01/2026-nrl-signings-tracker-the-latest-from-all-17-clubs/","","","https://www.zerotackle.com/players/jake-tago/"
"par","Parramatta Eels","Joash Papalii","Unknown","term_chain_no_salary_candidate","derived_bucket_range","derived_range","","2026","3","0","1","0","3","2","1","0","","https://www.nrl.com/news/2026/01/01/2026-nrl-signings-tracker-the-latest-from-all-17-clubs/|https://www.parraeels.com.au/news/2026/05/06/harrison-edwards-joins-parramatta-eels/","https://www.parraeels.com.au/news/2026/05/06/harrison-edwards-joins-parramatta-eels/","","https://www.parraeels.com.au/news/2026/05/06/harrison-edwards-joins-parramatta-eels/|https://www.zerotackle.com/players/joash-papalii/|https://www.parraeels.com.au/news/2025/03/26/welcome-to-the-eels-dylan-walker/"
"par","Parramatta Eels","Jordan Samrani","Unknown","term_chain_no_salary_candidate","derived_bucket_range","derived_range","","2026|2027","1","0","1","0","2","1","0","0","","https://www.nrl.com/news/2026/01/01/2026-nrl-signings-tracker-the-latest-from-all-17-clubs/","","","https://www.zerotackle.com/players/jordan-samrani/"
"par","Parramatta Eels","Luca Moretti","Unknown","term_chain_no_salary_candidate","derived_bucket_range","derived_range","","2026|2027","2","0","1","0","2","1","0","0","","https://www.nrl.com/news/2026/01/01/2026-nrl-signings-tracker-the-latest-from-all-17-clubs/","","","https://www.zerotackle.com/players/luca-moretti/|https://www.parraeels.com.au/news/2025/01/17/luca-moretti-extends-with-the-eels/"
"par","Parramatta Eels","Richard Penisini","Unknown","profile_or_secondary_candidates_only","derived_bucket_range","derived_range","","2026","1","0","0","0","1","0","0","0","","","","","https://www.zerotackle.com/players/richard-penisini/"
"par","Parramatta Eels","Ronald Volkman","Unknown","term_chain_no_salary_candidate","derived_bucket_range","derived_range","","2026","6","0","1","0","6","1","0","2","","https://www.nrl.com/news/2026/01/01/2026-nrl-signings-tracker-the-latest-from-all-17-clubs/","","https://www.couriermail.com.au/sport/nrl/parramatta-eels-target-jarome-luai-as-rejuvenated-playmaker-ronald-volkman-departs/news-story/52934ca0b0ab58e0affb94b31f8f480e|https://www.ntnews.com.au/sport/nrl/parramatta-eels-target-jarome-luai-as-rejuvenated-playmaker-ronald-volkman-departs/news-story/52934ca0b0ab58e0affb94b31f8f480e","https://www.couriermail.com.au/sport/nrl/parramatta-eels-target-jarome-luai-as-rejuvenated-playmaker-ronald-volkman-departs/news-story/52934ca0b0ab58e0affb94b31f8f480e|https://www.dailytelegraph.com.au/sport/nrl/parramatta-eels-target-jarome-luai-as-rejuvenated-playmaker-ronald-volkman-departs/news-story/52934ca0b0ab58e0affb94b31f8f480e|https://www.zerotackle.com/players/ronald-volkman/|https://au.sports.yahoo.com/super-league-seek-eels-playmaker-014938947.html|https://www.ntnews.com.au/sport/nrl/parramatta-eels-target-jarome-luai-as-rejuvenated-playmaker-ronald-volkman-departs/news-story/52934ca0b0ab58e0affb94b31f8f480e"
"par","Parramatta Eels","Ryan Matterson","Unknown","term_chain_no_salary_candidate","derived_bucket_range","derived_range","","2026","10","0","1","0","6","1","2","0","","https://www.nrl.com/news/2026/01/01/2026-nrl-signings-tracker-the-latest-from-all-17-clubs/","https://www.goldcoastbulletin.com.au/sport/ryan-matterson-joins-parramatta-eels-on-threeyear-deal/news-story/6d181e81dd245aea053a27d93f2822c4|https://www.goldcoastbulletin.com.au/sport/gorden-tallis-finds-solution-to-ryan-matterson-contract-fiasco/news-story/c8e20c64644c868a6ff07bc066ffa1c0","","https://www.zerotackle.com/players/ryan-matterson/|https://www.goldcoastbulletin.com.au/sport/ryan-matterson-joins-parramatta-eels-on-threeyear-deal/news-story/6d181e81dd245aea053a27d93f2822c4|https://www.goldcoastbulletin.com.au/sport/gorden-tallis-finds-solution-to-ryan-matterson-contract-fiasco/news-story/c8e20c64644c868a6ff07bc066ffa1c0|https://www.adelaidenow.com.au/sport/nrl/teams/tigers/ryan-matterson-now-talking-to-south-sydney-as-tigers-exit-looms/news-story/d5b53fbe8c7d6e1b8768716a5f8ae20c|https://www.themercury.com.au/sport/ryan-matterson-now-talking-to-south-sydney-as-tigers-exit-looms/news-story/d5b53fbe8c7d6e1b8768716a5f8ae20c"
"par","Parramatta Eels","Sam Tuivaiti","Unknown","term_chain_no_salary_candidate","derived_bucket_range","derived_range","","2026|2027","1","0","1","0","2","1","0","0","","https://www.nrl.com/news/2026/01/01/2026-nrl-signings-tracker-the-latest-from-all-17-clubs/","","","https://www.zerotackle.com/players/sam-tuivaiti/"
"par","Parramatta Eels","Toni Mataele","Unknown","term_chain_no_salary_candidate","derived_bucket_range","derived_range","","2026","1","0","1","0","2","1","0","0","","https://www.nrl.com/news/2026/01/01/2026-nrl-signings-tracker-the-latest-from-all-17-clubs/","","","https://www.zerotackle.com/players/toni-mataele/"
"pen","Penrith Panthers","Dylan Edwards","Fullback","term_chain_no_salary_candidate","backup_baseline","reported_exact","97500000","2026|2027|2028","1","0","1","0","2","1","0","0","","https://www.nrl.com/news/2026/01/01/2026-nrl-signings-tracker-the-latest-from-all-17-clubs/","","","https://www.zerotackle.com/players/dylan-edwards/"
"pen","Penrith Panthers","Thomas Jenkins","Winger","term_chain_no_salary_candidate","backup_baseline","reported_exact","32500000","2026","2","0","1","0","2","1","0","0","","https://www.nrl.com/news/2026/01/01/2026-nrl-signings-tracker-the-latest-from-all-17-clubs/","","","https://www.zerotackle.com/players/thomas-jenkins/|https://au.sports.yahoo.com/six-potential-landing-spots-thomas-020035125.html"
"pen","Penrith Panthers","Paul Alamoti","Centre","term_chain_no_salary_candidate","backup_baseline","reported_exact","38500000","2026|2027","3","0","1","0","4","2","0","1","","https://www.nrl.com/news/2026/01/01/2026-nrl-signings-tracker-the-latest-from-all-17-clubs/|https://www.penrithpanthers.com.au/news/2024/10/24/alamoti-commits-to-panthers/","","https://www.penrithpanthers.com.au/news/2024/10/24/alamoti-commits-to-panthers/","https://www.penrithpanthers.com.au/news/2024/10/24/alamoti-commits-to-panthers/|https://www.zerotackle.com/players/paul-alamoti/|https://au.sports.yahoo.com/paul-alamoti-drops-hint-contract-023230225.html"
"pen","Penrith Panthers","Casey McLean","Centre","term_chain_no_salary_candidate","backup_baseline","reported_exact","60000000","2026|2027|2028","1","0","1","0","2","1","0","0","","https://www.nrl.com/news/2026/01/01/2026-nrl-signings-tracker-the-latest-from-all-17-clubs/","","","https://www.zerotackle.com/players/casey-mclean/"
"pen","Penrith Panthers","Brian To'o","Winger","term_chain_no_salary_candidate","backup_baseline","reported_exact","67500000","2026|2027","1","0","1","0","2","1","0","0","","https://www.nrl.com/news/2026/01/01/2026-nrl-signings-tracker-the-latest-from-all-17-clubs/","","","https://www.zerotackle.com/players/brian-too/"
"pen","Penrith Panthers","Blaize Talagi","Five-Eighth","term_chain_no_salary_candidate","backup_baseline","reported_exact","51500000","2026|2027","2","0","1","0","3","1","1","0","","https://www.nrl.com/news/2026/01/01/2026-nrl-signings-tracker-the-latest-from-all-17-clubs/","https://www.zerotackle.com/the-biggest-misconception-around-the-eels-rebuild-235478/","","https://www.zerotackle.com/players/blaize-talagi/|https://www.zerotackle.com/the-biggest-misconception-around-the-eels-rebuild-235478/"
"pen","Penrith Panthers","Nathan Cleary","Halfback","ready_for_manual_salary_promotion_review","backup_baseline","reported_exact","160000000","2026|2027","10","0","1","2","8","4","1","1","https://www.couriermail.com.au/sport/nrl/nathan-cleary-could-pocket-more-than-3-million-taxfree-at-png-if-he-leaves-penrith/news-story/3c5941b28873eb8ec5e36e04218ee58a|https://www.dailytelegraph.com.au/sport/nrl/perth-bears-to-unveil-75m-jersey-as-cashedup-franchise-targets-nathan-cleary-and-matt-burton/news-story/bc38664df8138866b32f481ad3b1331e","https://www.nrl.com/news/2026/01/01/2026-nrl-signings-tracker-the-latest-from-all-17-clubs/|https://www.penrithpanthers.com.au/news/2026/06/12/jenkins-commits-to-panthers/|https://www.penrithpanthers.com.au/news/2025/10/31/panthers-confirm-signings-of-tom-ale-and-kalani-going/","https://www.penrithpanthers.com.au/news/2026/06/12/jenkins-commits-to-panthers/","https://www.penrithpanthers.com.au/news/2026/06/12/jenkins-commits-to-panthers/","https://www.couriermail.com.au/sport/nrl/nathan-cleary-could-pocket-more-than-3-million-taxfree-at-png-if-he-leaves-penrith/news-story/3c5941b28873eb8ec5e36e04218ee58a|https://www.dailytelegraph.com.au/sport/nrl/perth-bears-to-unveil-75m-jersey-as-cashedup-franchise-targets-nathan-cleary-and-matt-burton/news-story/bc38664df8138866b32f481ad3b1331e|https://www.penrithpanthers.com.au/news/2026/06/12/jenkins-commits-to-panthers/|https://www.penrithpanthers.com.au/news/2025/10/31/panthers-confirm-signings-of-tom-ale-and-kalani-going/|https://www.penrithpanthers.com.au/news/2024/06/21/panthers-young-guns-commit-to-panthers/"
"pen","Penrith Panthers","Moses Leota","Prop","salary_candidate_needs_term_chain","backup_baseline","reported_exact","85500000","2026|2027","9","0","1","1","4","1","0","0","https://www.couriermail.com.au/sport/nrl/panthers-face-fight-to-keep-moses-leota-amid-1m-offers-from-rival-clubs/news-story/a045139211659d185b490cb11f8c5055","https://www.nrl.com/news/2026/01/01/2026-nrl-signings-tracker-the-latest-from-all-17-clubs/","","","https://www.couriermail.com.au/sport/nrl/panthers-face-fight-to-keep-moses-leota-amid-1m-offers-from-rival-clubs/news-story/a045139211659d185b490cb11f8c5055|https://www.ntnews.com.au/sport/nrl/panthers-face-fight-to-keep-moses-leota-amid-1m-offers-from-rival-clubs/news-story/a045139211659d185b490cb11f8c5055|https://au.news.yahoo.com/panthers-star-at-centre-of-1-million-raid-from-nrl-rivals-amid-plea-from-penrith-teammate-042405298.html|https://www.zerotackle.com/players/moses-leota/|https://www.zerotackle.com/the-biggest-misconception-around-the-eels-rebuild-235478/"
"pen","Penrith Panthers","Mitch Kenny","Hooker","term_chain_no_salary_candidate","backup_baseline","reported_exact","60000000","2026|2027","8","0","1","0","8","1","0","4","","https://www.nrl.com/news/2026/01/01/2026-nrl-signings-tracker-the-latest-from-all-17-clubs/","","https://www.dailytelegraph.com.au/sport/nrl/offcontract-penrith-star-mitch-kenny-moves-closer-to-contract-extension/news-story/7c8f5a6dfa622cc31626b0a5966ea1a3|https://www.cairnspost.com.au/sport/nrl/offcontract-penrith-star-mitch-kenny-moves-closer-to-contract-extension/news-story/7c8f5a6dfa622cc31626b0a5966ea1a3|https://www.heraldsun.com.au/sport/nrl/offcontract-penrith-star-mitch-kenny-moves-closer-to-contract-extension/news-story/7c8f5a6dfa622cc31626b0a5966ea1a3","https://www.dailytelegraph.com.au/sport/nrl/offcontract-penrith-star-mitch-kenny-moves-closer-to-contract-extension/news-story/7c8f5a6dfa622cc31626b0a5966ea1a3|https://www.zerotackle.com/players/mitch-kenny/|https://au.sports.yahoo.com/mitch-kenny-set-call-reported-052523299.html|https://www.zerotackle.com/mitch-kenny-set-to-make-call-on-reported-png-interest-panthers-contract-235561/|https://www.cairnspost.com.au/sport/nrl/offcontract-penrith-star-mitch-kenny-moves-closer-to-contract-extension/news-story/7c8f5a6dfa622cc31626b0a5966ea1a3"
"pen","Penrith Panthers","Linday Smith","Prop","term_chain_no_salary_candidate","backup_baseline","reported_exact","67500000","2026|2027|2028|2029","1","0","1","0","2","1","0","0","","https://www.nrl.com/news/2026/01/01/2026-nrl-signings-tracker-the-latest-from-all-17-clubs/","","","https://www.zerotackle.com/players/lindsay-smith/"
"pen","Penrith Panthers","Isaiah Papali'i","2nd Row","term_chain_no_salary_candidate","backup_baseline","reported_exact","75000000","2026|2027","1","0","1","0","2","1","0","0","","https://www.nrl.com/news/2026/01/01/2026-nrl-signings-tracker-the-latest-from-all-17-clubs/","","","https://www.zerotackle.com/players/isaiah-papalii/"
"pen","Penrith Panthers","Liam Martin","2nd Row","term_chain_no_salary_candidate","backup_baseline","reported_exact","90000000","2026|2027","7","0","1","0","5","3","2","1","","https://www.nrl.com/news/2026/01/01/2026-nrl-signings-tracker-the-latest-from-all-17-clubs/|https://www.penrithpanthers.com.au/news/2026/06/12/jenkins-commits-to-panthers/|https://www.penrithpanthers.com.au/news/2024/06/21/panthers-young-guns-commit-to-panthers/","https://www.penrithpanthers.com.au/news/2026/06/12/jenkins-commits-to-panthers/|https://www.couriermail.com.au/sport/nrl/liam-martin-to-test-open-market-for-first-time-with-both-new-nrl-teams-as-potential-landing-spots/news-story/cf1a1d9b4a8bd7b163dc11316a364fab","https://www.penrithpanthers.com.au/news/2026/06/12/jenkins-commits-to-panthers/","https://www.penrithpanthers.com.au/news/2026/06/12/jenkins-commits-to-panthers/|https://www.penrithpanthers.com.au/news/2024/06/21/panthers-young-guns-commit-to-panthers/|https://www.couriermail.com.au/sport/nrl/liam-martin-to-test-open-market-for-first-time-with-both-new-nrl-teams-as-potential-landing-spots/news-story/cf1a1d9b4a8bd7b163dc11316a364fab|https://www.zerotackle.com/players/liam-martin/|https://www.penrithpanthers.com.au/news/2023/07/27/liam-martin-signs-contract-extension/"
"pen","Penrith Panthers","Isaah Yeo","Lock","term_chain_no_salary_candidate","backup_baseline","reported_exact","120000000","2026|2027","8","0","1","0","9","4","1","1","","https://www.nrl.com/news/2026/01/01/2026-nrl-signings-tracker-the-latest-from-all-17-clubs/|https://www.penrithpanthers.com.au/news/2026/06/12/jenkins-commits-to-panthers/|https://www.penrithpanthers.com.au/news/2025/10/31/panthers-confirm-signings-of-tom-ale-and-kalani-going/","https://www.penrithpanthers.com.au/news/2026/06/12/jenkins-commits-to-panthers/","https://www.penrithpanthers.com.au/news/2026/06/12/jenkins-commits-to-panthers/","https://www.penrithpanthers.com.au/news/2026/06/12/jenkins-commits-to-panthers/|https://www.penrithpanthers.com.au/news/2025/10/31/panthers-confirm-signings-of-tom-ale-and-kalani-going/|https://www.penrithpanthers.com.au/news/2024/06/21/panthers-young-guns-commit-to-panthers/|https://www.zerotackle.com/players/isaah-yeo/|https://www.cairnspost.com.au/sport/nrl/penrith-skipper-isaah-yeo-reveals-offcontract-panthers-will-consider-png-chiefs-move/news-story/d9106697ac2f5f0f3552c79e4dc7a04f?using_ew=false&using_ew_noesi=false"
"pen","Penrith Panthers","Scott Sorensen","Interchange","term_chain_no_salary_candidate","backup_baseline","reported_exact","40000000","2026","3","0","1","0","4","1","0","0","","https://www.nrl.com/news/2026/01/01/2026-nrl-signings-tracker-the-latest-from-all-17-clubs/","","","https://www.theaustralian.com.au/sport/nrl/manly-move-to-lock-in-schoolboy-star-ashton-large-as-longterm-hooker/news-story/a41744dc6f5226bc0cd8a710611cb4ee|https://www.couriermail.com.au/sport/nrl/teams/manly-move-to-lock-in-schoolboy-star-ashton-large-as-longterm-hooker/news-story/a41744dc6f5226bc0cd8a710611cb4ee|https://www.zerotackle.com/players/scott-sorensen/"
"pen","Penrith Panthers","Luke Garner","Interchange","term_chain_no_salary_candidate","backup_baseline","reported_exact","37500000","2026|2027|2028","1","0","1","0","2","1","0","0","","https://www.nrl.com/news/2026/01/01/2026-nrl-signings-tracker-the-latest-from-all-17-clubs/","","","https://www.zerotackle.com/players/luke-garner/"
"pen","Penrith Panthers","Liam Henry","Interchange","term_chain_no_salary_candidate","backup_baseline","reported_exact","55000000","2026","1","0","1","0","2","1","0","0","","https://www.nrl.com/news/2026/01/01/2026-nrl-signings-tracker-the-latest-from-all-17-clubs/","","","https://www.zerotackle.com/players/liam-henry/"
"pen","Penrith Panthers","Izack Tago","Interchange","term_chain_no_salary_candidate","backup_baseline","reported_exact","50000000","2026|2027|2028","2","0","1","0","3","2","0","0","","https://www.nrl.com/news/2026/01/01/2026-nrl-signings-tracker-the-latest-from-all-17-clubs/|https://www.nrl.com/news/2026/05/25/versatile-tago-embraces-familiar-back-row-call-up/","","","https://www.nrl.com/news/2026/05/25/versatile-tago-embraces-familiar-back-row-call-up/|https://www.zerotackle.com/players/izack-tago/"
"pen","Penrith Panthers","Billy Scott","Unknown","term_chain_no_salary_candidate","derived_bucket_range","derived_range","","2026|2027","2","0","1","0","3","2","0","0","","https://www.nrl.com/news/2026/01/01/2026-nrl-signings-tracker-the-latest-from-all-17-clubs/|https://www.penrithpanthers.com.au/news/2024/06/21/panthers-young-guns-commit-to-panthers/","","","https://www.penrithpanthers.com.au/news/2024/06/21/panthers-young-guns-commit-to-panthers/|https://www.zerotackle.com/players/billy-scott/"
"pen","Penrith Panthers","Freddy Lussick","Unknown","term_chain_no_salary_candidate","derived_bucket_range","derived_range","","2026","5","0","1","0","4","1","2","0","","https://www.nrl.com/news/2026/01/01/2026-nrl-signings-tracker-the-latest-from-all-17-clubs/","https://www.geelongadvertiser.com.au/sport/nrl/sport-confidential-freddy-lussick-agrees-to-sign-with-bulldogs-as-another-spine-shakeup-looms/news-story/05e2fa28a3488676a25a380b963881dc|https://au.sports.yahoo.com/bulldogs-sign-breakout-hooker-multi-041327556.html","","https://www.zerotackle.com/players/freddy-lussick/|https://www.geelongadvertiser.com.au/sport/nrl/sport-confidential-freddy-lussick-agrees-to-sign-with-bulldogs-as-another-spine-shakeup-looms/news-story/05e2fa28a3488676a25a380b963881dc|https://au.sports.yahoo.com/bulldogs-sign-breakout-hooker-multi-041327556.html|https://www.penrithpanthers.com.au/news/2025/12/02/freddy-lussick-seals-panthers-deal/|https://www.nrl.com/news/2026/05/08/winning-hand-lussick-eager-to-cash-in-on-new-panthers-role/"
"pen","Penrith Panthers","Jack Cogger","Unknown","term_chain_no_salary_candidate","derived_bucket_range","derived_range","","2026|2027|2028","2","0","1","0","2","1","0","0","","https://www.nrl.com/news/2026/01/01/2026-nrl-signings-tracker-the-latest-from-all-17-clubs/","","","https://www.zerotackle.com/players/jack-cogger/|https://www.penrithpanthers.com.au/news/2022/10/24/zac-hosking-and-jack-cogger-join-panthers/"
"pen","Penrith Panthers","Jaxen Edgar","Unknown","term_chain_no_salary_candidate","derived_bucket_range","derived_range","","2026|2027|2028","1","0","1","0","2","1","0","0","","https://www.nrl.com/news/2026/01/01/2026-nrl-signings-tracker-the-latest-from-all-17-clubs/","","","https://www.zerotackle.com/players/jaxen-edgar/"
"pen","Penrith Panthers","Jesse McLean","Unknown","term_chain_no_salary_candidate","derived_bucket_range","derived_range","","2026|2027|2028","2","0","1","0","3","1","0","0","","https://www.nrl.com/news/2026/01/01/2026-nrl-signings-tracker-the-latest-from-all-17-clubs/","","","https://www.zerotackle.com/players/jesse-mclean/|https://www.ntnews.com.au/sport/nrl/canterbury-raid-penrith-panthers-for-rising-talent-and-stars-sibling-jesse-mclean/news-story/46f0cd2f676c60e129f589aeaf7509ad"
"pen","Penrith Panthers","John Fonua","Unknown","term_chain_no_salary_candidate","derived_bucket_range","derived_range","","2026|2027","0","0","1","0","1","1","0","0","","https://www.nrl.com/news/2026/01/01/2026-nrl-signings-tracker-the-latest-from-all-17-clubs/","","",""
"pen","Penrith Panthers","Kalani Going","Unknown","term_chain_no_salary_candidate","derived_bucket_range","derived_range","","2026","2","0","1","0","3","2","0","0","","https://www.nrl.com/news/2026/01/01/2026-nrl-signings-tracker-the-latest-from-all-17-clubs/|https://www.penrithpanthers.com.au/news/2025/10/31/panthers-confirm-signings-of-tom-ale-and-kalani-going/","","","https://www.penrithpanthers.com.au/news/2025/10/31/panthers-confirm-signings-of-tom-ale-and-kalani-going/|https://www.zerotackle.com/players/kalani-going/"
"pen","Penrith Panthers","Luron Patea","Unknown","term_chain_no_salary_candidate","derived_bucket_range","derived_range","","2026|2027","2","0","1","0","3","2","0","0","","https://www.nrl.com/news/2026/01/01/2026-nrl-signings-tracker-the-latest-from-all-17-clubs/|https://www.penrithpanthers.com.au/news/2024/06/21/panthers-young-guns-commit-to-panthers/","","","https://www.penrithpanthers.com.au/news/2024/06/21/panthers-young-guns-commit-to-panthers/|https://www.zerotackle.com/players/luron-patea/"
"pen","Penrith Panthers","Tom Ale","Unknown","term_chain_no_salary_candidate","derived_bucket_range","derived_range","","2026","2","0","1","0","3","2","0","0","","https://www.nrl.com/news/2026/01/01/2026-nrl-signings-tracker-the-latest-from-all-17-clubs/|https://www.penrithpanthers.com.au/news/2025/10/31/panthers-confirm-signings-of-tom-ale-and-kalani-going/","","","https://www.penrithpanthers.com.au/news/2025/10/31/panthers-confirm-signings-of-tom-ale-and-kalani-going/|https://www.zerotackle.com/players/tom-ale/"
"sou","South Sydney Rabbitohs","Jye Gray","Fullback","term_chain_no_salary_candidate","backup_baseline","reported_exact","55000000","2026|2027|2028|2029","1","0","1","0","2","1","0","0","","https://www.nrl.com/news/2026/01/01/2026-nrl-signings-tracker-the-latest-from-all-17-clubs/","","","https://www.zerotackle.com/players/jye-gray/"
"sou","South Sydney Rabbitohs","Alex Johnston","Winger","term_chain_no_salary_candidate","backup_baseline","reported_exact","27500000","2026|2027","4","0","1","0","3","1","0","0","","https://www.nrl.com/news/2026/01/01/2026-nrl-signings-tracker-the-latest-from-all-17-clubs/","","","https://www.zerotackle.com/players/alex-johnston/|https://www.abc.net.au/pacific/first-papua-new-guinean-player-to-sign-with-the-png-chiefs-/106649558|https://7news.com.au/sport/rugby-league/chad-townsend-backs-fans-viral-petition-to-storm-the-field-when-alex-johnston-breaks-nrl-try-scoring-record-c-19135449|https://www.zerotackle.com/rabbitohs-reveal-reason-for-alex-johnstons-absence-235435/"
"sou","South Sydney Rabbitohs","Latrell Mitchell","Centre","term_chain_no_salary_candidate","backup_baseline","reported_exact","100000000","2026|2027","11","0","1","0","4","2","1","1","","https://www.nrl.com/news/2026/01/01/2026-nrl-signings-tracker-the-latest-from-all-17-clubs/|https://www.rabbitohs.com.au/teams/teams-details?id=1587&league=111","https://www.rabbitohs.com.au/teams/teams-details?id=1587&league=111","https://au.sports.yahoo.com/latrell-mitchell-extension-price-look-235711283.html","https://www.adelaidenow.com.au/sport/nrl/teams/knights/newcastle-knights-admit-interest-in-signing-latrell-mitchell/news-story/40f0c4c9e08475d991b52edcffde2e2c|https://au.news.yahoo.com/latrell-mitchell-cops-14-million-blow-as-sad-truth-emerges-about-south-sydney-superstar-023516381.html|https://www.geelongadvertiser.com.au/sport/latrell-mitchell-looks-set-to-leave-sydney-roosters-as-contract-talks-fail/news-story/e8eb3946be3c217af515116c4fbf9748|https://www.zerotackle.com/players/latrell-mitchell/|https://www.rabbitohs.com.au/teams/teams-details?id=1587&league=111"
"sou","South Sydney Rabbitohs","Jack Wighton","Centre","term_chain_no_salary_candidate","backup_baseline","reported_exact","62500000","2026|2027","2","0","1","0","3","1","0","0","","https://www.nrl.com/news/2026/01/01/2026-nrl-signings-tracker-the-latest-from-all-17-clubs/","","","https://www.zerotackle.com/players/jack-wighton/|https://www.cairnspost.com.au/sport/jack-wighton-rejects-canberra-raiders-contract-offer/news-story/f72f9d6a5656648522aa204500c6dbd2"
"sou","South Sydney Rabbitohs","Campbell Graham","Winger","term_chain_no_salary_candidate","backup_baseline","reported_exact","65000000","2026|2027","1","0","1","0","2","1","0","0","","https://www.nrl.com/news/2026/01/01/2026-nrl-signings-tracker-the-latest-from-all-17-clubs/","","","https://www.zerotackle.com/players/campbell-graham/"
"sou","South Sydney Rabbitohs","Cody Walker","Five-Eighth","term_chain_no_salary_candidate","backup_baseline","reported_exact","65000000","2026","3","0","1","0","3","1","0","0","","https://www.nrl.com/news/2026/01/01/2026-nrl-signings-tracker-the-latest-from-all-17-clubs/","","","https://www.zerotackle.com/players/cody-walker/|https://au.sports.yahoo.com/cody-walker-receives-major-boost-225903435.html|https://au.news.yahoo.com/south-sydney-star-makes-eye-opening-call-on-nrl-retirement-as-rabbitohs-face-tricky-decision-000808406.html"
"sou","South Sydney Rabbitohs","Jamie Humphreys","Halfback","term_chain_no_salary_candidate","backup_baseline","reported_exact","35000000","2026","3","0","1","0","4","1","2","0","","https://www.nrl.com/news/2026/01/01/2026-nrl-signings-tracker-the-latest-from-all-17-clubs/","https://www.theaustralian.com.au/sport/nrl/star-perth-bears-recruit-jamie-humphreys-backflips-on-2027-deal/news-story/e1a5762d6d2bc231f0acfc2474cde8f0|https://au.sports.yahoo.com/jamie-humphreys-set-leave-rabbitohs-053218484.html","","https://www.theaustralian.com.au/sport/nrl/star-perth-bears-recruit-jamie-humphreys-backflips-on-2027-deal/news-story/e1a5762d6d2bc231f0acfc2474cde8f0|https://www.zerotackle.com/players/jamie-humphreys/|https://au.sports.yahoo.com/jamie-humphreys-set-leave-rabbitohs-053218484.html"
"sou","South Sydney Rabbitohs","Tevita Tatola","Prop","term_chain_no_salary_candidate","backup_baseline","reported_exact","70000000","2026|2027|2028","1","0","1","0","2","1","0","0","","https://www.nrl.com/news/2026/01/01/2026-nrl-signings-tracker-the-latest-from-all-17-clubs/","","","https://www.zerotackle.com/players/tevita-tatola/"
"sou","South Sydney Rabbitohs","Brandon Smith","Hooker","term_chain_no_salary_candidate","backup_baseline","reported_exact","75000000","2026|2027","1","0","1","0","2","1","0","0","","https://www.nrl.com/news/2026/01/01/2026-nrl-signings-tracker-the-latest-from-all-17-clubs/","","","https://www.zerotackle.com/players/brandon-smith/"
"sou","South Sydney Rabbitohs","Keaon Koloamatangi","Prop","term_chain_no_salary_candidate","backup_baseline","reported_exact","100000000","2026","3","0","1","0","2","1","0","0","","https://www.nrl.com/news/2026/01/01/2026-nrl-signings-tracker-the-latest-from-all-17-clubs/","","","https://www.zerotackle.com/players/keaon-koloamatangi/|https://www.ntnews.com.au/sport/nrl/i-will-be-there-keaon-koloamatangi-shuts-down-rumours-of-dragons-backflip/news-story/c1845b94c312a41b00875c2c4b5b06ab|https://www.zerotackle.com/the-biggest-misconception-around-the-eels-rebuild-235478/"
"sou","South Sydney Rabbitohs","Jai Arrow","2nd Row","profile_or_secondary_candidates_only","backup_baseline","reported_exact","75000000","2026","7","0","0","0","1","0","0","0","","","","","https://www.zerotackle.com/players/jai-arrow/|https://www.couriermail.com.au/sport/nrl/former-nrl-star-jai-arrow-has-launched-a-campaign-for-support-in-his-fight-against-motor-neurone-disease/news-story/367646a18d5130c4ab684a4515713d56|https://www.foxsports.com.au/afl/nrl-and-afl-worlds-unite-with-beautiful-jai-arrow-act-at-mcg/news-story/4d19ab6e37ca280f6654d81ab7830b26|https://au.sports.yahoo.com/nrl-throw-special-celebration-jai-024604672.html|https://www.abc.net.au/news/2026-06-11/nrl-live-updates-south-sydney-rabbitohs-brisbane-broncos/106782324"
"sou","South Sydney Rabbitohs","David Fifita","2nd Row","term_chain_no_salary_candidate","backup_baseline","reported_exact","75000000","2026|2027","9","0","1","0","7","1","1","2","","https://www.nrl.com/news/2026/01/01/2026-nrl-signings-tracker-the-latest-from-all-17-clubs/","https://7news.com.au/sport/rugby-league/david-fifitas-titans-deal-set-to-be-torn-up-for-immediate-move-to-south-sydney-tom-trbojevic-re-signs-with-manly-c-20494543","https://www.geelongadvertiser.com.au/sport/david-fifita-to-sign-extension-with-brisbane-broncos/news-story/9c21ec020d2e4692e747f109e7556c06|https://7news.com.au/sport/rugby-league/david-fifitas-titans-deal-set-to-be-torn-up-for-immediate-move-to-south-sydney-tom-trbojevic-re-signs-with-manly-c-20494543","https://www.cairnspost.com.au/sport/broncos-to-cash-in-on-david-fifita-bali-saga-with-monster-contract-offer/news-story/2caaae6560761c77f64e4453d74910fb|https://www.adelaidenow.com.au/sport/nrl/teams/broncos/broncos-to-cash-in-on-david-fifita-bali-saga-with-monster-contract-offer/news-story/2caaae6560761c77f64e4453d74910fb|https://www.zerotackle.com/players/david-fifita/|https://www.geelongadvertiser.com.au/sport/david-fifita-to-sign-extension-with-brisbane-broncos/news-story/9c21ec020d2e4692e747f109e7556c06|https://www.themercury.com.au/sport/david-fifita-titans-contract-brisbane-broncos-star-offered-gold-coast-mega-deal/news-story/bf33a725880de273253d04c7b9d85928"
"sou","South Sydney Rabbitohs","Cameron Murray","Lock","term_chain_no_salary_candidate","backup_baseline","reported_exact","110000000","2026|2027|2028","1","0","1","0","2","1","0","0","","https://www.nrl.com/news/2026/01/01/2026-nrl-signings-tracker-the-latest-from-all-17-clubs/","","","https://www.zerotackle.com/players/cameron-murray/"
"sou","South Sydney Rabbitohs","Tallis Duncan","Interchange","term_chain_no_salary_candidate","backup_baseline","reported_exact","50000000","2026|2027","1","0","1","0","2","1","0","0","","https://www.nrl.com/news/2026/01/01/2026-nrl-signings-tracker-the-latest-from-all-17-clubs/","","","https://www.zerotackle.com/players/tallis-duncan/"
"sou","South Sydney Rabbitohs","Euan Aitken","Interchange","term_chain_no_salary_candidate","backup_baseline","reported_exact","45000000","2026|2027","1","0","1","0","2","1","0","0","","https://www.nrl.com/news/2026/01/01/2026-nrl-signings-tracker-the-latest-from-all-17-clubs/","","","https://www.zerotackle.com/players/euan-aitken/"
"sou","South Sydney Rabbitohs","Peter Mamouzelos","Interchange","term_chain_no_salary_candidate","backup_baseline","reported_exact","42500000","2026|2027","2","0","1","0","3","1","0","0","","https://www.nrl.com/news/2026/01/01/2026-nrl-signings-tracker-the-latest-from-all-17-clubs/","","","https://www.zerotackle.com/players/peter-mamouzelos/|https://au.sports.yahoo.com/peter-mamouzelos-nears-early-rabbitohs-035822567.html"
"sou","South Sydney Rabbitohs","Sean Keppie","Interchange","term_chain_no_salary_candidate","backup_baseline","reported_exact","35000000","2026","2","0","1","0","3","1","0","1","","https://www.nrl.com/news/2026/01/01/2026-nrl-signings-tracker-the-latest-from-all-17-clubs/","","https://au.sports.yahoo.com/rabbitohs-forward-inks-multi-extension-023032446.html","https://www.zerotackle.com/players/sean-keppie/|https://au.sports.yahoo.com/rabbitohs-forward-inks-multi-extension-023032446.html"
"sou","South Sydney Rabbitohs","Ashton Ward","Unknown","term_chain_no_salary_candidate","derived_bucket_range","derived_range","","2026","3","0","1","0","3","1","1","0","","https://www.nrl.com/news/2026/01/01/2026-nrl-signings-tracker-the-latest-from-all-17-clubs/","https://au.sports.yahoo.com/rabbitohs-rising-star-gains-contract-212525582.html","","https://www.zerotackle.com/players/ashton-ward/|https://au.sports.yahoo.com/rabbitohs-rising-star-gains-contract-212525582.html|https://www.smh.com.au/sport/nrl/souths-had-11-halves-combos-in-2025-now-they-may-need-nrl-exemption-to-field-one-20260227-p5o5ym.html"
"sou","South Sydney Rabbitohs","Adam Elliott","Unknown","term_chain_no_salary_candidate","derived_bucket_range","derived_range","","2026","2","0","1","0","2","1","0","0","","https://www.nrl.com/news/2026/01/01/2026-nrl-signings-tracker-the-latest-from-all-17-clubs/","","","https://www.zerotackle.com/players/adam-elliott/|https://www.townsvillebulletin.com.au/sport/nrl/nrl-2020-warriors-sign-kane-evans-bulldogs-lock-in-adam-elliott/news-story/43393cb38734792a789193588b2ef764"
"sou","South Sydney Rabbitohs","Bronson Carlick","Unknown","term_chain_no_salary_candidate","derived_bucket_range","derived_range","","2026|2027","0","0","1","0","1","1","0","0","","https://www.nrl.com/news/2026/01/01/2026-nrl-signings-tracker-the-latest-from-all-17-clubs/","","",""
"sou","South Sydney Rabbitohs","Ed Kosi","Unknown","term_chain_no_salary_candidate","derived_bucket_range","derived_range","","2026|2027","1","0","1","0","2","1","0","0","","https://www.nrl.com/news/2026/01/01/2026-nrl-signings-tracker-the-latest-from-all-17-clubs/","","","https://www.zerotackle.com/players/edward-kosi/"
"sou","South Sydney Rabbitohs","Isaiah Tass","Unknown","term_chain_no_salary_candidate","derived_bucket_range","derived_range","","2026|2027","2","0","1","0","3","1","1","0","","https://www.nrl.com/news/2026/01/01/2026-nrl-signings-tracker-the-latest-from-all-17-clubs/","https://www.cairnspost.com.au/sport/nrl/nrl-2021-isaiah-tass-joins-brisbane-broncos-on-development-list-contract/news-story/be809cbedb699073db73dc524e507677","","https://www.zerotackle.com/players/isaiah-tass/|https://www.cairnspost.com.au/sport/nrl/nrl-2021-isaiah-tass-joins-brisbane-broncos-on-development-list-contract/news-story/be809cbedb699073db73dc524e507677"
"sou","South Sydney Rabbitohs","Jayden Sullivan","Unknown","term_chain_no_salary_candidate","derived_bucket_range","derived_range","","2026|2027","1","0","1","0","2","1","0","0","","https://www.nrl.com/news/2026/01/01/2026-nrl-signings-tracker-the-latest-from-all-17-clubs/","","","https://www.zerotackle.com/players/jayden-sullivan/"
"sou","South Sydney Rabbitohs","Jonah Glover","Unknown","term_chain_no_salary_candidate","derived_bucket_range","derived_range","","2026|2027","1","0","1","0","2","1","0","0","","https://www.nrl.com/news/2026/01/01/2026-nrl-signings-tracker-the-latest-from-all-17-clubs/","","","https://www.zerotackle.com/players/jonah-glover/"
"sou","South Sydney Rabbitohs","Lachie Hubner","Unknown","term_chain_no_salary_candidate","derived_bucket_range","derived_range","","2026|2027|2028","1","0","1","0","2","1","0","0","","https://www.nrl.com/news/2026/01/01/2026-nrl-signings-tracker-the-latest-from-all-17-clubs/","","","https://www.zerotackle.com/players/lachlan-hubner/"
"sou","South Sydney Rabbitohs","Liam Le Blanc","Unknown","term_chain_no_salary_candidate","derived_bucket_range","derived_range","","2026","1","0","1","0","2","1","0","0","","https://www.nrl.com/news/2026/01/01/2026-nrl-signings-tracker-the-latest-from-all-17-clubs/","","","https://www.zerotackle.com/players/liam-le-blanc/"
"sou","South Sydney Rabbitohs","Max McCarthy","Unknown","term_chain_no_salary_candidate","derived_bucket_range","derived_range","","2026","1","0","1","0","2","1","0","0","","https://www.nrl.com/news/2026/01/01/2026-nrl-signings-tracker-the-latest-from-all-17-clubs/","","","https://www.zerotackle.com/players/max-mccarthy/"
"sou","South Sydney Rabbitohs","Thomas Fletcher","Unknown","term_chain_no_salary_candidate","derived_bucket_range","derived_range","","2026|2027","1","0","1","0","2","1","0","0","","https://www.nrl.com/news/2026/01/01/2026-nrl-signings-tracker-the-latest-from-all-17-clubs/","","","https://www.zerotackle.com/players/thomas-fletcher/"
"sou","South Sydney Rabbitohs","Tyrone Munro","Unknown","term_chain_no_salary_candidate","derived_bucket_range","derived_range","","2026|2027","4","0","1","0","2","1","0","0","","https://www.nrl.com/news/2026/01/01/2026-nrl-signings-tracker-the-latest-from-all-17-clubs/","","","https://www.zerotackle.com/players/tyrone-munro/|https://www.theaustralian.com.au/sport/nrl/tyrone-munro-to-appeal-nofault-standdown-ban-after-court-delay-ends-2026-season/news-story/23a21f16d925581d17c468cc0eb96c7a|https://au.sports.yahoo.com/tyrone-munro-set-miss-remainder-214716704.html|https://www.ntnews.com.au/sport/nrl/tyrone-munro-to-appeal-nofault-standdown-ban-after-court-delay-ends-2026-season/news-story/23a21f16d925581d17c468cc0eb96c7a"
"sti","St George Illawarra Dragons","Clint Gutherson","Fullback","term_chain_no_salary_candidate","backup_baseline","reported_exact","75000000","2026|2027","3","0","1","0","3","1","1","0","","https://www.nrl.com/news/2026/01/01/2026-nrl-signings-tracker-the-latest-from-all-17-clubs/","https://www.zerotackle.com/the-biggest-misconception-around-the-eels-rebuild-235478/","","https://www.goldcoastbulletin.com.au/sport/nrl/parramatta-will-table-clint-gutherson-a-makeorbreak-contract/news-story/030f71422460988bb6c779385f9ea3d3|https://www.zerotackle.com/the-biggest-misconception-around-the-eels-rebuild-235478/|https://www.themercury.com.au/sport/nrl/after-168-days-of-negotiations-parramatta-and-clint-gutherson-are-still-far-from-agreement/news-story/ccb129a23c7eb921dbed1a7f28f207fc"
"sti","St George Illawarra Dragons","Christian Tuipulotu","Winger","term_chain_no_salary_candidate","backup_baseline","reported_exact","30000000","2026","1","0","1","0","2","1","0","0","","https://www.nrl.com/news/2026/01/01/2026-nrl-signings-tracker-the-latest-from-all-17-clubs/","","","https://www.zerotackle.com/players/christian-tuipulotu/"
"sti","St George Illawarra Dragons","Moses Suli","Centre","term_chain_no_salary_candidate","backup_baseline","reported_exact","42500000","2026|2027","4","0","1","0","4","1","0","0","","https://www.nrl.com/news/2026/01/01/2026-nrl-signings-tracker-the-latest-from-all-17-clubs/","","","https://www.dailytelegraph.com.au/sport/nrl/moses-suli-granted-permission-to-leave-dragons-as-red-vs-roster-overhaul-continues/news-story/916621cabdacf7d6a570af9600ba4508|https://www.zerotackle.com/players/moses-suli/|https://www.goldcoastbulletin.com.au/sport/nrl/how-inform-manly-centre-moses-suli-made-the-most-of-his-last-chance-in-the-nrl/news-story/225c86cc39856fc048ed715ada116d1e|https://www.themercury.com.au/sport/manly-to-resign-powerful-centre-moses-suli-in-blow-to-st-george-illawarra-dragons/news-story/b749dcb893319e87cc346a27c128e9b6"
"sti","St George Illawarra Dragons","Valentine Holmes","Centre","salary_candidate_needs_term_chain","backup_baseline","reported_exact","65000000","2026|2027","4","0","1","1","3","1","0","0","https://www.goldcoastbulletin.com.au/sport/american-sports/nfl/new-york-jets-nfl-practice-team-member-valentine-holmes-900k-off-to-return-to-nrl/news-story/b1c30b843b3c3d5925ad8598c29fc4f6","https://www.nrl.com/news/2026/01/01/2026-nrl-signings-tracker-the-latest-from-all-17-clubs/","","","https://www.goldcoastbulletin.com.au/sport/american-sports/nfl/new-york-jets-nfl-practice-team-member-valentine-holmes-900k-off-to-return-to-nrl/news-story/b1c30b843b3c3d5925ad8598c29fc4f6|https://www.adelaidenow.com.au/sport/nrl/valentine-holmes-strange-24m-call-amid-dragons-pursuit-and-roosters-approach/news-story/eb3e03dd1887187cfa3e52a60aa7a664|https://www.zerotackle.com/players/valentine-holmes/|https://www.goldcoastbulletin.com.au/sport/nrl/cowboys-confirm-details-of-monster-valentine-holmes-deal/news-story/22b2ed43abf3f04304e61018fa9ae14c"
"sti","St George Illawarra Dragons","Setu Tu","Winger","profile_or_secondary_candidates_only","backup_baseline","reported_exact","20000000","2026","2","0","0","0","1","0","0","0","","","","","https://www.zerotackle.com/players/setu-tu/|https://www.dragons.com.au/news/2025/11/18/dragons-secure-setu-tu/"
"sti","St George Illawarra Dragons","Kyle Flanagan","Five-Eighth","term_chain_no_salary_candidate","backup_baseline","reported_exact","50000000","2026|2027","1","0","1","0","2","1","0","0","","https://www.nrl.com/news/2026/01/01/2026-nrl-signings-tracker-the-latest-from-all-17-clubs/","","","https://www.zerotackle.com/players/kyle-flanagan/"
"sti","St George Illawarra Dragons","Daniel Atkinson","Halfback","term_chain_no_salary_candidate","backup_baseline","reported_exact","65000000","2026|2027|2028","1","0","1","0","2","1","0","0","","https://www.nrl.com/news/2026/01/01/2026-nrl-signings-tracker-the-latest-from-all-17-clubs/","","","https://www.zerotackle.com/players/daniel-atkinson/"
"sti","St George Illawarra Dragons","Emre Guler","Prop","term_chain_no_salary_candidate","backup_baseline","reported_exact","35000000","2026","2","0","1","0","3","1","1","0","","https://www.nrl.com/news/2026/01/01/2026-nrl-signings-tracker-the-latest-from-all-17-clubs/","https://au.sports.yahoo.com/dragons-cleanout-continues-prop-home-202225088.html","","https://www.zerotackle.com/players/emre-guler/|https://au.sports.yahoo.com/dragons-cleanout-continues-prop-home-202225088.html"
"sti","St George Illawarra Dragons","Damien Cook","Hooker","term_chain_no_salary_candidate","backup_baseline","reported_exact","51500000","2026","7","0","1","0","7","1","2","1","","https://www.nrl.com/news/2026/01/01/2026-nrl-signings-tracker-the-latest-from-all-17-clubs/","https://www.couriermail.com.au/sport/nrl/damien-cook-to-leave-dragons-after-2026-season-for-super-league-move/news-story/bc949f0b304796ebbecfd02415c945b7|https://www.theaustralian.com.au/sport/nrl/dragons-open-negotiations-with-damien-cook-as-team-seeks-to-snap-finals-drought/news-story/94061ed9c3d55d3dee396f24151ea842","https://www.theaustralian.com.au/sport/nrl/nrl-market-watch-premiership-panther-luke-garner-set-for-upgrade-sharks-workhorse-resigns/news-story/54a0f3ea7569408f32f643fbec926a8f","https://www.couriermail.com.au/sport/nrl/damien-cook-to-leave-dragons-after-2026-season-for-super-league-move/news-story/bc949f0b304796ebbecfd02415c945b7|https://www.theaustralian.com.au/sport/nrl/nrl-market-watch-premiership-panther-luke-garner-set-for-upgrade-sharks-workhorse-resigns/news-story/54a0f3ea7569408f32f643fbec926a8f|https://www.theaustralian.com.au/sport/nrl/dragons-open-negotiations-with-damien-cook-as-team-seeks-to-snap-finals-drought/news-story/94061ed9c3d55d3dee396f24151ea842|https://www.zerotackle.com/players/damien-cook/|https://au.sports.yahoo.com/damien-cook-makes-shock-contract-020835001.html"
"sti","St George Illawarra Dragons","Toby Couchman","Prop","term_chain_no_salary_candidate","backup_baseline","reported_exact","52500000","2026|2027","1","0","1","0","2","1","0","0","","https://www.nrl.com/news/2026/01/01/2026-nrl-signings-tracker-the-latest-from-all-17-clubs/","","","https://www.zerotackle.com/players/toby-couchman/"
"sti","St George Illawarra Dragons","Luciano Leilua","2nd Row","term_chain_no_salary_candidate","backup_baseline","reported_exact","45000000","2026","9","0","1","0","7","1","3","2","","https://www.nrl.com/news/2026/01/01/2026-nrl-signings-tracker-the-latest-from-all-17-clubs/","https://www.theaustralian.com.au/sport/nrl/luciano-leilua-quits-nrl-as-dragons-massive-roster-overhaul-continues/news-story/de58edb5ea1fac9f5d36c141faa5bc96|https://www.townsvillebulletin.com.au/sport/nrl/luciano-leilua-quits-nrl-as-dragons-massive-roster-overhaul-continues/news-story/de58edb5ea1fac9f5d36c141faa5bc96|https://au.sports.yahoo.com/luciano-leilua-leave-dragons-next-004453052.html","https://www.theaustralian.com.au/sport/nrl/luciano-leilua-quits-nrl-as-dragons-massive-roster-overhaul-continues/news-story/de58edb5ea1fac9f5d36c141faa5bc96|https://www.dailytelegraph.com.au/sport/nrl/luciano-leilua-quits-nrl-as-dragons-massive-roster-overhaul-continues/news-story/de58edb5ea1fac9f5d36c141faa5bc96","https://www.ntnews.com.au/sport/nrl/nrl-transfer-news-wests-tigers-eye-api-koroisau-as-josh-hodgson-move-stalls/news-story/acda014827cb955d78a2bc1c7c786275|https://www.theaustralian.com.au/sport/nrl/luciano-leilua-quits-nrl-as-dragons-massive-roster-overhaul-continues/news-story/de58edb5ea1fac9f5d36c141faa5bc96|https://www.dailytelegraph.com.au/sport/nrl/luciano-leilua-quits-nrl-as-dragons-massive-roster-overhaul-continues/news-story/de58edb5ea1fac9f5d36c141faa5bc96|https://www.zerotackle.com/players/luciano-leilua/|https://www.townsvillebulletin.com.au/sport/nrl/luciano-leilua-quits-nrl-as-dragons-massive-roster-overhaul-continues/news-story/de58edb5ea1fac9f5d36c141faa5bc96"
"sti","St George Illawarra Dragons","Jaydn Su'A","2nd Row","ready_for_manual_salary_promotion_review","backup_baseline","reported_exact","85000000","2026","5","0","1","2","3","1","1","1","https://www.couriermail.com.au/sport/nrl/inside-the-secret-nrl-clauses-driving-player-moves-and-contract-standoffs/news-story/8c186c8f280041c8caa18ad76bfbf207|https://www.theaustralian.com.au/sport/nrl/inside-the-secret-nrl-clauses-driving-player-moves-and-contract-standoffs/news-story/8c186c8f280041c8caa18ad76bfbf207","https://www.nrl.com/news/2026/01/01/2026-nrl-signings-tracker-the-latest-from-all-17-clubs/","https://www.theaustralian.com.au/sport/nrl/jaydn-sua-set-to-quit-dragons-a-year-early-to-join-parramatta-in-bombshell-transfer/news-story/4eea3f36f075499866a2833f6f3f6237","https://www.theaustralian.com.au/sport/nrl/jaydn-sua-set-to-quit-dragons-a-year-early-to-join-parramatta-in-bombshell-transfer/news-story/4eea3f36f075499866a2833f6f3f6237","https://www.couriermail.com.au/sport/nrl/inside-the-secret-nrl-clauses-driving-player-moves-and-contract-standoffs/news-story/8c186c8f280041c8caa18ad76bfbf207|https://www.theaustralian.com.au/sport/nrl/inside-the-secret-nrl-clauses-driving-player-moves-and-contract-standoffs/news-story/8c186c8f280041c8caa18ad76bfbf207|https://www.theaustralian.com.au/sport/nrl/jaydn-sua-set-to-quit-dragons-a-year-early-to-join-parramatta-in-bombshell-transfer/news-story/4eea3f36f075499866a2833f6f3f6237|https://www.zerotackle.com/players/jaydn-sua/|https://www.dailytelegraph.com.au/sport/nrl/supercoach-news/nrl-late-mail-round-12-dolphins-blow-as-herbie-farnworth-ruled-out-with-tightness/news-story/77cb12186029436e1a17fd975af3b876"
"sti","St George Illawarra Dragons","Hamish Stewart","Lock","term_chain_no_salary_candidate","backup_baseline","reported_exact","50000000","2026|2027|2028|2029","3","0","1","0","3","2","0","0","","https://www.nrl.com/news/2026/01/01/2026-nrl-signings-tracker-the-latest-from-all-17-clubs/|https://www.dragons.com.au/news/2026/05/14/dragons-secure-luke-metcalf-through-2029/","","","https://www.dragons.com.au/news/2026/05/14/dragons-secure-luke-metcalf-through-2029/|https://www.zerotackle.com/players/hamish-stewart/|https://www.dragons.com.au/news/2025/10/31/hamish-stewart-re-signs-with-dragons-until-end-of-29/"
"sti","St George Illawarra Dragons","Jacob Liddle","Interchange","term_chain_no_salary_candidate","backup_baseline","reported_exact","50000000","2026|2027|2028","2","0","1","0","2","1","0","0","","https://www.nrl.com/news/2026/01/01/2026-nrl-signings-tracker-the-latest-from-all-17-clubs/","","","https://www.zerotackle.com/players/jacob-liddle/|https://www.dragons.com.au/news/2025/06/11/jacob-liddle-extends-with-dragons-for-three-years/"
"sti","St George Illawarra Dragons","Josh Kerr","Interchange","term_chain_no_salary_candidate","backup_baseline","reported_exact","27500000","2026|2027","2","0","1","0","2","1","0","0","","https://www.nrl.com/news/2026/01/01/2026-nrl-signings-tracker-the-latest-from-all-17-clubs/","","","https://www.zerotackle.com/players/josh-kerr/|https://www.dragons.com.au/news/2025/08/06/dragons-sign-josh-kerr-from-2026/"
"sti","St George Illawarra Dragons","Dylan Egan","Interchange","term_chain_no_salary_candidate","backup_baseline","reported_exact","40000000","2026|2027|2028|2029","3","0","1","0","3","2","0","0","","https://www.nrl.com/news/2026/01/01/2026-nrl-signings-tracker-the-latest-from-all-17-clubs/|https://www.dragons.com.au/news/2026/05/14/dragons-secure-luke-metcalf-through-2029/","","","https://www.dragons.com.au/news/2026/05/14/dragons-secure-luke-metcalf-through-2029/|https://www.zerotackle.com/players/dylan-egan/|https://www.dragons.com.au/news/2026/03/18/eagle-has-landed--dylan-egan-extends-through-2029/"
"sti","St George Illawarra Dragons","Ryan Couchman","Interchange","term_chain_no_salary_candidate","backup_baseline","reported_exact","47500000","2026|2027","1","0","1","0","2","1","0","0","","https://www.nrl.com/news/2026/01/01/2026-nrl-signings-tracker-the-latest-from-all-17-clubs/","","","https://www.zerotackle.com/players/ryan-couchman/"
"sti","St George Illawarra Dragons","Hame Sele","Unknown","term_chain_no_salary_candidate","derived_bucket_range","derived_range","","2026","1","0","1","0","2","1","0","0","","https://www.nrl.com/news/2026/01/01/2026-nrl-signings-tracker-the-latest-from-all-17-clubs/","","","https://www.zerotackle.com/players/hame-sele/"
"sti","St George Illawarra Dragons","Mat Feagai","Unknown","term_chain_no_salary_candidate","derived_bucket_range","derived_range","","2026","1","0","1","0","2","1","0","0","","https://www.nrl.com/news/2026/01/01/2026-nrl-signings-tracker-the-latest-from-all-17-clubs/","","","https://www.zerotackle.com/players/max-feagai/"
"sti","St George Illawarra Dragons","Lyhkan King-Togia","Unknown","term_chain_no_salary_candidate","derived_bucket_range","derived_range","","2026|2027","1","0","1","0","2","1","0","0","","https://www.nrl.com/news/2026/01/01/2026-nrl-signings-tracker-the-latest-from-all-17-clubs/","","","https://www.zerotackle.com/players/lyhkan-king-togia/"
"sti","St George Illawarra Dragons","Loko Pasifiki-Tonga","Unknown","term_chain_no_salary_candidate","derived_bucket_range","derived_range","","2026|2027","1","0","1","0","2","1","0","0","","https://www.nrl.com/news/2026/01/01/2026-nrl-signings-tracker-the-latest-from-all-17-clubs/","","","https://www.zerotackle.com/players/loko-pasifiki-tonga/"
"sti","St George Illawarra Dragons","Tyrell Sloan","Unknown","term_chain_no_salary_candidate","derived_bucket_range","derived_range","","2026","4","0","1","0","4","1","0","0","","https://www.nrl.com/news/2026/01/01/2026-nrl-signings-tracker-the-latest-from-all-17-clubs/","","","https://www.dailytelegraph.com.au/sport/nrl/castleford-targets-dragons-star-tyrell-sloan-for-super-league-move/news-story/dcf9cb91c50fc000af55a2880a918211|https://www.zerotackle.com/players/tyrell-sloan/|https://www.zerotackle.com/tyrelll-sloan-new-contracted-confirmed-235516/|https://www.thechronicle.com.au/sport/nrl/dragons-speedster-tyrell-sloan-set-to-join-teammates-damien-cook-and-matt-feagai-in-the-english-super-league/news-story/6cb6dbd308a0c4971e951460b76ea1fe"
"sti","St George Illawarra Dragons","David Fale","Unknown","term_chain_no_salary_candidate","derived_bucket_range","derived_range","","2026|2027","2","0","1","0","2","1","0","0","","https://www.nrl.com/news/2026/01/01/2026-nrl-signings-tracker-the-latest-from-all-17-clubs/","","","https://www.zerotackle.com/players/david-fale/|https://www.dragons.com.au/news/2025/10/16/david-fale-signs-with-red-v/"
"sti","St George Illawarra Dragons","Blake Lawrie","Unknown","term_chain_no_salary_candidate","derived_bucket_range","derived_range","","2026","2","0","1","0","3","1","0","1","","https://www.nrl.com/news/2026/01/01/2026-nrl-signings-tracker-the-latest-from-all-17-clubs/","","https://www.weeklytimesnow.com.au/news/blake-lawrie-becomes-first-bbq-covid19-breacher-to-resign-with-st-george-illawarra-dragons/news-story/a581678c407ae28b62469e3adaa227d4","https://www.zerotackle.com/players/blake-lawrie/|https://www.weeklytimesnow.com.au/news/blake-lawrie-becomes-first-bbq-covid19-breacher-to-resign-with-st-george-illawarra-dragons/news-story/a581678c407ae28b62469e3adaa227d4"
"sti","St George Illawarra Dragons","Hayden Buchanan","Unknown","term_chain_no_salary_candidate","derived_bucket_range","derived_range","","2026|2027","1","0","1","0","2","1","0","0","","https://www.nrl.com/news/2026/01/01/2026-nrl-signings-tracker-the-latest-from-all-17-clubs/","","","https://www.zerotackle.com/players/hayden-buchanan/"
"sti","St George Illawarra Dragons","Jacob Halangahu","Unknown","term_chain_no_salary_candidate","derived_bucket_range","derived_range","","2026|2027","1","0","1","0","2","1","0","0","","https://www.nrl.com/news/2026/01/01/2026-nrl-signings-tracker-the-latest-from-all-17-clubs/","","","https://www.zerotackle.com/players/jacob-halangahu/"
"sti","St George Illawarra Dragons","Leeroy Weatherall","Unknown","term_chain_no_salary_candidate","derived_bucket_range","derived_range","","2026","1","0","1","0","2","1","0","0","","https://www.nrl.com/news/2026/01/01/2026-nrl-signings-tracker-the-latest-from-all-17-clubs/","","","https://www.zerotackle.com/players/leeroy-weatherall/"
"sti","St George Illawarra Dragons","Nathan Lawson","Unknown","term_chain_no_salary_candidate","derived_bucket_range","derived_range","","2026","1","0","1","0","2","1","0","0","","https://www.nrl.com/news/2026/01/01/2026-nrl-signings-tracker-the-latest-from-all-17-clubs/","","","https://www.zerotackle.com/players/nathan-lawson/"
"sti","St George Illawarra Dragons","Nick Tsougranis","Unknown","term_chain_no_salary_candidate","derived_bucket_range","derived_range","","2026|2027","2","0","1","0","2","1","0","0","","https://www.nrl.com/news/2026/01/01/2026-nrl-signings-tracker-the-latest-from-all-17-clubs/","","","https://www.zerotackle.com/players/nick-tsougranis/|https://www.dragons.com.au/news/2025/07/01/dragons-extend-nick-tsougranis-through-to-2027/"
"syd","Sydney Roosters","James Tedesco","Fullback","tedesco_level_promoted","primary_individual_report","reported_exact","110000000","2026|2027","8","4","2","4","8","2","2","3","https://www.dailytelegraph.com.au/newslocal/macarthur/sport/james-tedesco-signs-with-sydney-roosters/news-story/8185ddb0631233de2233315ec7d5d816|https://www.dailytelegraph.com.au/sport/nrl/james-tedesco-signs-contract-extension-with-sydney-roosters-nrl-market-watch/news-story/393ec29066dda3b2d0357f161e624a0a|https://www.dailytelegraph.com.au/sport/nrl/market-watch-james-tedesco-extends-contract-at-sydney-roosters-by-12-months/news-story/9fbb555c60b8f014afd9694b554c6381","https://www.roosters.com.au/news/2025/11/20/sydney-roosters-captain-james-tedesco-extends/|https://www.nrl.com/news/2026/01/01/2026-nrl-signings-tracker-the-latest-from-all-17-clubs/","https://www.cairnspost.com.au/sport/nrl/teams/tigers/sydney-roosters-announce-james-tedescos-fouryear-contract/news-story/b831a9ce5196179f8c78cb20bbf9271a|https://www.themercury.com.au/sport/james-tedescos-monster-roosters-deal-revealed/news-story/f347515776ec52437ae59de1374ebed4","https://www.roosters.com.au/news/2025/11/20/sydney-roosters-captain-james-tedesco-extends/|https://www.townsvillebulletin.com.au/sport/nrl/nrl-signing-news-sydney-roosters-star-james-tedesco-extends-contract/news-story/774156380936920dce85b00d2f384049|https://www.ntnews.com.au/sport/nrl/james-tedesco-set-to-sign-nrl-contract-extension-with-wests-tigers/news-story/3f378140b39d1df6f9de7d12174d7cb6","https://www.adelaidenow.com.au/sport/nrl/nrl-2020-luke-keary-james-tedesco-sydney-roosters-contract-signing-trent-robinson-nick-politis/news-story/a19541101503b51a376481ae6390f827|https://www.zerotackle.com/players/james-tedesco/|https://www.townsvillebulletin.com.au/sport/nrl/nrl-signing-news-sydney-roosters-star-james-tedesco-extends-contract/news-story/774156380936920dce85b00d2f384049|https://www.cairnspost.com.au/sport/nrl/teams/tigers/sydney-roosters-announce-james-tedescos-fouryear-contract/news-story/b831a9ce5196179f8c78cb20bbf9271a|https://www.themercury.com.au/sport/james-tedescos-monster-roosters-deal-revealed/news-story/f347515776ec52437ae59de1374ebed4"
"syd","Sydney Roosters","Daniel Tupou","Winger","term_chain_no_salary_candidate","backup_baseline","reported_exact","35000000","2026","3","0","1","0","3","2","0","1","","https://www.nrl.com/news/2026/01/01/2026-nrl-signings-tracker-the-latest-from-all-17-clubs/|https://www.roosters.com.au/news/2025/06/26/nrlw-premiership-winning-winger-jayme-fressard-re-commits/","","https://www.roosters.com.au/news/2025/06/26/nrlw-premiership-winning-winger-jayme-fressard-re-commits/","https://www.roosters.com.au/news/2025/06/26/nrlw-premiership-winning-winger-jayme-fressard-re-commits/|https://www.zerotackle.com/players/daniel-tupou/|https://www.roosters.com.au/news/2023/05/26/jared-waerea-hargreaves-and-daniel-tupou-extend-with-roosters/"
"syd","Sydney Roosters","Billy Smith","Centre","term_chain_no_salary_candidate","backup_baseline","reported_exact","50000000","2026|2027","1","0","1","0","2","1","0","0","","https://www.nrl.com/news/2026/01/01/2026-nrl-signings-tracker-the-latest-from-all-17-clubs/","","","https://www.zerotackle.com/players/billy-smith/"
"syd","Sydney Roosters","Robert Toia","Centre","term_chain_no_salary_candidate","backup_baseline","reported_exact","55000000","2026|2027|2028|2029","1","0","1","0","2","1","0","0","","https://www.nrl.com/news/2026/01/01/2026-nrl-signings-tracker-the-latest-from-all-17-clubs/","","","https://www.zerotackle.com/players/robert-toia/"
"syd","Sydney Roosters","Mark Nawaqanitawase","Winger","term_chain_no_salary_candidate","backup_baseline","reported_exact","60000000","2026","10","0","1","0","4","1","1","0","","https://www.nrl.com/news/2026/01/01/2026-nrl-signings-tracker-the-latest-from-all-17-clubs/","https://www.theaustralian.com.au/sport/nrl/mark-nawaqanitawase-signs-with-panasonic-wild-knights-seeks-nrl-title-with-sydney-roosters-before-departure/news-story/404cfb53b4702dd9786dfd822fc34bde","","https://www.theaustralian.com.au/sport/nrl/mark-nawaqanitawase-signs-with-panasonic-wild-knights-seeks-nrl-title-with-sydney-roosters-before-departure/news-story/404cfb53b4702dd9786dfd822fc34bde|https://www.zerotackle.com/players/mark-nawaqanitawase/|https://au.sports.yahoo.com/nawaqanitawase-speaks-future-contract-speculation-090751631.html|https://www.smh.com.au/sport/nrl/trent-robinson-thought-sbw-s-ball-skills-were-out-of-this-world-then-came-mark-nawaqanitawase-20260712-p60ele.html|https://www.couriermail.com.au/sport/nrl/mark-nawaqanitawase-and-ronaldo-mulitalo-wage-war-in-sydney-roosters-278-win-over-cronulla/news-story/5301c07e231ad7f68f46ea39ea980a02"
"syd","Sydney Roosters","Daly Cherry-Evans","Five-Eighth","term_chain_no_salary_candidate","backup_baseline","reported_exact","61500000","2026","5","0","1","0","3","1","1","0","","https://www.nrl.com/news/2026/01/01/2026-nrl-signings-tracker-the-latest-from-all-17-clubs/","https://www.news.com.au/sport/nrl/titans/aidan-sezer-wont-backflip-on-raiders-deal-amid-speculation-daly-cherryevans-will-renege-on-titans-contract/news-story/884255dc42f0e69c583649a20a3125c7","","https://www.news.com.au/sport/nrl/titans/aidan-sezer-wont-backflip-on-raiders-deal-amid-speculation-daly-cherryevans-will-renege-on-titans-contract/news-story/884255dc42f0e69c583649a20a3125c7|https://www.zerotackle.com/players/daly-cherry-evans/|https://www.themercury.com.au/sport/james-tedescos-monster-roosters-deal-revealed/news-story/f347515776ec52437ae59de1374ebed4|https://www.heraldsun.com.au/sport/nrl/daly-cherryevans-backflip-leaves-titans-and-their-third-party-partners-in-the-lurch/news-story/c49ca0c66495958a5a6c36a7ab5772af|https://www.msn.com/en-au/sport/rugby_league/career-has-been-a-fairytale-dce-opens-up-on-future/ar-AA27daxE"
"syd","Sydney Roosters","Sam Walker","Halfback","ready_for_manual_salary_promotion_review","backup_baseline","reported_exact","90000000","2026|2027","12","0","1","3","9","1","1","1","https://www.theaustralian.com.au/sport/nrl/sam-walker-seeking-6-million-payday-as-star-rooster-prepares-for-free-agency/news-story/0646a36ccb4ea29684de5e6cf10fe500|https://www.foxsports.com.au/nrl/nrl-premiership/weve-had-conversations-club-confirms-interest-in-eels-veteran-chiefs-eye-another-target/news-story/fa96e1a5e77736ee8e77d34fe56408fe|https://www.dailytelegraph.com.au/sport/nrl/sam-walker-seeking-6-million-payday-as-star-rooster-prepares-for-free-agency/news-story/0646a36ccb4ea29684de5e6cf10fe500","https://www.nrl.com/news/2026/01/01/2026-nrl-signings-tracker-the-latest-from-all-17-clubs/","https://au.sports.yahoo.com/sam-walker-brother-earns-first-234153335.html","https://www.smh.com.au/sport/nrl/walker-s-future-on-roosters-agenda-as-nrl-s-next-million-dollar-man-20260625-p609xc.html","https://www.theaustralian.com.au/sport/nrl/sam-walker-seeking-6-million-payday-as-star-rooster-prepares-for-free-agency/news-story/0646a36ccb4ea29684de5e6cf10fe500|https://www.foxsports.com.au/nrl/nrl-premiership/weve-had-conversations-club-confirms-interest-in-eels-veteran-chiefs-eye-another-target/news-story/fa96e1a5e77736ee8e77d34fe56408fe|https://www.dailytelegraph.com.au/sport/nrl/sam-walker-seeking-6-million-payday-as-star-rooster-prepares-for-free-agency/news-story/0646a36ccb4ea29684de5e6cf10fe500|https://www.theaustralian.com.au/sport/nrl/sam-walker-on-brink-of-roosters-deal-and-australian-team-callup-if-they-can-clear-final-hurdle/news-story/43bd22906dc1508ca3b695be8310d635|https://www.smh.com.au/sport/nrl/walker-s-future-on-roosters-agenda-as-nrl-s-next-million-dollar-man-20260625-p609xc.html"
"syd","Sydney Roosters","Naufahu Whyte","Prop","term_chain_no_salary_candidate","backup_baseline","reported_exact","92500000","2026|2027|2028|2029","4","0","1","0","3","2","0","1","","https://www.nrl.com/news/2026/01/01/2026-nrl-signings-tracker-the-latest-from-all-17-clubs/|https://www.roosters.com.au/news/2025/06/24/naufahu-whyte-extends-with-roosters/","","https://www.roosters.com.au/news/2025/06/24/naufahu-whyte-extends-with-roosters/","https://www.roosters.com.au/news/2025/06/24/naufahu-whyte-extends-with-roosters/|https://www.zerotackle.com/players/naufahu-whyte/|https://www.roosters.com.au/news/2021/09/23/roosters-bolster-squad-with-naufahu-whyte-extending-and-renouf-atoni-joining-tricolours/|https://www.adelaidenow.com.au/sport/nrl/roosters-enforcer-naufahu-whyte-reveals-he-dominates-the-nrl-by-switching-off-from-it/news-story/f05a8a17d64044918d1d32b688aaab11"
"syd","Sydney Roosters","Reece Robson","Hooker","term_chain_no_salary_candidate","backup_baseline","reported_exact","82500000","2026|2027|2028|2029","1","0","1","0","2","1","0","0","","https://www.nrl.com/news/2026/01/01/2026-nrl-signings-tracker-the-latest-from-all-17-clubs/","","","https://www.zerotackle.com/players/reece-robson/"
"syd","Sydney Roosters","Lindsay Collins","Prop","term_chain_no_salary_candidate","backup_baseline","reported_exact","65000000","2026|2027|2028","1","0","1","0","2","1","0","0","","https://www.nrl.com/news/2026/01/01/2026-nrl-signings-tracker-the-latest-from-all-17-clubs/","","","https://www.zerotackle.com/players/lindsay-collins/"
"syd","Sydney Roosters","Angus Crichton","2nd Row","term_chain_no_salary_candidate","backup_baseline","reported_exact","77500000","2026","4","0","1","0","2","1","0","0","","https://www.nrl.com/news/2026/01/01/2026-nrl-signings-tracker-the-latest-from-all-17-clubs/","","","https://www.zerotackle.com/players/angus-crichton/|https://www.news.com.au/sport/nrl/roosters-star-angus-crichton-reveals-hes-nsw-cup-teams-no1-ticket-holder/news-story/b3fa00fa0b3138a18e1fed49803d886e|https://www.townsvillebulletin.com.au/sport/nrl/nrl-contract-news-roosters-in-race-to-secure-offcontract-sam-walker/news-story/28f624c37b52434328098f393de99284|https://www.ntnews.com.au/sport/nrl/why-angus-crichton-was-happy-to-move-to-centre-for-the-sydney-roosters/news-story/95eb9982e248690043e470928ea52915"
"syd","Sydney Roosters","Siua Wong","2nd Row","term_chain_no_salary_candidate","backup_baseline","reported_exact","62500000","2026|2027|2028","1","0","1","0","2","1","0","0","","https://www.nrl.com/news/2026/01/01/2026-nrl-signings-tracker-the-latest-from-all-17-clubs/","","","https://www.zerotackle.com/players/siua-wong/"
"syd","Sydney Roosters","Victor Radley","Lock","term_chain_no_salary_candidate","backup_baseline","reported_exact","59500000","2026|2027","1","0","1","0","2","1","0","0","","https://www.nrl.com/news/2026/01/01/2026-nrl-signings-tracker-the-latest-from-all-17-clubs/","","","https://www.zerotackle.com/players/victor-radley/"
"syd","Sydney Roosters","Connor Watson","Interchange","term_chain_no_salary_candidate","backup_baseline","reported_exact","55000000","2026","10","0","1","0","5","1","3","0","","https://www.nrl.com/news/2026/01/01/2026-nrl-signings-tracker-the-latest-from-all-17-clubs/","https://www.couriermail.com.au/sport/nrl/connor-watson-becomes-png-chiefs-third-signing-after-agreeing-to-join-expansion-club-in-2028/news-story/105d13851f2fac147ed0e229a1aaa777|https://www.heraldsun.com.au/sport/nrl/dragons-set-to-land-fourth-major-scalp-in-roosters-utility-connor-watson-before-png-departure/news-story/b6908684e8d11af447cccad962bb5498|https://au.sports.yahoo.com/connor-watson-closes-contract-call-081235119.html","","https://www.couriermail.com.au/sport/nrl/connor-watson-becomes-png-chiefs-third-signing-after-agreeing-to-join-expansion-club-in-2028/news-story/105d13851f2fac147ed0e229a1aaa777|https://www.zerotackle.com/players/connor-watson/|https://www.heraldsun.com.au/sport/nrl/dragons-set-to-land-fourth-major-scalp-in-roosters-utility-connor-watson-before-png-departure/news-story/b6908684e8d11af447cccad962bb5498|https://au.sports.yahoo.com/connor-watson-closes-contract-call-081235119.html|https://www.thechronicle.com.au/sport/nrl/dragons-set-to-land-fourth-major-scalp-in-roosters-utility-connor-watson-before-png-departure/news-story/b6908684e8d11af447cccad962bb5498"
"syd","Sydney Roosters","Egan Butcher","Interchange","term_chain_no_salary_candidate","backup_baseline","reported_exact","35000000","2026|2027","2","0","1","0","2","1","0","0","","https://www.nrl.com/news/2026/01/01/2026-nrl-signings-tracker-the-latest-from-all-17-clubs/","","","https://www.zerotackle.com/players/egan-butcher/|https://www.roosters.com.au/news/2025/01/31/egan-butcher-locks-in-for-two-more-years/"
"syd","Sydney Roosters","Spencer Leniu","Interchange","term_chain_no_salary_candidate","backup_baseline","reported_exact","62500000","2026|2027","10","0","1","0","6","1","0","0","","https://www.nrl.com/news/2026/01/01/2026-nrl-signings-tracker-the-latest-from-all-17-clubs/","","","https://www.dailytelegraph.com.au/sport/nrl/why-spencer-leniu-is-at-the-centre-of-a-generational-nrl-tugofwar/news-story/de8ae35e15058cbaa24ae9b0f4799483|https://www.zerotackle.com/players/spencer-leniu/|https://www.adelaidenow.com.au/sport/nrl/why-spencer-leniu-is-at-the-centre-of-a-generational-nrl-tugofwar/news-story/de8ae35e15058cbaa24ae9b0f4799483|https://au.sports.yahoo.com/nrl-frontrunner-emerges-spencer-leniu-034955638.html|https://www.goldcoastbulletin.com.au/sport/nrl/why-spencer-leniu-is-at-the-centre-of-a-generational-nrl-tugofwar/news-story/de8ae35e15058cbaa24ae9b0f4799483"
"syd","Sydney Roosters","Nat Butcher","Interchange","term_chain_no_salary_candidate","backup_baseline","reported_exact","38500000","2026|2027","1","0","1","0","2","1","0","0","","https://www.nrl.com/news/2026/01/01/2026-nrl-signings-tracker-the-latest-from-all-17-clubs/","","","https://www.zerotackle.com/players/nat-butcher/"
"syd","Sydney Roosters","Benaiah Ioelu","Unknown","term_chain_no_salary_candidate","derived_bucket_range","derived_range","","2026|2027|2028","1","0","1","0","2","1","0","0","","https://www.nrl.com/news/2026/01/01/2026-nrl-signings-tracker-the-latest-from-all-17-clubs/","","","https://www.zerotackle.com/players/benaiah-ioelu/"
"syd","Sydney Roosters","Blake Steep","Unknown","term_chain_no_salary_candidate","derived_bucket_range","derived_range","","2026|2027|2028","1","0","1","0","2","1","0","0","","https://www.nrl.com/news/2026/01/01/2026-nrl-signings-tracker-the-latest-from-all-17-clubs/","","","https://www.zerotackle.com/players/blake-steep/"
"syd","Sydney Roosters","Cody Ramsey","Unknown","term_chain_no_salary_candidate","derived_bucket_range","derived_range","","2026|2027","1","0","1","0","2","1","0","0","","https://www.nrl.com/news/2026/01/01/2026-nrl-signings-tracker-the-latest-from-all-17-clubs/","","","https://www.zerotackle.com/players/cody-ramsey/"
"syd","Sydney Roosters","De La Salle Va’a","Unknown","term_chain_no_salary_candidate","derived_bucket_range","derived_range","","2026|2027","1","0","1","0","2","1","0","0","","https://www.nrl.com/news/2026/01/01/2026-nrl-signings-tracker-the-latest-from-all-17-clubs/","","","https://www.zerotackle.com/players/de-la-salle-vaa/"
"syd","Sydney Roosters","Junior Pauga","Unknown","term_chain_no_salary_candidate","derived_bucket_range","derived_range","","2026|2027","2","0","1","0","2","1","0","0","","https://www.nrl.com/news/2026/01/01/2026-nrl-signings-tracker-the-latest-from-all-17-clubs/","","","https://www.zerotackle.com/players/junior-pauga/|https://www.roosters.com.au/news/2024/06/11/junior-pauga-extends-with-roosters/"
"syd","Sydney Roosters","Hugo Savala","Unknown","term_chain_no_salary_candidate","derived_bucket_range","derived_range","","2026|2027|2028","2","0","1","0","3","1","0","0","","https://www.nrl.com/news/2026/01/01/2026-nrl-signings-tracker-the-latest-from-all-17-clubs/","","","https://www.foxsports.com.au/nrl/nrl-premiership/nrl-2026-hugo-savala-open-to-making-position-change-speaks-on-contract-future-sydney-roosters-daly-cherryevans-nrl-news/news-story/aa1f64deed773f9d80266c361fbf2ee2|https://www.zerotackle.com/players/hugo-savala/"
"syd","Sydney Roosters","Jake Elliott","Unknown","term_chain_no_salary_candidate","derived_bucket_range","derived_range","","2026|2027","1","0","1","0","2","1","0","0","","https://www.nrl.com/news/2026/01/01/2026-nrl-signings-tracker-the-latest-from-all-17-clubs/","","","https://www.zerotackle.com/players/jake-elliott/"
"syd","Sydney Roosters","Salesi Foketi","Unknown","term_chain_no_salary_candidate","derived_bucket_range","derived_range","","2026|2027","1","0","1","0","2","1","0","0","","https://www.nrl.com/news/2026/01/01/2026-nrl-signings-tracker-the-latest-from-all-17-clubs/","","","https://www.zerotackle.com/players/salesi-foketi/"
"syd","Sydney Roosters","Taylor Losalu","Unknown","term_chain_no_salary_candidate","derived_bucket_range","derived_range","","2026|2027","2","0","1","0","2","1","0","0","","https://www.nrl.com/news/2026/01/01/2026-nrl-signings-tracker-the-latest-from-all-17-clubs/","","","https://www.zerotackle.com/players/taylor-losalu/|https://www.roosters.com.au/news/2025/04/20/taylor-losalu-signs-extension-through-to-end-of-2027/"
"syd","Sydney Roosters","Toby Rodwell","Unknown","term_chain_no_salary_candidate","derived_bucket_range","derived_range","","2026|2027|2028","1","0","1","0","2","1","0","0","","https://www.nrl.com/news/2026/01/01/2026-nrl-signings-tracker-the-latest-from-all-17-clubs/","","","https://www.zerotackle.com/players/toby-rodwell/"
"syd","Sydney Roosters","Tommy Talau","Unknown","term_chain_no_salary_candidate","derived_bucket_range","derived_range","","2026","3","0","1","0","4","1","0","0","","https://www.nrl.com/news/2026/01/01/2026-nrl-signings-tracker-the-latest-from-all-17-clubs/","","","https://www.theaustralian.com.au/sport/nrl/the-unqualified-agent-who-secured-tommy-talaus-roosters-deal-and-saved-his-nrl-career/news-story/d028d3542ecd43cb0f85d8b92e5ce6f8|https://www.zerotackle.com/players/tommy-talau/|https://www.goldcoastbulletin.com.au/sport/nrl/signing-boost-wests-tigers-lock-in-teen-sensation-on-twoyear-deal/news-story/964441c165dc9360be990b302bf31ba4"
"wst","Wests Tigers","Adam Doueihi","Centre","term_chain_no_salary_candidate","backup_baseline","reported_exact","72500000","2026|2027|2028|2029","6","0","1","0","5","1","0","2","","https://www.nrl.com/news/2026/01/01/2026-nrl-signings-tracker-the-latest-from-all-17-clubs/","","https://www.theaustralian.com.au/news/latest-news/nowhere-else-id-rather-be-adam-doueihi-commits-to-wests-tigers-long-term-after-signing-contract-extension/news-story/13a7d6d5d641262face4bb60ad42592b|https://www.geelongadvertiser.com.au/sport/nrl/nowhere-else-id-rather-be-adam-doueihi-commits-to-wests-tigers-long-term-after-signing-contract-extension/news-story/13a7d6d5d641262face4bb60ad42592b","https://www.theaustralian.com.au/news/latest-news/nowhere-else-id-rather-be-adam-doueihi-commits-to-wests-tigers-long-term-after-signing-contract-extension/news-story/13a7d6d5d641262face4bb60ad42592b|https://www.zerotackle.com/players/adam-doueihi/|https://www.goldcoastbulletin.com.au/sport/nrl/wests-tigers-recruit-adam-doueihi-opens-up-on-shock-rabbitohs-exit/news-story/aa13a3d4ac135f8ba6ad299578b859cb|https://www.geelongadvertiser.com.au/sport/nrl/nowhere-else-id-rather-be-adam-doueihi-commits-to-wests-tigers-long-term-after-signing-contract-extension/news-story/13a7d6d5d641262face4bb60ad42592b|https://www.adelaidenow.com.au/sport/nrl/latrell-mitchell-adam-doueihi-headline-12-nrl-grudge-matches/news-story/ab1280b2bd7cc35e3bfd6558aa4ee73a"
"wst","Wests Tigers","Alex Twal","Prop","term_chain_no_salary_candidate","backup_baseline","reported_exact","56500000","2026|2027|2028|2029","2","0","1","0","2","1","0","0","","https://www.nrl.com/news/2026/01/01/2026-nrl-signings-tracker-the-latest-from-all-17-clubs/","","","https://www.zerotackle.com/players/alex-twal/|https://www.heraldsun.com.au/sport/nrl/alex-twals-vending-machine-empire-setting-tigers-star-up-for-life-after-nrl/news-story/23c30555f44d3f76437bbe565bd49282"
"wst","Wests Tigers","Alex Seyfarth","2nd Row","term_chain_no_salary_candidate","backup_baseline","reported_exact","42500000","2026|2027|2028","1","0","1","0","2","1","0","0","","https://www.nrl.com/news/2026/01/01/2026-nrl-signings-tracker-the-latest-from-all-17-clubs/","","","https://www.zerotackle.com/players/alex-seyfarth/"
"wst","Wests Tigers","Apisai Koroisau","Hooker","displayed_salary_needs_tedesco_level_chain","cross_referenced_baseline","reported_exact","65000000","2026|2027|2028","1","0","1","0","2","1","0","0","","https://www.nrl.com/news/2026/01/01/2026-nrl-signings-tracker-the-latest-from-all-17-clubs/","","","https://www.zerotackle.com/players/apisai-koroisau/"
"wst","Wests Tigers","Bunty Afoa","Prop","profile_or_secondary_candidates_only","derived_cap_residual_range","derived_range","","2026","2","0","0","0","1","0","0","0","","","","","https://www.zerotackle.com/players/bunty-afoa/|https://www.weststigers.com.au/news/2026/07/03/special-milestone-for-bunty-afoa/"
"wst","Wests Tigers","Fonua Pole","Prop","term_chain_no_salary_candidate","backup_baseline","reported_exact","66500000","2026|2027","3","0","1","0","2","1","0","0","","https://www.nrl.com/news/2026/01/01/2026-nrl-signings-tracker-the-latest-from-all-17-clubs/","","","https://www.zerotackle.com/players/fonua-pole/|https://www.dailytelegraph.com.au/sport/wests-tigers-lock-in-sunia-turuva-on-huge-longterm-extension-as-part-of-major-retention-drive/news-story/aa96480c1e88e24bcc0941fe6305bce7|https://www.cairnspost.com.au/sport/wests-tigers-lock-in-sunia-turuva-on-huge-longterm-extension-as-part-of-major-retention-drive/news-story/aa96480c1e88e24bcc0941fe6305bce7"
"wst","Wests Tigers","Heamasi Makasini","Centre","displayed_salary_needs_tedesco_level_chain","cross_referenced_baseline","reported_exact","35000000","2026|2027|2028|2029","6","0","1","0","4","1","1","0","","https://www.nrl.com/news/2026/01/01/2026-nrl-signings-tracker-the-latest-from-all-17-clubs/","https://www.heraldsun.com.au/sport/nrl/wests-tigers-move-to-resign-rising-nrl-stars-heamasi-makasini-samuela-fainu/news-story/0c7c88f8fddc5a0828d8f01ba1de9101","","https://www.zerotackle.com/players/heamasi-makasini/|https://au.sports.yahoo.com/heamasi-makasini-makes-contract-call-003548366.html|https://www.heraldsun.com.au/sport/nrl/wests-tigers-move-to-resign-rising-nrl-stars-heamasi-makasini-samuela-fainu/news-story/0c7c88f8fddc5a0828d8f01ba1de9101|https://www.smh.com.au/sport/nrl/tigers-teen-prodigy-makasini-open-to-rugby-return-after-2027-20260311-p5o9bf.html|https://www.abc.net.au/news/2026-03-12/nrl-wests-tigers-heamasi-makasini-jonah-lomu-benji-marshall/106446978"
"wst","Wests Tigers","Heath Mason","Fullback","term_chain_no_salary_candidate","derived_cap_residual_range","derived_range","","2026","1","0","1","0","2","1","0","0","","https://www.nrl.com/news/2026/01/01/2026-nrl-signings-tracker-the-latest-from-all-17-clubs/","","","https://www.zerotackle.com/players/heath-mason/"
"wst","Wests Tigers","Jahream Bula","Fullback","displayed_salary_needs_tedesco_level_chain","cross_referenced_baseline","reported_exact","81500000","2026|2027|2028|2029|2030","5","0","1","1","5","1","0","3","https://www.couriermail.com.au/sport/nrl/inside-the-secret-nrl-clauses-driving-player-moves-and-contract-standoffs/news-story/8c186c8f280041c8caa18ad76bfbf207","https://www.nrl.com/news/2026/01/01/2026-nrl-signings-tracker-the-latest-from-all-17-clubs/","","https://www.couriermail.com.au/sport/nrl/wests-tigers-lock-down-star-fullback-jahream-bula-on-contract-extension/news-story/2b075b97303f35332304825212bc9074|https://www.smh.com.au/sport/nrl/clause-out-the-inside-story-on-how-the-tigers-retained-jahream-bula-20260505-p5zts2.html|https://www.couriermail.com.au/sport/nrl/wests-tigers-star-jahream-bula-reveals-why-he-signed-longterm-extension/news-story/f9527d9e000b1fde0a4185976e140839","https://www.couriermail.com.au/sport/nrl/inside-the-secret-nrl-clauses-driving-player-moves-and-contract-standoffs/news-story/8c186c8f280041c8caa18ad76bfbf207|https://www.couriermail.com.au/sport/nrl/wests-tigers-lock-down-star-fullback-jahream-bula-on-contract-extension/news-story/2b075b97303f35332304825212bc9074|https://www.smh.com.au/sport/nrl/clause-out-the-inside-story-on-how-the-tigers-retained-jahream-bula-20260505-p5zts2.html|https://www.couriermail.com.au/sport/nrl/wests-tigers-star-jahream-bula-reveals-why-he-signed-longterm-extension/news-story/f9527d9e000b1fde0a4185976e140839|https://www.zerotackle.com/players/jahream-bula/"
"wst","Wests Tigers","Jarome Luai","Halfback","displayed_salary_needs_tedesco_level_chain","cross_referenced_baseline","reported_exact","100000000","2026","15","0","1","2","7","1","2","1","https://www.couriermail.com.au/sport/nrl/inside-the-secret-nrl-clauses-driving-player-moves-and-contract-standoffs/news-story/8c186c8f280041c8caa18ad76bfbf207|https://www.news.com.au/sport/nrl/12m-call-to-turn-jarome-luai-windfall-into-romantic-homecoming-for-mitch-moses/news-story/776a79bf3205f1869087f6bc602c1bbc","https://www.nrl.com/news/2026/01/01/2026-nrl-signings-tracker-the-latest-from-all-17-clubs/","https://au.news.yahoo.com/wests-tigers-continue-signing-spree-as-nrl-club-inks-deal-with-replacement-for-jarome-luai-234639107.html|https://au.news.yahoo.com/wests-tigers-sign-jarome-luai-replacement-as-knights-ink-deal-with-state-of-origin-player-061024582.html","https://www.couriermail.com.au/sport/nrl/parramatta-eels-target-jarome-luai-as-rejuvenated-playmaker-ronald-volkman-departs/news-story/52934ca0b0ab58e0affb94b31f8f480e","https://www.couriermail.com.au/sport/nrl/inside-the-secret-nrl-clauses-driving-player-moves-and-contract-standoffs/news-story/8c186c8f280041c8caa18ad76bfbf207|https://www.news.com.au/sport/nrl/12m-call-to-turn-jarome-luai-windfall-into-romantic-homecoming-for-mitch-moses/news-story/776a79bf3205f1869087f6bc602c1bbc|https://www.theaustralian.com.au/sport/nrl/inside-story-why-wests-tigers-chose-to-sever-ties-with-jarome-luai-early/news-story/05c6f696f00f306ec3131413cb0e79e4|https://www.couriermail.com.au/sport/nrl/parramatta-eels-target-jarome-luai-as-rejuvenated-playmaker-ronald-volkman-departs/news-story/52934ca0b0ab58e0affb94b31f8f480e|https://www.zerotackle.com/players/jarome-luai/"
"wst","Wests Tigers","Javon Andrews","Five-Eighth","profile_or_secondary_candidates_only","derived_cap_residual_range","derived_range","","2026|2027|2028","1","0","0","0","1","0","0","0","","","","","https://www.zerotackle.com/players/javon-andrews/"
"wst","Wests Tigers","Jeral Skelton","Winger","term_chain_no_salary_candidate","derived_cap_residual_range","derived_range","","2026","1","0","1","0","2","1","0","0","","https://www.nrl.com/news/2026/01/01/2026-nrl-signings-tracker-the-latest-from-all-17-clubs/","","","https://www.zerotackle.com/players/jeral-skelton/"
"wst","Wests Tigers","Jock Madden","Halfback","term_chain_no_salary_candidate","backup_baseline","reported_exact","25000000","2026|2027","2","0","1","0","2","1","0","0","","https://www.nrl.com/news/2026/01/01/2026-nrl-signings-tracker-the-latest-from-all-17-clubs/","","","https://www.zerotackle.com/players/jock-madden/|https://www.theaustralian.com.au/sport/nrl/nrl-round-16-dolphins-win-3622-over-wests-tigers/news-story/d60954cfd473bc75fde5d600770a32d6"
"wst","Wests Tigers","Kai Pearce-Paul","2nd Row","displayed_salary_needs_tedesco_level_chain","cross_referenced_baseline","reported_exact","70000000","2026|2027|2028","1","0","1","0","2","1","0","0","","https://www.nrl.com/news/2026/01/01/2026-nrl-signings-tracker-the-latest-from-all-17-clubs/","","","https://www.zerotackle.com/players/kai-pearce-paul/"
"wst","Wests Tigers","Kit Laulilii","Lock","term_chain_no_salary_candidate","derived_cap_residual_range","derived_range","","2026","3","0","1","0","3","1","1","0","","https://www.nrl.com/news/2026/01/01/2026-nrl-signings-tracker-the-latest-from-all-17-clubs/","https://www.theaustralian.com.au/sport/nrl/perth-bears-sign-kit-laulilii-to-join-brother-luke-at-expansion-club-roster-now-at-17-signings/news-story/2209e7900db122237c7008e0e424de32","","https://www.theaustralian.com.au/sport/nrl/perth-bears-sign-kit-laulilii-to-join-brother-luke-at-expansion-club-roster-now-at-17-signings/news-story/2209e7900db122237c7008e0e424de32|https://www.zerotackle.com/players/kit-laulilii/|https://www.thechronicle.com.au/sport/nrl/perth-bears-sign-kit-laulilii-to-join-brother-luke-at-expansion-club-roster-now-at-17-signings/news-story/2209e7900db122237c7008e0e424de32"
"wst","Wests Tigers","Latu Fainu","Five-Eighth","term_chain_no_salary_candidate","derived_cap_residual_range","derived_range","","2026|2027","1","0","1","0","2","1","0","0","","https://www.nrl.com/news/2026/01/01/2026-nrl-signings-tracker-the-latest-from-all-17-clubs/","","","https://www.zerotackle.com/players/latu-fainu/"
"wst","Wests Tigers","Mavrik Geyer","2nd Row","term_chain_no_salary_candidate","derived_cap_residual_range","derived_range","","2026","4","0","1","0","4","1","1","1","","https://www.nrl.com/news/2026/01/01/2026-nrl-signings-tracker-the-latest-from-all-17-clubs/","https://www.goldcoastbulletin.com.au/sport/nrl/special-moment-for-our-family-mavrik-geyer-follows-his-famous-fathers-lead-after-signing-with-the-bears/news-story/f77fedcf2cb94cf348cff59558cf1170","https://www.ntnews.com.au/sport/penrith-panthers-nab-mark-geyers-son-mavrik-geyer-on-development-contract/news-story/ceb0593e5a3e6ea721fe6073c2daf969","https://www.zerotackle.com/players/mavrik-geyer/|https://www.ntnews.com.au/sport/penrith-panthers-nab-mark-geyers-son-mavrik-geyer-on-development-contract/news-story/ceb0593e5a3e6ea721fe6073c2daf969|https://www.goldcoastbulletin.com.au/sport/nrl/special-moment-for-our-family-mavrik-geyer-follows-his-famous-fathers-lead-after-signing-with-the-bears/news-story/f77fedcf2cb94cf348cff59558cf1170|https://www.news.com.au/sport/nrl/perth-bears-tracker-every-player-signing-so-far-top-targets-best-17-for-2027-nrl-season/news-story/27dc1d131f98f46d4748ca5ef43787c2"
"wst","Wests Tigers","Patrick Herbert","Centre","term_chain_no_salary_candidate","derived_cap_residual_range","derived_range","","2026|2027","2","0","1","0","2","1","0","0","","https://www.nrl.com/news/2026/01/01/2026-nrl-signings-tracker-the-latest-from-all-17-clubs/","","","https://www.zerotackle.com/players/patrick-herbert/|https://www.couriermail.com.au/sport/nrl/nrl-round-16-dolphins-win-3622-over-wests-tigers/news-story/d60954cfd473bc75fde5d600770a32d6"
"wst","Wests Tigers","Royce Hunt","Prop","term_chain_no_salary_candidate","backup_baseline","reported_exact","42500000","2026|2027","1","0","1","0","2","1","0","0","","https://www.nrl.com/news/2026/01/01/2026-nrl-signings-tracker-the-latest-from-all-17-clubs/","","","https://www.zerotackle.com/players/royce-hunt/"
"wst","Wests Tigers","Samuela Fainu","2nd Row","displayed_salary_needs_tedesco_level_chain","cross_referenced_baseline","reported_exact","65000000","2026|2027","2","0","1","0","3","1","1","0","","https://www.nrl.com/news/2026/01/01/2026-nrl-signings-tracker-the-latest-from-all-17-clubs/","https://www.heraldsun.com.au/sport/nrl/wests-tigers-move-to-resign-rising-nrl-stars-heamasi-makasini-samuela-fainu/news-story/0c7c88f8fddc5a0828d8f01ba1de9101","","https://www.zerotackle.com/players/samuela-fainu/|https://www.heraldsun.com.au/sport/nrl/wests-tigers-move-to-resign-rising-nrl-stars-heamasi-makasini-samuela-fainu/news-story/0c7c88f8fddc5a0828d8f01ba1de9101"
"wst","Wests Tigers","Sione Fainu","Prop","displayed_salary_needs_tedesco_level_chain","cross_referenced_baseline","reported_exact","40500000","2026|2027|2028|2029","1","0","1","0","2","1","0","0","","https://www.nrl.com/news/2026/01/01/2026-nrl-signings-tracker-the-latest-from-all-17-clubs/","","","https://www.zerotackle.com/players/sione-fainu/"
"wst","Wests Tigers","Solomone Saukuru","Centre","term_chain_no_salary_candidate","derived_cap_residual_range","derived_range","","2026","1","0","1","0","2","1","0","0","","https://www.nrl.com/news/2026/01/01/2026-nrl-signings-tracker-the-latest-from-all-17-clubs/","","","https://www.zerotackle.com/players/solomone-saukuru/"
"wst","Wests Tigers","Starford To'a","Centre","term_chain_no_salary_candidate","backup_baseline","reported_exact","37500000","2026","2","0","1","0","3","1","1","0","","https://www.nrl.com/news/2026/01/01/2026-nrl-signings-tracker-the-latest-from-all-17-clubs/","https://au.sports.yahoo.com/wests-tigers-release-outside-back-063343057.html","","https://www.zerotackle.com/players/starford-toa/|https://au.sports.yahoo.com/wests-tigers-release-outside-back-063343057.html"
"wst","Wests Tigers","Sunia Turuva","Winger","term_chain_no_salary_candidate","backup_baseline","reported_exact","50000000","2026|2027|2028|2029|2030","3","0","1","0","4","1","0","1","","https://www.nrl.com/news/2026/01/01/2026-nrl-signings-tracker-the-latest-from-all-17-clubs/","","https://www.smh.com.au/sport/nrl/wests-tigers-re-sign-fourth-star-until-2030-jarome-luai-s-exit-20260512-p5zw17.html","https://www.foxsports.com.au/nrl/nrl-premiership/nrl-2026-daily-sunia-turuva-signs-contract-extension-with-wests-tigers-magic-round-round-11/news-story/0fe1ccd09e6db64cff5d73c7066a0eab|https://www.smh.com.au/sport/nrl/wests-tigers-re-sign-fourth-star-until-2030-jarome-luai-s-exit-20260512-p5zw17.html|https://www.zerotackle.com/players/sunia-turuva/"
"wst","Wests Tigers","Taylan May","Centre","term_chain_no_salary_candidate","backup_baseline","reported_exact","55000000","2026|2027|2028|2029|2030","5","0","1","0","5","1","2","2","","https://www.nrl.com/news/2026/01/01/2026-nrl-signings-tracker-the-latest-from-all-17-clubs/","https://www.goldcoastbulletin.com.au/sport/nrl/wests-tigers-star-brothers-terrell-and-taylan-may-extend-deals-at-club/news-story/d7b883f352a51420a70b8c57777a7f6c|https://www.cairnspost.com.au/sport/nrl/wests-tigers-star-brothers-terrell-and-taylan-may-extend-deals-at-club/news-story/d7b883f352a51420a70b8c57777a7f6c","https://www.goldcoastbulletin.com.au/sport/nrl/wests-tigers-star-brothers-terrell-and-taylan-may-extend-deals-at-club/news-story/d7b883f352a51420a70b8c57777a7f6c|https://www.cairnspost.com.au/sport/nrl/wests-tigers-star-brothers-terrell-and-taylan-may-extend-deals-at-club/news-story/d7b883f352a51420a70b8c57777a7f6c","https://www.couriermail.com.au/sport/nrl/brothers-terrell-and-taylan-may-to-stay-at-wests-tigers-until-end-of-2030/news-story/56be7aa54ebaa63c9591d173efe6c106|https://www.zerotackle.com/players/taylan-may/|https://www.goldcoastbulletin.com.au/sport/nrl/wests-tigers-star-brothers-terrell-and-taylan-may-extend-deals-at-club/news-story/d7b883f352a51420a70b8c57777a7f6c|https://www.cairnspost.com.au/sport/nrl/wests-tigers-star-brothers-terrell-and-taylan-may-extend-deals-at-club/news-story/d7b883f352a51420a70b8c57777a7f6c|https://www.thechronicle.com.au/sport/nrl/brothers-terrell-and-taylan-may-to-stay-at-wests-tigers-until-end-of-2030/news-story/e0318e45f5e92ad215adc59aa1a1d831"
"wst","Wests Tigers","Terrell May","Prop","displayed_salary_needs_tedesco_level_chain","cross_referenced_baseline","reported_exact","88500000","2026|2027|2028|2029|2030","5","0","1","0","3","1","1","0","","https://www.nrl.com/news/2026/01/01/2026-nrl-signings-tracker-the-latest-from-all-17-clubs/","https://7news.com.au/sport/rugby-league/terrell-may-makes-stunning-decision-to-join-wests-tigers-as-nrl-wooden-spooners-load-up-for-2025-c-16788946","","https://www.zerotackle.com/players/terrell-may/|https://7news.com.au/sport/rugby-league/terrell-may-makes-stunning-decision-to-join-wests-tigers-as-nrl-wooden-spooners-load-up-for-2025-c-16788946|https://www.theaustralian.com.au/sport/nrl/terrell-may-reveals-reasons-behind-quiet-offseason-which-prompted-rumours-to-reach-boiling-point/news-story/094d21ba596878d21998c52bb308d3c2|https://au.sports.yahoo.com/nrl-denies-terrell-may-blacklist-231731389.html|https://au.sports.yahoo.com/terrell-may-reveals-reason-behind-222610426.html"
"wst","Wests Tigers","Tony Sukkar","2nd Row","term_chain_no_salary_candidate","derived_cap_residual_range","derived_range","","2026","1","0","1","0","2","1","0","0","","https://www.nrl.com/news/2026/01/01/2026-nrl-signings-tracker-the-latest-from-all-17-clubs/","","","https://www.zerotackle.com/players/tony-sukkar/"
"wst","Wests Tigers","Tristan Hope","Hooker","term_chain_no_salary_candidate","derived_cap_residual_range","derived_range","","2026","1","0","1","0","2","1","0","0","","https://www.nrl.com/news/2026/01/01/2026-nrl-signings-tracker-the-latest-from-all-17-clubs/","","","https://www.zerotackle.com/players/tristan-hope/"
"wst","Wests Tigers","Faaletino Tavana","Fullback","term_chain_no_salary_candidate","derived_cap_residual_range","derived_range","","2026|2027|2028|2029","1","0","1","0","2","1","0","0","","https://www.nrl.com/news/2026/01/01/2026-nrl-signings-tracker-the-latest-from-all-17-clubs/","","","https://www.theaustralian.com.au/sport/nrl/how-new-wests-tigers-winger-faaletino-tavana-saved-his-nrl-career-from-the-brink/news-story/342f4c8b63bbc0e672d20d3b811bff38"
"wst","Wests Tigers","William Craig","Winger","term_chain_no_salary_candidate","derived_cap_residual_range","derived_range","","2026","1","0","1","0","2","1","0","1","","https://www.nrl.com/news/2026/01/01/2026-nrl-signings-tracker-the-latest-from-all-17-clubs/","","https://www.zerotackle.com/players/william-craig/","https://www.zerotackle.com/players/william-craig/"
