"teamId","teamName","player","position","matched","status","title","url","contractSnippet"
"bri","Brisbane Broncos","Reece Walsh","Fullback","true","200","Reece Walsh (Brisbane Broncos) - NRL Stats, News, Contract &amp; Player Profile - Zero Tackle","https://www.zerotackle.com/players/reece-walsh/","Player Contracts Player Contracts Team 2026 2027 2028 2029 2030 Brisbane Broncos $800K $800K $800K $800K Stats 2026 Stats Round Opp P T G MINS AR ARM LB LBA TA OL TK MT TB KM 40/20 PE ER TOTALS 13 28 5 4 863 175 1527 4 9 6 8 60 7 61 2245 1 8 25 1 0 0 0 80 13 84 1 0 0 2 3 1 3 87 0 0 3 2 8 2 0 80 15 222 1 0 0 1 5 1 7 241 0 1 3 3 6 0 3 80 11 90 0 1 1 0 8 1 1 277 1 1 1 4 4 1 0 80 19 182 1 0 1 1 6 0 11 347 0 1 3 5 6 1 1 3"
"bri","Brisbane Broncos","Grant Anderson","Winger","true","200","Grant Anderson (Brisbane Broncos) - NRL Stats, News, Contract &amp; Player Profile - Zero Tackle","https://www.zerotackle.com/players/grant-anderson/","Player Contracts Player Contracts Team 2026 2027 2028 2029 2030 Brisbane Broncos ✔ New Zealand Warriors $400K $400K $400K Stats 2026 Stats Round Opp P T G MINS AR ARM LB LBA TA OL TK MT TB KM 40/20 PE ER TOTALS 9 8 2 0 423 87 699 1 5 1 4 55 10 9 0 0 3 7 1 0 0 0 0 0 0 0 0 0 0 0 0 0 0 0 0 0 2 0 0 0 0 0 0 0 0 0 0 0 0 0 0 0 0 0 3 0 0 0 80 19 163 0 0 0 0 3 3 2 0 0 0 2 4 0 0 0 23 6 40 0 0 0 0 2 1 1 0 0 0 1 13 0 0 0 0 0 0 0"
"bri","Brisbane Broncos","Kotoni Staggs","Centre","true","200","Kotoni Staggs (Brisbane Broncos) - NRL Stats, News, Contract &amp; Player Profile - Zero Tackle","https://www.zerotackle.com/players/kotoni-staggs/","Player Contracts Player Contracts Team 2026 2027 2028 2029 2030 Brisbane Broncos ✔ ✔ ✔ Stats 2026 Stats Round Opp P T G MINS AR ARM LB LBA TA OL TK MT TB KM 40/20 PE ER TOTALS 15 34 8 1 1180 197 1812 5 6 3 13 246 21 51 110 0 11 20 1 0 0 0 80 12 100 0 0 0 2 16 1 1 0 0 2 2 2 8 2 0 80 10 126 0 0 0 0 10 0 4 24 0 2 1 3 4 1 0 80 12 119 1 1 1 0 18 2 3 31 0 1 2 4 8 2 0 80 17 203 1 0 0 0 15 0 7 16 0 1 1 5 2 0 1 80 14 99 0 1 1"
"bri","Brisbane Broncos","Gehamat Shibasaki","Centre","true","200","Gehamat Shibasaki (Brisbane Broncos) - NRL Stats, News, Contract &amp; Player Profile - Zero Tackle","https://www.zerotackle.com/players/gehamat-shibasaki/","Player Contracts Player Contracts Team 2026 2027 2028 2029 2030 Brisbane Broncos ? Stats 2026 Stats Round Opp P T G MINS AR ARM LB LBA TA OL TK MT TB KM 40/20 PE ER TOTALS 14 12 3 0 930 163 1266 2 0 0 0 127 25 20 0 0 5 12 1 0 0 0 80 11 80 0 0 0 0 13 2 2 0 0 0 2 2 0 0 0 80 10 93 0 0 0 0 8 5 1 0 0 1 0 3 0 0 0 0 0 0 0 0 0 0 0 0 0 0 0 0 0 4 4 1 0 57 9 78 0 0 0 0 13 1 2 0 0 0 0 5 4 1 0 80 16 166 0 0 0 0 8 4 2 0 0 0 2 6 0 "
"bri","Brisbane Broncos","Deine Mariner","Winger","true","200","Deine Mariner (Brisbane Broncos) - NRL Stats, News, Contract &amp; Player Profile - Zero Tackle","https://www.zerotackle.com/players/deine-mariner/","Player Contracts Player Contracts Team 2026 2027 2028 2029 2030 Brisbane Broncos ✔ ✔ Stats 2026 Stats Round Opp P T G MINS AR ARM LB LBA TA OL TK MT TB KM 40/20 PE ER TOTALS 10 12 3 0 769 128 1416 7 0 1 1 60 10 38 26 0 6 12 1 0 0 0 80 13 125 0 0 0 0 3 0 4 0 0 1 2 2 0 0 0 80 7 89 0 0 0 0 6 0 3 0 0 0 1 3 0 0 0 80 15 151 0 0 0 0 17 1 5 0 0 0 2 4 0 0 0 80 16 217 1 0 0 0 5 3 6 0 0 0 1 5 0 0 0 80 18 171 0 0 0 0 1 0 7 0 0 1"
"bri","Brisbane Broncos","Ezra Mam","Five-Eighth","true","200","Ezra Mam (Brisbane Broncos) - NRL Stats, News, Contract &amp; Player Profile - Zero Tackle","https://www.zerotackle.com/players/ezra-mam/","Player Contracts Player Contracts Team 2026 2027 2028 2029 2030 Brisbane Broncos $750K $750K $750K $750K Stats 2026 Stats Round Opp P T G MINS AR ARM LB LBA TA OL TK MT TB KM 40/20 PE ER TOTALS 15 12 3 0 986 122 1168 6 7 9 3 246 61 27 479 0 3 16 1 0 0 0 50 9 82 0 0 0 0 16 3 1 0 0 0 0 2 0 0 0 80 9 90 1 0 1 0 22 4 3 47 0 1 2 3 0 0 0 80 12 90 0 0 0 0 23 6 4 10 0 0 2 4 0 0 0 80 9 82 0 2 1 1 20 7 0 49 0 1 2 5 4 1 0 80 13 "
"bri","Brisbane Broncos","Adam Reynolds","Halfback","true","200","Adam Reynolds (Brisbane Broncos) - NRL Stats, News, Contract &amp; Player Profile - Zero Tackle","https://www.zerotackle.com/players/adam-reynolds/","Player Contracts Player Contracts Team 2026 2027 2028 2029 2030 Brisbane Broncos ✔ Stats 2026 Stats Round Opp P T G MINS AR ARM LB LBA TA OL TK MT TB KM 40/20 PE ER TOTALS 11 72 3 29 764 71 538 1 3 5 1 167 30 10 4015 0 3 10 1 0 0 0 80 5 29 0 0 0 0 20 6 0 248 0 0 1 2 12 0 6 74 10 87 1 1 2 0 11 1 5 278 0 0 2 4 10 1 3 80 15 93 0 0 0 0 19 7 2 376 0 0 0 5 2 0 1 25 3 32 0 0 0 1 8 1 0 93 0 0 0 7 9 0 4 80 4 30 0 1 2 0 10 1 0"
"bri","Brisbane Broncos","Corey Jensen","Prop","true","200","Corey Jensen (Brisbane Broncos) - NRL Stats, News, Contract &amp; Player Profile - Zero Tackle","https://www.zerotackle.com/players/corey-jensen/","Player Contracts Player Contracts Team 2026 2027 2028 2029 2030 Brisbane Broncos ✔ ✔ Stats 2026 Stats Round Opp P T G MINS AR ARM LB LBA TA OL TK MT TB KM 40/20 PE ER TOTALS 7 0 0 0 305 66 632 0 0 0 0 214 10 5 0 0 1 0 1 0 0 0 20 3 15 0 0 0 0 13 1 0 0 0 0 0 2 0 0 0 54 14 163 0 0 0 0 37 2 1 0 0 0 0 3 0 0 0 50 12 119 0 0 0 0 36 3 0 0 0 0 0 4 0 0 0 52 14 127 0 0 0 0 37 1 2 0 0 0 0 5 0 0 0 40 6 62 0 0 0 0 31 1 0 0 0 0 0 6"
"bri","Brisbane Broncos","Ben Hunt","Hooker","true","200","Ben Hunt (Brisbane Broncos) - NRL Stats, News, Contract &amp; Player Profile - Zero Tackle","https://www.zerotackle.com/players/ben-hunt/","Player Contracts Player Contracts Team 2026 2027 2028 2029 2030 Brisbane Broncos $600K ✔ Stats 2026 Stats Round Opp P T G MINS AR ARM LB LBA TA OL TK MT TB KM 40/20 PE ER TOTALS 12 0 0 0 715 48 314 0 4 2 3 285 42 6 1836 0 3 8 1 0 0 0 80 2 34 0 0 0 0 32 6 2 120 0 0 1 2 0 0 0 33 5 28 0 0 0 1 15 2 2 19 0 0 1 3 0 0 0 80 5 28 0 1 1 0 22 1 2 268 0 1 0 4 0 0 0 28 1 4 0 0 0 0 18 1 0 0 0 0 0 5 0 0 0 55 3 12 0 0 0 0 14 2 0 328"
"bri","Brisbane Broncos","Payne Haas","Prop","true","200","Payne Haas (Brisbane Broncos) - NRL Stats, News, Contract &amp; Player Profile - Zero Tackle","https://www.zerotackle.com/players/payne-haas/","Player Contracts Player Contracts Team 2026 2027 2028 2029 2030 Brisbane Broncos $1.1M South Sydney Rabbitohs ✔ ✔ ✔ Stats 2026 Stats Round Opp P T G MINS AR ARM LB LBA TA OL TK MT TB KM 40/20 PE ER TOTALS 11 4 1 0 713 164 1722 2 0 0 17 359 11 41 0 0 4 2 1 0 0 0 78 14 125 0 0 0 2 37 1 2 0 0 0 0 2 4 1 0 57 17 184 1 0 0 4 26 0 3 0 0 0 1 3 0 0 0 72 19 178 0 0 0 2 38 1 4 0 0 0 0 5 0 0 0 55 10 117 0 0 0 0 29 2 3 0 0 3 0 6 "
"bri","Brisbane Broncos","Brendan Piakura","2nd Row","true","200","Brendan Piakura (Brisbane Broncos) - NRL Stats, News, Contract &amp; Player Profile - Zero Tackle","https://www.zerotackle.com/players/brendan-piakura/","Player Contracts Player Contracts Team 2026 2027 2028 2029 2030 Brisbane Broncos ✔ ✔ Stats 2026 Stats Round Opp P T G MINS AR ARM LB LBA TA OL TK MT TB KM 40/20 PE ER TOTALS 11 8 2 0 714 119 1004 1 3 2 3 226 40 18 0 0 3 5 3 0 0 0 44 9 81 0 0 0 1 11 3 4 0 0 0 0 4 0 0 0 80 14 120 0 0 0 0 21 7 3 0 0 0 0 5 0 0 0 66 9 79 0 0 0 0 21 4 0 0 0 0 0 6 0 0 0 62 10 100 0 0 0 0 21 1 1 0 0 0 1 7 0 0 0 80 8 69 0 1 0 0 20 3 1 0 0 0 0"
"bri","Brisbane Broncos","Jordan Riki","2nd Row","true","200","Jordan Riki (Brisbane Broncos) - NRL Stats, News, Contract &amp; Player Profile - Zero Tackle","https://www.zerotackle.com/players/jordan-riki/","Player Contracts Player Contracts Team 2026 2027 2028 2029 2030 Brisbane Broncos ✔ ✔ ✔ Stats 2026 Stats Round Opp P T G MINS AR ARM LB LBA TA OL TK MT TB KM 40/20 PE ER TOTALS 14 12 3 0 1106 161 1481 4 2 0 7 530 34 24 64 0 6 9 1 0 0 0 80 11 99 0 0 0 0 40 2 1 15 0 0 3 2 0 0 0 80 8 71 0 0 0 1 34 1 1 0 0 1 1 3 8 2 0 80 15 152 2 0 0 0 35 4 7 14 0 0 1 4 0 0 0 80 13 124 0 0 0 0 41 4 4 12 0 1 1 5 0 0 0 80 13 129 0 0 0 0 38 "
"bri","Brisbane Broncos","Patrick Carrigan","Lock","true","200","Patrick Carrigan (Brisbane Broncos) - NRL Stats, News, Contract &amp; Player Profile - Zero Tackle","https://www.zerotackle.com/players/patrick-carrigan/","Player Contracts Player Contracts Team 2026 2027 2028 2029 2030 Brisbane Broncos $750K $750K $750K Stats 2026 Stats Round Opp P T G MINS AR ARM LB LBA TA OL TK MT TB KM 40/20 PE ER TOTALS 12 4 1 0 759 178 1482 1 2 2 5 486 39 17 9 0 6 4 1 0 0 0 63 14 118 0 0 0 0 45 4 1 0 0 1 1 2 0 0 0 66 16 128 0 1 1 0 43 2 0 0 0 0 0 3 0 0 0 80 23 169 0 0 0 1 43 7 2 0 0 0 0 4 0 0 0 80 20 177 0 0 0 1 52 5 3 0 0 1 0 5 0 0 0 80 22 179 0 "
"bri","Brisbane Broncos","Billy Walters","Interchange","true","200","Billy Walters (Brisbane Broncos) - NRL Stats, News, Contract &amp; Player Profile - Zero Tackle","https://www.zerotackle.com/players/billy-walters/","Player Contracts Player Contracts Team 2026 2027 2028 2029 2030 Brisbane Broncos ✔ Stats Latest NRL News Broncos set to re-sign star spine member Leo Twemlow - June 20, 2026 Latest NRL News Broncos cult hero set for return to league after rehabbing ACL Kye Ferreira - June 16, 2026 Billy Walters Billy Walters confirms contract negotiations, unsure of future Scott Pryde - June 8, 2026 Cameron Bukowski Broncos golden ch"
"bri","Brisbane Broncos","Xavier Willison","Interchange","true","200","Xavier Willison (Brisbane Broncos) - NRL Stats, News, Contract &amp; Player Profile - Zero Tackle","https://www.zerotackle.com/players/xavier-willison/","Player Contracts Player Contracts Team 2026 2027 2028 2029 2030 Brisbane Broncos ✔ ✔ Stats 2026 Stats Round Opp P T G MINS AR ARM LB LBA TA OL TK MT TB KM 40/20 PE ER TOTALS 16 16 4 0 947 211 1922 3 0 0 9 547 36 29 0 0 7 13 1 0 0 0 41 5 47 0 0 0 0 21 2 0 0 0 0 2 2 0 0 0 58 9 80 0 0 0 0 33 2 0 0 0 0 0 3 0 0 0 47 9 82 0 0 0 0 22 1 0 0 0 2 1 4 0 0 0 44 13 107 0 0 0 0 42 3 2 0 0 0 0 5 4 1 0 54 13 139 0 0 0 1 28 2 2 0 0 1"
"bri","Brisbane Broncos","Jack Gosiewski","Interchange","true","200","Jack Gosiewski (Brisbane Broncos) - NRL Stats, News, Contract &amp; Player Profile - Zero Tackle","https://www.zerotackle.com/players/jack-gosiewski/","Player Contracts Player Contracts Team 2026 2027 2028 2029 2030 Brisbane Broncos ✔ Stats 2026 Stats Round Opp P T G MINS AR ARM LB LBA TA OL TK MT TB KM 40/20 PE ER TOTALS 10 0 0 0 466 78 611 0 1 1 3 275 16 3 0 0 2 3 1 0 0 0 59 8 57 0 0 0 0 28 3 0 0 0 0 0 2 0 0 0 27 5 34 0 0 0 0 6 2 0 0 0 0 0 7 0 0 0 38 10 102 0 0 0 0 27 1 2 0 0 0 0 8 0 0 0 49 9 65 0 0 0 0 42 1 0 0 0 0 0 9 0 0 0 62 6 34 0 0 0 0 41 2 0 0 0 1 0 10 0 0 "
"bri","Brisbane Broncos","Aublix Tawha","Interchange","true","200","Aublix Tawha (Brisbane Broncos) - NRL Stats, News, Contract &amp; Player Profile - Zero Tackle","https://www.zerotackle.com/players/aublix-tawha/","Player Contracts Player Contracts Team 2026 2027 2028 2029 2030 Brisbane Broncos ✔ ✔ Stats 2026 Stats Round Opp P T G MINS AR ARM LB LBA TA OL TK MT TB KM 40/20 PE ER TOTALS 12 0 0 0 141 29 252 1 0 0 1 97 10 3 0 0 2 2 1 0 0 0 21 3 34 0 0 0 0 11 2 0 0 0 1 0 2 0 0 0 32 4 38 0 0 0 0 18 1 0 0 0 1 0 3 0 0 0 0 0 0 0 0 0 0 0 0 0 0 0 0 0 4 0 0 0 18 7 59 1 0 0 0 17 4 1 0 0 0 0 5 0 0 0 0 0 0 0 0 0 0 0 0 0 0 0 0 0 6 0 0 0 0 0 0"
"bri","Brisbane Broncos","Ben Talty","Unknown","true","200","Ben Talty (Brisbane Broncos) - NRL Stats, News, Contract &amp; Player Profile - Zero Tackle","https://www.zerotackle.com/players/ben-talty/","Player Contracts Player Contracts Team 2026 2027 2028 2029 2030 Brisbane Broncos ✔ ✔ Stats 2026 Stats Round Opp P T G MINS AR ARM LB LBA TA OL TK MT TB KM 40/20 PE ER TOTALS 16 8 2 0 555 136 1263 2 1 1 4 378 19 11 0 0 7 4 1 0 0 0 27 6 43 0 0 0 0 18 0 0 0 0 1 1 2 0 0 0 26 2 17 0 0 0 0 19 2 0 0 0 1 0 3 0 0 0 27 8 71 0 0 0 0 16 2 1 0 0 0 0 4 0 0 0 28 9 73 0 1 1 2 15 3 0 0 0 0 0 5 0 0 0 25 8 91 0 0 0 0 12 3 0 0 0 0 0 6 4"
"bri","Brisbane Broncos","Blake Mozer","Unknown","true","200","Blake Mozer (Brisbane Broncos) - NRL Stats, News, Contract &amp; Player Profile - Zero Tackle","https://www.zerotackle.com/players/blake-mozer/","Player Contracts Player Contracts Team 2026 2027 2028 2029 2030 Brisbane Broncos ✔ ✔ Stats 2026 Stats Round Opp P T G MINS AR ARM LB LBA TA OL TK MT TB KM 40/20 PE ER TOTALS 4 0 0 0 56 6 48 0 0 0 0 50 3 0 0 0 2 0 3 0 0 0 0 0 0 0 0 0 0 0 0 0 0 0 0 0 6 0 0 0 10 1 9 0 0 0 0 12 1 0 0 0 0 0 17 0 0 0 26 3 18 0 0 0 0 24 1 0 0 0 1 0 18 0 0 0 20 2 21 0 0 0 0 14 1 0 0 0 1 0 Patrick Carrigan Carrigan's suspension length confirm"
"bri","Brisbane Broncos","Ben Te Kura","Unknown","false","404","Page not found - Zero Tackle","https://www.zerotackle.com/players/ben-te-kura/",""
"bri","Brisbane Broncos","Cory Paix","Unknown","true","200","Cory Paix (Brisbane Broncos) - NRL Stats, News, Contract &amp; Player Profile - Zero Tackle","https://www.zerotackle.com/players/cory-paix/","Player Contracts Player Contracts Team 2026 2027 2028 2029 2030 Brisbane Broncos ✔ ✔ ✔ Stats 2026 Stats Round Opp P T G MINS AR ARM LB LBA TA OL TK MT TB KM 40/20 PE ER TOTALS 15 8 2 0 934 27 196 1 0 0 0 566 36 3 3 0 2 2 1 0 0 0 42 0 0 0 0 0 0 26 2 0 0 0 2 0 2 0 0 0 53 2 10 0 0 0 0 29 3 0 0 0 0 0 3 0 0 0 80 2 17 0 0 0 0 44 3 0 0 0 0 0 4 0 0 0 69 1 5 0 0 0 0 53 5 0 0 0 0 0 5 0 0 0 80 4 27 0 0 0 0 47 5 0 0 0 0 0 6 0 0 "
"bri","Brisbane Broncos","Delouise Hoeter","Unknown","true","200","Delouise Hoeter (Brisbane Broncos) - NRL Stats, News, Contract &amp; Player Profile - Zero Tackle","https://www.zerotackle.com/players/delouise-hoeter/","Player Contracts Player Contracts Team 2026 2027 2028 2029 2030 Brisbane Broncos ✔ Stats Latest NRL News Broncos veteran suffers serious leg injury Leo Twemlow - April 2, 2026 Delouise Hoeter Broncos back earns another NRL season Scott Pryde - October 24, 2025 Delouise Hoeter Double injury blow for Broncos, one could miss remainder of season Ethan Lee Chalk - April 10, 2024 Injuries & Suspensions Broncos back reveals"
"bri","Brisbane Broncos","Hayze Perham","Unknown","true","200","Hayze Perham (Brisbane Broncos) - NRL Stats, News, Contract &amp; Player Profile - Zero Tackle","https://www.zerotackle.com/players/hayze-perham/","Player Contracts Player Contracts Team 2026 2027 2028 2029 2030 Brisbane Broncos ✔ Stats 2026 Stats Round Opp P T G MINS AR ARM LB LBA TA OL TK MT TB KM 40/20 PE ER TOTALS 9 4 1 0 264 55 437 0 2 2 3 12 3 6 60 0 0 4 6 0 0 0 0 0 0 0 0 0 0 0 0 0 0 0 0 0 7 0 0 0 24 6 58 0 0 0 0 1 0 0 0 0 0 0 8 0 0 0 80 14 115 0 1 1 1 5 1 1 47 0 0 0 10 0 0 0 0 0 0 0 0 0 0 0 0 0 0 0 0 0 11 0 0 0 0 0 0 0 0 0 0 0 0 0 0 0 0 0 14 0 0 0 0 0 0 0"
"bri","Brisbane Broncos","Jaiyden Hunt","Unknown","true","200","Jaiyden Hunt (Brisbane Broncos) - NRL Stats, News, Contract &amp; Player Profile - Zero Tackle","https://www.zerotackle.com/players/jaiyden-hunt/","Player Contracts Player Contracts Team 2026 2027 2028 2029 2030 Brisbane Broncos ✔ Stats 2026 Stats Round Opp P T G MINS AR ARM LB LBA TA OL TK MT TB KM 40/20 PE ER TOTALS 9 0 0 0 118 16 115 0 0 0 0 54 4 0 0 0 0 1 1 0 0 0 0 0 0 0 0 0 0 0 0 0 0 0 0 0 2 0 0 0 0 0 0 0 0 0 0 0 0 0 0 0 0 0 3 0 0 0 0 0 0 0 0 0 0 0 0 0 0 0 0 0 4 0 0 0 0 0 0 0 0 0 0 0 0 0 0 0 0 0 5 0 0 0 0 0 0 0 0 0 0 0 0 0 0 0 0 0 8 0 0 0 29 5 31 0 0 0 0 12"
"bri","Brisbane Broncos","Jesse Arthars","Unknown","true","200","Jesse Arthars (Brisbane Broncos) - NRL Stats, News, Contract &amp; Player Profile - Zero Tackle","https://www.zerotackle.com/players/jesse-arthars/","Player Contracts Player Contracts Team 2026 2027 2028 2029 2030 Brisbane Broncos ✔ Catalans Dragons ✔ ✔ Stats 2026 Stats Round Opp P T G MINS AR ARM LB LBA TA OL TK MT TB KM 40/20 PE ER TOTALS 11 20 5 0 741 116 1164 5 0 1 1 65 10 19 4 0 2 9 5 4 1 0 80 16 182 1 0 0 0 4 0 2 0 0 0 0 6 4 1 0 80 15 190 1 0 0 0 5 4 2 4 0 0 0 7 0 0 0 56 10 85 0 0 0 0 6 1 2 0 0 0 2 9 0 0 0 46 5 28 0 0 0 0 3 0 0 0 0 0 0 10 0 0 0 80 9 82 0 0 0"
"bri","Brisbane Broncos","Josh Rogers","Unknown","true","200","Josh Rogers (Brisbane Broncos) - NRL Stats, News, Contract &amp; Player Profile - Zero Tackle","https://www.zerotackle.com/players/josh-rogers/","Player Contracts Player Contracts Team 2026 2027 2028 2029 2030 Brisbane Broncos ✔ Stats 2026 Stats Round Opp P T G MINS AR ARM LB LBA TA OL TK MT TB KM 40/20 PE ER TOTALS 6 0 0 0 122 8 80 0 0 0 2 106 4 1 0 0 0 0 6 0 0 0 25 1 8 0 0 0 0 23 0 0 0 0 0 0 7 0 0 0 49 0 0 0 0 0 0 44 1 0 0 0 0 0 8 0 0 0 21 2 21 0 0 0 0 19 2 0 0 0 0 0 9 0 0 0 0 0 0 0 0 0 0 0 0 0 0 0 0 0 15 0 0 0 27 5 51 0 0 0 2 20 1 1 0 0 0 0 17 0 0 0 0 0 0 0"
"bri","Brisbane Broncos","Josiah Karapani","Unknown","true","200","Josiah Karapani (Brisbane Broncos) - NRL Stats, News, Contract &amp; Player Profile - Zero Tackle","https://www.zerotackle.com/players/josiah-karapani/","Player Contracts Player Contracts Team 2026 2027 2028 2029 2030 Brisbane Broncos ✔ ✔ Stats 2026 Stats Round Opp P T G MINS AR ARM LB LBA TA OL TK MT TB KM 40/20 PE ER TOTALS 14 20 5 0 1095 251 2158 12 0 1 0 59 12 26 35 0 3 11 1 0 0 0 80 16 164 0 0 0 0 4 1 3 0 0 0 1 2 0 0 0 80 13 150 0 0 0 0 1 0 2 0 0 0 0 3 0 0 0 80 21 158 0 0 0 0 7 1 2 0 0 0 0 4 0 0 0 80 13 140 1 0 0 0 2 1 2 0 0 0 1 6 4 1 0 80 16 159 2 0 1 0 10 2 2 3"
"bri","Brisbane Broncos","Tom Duffy","Unknown","true","200","Tom Duffy (Brisbane Broncos) - NRL Stats, News, Contract &amp; Player Profile - Zero Tackle","https://www.zerotackle.com/players/tom-duffy/","Player Contracts Player Contracts Team 2026 2027 2028 2029 2030 Brisbane Broncos ✔ ✔ ✔ Stats 2026 Stats Round Opp P T G MINS AR ARM LB LBA TA OL TK MT TB KM 40/20 PE ER TOTALS 11 33 1 14 396 42 230 1 5 6 0 108 13 0 1191 0 0 2 6 11 0 5 80 8 38 0 3 2 0 15 3 0 694 0 0 1 7 0 0 0 0 0 0 0 0 0 0 0 0 0 0 0 0 0 8 0 0 0 0 0 0 0 0 0 0 0 0 0 0 0 0 0 9 8 0 4 36 12 56 0 1 1 0 9 1 0 111 0 0 0 10 0 0 0 20 1 10 0 0 0 0 6 1 0 0 0 0 0 "
"can","Canberra Raiders","Kaeo Weekes","Fullback","true","200","Kaeo Weekes (Canberra Raiders) - NRL Stats, News, Contract &amp; Player Profile - Zero Tackle","https://www.zerotackle.com/players/kaeo-weekes/","Player Contracts Player Contracts Team 2026 2027 2028 2029 2030 Canberra Raiders ✔ ✔ $850K $850K Stats 2026 Stats Round Opp P T G MINS AR ARM LB LBA TA OL TK MT TB KM 40/20 PE ER TOTALS 17 32 8 0 1362 244 2747 8 8 4 8 61 23 90 184 0 6 10 1 0 0 0 82 19 188 1 1 1 1 2 1 5 0 0 0 0 2 4 1 0 80 12 130 1 0 0 0 4 3 2 17 0 0 1 3 0 0 0 80 19 204 0 1 1 0 5 0 11 0 0 0 0 4 4 1 0 80 15 193 0 2 1 0 1 4 7 0 0 0 2 5 0 0 0 80 11 123 0 "
"can","Canberra Raiders","Savelio Tamale","Winger","true","200","Savelio Tamale (Canberra Raiders) - NRL Stats, News, Contract &amp; Player Profile - Zero Tackle","https://www.zerotackle.com/players/savelio-tamale/","Player Contracts Player Contracts Team 2026 2027 2028 2029 2030 Canberra Raiders ✔ ✔ ✔ Stats 2026 Stats Round Opp P T G MINS AR ARM LB LBA TA OL TK MT TB KM 40/20 PE ER TOTALS 14 28 7 0 999 238 2300 8 1 1 6 42 17 68 56 0 5 27 1 0 0 0 82 14 142 0 1 0 1 2 1 9 0 0 0 1 2 0 0 0 80 21 184 0 0 0 1 2 2 4 0 0 0 2 3 8 2 0 80 29 277 1 0 0 0 6 1 5 0 0 1 2 4 4 1 0 80 14 175 3 0 0 0 4 1 6 20 0 0 1 5 0 0 0 70 16 153 0 0 0 1 5 2 9 0"
"can","Canberra Raiders","Matthew Timoko","Centre","true","200","Matthew Timoko (Canberra Raiders) - NRL Stats, News, Contract &amp; Player Profile - Zero Tackle","https://www.zerotackle.com/players/matthew-timoko/","Player Contracts Player Contracts Team 2026 2027 2028 2029 2030 Canberra Raiders ✔ MO CO Stats 2026 Stats Round Opp P T G MINS AR ARM LB LBA TA OL TK MT TB KM 40/20 PE ER TOTALS 13 16 4 0 891 189 1951 6 4 2 15 142 19 44 7 0 7 6 2 0 0 0 20 5 57 0 0 0 1 8 1 3 0 0 0 0 5 0 0 0 0 0 0 0 0 0 0 0 0 0 0 0 0 0 7 4 1 0 71 13 150 1 0 0 1 7 0 4 7 0 0 0 8 4 1 0 80 16 165 1 1 0 0 7 4 2 0 0 1 1 9 0 0 0 80 25 324 1 0 0 1 11 1 5 0 0 0"
"can","Canberra Raiders","Sebastian Kris","Centre","true","200","Sebastian Kris (Canberra Raiders) - NRL Stats, News, Contract &amp; Player Profile - Zero Tackle","https://www.zerotackle.com/players/sebastian-kris/","Player Contracts Player Contracts Team 2026 2027 2028 2029 2030 Canberra Raiders ✔ ✔ Stats 2026 Stats Round Opp P T G MINS AR ARM LB LBA TA OL TK MT TB KM 40/20 PE ER TOTALS 14 16 4 0 1082 176 1696 7 4 0 14 142 29 26 53 0 5 11 1 0 0 0 82 8 84 1 0 0 1 17 3 1 0 0 0 0 2 0 0 0 80 12 127 0 1 0 1 8 3 2 0 0 2 0 3 0 0 0 80 13 115 0 1 0 1 14 3 2 15 0 1 2 4 0 0 0 80 14 124 1 1 0 3 6 0 2 3 0 0 1 5 0 0 0 80 16 159 0 0 0 1 7 4 3 "
"can","Canberra Raiders","Xavier Savage","Winger","true","200","Xavier Savage (Canberra Raiders) - NRL Stats, News, Contract &amp; Player Profile - Zero Tackle","https://www.zerotackle.com/players/xavier-savage/","Player Contracts Player Contracts Team 2026 2027 2028 2029 2030 Canberra Raiders ✔ ✔ Stats 2026 Stats Round Opp P T G MINS AR ARM LB LBA TA OL TK MT TB KM 40/20 PE ER TOTALS 12 32 8 0 940 140 1681 5 0 1 2 57 9 32 104 0 1 17 1 8 2 0 82 17 155 1 0 0 0 8 2 8 0 0 0 4 2 0 0 0 80 20 184 1 0 0 1 3 0 4 56 0 0 2 3 0 0 0 80 13 91 0 0 0 0 3 0 5 15 0 0 0 4 4 1 0 80 18 192 2 0 1 1 1 2 5 8 0 0 1 5 0 0 0 71 9 110 0 0 0 0 5 1 4 0 0 "
"can","Canberra Raiders","Ethan Strange","Five-Eighth","true","200","Ethan Strange (Canberra Raiders) - NRL Stats, News, Contract &amp; Player Profile - Zero Tackle","https://www.zerotackle.com/players/ethan-strange/","Player Contracts Player Contracts Team 2026 2027 2028 2029 2030 Canberra Raiders ✔ ✔ ✔ Stats 2026 Stats Round Opp P T G MINS AR ARM LB LBA TA OL TK MT TB KM 40/20 PE ER TOTALS 17 20 5 0 1162 146 1221 7 9 5 12 309 33 62 1164 0 3 13 1 0 0 0 82 4 25 0 0 0 0 20 4 1 172 0 0 0 2 0 0 0 80 8 104 2 0 0 0 34 2 0 54 0 0 0 3 0 0 0 80 9 79 0 0 0 2 28 3 5 35 0 1 1 4 0 0 0 80 9 80 0 0 0 1 20 0 1 0 0 0 0 5 4 1 0 80 12 112 1 1 1 0 24"
"can","Canberra Raiders","Ethan Sanders","Halfback","true","200","Ethan Sanders (Canberra Raiders) - NRL Stats, News, Contract &amp; Player Profile - Zero Tackle","https://www.zerotackle.com/players/ethan-sanders/","Player Contracts Player Contracts Team 2026 2027 2028 2029 2030 Canberra Raiders ✔ ✔ Stats 2026 Stats Round Opp P T G MINS AR ARM LB LBA TA OL TK MT TB KM 40/20 PE ER TOTALS 17 113 2 52 1344 106 757 4 10 12 6 309 56 17 7358 0 6 16 1 13 1 4 82 5 21 1 1 1 0 22 4 1 266 0 0 0 2 2 0 1 80 3 19 0 1 1 1 17 3 0 398 0 0 2 3 2 0 1 80 6 51 1 0 0 1 21 2 1 550 0 0 0 4 6 0 3 80 12 81 0 0 0 2 13 4 3 402 0 0 1 5 4 0 2 80 10 52 0 0 0 "
"can","Canberra Raiders","Josh Papali'i","Prop","true","200","Josh Papalii (Canberra Raiders) - NRL Stats, News, Contract &amp; Player Profile - Zero Tackle","https://www.zerotackle.com/players/josh-papalii/","Player Contracts Player Contracts Team 2026 2027 2028 2029 2030 Canberra Raiders ✔ Stats 2026 Stats Round Opp P T G MINS AR ARM LB LBA TA OL TK MT TB KM 40/20 PE ER TOTALS 6 0 0 0 179 34 333 0 0 0 1 101 5 2 0 0 2 0 1 0 0 0 19 1 10 0 0 0 0 13 1 0 0 0 0 0 3 0 0 0 57 8 89 0 0 0 0 35 0 2 0 0 1 0 5 0 0 0 40 8 70 0 0 0 0 19 0 0 0 0 1 0 6 0 0 0 22 6 50 0 0 0 0 14 2 0 0 0 0 0 7 0 0 0 13 4 42 0 0 0 0 7 1 0 0 0 0 0 19 0 0 0 28"
"can","Canberra Raiders","Tom Starling","Hooker","true","200","Tom Starling (Canberra Raiders) - NRL Stats, News, Contract &amp; Player Profile - Zero Tackle","https://www.zerotackle.com/players/tom-starling/","Player Contracts Player Contracts Team 2026 2027 2028 2029 2030 Canberra Raiders ✔ ✔ Stats 2026 Stats Round Opp P T G MINS AR ARM LB LBA TA OL TK MT TB KM 40/20 PE ER TOTALS 17 8 2 0 903 75 804 2 2 2 6 552 66 16 26 0 4 3 1 0 0 0 65 10 113 0 1 0 0 38 5 2 0 0 1 0 2 0 0 0 64 5 40 0 0 0 0 49 7 0 0 0 0 1 3 0 0 0 31 1 15 0 0 0 0 22 0 1 0 0 1 0 4 0 0 0 61 2 12 0 0 0 1 36 6 0 0 0 0 0 5 0 0 0 50 3 27 0 0 0 0 29 4 0 0 0 0 0 6 "
"can","Canberra Raiders","Joseph Tapine","Prop","true","200","Joseph Tapine (Canberra Raiders) - NRL Stats, News, Contract &amp; Player Profile - Zero Tackle","https://www.zerotackle.com/players/joseph-tapine/","Player Contracts Player Contracts Team 2026 2027 2028 2029 2030 Canberra Raiders $950K $950K PO Stats 2026 Stats Round Opp P T G MINS AR ARM LB LBA TA OL TK MT TB KM 40/20 PE ER TOTALS 17 0 0 0 922 248 2226 0 1 0 31 550 35 35 0 0 8 7 1 0 0 0 55 8 66 0 0 0 2 27 2 1 0 0 1 2 2 0 0 0 54 13 118 0 0 0 2 32 3 1 0 0 2 0 3 0 0 0 34 11 76 0 0 0 4 21 1 3 0 0 1 0 4 0 0 0 53 16 133 0 0 0 1 35 1 3 0 0 1 1 5 0 0 0 53 18 169 0 0 0 0"
"can","Canberra Raiders","Hudson Young","2nd Row","true","200","Hudson Young (Canberra Raiders) - NRL Stats, News, Contract &amp; Player Profile - Zero Tackle","https://www.zerotackle.com/players/hudson-young/","Player Contracts Player Contracts Team 2026 2027 2028 2029 2030 Canberra Raiders $650K $650K Stats 2026 Stats Round Opp P T G MINS AR ARM LB LBA TA OL TK MT TB KM 40/20 PE ER TOTALS 16 24 6 0 1258 268 2099 4 3 6 27 514 59 48 135 0 12 20 1 0 0 0 82 18 149 0 0 1 3 34 3 3 26 0 2 2 2 0 0 0 80 13 112 0 0 0 0 38 5 2 7 0 1 1 3 0 0 0 80 17 130 1 0 1 3 34 2 4 8 0 1 3 4 4 1 0 80 14 140 1 0 0 1 26 6 5 0 0 0 3 5 0 0 0 80 20 168 "
"can","Canberra Raiders","Noah Martin","2nd Row","true","200","Noah Martin (Canberra Raiders) - NRL Stats, News, Contract &amp; Player Profile - Zero Tackle","https://www.zerotackle.com/players/noah-martin/","Player Contracts Player Contracts Team 2026 2027 2028 2029 2030 Canberra Raiders ✔ ✔ ✔ Stats 2026 Stats Round Opp P T G MINS AR ARM LB LBA TA OL TK MT TB KM 40/20 PE ER TOTALS 9 12 3 0 637 73 667 4 0 0 1 365 18 19 10 0 2 5 1 8 2 0 82 8 74 2 0 0 0 48 0 3 0 0 2 0 2 0 0 0 80 10 90 0 0 0 0 51 3 2 0 0 0 0 3 0 0 0 80 6 49 0 0 0 1 44 1 1 0 0 0 0 4 0 0 0 80 9 99 0 0 0 0 46 4 4 10 0 0 1 5 0 0 0 80 7 78 1 0 0 0 60 3 2 0 0 0 3 "
"can","Canberra Raiders","Corey Horsburgh","Lock","true","200","Corey Horsburgh (Canberra Raiders) - NRL Stats, News, Contract &amp; Player Profile - Zero Tackle","https://www.zerotackle.com/players/corey-horsburgh/","Player Contracts Player Contracts Team 2026 2027 2028 2029 2030 Canberra Raiders ✔ ✔ Stats 2026 Stats Round Opp P T G MINS AR ARM LB LBA TA OL TK MT TB KM 40/20 PE ER TOTALS 17 8 2 0 929 227 1931 1 0 0 25 594 32 33 0 0 12 7 1 0 0 0 67 15 138 0 0 0 1 43 4 5 0 0 1 0 2 0 0 0 54 14 130 0 0 0 3 30 3 0 0 0 0 1 3 0 0 0 52 9 78 0 0 0 2 28 3 2 0 0 0 0 4 0 0 0 54 13 119 0 0 0 0 32 1 1 0 0 2 0 5 0 0 0 42 8 63 0 0 0 1 29 1 0 0 0"
"can","Canberra Raiders","Jayden Brailey","Interchange","true","200","Jayden Brailey (Canberra Raiders) - NRL Stats, News, Contract &amp; Player Profile - Zero Tackle","https://www.zerotackle.com/players/jayden-brailey/","Player Contracts Player Contracts Team 2026 2027 2028 2029 2030 Canberra Raiders ✔ ✔ Stats 2026 Stats Round Opp P T G MINS AR ARM LB LBA TA OL TK MT TB KM 40/20 PE ER TOTALS 15 0 0 0 532 56 477 0 0 0 0 317 13 3 0 0 3 2 1 0 0 0 23 1 10 0 0 0 0 12 0 0 0 0 0 0 2 0 0 0 16 0 0 0 0 0 0 10 1 0 0 0 0 0 3 0 0 0 49 1 12 0 0 0 0 25 0 0 0 0 0 1 4 0 0 0 19 0 0 0 0 0 0 15 1 0 0 0 0 0 5 0 0 0 30 4 46 0 0 0 0 14 0 2 0 0 0 1 6 0 0 0 "
"can","Canberra Raiders","Zac Hosking","Interchange","true","200","Zac Hosking (Canberra Raiders) - NRL Stats, News, Contract &amp; Player Profile - Zero Tackle","https://www.zerotackle.com/players/zac-hosking/","Player Contracts Player Contracts Team 2026 2027 2028 2029 2030 Canberra Raiders ✔ ✔ ✔ Stats 2026 Stats Round Opp P T G MINS AR ARM LB LBA TA OL TK MT TB KM 40/20 PE ER TOTALS 15 16 4 0 941 174 1440 2 1 0 16 495 23 13 0 0 0 4 1 0 0 0 30 11 95 0 0 0 2 18 2 2 0 0 0 0 2 0 0 0 45 7 54 0 0 0 0 38 2 0 0 0 0 1 3 0 0 0 39 7 61 0 0 0 0 26 1 0 0 0 0 0 4 0 0 0 28 9 79 0 0 0 2 17 0 1 0 0 0 0 5 0 0 0 57 9 52 0 0 0 1 43 1 0 0 0 0 "
"can","Canberra Raiders","Morgan Smithies","Interchange","true","200","Morgan Smithies (Canberra Raiders) - NRL Stats, News, Contract &amp; Player Profile - Zero Tackle","https://www.zerotackle.com/players/morgan-smithies/","Player Contracts Player Contracts Team 2026 2027 2028 2029 2030 Canberra Raiders ✔ Stats 2026 Stats Round Opp P T G MINS AR ARM LB LBA TA OL TK MT TB KM 40/20 PE ER TOTALS 17 0 0 0 670 123 1022 0 0 0 2 460 20 7 0 0 3 3 1 0 0 0 42 19 131 0 0 0 1 22 0 3 0 0 1 0 2 0 0 0 37 3 29 0 0 0 0 29 0 0 0 0 0 0 3 0 0 0 28 3 32 0 0 0 0 27 0 1 0 0 0 0 4 0 0 0 42 5 37 0 0 0 1 31 4 1 0 0 0 1 5 0 0 0 34 5 44 0 0 0 0 28 1 0 0 0 0 0 6 0 "
"can","Canberra Raiders","Simi Sasagi","Interchange","true","200","Simi Sasagi (Canberra Raiders) - NRL Stats, News, Contract &amp; Player Profile - Zero Tackle","https://www.zerotackle.com/players/simi-sasagi/","Player Contracts Player Contracts Team 2026 2027 2028 2029 2030 Canberra Raiders ✔ ✔ ✔ Stats 2026 Stats Round Opp P T G MINS AR ARM LB LBA TA OL TK MT TB KM 40/20 PE ER TOTALS 11 20 5 0 824 183 1848 6 6 6 9 172 30 49 64 0 3 5 1 0 0 0 82 20 189 0 1 1 0 18 4 4 0 0 0 1 2 0 0 0 72 14 130 0 2 0 3 20 1 9 0 0 0 0 3 0 0 0 80 16 155 0 0 0 1 15 3 5 0 0 1 0 4 0 0 0 80 17 134 0 2 1 2 14 4 8 23 0 0 0 5 4 1 0 80 19 226 1 0 1 2 17 "
"can","Canberra Raiders","Ata Mariota","Unknown","true","200","Ata Mariota (Canberra Raiders) - NRL Stats, News, Contract &amp; Player Profile - Zero Tackle","https://www.zerotackle.com/players/ata-mariota/","Player Contracts Player Contracts Team 2026 2027 2028 2029 2030 Canberra Raiders ✔ Stats 2026 Stats Round Opp P T G MINS AR ARM LB LBA TA OL TK MT TB KM 40/20 PE ER TOTALS 17 0 0 0 753 155 1441 0 0 0 8 453 29 19 0 0 3 7 1 0 0 0 27 10 99 0 0 0 0 16 0 1 0 0 0 0 2 0 0 0 37 4 38 0 0 0 0 31 2 0 0 0 0 1 3 0 0 0 20 5 45 0 0 0 0 15 2 3 0 0 1 0 4 0 0 0 37 10 96 0 0 0 0 19 1 0 0 0 0 0 5 0 0 0 23 1 17 0 0 0 0 15 1 0 0 0 0 0 6 0"
"can","Canberra Raiders","Chevy Stewart","Unknown","true","200","Chevy Stewart (Canberra Raiders) - NRL Stats, News, Contract &amp; Player Profile - Zero Tackle","https://www.zerotackle.com/players/chevy-stewart/","Player Contracts Player Contracts Team 2026 2027 2028 2029 2030 Canberra Raiders ✔ MO Stats 2026 Stats Round Opp P T G MINS AR ARM LB LBA TA OL TK MT TB KM 40/20 PE ER TOTALS 9 0 0 0 17 7 58 0 0 0 0 0 0 2 0 0 0 0 5 0 0 0 0 0 0 0 0 0 0 0 0 0 0 0 0 0 8 0 0 0 0 0 0 0 0 0 0 0 0 0 0 0 0 0 9 0 0 0 17 7 58 0 0 0 0 0 0 2 0 0 0 0 10 0 0 0 0 0 0 0 0 0 0 0 0 0 0 0 0 0 12 0 0 0 0 0 0 0 0 0 0 0 0 0 0 0 0 0 13 0 0 0 0 0 0 0 0 0 0 "
"can","Canberra Raiders","Coby Black","Unknown","true","200","Coby Black (Canberra Raiders) - NRL Stats, News, Contract &amp; Player Profile - Zero Tackle","https://www.zerotackle.com/players/coby-black/","Player Contracts Player Contracts Team 2026 2027 2028 2029 2030 Canberra Raiders ✔ ✔ ✔ Stats 2026 Stats Round Opp P T G MINS AR ARM LB LBA TA OL TK MT TB KM 40/20 PE ER TOTALS 3 0 0 0 0 0 0 0 0 0 0 0 0 0 0 0 0 0 12 0 0 0 0 0 0 0 0 0 0 0 0 0 0 0 0 0 15 0 0 0 0 0 0 0 0 0 0 0 0 0 0 0 0 0 19 0 0 0 0 0 0 0 0 0 0 0 0 0 0 0 0 0 NRL Editorial and Opinion Forget the hype: Zane Harrison is making a real case to... Magdalena Mu"
"can","Canberra Raiders","Daine Laurie","Unknown","true","200","Daine Laurie (Canberra Raiders) - NRL Stats, News, Contract &amp; Player Profile - Zero Tackle","https://www.zerotackle.com/players/daine-laurie/","Player Contracts Player Contracts Team 2026 2027 2028 2029 2030 Canberra Raiders ✔ ✔ ✔ Stats 2026 Stats Round Opp P T G MINS AR ARM LB LBA TA OL TK MT TB KM 40/20 PE ER TOTALS 15 4 1 0 537 80 723 4 1 3 3 201 21 21 249 0 2 7 1 0 0 0 0 0 0 0 0 0 0 0 0 0 0 0 0 0 2 0 0 0 0 0 0 0 0 0 0 0 0 0 0 0 0 0 3 0 0 0 0 0 0 0 0 0 0 0 0 0 0 0 0 0 4 0 0 0 0 0 0 0 0 0 0 0 0 0 0 0 0 0 6 0 0 0 0 0 0 0 0 0 0 0 0 0 0 0 0 0 7 0 0 0 0 0 0 0 "
"can","Canberra Raiders","Jake Clydesdale","Unknown","true","200","Jake Clydsdale (Canberra Raiders) - NRL Stats, News, Contract &amp; Player Profile - Zero Tackle","https://www.zerotackle.com/players/jake-clydsdale/","Player Contracts Player Contracts Team 2026 2027 2028 2029 2030 Canberra Raiders ✔ Stats 2026 Stats Round Opp P T G MINS AR ARM LB LBA TA OL TK MT TB KM 40/20 PE ER TOTALS 2 0 0 0 0 0 0 0 0 0 0 0 0 0 0 0 0 0 12 0 0 0 0 0 0 0 0 0 0 0 0 0 0 0 0 0 17 0 0 0 0 0 0 0 0 0 0 0 0 0 0 0 0 0 NRL Editorial and Opinion SIX players the Parramatta Eels should target for the rest of... Kye Ferreira - April 19, 2026 NRL Editorial and"
"can","Canberra Raiders","Joe Roddy","Unknown","true","200","Joe Roddy (Canberra Raiders) - NRL Stats, News, Contract &amp; Player Profile - Zero Tackle","https://www.zerotackle.com/players/joe-roddy/","Player Contracts Player Contracts Team 2026 2027 2028 2029 2030 Canberra Raiders ✔ ✔ ✔ ✔ ✔ Stats 2026 Stats Round Opp P T G MINS AR ARM LB LBA TA OL TK MT TB KM 40/20 PE ER TOTALS 7 0 0 0 87 9 76 0 0 0 0 65 6 1 0 0 1 0 2 0 0 0 0 0 0 0 0 0 0 0 0 0 0 0 0 0 4 0 0 0 16 3 30 0 0 0 0 14 1 1 0 0 0 0 6 0 0 0 0 0 0 0 0 0 0 0 0 0 0 0 0 0 7 0 0 0 0 0 0 0 0 0 0 0 0 0 0 0 0 0 8 0 0 0 37 2 19 0 0 0 0 29 3 0 0 0 0 0 9 0 0 0 34 4 27"
"can","Canberra Raiders","Matty Nicholson","Unknown","true","200","Matty Nicholson (Canberra Raiders) - NRL Stats, News, Contract &amp; Player Profile - Zero Tackle","https://www.zerotackle.com/players/matty-nicholson/","Player Contracts Player Contracts Team 2026 2027 2028 2029 2030 Canberra Raiders ✔ ✔ Stats Latest NRL News Fears NRL season is over with surgery booked for Raiders forward Leo Twemlow - March 12, 2026 Latest NRL News Three Sharks approach perfection in shock semi-final win: NRL Finals, Raiders... Scott Pryde - September 20, 2025 Matty Nicholson Future-focused: Raiders set to enter talks with injured young forward Eth"
"can","Canberra Raiders","Michael Asomua","Unknown","true","200","Michael Asomua (Canberra Raiders) - NRL Stats, News, Contract &amp; Player Profile - Zero Tackle","https://www.zerotackle.com/players/michael-asomua/","Player Contracts Player Contracts Team 2026 2027 2028 2029 2030 Canberra Raiders ✔ Stats Michael Asomua Raiders lock in double re-signing Scott Pryde - November 22, 2023 Latest News FULL TIME: Storm vs Titans &#8211; Round 19, 2026 July 12, 2026 FULL TIME: Sea Eagles vs Cowboys &#8211; Round 19, 2026 July 12, 2026 FINAL TEAMS: Storm vs Titans &#8211; Round 19, 2026 July 12, 2026 FULL TIME: Rabbitohs vs Knights &#8211"
"can","Canberra Raiders","Myles Martin","Unknown","true","200","Myles Martin (Canberra Raiders) - NRL Stats, News, Contract &amp; Player Profile - Zero Tackle","https://www.zerotackle.com/players/myles-martin/","Player Contracts Player Contracts Team 2026 2027 2028 2029 2030 Canberra Raiders ✔ ✔ Stats Canberra Raiders Should the Raiders re-sign Josh Papalii? Scott Pryde - August 26, 2025 NRL Editorial and Opinion Rookie Watch: Top 100 young players yet to play NRL: 40-21 Ethan Lee Chalk - June 26, 2025 Myles Martin Knights confirm departures of six players Ethan Lee Chalk - September 18, 2024 Myles Martin NRL club confirms s"
"can","Canberra Raiders","Owen Pattie","Unknown","true","200","Owen Pattie (Canberra Raiders) - NRL Stats, News, Contract &amp; Player Profile - Zero Tackle","https://www.zerotackle.com/players/owen-pattie/","Player Contracts Player Contracts Team 2026 2027 2028 2029 2030 Canberra Raiders ✔ ✔ ✔ Stats 2026 Stats Round Opp P T G MINS AR ARM LB LBA TA OL TK MT TB KM 40/20 PE ER TOTALS 10 4 1 0 302 36 274 1 0 1 5 196 26 6 614 3 1 3 8 0 0 0 0 0 0 0 0 0 0 0 0 0 0 0 0 0 9 0 0 0 18 3 12 0 0 0 0 14 2 0 47 0 0 1 10 0 0 0 17 2 11 0 0 0 0 8 0 0 61 0 0 0 12 0 0 0 25 2 17 0 0 0 0 16 2 0 41 0 0 0 13 0 0 0 18 1 24 1 0 0 0 11 5 0 0 0 0 1 "
"can","Canberra Raiders","Sione Finau","Unknown","true","200","Sione Finau (Canberra Raiders) - NRL Stats, News, Contract &amp; Player Profile - Zero Tackle","https://www.zerotackle.com/players/sione-finau/","Player Contracts Player Contracts Team 2026 2027 2028 2029 2030 Canberra Raiders ✔ ✔ ✔ Stats Latest NRL News Former NRL star aspires to play again and reunite with family Kye Ferreira - May 24, 2026 Sione Finau ""Another level"": Finau on how he's changed his game since joining... Isaac Issa - January 27, 2026 Latest NRL News Raiders recruit reveals why he left the Dragons Isaac Issa - January 24, 2026 Latest NRL News "
"can","Canberra Raiders","Vena Patuki-Case","Unknown","true","200","Vena Patuki-Case (Canberra Raiders) - NRL Stats, News, Contract &amp; Player Profile - Zero Tackle","https://www.zerotackle.com/players/vena-patuki-case/","Player Contracts Player Contracts Team 2026 2027 2028 2029 2030 Canberra Raiders ✔ Stats 2026 Stats Round Opp P T G MINS AR ARM LB LBA TA OL TK MT TB KM 40/20 PE ER TOTALS 3 0 0 0 23 7 61 0 0 0 0 13 0 1 0 0 0 1 14 0 0 0 0 0 0 0 0 0 0 0 0 0 0 0 0 0 15 0 0 0 23 7 61 0 0 0 0 13 0 1 0 0 0 1 16 0 0 0 0 0 0 0 0 0 0 0 0 0 0 0 0 0 Canberra Raiders Should the Raiders re-sign Josh Papalii? Scott Pryde - August 26, 2025 Vena Pa"
"cby","Canterbury-Bankstown Bulldogs","Connor Tracey","Fullback","true","200","Connor Tracey (Canterbury-Bankstown Bulldogs) - NRL Stats, News, Contract &amp; Player Profile - Zero Tackle","https://www.zerotackle.com/players/connor-tracey/","Player Contracts Player Contracts Team 2026 2027 2028 2029 2030 Canterbury-Bankstown Bulldogs ✔ ✔ ✔ Stats 2026 Stats Round Opp P T G MINS AR ARM LB LBA TA OL TK MT TB KM 40/20 PE ER TOTALS 14 12 3 0 1133 281 2692 8 2 2 12 38 17 37 48 0 3 20 1 0 0 0 90 23 246 0 1 0 2 2 1 4 0 0 0 1 3 4 1 0 80 24 214 2 0 0 2 5 1 3 0 0 0 2 4 0 0 0 80 23 233 1 0 0 0 2 2 3 0 0 0 3 5 4 1 0 80 17 183 1 0 0 0 5 0 2 0 0 0 3 6 0 0 0 80 17 132 0"
"cby","Canterbury-Bankstown Bulldogs","Jacob Kiraz","Winger","true","200","Jacob Kiraz (Canterbury-Bankstown Bulldogs) - NRL Stats, News, Contract &amp; Player Profile - Zero Tackle","https://www.zerotackle.com/players/jacob-kiraz/","Player Contracts Player Contracts Team 2026 2027 2028 2029 2030 Canterbury-Bankstown Bulldogs ✔ ✔ ✔ Stats 2026 Stats Round Opp P T G MINS AR ARM LB LBA TA OL TK MT TB KM 40/20 PE ER TOTALS 12 24 6 0 899 242 2228 7 2 1 45 49 14 44 42 0 4 9 1 4 1 0 90 29 278 1 1 0 4 4 0 1 19 0 0 1 3 0 0 0 80 17 139 0 0 0 2 6 3 0 0 0 1 1 4 4 1 0 80 18 178 0 1 1 5 8 5 1 0 0 0 1 5 0 0 0 80 23 197 0 0 0 3 3 0 3 0 0 1 1 6 4 1 0 80 14 160 1 "
"cby","Canterbury-Bankstown Bulldogs","Bronson Xerri","Centre","true","200","Bronson Xerri (Canterbury-Bankstown Bulldogs) - NRL Stats, News, Contract &amp; Player Profile - Zero Tackle","https://www.zerotackle.com/players/bronson-xerri/","Player Contracts Player Contracts Team 2026 2027 2028 2029 2030 Canterbury-Bankstown Bulldogs ✔ Melbourne Storm ✔ ✔ ✔ Stats 2026 Stats Round Opp P T G MINS AR ARM LB LBA TA OL TK MT TB KM 40/20 PE ER TOTALS 14 8 2 0 926 152 1502 3 5 4 3 131 24 42 26 0 4 6 1 0 0 0 90 16 153 0 0 0 0 25 2 0 0 0 0 0 5 0 0 0 0 0 0 0 0 0 0 0 0 0 0 0 0 0 6 0 0 0 80 13 160 0 1 1 1 6 2 4 0 0 0 0 7 4 1 0 80 15 140 1 2 2 1 9 1 4 0 0 0 0 8 0 0 0"
"cby","Canterbury-Bankstown Bulldogs","Stephen Crichton","Centre","true","200","Stephen Crichton (Canterbury-Bankstown Bulldogs) - NRL Stats, News, Contract &amp; Player Profile - Zero Tackle","https://www.zerotackle.com/players/stephen-crichton/","Player Contracts Player Contracts Team 2026 2027 2028 2029 2030 Canterbury-Bankstown Bulldogs $850K $850K ✔ ✔ ✔ Stats 2026 Stats Round Opp P T G MINS AR ARM LB LBA TA OL TK MT TB KM 40/20 PE ER TOTALS 15 78 4 30 1159 154 1655 5 7 7 12 171 28 38 1121 0 6 14 1 7 0 3 90 14 177 0 1 1 1 10 1 0 0 0 1 2 3 6 0 3 80 13 156 0 1 1 1 12 3 4 14 0 0 0 4 4 0 2 80 11 110 0 0 0 1 17 6 1 74 0 0 0 5 6 0 3 43 8 90 0 0 0 1 1 1 2 0 0 0 2 "
"cby","Canterbury-Bankstown Bulldogs","Marcelo Montoya","Winger","true","200","Marcelo Montoya (Canterbury-Bankstown Bulldogs) - NRL Stats, News, Contract &amp; Player Profile - Zero Tackle","https://www.zerotackle.com/players/marcelo-montoya/","Player Contracts Player Contracts Team 2026 2027 2028 2029 2030 Canterbury-Bankstown Bulldogs ✔ Stats 2026 Stats Round Opp P T G MINS AR ARM LB LBA TA OL TK MT TB KM 40/20 PE ER TOTALS 9 4 1 0 650 147 1256 3 0 0 3 45 16 33 0 0 2 13 1 0 0 0 90 28 244 1 0 0 0 6 1 5 0 0 0 2 3 0 0 0 80 17 146 0 0 0 1 4 2 2 0 0 0 0 4 0 0 0 80 21 214 1 0 0 1 10 1 5 0 0 0 0 5 4 1 0 80 17 146 1 0 0 0 9 4 4 0 0 1 3 6 0 0 0 80 18 144 0 0 0 0 3"
"cby","Canterbury-Bankstown Bulldogs","Matt Burton","Five-Eighth","true","200","Matt Burton (Canterbury-Bankstown Bulldogs) - NRL Stats, News, Contract &amp; Player Profile - Zero Tackle","https://www.zerotackle.com/players/matt-burton/","Player Contracts Player Contracts Team 2026 2027 2028 2029 2030 Canterbury-Bankstown Bulldogs $750K $750K Stats 2026 Stats Round Opp P T G MINS AR ARM LB LBA TA OL TK MT TB KM 40/20 PE ER TOTALS 16 50 4 17 1212 188 1852 7 7 4 7 260 22 44 3321 1 11 12 1 0 0 0 90 15 156 0 0 0 0 10 1 4 462 0 0 0 3 0 0 0 80 8 73 1 0 0 1 19 0 2 824 1 0 0 4 8 2 0 80 12 133 3 0 0 0 17 2 5 195 0 0 2 5 2 0 1 80 9 94 0 0 0 1 19 1 5 182 0 1 0 6"
"cby","Canterbury-Bankstown Bulldogs","Lachlan Galvin","Halfback","true","200","Lachlan Galvin (Canterbury-Bankstown Bulldogs) - NRL Stats, News, Contract &amp; Player Profile - Zero Tackle","https://www.zerotackle.com/players/lachlan-galvin/","Player Contracts Player Contracts Team 2026 2027 2028 2029 2030 Canterbury-Bankstown Bulldogs $750K $750K $750K Stats 2026 Stats Round Opp P T G MINS AR ARM LB LBA TA OL TK MT TB KM 40/20 PE ER TOTALS 16 24 6 0 1293 227 1919 6 14 8 10 373 37 37 4251 0 7 13 1 0 0 0 90 22 190 0 2 1 0 35 1 3 173 0 0 1 3 0 0 0 80 13 124 0 0 0 0 27 9 0 131 0 0 1 4 0 0 0 80 28 231 0 1 0 1 26 4 3 105 0 1 2 5 4 1 0 80 9 70 0 0 0 0 30 1 0 259"
"cby","Canterbury-Bankstown Bulldogs","Max King","Prop","true","200","Max King (Canterbury-Bankstown Bulldogs) - NRL Stats, News, Contract &amp; Player Profile - Zero Tackle","https://www.zerotackle.com/players/max-king/","Player Contracts Player Contracts Team 2026 2027 2028 2029 2030 Canterbury-Bankstown Bulldogs ✔ ✔ Stats 2026 Stats Round Opp P T G MINS AR ARM LB LBA TA OL TK MT TB KM 40/20 PE ER TOTALS 12 4 1 0 602 162 1467 3 2 0 13 420 23 16 0 0 3 4 1 0 0 0 54 13 113 0 0 0 1 51 4 0 0 0 1 0 3 0 0 0 52 15 135 0 1 0 0 27 1 2 0 0 0 0 4 0 0 0 46 13 115 1 0 0 1 28 2 0 0 0 2 1 5 0 0 0 50 13 118 0 0 0 1 33 2 0 0 0 0 1 6 0 0 0 45 13 123 0 "
"cby","Canterbury-Bankstown Bulldogs","Bailey Hayward","Hooker","true","200","Bailey Hayward (Canterbury-Bankstown Bulldogs) - NRL Stats, News, Contract &amp; Player Profile - Zero Tackle","https://www.zerotackle.com/players/bailey-hayward/","Player Contracts Player Contracts Team 2026 2027 2028 2029 2030 Canterbury-Bankstown Bulldogs ✔ ✔ ✔ Stats 2026 Stats Round Opp P T G MINS AR ARM LB LBA TA OL TK MT TB KM 40/20 PE ER TOTALS 16 0 0 0 1110 34 239 0 4 2 1 623 56 3 315 0 6 2 1 0 0 0 90 1 9 0 0 0 0 54 6 0 0 0 0 0 3 0 0 0 69 2 16 0 1 0 0 35 4 0 0 0 1 0 4 0 0 0 71 0 0 0 0 0 0 35 6 0 0 0 0 0 5 0 0 0 80 3 36 0 0 0 0 49 1 0 52 0 0 0 6 0 0 0 68 2 16 0 0 0 0 33 3"
"cby","Canterbury-Bankstown Bulldogs","Leo Thompson","Prop","true","200","Leo Thompson (Canterbury-Bankstown Bulldogs) - NRL Stats, News, Contract &amp; Player Profile - Zero Tackle","https://www.zerotackle.com/players/leo-thompson/","Player Contracts Player Contracts Team 2026 2027 2028 2029 2030 Canterbury-Bankstown Bulldogs $825K $825K $825K $825K Stats 2026 Stats Round Opp P T G MINS AR ARM LB LBA TA OL TK MT TB KM 40/20 PE ER TOTALS 11 0 0 0 641 152 1296 0 1 0 12 404 26 24 0 0 4 9 7 0 0 0 44 11 80 0 1 0 0 22 2 1 0 0 1 1 8 0 0 0 49 12 123 0 0 0 2 25 1 2 0 0 0 0 9 0 0 0 57 19 161 0 0 0 2 41 1 3 0 0 0 3 10 0 0 0 56 15 124 0 0 0 1 35 2 4 0 0 0 0 "
"cby","Canterbury-Bankstown Bulldogs","Viliame Kikau","2nd Row","true","200","Viliame Kikau (Canterbury-Bankstown Bulldogs) - NRL Stats, News, Contract &amp; Player Profile - Zero Tackle","https://www.zerotackle.com/players/viliame-kikau/","Player Contracts Player Contracts Team 2026 2027 2028 2029 2030 Canterbury-Bankstown Bulldogs $800K ✔ ✔ Stats 2026 Stats Round Opp P T G MINS AR ARM LB LBA TA OL TK MT TB KM 40/20 PE ER TOTALS 7 4 1 0 505 73 666 3 0 0 22 165 27 19 0 0 2 5 1 0 0 0 84 17 195 2 0 0 6 17 3 8 0 0 0 0 3 0 0 0 80 16 147 0 0 0 3 28 9 0 0 0 0 2 4 0 0 0 80 9 100 0 0 0 2 35 3 5 0 0 0 0 5 0 0 0 80 9 44 0 0 0 3 21 5 0 0 0 1 0 6 4 1 0 80 11 107 1 "
"cby","Canterbury-Bankstown Bulldogs","Jacob Preston","2nd Row","true","200","Jacob Preston (Canterbury-Bankstown Bulldogs) - NRL Stats, News, Contract &amp; Player Profile - Zero Tackle","https://www.zerotackle.com/players/jacob-preston/","Player Contracts Player Contracts Team 2026 2027 2028 2029 2030 Canterbury-Bankstown Bulldogs ✔ ✔ Stats 2026 Stats Round Opp P T G MINS AR ARM LB LBA TA OL TK MT TB KM 40/20 PE ER TOTALS 12 16 4 0 859 121 1090 9 0 2 5 398 22 21 115 0 3 8 1 4 1 0 90 13 136 1 0 0 1 44 0 1 42 0 0 1 3 4 1 0 80 9 81 1 0 0 0 37 2 1 0 0 0 0 4 0 0 0 80 10 80 0 0 0 1 32 7 1 39 0 0 1 5 0 0 0 80 15 122 0 0 0 0 34 1 3 0 0 0 3 6 4 1 0 80 10 115 3"
"cby","Canterbury-Bankstown Bulldogs","Jaeman Salmon","Lock","true","200","Jaeman Salmon (Canterbury-Bankstown Bulldogs) - NRL Stats, News, Contract &amp; Player Profile - Zero Tackle","https://www.zerotackle.com/players/jaeman-salmon/","Player Contracts Player Contracts Team 2026 2027 2028 2029 2030 Canterbury-Bankstown Bulldogs ✔ ✔ Stats 2026 Stats Round Opp P T G MINS AR ARM LB LBA TA OL TK MT TB KM 40/20 PE ER TOTALS 16 4 1 0 937 159 1452 3 2 3 4 514 39 14 14 0 2 8 1 0 0 0 47 7 72 0 0 0 1 33 1 0 0 0 0 0 3 0 0 0 55 7 61 0 0 0 0 22 2 1 0 0 0 0 4 0 0 0 58 9 82 0 0 0 0 35 5 0 0 0 0 1 5 0 0 0 46 8 83 0 1 1 0 29 2 0 0 0 0 0 6 0 0 0 53 13 110 0 0 0 0 28"
"cby","Canterbury-Bankstown Bulldogs","Kurt Mann","Interchange","true","200","Kurt Mann (Canterbury-Bankstown Bulldogs) - NRL Stats, News, Contract &amp; Player Profile - Zero Tackle","https://www.zerotackle.com/players/kurt-mann/","Player Contracts Player Contracts Team 2026 2027 2028 2029 2030 Canterbury-Bankstown Bulldogs ✔ Stats 2026 Stats Round Opp P T G MINS AR ARM LB LBA TA OL TK MT TB KM 40/20 PE ER TOTALS 14 0 0 0 494 86 728 2 0 1 1 303 30 25 0 0 1 3 1 0 0 0 44 12 101 0 0 0 0 23 4 2 0 0 0 0 3 0 0 0 36 9 66 0 0 0 0 22 4 1 0 0 0 0 4 0 0 0 43 9 64 0 0 0 0 31 4 1 0 0 0 0 5 0 0 0 47 7 57 0 0 0 0 26 0 5 0 0 0 1 6 0 0 0 27 3 20 0 0 0 0 18 1 0 "
"cby","Canterbury-Bankstown Bulldogs","Sitili Tupouniua","Interchange","true","200","Sitili Tupouniua (Canterbury-Bankstown Bulldogs) - NRL Stats, News, Contract &amp; Player Profile - Zero Tackle","https://www.zerotackle.com/players/sitili-tupouniua/","Player Contracts Player Contracts Team 2026 2027 2028 2029 2030 Canterbury-Bankstown Bulldogs $600K $600K $600K Stats 2026 Stats Round Opp P T G MINS AR ARM LB LBA TA OL TK MT TB KM 40/20 PE ER TOTALS 14 16 4 0 858 172 1565 3 5 2 4 434 33 32 0 0 2 9 1 0 0 0 54 12 120 0 0 0 0 23 0 2 0 0 0 2 3 0 0 0 30 10 79 0 0 0 0 22 0 3 0 0 0 1 4 0 0 0 56 21 202 0 0 0 0 33 4 1 0 0 0 0 5 4 1 0 34 7 48 1 0 0 0 14 1 3 0 0 1 0 6 4 1 0 4"
"cby","Canterbury-Bankstown Bulldogs","Josh Curran","Interchange","true","200","Josh Curran (Canterbury-Bankstown Bulldogs) - NRL Stats, News, Contract &amp; Player Profile - Zero Tackle","https://www.zerotackle.com/players/josh-curran/","Player Contracts Player Contracts Team 2026 2027 2028 2029 2030 Canterbury-Bankstown Bulldogs ✔ Perth Bears ✔ ✔ ✔ Stats 2026 Stats Round Opp P T G MINS AR ARM LB LBA TA OL TK MT TB KM 40/20 PE ER TOTALS 12 12 3 0 493 67 566 3 1 1 4 242 13 14 7 0 3 10 1 0 0 0 11 0 0 0 0 0 0 11 0 0 0 0 0 0 3 0 0 0 23 4 29 0 1 1 0 13 2 2 0 0 0 0 4 0 0 0 4 3 22 0 0 0 0 3 1 0 0 0 0 0 7 0 0 0 80 10 78 0 0 0 0 11 2 2 0 0 1 5 8 0 0 0 0 0 0 0"
"cby","Canterbury-Bankstown Bulldogs","Samuel Hughes","Interchange","true","200","Samuel Hughes (Canterbury-Bankstown Bulldogs) - NRL Stats, News, Contract &amp; Player Profile - Zero Tackle","https://www.zerotackle.com/players/samuel-hughes/","Player Contracts Player Contracts Team 2026 2027 2028 2029 2030 Canterbury-Bankstown Bulldogs ✔ Stats 2026 Stats Round Opp P T G MINS AR ARM LB LBA TA OL TK MT TB KM 40/20 PE ER TOTALS 8 4 1 0 225 65 571 1 0 0 1 144 2 6 0 0 4 1 1 0 0 0 19 4 37 0 0 0 0 20 0 0 0 0 1 0 3 0 0 0 16 3 39 0 0 0 0 10 1 0 0 0 1 0 5 0 0 0 25 5 50 0 0 0 0 10 0 0 0 0 0 0 6 4 1 0 24 9 81 1 0 0 0 14 0 1 0 0 0 0 7 0 0 0 39 12 88 0 0 0 1 24 1 1 0 0 "
"cby","Canterbury-Bankstown Bulldogs","Daniel Suluka-Fifita","Unknown","true","200","Daniel Suluka-Fifita (Canterbury-Bankstown Bulldogs) - NRL Stats, News, Contract &amp; Player Profile - Zero Tackle","https://www.zerotackle.com/players/daniel-suluka-fifita/","Player Contracts Player Contracts Team 2026 2027 2028 2029 2030 Canterbury-Bankstown Bulldogs ✔ Stats Latest NRL News Bulldogs grant forward immediate release Scott Pryde - May 26, 2026 Daniel Suluka-Fifita Eels confirm long sideline stint for Paulo, set shock return timeline... Scott Pryde - May 26, 2026 Latest NRL News Bulldogs enforcer linked to immediate switch of clubs Leo Twemlow - May 23, 2026 Latest NRL News "
"cby","Canterbury-Bankstown Bulldogs","Enari Tuala","Unknown","true","200","Enari Tuala (Canterbury-Bankstown Bulldogs) - NRL Stats, News, Contract &amp; Player Profile - Zero Tackle","https://www.zerotackle.com/players/enari-tuala/","Player Contracts Player Contracts Team 2026 2027 2028 2029 2030 Canterbury-Bankstown Bulldogs ✔ ✔ ✔ Stats 2026 Stats Round Opp P T G MINS AR ARM LB LBA TA OL TK MT TB KM 40/20 PE ER TOTALS 13 8 2 0 963 211 2004 8 3 2 4 167 19 44 44 0 2 14 1 0 0 0 0 0 0 0 0 0 0 0 0 0 0 0 0 0 3 0 0 0 80 11 88 0 0 0 0 23 4 1 0 0 0 0 4 0 0 0 80 21 216 1 1 0 0 21 2 4 0 0 0 0 5 0 0 0 80 15 157 0 1 1 1 30 1 4 0 0 1 3 6 0 0 0 80 20 180 1 0 0"
"cby","Canterbury-Bankstown Bulldogs","Finau Latu","Unknown","true","200","Finau Latu (Canterbury-Bankstown Bulldogs) - NRL Stats, News, Contract &amp; Player Profile - Zero Tackle","https://www.zerotackle.com/players/finau-latu/","Player Contracts Player Contracts Team 2026 2027 2028 2029 2030 Canterbury-Bankstown Bulldogs ✔ ✔ ✔ Stats Latest NRL News Rookie Watch: The TEN best young prospects yet to debut at... Ethan Lee Chalk - October 29, 2025 St George Illawarra Dragons 12 players to exit Dragons as Flanagan's rebuild continues Scott Pryde - September 17, 2025 Finau Latu Rookie Watch: Top 100 young players yet to play NRL: 20-1 Ethan Lee Ch"
"cby","Canterbury-Bankstown Bulldogs","Harry Hayes","Unknown","true","200","Harry Hayes (Canterbury-Bankstown Bulldogs) - NRL Stats, News, Contract &amp; Player Profile - Zero Tackle","https://www.zerotackle.com/players/harry-hayes/","Player Contracts Player Contracts Team 2026 2027 2028 2029 2030 Canterbury-Bankstown Bulldogs ✔ ✔ ✔ ✔ Stats 2026 Stats Round Opp P T G MINS AR ARM LB LBA TA OL TK MT TB KM 40/20 PE ER TOTALS 13 0 0 0 551 101 878 0 0 0 8 391 40 4 0 0 3 2 1 0 0 0 49 12 101 0 0 0 1 34 2 0 0 0 0 0 3 0 0 0 39 13 113 0 0 0 0 29 4 0 0 0 0 0 6 0 0 0 42 12 126 0 0 0 0 31 3 1 0 0 0 1 7 0 0 0 45 7 58 0 0 0 0 30 2 0 0 0 0 0 8 0 0 0 32 5 53 0 0 0"
"cby","Canterbury-Bankstown Bulldogs","Jack Todd","Unknown","true","200","Jack Todd (Canterbury-Bankstown Bulldogs) - NRL Stats, News, Contract &amp; Player Profile - Zero Tackle","https://www.zerotackle.com/players/jack-todd/","Player Contracts Player Contracts Team 2026 2027 2028 2029 2030 Canterbury-Bankstown Bulldogs ✔ Stats Jack Todd Phil Gould gives latest on injured Bulldogs duo Ethan Lee Chalk - June 14, 2025 Jack Todd Bulldogs youngster set for surgery on fractured arm Scott Pryde - April 19, 2025 Jack Todd From injury heartbreak to NRL debut: The inspiring journey of Jack... Ethan Lee Chalk - March 31, 2025 Jack Todd Young Bulldogs"
"cby","Canterbury-Bankstown Bulldogs","Jake Turpin","Unknown","true","200","Jake Turpin (Canterbury-Bankstown Bulldogs) - NRL Stats, News, Contract &amp; Player Profile - Zero Tackle","https://www.zerotackle.com/players/jake-turpin/","Player Contracts Player Contracts Team 2026 2027 2028 2029 2030 Canterbury-Bankstown Bulldogs ✔ Stats 2026 Stats Round Opp P T G MINS AR ARM LB LBA TA OL TK MT TB KM 40/20 PE ER TOTALS 6 0 0 0 122 1 4 0 0 0 1 84 8 0 0 0 1 0 1 0 0 0 0 0 0 0 0 0 0 0 0 0 0 0 0 0 3 0 0 0 0 0 0 0 0 0 0 0 0 0 0 0 0 0 6 0 0 0 20 0 0 0 0 0 0 10 3 0 0 0 0 0 7 0 0 0 0 0 0 0 0 0 0 0 0 0 0 0 0 0 8 0 0 0 58 0 0 0 0 0 0 38 0 0 0 0 1 0 9 0 0 0 44 1"
"cby","Canterbury-Bankstown Bulldogs","Jonathan Sua","Unknown","true","200","Jonathan Sua (Canterbury-Bankstown Bulldogs) - NRL Stats, News, Contract &amp; Player Profile - Zero Tackle","https://www.zerotackle.com/players/jonathan-sua/","Player Contracts Player Contracts Team 2026 2027 2028 2029 2030 Canterbury-Bankstown Bulldogs ✔ Stats 2026 Stats Round Opp P T G MINS AR ARM LB LBA TA OL TK MT TB KM 40/20 PE ER TOTALS 7 4 1 0 355 90 811 1 0 0 1 22 9 9 0 0 0 9 4 0 0 0 0 0 0 0 0 0 0 0 0 0 0 0 0 0 7 4 1 0 35 7 79 1 0 0 0 1 0 1 0 0 0 1 8 0 0 0 80 24 251 0 0 0 0 6 1 3 0 0 0 1 9 0 0 0 80 22 183 0 0 0 1 7 3 1 0 0 0 2 10 0 0 0 80 13 132 0 0 0 0 7 5 1 0 0 0 "
"cby","Canterbury-Bankstown Bulldogs","Kade Dykes","Unknown","true","200","Kade Dykes (Canterbury-Bankstown Bulldogs) - NRL Stats, News, Contract &amp; Player Profile - Zero Tackle","https://www.zerotackle.com/players/kade-dykes/","Player Contracts Player Contracts Team 2026 2027 2028 2029 2030 Canterbury-Bankstown Bulldogs ✔ Stats Leo Thompson Contract plays: Will Leo Thompson move the Bulldogs needle? Scott Pryde - December 28, 2025 Canterbury-Bankstown Bulldogs Canterbury Bulldogs team list questions for 2026: Halfback, hooker and young... Scott Pryde - December 23, 2025 NRL Editorial and Opinion The under the radar signing who could become "
"cby","Canterbury-Bankstown Bulldogs","Lipoi Hopoi","Unknown","true","200","Lipoi Hopoi (Canterbury-Bankstown Bulldogs) - NRL Stats, News, Contract &amp; Player Profile - Zero Tackle","https://www.zerotackle.com/players/lipoi-hopoi/","Player Contracts Player Contracts Team 2026 2027 2028 2029 2030 Canterbury-Bankstown Bulldogs ✔ Stats 2026 Stats Round Opp P T G MINS AR ARM LB LBA TA OL TK MT TB KM 40/20 PE ER TOTALS 11 0 0 0 132 22 188 0 0 0 1 68 9 3 0 0 1 0 4 0 0 0 22 3 23 0 0 0 0 11 3 0 0 0 0 0 5 0 0 0 38 7 66 0 0 0 0 15 3 2 0 0 1 0 6 0 0 0 0 0 0 0 0 0 0 0 0 0 0 0 0 0 7 0 0 0 0 0 0 0 0 0 0 0 0 0 0 0 0 0 9 0 0 0 0 0 0 0 0 0 0 0 0 0 0 0 0 0 10 0 0"
"cby","Canterbury-Bankstown Bulldogs","Mitchell Woods","Unknown","true","200","Mitchell Woods (Canterbury-Bankstown Bulldogs) - NRL Stats, News, Contract &amp; Player Profile - Zero Tackle","https://www.zerotackle.com/players/mitchell-woods/","Player Contracts Player Contracts Team 2026 2027 2028 2029 2030 Canterbury-Bankstown Bulldogs ✔ ✔ Stats NRL Editorial and Opinion Forget the hype: Zane Harrison is making a real case to... Magdalena Murdoch - June 22, 2026 Latest NRL News Bulldogs seek expert specialist for young stars troubled hamstrings Leo Twemlow - May 11, 2026 Latest NRL News Injury setbacks continuing on rising Bulldogs star Leo Twemlow - May 1"
"cby","Canterbury-Bankstown Bulldogs","Patrick Young","Unknown","true","200","Patrick Young (Canterbury-Bankstown Bulldogs) - NRL Stats, News, Contract &amp; Player Profile - Zero Tackle","https://www.zerotackle.com/players/patrick-young/","Player Contracts Player Contracts Team 2026 2027 2028 2029 2030 Canterbury-Bankstown Bulldogs ✔ Stats Jonathan Sua Phil Gould confirms rookie duo to join Bulldogs Top 30 roster Ethan Lee Chalk - November 27, 2025 Latest News FULL TIME: Storm vs Titans &#8211; Round 19, 2026 July 12, 2026 FULL TIME: Sea Eagles vs Cowboys &#8211; Round 19, 2026 July 12, 2026 FINAL TEAMS: Storm vs Titans &#8211; Round 19, 2026 July 12, "
"cby","Canterbury-Bankstown Bulldogs","Sean O'Sullivan","Unknown","true","200","Sean O&#039;Sullivan (Canterbury-Bankstown Bulldogs) - NRL Stats, News, Contract &amp; Player Profile - Zero Tackle","https://www.zerotackle.com/players/sean-osullivan/","Player Contracts Player Contracts Team 2026 2027 2028 2029 2030 Canterbury-Bankstown Bulldogs ✔ MO Stats 2026 Stats Round Opp P T G MINS AR ARM LB LBA TA OL TK MT TB KM 40/20 PE ER TOTALS 8 0 0 0 157 20 164 0 3 0 0 53 6 1 312 0 3 1 3 0 0 0 0 0 0 0 0 0 0 0 0 0 0 0 0 0 4 0 0 0 20 5 50 0 0 0 0 9 0 0 41 0 0 0 5 0 0 0 37 1 4 0 0 0 0 17 3 0 76 0 1 0 10 0 0 0 79 7 60 0 1 0 0 19 3 1 195 0 2 1 12 0 0 0 0 0 0 0 0 0 0 0 0 0 0 0"
"cby","Canterbury-Bankstown Bulldogs","Zyon Maiu’u","Unknown","true","200","Zyon Maiu&#039;u (Canterbury-Bankstown Bulldogs) - NRL Stats, News, Contract &amp; Player Profile - Zero Tackle","https://www.zerotackle.com/players/zyon-maiuu/","Player Contracts Player Contracts Team 2026 2027 2028 2029 2030 Canterbury-Bankstown Bulldogs ✔ Stats Latest NRL News Future Bears?: Canterbury Bulldogs duo on the radar of NRL expansion... Ethan Lee Chalk - August 23, 2025 Zyon Maiu'u Canterbury Bulldogs forward linked with exit Ethan Lee Chalk - June 25, 2025 Zyon Maiu'u Reason behind surprise Warriors release revealed Scott Pryde - February 10, 2025 Zyon Maiu'u Yo"
"cro","Cronulla-Sutherland Sharks","Will Kennedy","Fullback","false","404","Page not found - Zero Tackle","https://www.zerotackle.com/players/will-kennedy/",""
"cro","Cronulla-Sutherland Sharks","Sione Katoa","Winger","true","200","Sione Katoa - Zero Tackle","https://www.zerotackle.com/players/sione-katoa/","Player Contracts Player Contracts Team 2026 2027 2028 2029 2030 No current contract Stats Jesse Ramien Cowboys confirm double signing blow on rivals Scott Pryde - May 26, 2026 Latest Rumours Queensland club expected to pursue Sharks winger Kye Ferreira - May 24, 2026 Cronulla Sharks ""Copy and paste Tuesday"" gives way to Sharks shock, likely contract... Scott Pryde - April 22, 2026 Latest NRL News NRL captain set to d"
"cro","Cronulla-Sutherland Sharks","Jesse Ramien","Centre","true","200","Jesse Ramien (Cronulla Sharks) - NRL Stats, News, Contract &amp; Player Profile - Zero Tackle","https://www.zerotackle.com/players/jesse-ramien/","Player Contracts Player Contracts Team 2026 2027 2028 2029 2030 Cronulla Sharks $600K North Queensland Cowboys ✔ ✔ Stats 2026 Stats Round Opp P T G MINS AR ARM LB LBA TA OL TK MT TB KM 40/20 PE ER TOTALS 11 20 5 0 859 158 1461 5 1 2 11 155 20 25 0 0 8 10 1 8 2 0 80 15 149 2 0 1 1 14 1 3 0 0 1 0 2 0 0 0 80 14 128 0 0 0 1 21 0 3 0 0 2 4 3 0 0 0 80 16 143 0 0 0 0 16 1 1 0 0 0 1 4 0 0 0 80 16 170 0 0 0 0 15 2 4 0 0 0 1 5"
"cro","Cronulla-Sutherland Sharks","KL Iro","Centre","false","404","Page not found - Zero Tackle","https://www.zerotackle.com/players/kl-iro/",""
"cro","Cronulla-Sutherland Sharks","Ronaldo Mulitalo","Winger","true","200","Ronaldo Mulitalo (Cronulla Sharks) - NRL Stats, News, Contract &amp; Player Profile - Zero Tackle","https://www.zerotackle.com/players/ronaldo-mulitalo/","Player Contracts Player Contracts Team 2026 2027 2028 2029 2030 Cronulla Sharks ✔ ✔ ✔ Stats 2026 Stats Round Opp P T G MINS AR ARM LB LBA TA OL TK MT TB KM 40/20 PE ER TOTALS 7 24 6 0 559 122 1061 7 1 1 10 29 11 15 35 0 3 7 11 8 2 0 80 20 187 1 0 0 1 1 2 1 0 0 0 1 13 0 0 0 80 14 110 0 0 0 1 3 1 2 0 0 0 1 14 8 2 0 80 20 202 4 1 0 3 1 2 3 35 0 0 1 15 0 0 0 80 18 111 0 0 0 3 3 0 3 0 0 0 0 16 4 1 0 79 17 125 1 0 0 0 10 0"
"cro","Cronulla-Sutherland Sharks","Braydon Trindall","Five-Eighth","true","200","Braydon Trindall (Cronulla Sharks) - NRL Stats, News, Contract &amp; Player Profile - Zero Tackle","https://www.zerotackle.com/players/braydon-trindall/","Player Contracts Player Contracts Team 2026 2027 2028 2029 2030 Cronulla Sharks $650K $650K $650K Stats 2026 Stats Round Opp P T G MINS AR ARM LB LBA TA OL TK MT TB KM 40/20 PE ER TOTALS 16 54 8 10 1280 97 676 6 14 21 7 213 34 14 7412 1 8 15 1 8 2 0 80 6 55 1 2 4 0 6 1 1 375 1 1 2 2 0 0 0 80 11 36 0 0 0 0 10 1 1 467 0 1 1 3 4 1 0 80 9 46 1 0 0 1 17 2 2 444 0 1 0 4 0 0 0 80 8 70 0 2 2 2 12 5 3 440 0 0 1 5 0 0 0 80 9 5"
"cro","Cronulla-Sutherland Sharks","Nicho Hynes","Halfback","true","200","Nicho Hynes (Cronulla Sharks) - NRL Stats, News, Contract &amp; Player Profile - Zero Tackle","https://www.zerotackle.com/players/nicho-hynes/","Player Contracts Player Contracts Team 2026 2027 2028 2029 2030 Cronulla Sharks $1M $1M $1M $1M Stats 2026 Stats Round Opp P T G MINS AR ARM LB LBA TA OL TK MT TB KM 40/20 PE ER TOTALS 13 144 6 60 1040 146 1189 7 18 17 16 288 24 17 2034 0 4 10 1 22 2 7 80 12 101 2 0 0 1 16 0 5 63 0 0 0 2 2 0 1 80 9 60 0 0 0 0 32 1 0 68 0 0 0 3 2 0 1 80 18 117 0 2 1 3 20 2 1 223 0 0 0 4 10 0 5 80 13 107 0 1 2 3 30 5 1 170 0 0 1 5 12 0"
"cro","Cronulla-Sutherland Sharks","Addin Fonua-Blake","Prop","true","200","Addin Fonua-Blake (Cronulla Sharks) - NRL Stats, News, Contract &amp; Player Profile - Zero Tackle","https://www.zerotackle.com/players/addin-fonua-blake/","Player Contracts Player Contracts Team 2026 2027 2028 2029 2030 Cronulla Sharks $1M $1M $1M Stats 2026 Stats Round Opp P T G MINS AR ARM LB LBA TA OL TK MT TB KM 40/20 PE ER TOTALS 17 0 0 0 802 207 2198 1 1 1 12 403 11 41 0 0 2 6 1 0 0 0 53 18 200 0 0 0 1 28 1 3 0 0 0 1 2 0 0 0 54 11 99 0 0 0 0 28 1 1 0 0 0 0 3 0 0 0 59 9 91 0 0 0 0 39 1 2 0 0 0 1 4 0 0 0 52 17 222 0 0 0 0 20 2 3 0 0 0 0 5 0 0 0 49 9 102 0 0 0 1 28 1"
"cro","Cronulla-Sutherland Sharks","Blayke Brailey","Hooker","true","200","Blayke Brailey (Cronulla Sharks) - NRL Stats, News, Contract &amp; Player Profile - Zero Tackle","https://www.zerotackle.com/players/blayke-brailey/","Player Contracts Player Contracts Team 2026 2027 2028 2029 2030 Cronulla Sharks ✔ ✔ ✔ ✔ ✔ Stats 2026 Stats Round Opp P T G MINS AR ARM LB LBA TA OL TK MT TB KM 40/20 PE ER TOTALS 14 4 1 0 968 79 693 2 11 13 10 510 20 12 104 0 8 3 1 0 0 0 80 8 79 0 1 1 1 45 2 2 4 0 2 1 2 0 0 0 80 6 51 0 0 0 0 41 0 1 62 0 0 0 3 0 0 0 80 5 35 0 1 1 3 55 1 1 0 0 2 0 4 0 0 0 80 8 52 0 0 1 0 38 1 1 0 0 0 1 5 0 0 0 80 5 38 0 0 1 0 40 1 1 8 "
"cro","Cronulla-Sutherland Sharks","Tom Hazleton","Prop","true","200","Thomas Hazelton (Cronulla Sharks) - NRL Stats, News, Contract &amp; Player Profile - Zero Tackle","https://www.zerotackle.com/players/thomas-hazelton/","Player Contracts Player Contracts Team 2026 2027 2028 2029 2030 Cronulla Sharks ✔ ✔ ✔ Stats 2026 Stats Round Opp P T G MINS AR ARM LB LBA TA OL TK MT TB KM 40/20 PE ER TOTALS 16 8 2 0 572 151 1357 2 1 0 1 382 14 9 0 0 5 4 1 0 0 0 35 6 52 0 0 0 0 26 0 0 0 0 0 0 2 0 0 0 39 9 59 0 0 0 0 23 2 2 0 0 0 3 3 0 0 0 44 7 56 0 0 0 0 41 1 0 0 0 0 0 4 0 0 0 40 9 99 0 0 0 0 25 0 1 0 0 0 0 5 0 0 0 42 10 87 0 0 0 0 24 1 0 0 0 1 0 6 "
"cro","Cronulla-Sutherland Sharks","Briton Nikora","2nd Row","true","200","Briton Nikora (Cronulla Sharks) - NRL Stats, News, Contract &amp; Player Profile - Zero Tackle","https://www.zerotackle.com/players/briton-nikora/","Player Contracts Player Contracts Team 2026 2027 2028 2029 2030 Cronulla Sharks $600K $600K Stats 2026 Stats Round Opp P T G MINS AR ARM LB LBA TA OL TK MT TB KM 40/20 PE ER TOTALS 14 8 2 0 923 117 852 2 1 0 11 419 33 11 0 0 7 14 1 4 1 0 80 6 48 0 0 0 1 26 3 0 0 0 2 0 2 0 0 0 80 10 56 0 0 0 2 47 0 1 0 0 1 0 3 0 0 0 80 10 61 0 0 0 1 36 1 0 0 0 0 1 5 0 0 0 20 6 49 0 0 0 1 7 0 0 0 0 0 0 6 0 0 0 26 6 45 0 0 0 0 10 0 1 0 "
"cro","Cronulla-Sutherland Sharks","Teig Wilton","2nd Row","true","200","Teig Wilton (Cronulla Sharks) - NRL Stats, News, Contract &amp; Player Profile - Zero Tackle","https://www.zerotackle.com/players/teig-wilton/","Player Contracts Player Contracts Team 2026 2027 2028 2029 2030 Cronulla Sharks ✔ ✔ Stats 2026 Stats Round Opp P T G MINS AR ARM LB LBA TA OL TK MT TB KM 40/20 PE ER TOTALS 14 24 6 0 1060 140 1247 4 0 0 10 461 39 16 0 0 8 5 3 0 0 0 28 4 31 0 0 0 0 15 0 0 0 0 1 0 4 4 1 0 80 10 104 1 0 0 0 28 5 1 0 0 0 0 5 4 1 0 80 9 98 0 0 0 1 36 3 3 0 0 1 1 6 0 0 0 80 10 66 0 0 0 0 43 7 0 0 0 1 0 8 0 0 0 80 8 81 0 0 0 0 32 6 0 0 0 1 "
"cro","Cronulla-Sutherland Sharks","Cameron McInnes","Lock","true","200","Cameron McInnes (Cronulla Sharks) - NRL Stats, News, Contract &amp; Player Profile - Zero Tackle","https://www.zerotackle.com/players/cameron-mcinnes/","Player Contracts Player Contracts Team 2026 2027 2028 2029 2030 Cronulla Sharks ✔ Stats 2026 Stats Round Opp P T G MINS AR ARM LB LBA TA OL TK MT TB KM 40/20 PE ER TOTALS 9 0 0 0 412 88 674 1 0 0 2 305 8 8 0 0 4 2 8 0 0 0 24 4 33 0 0 0 0 15 1 0 0 0 0 0 9 0 0 0 39 5 56 0 0 0 0 27 0 0 0 0 0 0 10 0 0 0 41 9 70 0 0 0 1 30 0 0 0 0 2 0 13 0 0 0 54 17 109 0 0 0 1 44 0 4 0 0 0 0 14 0 0 0 40 7 50 0 0 0 0 29 2 0 0 0 0 0 15 0 0"
"cro","Cronulla-Sutherland Sharks","Billy Burns","Interchange","true","200","Billy Burns (Cronulla Sharks) - NRL Stats, News, Contract &amp; Player Profile - Zero Tackle","https://www.zerotackle.com/players/billy-burns/","Player Contracts Player Contracts Team 2026 2027 2028 2029 2030 Cronulla Sharks ✔ ✔ ✔ Stats 2026 Stats Round Opp P T G MINS AR ARM LB LBA TA OL TK MT TB KM 40/20 PE ER TOTALS 16 16 4 0 1011 137 1181 4 1 2 15 489 57 17 75 0 9 11 1 0 0 0 80 7 66 0 0 0 1 32 4 3 0 0 1 0 2 0 0 0 80 9 60 0 0 0 1 28 6 2 0 0 0 3 3 0 0 0 62 5 76 1 0 0 0 33 5 2 0 0 0 0 4 4 1 0 80 7 74 1 0 0 1 33 7 0 0 0 1 0 5 4 1 0 76 9 84 1 0 0 2 42 2 1 0 0 1"
"cro","Cronulla-Sutherland Sharks","Jesse Colquhoun","Interchange","true","200","Jesse Colquhoun (Cronulla Sharks) - NRL Stats, News, Contract &amp; Player Profile - Zero Tackle","https://www.zerotackle.com/players/jesse-colquhoun/","Player Contracts Player Contracts Team 2026 2027 2028 2029 2030 Cronulla Sharks ✔ ✔ ✔ ✔ ✔ Stats 2026 Stats Round Opp P T G MINS AR ARM LB LBA TA OL TK MT TB KM 40/20 PE ER TOTALS 15 12 3 0 664 187 1607 2 0 0 8 461 11 15 0 0 4 6 1 0 0 0 47 9 76 0 0 0 0 33 0 0 0 0 1 0 2 0 0 0 53 16 116 0 0 0 1 42 1 0 0 0 0 0 3 0 0 0 48 8 67 0 0 0 0 41 1 1 0 0 0 2 4 4 1 0 49 10 95 0 0 0 1 25 2 2 0 0 0 1 5 0 0 0 38 9 81 0 0 0 1 24 2 1 0 "
"cro","Cronulla-Sutherland Sharks","Sifa Talakai","Interchange","true","200","Siosifa Talakai (Cronulla Sharks) - NRL Stats, News, Contract &amp; Player Profile - Zero Tackle","https://www.zerotackle.com/players/siosifa-talakai/","Player Contracts Player Contracts Team 2026 2027 2028 2029 2030 Cronulla Sharks ✔ Perth Bears ✔ ✔ ✔ Stats 2026 Stats Round Opp P T G MINS AR ARM LB LBA TA OL TK MT TB KM 40/20 PE ER TOTALS 16 12 3 0 562 124 1354 2 2 0 3 182 25 29 0 0 1 4 1 0 0 0 30 8 87 0 0 0 0 10 0 0 0 0 0 1 2 0 0 0 19 3 24 0 0 0 0 16 2 0 0 0 0 0 3 0 0 0 27 5 68 0 0 0 0 14 1 1 0 0 0 1 4 0 0 0 22 4 56 0 0 0 0 13 0 0 0 0 0 0 5 4 1 0 43 10 106 1 0 0 0 "
"cro","Cronulla-Sutherland Sharks","Toby Rudolf","Interchange","true","200","Toby Rudolf (Cronulla Sharks) - NRL Stats, News, Contract &amp; Player Profile - Zero Tackle","https://www.zerotackle.com/players/toby-rudolf/","Player Contracts Player Contracts Team 2026 2027 2028 2029 2030 Cronulla Sharks ✔ Stats 2026 Stats Round Opp P T G MINS AR ARM LB LBA TA OL TK MT TB KM 40/20 PE ER TOTALS 13 0 0 0 478 123 1105 1 0 0 6 287 27 16 0 0 2 5 1 0 0 0 26 7 64 0 0 0 0 17 2 0 0 0 0 0 2 0 0 0 29 9 67 0 0 0 0 19 1 0 0 0 0 0 3 0 0 0 31 8 88 0 0 0 1 16 3 3 0 0 0 0 4 0 0 0 38 10 67 0 0 0 1 20 2 1 0 0 1 0 5 0 0 0 38 6 70 1 0 0 0 30 2 1 0 0 1 0 6 0 0"
"cro","Cronulla-Sutherland Sharks","Braden Uele","Unknown","true","200","Braden Uele (Cronulla Sharks) - NRL Stats, News, Contract &amp; Player Profile - Zero Tackle","https://www.zerotackle.com/players/braden-hamlin-uele/","Player Contracts Player Contracts Team 2026 2027 2028 2029 2030 Cronulla Sharks ✔ Stats 2026 Stats Round Opp P T G MINS AR ARM LB LBA TA OL TK MT TB KM 40/20 PE ER TOTALS 5 0 0 0 34 10 92 0 0 0 1 17 2 2 0 0 0 1 1 0 0 0 22 6 62 0 0 0 0 11 1 0 0 0 0 1 2 0 0 0 0 0 0 0 0 0 0 0 0 0 0 0 0 0 3 0 0 0 0 0 0 0 0 0 0 0 0 0 0 0 0 0 4 0 0 0 12 4 30 0 0 0 1 6 1 2 0 0 0 0 11 0 0 0 0 0 0 0 0 0 0 0 0 0 0 0 0 0 Latest NRL News Sharks "
"cro","Cronulla-Sutherland Sharks","Hohepa Puru","Unknown","true","200","Hohepa Puru (Cronulla Sharks) - NRL Stats, News, Contract &amp; Player Profile - Zero Tackle","https://www.zerotackle.com/players/hohepa-puru/","Player Contracts Player Contracts Team 2026 2027 2028 2029 2030 Cronulla Sharks ✔ Stats 2026 Stats Round Opp P T G MINS AR ARM LB LBA TA OL TK MT TB KM 40/20 PE ER TOTALS 14 4 1 0 323 37 278 1 0 0 1 189 11 9 1 0 2 4 1 0 0 0 0 0 0 0 0 0 0 0 0 0 0 0 0 0 2 0 0 0 16 7 41 0 0 0 0 10 0 1 0 0 0 1 4 0 0 0 0 0 0 0 0 0 0 0 0 0 0 0 0 0 5 0 0 0 0 0 0 0 0 0 0 0 0 0 0 0 0 0 8 0 0 0 0 0 0 0 0 0 0 0 0 0 0 0 0 0 9 0 0 0 0 0 0 0 0 0 0"
"cro","Cronulla-Sutherland Sharks","Jayden Berrell","Unknown","true","200","Jayden Berrell (Cronulla Sharks) - NRL Stats, News, Contract &amp; Player Profile - Zero Tackle","https://www.zerotackle.com/players/jayden-berrell/","Player Contracts Player Contracts Team 2026 2027 2028 2029 2030 Cronulla Sharks ✔ Stats 2026 Stats Round Opp P T G MINS AR ARM LB LBA TA OL TK MT TB KM 40/20 PE ER TOTALS 7 0 0 0 107 10 75 0 0 0 0 72 6 3 7 0 2 2 6 0 0 0 0 0 0 0 0 0 0 0 0 0 0 0 0 0 11 0 0 0 30 4 26 0 0 0 0 20 1 2 0 0 0 0 13 0 0 0 0 0 0 0 0 0 0 0 0 0 0 0 0 0 14 0 0 0 31 3 32 0 0 0 0 20 3 0 0 0 0 1 15 0 0 0 31 2 16 0 0 0 0 25 2 1 7 0 1 0 18 0 0 0 15 1 1"
"cro","Cronulla-Sutherland Sharks","Liam Ison","Unknown","true","200","Liam Ison (Cronulla Sharks) - NRL Stats, News, Contract &amp; Player Profile - Zero Tackle","https://www.zerotackle.com/players/liam-ison/","Player Contracts Player Contracts Team 2026 2027 2028 2029 2030 Cronulla Sharks ✔ ✔ Stats Latest NRL News Sharks to face major contract challenges Magdalena Murdoch - February 27, 2026 Cooper Bai SEVEN rookies to watch this NRL season Magdalena Murdoch - February 26, 2026 Liam Ison Sharks youngster reveals what motivated his harrowing injury comeback Isaac Issa - December 16, 2025 Liam Ison Worst fears confirmed for "
"cro","Cronulla-Sutherland Sharks","Mawene Hiroti","Unknown","true","200","Mawene Hiroti (Cronulla Sharks) - NRL Stats, News, Contract &amp; Player Profile - Zero Tackle","https://www.zerotackle.com/players/mawene-hiroti/","Player Contracts Player Contracts Team 2026 2027 2028 2029 2030 Cronulla Sharks ✔ Gold Coast Titans ✔ ✔ Stats 2026 Stats Round Opp P T G MINS AR ARM LB LBA TA OL TK MT TB KM 40/20 PE ER TOTALS 13 10 2 1 480 94 888 4 1 1 0 63 13 9 0 0 0 6 3 0 0 0 0 0 0 0 0 0 0 0 0 0 0 0 0 0 5 0 0 0 0 0 0 0 0 0 0 0 0 0 0 0 0 0 6 4 1 0 80 15 157 1 0 0 0 16 4 0 0 0 0 1 8 0 0 0 80 16 154 2 0 0 0 6 2 1 0 0 0 0 9 0 0 0 80 12 134 0 0 0 0 3 2"
"cro","Cronulla-Sutherland Sharks","Niwhai Puru","Unknown","true","200","Niwhai Puru (Cronulla Sharks) - NRL Stats, News, Contract &amp; Player Profile - Zero Tackle","https://www.zerotackle.com/players/niwhai-puru/","Player Contracts Player Contracts Team 2026 2027 2028 2029 2030 Cronulla Sharks ✔ Stats 2026 Stats Round Opp P T G MINS AR ARM LB LBA TA OL TK MT TB KM 40/20 PE ER TOTALS 3 4 1 0 240 19 178 1 0 1 2 85 10 4 427 0 3 4 13 4 1 0 80 9 102 0 0 0 0 25 2 0 88 0 0 1 14 0 0 0 80 6 52 1 0 1 1 32 6 2 146 0 1 2 15 0 0 0 80 4 24 0 0 0 1 28 2 2 193 0 2 1 Latest NRL News Cronulla Sharks lock in rising star duo for 2026 Ethan Lee Cha"
"cro","Cronulla-Sutherland Sharks","Oregon Kaufusi","Unknown","true","200","Oregon Kaufusi (Cronulla Sharks) - NRL Stats, News, Contract &amp; Player Profile - Zero Tackle","https://www.zerotackle.com/players/oregon-kaufusi/","Player Contracts Player Contracts Team 2026 2027 2028 2029 2030 Cronulla Sharks ✔ ✔ Stats 2026 Stats Round Opp P T G MINS AR ARM LB LBA TA OL TK MT TB KM 40/20 PE ER TOTALS 14 4 1 0 319 74 624 1 1 1 15 178 5 11 0 0 0 1 1 0 0 0 27 7 66 0 0 0 1 14 0 3 0 0 0 0 2 0 0 0 30 5 30 0 0 0 1 21 1 0 0 0 0 0 3 0 0 0 21 6 44 0 0 0 2 12 0 0 0 0 0 1 4 0 0 0 27 4 28 0 0 0 2 20 2 0 0 0 0 0 5 0 0 0 35 6 52 0 0 0 0 24 0 0 0 0 0 0 6 0 0 "
"cro","Cronulla-Sutherland Sharks","Riley Jones","Unknown","true","200","Riley Jones (Cronulla Sharks) - NRL Stats, News, Contract &amp; Player Profile - Zero Tackle","https://www.zerotackle.com/players/riley-jones/","Player Contracts Player Contracts Team 2026 2027 2028 2029 2030 Cronulla Sharks ✔ Stats 2026 Stats Round Opp P T G MINS AR ARM LB LBA TA OL TK MT TB KM 40/20 PE ER TOTALS 5 0 0 0 0 0 0 0 0 0 0 0 0 0 0 0 0 0 6 0 0 0 0 0 0 0 0 0 0 0 0 0 0 0 0 0 8 0 0 0 0 0 0 0 0 0 0 0 0 0 0 0 0 0 9 0 0 0 0 0 0 0 0 0 0 0 0 0 0 0 0 0 10 0 0 0 0 0 0 0 0 0 0 0 0 0 0 0 0 0 13 0 0 0 0 0 0 0 0 0 0 0 0 0 0 0 0 0 Riley Jones Sharks sign versati"
"cro","Cronulla-Sutherland Sharks","Sam Stonestreet","Unknown","false","404","Page not found - Zero Tackle","https://www.zerotackle.com/players/sam-stonestreet/",""
"cro","Cronulla-Sutherland Sharks","Thomas Dellow","Unknown","true","200","Thomas Dellow (Cronulla Sharks) - NRL Stats, News, Contract &amp; Player Profile - Zero Tackle","https://www.zerotackle.com/players/thomas-dellow/","Player Contracts Player Contracts Team 2026 2027 2028 2029 2030 Cronulla Sharks ✔ ✔ Stats Coinbase Dellow's dream: Sharks prospect leading Endeavour's schoolboy charge Ethan Lee Chalk - August 26, 2025 Latest News FULL TIME: Storm vs Titans &#8211; Round 19, 2026 July 12, 2026 FULL TIME: Sea Eagles vs Cowboys &#8211; Round 19, 2026 July 12, 2026 FINAL TEAMS: Storm vs Titans &#8211; Round 19, 2026 July 12, 2026 FULL T"
"cro","Cronulla-Sutherland Sharks","Tuku Hau Tapuha","Unknown","true","200","Tuku Hau Tapuha (Cronulla Sharks) - NRL Stats, News, Contract &amp; Player Profile - Zero Tackle","https://www.zerotackle.com/players/tuku-hau-tapuha/","Player Contracts Player Contracts Team 2026 2027 2028 2029 2030 Cronulla Sharks ✔ Stats 2026 Stats Round Opp P T G MINS AR ARM LB LBA TA OL TK MT TB KM 40/20 PE ER TOTALS 3 0 0 0 33 12 98 0 0 0 1 16 0 1 0 0 0 0 15 0 0 0 0 0 0 0 0 0 0 0 0 0 0 0 0 0 18 0 0 0 19 6 38 0 0 0 1 10 0 0 0 0 0 0 19 0 0 0 14 6 60 0 0 0 0 6 0 1 0 0 0 0 Tuku Hau Tapuha Sharks forward lands extension Ethan Lee Chalk - December 20, 2024 Tuku Hau T"
"dol","Dolphins","Hamiso Tabuai-Fidow","Fullback","true","200","Hamiso Tabuai-Fidow ( Dolphins) - NRL Stats, News, Contract &amp; Player Profile - Zero Tackle","https://www.zerotackle.com/players/hamiso-tabuai-fidow/","Player Contracts Player Contracts Team 2026 2027 2028 2029 2030 Dolphins $950K $950K Stats 2026 Stats Round Opp P T G MINS AR ARM LB LBA TA OL TK MT TB KM 40/20 PE ER TOTALS 15 44 11 0 1195 230 2415 8 12 8 8 124 18 55 5 0 2 20 1 4 1 0 80 8 122 1 0 0 2 9 2 2 0 0 0 0 2 4 1 0 80 24 325 1 0 0 0 7 1 6 0 0 0 2 3 4 1 0 80 15 183 0 2 1 0 5 3 0 0 0 0 0 4 0 0 0 80 19 140 0 1 1 1 8 2 8 0 0 0 3 5 8 2 0 80 18 213 1 1 0 1 10 3 5 0"
"dol","Dolphins","Jamayne Isaako","Winger","true","200","Jamayne Isaako ( Dolphins) - NRL Stats, News, Contract &amp; Player Profile - Zero Tackle","https://www.zerotackle.com/players/jamayne-isaako/","Player Contracts Player Contracts Team 2026 2027 2028 2029 2030 Dolphins ✔ Melbourne Storm ✔ ✔ Stats 2026 Stats Round Opp P T G MINS AR ARM LB LBA TA OL TK MT TB KM 40/20 PE ER TOTALS 17 202 15 71 1365 294 2815 16 1 1 15 80 23 52 33 0 4 19 1 14 1 5 80 15 154 1 0 0 2 3 2 2 0 0 0 2 2 6 0 3 80 14 126 0 0 0 0 6 0 1 0 0 0 1 3 18 1 7 80 21 187 1 0 0 0 5 1 2 13 0 0 0 4 8 1 2 80 24 192 1 1 0 5 5 3 5 0 0 0 1 5 6 0 3 80 17 176"
"dol","Dolphins","Selwyn Cobbo","Centre","true","200","Selwyn Cobbo ( Dolphins) - NRL Stats, News, Contract &amp; Player Profile - Zero Tackle","https://www.zerotackle.com/players/selwyn-cobbo/","Player Contracts Player Contracts Team 2026 2027 2028 2029 2030 Dolphins ✔ ✔ Stats 2026 Stats Round Opp P T G MINS AR ARM LB LBA TA OL TK MT TB KM 40/20 PE ER TOTALS 15 56 14 0 1189 281 2829 17 0 3 7 66 15 66 69 0 3 32 1 0 0 0 80 15 155 1 0 1 1 5 0 2 11 0 1 2 2 0 0 0 80 19 191 0 0 0 0 3 0 3 0 0 0 1 3 4 1 0 80 16 169 1 0 0 1 4 1 6 0 0 0 1 4 0 0 0 80 20 191 0 0 0 3 7 2 3 0 0 0 4 5 0 0 0 78 13 153 1 0 1 0 3 1 2 0 0 0 4 "
"dol","Dolphins","Herbie Farnworth","Centre","true","200","Herbie Farnworth ( Dolphins) - NRL Stats, News, Contract &amp; Player Profile - Zero Tackle","https://www.zerotackle.com/players/herbie-farnworth/","Player Contracts Player Contracts Team 2026 2027 2028 2029 2030 Dolphins $850K ✔ Stats 2026 Stats Round Opp P T G MINS AR ARM LB LBA TA OL TK MT TB KM 40/20 PE ER TOTALS 16 32 8 0 1285 275 2592 10 8 4 51 236 15 106 107 0 0 21 1 4 1 0 80 17 154 0 0 0 2 19 1 2 0 0 0 1 2 0 0 0 80 17 150 0 0 0 6 11 1 5 22 0 0 1 3 0 0 0 80 15 117 2 0 1 4 9 0 4 0 0 0 2 4 0 0 0 80 22 202 0 0 0 4 16 2 10 32 0 0 1 5 4 1 0 80 13 162 0 1 0 3 19"
"dol","Dolphins","Jack Bostock","Winger","true","200","Jack Bostock ( Dolphins) - NRL Stats, News, Contract &amp; Player Profile - Zero Tackle","https://www.zerotackle.com/players/jack-bostock/","Player Contracts Player Contracts Team 2026 2027 2028 2029 2030 Dolphins ✔ ✔ Stats 2026 Stats Round Opp P T G MINS AR ARM LB LBA TA OL TK MT TB KM 40/20 PE ER TOTALS 10 16 4 0 702 156 1349 3 6 7 10 129 17 18 18 0 4 14 9 8 2 0 80 22 188 1 1 0 2 16 1 1 0 0 0 2 10 4 1 0 80 14 184 0 2 1 0 10 1 5 0 0 3 1 11 4 1 0 80 18 158 1 0 0 1 20 5 4 12 0 0 1 12 0 0 0 80 13 131 0 1 1 0 25 3 2 0 0 0 2 14 0 0 0 80 22 186 0 1 2 2 12 0 1 "
"dol","Dolphins","Kodi Nikorima","Five-Eighth","true","200","Kodi Nikorima ( Dolphins) - NRL Stats, News, Contract &amp; Player Profile - Zero Tackle","https://www.zerotackle.com/players/kodi-nikorima/","Player Contracts Player Contracts Team 2026 2027 2028 2029 2030 Dolphins ✔ Stats 2026 Stats Round Opp P T G MINS AR ARM LB LBA TA OL TK MT TB KM 40/20 PE ER TOTALS 14 12 3 0 1076 102 689 3 16 10 11 286 32 13 623 0 5 7 1 0 0 0 80 9 49 0 0 0 2 17 2 1 0 0 0 0 2 0 0 0 80 10 73 0 0 0 0 17 3 2 105 0 1 2 3 0 0 0 80 3 12 0 1 1 2 26 1 0 64 0 0 0 4 0 0 0 80 11 65 0 0 0 3 24 6 2 42 0 0 1 5 0 0 0 80 9 57 0 1 1 1 23 4 0 58 0 1 0 "
"dol","Dolphins","Isaiya Katoa","Halfback","true","200","Isaiya Katoa ( Dolphins) - NRL Stats, News, Contract &amp; Player Profile - Zero Tackle","https://www.zerotackle.com/players/isaiya-katoa/","Player Contracts Player Contracts Team 2026 2027 2028 2029 2030 Dolphins $650K $650K $650K Stats 2026 Stats Round Opp P T G MINS AR ARM LB LBA TA OL TK MT TB KM 40/20 PE ER TOTALS 14 10 2 1 1050 144 1011 1 12 11 5 312 45 9 6429 0 2 9 1 0 0 0 80 9 63 0 2 2 1 21 6 0 366 0 0 1 2 0 0 0 80 10 74 0 0 1 1 20 4 2 422 0 0 0 3 0 0 0 80 9 68 0 2 2 1 25 8 1 605 0 0 2 4 0 0 0 80 14 100 0 1 0 0 20 1 1 375 0 0 0 5 0 0 0 80 6 43 0 0"
"dol","Dolphins","Daniel Saifiti","Prop","true","200","Daniel Saifiti ( Dolphins) - NRL Stats, News, Contract &amp; Player Profile - Zero Tackle","https://www.zerotackle.com/players/daniel-saifiti/","Player Contracts Player Contracts Team 2026 2027 2028 2029 2030 Dolphins $800K Stats Latest NRL News Former Origin enforcer announces medical retirement Leo Twemlow - May 4, 2026 Daniel Saifiti Dolphins forward fighting to avoid medical retirement Scott Pryde - April 29, 2026 Latest NRL News Averillo set for extended sideline stint, Marshall-King's return pushed back again Scott Pryde - April 28, 2026 Daniel Saifiti "
"dol","Dolphins","Jeremy Marshall-King","Hooker","true","200","Jeremy Marshall-King ( Dolphins) - NRL Stats, News, Contract &amp; Player Profile - Zero Tackle","https://www.zerotackle.com/players/jeremy-marshall-king/","Player Contracts Player Contracts Team 2026 2027 2028 2029 2030 Dolphins ✔ ✔ ✔ Stats 2026 Stats Round Opp P T G MINS AR ARM LB LBA TA OL TK MT TB KM 40/20 PE ER TOTALS 9 8 2 0 608 42 395 3 1 0 7 343 21 7 0 0 3 2 10 4 1 0 50 5 38 1 0 0 0 16 0 2 0 0 0 0 11 0 0 0 59 4 36 0 0 0 1 34 3 0 0 0 2 0 12 0 0 0 80 3 28 0 0 0 1 37 3 1 0 0 0 0 14 0 0 0 68 7 68 0 0 0 0 33 0 1 0 0 1 0 15 4 1 0 68 5 52 1 0 0 1 40 3 3 0 0 0 1 16 0 0 0"
"dol","Dolphins","Thomas Flegler","Prop","true","200","Tom Flegler ( Dolphins) - NRL Stats, News, Contract &amp; Player Profile - Zero Tackle","https://www.zerotackle.com/players/thomas-flegler/","Player Contracts Player Contracts Team 2026 2027 2028 2029 2030 Dolphins $900K $900K Stats 2026 Stats Round Opp P T G MINS AR ARM LB LBA TA OL TK MT TB KM 40/20 PE ER TOTALS 15 8 2 0 510 122 1193 2 0 0 10 291 9 23 0 0 11 7 1 0 0 0 43 8 94 0 0 0 0 29 1 3 0 0 2 0 2 0 0 0 22 5 43 0 0 0 1 12 0 1 0 0 0 0 4 0 0 0 36 15 132 0 0 0 4 13 1 1 0 0 0 1 5 0 0 0 43 8 77 0 0 0 2 23 2 0 0 0 3 0 7 0 0 0 42 10 125 0 0 0 0 23 0 2 0 0 1 "
"dol","Dolphins","Felise Kaufusi","2nd Row","true","200","Felise Kaufusi ( Dolphins) - NRL Stats, News, Contract &amp; Player Profile - Zero Tackle","https://www.zerotackle.com/players/felise-kaufusi/","Player Contracts Player Contracts Team 2026 2027 2028 2029 2030 Dolphins ✔ ✔ Stats 2026 Stats Round Opp P T G MINS AR ARM LB LBA TA OL TK MT TB KM 40/20 PE ER TOTALS 17 0 0 0 441 90 816 0 1 1 2 240 15 6 0 0 3 2 1 0 0 0 37 5 60 0 0 0 0 18 0 0 0 0 0 0 2 0 0 0 36 4 51 0 0 0 0 27 0 0 0 0 1 0 3 0 0 0 41 9 69 0 0 0 0 21 2 0 0 0 1 0 4 0 0 0 38 7 66 0 0 0 0 25 2 0 0 0 0 0 5 0 0 0 26 2 26 0 0 0 1 21 1 1 0 0 1 0 7 0 0 0 18 5 5"
"dol","Dolphins","Kulikefu Finefeuiaki","2nd Row","true","200","Kulikefu Finefeuiaki ( Dolphins) - NRL Stats, News, Contract &amp; Player Profile - Zero Tackle","https://www.zerotackle.com/players/kulikefu-finefeuiaki/","Player Contracts Player Contracts Team 2026 2027 2028 2029 2030 Dolphins $625K $625K Stats 2026 Stats Round Opp P T G MINS AR ARM LB LBA TA OL TK MT TB KM 40/20 PE ER TOTALS 17 12 3 0 1260 237 2402 4 1 1 2 579 39 43 0 0 3 10 1 4 1 0 80 13 160 1 0 0 0 30 4 3 0 0 0 1 2 4 1 0 80 20 215 0 1 1 0 34 3 2 0 0 0 2 3 0 0 0 80 19 185 0 0 0 0 33 3 5 0 0 0 0 4 0 0 0 80 20 222 1 0 0 1 36 2 7 0 0 0 0 5 0 0 0 80 8 80 0 0 0 0 39 3 2 "
"dol","Dolphins","Tom Gilbert","Lock","true","200","Tom Gilbert ( Dolphins) - NRL Stats, News, Contract &amp; Player Profile - Zero Tackle","https://www.zerotackle.com/players/tom-gilbert/","Player Contracts Player Contracts Team 2026 2027 2028 2029 2030 Dolphins ✔ ✔ ✔ Stats 2026 Stats Round Opp P T G MINS AR ARM LB LBA TA OL TK MT TB KM 40/20 PE ER TOTALS 16 0 0 0 669 178 1682 1 0 0 1 521 35 15 21 0 7 6 1 0 0 0 36 7 77 0 0 0 0 28 1 1 0 0 1 1 2 0 0 0 44 14 135 0 0 0 0 43 0 2 0 0 0 0 3 0 0 0 55 19 174 0 0 0 0 32 0 0 0 0 0 0 4 0 0 0 52 14 131 0 0 0 0 37 7 1 0 0 1 1 5 0 0 0 45 7 55 0 0 0 0 33 1 0 0 0 0 0 7 "
"dol","Dolphins","Kurt Donoghoe","Interchange","true","200","Kurt Donoghoe ( Dolphins) - NRL Stats, News, Contract &amp; Player Profile - Zero Tackle","https://www.zerotackle.com/players/kurt-donoghoe/","Player Contracts Player Contracts Team 2026 2027 2028 2029 2030 Dolphins ✔ ✔ ✔ Stats 2026 Stats Round Opp P T G MINS AR ARM LB LBA TA OL TK MT TB KM 40/20 PE ER TOTALS 10 8 2 0 458 82 708 2 2 2 0 284 28 15 50 0 2 6 5 0 0 0 29 1 9 0 0 0 0 14 4 0 0 0 0 0 9 0 0 0 26 8 71 0 0 0 0 17 1 0 31 0 0 0 11 0 0 0 48 4 26 0 0 0 0 29 2 0 19 0 1 0 12 0 0 0 51 9 86 0 0 0 0 33 2 0 0 0 0 2 14 4 1 0 49 8 72 1 1 1 0 27 1 6 0 0 0 0 15 0 0"
"dol","Dolphins","Connelly Lemuelu","Interchange","true","200","Connelly Lemuelu ( Dolphins) - NRL Stats, News, Contract &amp; Player Profile - Zero Tackle","https://www.zerotackle.com/players/connelly-lemuelu/","Player Contracts Player Contracts Team 2026 2027 2028 2029 2030 Dolphins ✔ ✔ Stats 2026 Stats Round Opp P T G MINS AR ARM LB LBA TA OL TK MT TB KM 40/20 PE ER TOTALS 17 12 3 0 1360 188 1774 6 2 3 12 594 36 38 0 0 7 16 1 0 0 0 80 13 120 0 1 0 2 35 1 3 0 0 0 2 2 0 0 0 80 10 109 0 0 0 1 35 1 3 0 0 0 2 3 4 1 0 80 10 81 1 0 0 0 42 0 1 0 0 0 0 4 0 0 0 80 9 88 0 0 0 1 41 2 6 0 0 2 1 5 0 0 0 80 4 32 0 0 0 2 36 7 1 0 0 1 2 7 "
"dol","Dolphins","Max Plath","Interchange","true","200","Max Plath ( Dolphins) - NRL Stats, News, Contract &amp; Player Profile - Zero Tackle","https://www.zerotackle.com/players/max-plath/","Player Contracts Player Contracts Team 2026 2027 2028 2029 2030 Dolphins ✔ ✔ ✔ Stats 2026 Stats Round Opp P T G MINS AR ARM LB LBA TA OL TK MT TB KM 40/20 PE ER TOTALS 15 4 1 0 910 132 1137 2 2 2 1 544 30 26 0 0 4 5 2 0 0 0 42 3 30 0 0 0 0 38 0 0 0 0 0 1 3 0 0 0 61 10 78 0 0 0 0 27 2 0 0 0 0 1 4 0 0 0 74 8 72 0 0 0 0 44 7 2 0 0 0 0 5 0 0 0 64 3 22 0 0 0 0 45 2 1 0 0 0 1 7 0 0 0 76 7 63 0 0 0 0 57 4 2 0 0 0 0 8 0 0 0 "
"dol","Dolphins","Morgan Knowles","Interchange","true","200","Morgan Knowles ( Dolphins) - NRL Stats, News, Contract &amp; Player Profile - Zero Tackle","https://www.zerotackle.com/players/morgan-knowles/","Player Contracts Player Contracts Team 2026 2027 2028 2029 2030 Dolphins ✔ ✔ Stats 2026 Stats Round Opp P T G MINS AR ARM LB LBA TA OL TK MT TB KM 40/20 PE ER TOTALS 16 4 1 0 814 133 1172 2 0 0 4 553 57 4 0 0 11 7 1 0 0 0 67 7 59 0 0 0 1 51 4 0 0 0 1 2 2 0 0 0 51 5 47 0 0 0 0 38 2 0 0 0 1 1 3 0 0 0 68 12 94 0 0 0 1 42 6 0 0 0 0 0 4 0 0 0 56 11 100 0 0 0 0 40 5 0 0 0 0 1 5 0 0 0 50 8 59 0 0 0 0 44 3 0 0 0 3 0 7 0 0 0 "
"dol","Dolphins","Jake Averillo","Unknown","true","200","Jake Averillo ( Dolphins) - NRL Stats, News, Contract &amp; Player Profile - Zero Tackle","https://www.zerotackle.com/players/jake-averillo/","Player Contracts Player Contracts Team 2026 2027 2028 2029 2030 Dolphins $400K Wests Tigers ✔ ✔ ✔ ✔ Stats 2026 Stats Round Opp P T G MINS AR ARM LB LBA TA OL TK MT TB KM 40/20 PE ER TOTALS 9 24 6 0 701 126 1461 7 3 4 7 123 13 20 63 0 3 5 1 4 1 0 71 8 164 0 0 0 0 18 1 0 24 0 1 1 2 4 1 0 80 16 168 1 0 0 0 9 1 4 0 0 0 0 3 8 2 0 80 20 200 1 0 0 0 15 2 3 0 0 0 0 4 4 1 0 80 22 265 1 0 0 2 12 1 5 10 0 0 0 5 0 0 0 80 11 178 "
"dol","Dolphins","Brad Schneider","Unknown","true","200","Brad Schneider ( Dolphins) - NRL Stats, News, Contract &amp; Player Profile - Zero Tackle","https://www.zerotackle.com/players/brad-schneider/","Player Contracts Player Contracts Team 2026 2027 2028 2029 2030 Dolphins ✔ Stats 2026 Stats Round Opp P T G MINS AR ARM LB LBA TA OL TK MT TB KM 40/20 PE ER TOTALS 15 8 2 0 706 76 568 1 5 4 2 259 25 13 2025 0 3 6 1 0 0 0 68 2 31 0 0 0 0 45 4 0 0 0 0 1 2 0 0 0 53 4 30 0 0 0 1 37 3 0 0 0 1 1 3 0 0 0 33 2 15 0 0 0 0 18 0 1 0 0 0 0 4 0 0 0 6 0 0 0 0 0 0 4 1 0 0 0 0 0 5 0 0 0 0 0 0 0 0 0 0 0 0 0 0 0 0 0 7 0 0 0 59 6 38 0 "
"dol","Dolphins","Brian Pouniu","Unknown","true","200","Brian Pouniu ( Dolphins) - NRL Stats, News, Contract &amp; Player Profile - Zero Tackle","https://www.zerotackle.com/players/brian-pouniu/","Player Contracts Player Contracts Team 2026 2027 2028 2029 2030 Dolphins ✔ Stats 2026 Stats Round Opp P T G MINS AR ARM LB LBA TA OL TK MT TB KM 40/20 PE ER TOTALS 8 0 0 0 80 10 75 0 2 0 0 8 0 0 0 0 0 1 2 0 0 0 0 0 0 0 0 0 0 0 0 0 0 0 0 0 3 0 0 0 0 0 0 0 0 0 0 0 0 0 0 0 0 0 8 0 0 0 0 0 0 0 0 0 0 0 0 0 0 0 0 0 12 0 0 0 80 10 75 0 2 0 0 8 0 0 0 0 0 1 15 0 0 0 0 0 0 0 0 0 0 0 0 0 0 0 0 0 16 0 0 0 0 0 0 0 0 0 0 0 0 0 0 0"
"dol","Dolphins","Elijah Rasmussen","Unknown","true","200","Elijah Rasmussen ( Dolphins) - NRL Stats, News, Contract &amp; Player Profile - Zero Tackle","https://www.zerotackle.com/players/elijah-rasmussen/","Player Contracts Player Contracts Team 2026 2027 2028 2029 2030 Dolphins ✔ ✔ Stats Elijah Rasmussen Dolphins confirm development list for 2025 Ethan Lee Chalk - November 19, 2024 Elijah Rasmussen Exciting young prop inks three-year contract with Dolphins Ethan Lee Chalk - May 23, 2024 Latest NRL News & Rugby League Updates Dolphins sign young Kiwi bopper for 2023 Jack Blyth - November 30, 2022 Latest News FULL TIME: "
"dol","Dolphins","Francis Molo","Unknown","true","200","Francis Molo ( Dolphins) - NRL Stats, News, Contract &amp; Player Profile - Zero Tackle","https://www.zerotackle.com/players/francis-molo/","Player Contracts Player Contracts Team 2026 2027 2028 2029 2030 Dolphins ✔ ✔ ✔ Stats 2026 Stats Round Opp P T G MINS AR ARM LB LBA TA OL TK MT TB KM 40/20 PE ER TOTALS 13 0 0 0 440 113 1062 1 0 0 6 284 11 7 0 0 0 2 4 0 0 0 24 7 77 0 0 0 1 15 0 2 0 0 0 1 5 0 0 0 42 5 46 0 0 0 1 32 3 0 0 0 0 0 7 0 0 0 25 7 56 0 0 0 0 21 2 0 0 0 0 1 8 0 0 0 35 9 97 0 0 0 0 22 0 1 0 0 0 0 9 0 0 0 23 8 73 0 0 0 0 13 0 1 0 0 0 0 10 0 0 0 2"
"dol","Dolphins","LJ Nonu","Unknown","true","200","LJ Nonu ( Dolphins) - NRL Stats, News, Contract &amp; Player Profile - Zero Tackle","https://www.zerotackle.com/players/lj-nonu/","Player Contracts Player Contracts Team 2026 2027 2028 2029 2030 Dolphins ✔ ✔ Stats Latest NRL News Averillo set for extended sideline stint, Marshall-King's return pushed back again Scott Pryde - April 28, 2026 Tevita Naufahu Dolphins hand contract upgrades to talented young trio Ethan Lee Chalk - July 25, 2025 LJ Nonu Queensland announce team for U19s Men's State of Origin match Ethan Lee Chalk - June 12, 2024 Lates"
"dol","Dolphins","Oryn Keeley","Unknown","true","200","Oryn Keeley (Melbourne Storm) - NRL Stats, News, Contract &amp; Player Profile - Zero Tackle","https://www.zerotackle.com/players/oryn-keeley/","Player Contracts Player Contracts Team 2026 2027 2028 2029 2030 Melbourne Storm ✔ ✔ ✔ Stats 2026 Stats Round Opp P T G MINS AR ARM LB LBA TA OL TK MT TB KM 40/20 PE ER TOTALS 11 0 0 0 262 59 542 2 0 1 2 141 18 8 0 0 0 4 1 0 0 0 35 8 96 0 0 0 1 29 4 0 0 0 0 0 2 0 0 0 36 10 66 0 0 0 0 22 3 0 0 0 0 0 3 0 0 0 25 10 77 0 0 0 1 16 0 2 0 0 0 0 4 0 0 0 0 0 0 0 0 0 0 0 0 0 0 0 0 0 7 0 0 0 0 0 0 0 0 0 0 0 0 0 0 0 0 0 9 0 0 0 0"
"dol","Dolphins","Ray Stone","Unknown","true","200","Ray Stone ( Dolphins) - NRL Stats, News, Contract &amp; Player Profile - Zero Tackle","https://www.zerotackle.com/players/ray-stone/","Player Contracts Player Contracts Team 2026 2027 2028 2029 2030 Dolphins ✔ Stats 2026 Stats Round Opp P T G MINS AR ARM LB LBA TA OL TK MT TB KM 40/20 PE ER TOTALS 14 4 1 0 488 93 899 1 1 1 0 316 19 12 0 0 2 4 2 0 0 0 36 5 45 0 0 0 0 28 3 1 0 0 0 0 3 0 0 0 37 7 55 0 0 0 0 23 4 0 0 0 0 0 4 0 0 0 34 8 87 0 0 0 0 22 2 0 0 0 0 0 5 0 0 0 13 2 16 0 0 0 0 6 0 2 0 0 0 0 7 0 0 0 42 10 112 0 0 0 0 22 0 1 0 0 2 0 8 0 0 0 45 3 2"
"dol","Dolphins","Sebastian Su’a","Unknown","true","200","Sebastian Su&#039;a ( Dolphins) - NRL Stats, News, Contract &amp; Player Profile - Zero Tackle","https://www.zerotackle.com/players/sebastian-sua/","Player Contracts Player Contracts Team 2026 2027 2028 2029 2030 Dolphins ✔ ✔ Stats 2026 Stats Round Opp P T G MINS AR ARM LB LBA TA OL TK MT TB KM 40/20 PE ER TOTALS 5 0 0 0 31 5 33 0 0 0 0 19 3 0 0 0 0 0 1 0 0 0 0 0 0 0 0 0 0 0 0 0 0 0 0 0 3 0 0 0 0 0 0 0 0 0 0 0 0 0 0 0 0 0 15 0 0 0 0 0 0 0 0 0 0 0 0 0 0 0 0 0 18 0 0 0 31 5 33 0 0 0 0 19 3 0 0 0 0 0 19 0 0 0 0 0 0 0 0 0 0 0 0 0 0 0 0 0 Sebastian Su'a Dolphin joins "
"dol","Dolphins","Tevita Naufahu","Unknown","true","200","Tevita Naufahu ( Dolphins) - NRL Stats, News, Contract &amp; Player Profile - Zero Tackle","https://www.zerotackle.com/players/tevita-naufahu/","Player Contracts Player Contracts Team 2026 2027 2028 2029 2030 Dolphins ✔ ✔ Stats 2026 Stats Round Opp P T G MINS AR ARM LB LBA TA OL TK MT TB KM 40/20 PE ER TOTALS 10 12 3 0 415 103 1075 9 0 1 1 22 4 31 66 0 0 6 8 0 0 0 15 4 19 0 0 0 0 0 0 0 0 0 0 0 9 0 0 0 0 0 0 0 0 0 0 0 0 0 0 0 0 0 10 0 0 0 0 0 0 0 0 0 0 0 0 0 0 0 0 0 11 0 0 0 0 0 0 0 0 0 0 0 0 0 0 0 0 0 12 4 1 0 80 16 195 3 0 0 0 3 0 6 29 0 0 1 15 4 1 0 80 23 2"
"dol","Dolphins","Trai Fuller","Unknown","true","200","Trai Fuller ( Dolphins) - NRL Stats, News, Contract &amp; Player Profile - Zero Tackle","https://www.zerotackle.com/players/trai-fuller/","Player Contracts Player Contracts Team 2026 2027 2028 2029 2030 Dolphins ✔ ✔ Stats 2026 Stats Round Opp P T G MINS AR ARM LB LBA TA OL TK MT TB KM 40/20 PE ER TOTALS 12 8 2 0 489 138 1307 1 3 2 7 54 12 36 40 0 1 7 1 0 0 0 9 4 47 0 0 0 0 1 1 0 0 0 0 0 2 0 0 0 0 0 0 0 0 0 0 0 0 0 0 0 0 0 3 0 0 0 0 0 0 0 0 0 0 0 0 0 0 0 0 0 4 0 0 0 0 0 0 0 0 0 0 0 0 0 0 0 0 0 5 0 0 0 0 0 0 0 0 0 0 0 0 0 0 0 0 0 7 0 0 0 0 0 0 0 0 0 0 0 0"
"gld","Gold Coast Titans","Keano Kini","Fullback","true","200","Keano Kini (Gold Coast Titans) - NRL Stats, News, Contract &amp; Player Profile - Zero Tackle","https://www.zerotackle.com/players/keano-kini/","Player Contracts Player Contracts Team 2026 2027 2028 2029 2030 Gold Coast Titans ✔ ✔ ✔ ✔ ✔ Stats 2026 Stats Round Opp P T G MINS AR ARM LB LBA TA OL TK MT TB KM 40/20 PE ER TOTALS 16 12 3 0 1275 379 3231 15 9 9 41 59 41 75 152 0 0 30 1 0 0 0 80 17 100 0 1 1 2 7 3 4 0 0 0 0 2 0 0 0 80 21 187 0 1 0 3 5 2 3 9 0 0 3 3 0 0 0 80 22 179 1 1 0 3 6 2 6 0 0 0 4 4 0 0 0 80 23 152 0 1 0 4 1 1 3 0 0 0 3 5 0 0 0 80 22 199 1 0 0 1"
"gld","Gold Coast Titans","Jaylan De Groot","Winger","true","200","Jaylan De Groot (Gold Coast Titans) - NRL Stats, News, Contract &amp; Player Profile - Zero Tackle","https://www.zerotackle.com/players/jaylan-de-groot/","Player Contracts Player Contracts Team 2026 2027 2028 2029 2030 Gold Coast Titans ✔ ✔ Stats 2026 Stats Round Opp P T G MINS AR ARM LB LBA TA OL TK MT TB KM 40/20 PE ER TOTALS 11 0 0 0 320 36 300 0 1 0 2 44 7 4 8 0 1 3 6 0 0 0 0 0 0 0 0 0 0 0 0 0 0 0 0 0 7 0 0 0 80 9 85 0 0 0 0 9 2 2 0 0 0 1 9 0 0 0 0 0 0 0 0 0 0 0 0 0 0 0 0 0 10 0 0 0 0 0 0 0 0 0 0 0 0 0 0 0 0 0 11 0 0 0 0 0 0 0 0 0 0 0 0 0 0 0 0 0 12 0 0 0 80 11 86 "
"gld","Gold Coast Titans","Jojo Fifita","Centre","true","200","Jojo Fifita (Gold Coast Titans) - NRL Stats, News, Contract &amp; Player Profile - Zero Tackle","https://www.zerotackle.com/players/jojo-fifita/","Player Contracts Player Contracts Team 2026 2027 2028 2029 2030 Gold Coast Titans ✔ ✔ Stats 2026 Stats Round Opp P T G MINS AR ARM LB LBA TA OL TK MT TB KM 40/20 PE ER TOTALS 17 28 7 0 1360 209 2084 6 2 2 8 266 39 39 31 0 1 17 1 0 0 0 80 9 74 0 0 0 2 13 3 0 0 0 0 0 2 4 1 0 80 10 108 1 0 0 0 12 3 1 0 0 0 1 3 0 0 0 80 6 59 1 0 0 1 18 3 1 0 0 0 1 4 0 0 0 80 9 113 1 0 0 1 14 1 5 0 0 0 2 5 8 2 0 80 10 177 0 0 0 0 23 2 5 0"
"gld","Gold Coast Titans","Phillip Sami","Centre","true","200","Phillip Sami (Gold Coast Titans) - NRL Stats, News, Contract &amp; Player Profile - Zero Tackle","https://www.zerotackle.com/players/phillip-sami/","Player Contracts Player Contracts Team 2026 2027 2028 2029 2030 Gold Coast Titans ✔ St George Illawarra Dragons ✔ ✔ ✔ Stats 2026 Stats Round Opp P T G MINS AR ARM LB LBA TA OL TK MT TB KM 40/20 PE ER TOTALS 16 44 11 0 1280 364 3428 10 0 1 11 62 13 56 55 0 7 30 1 0 0 0 80 11 102 0 0 0 0 2 1 3 0 0 0 0 2 0 0 0 80 21 179 0 0 0 0 4 2 3 0 0 1 4 3 0 0 0 80 20 186 1 0 0 0 8 0 4 0 0 1 0 4 4 1 0 80 18 237 0 0 0 1 3 0 3 0 0 0 1"
"gld","Gold Coast Titans","Max Feagai","Winger","true","200","Max Feagai (Gold Coast Titans) - NRL Stats, News, Contract &amp; Player Profile - Zero Tackle","https://www.zerotackle.com/players/max-feagai/","Player Contracts Player Contracts Team 2026 2027 2028 2029 2030 Gold Coast Titans ✔ ✔ Stats 2026 Stats Round Opp P T G MINS AR ARM LB LBA TA OL TK MT TB KM 40/20 PE ER TOTALS 6 0 0 0 240 24 206 0 0 0 0 52 5 4 0 0 0 0 1 0 0 0 80 7 68 0 0 0 0 12 2 1 0 0 0 0 2 0 0 0 80 12 82 0 0 0 0 16 2 2 0 0 0 0 3 0 0 0 80 5 56 0 0 0 0 24 1 1 0 0 0 0 4 0 0 0 0 0 0 0 0 0 0 0 0 0 0 0 0 0 5 0 0 0 0 0 0 0 0 0 0 0 0 0 0 0 0 0 15 0 0 0 0 0 "
"gld","Gold Coast Titans","AJ Brimson","Five-Eighth","false","404","Page not found - Zero Tackle","https://www.zerotackle.com/players/aj-brimson/",""
"gld","Gold Coast Titans","Jayden Campbell","Halfback","true","200","Jayden Campbell (Gold Coast Titans) - NRL Stats, News, Contract &amp; Player Profile - Zero Tackle","https://www.zerotackle.com/players/jayden-campbell/","Player Contracts Player Contracts Team 2026 2027 2028 2029 2030 Gold Coast Titans $700K ✔ ✔ ✔ ✔ Stats 2026 Stats Round Opp P T G MINS AR ARM LB LBA TA OL TK MT TB KM 40/20 PE ER TOTALS 14 110 8 39 1115 139 1640 8 9 6 12 266 49 29 4856 0 2 12 3 12 2 2 75 6 164 2 0 0 0 19 2 3 325 0 0 0 4 8 0 4 80 7 59 0 2 2 1 23 1 1 443 0 0 0 5 4 0 2 80 12 102 1 0 1 2 19 4 1 325 0 0 0 6 24 2 8 80 9 205 1 1 0 0 18 2 1 419 0 0 1 7 4 0 2 "
"gld","Gold Coast Titans","Moeaki Fotuaika","Prop","true","200","Moeaki Fotuaika (Gold Coast Titans) - NRL Stats, News, Contract &amp; Player Profile - Zero Tackle","https://www.zerotackle.com/players/moeaki-fotuaika/","Player Contracts Player Contracts Team 2026 2027 2028 2029 2030 Gold Coast Titans $750K $750K Stats 2026 Stats Round Opp P T G MINS AR ARM LB LBA TA OL TK MT TB KM 40/20 PE ER TOTALS 16 4 1 0 749 161 1542 1 2 0 6 465 24 20 0 0 6 5 1 0 0 0 45 11 103 0 0 0 0 27 1 3 0 0 0 0 2 0 0 0 38 9 108 0 0 0 0 20 1 0 0 0 0 1 3 0 0 0 39 9 68 0 1 0 1 23 1 0 0 0 0 3 4 0 0 0 39 10 104 0 0 0 0 25 1 1 0 0 1 0 5 0 0 0 38 7 70 0 0 0 0 26 0"
"gld","Gold Coast Titans","Sam Verrills","Hooker","true","200","Sam Verrills (Gold Coast Titans) - NRL Stats, News, Contract &amp; Player Profile - Zero Tackle","https://www.zerotackle.com/players/sam-verrills/","Player Contracts Player Contracts Team 2026 2027 2028 2029 2030 Gold Coast Titans ✔ Stats 2026 Stats Round Opp P T G MINS AR ARM LB LBA TA OL TK MT TB KM 40/20 PE ER TOTALS 12 4 1 0 503 20 139 1 2 2 1 283 17 1 0 0 5 1 1 4 1 0 62 6 36 1 0 0 0 39 5 1 0 0 0 0 2 0 0 0 52 2 17 0 1 1 0 27 0 0 0 0 1 0 3 0 0 0 72 0 0 0 1 1 0 37 0 0 0 0 1 0 4 0 0 0 55 3 26 0 0 0 0 40 0 0 0 0 2 0 5 0 0 0 58 0 0 0 0 0 0 34 1 0 0 0 0 0 6 0 0 0 3"
"gld","Gold Coast Titans","Tino Fa’asuamaleaui","Prop","true","200","Tino Fa&#039;asuamaleaui (Gold Coast Titans) - NRL Stats, News, Contract &amp; Player Profile - Zero Tackle","https://www.zerotackle.com/players/tino-faasuamaleaui/","Player Contracts Player Contracts Team 2026 2027 2028 2029 2030 Gold Coast Titans $1.2M $1.2M $1.2M $1.2M $1.2M Stats 2026 Stats Round Opp P T G MINS AR ARM LB LBA TA OL TK MT TB KM 40/20 PE ER TOTALS 16 0 0 0 868 227 2034 0 4 2 13 499 41 20 0 0 4 12 1 0 0 0 49 12 90 0 0 0 1 27 2 0 0 0 0 1 2 0 0 0 46 12 103 0 0 0 0 27 4 1 0 0 0 0 3 0 0 0 48 9 87 0 0 0 0 27 1 2 0 0 1 1 4 0 0 0 49 13 132 0 0 0 0 26 0 0 0 0 1 2 5 0 0 0 "
"gld","Gold Coast Titans","Klese Haas","2nd Row","true","200","Klese Haas (Gold Coast Titans) - NRL Stats, News, Contract &amp; Player Profile - Zero Tackle","https://www.zerotackle.com/players/klese-haas/","Player Contracts Player Contracts Team 2026 2027 2028 2029 2030 Gold Coast Titans ✔ ✔ ✔ ✔ Stats 2026 Stats Round Opp P T G MINS AR ARM LB LBA TA OL TK MT TB KM 40/20 PE ER TOTALS 15 0 0 0 543 117 1002 0 0 0 19 360 13 19 0 0 4 2 1 0 0 0 29 5 44 0 0 0 0 19 2 0 0 0 0 0 2 0 0 0 35 12 115 0 0 0 2 22 1 2 0 0 0 0 3 0 0 0 29 7 54 0 0 0 0 22 0 1 0 0 0 0 4 0 0 0 41 8 77 0 0 0 1 28 1 0 0 0 1 0 5 0 0 0 37 12 123 0 0 0 2 18 0 3 0"
"gld","Gold Coast Titans","Beau Fermor","2nd Row","true","200","Beau Fermor (Gold Coast Titans) - NRL Stats, News, Contract &amp; Player Profile - Zero Tackle","https://www.zerotackle.com/players/beau-fermor/","Player Contracts Player Contracts Team 2026 2027 2028 2029 2030 Gold Coast Titans ✔ ✔ ✔ ✔ Stats 2026 Stats Round Opp P T G MINS AR ARM LB LBA TA OL TK MT TB KM 40/20 PE ER TOTALS 16 4 1 0 1265 226 1946 3 4 0 13 558 44 30 21 0 3 18 1 0 0 0 80 8 70 0 0 0 0 40 4 1 0 0 0 0 2 0 0 0 80 10 84 0 0 0 0 46 2 2 10 0 0 1 3 0 0 0 80 10 80 0 0 0 0 42 4 1 0 0 0 1 4 0 0 0 80 15 127 0 0 0 1 31 3 0 0 0 2 2 5 0 0 0 80 15 156 0 0 0 1 30"
"gld","Gold Coast Titans","Chris Randall","Lock","true","200","Chris Randall (Gold Coast Titans) - NRL Stats, News, Contract &amp; Player Profile - Zero Tackle","https://www.zerotackle.com/players/chris-randall/","Player Contracts Player Contracts Team 2026 2027 2028 2029 2030 Gold Coast Titans ✔ ✔ Stats 2026 Stats Round Opp P T G MINS AR ARM LB LBA TA OL TK MT TB KM 40/20 PE ER TOTALS 13 4 1 0 607 92 779 1 0 0 0 387 16 13 35 0 6 2 1 0 0 0 49 6 47 0 0 0 0 28 1 0 0 0 2 0 2 0 0 0 53 8 61 0 0 0 0 39 1 0 35 0 0 0 3 0 0 0 54 6 32 0 0 0 0 34 1 3 0 0 1 0 4 0 0 0 44 7 74 0 0 0 0 29 0 0 0 0 0 0 5 0 0 0 51 13 131 0 0 0 0 26 4 0 0 0 0 0 "
"gld","Gold Coast Titans","Luke Sommerton","Interchange","true","200","Luke Sommerton (Gold Coast Titans) - NRL Stats, News, Contract &amp; Player Profile - Zero Tackle","https://www.zerotackle.com/players/luke-sommerton/","Player Contracts Player Contracts Team 2026 2027 2028 2029 2030 Gold Coast Titans ✔ ✔ Stats 2026 Stats Round Opp P T G MINS AR ARM LB LBA TA OL TK MT TB KM 40/20 PE ER TOTALS 6 0 0 0 53 7 47 0 0 0 0 34 2 2 0 0 1 0 1 0 0 0 0 0 0 0 0 0 0 0 0 0 0 0 0 0 2 0 0 0 28 2 6 0 0 0 0 16 1 0 0 0 1 0 11 0 0 0 12 2 17 0 0 0 0 9 1 2 0 0 0 0 12 0 0 0 13 3 24 0 0 0 0 9 0 0 0 0 0 0 14 0 0 0 0 0 0 0 0 0 0 0 0 0 0 0 0 0 15 0 0 0 0 0 0 0 "
"gld","Gold Coast Titans","Jaimin Joliffe","Interchange","true","200","Jaimin Jolliffe (Gold Coast Titans) - NRL Stats, News, Contract &amp; Player Profile - Zero Tackle","https://www.zerotackle.com/players/jaimin-jolliffe/","Player Contracts Player Contracts Team 2026 2027 2028 2029 2030 Gold Coast Titans ✔ Stats Latest NRL News Titans monitoring returning Bulldogs enforcer Leo Twemlow - April 2, 2026 Latest NRL News Titans forward suffers season-ending injury Isaac Issa - January 23, 2026 Latest NRL News NRL club step up contract talks with veteran forward Ethan Lee Chalk - December 14, 2025 Perth Bears Four new players on Bears list of"
"gld","Gold Coast Titans","Kurtis Morrin","Interchange","true","200","Kurtis Morrin (Gold Coast Titans) - NRL Stats, News, Contract &amp; Player Profile - Zero Tackle","https://www.zerotackle.com/players/kurtis-morrin/","Player Contracts Player Contracts Team 2026 2027 2028 2029 2030 Gold Coast Titans ✔ ✔ ✔ ✔ Stats 2026 Stats Round Opp P T G MINS AR ARM LB LBA TA OL TK MT TB KM 40/20 PE ER TOTALS 16 24 6 0 657 144 1185 5 0 1 6 371 45 31 0 0 3 13 1 0 0 0 27 6 41 0 0 0 0 15 0 0 0 0 0 2 2 0 0 0 42 7 58 0 0 1 0 23 2 1 0 0 0 0 3 4 1 0 39 7 61 1 0 0 0 22 5 1 0 0 1 0 4 0 0 0 36 8 65 0 0 0 1 21 5 3 0 0 0 1 5 0 0 0 29 8 71 0 0 0 0 15 2 3 0 0 "
"gld","Gold Coast Titans","Cooper Bai","Interchange","true","200","Cooper Bai (Gold Coast Titans) - NRL Stats, News, Contract &amp; Player Profile - Zero Tackle","https://www.zerotackle.com/players/cooper-bai/","Player Contracts Player Contracts Team 2026 2027 2028 2029 2030 Gold Coast Titans ✔ ✔ Stats 2026 Stats Round Opp P T G MINS AR ARM LB LBA TA OL TK MT TB KM 40/20 PE ER TOTALS 15 8 2 0 478 118 1048 5 2 1 8 299 27 12 0 0 1 4 1 0 0 0 28 6 51 0 0 0 1 13 4 2 0 0 0 0 2 4 1 0 26 11 96 1 0 0 0 11 0 0 0 0 0 0 3 0 0 0 21 7 64 0 0 0 0 11 0 1 0 0 0 0 4 0 0 0 31 9 81 0 0 0 1 21 1 0 0 0 1 0 5 0 0 0 35 6 55 0 0 0 0 26 1 0 0 0 0 0 6"
"gld","Gold Coast Titans","Adam Christensen","Unknown","true","200","Adam Christensen (Gold Coast Titans) - NRL Stats, News, Contract &amp; Player Profile - Zero Tackle","https://www.zerotackle.com/players/adam-christensen/","Player Contracts Player Contracts Team 2026 2027 2028 2029 2030 Gold Coast Titans ✔ ✔ Stats 2026 Stats Round Opp P T G MINS AR ARM LB LBA TA OL TK MT TB KM 40/20 PE ER TOTALS 5 0 0 0 21 3 29 0 0 0 0 6 0 1 0 0 0 0 6 0 0 0 21 3 29 0 0 0 0 6 0 1 0 0 0 0 7 0 0 0 0 0 0 0 0 0 0 0 0 0 0 0 0 0 12 0 0 0 0 0 0 0 0 0 0 0 0 0 0 0 0 0 15 0 0 0 0 0 0 0 0 0 0 0 0 0 0 0 0 0 16 0 0 0 0 0 0 0 0 0 0 0 0 0 0 0 0 0 No posts to display La"
"gld","Gold Coast Titans","Allan Fitzgibbon","Unknown","true","200","Allan Fitzgibbon (Gold Coast Titans) - NRL Stats, News, Contract &amp; Player Profile - Zero Tackle","https://www.zerotackle.com/players/allan-fitzgibbon/","Player Contracts Player Contracts Team 2026 2027 2028 2029 2030 Gold Coast Titans ? Stats No posts to display Latest News FULL TIME: Storm vs Titans &#8211; Round 19, 2026 July 12, 2026 FULL TIME: Sea Eagles vs Cowboys &#8211; Round 19, 2026 July 12, 2026 FINAL TEAMS: Storm vs Titans &#8211; Round 19, 2026 July 12, 2026 FULL TIME: Rabbitohs vs Knights &#8211; Round 19, 2026 July 12, 2026 Bronson Xerri reveals why he "
"gld","Gold Coast Titans","Arama Hau","Unknown","true","200","Arama Hau (Gold Coast Titans) - NRL Stats, News, Contract &amp; Player Profile - Zero Tackle","https://www.zerotackle.com/players/arama-hau/","Player Contracts Player Contracts Team 2026 2027 2028 2029 2030 Gold Coast Titans ✔ ✔ ✔ Stats 2026 Stats Round Opp P T G MINS AR ARM LB LBA TA OL TK MT TB KM 40/20 PE ER TOTALS 16 24 6 0 1099 114 1017 7 3 0 13 483 52 40 4 0 4 10 1 0 0 0 80 11 65 0 1 0 1 31 3 2 0 0 0 1 2 0 0 0 80 12 108 0 0 0 2 29 7 2 0 0 1 0 3 0 0 0 80 6 38 0 1 0 2 43 4 1 0 0 0 0 4 8 2 0 80 11 166 2 0 0 0 33 1 7 0 0 0 1 5 0 0 0 80 11 85 0 0 0 1 29 1 "
"gld","Gold Coast Titans","Brock Gray","Unknown","true","200","Brock Gray (Gold Coast Titans) - NRL Stats, News, Contract &amp; Player Profile - Zero Tackle","https://www.zerotackle.com/players/brock-gray/","Player Contracts Player Contracts Team 2026 2027 2028 2029 2030 Gold Coast Titans ✔ ✔ Stats Brock Gray Titans extend ""hungry"" prop on two-year deal Isaac Issa - November 28, 2025 Brock Gray Titans rookie ruled out for season with knee injury Scott Pryde - April 30, 2025 Brock Gray Staggering 20 charges confirmed with 7 suspended: NRL judiciary wrap, Round... Scott Pryde - April 30, 2025 Brock Gray Edwards learns fate"
"gld","Gold Coast Titans","Jensen Taumoepeau","Unknown","true","200","Jensen Taumoepeau (Gold Coast Titans) - NRL Stats, News, Contract &amp; Player Profile - Zero Tackle","https://www.zerotackle.com/players/jensen-taumoepeau/","Player Contracts Player Contracts Team 2026 2027 2028 2029 2030 Gold Coast Titans ✔ ✔ Stats 2026 Stats Round Opp P T G MINS AR ARM LB LBA TA OL TK MT TB KM 40/20 PE ER TOTALS 7 0 0 0 472 102 870 2 0 0 1 18 3 14 32 0 0 6 2 0 0 0 0 0 0 0 0 0 0 0 0 0 0 0 0 0 10 0 0 0 80 14 139 1 0 0 0 3 0 1 32 0 0 1 11 0 0 0 80 15 111 0 0 0 0 2 0 4 0 0 0 0 12 0 0 0 80 25 232 1 0 0 1 1 0 2 0 0 0 2 14 0 0 0 80 14 121 0 0 0 0 5 1 2 0 0 0 1"
"gld","Gold Coast Titans","Jett Liu","Unknown","true","200","Jett Liu (Gold Coast Titans) - NRL Stats, News, Contract &amp; Player Profile - Zero Tackle","https://www.zerotackle.com/players/jett-liu/","Player Contracts Player Contracts Team 2026 2027 2028 2029 2030 Gold Coast Titans ✔ Stats 2026 Stats Round Opp P T G MINS AR ARM LB LBA TA OL TK MT TB KM 40/20 PE ER TOTALS 5 0 0 0 32 6 53 0 0 0 1 19 1 0 0 0 0 0 4 0 0 0 0 0 0 0 0 0 0 0 0 0 0 0 0 0 5 0 0 0 0 0 0 0 0 0 0 0 0 0 0 0 0 0 15 0 0 0 21 5 45 0 0 0 1 7 1 0 0 0 0 0 16 0 0 0 11 1 8 0 0 0 0 12 0 0 0 0 0 0 17 0 0 0 0 0 0 0 0 0 0 0 0 0 0 0 0 0 Latest NRL News Rooki"
"gld","Gold Coast Titans","Josh Patson","Unknown","true","200","Josh Patston (Gold Coast Titans) - NRL Stats, News, Contract &amp; Player Profile - Zero Tackle","https://www.zerotackle.com/players/josh-patston/","Player Contracts Player Contracts Team 2026 2027 2028 2029 2030 Gold Coast Titans ✔ ✔ Stats 2026 Stats Round Opp P T G MINS AR ARM LB LBA TA OL TK MT TB KM 40/20 PE ER TOTALS 11 0 0 0 210 36 330 0 0 0 6 159 7 6 0 0 2 1 3 0 0 0 0 0 0 0 0 0 0 0 0 0 0 0 0 0 7 0 0 0 24 4 41 0 0 0 1 19 0 1 0 0 0 1 9 0 0 0 0 0 0 0 0 0 0 0 0 0 0 0 0 0 10 0 0 0 21 3 32 0 0 0 0 14 0 0 0 0 0 0 11 0 0 0 0 0 0 0 0 0 0 0 0 0 0 0 0 0 12 0 0 0 23 6"
"gld","Gold Coast Titans","Lachlan Ilias","Unknown","true","200","Lachlan Ilias (Gold Coast Titans) - NRL Stats, News, Contract &amp; Player Profile - Zero Tackle","https://www.zerotackle.com/players/lachlan-ilias/","Player Contracts Player Contracts Team 2026 2027 2028 2029 2030 Gold Coast Titans ✔ ✔ Stats 2026 Stats Round Opp P T G MINS AR ARM LB LBA TA OL TK MT TB KM 40/20 PE ER TOTALS 10 8 0 4 565 57 425 1 2 1 4 157 19 5 1445 0 5 12 1 2 0 1 80 9 78 1 0 0 0 24 3 0 244 0 2 3 2 6 0 3 80 7 59 0 0 0 0 12 2 1 724 0 1 1 3 0 0 0 5 2 11 0 0 0 0 5 0 0 0 0 0 1 4 0 0 0 80 6 49 0 0 0 1 20 3 2 88 0 1 1 5 0 0 0 80 14 77 0 0 0 1 23 2 0 110 0"
"gld","Gold Coast Titans","Siale Faeamani","Unknown","true","200","Siale Faeamani (Gold Coast Titans) - NRL Stats, News, Contract &amp; Player Profile - Zero Tackle","https://www.zerotackle.com/players/siale-faeamani/","Player Contracts Player Contracts Team 2026 2027 2028 2029 2030 Gold Coast Titans ✔ Stats 2026 Stats Round Opp P T G MINS AR ARM LB LBA TA OL TK MT TB KM 40/20 PE ER TOTALS 8 16 4 0 640 125 1172 3 1 1 3 25 8 34 0 0 1 7 1 4 1 0 80 14 152 1 0 0 0 0 0 4 0 0 0 2 2 0 0 0 80 17 150 0 0 0 0 2 0 7 0 0 0 0 3 0 0 0 80 11 103 0 0 0 0 6 1 5 0 0 0 1 4 0 0 0 80 14 123 0 0 0 0 6 1 1 0 0 0 0 5 0 0 0 80 16 186 0 0 0 0 0 1 5 0 0 0 0 6"
"gld","Gold Coast Titans","Tuki Simpkins","Unknown","true","200","Tukimihia Simpkins (Gold Coast Titans) - NRL Stats, News, Contract &amp; Player Profile - Zero Tackle","https://www.zerotackle.com/players/tukimihia-simpkins/","Player Contracts Player Contracts Team 2026 2027 2028 2029 2030 Gold Coast Titans ✔ Stats 2026 Stats Round Opp P T G MINS AR ARM LB LBA TA OL TK MT TB KM 40/20 PE ER TOTALS 3 0 0 0 47 10 71 0 0 0 0 39 2 1 0 0 1 1 1 0 0 0 31 6 40 0 0 0 0 27 1 0 0 0 0 0 2 0 0 0 0 0 0 0 0 0 0 0 0 0 0 0 0 0 3 0 0 0 16 4 31 0 0 0 0 12 1 1 0 0 1 1 Latest NRL News Titans skipper Tino among four players charged by MRC Kye Ferreira - March 8,"
"gld","Gold Coast Titans","Tony Francis","Unknown","true","200","Tony Francis (Gold Coast Titans) - NRL Stats, News, Contract &amp; Player Profile - Zero Tackle","https://www.zerotackle.com/players/tony-francis/","Player Contracts Player Contracts Team 2026 2027 2028 2029 2030 Gold Coast Titans ✔ ✔ Stats Sam Verrills Titans make Sam Verrills call ahead of Dolphins clash Kye Ferreira - March 10, 2026 Tony Francis Titans back, Dolphins half charged by MRC Scott Pryde - February 13, 2026 Tony Francis Off-contract Titans winger lands new contract Ethan Lee Chalk - August 23, 2025 Tony Francis Titans provide update on Fifita, revea"
"gld","Gold Coast Titans","Zane Harrison","Unknown","true","200","Zane Harrison (Gold Coast Titans) - NRL Stats, News, Contract &amp; Player Profile - Zero Tackle","https://www.zerotackle.com/players/zane-harrison/","Player Contracts Player Contracts Team 2026 2027 2028 2029 2030 Gold Coast Titans ✔ ✔ Stats 2026 Stats Round Opp P T G MINS AR ARM LB LBA TA OL TK MT TB KM 40/20 PE ER TOTALS 11 1 0 0 640 72 470 1 6 5 1 183 18 5 2328 0 1 5 1 0 0 0 0 0 0 0 0 0 0 0 0 0 0 0 0 0 6 0 0 0 0 0 0 0 0 0 0 0 0 0 0 0 0 0 7 0 0 0 0 0 0 0 0 0 0 0 0 0 0 0 0 0 10 0 0 0 80 9 66 0 1 0 1 25 3 0 461 0 0 0 11 0 0 0 80 9 59 0 0 0 0 21 4 1 120 0 0 0 12 0 "
"man","Manly Warringah Sea Eagles","Tom Trbojevic","Fullback","true","200","Tom Trbojevic (Manly Sea Eagles) - NRL Stats, News, Contract &amp; Player Profile - Zero Tackle","https://www.zerotackle.com/players/tom-trbojevic/","Player Contracts Player Contracts Team 2026 2027 2028 2029 2030 Manly Sea Eagles $1.3M $900K Stats 2026 Stats Round Opp P T G MINS AR ARM LB LBA TA OL TK MT TB KM 40/20 PE ER TOTALS 10 24 6 0 698 199 1716 5 8 7 16 28 8 34 69 0 1 10 1 4 1 0 82 19 193 1 1 2 1 4 1 5 0 0 0 1 2 4 1 0 80 20 166 1 1 1 4 1 2 4 19 0 0 3 4 8 2 0 80 24 215 0 1 0 0 1 1 4 25 0 0 1 5 4 1 0 47 15 134 0 1 1 2 1 0 2 0 0 0 0 6 4 1 0 80 24 195 1 1 1 1 "
"man","Manly Warringah Sea Eagles","Jason Saab","Winger","true","200","Jason Saab (Manly Sea Eagles) - NRL Stats, News, Contract &amp; Player Profile - Zero Tackle","https://www.zerotackle.com/players/jason-saab/","Player Contracts Player Contracts Team 2026 2027 2028 2029 2030 Manly Sea Eagles ✔ ✔ ✔ ✔ Stats 2026 Stats Round Opp P T G MINS AR ARM LB LBA TA OL TK MT TB KM 40/20 PE ER TOTALS 16 40 10 0 1279 230 2150 12 2 2 1 74 16 25 64 0 2 23 1 0 0 0 82 15 154 0 0 0 0 5 0 1 0 0 0 1 2 0 0 0 80 8 54 0 0 0 0 7 2 0 0 0 0 2 4 0 0 0 72 15 165 1 0 1 0 6 1 2 0 0 1 1 6 0 0 0 80 15 94 0 1 1 0 5 1 1 0 0 0 0 7 0 0 0 80 12 135 0 0 0 0 2 0 1 "
"man","Manly Warringah Sea Eagles","Tolutau Koula","Centre","true","200","Tolutau Koula (Manly Sea Eagles) - NRL Stats, News, Contract &amp; Player Profile - Zero Tackle","https://www.zerotackle.com/players/tolutau-koula/","Player Contracts Player Contracts Team 2026 2027 2028 2029 2030 Manly Sea Eagles ✔ ✔ ✔ ✔ ✔ Stats 2026 Stats Round Opp P T G MINS AR ARM LB LBA TA OL TK MT TB KM 40/20 PE ER TOTALS 17 24 6 0 1292 247 2779 13 11 9 10 140 24 73 114 0 7 19 1 4 1 0 82 16 201 2 1 0 2 14 1 7 0 0 0 2 2 0 0 0 80 13 138 0 0 0 0 5 5 0 45 0 1 1 4 4 1 0 80 14 242 2 0 1 0 16 3 5 0 0 1 1 5 4 1 0 80 12 155 2 1 1 1 9 1 8 45 0 1 0 6 0 0 0 80 15 144 0 "
"man","Manly Warringah Sea Eagles","Reuben Garrick","Centre","true","200","Reuben Garrick (Manly Sea Eagles) - NRL Stats, News, Contract &amp; Player Profile - Zero Tackle","https://www.zerotackle.com/players/reuben-garrick/","Player Contracts Player Contracts Team 2026 2027 2028 2029 2030 Manly Sea Eagles ✔ Sydney Roosters ✔ ✔ ✔ Stats 2026 Stats Round Opp P T G MINS AR ARM LB LBA TA OL TK MT TB KM 40/20 PE ER TOTALS 16 74 6 25 1259 239 2103 8 7 2 22 210 28 36 82 0 7 24 1 2 0 1 82 11 90 0 0 0 1 10 3 3 0 0 0 1 2 0 0 0 80 9 132 0 0 0 0 14 1 3 0 0 0 2 4 0 0 0 80 17 125 0 1 0 0 19 3 1 19 0 0 1 5 4 1 0 80 17 146 1 0 0 4 7 2 3 0 0 1 1 6 8 2 0 80"
"man","Manly Warringah Sea Eagles","Lehi Hopoate","Winger","true","200","Lehi Hopoate (Manly Sea Eagles) - NRL Stats, News, Contract &amp; Player Profile - Zero Tackle","https://www.zerotackle.com/players/lehi-hopoate/","Player Contracts Player Contracts Team 2026 2027 2028 2029 2030 Manly Sea Eagles ✔ ✔ Stats 2026 Stats Round Opp P T G MINS AR ARM LB LBA TA OL TK MT TB KM 40/20 PE ER TOTALS 16 56 14 0 1274 268 2589 18 3 2 11 113 32 39 18 0 7 16 1 0 0 0 82 16 144 1 0 0 1 2 4 6 0 0 0 0 2 0 0 0 80 13 129 0 0 0 0 6 2 1 0 0 1 2 4 0 0 0 80 25 255 1 0 0 2 7 1 6 0 0 0 3 5 8 2 0 80 19 228 2 0 0 1 6 3 2 14 0 0 1 6 4 1 0 80 15 121 1 0 0 1 12 3"
"man","Manly Warringah Sea Eagles","Luke Brooks","Five-Eighth","true","200","Luke Brooks (Manly Sea Eagles) - NRL Stats, News, Contract &amp; Player Profile - Zero Tackle","https://www.zerotackle.com/players/luke-brooks/","Player Contracts Player Contracts Team 2026 2027 2028 2029 2030 Manly Sea Eagles $650K $650K Stats 2026 Stats Round Opp P T G MINS AR ARM LB LBA TA OL TK MT TB KM 40/20 PE ER TOTALS 15 8 2 0 1166 144 1209 3 8 7 9 311 56 26 2784 0 2 17 1 0 0 0 82 7 17 0 1 1 0 21 6 1 219 0 0 0 2 0 0 0 80 13 155 1 0 0 0 22 4 4 88 0 0 2 4 0 0 0 80 11 96 0 0 0 0 30 6 2 196 0 0 2 5 4 1 0 80 9 68 0 0 0 0 12 2 0 87 0 0 0 6 0 0 0 80 10 133 0 "
"man","Manly Warringah Sea Eagles","Jamal Fogarty","Halfback","true","200","Jamal Fogarty (Manly Sea Eagles) - NRL Stats, News, Contract &amp; Player Profile - Zero Tackle","https://www.zerotackle.com/players/jamal-fogarty/","Player Contracts Player Contracts Team 2026 2027 2028 2029 2030 Manly Sea Eagles $650K $650K $650K Stats 2026 Stats Round Opp P T G MINS AR ARM LB LBA TA OL TK MT TB KM 40/20 PE ER TOTALS 15 99 4 41 1204 102 780 4 6 14 2 315 44 13 7064 3 3 6 1 14 1 5 82 3 18 0 0 1 0 20 6 0 343 0 0 1 2 8 1 2 80 5 60 1 0 0 0 22 5 2 393 0 0 1 4 4 0 2 80 8 72 0 0 0 0 29 2 1 338 0 0 0 5 16 0 8 80 5 39 0 1 2 0 9 2 0 286 0 0 0 6 8 0 4 80 7 "
"man","Manly Warringah Sea Eagles","Taniela Paseka","Prop","true","200","Taniela Paseka (Manly Sea Eagles) - NRL Stats, News, Contract &amp; Player Profile - Zero Tackle","https://www.zerotackle.com/players/taniela-paseka/","Player Contracts Player Contracts Team 2026 2027 2028 2029 2030 Manly Sea Eagles $725K $725K $725K $725K Stats 2026 Stats Round Opp P T G MINS AR ARM LB LBA TA OL TK MT TB KM 40/20 PE ER TOTALS 17 8 2 0 857 234 2317 2 1 0 16 427 26 34 0 0 3 3 1 0 0 0 55 18 150 0 0 0 1 30 2 2 0 0 0 0 2 0 0 0 55 9 108 0 0 0 1 30 4 1 0 0 0 0 4 0 0 0 58 6 81 0 0 0 0 32 4 2 0 0 0 0 5 0 0 0 40 17 201 0 0 0 1 16 1 2 0 0 0 0 6 0 0 0 54 15 14"
"man","Manly Warringah Sea Eagles","Jake Simpkin","Hooker","true","200","Jake Simpkin (Manly Sea Eagles) - NRL Stats, News, Contract &amp; Player Profile - Zero Tackle","https://www.zerotackle.com/players/jake-simpkin/","Player Contracts Player Contracts Team 2026 2027 2028 2029 2030 Manly Sea Eagles ✔ ✔ ✔ Stats 2026 Stats Round Opp P T G MINS AR ARM LB LBA TA OL TK MT TB KM 40/20 PE ER TOTALS 17 0 0 0 1020 50 452 1 5 4 2 625 52 8 1 0 3 3 1 0 0 0 82 2 12 0 0 0 0 63 5 0 0 0 0 1 2 0 0 0 51 2 25 0 0 0 0 33 5 0 0 0 0 0 4 0 0 0 56 3 38 0 0 0 0 41 3 1 0 0 1 0 5 0 0 0 49 2 17 0 1 1 0 17 0 1 0 0 0 0 6 0 0 0 54 1 13 0 1 1 0 41 3 1 0 0 0 1 7 0"
"man","Manly Warringah Sea Eagles","Kobe Hetherington","Prop","true","200","Kobe Hetherington (Manly Sea Eagles) - NRL Stats, News, Contract &amp; Player Profile - Zero Tackle","https://www.zerotackle.com/players/kobe-hetherington/","Player Contracts Player Contracts Team 2026 2027 2028 2029 2030 Manly Sea Eagles ✔ ✔ ✔ ✔ Stats 2026 Stats Round Opp P T G MINS AR ARM LB LBA TA OL TK MT TB KM 40/20 PE ER TOTALS 15 4 1 0 618 135 1198 3 1 0 1 357 21 19 0 0 2 4 1 0 0 0 36 6 40 0 0 0 0 33 4 3 0 0 0 0 2 0 0 0 43 10 87 0 0 0 0 21 3 0 0 0 1 0 4 0 0 0 73 9 86 0 0 0 0 53 1 2 0 0 0 0 5 0 0 0 47 11 113 0 0 0 0 17 1 2 0 0 1 1 6 4 1 0 43 15 127 1 0 0 0 21 3 4 0 "
"man","Manly Warringah Sea Eagles","Haumole Olakau'atu","2nd Row","true","200","Haumole Olakau&#039;atu (Manly Sea Eagles) - NRL Stats, News, Contract &amp; Player Profile - Zero Tackle","https://www.zerotackle.com/players/haumole-olakauatu/","Player Contracts Player Contracts Team 2026 2027 2028 2029 2030 Manly Sea Eagles $850K $850K $850K $850K $850K Stats 2026 Stats Round Opp P T G MINS AR ARM LB LBA TA OL TK MT TB KM 40/20 PE ER TOTALS 16 28 7 0 1164 254 2557 10 3 5 11 371 22 91 12 0 7 22 1 4 1 0 77 12 115 0 0 0 1 23 2 7 0 0 1 0 2 4 1 0 80 7 67 1 0 0 0 28 3 3 0 0 0 2 4 0 0 0 80 10 98 0 0 0 1 39 1 3 0 0 1 2 5 4 1 0 68 24 272 2 1 2 0 6 1 8 0 0 0 2 6 0 0 "
"man","Manly Warringah Sea Eagles","Ben Trbojevic","2nd Row","true","200","Ben Trbojevic (Manly Sea Eagles) - NRL Stats, News, Contract &amp; Player Profile - Zero Tackle","https://www.zerotackle.com/players/ben-trbojevic/","Player Contracts Player Contracts Team 2026 2027 2028 2029 2030 Manly Sea Eagles ✔ ✔ Stats 2026 Stats Round Opp P T G MINS AR ARM LB LBA TA OL TK MT TB KM 40/20 PE ER TOTALS 17 20 5 0 1274 225 2034 7 5 3 25 473 32 30 90 0 13 11 1 0 0 0 82 11 101 0 0 0 1 35 4 0 0 0 0 0 2 0 0 0 80 14 138 0 0 0 3 26 3 1 0 0 0 0 4 0 0 0 80 13 136 0 0 0 1 39 4 3 0 0 0 1 5 4 1 0 80 16 161 1 2 1 3 24 1 5 21 0 0 0 6 0 0 0 80 13 98 0 0 0 0 35"
"man","Manly Warringah Sea Eagles","Jake Trbojevic","Lock","true","200","Jake Trbojevic (Manly Sea Eagles) - NRL Stats, News, Contract &amp; Player Profile - Zero Tackle","https://www.zerotackle.com/players/jake-trbojevic/","Player Contracts Player Contracts Team 2026 2027 2028 2029 2030 Manly Sea Eagles $1.1M ✔ Stats 2026 Stats Round Opp P T G MINS AR ARM LB LBA TA OL TK MT TB KM 40/20 PE ER TOTALS 17 4 1 0 1054 117 942 0 0 0 2 568 23 9 0 0 5 3 1 0 0 0 60 7 51 0 0 0 0 38 4 0 0 0 2 1 2 0 0 0 66 3 23 0 0 0 0 43 3 0 0 0 0 0 4 0 0 0 46 2 17 0 0 0 0 23 0 0 0 0 0 0 5 0 0 0 63 8 81 0 0 0 0 31 1 0 0 0 0 0 6 0 0 0 28 3 19 0 0 0 0 21 0 0 0 0 0 0 "
"man","Manly Warringah Sea Eagles","Siosiua Taukeiaho","Interchange","true","200","Siosiua Taukeiaho (Manly Sea Eagles) - NRL Stats, News, Contract &amp; Player Profile - Zero Tackle","https://www.zerotackle.com/players/siosiua-taukeiaho/","Player Contracts Player Contracts Team 2026 2027 2028 2029 2030 Manly Sea Eagles ✔ Stats 2026 Stats Round Opp P T G MINS AR ARM LB LBA TA OL TK MT TB KM 40/20 PE ER TOTALS 5 4 1 0 160 66 569 1 0 0 2 73 6 4 0 0 1 1 1 0 0 0 14 8 46 0 0 0 0 3 0 0 0 0 0 0 7 0 0 0 28 13 139 0 0 0 0 14 4 0 0 0 0 0 8 0 0 0 37 16 130 0 0 0 1 14 0 0 0 0 0 0 9 0 0 0 52 17 130 0 0 0 1 33 2 1 0 0 0 1 10 4 1 0 29 12 124 1 0 0 0 9 0 3 0 0 1 0 Late"
"man","Manly Warringah Sea Eagles","Nathan Brown","Interchange","true","200","Nathan Brown (Manly Sea Eagles) - NRL Stats, News, Contract &amp; Player Profile - Zero Tackle","https://www.zerotackle.com/players/nathan-brown/","Player Contracts Player Contracts Team 2026 2027 2028 2029 2030 Manly Sea Eagles ✔ Stats 2026 Stats Round Opp P T G MINS AR ARM LB LBA TA OL TK MT TB KM 40/20 PE ER TOTALS 12 0 0 0 429 146 1199 1 2 1 1 210 25 12 0 0 3 5 1 0 0 0 22 3 25 0 0 0 0 18 4 0 0 0 2 0 2 0 0 0 14 3 28 0 0 0 0 9 0 0 0 0 0 0 9 0 0 0 29 8 63 0 0 0 0 14 1 1 0 0 0 1 10 0 0 0 30 12 106 0 1 1 0 14 1 1 0 0 0 0 11 0 0 0 43 14 124 0 0 0 0 21 3 1 0 0 0 0 "
"man","Manly Warringah Sea Eagles","Ethan Bullemor","Interchange","true","200","Ethan Bullemor (Manly Sea Eagles) - NRL Stats, News, Contract &amp; Player Profile - Zero Tackle","https://www.zerotackle.com/players/ethan-bullemor/","Player Contracts Player Contracts Team 2026 2027 2028 2029 2030 Manly Sea Eagles ✔ ✔ ✔ ✔ Stats 2026 Stats Round Opp P T G MINS AR ARM LB LBA TA OL TK MT TB KM 40/20 PE ER TOTALS 16 4 1 0 522 130 1146 1 0 0 3 272 5 14 0 0 1 3 1 0 0 0 39 7 54 0 0 0 0 28 1 1 0 0 0 0 2 0 0 0 37 7 57 0 0 0 0 28 0 0 0 0 0 0 4 0 0 0 0 0 0 0 0 0 0 0 0 0 0 0 0 0 5 0 0 0 33 12 96 0 0 0 0 13 0 4 0 0 0 0 6 0 0 0 38 9 76 0 0 0 1 29 0 0 0 0 0 0 7 "
"man","Manly Warringah Sea Eagles","Joey Walsh","Interchange","true","200","Joey Walsh (Manly Sea Eagles) - NRL Stats, News, Contract &amp; Player Profile - Zero Tackle","https://www.zerotackle.com/players/joey-walsh/","Player Contracts Player Contracts Team 2026 2027 2028 2029 2030 Manly Sea Eagles ✔ ✔ ✔ ✔ Stats 2026 Stats Round Opp P T G MINS AR ARM LB LBA TA OL TK MT TB KM 40/20 PE ER TOTALS 11 8 2 0 362 57 408 2 3 0 6 118 14 10 539 1 2 6 1 0 0 0 0 0 0 0 0 0 0 0 0 0 0 0 0 0 9 0 0 0 80 9 70 0 1 0 1 31 4 1 186 0 0 0 10 4 1 0 80 16 105 1 1 0 1 20 1 1 134 1 1 2 11 0 0 0 0 0 0 0 0 0 0 0 0 0 0 0 0 0 12 0 0 0 0 0 0 0 0 0 0 0 0 0 0 0 0 0"
"man","Manly Warringah Sea Eagles","Aaron Schoupp","Unknown","true","200","Aaron Schoupp (Manly Sea Eagles) - NRL Stats, News, Contract &amp; Player Profile - Zero Tackle","https://www.zerotackle.com/players/aaron-schoupp/","Player Contracts Player Contracts Team 2026 2027 2028 2029 2030 Manly Sea Eagles ✔ Stats 2026 Stats Round Opp P T G MINS AR ARM LB LBA TA OL TK MT TB KM 40/20 PE ER TOTALS 2 0 0 0 21 5 52 0 1 0 1 7 0 1 0 0 0 0 17 0 0 0 21 5 52 0 1 0 1 7 0 1 0 0 0 0 18 0 0 0 0 0 0 0 0 0 0 0 0 0 0 0 0 0 Latest NRL News Schoupp reveals career plans after Manly deal Isaac Issa - January 7, 2026 Anthony Seibold Manly edge backs Seibold am"
"man","Manly Warringah Sea Eagles","Blake Wilson","Unknown","true","200","Blake Wilson (Manly Sea Eagles) - NRL Stats, News, Contract &amp; Player Profile - Zero Tackle","https://www.zerotackle.com/players/blake-wilson/","Player Contracts Player Contracts Team 2026 2027 2028 2029 2030 Manly Sea Eagles ✔ ✔ Stats 2026 Stats Round Opp P T G MINS AR ARM LB LBA TA OL TK MT TB KM 40/20 PE ER TOTALS 6 4 1 0 96 18 169 1 0 0 0 8 3 2 0 0 0 3 9 0 0 0 0 0 0 0 0 0 0 0 0 0 0 0 0 0 10 0 0 0 0 0 0 0 0 0 0 0 0 0 0 0 0 0 11 0 0 0 16 5 50 0 0 0 0 0 0 1 0 0 0 0 12 4 1 0 80 13 119 1 0 0 0 8 3 1 0 0 0 3 13 0 0 0 0 0 0 0 0 0 0 0 0 0 0 0 0 0 17 0 0 0 0 0 0 0"
"man","Manly Warringah Sea Eagles","Caleb Navale","Unknown","true","200","Caleb Navale (Manly Sea Eagles) - NRL Stats, News, Contract &amp; Player Profile - Zero Tackle","https://www.zerotackle.com/players/caleb-navale/","Player Contracts Player Contracts Team 2026 2027 2028 2029 2030 Manly Sea Eagles ✔ ✔ Stats Caleb Navale Manly forward suffers horror injury blow at training Scott Pryde - February 11, 2026 Caleb Navale Young Sea Eagles forward confirms future with new deal Scott Pryde - July 11, 2024 Caleb Navale Fijian representative signs new deal with Sea Eagles Scott Pryde - January 8, 2024 Latest News FULL TIME: Storm vs Titans "
"man","Manly Warringah Sea Eagles","Clayton Faulalo","Unknown","true","200","Clayton Faulalo (Manly Sea Eagles) - NRL Stats, News, Contract &amp; Player Profile - Zero Tackle","https://www.zerotackle.com/players/clayton-faulalo/","Player Contracts Player Contracts Team 2026 2027 2028 2029 2030 Manly Sea Eagles ✔ ✔ ✔ ✔ Stats 2026 Stats Round Opp P T G MINS AR ARM LB LBA TA OL TK MT TB KM 40/20 PE ER TOTALS 12 24 6 0 710 143 1407 7 9 7 3 69 24 31 31 0 1 8 1 0 0 0 0 0 0 0 0 0 0 0 0 0 0 0 0 0 5 0 0 0 80 10 88 0 0 0 1 4 3 0 3 0 0 0 6 0 0 0 0 0 0 0 0 0 0 0 0 0 0 0 0 0 7 0 0 0 68 16 144 0 1 1 1 14 2 5 0 0 0 1 8 4 1 0 80 8 86 1 1 1 0 16 3 3 0 0 0 2 9 "
"man","Manly Warringah Sea Eagles","Navren Willett","Unknown","true","200","Navren Willett (Manly Sea Eagles) - NRL Stats, News, Contract &amp; Player Profile - Zero Tackle","https://www.zerotackle.com/players/navren-willett/","Player Contracts Player Contracts Team 2026 2027 2028 2029 2030 Manly Sea Eagles ✔ ✔ Stats Navren Willett Rookie Watch: Top 100 young players yet to play NRL: 20-1 Ethan Lee Chalk - July 2, 2025 Latest News FULL TIME: Storm vs Titans &#8211; Round 19, 2026 July 12, 2026 FULL TIME: Sea Eagles vs Cowboys &#8211; Round 19, 2026 July 12, 2026 FINAL TEAMS: Storm vs Titans &#8211; Round 19, 2026 July 12, 2026 FULL TIME: Ra"
"man","Manly Warringah Sea Eagles","Onitoni Large","Unknown","true","200","Onitoni Large (Manly Sea Eagles) - NRL Stats, News, Contract &amp; Player Profile - Zero Tackle","https://www.zerotackle.com/players/onitoni-large/","Player Contracts Player Contracts Team 2026 2027 2028 2029 2030 Manly Sea Eagles ✔ ✔ Stats Latest NRL News &#8220;Gut-wrenching&#8221;: Manly star suffers long-term injury in dominant win Leo Twemlow - June 28, 2026 Latest NRL News NSWRL name Under 19s Blues squad for junior Origin clash Leo Twemlow - June 11, 2026 Latest NRL News Brooks open for positional switch to unearth rising stars Leo Twemlow - February 25, 20"
"man","Manly Warringah Sea Eagles","Paul Bryan","Unknown","true","200","Paul Bryan (Manly Sea Eagles) - NRL Stats, News, Contract &amp; Player Profile - Zero Tackle","https://www.zerotackle.com/players/paul-bryan/","Player Contracts Player Contracts Team 2026 2027 2028 2029 2030 Manly Sea Eagles ✔ Stats 2026 Stats Round Opp P T G MINS AR ARM LB LBA TA OL TK MT TB KM 40/20 PE ER TOTALS 4 0 0 0 29 2 16 0 0 0 0 20 1 0 0 0 0 0 2 0 0 0 22 1 8 0 0 0 0 15 0 0 0 0 0 0 4 0 0 0 7 1 8 0 0 0 0 5 1 0 0 0 0 0 5 0 0 0 0 0 0 0 0 0 0 0 0 0 0 0 0 0 6 0 0 0 0 0 0 0 0 0 0 0 0 0 0 0 0 0 Paul Bryan Knights forward rejects extension, set to test open "
"man","Manly Warringah Sea Eagles","Simione Laiafi","Unknown","true","200","Simione Laiafi (Manly Sea Eagles) - NRL Stats, News, Contract &amp; Player Profile - Zero Tackle","https://www.zerotackle.com/players/simione-laiafi/","Player Contracts Player Contracts Team 2026 2027 2028 2029 2030 Manly Sea Eagles ✔ ✔ ✔ Stats 2026 Stats Round Opp P T G MINS AR ARM LB LBA TA OL TK MT TB KM 40/20 PE ER TOTALS 11 0 0 0 152 45 393 0 0 0 1 103 8 3 0 0 1 1 4 0 0 0 13 3 26 0 0 0 0 9 0 0 0 0 0 0 5 0 0 0 0 0 0 0 0 0 0 0 0 0 0 0 0 0 6 0 0 0 19 2 12 0 0 0 0 23 1 0 0 0 0 0 8 0 0 0 0 0 0 0 0 0 0 0 0 0 0 0 0 0 12 0 0 0 0 0 0 0 0 0 0 0 0 0 0 0 0 0 13 0 0 0 15 4 "
"man","Manly Warringah Sea Eagles","Zach Dockar-Clay","Unknown","true","200","Zach Dockar-Clay (Manly Sea Eagles) - NRL Stats, News, Contract &amp; Player Profile - Zero Tackle","https://www.zerotackle.com/players/zach-dockar-clay/","Player Contracts Player Contracts Team 2026 2027 2028 2029 2030 Manly Sea Eagles ✔ ✔ Stats 2026 Stats Round Opp P T G MINS AR ARM LB LBA TA OL TK MT TB KM 40/20 PE ER TOTALS 2 0 0 0 36 2 14 0 0 0 0 20 1 0 0 0 0 0 10 0 0 0 0 0 0 0 0 0 0 0 0 0 0 0 0 0 11 0 0 0 36 2 14 0 0 0 0 20 1 0 0 0 0 0 Latest NRL News Contract plays: Experience out, experience in, but do the Sea Eagles... Scott Pryde - December 24, 2025 Zach Docka"
"man","Manly Warringah Sea Eagles","Zaidas Muagututia","Unknown","true","200","Zaidas Muagututia (Manly Sea Eagles) - NRL Stats, News, Contract &amp; Player Profile - Zero Tackle","https://www.zerotackle.com/players/zaidas-muagututia/","Player Contracts Player Contracts Team 2026 2027 2028 2029 2030 Manly Sea Eagles ✔ ✔ Stats 2026 Stats Round Opp P T G MINS AR ARM LB LBA TA OL TK MT TB KM 40/20 PE ER TOTALS 1 0 0 0 0 0 0 0 0 0 0 0 0 0 0 0 0 0 18 0 0 0 0 0 0 0 0 0 0 0 0 0 0 0 0 0 Team Lists and Selections Teen bolter in frame for Manly Sea Eagles No.9 role Ethan Lee Chalk - December 24, 2025 Latest News FULL TIME: Storm vs Titans &#8211; Round 19, 20"
"mel","Melbourne Storm","Sualauvi Fa’alogo","Fullback","true","200","Sua Fa&#039;alogo (Melbourne Storm) - NRL Stats, News, Contract &amp; Player Profile - Zero Tackle","https://www.zerotackle.com/players/sua-faalogo/","Player Contracts Player Contracts Team 2026 2027 2028 2029 2030 Melbourne Storm ✔ ✔ ✔ Stats 2026 Stats Round Opp P T G MINS AR ARM LB LBA TA OL TK MT TB KM 40/20 PE ER TOTALS 17 74 13 11 1300 329 3387 20 15 8 16 72 33 101 223 0 7 13 1 8 2 0 80 21 197 0 5 1 1 2 3 2 16 0 0 0 2 12 3 0 76 18 160 3 2 1 0 1 1 10 23 0 0 2 3 4 1 0 80 25 256 1 0 0 0 0 2 9 0 0 0 2 4 4 1 0 80 18 203 2 1 0 1 3 1 6 0 0 1 1 5 4 1 0 80 16 153 1 0 0"
"mel","Melbourne Storm","Will Warbrick","Winger","true","200","Will Warbrick (Melbourne Storm) - NRL Stats, News, Contract &amp; Player Profile - Zero Tackle","https://www.zerotackle.com/players/will-warbrick/","Player Contracts Player Contracts Team 2026 2027 2028 2029 2030 Melbourne Storm ✔ New Zealand Warriors ✔ ✔ ✔ Stats 2026 Stats Round Opp P T G MINS AR ARM LB LBA TA OL TK MT TB KM 40/20 PE ER TOTALS 17 64 16 0 1334 287 2579 11 0 2 13 88 18 55 0 0 2 33 1 4 1 0 74 16 146 1 0 0 0 3 1 5 0 0 0 1 2 4 1 0 80 16 199 2 0 1 0 8 1 4 0 0 0 1 3 0 0 0 80 18 174 0 0 0 1 6 0 3 0 0 0 3 4 16 4 0 80 16 163 2 0 0 0 10 2 7 0 0 0 1 5 0 0 0"
"mel","Melbourne Storm","Jack Howarth","Centre","true","200","Jack Howarth (Melbourne Storm) - NRL Stats, News, Contract &amp; Player Profile - Zero Tackle","https://www.zerotackle.com/players/jack-howarth/","Player Contracts Player Contracts Team 2026 2027 2028 2029 2030 Melbourne Storm $500K $500K Stats 2026 Stats Round Opp P T G MINS AR ARM LB LBA TA OL TK MT TB KM 40/20 PE ER TOTALS 14 20 5 0 1068 204 1885 4 5 3 10 173 25 43 32 0 4 11 1 4 1 0 80 17 159 2 0 0 0 13 3 4 0 0 1 2 2 4 1 0 80 11 93 0 0 0 1 24 0 1 0 0 0 0 3 0 0 0 80 16 154 0 0 0 0 20 5 3 0 0 1 1 4 0 0 0 36 6 44 0 0 0 1 4 1 0 0 0 0 0 6 4 1 0 80 14 146 1 1 0 1 "
"mel","Melbourne Storm","Nick Meaney","Centre","true","200","Nick Meaney (Melbourne Storm) - NRL Stats, News, Contract &amp; Player Profile - Zero Tackle","https://www.zerotackle.com/players/nick-meaney/","Player Contracts Player Contracts Team 2026 2027 2028 2029 2030 Melbourne Storm ✔ Perth Bears ✔ ✔ ✔ Stats 2026 Stats Round Opp P T G MINS AR ARM LB LBA TA OL TK MT TB KM 40/20 PE ER TOTALS 13 94 3 41 975 154 1299 4 0 0 6 132 28 23 19 0 0 11 1 16 0 8 80 12 89 1 0 0 0 5 1 0 19 0 0 1 2 12 0 6 80 7 78 0 0 0 0 3 0 0 0 0 0 0 3 0 0 0 80 13 100 0 0 0 0 1 0 3 0 0 0 1 5 2 0 1 80 10 74 0 0 0 0 10 4 0 0 0 0 0 6 6 0 3 80 14 119 0"
"mel","Melbourne Storm","Xavier Coates","Winger","true","200","Xavier Coates (Melbourne Storm) - NRL Stats, News, Contract &amp; Player Profile - Zero Tackle","https://www.zerotackle.com/players/xavier-coates/","Player Contracts Player Contracts Team 2026 2027 2028 2029 2030 Melbourne Storm ✔ ✔ Stats Xavier Coates Xavier Coates suffers horror injury setback Scott Pryde - June 5, 2026 Latest NRL News Taulagi is concussed and Coates is weeks away, so who plays... Scott Pryde - April 29, 2026 Xavier Coates Storm reveal Xavier Coates likely return date, confirm status of Kamikamica Scott Pryde - April 28, 2026 Latest NRL News Ri"
"mel","Melbourne Storm","Cameron Munster","Five-Eighth","true","200","Cameron Munster (Melbourne Storm) - NRL Stats, News, Contract &amp; Player Profile - Zero Tackle","https://www.zerotackle.com/players/cameron-munster/","Player Contracts Player Contracts Team 2026 2027 2028 2029 2030 Melbourne Storm $1.1M $1.1M Stats 2026 Stats Round Opp P T G MINS AR ARM LB LBA TA OL TK MT TB KM 40/20 PE ER TOTALS 18 18 4 1 1428 228 1707 5 8 11 26 467 74 39 2977 0 6 12 1 0 0 0 80 12 80 0 0 2 3 29 5 1 217 0 0 0 2 0 0 0 80 9 69 0 1 1 0 29 4 3 153 0 1 0 3 0 0 0 80 22 193 1 0 0 2 24 4 4 173 0 1 0 4 0 0 0 80 12 122 0 0 0 0 20 3 3 74 0 0 1 5 0 0 0 80 14 1"
"mel","Melbourne Storm","Jahrome Hughes","Halfback","true","200","Jahrome Hughes (Melbourne Storm) - NRL Stats, News, Contract &amp; Player Profile - Zero Tackle","https://www.zerotackle.com/players/jahrome-hughes/","Player Contracts Player Contracts Team 2026 2027 2028 2029 2030 Melbourne Storm $850K ✔ ✔ ✔ ✔ Stats 2026 Stats Round Opp P T G MINS AR ARM LB LBA TA OL TK MT TB KM 40/20 PE ER TOTALS 15 12 3 0 1177 166 1321 6 19 20 11 226 50 40 5215 2 3 5 1 0 0 0 80 15 119 0 2 2 0 13 4 3 145 0 1 0 2 4 1 0 80 9 82 1 0 1 0 12 5 6 481 0 0 0 3 0 0 0 80 26 193 0 5 1 1 17 3 4 251 0 0 0 4 0 0 0 80 9 84 2 2 3 1 12 5 4 381 0 0 0 5 0 0 0 80 12"
"mel","Melbourne Storm","Stefano Utoikamanu","Prop","true","200","Stefano Utoikamanu (Melbourne Storm) - NRL Stats, News, Contract &amp; Player Profile - Zero Tackle","https://www.zerotackle.com/players/stefano-utoikamanu/","Player Contracts Player Contracts Team 2026 2027 2028 2029 2030 Melbourne Storm $600K $600K Stats 2026 Stats Round Opp P T G MINS AR ARM LB LBA TA OL TK MT TB KM 40/20 PE ER TOTALS 17 4 1 0 906 220 2187 2 0 0 17 487 16 75 0 0 3 7 1 0 0 0 50 19 239 1 0 0 0 15 1 6 0 0 1 1 2 0 0 0 60 18 175 0 0 0 2 27 0 9 0 0 0 2 3 0 0 0 61 10 107 0 0 0 0 44 1 4 0 0 0 0 4 0 0 0 55 9 87 0 0 0 2 28 0 0 0 0 0 1 5 0 0 0 49 11 88 0 0 0 2 33 "
"mel","Melbourne Storm","Harry Grant","Hooker","true","200","Harry Grant (Melbourne Storm) - NRL Stats, News, Contract &amp; Player Profile - Zero Tackle","https://www.zerotackle.com/players/harry-grant/","Player Contracts Player Contracts Team 2026 2027 2028 2029 2030 Melbourne Storm $850K ✔ ✔ Stats 2026 Stats Round Opp P T G MINS AR ARM LB LBA TA OL TK MT TB KM 40/20 PE ER TOTALS 19 34 6 5 1418 149 1075 11 6 7 12 766 60 34 1049 0 9 7 1 8 2 0 59 7 86 2 0 0 0 28 2 4 30 0 1 0 2 4 1 0 80 10 68 1 1 1 1 47 4 4 0 0 0 1 3 6 0 3 80 12 98 0 0 0 0 42 6 0 69 0 2 0 4 4 0 2 80 5 27 0 2 1 0 36 4 1 60 0 0 1 5 0 0 0 62 1 7 0 0 0 0 38"
"mel","Melbourne Storm","Josh King","Prop","true","200","Josh King (Melbourne Storm) - NRL Stats, News, Contract &amp; Player Profile - Zero Tackle","https://www.zerotackle.com/players/josh-king/","Player Contracts Player Contracts Team 2026 2027 2028 2029 2030 Melbourne Storm ✔ ✔ Stats 2026 Stats Round Opp P T G MINS AR ARM LB LBA TA OL TK MT TB KM 40/20 PE ER TOTALS 17 8 2 0 991 190 1610 2 0 0 10 540 27 12 38 0 3 5 1 0 0 0 70 14 118 0 0 0 1 28 1 1 0 0 0 1 2 0 0 0 55 13 119 0 0 0 1 35 1 0 0 0 0 0 3 0 0 0 48 9 72 0 0 0 1 25 1 0 0 0 0 0 4 0 0 0 64 11 85 0 0 0 0 28 3 0 0 0 2 0 5 0 0 0 51 11 90 0 0 0 1 25 1 0 0 0 "
"mel","Melbourne Storm","Shawn Blore","2nd Row","true","200","Shawn Blore (Melbourne Storm) - NRL Stats, News, Contract &amp; Player Profile - Zero Tackle","https://www.zerotackle.com/players/shawn-blore/","Player Contracts Player Contracts Team 2026 2027 2028 2029 2030 Melbourne Storm $450K Stats 2026 Stats Round Opp P T G MINS AR ARM LB LBA TA OL TK MT TB KM 40/20 PE ER TOTALS 9 0 0 0 419 57 547 0 1 2 3 155 11 4 0 0 0 3 7 0 0 0 33 4 50 0 0 0 0 12 1 0 0 0 0 0 8 0 0 0 43 8 73 0 0 0 0 22 1 0 0 0 0 1 9 0 0 0 80 11 86 0 0 0 2 28 1 0 0 0 0 2 10 0 0 0 72 7 69 0 1 2 0 22 2 1 0 0 0 0 11 0 0 0 80 11 109 0 0 0 1 31 2 2 0 0 0 0 1"
"mel","Melbourne Storm","Joe Chan","2nd Row","true","200","Joe Chan (Melbourne Storm) - NRL Stats, News, Contract &amp; Player Profile - Zero Tackle","https://www.zerotackle.com/players/joe-chan/","Player Contracts Player Contracts Team 2026 2027 2028 2029 2030 Melbourne Storm ✔ ✔ ✔ Stats 2026 Stats Round Opp P T G MINS AR ARM LB LBA TA OL TK MT TB KM 40/20 PE ER TOTALS 17 8 2 0 976 153 1399 6 1 1 6 357 51 23 21 0 9 10 1 4 1 0 80 15 189 2 0 0 1 27 3 1 0 0 1 1 2 0 0 0 71 11 139 0 0 0 0 34 4 1 0 0 0 0 3 4 1 0 80 12 100 3 0 1 2 36 2 6 21 0 1 0 4 0 0 0 80 12 111 0 1 0 0 30 3 2 0 0 0 1 5 0 0 0 80 8 48 0 0 0 0 47 3 2"
"mel","Melbourne Storm","Trent Loiero","Lock","true","200","Trent Loiero (Melbourne Storm) - NRL Stats, News, Contract &amp; Player Profile - Zero Tackle","https://www.zerotackle.com/players/trent-loiero/","Player Contracts Player Contracts Team 2026 2027 2028 2029 2030 Melbourne Storm ✔ ✔ ✔ Stats 2026 Stats Round Opp P T G MINS AR ARM LB LBA TA OL TK MT TB KM 40/20 PE ER TOTALS 17 8 2 0 1005 189 1501 2 1 1 16 552 30 30 9 0 8 5 3 0 0 0 51 11 97 0 0 0 2 37 1 0 0 0 0 0 4 0 0 0 60 8 63 0 0 0 1 28 0 3 0 0 0 0 5 0 0 0 55 9 74 0 0 0 2 37 2 3 0 0 2 0 6 0 0 0 80 8 53 0 0 0 0 44 3 1 0 0 3 0 7 0 0 0 69 8 92 0 0 0 0 46 1 1 0 0 1 0"
"mel","Melbourne Storm","Tyran Wishart","Interchange","true","200","Tyran Wishart (Melbourne Storm) - NRL Stats, News, Contract &amp; Player Profile - Zero Tackle","https://www.zerotackle.com/players/tyran-wishart/","Player Contracts Player Contracts Team 2026 2027 2028 2029 2030 Melbourne Storm $350K Perth Bears ✔ ✔ ✔ ✔ Stats 2026 Stats Round Opp P T G MINS AR ARM LB LBA TA OL TK MT TB KM 40/20 PE ER TOTALS 12 4 1 0 428 65 632 3 1 1 4 179 15 11 527 0 2 1 1 0 0 0 46 10 97 1 0 0 1 20 0 1 0 0 0 0 2 0 0 0 25 7 60 0 0 0 0 11 1 1 0 0 0 0 3 0 0 0 26 6 63 0 0 0 0 20 0 0 20 0 0 0 4 0 0 0 47 3 36 0 0 0 0 16 3 0 26 0 0 0 5 0 0 0 46 6 43 0 "
"mel","Melbourne Storm","Cooper Clarke","Interchange","true","200","Cooper Clarke (Melbourne Storm) - NRL Stats, News, Contract &amp; Player Profile - Zero Tackle","https://www.zerotackle.com/players/cooper-clarke/","Player Contracts Player Contracts Team 2026 2027 2028 2029 2030 Melbourne Storm ✔ ✔ ✔ ✔ Stats 2026 Stats Round Opp P T G MINS AR ARM LB LBA TA OL TK MT TB KM 40/20 PE ER TOTALS 17 8 2 0 851 159 1453 2 1 0 8 426 27 36 0 0 3 5 1 0 0 0 22 9 88 0 0 0 1 12 0 3 0 0 0 1 2 0 0 0 29 7 65 0 0 0 1 17 2 0 0 0 0 0 3 0 0 0 41 5 49 0 0 0 0 21 0 0 0 0 0 0 4 0 0 0 43 9 66 0 0 0 0 17 4 2 0 0 0 0 5 0 0 0 54 7 55 0 0 0 0 24 0 0 0 0 0 0 "
"mel","Melbourne Storm","Alec MacDonald","Interchange","true","200","Alec MacDonald (Melbourne Storm) - NRL Stats, News, Contract &amp; Player Profile - Zero Tackle","https://www.zerotackle.com/players/alec-macdonald/","Player Contracts Player Contracts Team 2026 2027 2028 2029 2030 Melbourne Storm ✔ ✔ ✔ Stats 2026 Stats Round Opp P T G MINS AR ARM LB LBA TA OL TK MT TB KM 40/20 PE ER TOTALS 13 4 1 0 509 86 703 1 0 0 2 319 16 5 0 0 1 6 1 0 0 0 1 1 6 0 0 0 0 0 0 0 0 0 0 0 3 0 0 0 64 8 73 0 0 0 0 38 5 1 0 0 0 0 4 0 0 0 42 6 49 0 0 0 0 22 0 0 0 0 0 0 5 0 0 0 44 8 62 0 0 0 0 30 0 0 0 0 0 0 6 0 0 0 47 3 27 0 0 0 0 36 2 0 0 0 0 0 7 0 0 0 "
"mel","Melbourne Storm","Tui Kamikamica","Interchange","true","200","Tui Kamikamica (Melbourne Storm) - NRL Stats, News, Contract &amp; Player Profile - Zero Tackle","https://www.zerotackle.com/players/tui-kamikamica/","Player Contracts Player Contracts Team 2026 2027 2028 2029 2030 Melbourne Storm ✔ Stats 2026 Stats Round Opp P T G MINS AR ARM LB LBA TA OL TK MT TB KM 40/20 PE ER TOTALS 4 0 0 0 144 46 442 0 0 0 0 61 7 1 0 0 0 0 1 0 0 0 45 16 153 0 0 0 0 13 2 1 0 0 0 0 2 0 0 0 45 13 130 0 0 0 0 19 1 0 0 0 0 0 3 0 0 0 29 8 75 0 0 0 0 20 3 0 0 0 0 0 4 0 0 0 25 9 84 0 0 0 0 9 1 0 0 0 0 0 Tui Kamikamica Kamikamica runs into roadblock on"
"mel","Melbourne Storm","Ativalu Lisati","Unknown","true","200","Ativalu Lisati (Melbourne Storm) - NRL Stats, News, Contract &amp; Player Profile - Zero Tackle","https://www.zerotackle.com/players/ativalu-lisati/","Player Contracts Player Contracts Team 2026 2027 2028 2029 2030 Melbourne Storm ✔ ✔ Stats 2026 Stats Round Opp P T G MINS AR ARM LB LBA TA OL TK MT TB KM 40/20 PE ER TOTALS 10 12 3 0 759 132 1145 1 1 0 4 387 26 14 25 0 1 4 1 4 1 0 80 18 152 0 0 0 1 42 1 0 0 0 0 0 2 0 0 0 80 14 114 0 0 0 2 42 1 2 0 0 0 0 9 0 0 0 63 13 110 0 0 0 0 41 0 0 0 0 0 1 10 4 1 0 80 17 172 1 1 0 1 34 2 8 0 0 0 0 11 0 0 0 80 13 128 0 0 0 0 44 1 "
"mel","Melbourne Storm","Davvy Moale","Unknown","true","200","Davvy Moale (Melbourne Storm) - NRL Stats, News, Contract &amp; Player Profile - Zero Tackle","https://www.zerotackle.com/players/davvy-moale/","Player Contracts Player Contracts Team 2026 2027 2028 2029 2030 Melbourne Storm ✔ Manly Sea Eagles ✔ ✔ ✔ Stats 2026 Stats Round Opp P T G MINS AR ARM LB LBA TA OL TK MT TB KM 40/20 PE ER TOTALS 12 0 0 0 217 44 398 0 0 0 0 122 8 4 0 0 2 2 1 0 0 0 27 6 58 0 0 0 0 13 0 0 0 0 1 0 2 0 0 0 0 0 0 0 0 0 0 0 0 0 0 0 0 0 3 0 0 0 0 0 0 0 0 0 0 0 0 0 0 0 0 0 4 0 0 0 0 0 0 0 0 0 0 0 0 0 0 0 0 0 5 0 0 0 18 5 32 0 0 0 0 6 1 0 0 0 0"
"mel","Melbourne Storm","Gabriel Satrick","Unknown","true","200","Gabriel Satrick (Melbourne Storm) - NRL Stats, News, Contract &amp; Player Profile - Zero Tackle","https://www.zerotackle.com/players/gabriel-satrick/","Player Contracts Player Contracts Team 2026 2027 2028 2029 2030 Melbourne Storm ? Stats 2026 Stats Round Opp P T G MINS AR ARM LB LBA TA OL TK MT TB KM 40/20 PE ER TOTALS 1 0 0 0 25 0 0 0 0 0 0 12 2 0 22 0 0 0 12 0 0 0 25 0 0 0 0 0 0 12 2 0 22 0 0 0 No posts to display Latest News FULL TIME: Storm vs Titans &#8211; Round 19, 2026 July 12, 2026 FULL TIME: Sea Eagles vs Cowboys &#8211; Round 19, 2026 July 12, 2026 FINA"
"mel","Melbourne Storm","Jack Hetherington","Unknown","true","200","Jack Hetherington (Melbourne Storm) - NRL Stats, News, Contract &amp; Player Profile - Zero Tackle","https://www.zerotackle.com/players/jack-hetherington/","Player Contracts Player Contracts Team 2026 2027 2028 2029 2030 Melbourne Storm ✔ Stats 2026 Stats Round Opp P T G MINS AR ARM LB LBA TA OL TK MT TB KM 40/20 PE ER TOTALS 12 0 0 0 154 26 244 0 0 0 0 93 4 3 0 0 1 0 2 0 0 0 34 4 41 0 0 0 0 20 1 0 0 0 0 0 3 0 0 0 0 0 0 0 0 0 0 0 0 0 0 0 0 0 4 0 0 0 0 0 0 0 0 0 0 0 0 0 0 0 0 0 5 0 0 0 21 3 19 0 0 0 0 18 1 0 0 0 0 0 6 0 0 0 0 0 0 0 0 0 0 0 0 0 0 0 0 0 7 0 0 0 15 1 4 0 0 0"
"mel","Melbourne Storm","Josiah Pahulu","Unknown","true","200","Josiah Pahulu (Melbourne Storm) - NRL Stats, News, Contract &amp; Player Profile - Zero Tackle","https://www.zerotackle.com/players/josiah-pahulu/","Player Contracts Player Contracts Team 2026 2027 2028 2029 2030 Melbourne Storm ✔ ✔ Stats 2026 Stats Round Opp P T G MINS AR ARM LB LBA TA OL TK MT TB KM 40/20 PE ER TOTALS 7 0 0 0 18 2 28 0 0 0 0 7 2 0 0 0 0 0 8 0 0 0 0 0 0 0 0 0 0 0 0 0 0 0 0 0 9 0 0 0 0 0 0 0 0 0 0 0 0 0 0 0 0 0 11 0 0 0 0 0 0 0 0 0 0 0 0 0 0 0 0 0 13 0 0 0 0 0 0 0 0 0 0 0 0 0 0 0 0 0 14 0 0 0 0 0 0 0 0 0 0 0 0 0 0 0 0 0 17 0 0 0 0 0 0 0 0 0 0 0 0"
"mel","Melbourne Storm","Lazarus Vaalepu","Unknown","true","200","Lazarus Vaalepu (Leigh Leopards) - NRL Stats, News, Contract &amp; Player Profile - Zero Tackle","https://www.zerotackle.com/players/lazarus-vaalepu/","Player Contracts Player Contracts Team 2026 2027 2028 2029 2030 Leigh Leopards ✔ Lazarus Vaalepu Melbourne Storm confirm immediate departure of prop Scott Pryde - June 30, 2026 Melbourne Storm Melbourne Storm forward being shopped to Super League teams Kye Ferreira - June 18, 2026 Lazarus Vaalepu Storm extend international forward, another set to follow Ethan Lee Chalk - October 12, 2025 Ativalu Lisati Melbourne Stor"
"mel","Melbourne Storm","Manaia Waitere","Unknown","true","200","Manaia Waitere (Melbourne Storm) - NRL Stats, News, Contract &amp; Player Profile - Zero Tackle","https://www.zerotackle.com/players/manaia-waitere/","Player Contracts Player Contracts Team 2026 2027 2028 2029 2030 Melbourne Storm ✔ ✔ Stats 2026 Stats Round Opp P T G MINS AR ARM LB LBA TA OL TK MT TB KM 40/20 PE ER TOTALS 9 8 2 0 434 62 494 3 1 2 2 89 12 13 9 0 2 4 4 0 0 0 40 5 55 1 0 1 0 11 1 1 0 0 2 0 5 4 1 0 80 13 96 1 0 0 0 28 3 2 0 0 0 0 6 0 0 0 9 3 19 0 0 0 0 1 0 0 0 0 0 0 7 0 0 0 80 9 84 0 1 1 0 10 2 3 0 0 0 2 8 0 0 0 80 7 45 0 0 0 1 12 0 1 0 0 0 1 9 0 0 0 0"
"mel","Melbourne Storm","Marion Seve","Unknown","true","200","Marion Seve (Melbourne Storm) - NRL Stats, News, Contract &amp; Player Profile - Zero Tackle","https://www.zerotackle.com/players/marion-seve/","Player Contracts Player Contracts Team 2026 2027 2028 2029 2030 Melbourne Storm ? Stats Xavier Coates Storm reveal Xavier Coates likely return date, confirm status of Kamikamica Scott Pryde - April 28, 2026 Marion Seve Storm back set to ink new NRL contract Scott Pryde - October 23, 2025 Marion Seve Melbourne Storm provide official update on FIVE injured players Ethan Lee Chalk - June 26, 2025 Marion Seve Melbourne S"
"mel","Melbourne Storm","Moses Leo","Unknown","true","200","Moses Leo (Melbourne Storm) - NRL Stats, News, Contract &amp; Player Profile - Zero Tackle","https://www.zerotackle.com/players/moses-leo/","Player Contracts Player Contracts Team 2026 2027 2028 2029 2030 Melbourne Storm ✔ CO Stats 2026 Stats Round Opp P T G MINS AR ARM LB LBA TA OL TK MT TB KM 40/20 PE ER TOTALS 11 32 8 0 762 131 1507 11 0 0 3 73 19 40 33 0 3 10 1 4 1 0 80 14 171 3 0 0 0 14 2 6 0 0 0 0 2 4 1 0 80 8 105 1 0 0 0 7 1 3 0 0 1 1 3 0 0 0 77 16 151 0 0 0 1 10 4 2 0 0 1 3 4 0 0 0 69 6 43 0 0 0 0 11 4 0 0 0 0 0 6 0 0 0 71 10 66 0 0 0 0 6 2 3 0 0 "
"mel","Melbourne Storm","Siulagi Tuimalata-Brown","Unknown","false","404","Page not found - Zero Tackle","https://www.zerotackle.com/players/siulagi-tuimalata-brown/",""
"mel","Melbourne Storm","Trent Toelau","Unknown","true","200","Trent Toelau (Melbourne Storm) - NRL Stats, News, Contract &amp; Player Profile - Zero Tackle","https://www.zerotackle.com/players/trent-toelau/","Player Contracts Player Contracts Team 2026 2027 2028 2029 2030 Melbourne Storm ✔ Stats 2026 Stats Round Opp P T G MINS AR ARM LB LBA TA OL TK MT TB KM 40/20 PE ER TOTALS 9 4 1 0 247 20 179 1 1 1 1 115 22 2 439 0 2 3 9 0 0 0 67 5 22 0 0 0 0 24 6 0 249 0 0 1 10 0 0 0 0 0 0 0 0 0 0 0 0 0 0 0 0 0 11 0 0 0 0 0 0 0 0 0 0 0 0 0 0 0 0 0 12 0 0 0 55 4 35 0 0 0 1 32 8 0 53 0 0 1 13 0 0 0 18 0 0 0 0 0 0 14 2 0 3 0 0 0 14 0 0 0"
"nzl","New Zealand Warriors","Charnze Nicoll-Klokstad","Fullback","true","200","Charnze Nicoll-Klokstad (New Zealand Warriors) - NRL Stats, News, Contract &amp; Player Profile - Zero Tackle","https://www.zerotackle.com/players/charnze-nicoll-klokstad/","Player Contracts Player Contracts Team 2026 2027 2028 2029 2030 New Zealand Warriors ✔ ✔ Stats 2026 Stats Round Opp P T G MINS AR ARM LB LBA TA OL TK MT TB KM 40/20 PE ER TOTALS 9 32 8 0 660 126 1134 9 2 2 5 105 16 20 19 0 1 6 1 4 1 0 80 17 144 1 0 0 0 7 2 7 0 0 0 1 2 0 0 0 67 9 89 0 0 0 0 21 2 3 0 0 0 0 4 8 2 0 80 9 74 2 0 0 0 13 5 4 2 0 0 1 5 0 0 0 73 12 102 0 2 2 1 18 3 0 0 0 0 2 7 0 0 0 80 18 155 0 0 0 0 10 1 1 0"
"nzl","New Zealand Warriors","Dallin Watene-Zelezniak","Winger","true","200","Dallin Watene-Zelezniak (New Zealand Warriors) - NRL Stats, News, Contract &amp; Player Profile - Zero Tackle","https://www.zerotackle.com/players/dallin-watene-zelezniak/","Player Contracts Player Contracts Team 2026 2027 2028 2029 2030 New Zealand Warriors ✔ ✔ ✔ Stats 2026 Stats Round Opp P T G MINS AR ARM LB LBA TA OL TK MT TB KM 40/20 PE ER TOTALS 15 64 16 0 1176 224 2078 12 0 0 15 64 13 33 0 0 3 22 1 0 0 0 80 11 79 0 0 0 0 4 1 5 0 0 0 1 2 8 2 0 80 12 107 1 0 0 0 6 0 4 0 0 0 2 3 0 0 0 80 14 114 0 0 0 2 7 1 3 0 0 1 2 4 0 0 0 80 13 116 0 0 0 1 4 2 3 0 0 0 3 5 12 3 0 80 14 188 2 0 0 1 4"
"nzl","New Zealand Warriors","Rocco Berry","Centre","true","200","Rocco Berry (New Zealand Warriors) - NRL Stats, News, Contract &amp; Player Profile - Zero Tackle","https://www.zerotackle.com/players/rocco-berry/","Player Contracts Player Contracts Team 2026 2027 2028 2029 2030 New Zealand Warriors ✔ Stats Latest NRL News Warriors confirm injury update for Fisher-Harris, Halasima, Berry Leo Twemlow - July 1, 2026 Roger Tuivasa-Sheck Shoulder blow for Tuivasa-Sheck, but seven to return after bye for... Scott Pryde - May 5, 2026 Latest NRL News Warriors CEO urges NRL to make key move amid expansion debates Magdalena Murdoch - Apr"
"nzl","New Zealand Warriors","Adam Pompey","Centre","true","200","Adam Pompey (New Zealand Warriors) - NRL Stats, News, Contract &amp; Player Profile - Zero Tackle","https://www.zerotackle.com/players/adam-pompey/","Player Contracts Player Contracts Team 2026 2027 2028 2029 2030 New Zealand Warriors ✔ ✔ Stats 2026 Stats Round Opp P T G MINS AR ARM LB LBA TA OL TK MT TB KM 40/20 PE ER TOTALS 11 38 2 15 870 148 1227 2 7 4 8 132 27 18 18 0 2 10 1 4 1 0 80 14 144 0 1 0 2 11 6 5 0 0 0 1 2 0 0 0 80 9 74 0 0 0 0 14 2 1 0 0 0 0 4 0 0 0 70 7 45 0 0 0 0 13 2 0 0 0 1 0 5 0 0 0 80 9 65 0 0 0 1 9 3 1 0 0 0 0 9 0 0 0 80 12 104 0 0 0 0 11 1 1 "
"nzl","New Zealand Warriors","Roger Tuivasa-Sheck","Winger","true","200","Roger Tuivasa-Sheck (New Zealand Warriors) - NRL Stats, News, Contract &amp; Player Profile - Zero Tackle","https://www.zerotackle.com/players/roger-tuivasa-sheck/","Player Contracts Player Contracts Team 2026 2027 2028 2029 2030 New Zealand Warriors $650K Wakefield Trinity ✔ ✔ Stats 2026 Stats Round Opp P T G MINS AR ARM LB LBA TA OL TK MT TB KM 40/20 PE ER TOTALS 10 10 2 1 731 154 1523 5 4 5 3 64 14 23 59 0 1 12 1 0 0 0 80 16 167 2 1 2 1 9 3 0 31 0 0 1 2 2 0 1 80 22 210 0 0 0 0 1 0 0 0 0 0 2 3 0 0 0 80 19 182 0 0 0 0 3 0 3 0 0 0 0 4 0 0 0 80 16 168 0 0 0 0 5 0 0 0 0 0 1 5 0 0 0"
"nzl","New Zealand Warriors","Luke Metcalf","Five-Eighth","true","200","Luke Metcalf (New Zealand Warriors) - NRL Stats, News, Contract &amp; Player Profile - Zero Tackle","https://www.zerotackle.com/players/luke-metcalf/","Player Contracts Player Contracts Team 2026 2027 2028 2029 2030 New Zealand Warriors ✔ St George Illawarra Dragons $900K $900K $900K Stats 2026 Stats Round Opp P T G MINS AR ARM LB LBA TA OL TK MT TB KM 40/20 PE ER TOTALS 6 0 0 0 155 15 146 0 0 0 0 35 5 1 234 0 0 2 4 0 0 0 80 6 62 0 0 0 0 15 5 1 200 0 0 2 5 0 0 0 75 9 84 0 0 0 0 20 0 0 34 0 0 0 9 0 0 0 0 0 0 0 0 0 0 0 0 0 0 0 0 0 16 0 0 0 0 0 0 0 0 0 0 0 0 0 0 0 0 0 "
"nzl","New Zealand Warriors","Tanah Boyd","Halfback","true","200","Tanah Boyd (New Zealand Warriors) - NRL Stats, News, Contract &amp; Player Profile - Zero Tackle","https://www.zerotackle.com/players/tanah-boyd/","Player Contracts Player Contracts Team 2026 2027 2028 2029 2030 New Zealand Warriors ✔ ✔ ✔ ✔ Stats 2026 Stats Round Opp P T G MINS AR ARM LB LBA TA OL TK MT TB KM 40/20 PE ER TOTALS 10 92 3 40 726 80 640 3 9 10 2 178 32 13 4855 1 0 6 1 18 1 7 80 11 90 1 2 2 0 20 3 2 354 0 0 0 2 14 1 5 80 6 57 0 0 2 0 21 4 1 797 1 0 1 3 14 1 5 80 13 125 2 1 2 0 15 5 4 653 0 0 1 4 2 0 1 80 11 80 0 2 2 1 21 3 0 419 0 0 1 5 6 0 3 80 10 7"
"nzl","New Zealand Warriors","James Fisher-Harris","Prop","true","200","James Fisher-Harris (New Zealand Warriors) - NRL Stats, News, Contract &amp; Player Profile - Zero Tackle","https://www.zerotackle.com/players/james-fisher-harris/","Player Contracts Player Contracts Team 2026 2027 2028 2029 2030 New Zealand Warriors $950K $950K $950K Stats 2026 Stats Round Opp P T G MINS AR ARM LB LBA TA OL TK MT TB KM 40/20 PE ER TOTALS 13 8 2 0 701 219 1869 1 1 1 8 411 30 19 0 0 3 5 1 0 0 0 50 20 157 0 0 0 5 18 1 3 0 0 1 0 2 0 0 0 59 18 151 0 0 0 0 35 1 2 0 0 0 1 3 4 1 0 46 18 161 0 0 0 0 29 2 2 0 0 0 1 4 0 0 0 49 15 139 0 0 0 0 28 1 0 0 0 0 0 5 0 0 0 51 14 11"
"nzl","New Zealand Warriors","Wayde Egan","Hooker","true","200","Wayde Egan (New Zealand Warriors) - NRL Stats, News, Contract &amp; Player Profile - Zero Tackle","https://www.zerotackle.com/players/wayde-egan/","Player Contracts Player Contracts Team 2026 2027 2028 2029 2030 New Zealand Warriors $600K $600K Stats 2026 Stats Round Opp P T G MINS AR ARM LB LBA TA OL TK MT TB KM 40/20 PE ER TOTALS 16 8 2 0 964 81 758 5 9 8 9 493 36 6 2 0 4 4 1 0 0 0 61 8 68 0 0 0 1 24 2 0 0 0 0 0 2 0 0 0 65 2 22 0 0 0 0 30 1 0 0 0 0 0 3 0 0 0 69 5 50 0 2 1 0 25 0 0 2 0 0 0 4 0 0 0 61 2 19 0 0 0 1 31 2 0 0 0 0 0 5 0 0 0 68 11 94 1 0 0 3 40 1 1 0"
"nzl","New Zealand Warriors","Jackson Ford","Prop","true","200","Jackson Ford (New Zealand Warriors) - NRL Stats, News, Contract &amp; Player Profile - Zero Tackle","https://www.zerotackle.com/players/jackson-ford/","Player Contracts Player Contracts Team 2026 2027 2028 2029 2030 New Zealand Warriors ✔ ✔ Stats 2026 Stats Round Opp P T G MINS AR ARM LB LBA TA OL TK MT TB KM 40/20 PE ER TOTALS 14 18 4 1 990 244 2251 6 0 0 10 576 42 28 0 0 6 7 1 0 0 0 70 22 218 0 0 0 0 28 4 2 0 0 0 0 2 4 1 0 76 16 154 1 0 0 1 37 2 5 0 0 0 0 3 6 1 1 80 23 238 2 0 0 0 44 3 2 0 0 1 2 4 0 0 0 68 13 110 0 0 0 0 45 3 1 0 0 0 2 5 0 0 0 65 18 143 0 0 0 0 35"
"nzl","New Zealand Warriors","Kurt Capewell","2nd Row","true","200","Kurt Capewell (New Zealand Warriors) - NRL Stats, News, Contract &amp; Player Profile - Zero Tackle","https://www.zerotackle.com/players/kurt-capewell/","Player Contracts Player Contracts Team 2026 2027 2028 2029 2030 New Zealand Warriors $600K Stats 2026 Stats Round Opp P T G MINS AR ARM LB LBA TA OL TK MT TB KM 40/20 PE ER TOTALS 9 8 2 0 642 90 734 2 1 1 6 263 40 8 0 0 4 4 1 4 1 0 80 11 98 1 0 1 2 25 5 1 0 0 2 0 7 0 0 0 66 7 74 0 0 0 1 26 1 1 0 0 0 0 8 0 0 0 76 9 84 0 0 0 0 33 3 1 0 0 0 0 9 0 0 0 80 9 103 0 1 0 0 29 6 0 0 0 0 0 11 4 1 0 80 10 60 0 0 0 0 27 7 1 0 0 1"
"nzl","New Zealand Warriors","Leka Halasima","2nd Row","true","200","Leka Halasima (New Zealand Warriors) - NRL Stats, News, Contract &amp; Player Profile - Zero Tackle","https://www.zerotackle.com/players/leka-halasima/","Player Contracts Player Contracts Team 2026 2027 2028 2029 2030 New Zealand Warriors ✔ ✔ ✔ ✔ Stats 2026 Stats Round Opp P T G MINS AR ARM LB LBA TA OL TK MT TB KM 40/20 PE ER TOTALS 13 20 5 0 856 116 1020 4 0 0 3 279 39 37 0 0 10 13 1 4 1 0 35 6 21 0 0 0 1 8 2 3 0 0 0 1 2 8 2 0 80 14 117 1 0 0 0 35 2 6 0 0 1 1 3 4 1 0 80 12 121 1 0 0 0 12 2 2 0 0 0 0 4 0 0 0 66 8 66 0 0 0 0 22 6 1 0 0 1 0 5 0 0 0 80 11 94 0 0 0 1 34 "
"nzl","New Zealand Warriors","Mitch Barnett","Lock","false","404","Page not found - Zero Tackle","https://www.zerotackle.com/players/mitch-barnett/",""
"nzl","New Zealand Warriors","Chanel Tevita-Harris","Interchange","true","200","Chanel Harris-Tavita (New Zealand Warriors) - NRL Stats, News, Contract &amp; Player Profile - Zero Tackle","https://www.zerotackle.com/players/chanel-harris-tavita/","Player Contracts Player Contracts Team 2026 2027 2028 2029 2030 New Zealand Warriors ✔ ✔ Stats 2026 Stats Round Opp P T G MINS AR ARM LB LBA TA OL TK MT TB KM 40/20 PE ER TOTALS 15 28 3 8 957 65 526 2 10 10 4 187 28 12 3358 0 2 9 1 8 2 0 80 6 57 1 2 1 0 14 4 1 142 0 0 0 2 0 0 0 9 0 0 0 0 0 0 1 1 0 42 0 0 0 4 0 0 0 0 0 0 0 0 0 0 0 0 0 0 0 0 0 5 0 0 0 0 0 0 0 0 0 0 0 0 0 0 0 0 0 6 0 0 0 74 10 45 0 1 1 1 15 0 3 138 0 0 "
"nzl","New Zealand Warriors","Erin Clark","Interchange","true","200","Erin Clark (New Zealand Warriors) - NRL Stats, News, Contract &amp; Player Profile - Zero Tackle","https://www.zerotackle.com/players/erin-clark/","Player Contracts Player Contracts Team 2026 2027 2028 2029 2030 New Zealand Warriors ✔ ✔ ✔ ✔ Stats 2026 Stats Round Opp P T G MINS AR ARM LB LBA TA OL TK MT TB KM 40/20 PE ER TOTALS 16 16 4 0 859 236 2167 5 4 4 17 457 14 25 1 0 5 5 1 0 0 0 53 17 128 0 0 0 2 21 1 1 0 0 1 1 2 0 0 0 50 12 114 0 1 2 1 24 0 1 0 0 0 0 3 4 1 0 55 15 138 1 1 0 2 23 1 1 0 0 0 0 4 0 0 0 59 12 95 0 0 0 1 29 3 0 0 0 0 1 5 4 1 0 50 15 121 0 0 0 4"
"nzl","New Zealand Warriors","Morgan Gannon","Interchange","true","200","Morgan Gannon (New Zealand Warriors) - NRL Stats, News, Contract &amp; Player Profile - Zero Tackle","https://www.zerotackle.com/players/morgan-gannon/","Player Contracts Player Contracts Team 2026 2027 2028 2029 2030 New Zealand Warriors ✔ Stats 2026 Stats Round Opp P T G MINS AR ARM LB LBA TA OL TK MT TB KM 40/20 PE ER TOTALS 3 0 0 0 5 0 0 0 0 0 0 4 2 0 0 0 0 0 1 0 0 0 0 0 0 0 0 0 0 0 0 0 0 0 0 0 2 0 0 0 0 0 0 0 0 0 0 0 0 0 0 0 0 0 3 0 0 0 5 0 0 0 0 0 0 4 2 0 0 0 0 0 Latest NRL News Warriors confirm recruit will leave club in early exit Leo Twemlow - June 10, 2026 R"
"nzl","New Zealand Warriors","Marata Niukore","Interchange","true","200","Marata Niukore (New Zealand Warriors) - NRL Stats, News, Contract &amp; Player Profile - Zero Tackle","https://www.zerotackle.com/players/marata-niukore/","Player Contracts Player Contracts Team 2026 2027 2028 2029 2030 New Zealand Warriors $775K Newcastle Knights ✔ ✔ ✔ Stats 2026 Stats Round Opp P T G MINS AR ARM LB LBA TA OL TK MT TB KM 40/20 PE ER TOTALS 10 4 1 0 357 54 418 1 1 1 0 170 13 4 0 0 2 0 3 0 0 0 61 13 95 0 0 0 0 30 0 1 0 0 0 0 4 0 0 0 34 4 33 0 0 0 0 17 0 0 0 0 0 0 5 0 0 0 46 3 23 0 0 0 0 22 4 1 0 0 0 0 6 4 1 0 34 7 46 1 1 1 0 16 2 2 0 0 1 0 7 0 0 0 0 0 0 "
"nzl","New Zealand Warriors","Jacob Laban","Unknown","true","200","Jacob Laban (New Zealand Warriors) - NRL Stats, News, Contract &amp; Player Profile - Zero Tackle","https://www.zerotackle.com/players/jacob-laban/","Player Contracts Player Contracts Team 2026 2027 2028 2029 2030 New Zealand Warriors ✔ ✔ ✔ ✔ Stats 2026 Stats Round Opp P T G MINS AR ARM LB LBA TA OL TK MT TB KM 40/20 PE ER TOTALS 16 12 3 0 843 125 1070 5 0 1 3 405 47 22 0 0 4 11 1 0 0 0 46 6 39 0 0 0 1 17 5 0 0 0 0 1 2 0 0 0 65 10 88 0 0 0 0 37 5 1 0 0 1 0 3 0 0 0 63 11 92 0 0 0 1 20 1 2 0 0 0 0 4 4 1 0 46 13 112 1 0 0 0 26 5 3 0 0 0 1 5 0 0 0 41 4 25 0 0 0 0 13 1"
"nzl","New Zealand Warriors","Alofiana Khan-Pereira","Unknown","true","200","Alofiana Khan-Pereira (New Zealand Warriors) - NRL Stats, News, Contract &amp; Player Profile - Zero Tackle","https://www.zerotackle.com/players/alofiana-khan-pereira/","Player Contracts Player Contracts Team 2026 2027 2028 2029 2030 New Zealand Warriors ✔ ✔ ✔ Stats 2026 Stats Round Opp P T G MINS AR ARM LB LBA TA OL TK MT TB KM 40/20 PE ER TOTALS 10 44 11 0 671 118 1097 12 2 0 1 42 11 29 0 0 3 9 3 0 0 0 0 0 0 0 0 0 0 0 0 0 0 0 0 0 6 0 0 0 80 12 114 0 0 0 0 6 2 4 0 0 0 1 7 8 2 0 80 12 105 3 0 0 0 6 1 5 0 0 0 2 8 8 2 0 80 16 119 2 0 0 0 7 2 3 0 0 0 0 9 8 2 0 80 11 168 2 0 0 1 3 2 4 0 "
"nzl","New Zealand Warriors","Ali Leiataua","Unknown","true","200","Ali Leiataua (New Zealand Warriors) - NRL Stats, News, Contract &amp; Player Profile - Zero Tackle","https://www.zerotackle.com/players/ali-leiataua/","Player Contracts Player Contracts Team 2026 2027 2028 2029 2030 New Zealand Warriors ✔ ✔ Stats 2026 Stats Round Opp P T G MINS AR ARM LB LBA TA OL TK MT TB KM 40/20 PE ER TOTALS 13 16 4 0 1010 122 1164 5 5 3 5 169 32 42 10 0 7 7 1 0 0 0 79 8 92 0 0 0 0 10 3 1 0 0 0 0 2 4 1 0 80 7 115 0 1 1 0 15 1 6 0 0 1 1 3 0 0 0 80 8 40 0 0 0 0 27 1 3 0 0 1 0 6 4 1 0 80 7 37 1 0 0 1 9 3 4 0 0 0 0 7 0 0 0 68 5 78 1 1 1 1 19 1 3 0 0 "
"nzl","New Zealand Warriors","Demitric Vaimauga","Unknown","true","200","Demitric Vaimauga (New Zealand Warriors) - NRL Stats, News, Contract &amp; Player Profile - Zero Tackle","https://www.zerotackle.com/players/demitric-vaimauga/","Player Contracts Player Contracts Team 2026 2027 2028 2029 2030 New Zealand Warriors ✔ ✔ ✔ Stats 2026 Stats Round Opp P T G MINS AR ARM LB LBA TA OL TK MT TB KM 40/20 PE ER TOTALS 16 0 0 0 538 136 1145 0 2 1 8 292 17 29 10 0 5 7 1 0 0 0 27 6 52 0 0 0 0 11 0 0 0 0 0 0 2 0 0 0 36 11 100 0 0 0 0 14 1 1 0 0 0 0 3 0 0 0 43 8 71 0 0 0 0 29 2 1 0 0 1 1 4 0 0 0 0 0 0 0 0 0 0 0 0 0 0 0 0 0 5 0 0 0 32 7 58 0 0 0 1 18 0 2 0 0 0"
"nzl","New Zealand Warriors","Eddie Ieremia-Toeava","Unknown","true","200","Eddie Ieremia-Toeava (New Zealand Warriors) - NRL Stats, News, Contract &amp; Player Profile - Zero Tackle","https://www.zerotackle.com/players/eddie-ieremia-toeava/","Player Contracts Player Contracts Team 2026 2027 2028 2029 2030 New Zealand Warriors ✔ ✔ ✔ Stats 2026 Stats Round Opp P T G MINS AR ARM LB LBA TA OL TK MT TB KM 40/20 PE ER TOTALS 10 0 0 0 252 48 418 0 1 1 1 166 9 6 0 0 3 3 2 0 0 0 0 0 0 0 0 0 0 0 0 0 0 0 0 0 5 0 0 0 0 0 0 0 0 0 0 0 0 0 0 0 0 0 6 0 0 0 0 0 0 0 0 0 0 0 0 0 0 0 0 0 8 0 0 0 0 0 0 0 0 0 0 0 0 0 0 0 0 0 9 0 0 0 34 11 93 0 0 0 1 20 0 3 0 0 2 0 12 0 0 0 17 "
"nzl","New Zealand Warriors","Haizyn Mellars","Unknown","true","200","Haizyn Mellars (New Zealand Warriors) - NRL Stats, News, Contract &amp; Player Profile - Zero Tackle","https://www.zerotackle.com/players/haizyn-mellars/","Player Contracts Player Contracts Team 2026 2027 2028 2029 2030 New Zealand Warriors ✔ ✔ ✔ Stats Roger Tuivasa-Sheck Shoulder blow for Tuivasa-Sheck, but seven to return after bye for... Scott Pryde - May 5, 2026 Roger Tuivasa-Sheck &#8220;Challenge we all need&#8221;: Tuivasa-Sheck admits fresh blood a need for... John Lazo-Ron - February 11, 2026 Alofiana Khan-Pereira Contract plays: Warriors make key 2026 moves, b"
"nzl","New Zealand Warriors","Jye Linnane","Unknown","true","200","Jye Linnane (New Zealand Warriors) - NRL Stats, News, Contract &amp; Player Profile - Zero Tackle","https://www.zerotackle.com/players/jye-linnane/","Player Contracts Player Contracts Team 2026 2027 2028 2029 2030 New Zealand Warriors ✔ ✔ ✔ Stats Roger Tuivasa-Sheck Shoulder blow for Tuivasa-Sheck, but seven to return after bye for... Scott Pryde - May 5, 2026 Alofiana Khan-Pereira Contract plays: Warriors make key 2026 moves, but will consistency be... Scott Pryde - January 3, 2026 New Zealand Warriors A rare Warriors headache: Who starts 2026 in the halves? John"
"nzl","New Zealand Warriors","Kayliss Fatialofa","Unknown","true","200","Kayliss Fatialofa (New Zealand Warriors) - NRL Stats, News, Contract &amp; Player Profile - Zero Tackle","https://www.zerotackle.com/players/kayliss-fatialofa/","Player Contracts Player Contracts Team 2026 2027 2028 2029 2030 New Zealand Warriors ✔ ✔ Stats 2026 Stats Round Opp P T G MINS AR ARM LB LBA TA OL TK MT TB KM 40/20 PE ER TOTALS 6 0 0 0 0 0 0 0 0 0 0 0 0 0 0 0 0 0 9 0 0 0 0 0 0 0 0 0 0 0 0 0 0 0 0 0 12 0 0 0 0 0 0 0 0 0 0 0 0 0 0 0 0 0 13 0 0 0 0 0 0 0 0 0 0 0 0 0 0 0 0 0 15 0 0 0 0 0 0 0 0 0 0 0 0 0 0 0 0 0 16 0 0 0 0 0 0 0 0 0 0 0 0 0 0 0 0 0 17 0 0 0 0 0 0 0 0 0 0"
"nzl","New Zealand Warriors","Sam Healey","Unknown","true","200","Samuel Healey (New Zealand Warriors) - NRL Stats, News, Contract &amp; Player Profile - Zero Tackle","https://www.zerotackle.com/players/samuel-healey/","Player Contracts Player Contracts Team 2026 2027 2028 2029 2030 New Zealand Warriors ✔ ✔ Stats 2026 Stats Round Opp P T G MINS AR ARM LB LBA TA OL TK MT TB KM 40/20 PE ER TOTALS 14 8 2 0 307 49 541 4 0 1 2 176 11 19 6 0 1 2 1 0 0 0 19 3 32 1 0 0 1 9 1 0 0 0 0 1 2 0 0 0 28 7 76 0 0 0 0 11 1 2 0 0 0 0 3 0 0 0 22 6 54 0 0 0 0 12 0 2 0 0 0 0 4 0 0 0 19 3 21 0 0 0 0 12 1 0 0 0 0 0 5 0 0 0 12 6 58 0 0 1 0 4 0 3 6 0 0 1 6 0"
"nzl","New Zealand Warriors","Taine Tuaupiki","Unknown","true","200","Taine Tuaupiki (New Zealand Warriors) - NRL Stats, News, Contract &amp; Player Profile - Zero Tackle","https://www.zerotackle.com/players/taine-tuaupiki/","Player Contracts Player Contracts Team 2026 2027 2028 2029 2030 New Zealand Warriors ✔ ✔ ✔ Stats 2026 Stats Round Opp P T G MINS AR ARM LB LBA TA OL TK MT TB KM 40/20 PE ER TOTALS 16 24 3 6 1099 264 2504 9 2 4 4 69 16 75 8 0 0 14 1 0 0 0 0 0 0 0 0 0 0 0 0 0 0 0 0 0 2 0 0 0 71 22 207 0 0 0 0 6 2 6 0 0 0 1 3 2 0 1 80 17 187 1 0 1 0 3 2 7 0 0 0 1 4 0 0 0 68 17 144 0 1 1 0 4 2 6 0 0 0 0 5 0 0 0 80 16 111 0 0 0 1 6 2 3 0 "
"nzl","New Zealand Warriors","Tanner Stowers-Smith","Unknown","true","200","Tanner Stowers-Smith (New Zealand Warriors) - NRL Stats, News, Contract &amp; Player Profile - Zero Tackle","https://www.zerotackle.com/players/tanner-stowers-smith/","Player Contracts Player Contracts Team 2026 2027 2028 2029 2030 New Zealand Warriors ✔ ✔ ✔ Stats 2026 Stats Round Opp P T G MINS AR ARM LB LBA TA OL TK MT TB KM 40/20 PE ER TOTALS 13 0 0 0 443 142 1320 0 0 0 1 269 28 22 0 0 2 6 1 0 0 0 40 14 134 0 0 0 0 12 4 1 0 0 0 0 2 0 0 0 35 13 120 0 0 0 0 19 4 2 0 0 0 0 3 0 0 0 0 0 0 0 0 0 0 0 0 0 0 0 0 0 4 0 0 0 39 11 101 0 0 0 0 36 1 1 0 0 1 1 5 0 0 0 42 16 143 0 0 0 0 22 3 2 "
"nzl","New Zealand Warriors","Te Maire Martin","Unknown","true","200","Te Maire Martin (New Zealand Warriors) - NRL Stats, News, Contract &amp; Player Profile - Zero Tackle","https://www.zerotackle.com/players/te-maire-martin/","Player Contracts Player Contracts Team 2026 2027 2028 2029 2030 New Zealand Warriors ✔ ✔ Stats 2026 Stats Round Opp P T G MINS AR ARM LB LBA TA OL TK MT TB KM 40/20 PE ER TOTALS 7 16 4 0 554 83 640 5 9 8 6 162 22 22 1634 0 1 8 11 4 1 0 74 9 90 0 1 2 0 28 3 1 194 0 0 1 12 8 2 0 80 8 50 2 0 0 0 27 3 4 248 0 1 2 13 0 0 0 80 17 100 1 0 2 2 21 2 2 319 0 0 0 15 4 1 0 80 8 64 1 0 0 0 23 3 4 298 0 0 3 16 0 0 0 80 15 95 0 3 2"
"new","Newcastle Knights","Kalyn Ponga","Fullback","true","200","Kalyn Ponga (Newcastle Knights) - NRL Stats, News, Contract &amp; Player Profile - Zero Tackle","https://www.zerotackle.com/players/kalyn-ponga/","Player Contracts Player Contracts Team 2026 2027 2028 2029 2030 Newcastle Knights $1.2M ✔ ✔ ✔ ✔ Stats 2026 Stats Round Opp P T G MINS AR ARM LB LBA TA OL TK MT TB KM 40/20 PE ER TOTALS 12 84 3 36 870 234 2010 5 15 11 15 31 18 55 1348 0 3 18 1 8 0 4 80 18 157 1 0 2 2 8 0 8 261 0 0 0 2 8 1 2 28 9 110 0 0 0 0 0 1 6 67 0 0 1 9 14 0 7 80 21 204 1 0 1 2 3 2 7 183 0 1 2 10 8 0 4 77 23 241 1 6 2 3 1 1 5 186 0 0 0 11 8 0 4 75"
"new","Newcastle Knights","Dominic Young","Winger","true","200","Dominic Young (Newcastle Knights) - NRL Stats, News, Contract &amp; Player Profile - Zero Tackle","https://www.zerotackle.com/players/dominic-young/","Player Contracts Player Contracts Team 2026 2027 2028 2029 2030 Newcastle Knights ✔ ✔ Stats 2026 Stats Round Opp P T G MINS AR ARM LB LBA TA OL TK MT TB KM 40/20 PE ER TOTALS 17 60 15 0 1360 268 2828 23 1 4 16 32 6 75 72 0 3 29 1 4 1 0 80 19 195 1 1 1 1 0 0 9 0 0 0 3 2 8 2 0 80 18 134 2 0 0 2 3 0 3 0 0 0 3 3 0 0 0 80 13 158 1 0 0 1 2 0 2 0 0 2 0 4 12 3 0 80 19 269 1 0 0 0 1 0 7 0 0 0 0 5 8 2 0 80 15 194 2 0 0 0 5 1 3"
"new","Newcastle Knights","Dane Gagai","Centre","true","200","Dane Gagai (Newcastle Knights) - NRL Stats, News, Contract &amp; Player Profile - Zero Tackle","https://www.zerotackle.com/players/dane-gagai/","Player Contracts Player Contracts Team 2026 2027 2028 2029 2030 Newcastle Knights ✔ Brisbane Broncos ✔ Stats 2026 Stats Round Opp P T G MINS AR ARM LB LBA TA OL TK MT TB KM 40/20 PE ER TOTALS 17 8 2 0 1360 241 2063 8 9 8 18 254 63 91 107 0 4 24 1 0 0 0 80 13 109 1 1 1 0 18 4 5 0 0 0 2 2 0 0 0 80 13 160 0 0 0 0 13 3 8 1 0 0 0 3 0 0 0 80 13 95 0 0 0 1 12 3 3 0 0 1 4 4 0 0 0 80 14 90 0 1 1 1 11 1 9 21 0 0 2 5 0 0 0 80 1"
"new","Newcastle Knights","Bradman Best","Centre","true","200","Bradman Best (Newcastle Knights) - NRL Stats, News, Contract &amp; Player Profile - Zero Tackle","https://www.zerotackle.com/players/bradman-best/","Player Contracts Player Contracts Team 2026 2027 2028 2029 2030 Newcastle Knights $725K $725K Stats 2026 Stats Round Opp P T G MINS AR ARM LB LBA TA OL TK MT TB KM 40/20 PE ER TOTALS 10 16 4 0 761 127 1494 3 10 11 6 135 22 29 30 0 0 8 1 4 1 0 80 17 174 0 0 0 0 14 2 0 0 0 0 1 2 0 0 0 80 16 190 1 1 2 0 4 1 5 0 0 0 0 3 0 0 0 80 13 127 0 1 1 0 14 0 2 19 0 0 1 4 0 0 0 80 10 81 0 0 0 0 23 3 2 11 0 0 0 5 0 0 0 41 4 41 0 1 1"
"new","Newcastle Knights","Greg Marzhew","Winger","true","200","Greg Marzhew (Newcastle Knights) - NRL Stats, News, Contract &amp; Player Profile - Zero Tackle","https://www.zerotackle.com/players/greg-marzhew/","Player Contracts Player Contracts Team 2026 2027 2028 2029 2030 Newcastle Knights ✔ ✔ ✔ ✔ Stats 2026 Stats Round Opp P T G MINS AR ARM LB LBA TA OL TK MT TB KM 40/20 PE ER TOTALS 16 60 15 0 1236 286 3054 17 3 0 9 30 14 71 53 0 7 16 1 4 1 0 80 20 198 1 0 0 0 4 1 7 0 0 0 2 2 4 1 0 80 12 138 1 0 0 0 0 0 3 0 0 0 0 3 4 1 0 80 21 204 2 0 0 0 0 1 5 0 0 1 4 4 0 0 0 80 21 201 0 0 0 0 4 1 3 0 0 1 0 5 8 2 0 80 19 242 1 0 0 0 3 "
"new","Newcastle Knights","Fletcher Sharpe","Five-Eighth","true","200","Fletcher Sharpe (Newcastle Knights) - NRL Stats, News, Contract &amp; Player Profile - Zero Tackle","https://www.zerotackle.com/players/fletcher-sharpe/","Player Contracts Player Contracts Team 2026 2027 2028 2029 2030 Newcastle Knights ✔ ✔ ✔ Stats 2026 Stats Round Opp P T G MINS AR ARM LB LBA TA OL TK MT TB KM 40/20 PE ER TOTALS 15 28 7 0 1146 180 1630 7 9 7 9 218 33 45 393 0 2 13 1 4 1 0 26 5 39 0 1 1 2 5 1 5 20 0 0 1 4 0 0 0 80 6 37 0 1 1 0 22 3 3 102 0 0 0 5 4 1 0 80 11 122 0 0 1 1 11 2 5 88 0 1 0 6 0 0 0 80 6 79 1 1 0 0 20 5 0 121 0 0 1 7 0 0 0 80 19 113 0 0 0 1 5"
"new","Newcastle Knights","Dylan Brown","Halfback","true","200","Dylan Brown (Newcastle Knights) - NRL Stats, News, Contract &amp; Player Profile - Zero Tackle","https://www.zerotackle.com/players/dylan-brown/","Player Contracts Player Contracts Team 2026 2027 2028 2029 2030 Newcastle Knights $1.3M $1.3M $1.3M $1.3M $1.3M Stats 2026 Stats Round Opp P T G MINS AR ARM LB LBA TA OL TK MT TB KM 40/20 PE ER TOTALS 13 9 2 0 984 189 1666 3 6 8 17 277 23 28 3963 0 3 11 1 0 0 0 80 15 126 0 1 0 1 21 5 0 263 0 0 1 2 0 0 0 41 5 45 1 1 2 2 10 0 1 124 0 0 0 7 0 0 0 80 12 90 0 0 1 2 17 7 1 448 0 0 0 8 4 1 0 80 15 201 2 0 0 2 28 0 5 439 0 0"
"new","Newcastle Knights","Jacob Saifiti","Prop","true","200","Jacob Saifiti (Newcastle Knights) - NRL Stats, News, Contract &amp; Player Profile - Zero Tackle","https://www.zerotackle.com/players/jacob-saifiti/","Player Contracts Player Contracts Team 2026 2027 2028 2029 2030 Newcastle Knights $700K $700K Stats 2026 Stats Round Opp P T G MINS AR ARM LB LBA TA OL TK MT TB KM 40/20 PE ER TOTALS 17 4 1 0 846 171 1674 0 1 1 5 436 40 21 0 0 1 1 1 0 0 0 53 12 113 0 0 0 0 36 0 1 0 0 0 0 2 0 0 0 53 12 122 0 0 0 0 27 1 2 0 0 0 0 3 0 0 0 43 11 112 0 0 0 0 23 1 1 0 0 0 0 4 0 0 0 52 12 138 0 0 0 1 35 2 5 0 0 0 0 5 0 0 0 65 19 178 0 0 0 1"
"new","Newcastle Knights","Phoenix Crossland","Hooker","true","200","Phoenix Crossland (Newcastle Knights) - NRL Stats, News, Contract &amp; Player Profile - Zero Tackle","https://www.zerotackle.com/players/phoenix-crossland/","Player Contracts Player Contracts Team 2026 2027 2028 2029 2030 Newcastle Knights ✔ ✔ ✔ Stats 2026 Stats Round Opp P T G MINS AR ARM LB LBA TA OL TK MT TB KM 40/20 PE ER TOTALS 17 8 2 0 1257 33 255 1 2 0 1 746 50 3 556 3 6 6 1 0 0 0 80 1 10 0 0 0 0 48 3 0 49 1 0 0 2 0 0 0 80 4 24 0 0 0 1 25 2 0 197 0 0 1 3 0 0 0 80 2 25 0 0 0 0 51 3 1 50 0 1 0 4 0 0 0 77 0 0 0 0 0 0 52 1 0 57 0 0 0 5 4 1 0 77 6 63 0 0 0 0 39 4 0 0 0 "
"new","Newcastle Knights","Trey Mooney","Prop","true","200","Trey Mooney (Newcastle Knights) - NRL Stats, News, Contract &amp; Player Profile - Zero Tackle","https://www.zerotackle.com/players/trey-mooney/","Player Contracts Player Contracts Team 2026 2027 2028 2029 2030 Newcastle Knights ✔ ✔ ✔ ✔ Stats 2026 Stats Round Opp P T G MINS AR ARM LB LBA TA OL TK MT TB KM 40/20 PE ER TOTALS 15 20 5 0 737 168 1477 5 0 0 18 476 31 34 16 0 11 9 1 4 1 0 49 14 132 1 0 0 3 33 2 2 0 0 0 1 2 0 0 0 50 17 118 0 0 0 5 26 1 1 16 0 1 1 3 0 0 0 44 9 62 0 0 0 2 29 1 1 0 0 2 2 5 0 0 0 40 7 43 0 0 0 0 34 1 3 0 0 0 0 6 4 1 0 48 7 49 1 0 0 0 37 3"
"new","Newcastle Knights","Dylan Lucas","2nd Row","true","200","Dylan Lucas (Newcastle Knights) - NRL Stats, News, Contract &amp; Player Profile - Zero Tackle","https://www.zerotackle.com/players/dylan-lucas/","Player Contracts Player Contracts Team 2026 2027 2028 2029 2030 Newcastle Knights ✔ ✔ ✔ ✔ ✔ Stats 2026 Stats Round Opp P T G MINS AR ARM LB LBA TA OL TK MT TB KM 40/20 PE ER TOTALS 15 36 9 0 1190 184 1862 8 0 1 4 584 23 37 29 0 5 7 1 0 0 0 80 16 138 0 0 0 0 45 2 1 0 0 0 0 2 0 0 0 80 14 124 0 0 0 0 30 0 3 0 0 0 0 3 0 0 0 80 11 108 0 0 0 0 39 1 3 0 0 0 1 4 4 1 0 70 13 120 1 0 0 0 44 2 4 0 0 2 1 5 0 0 0 80 18 167 0 0 0 "
"new","Newcastle Knights","Jermaine McEwen","2nd Row","true","200","Jermaine McEwen (Newcastle Knights) - NRL Stats, News, Contract &amp; Player Profile - Zero Tackle","https://www.zerotackle.com/players/jermaine-mcewen/","Player Contracts Player Contracts Team 2026 2027 2028 2029 2030 Newcastle Knights ✔ ✔ ✔ Stats 2026 Stats Round Opp P T G MINS AR ARM LB LBA TA OL TK MT TB KM 40/20 PE ER TOTALS 15 4 1 0 1161 177 1498 2 1 2 3 503 43 26 64 0 11 11 1 0 0 0 68 7 47 0 0 0 0 35 0 3 0 0 3 1 2 0 0 0 80 14 104 0 0 0 0 28 1 0 0 0 1 2 3 0 0 0 80 10 69 0 0 0 0 40 6 0 0 0 0 1 4 0 0 0 80 13 126 1 0 1 0 37 7 3 0 0 0 0 5 0 0 0 80 13 113 0 0 0 1 39 4"
"new","Newcastle Knights","Mathew Croker","Lock","false","404","Page not found - Zero Tackle","https://www.zerotackle.com/players/mathew-croker/",""
"new","Newcastle Knights","Sandon Smith","Interchange","true","200","Sandon Smith (Newcastle Knights) - NRL Stats, News, Contract &amp; Player Profile - Zero Tackle","https://www.zerotackle.com/players/sandon-smith/","Player Contracts Player Contracts Team 2026 2027 2028 2029 2030 Newcastle Knights $500K $500K $500K $500K Stats 2026 Stats Round Opp P T G MINS AR ARM LB LBA TA OL TK MT TB KM 40/20 PE ER TOTALS 16 60 1 28 1056 166 1184 1 13 11 10 261 56 13 2971 0 5 8 1 0 0 0 54 7 62 0 1 1 0 13 3 0 112 0 0 0 2 8 0 4 80 11 60 0 1 1 0 8 2 1 171 0 0 0 3 4 0 2 80 16 114 0 1 0 1 18 7 2 118 0 0 0 4 4 0 2 80 10 63 0 1 0 0 15 3 1 513 0 1 0 5"
"new","Newcastle Knights","Tyson Frizell","Interchange","true","200","Tyson Frizell (Newcastle Knights) - NRL Stats, News, Contract &amp; Player Profile - Zero Tackle","https://www.zerotackle.com/players/tyson-frizell/","Player Contracts Player Contracts Team 2026 2027 2028 2029 2030 Newcastle Knights ✔ Stats 2026 Stats Round Opp P T G MINS AR ARM LB LBA TA OL TK MT TB KM 40/20 PE ER TOTALS 15 8 2 0 577 138 1353 1 1 0 12 335 18 13 11 0 4 5 1 0 0 0 47 10 90 0 0 0 2 31 5 0 0 0 1 0 2 4 1 0 37 10 92 0 0 0 0 20 1 1 0 0 1 0 3 0 0 0 37 6 56 0 0 0 1 29 2 1 11 0 0 0 4 4 1 0 40 11 119 1 0 0 0 25 0 3 0 0 0 0 5 0 0 0 40 18 166 0 0 0 2 22 1 0 0 0"
"new","Newcastle Knights","Brodie Jones","Interchange","true","200","Brodie Jones (Newcastle Knights) - NRL Stats, News, Contract &amp; Player Profile - Zero Tackle","https://www.zerotackle.com/players/brodie-jones/","Player Contracts Player Contracts Team 2026 2027 2028 2029 2030 Newcastle Knights ✔ Stats Latest NRL News Knights forward reveals potential golf switch Leo Twemlow - May 28, 2026 Brodie Jones Controversial call irrelevant after stunning match-winning try Alex Stuart - June 22, 2025 Brodie Jones $14,700 in fines as suspensions avoided: NRL judiciary wrap, Round 10 Scott Pryde - May 14, 2025 Brodie Jones Knights trio, "
"new","Newcastle Knights","Cody Hopwood","Interchange","true","200","Cody Hopwood (Newcastle Knights) - NRL Stats, News, Contract &amp; Player Profile - Zero Tackle","https://www.zerotackle.com/players/cody-hopwood/","Player Contracts Player Contracts Team 2026 2027 2028 2029 2030 Newcastle Knights ✔ ✔ ✔ Stats 2026 Stats Round Opp P T G MINS AR ARM LB LBA TA OL TK MT TB KM 40/20 PE ER TOTALS 14 0 0 0 192 59 434 1 0 0 4 146 4 8 0 0 0 0 3 0 0 0 0 0 0 0 0 0 0 0 0 0 0 0 0 0 4 0 0 0 25 8 57 0 0 0 0 12 1 0 0 0 0 0 6 0 0 0 0 0 0 0 0 0 0 0 0 0 0 0 0 0 7 0 0 0 18 8 53 0 0 0 2 14 0 0 0 0 0 0 8 0 0 0 13 8 53 0 0 0 0 8 0 0 0 0 0 0 9 0 0 0 12 "
"new","Newcastle Knights","Asu Kepaoa","Unknown","true","200","Asu Kepaoa (Newcastle Knights) - NRL Stats, News, Contract &amp; Player Profile - Zero Tackle","https://www.zerotackle.com/players/asu-kepaoa/","Player Contracts Player Contracts Team 2026 2027 2028 2029 2030 Newcastle Knights ✔ ✔ Stats 2026 Stats Round Opp P T G MINS AR ARM LB LBA TA OL TK MT TB KM 40/20 PE ER TOTALS 1 0 0 0 0 0 0 0 0 0 0 0 0 0 0 0 0 0 8 0 0 0 0 0 0 0 0 0 0 0 0 0 0 0 0 0 Latest NRL News Asu Kepaoa handed long ban by NSWRL judiciary over slur Scott Pryde - June 25, 2026 Latest NRL News NSW Cup second rower sent to judiciary after alleged homo"
"new","Newcastle Knights","Elijah Salesa-Leaumoana","Unknown","true","200","Elijah Salesa-Leaumoana (Newcastle Knights) - NRL Stats, News, Contract &amp; Player Profile - Zero Tackle","https://www.zerotackle.com/players/elijah-salesa-leaumoana/","Player Contracts Player Contracts Team 2026 2027 2028 2029 2030 Newcastle Knights ✔ ✔ Stats 2026 Stats Round Opp P T G MINS AR ARM LB LBA TA OL TK MT TB KM 40/20 PE ER TOTALS 2 0 0 0 22 3 15 0 0 0 0 12 0 0 0 0 0 1 7 0 0 0 0 0 0 0 0 0 0 0 0 0 0 0 0 0 8 0 0 0 22 3 15 0 0 0 0 12 0 0 0 0 0 1 Elijah Salesa-Leaumoana Newcastle Knights extend young forward Ethan Lee Chalk - June 25, 2025 Latest News FULL TIME: Storm vs Tita"
"new","Newcastle Knights","Francis Manuleleua","Unknown","true","200","Francis Manuleleua (Newcastle Knights) - NRL Stats, News, Contract &amp; Player Profile - Zero Tackle","https://www.zerotackle.com/players/francis-manuleleua/","Player Contracts Player Contracts Team 2026 2027 2028 2029 2030 Newcastle Knights ✔ CO Stats 2026 Stats Round Opp P T G MINS AR ARM LB LBA TA OL TK MT TB KM 40/20 PE ER TOTALS 12 0 0 0 237 27 257 2 0 1 4 101 16 3 0 0 0 0 1 0 0 0 0 0 0 0 0 0 0 0 0 0 0 0 0 0 2 0 0 0 0 0 0 0 0 0 0 0 0 0 0 0 0 0 3 0 0 0 11 1 6 0 0 0 0 9 1 0 0 0 0 0 7 0 0 0 80 11 123 2 0 1 0 31 6 1 0 0 0 0 8 0 0 0 65 5 41 0 0 0 2 26 6 0 0 0 0 0 9 0 0 0 7 "
"new","Newcastle Knights","James Schiller","Unknown","true","200","James Schiller (Newcastle Knights) - NRL Stats, News, Contract &amp; Player Profile - Zero Tackle","https://www.zerotackle.com/players/james-schiller/","Player Contracts Player Contracts Team 2026 2027 2028 2029 2030 Newcastle Knights ✔ ✔ Stats 2026 Stats Round Opp P T G MINS AR ARM LB LBA TA OL TK MT TB KM 40/20 PE ER TOTALS 2 0 0 0 80 11 105 0 0 0 0 8 7 6 0 0 0 2 8 0 0 0 80 11 105 0 0 0 0 8 7 6 0 0 0 2 16 0 0 0 0 0 0 0 0 0 0 0 0 0 0 0 0 0 James Schiller Judiciary hands down charges after Saturday clashes Alex Stuart - June 22, 2025 James Schiller Three suspended, f"
"new","Newcastle Knights","Lachlan Crouch","Unknown","true","200","Lachlan Crouch (Newcastle Knights) - NRL Stats, News, Contract &amp; Player Profile - Zero Tackle","https://www.zerotackle.com/players/lachlan-crouch/","Player Contracts Player Contracts Team 2026 2027 2028 2029 2030 Newcastle Knights ✔ ✔ ✔ Stats 2026 Stats Round Opp P T G MINS AR ARM LB LBA TA OL TK MT TB KM 40/20 PE ER TOTALS 3 0 0 0 57 17 139 1 0 0 0 41 0 2 0 0 1 1 17 0 0 0 0 0 0 0 0 0 0 0 0 0 0 0 0 0 18 0 0 0 41 11 95 0 0 0 0 25 0 0 0 0 0 0 19 0 0 0 16 6 44 1 0 0 0 16 0 2 0 0 1 1 NRL Editorial and Opinion Rookie Watch: The TEN best young prospects yet to debut at"
"new","Newcastle Knights","Matt Arthur","Unknown","true","200","Matt Arthur (Newcastle Knights) - NRL Stats, News, Contract &amp; Player Profile - Zero Tackle","https://www.zerotackle.com/players/matt-arthur/","Player Contracts Player Contracts Team 2026 2027 2028 2029 2030 Newcastle Knights ✔ ✔ Stats Matt Arthur Newcastle Knights recruit sustains injury Ethan Lee Chalk - March 4, 2025 Matt Arthur Eels confirm departures of eleven players Matt Clements - September 11, 2024 Matt Arthur Parramatta young gun reportedly locks up new home Scott Pryde - August 20, 2024 Matt Arthur Eels make bombshell call over future of gun rooki"
"new","Newcastle Knights","Pasamu Saulo","Unknown","true","200","Pasami Saulo (Newcastle Knights) - NRL Stats, News, Contract &amp; Player Profile - Zero Tackle","https://www.zerotackle.com/players/pasami-saulo/","Player Contracts Player Contracts Team 2026 2027 2028 2029 2030 Newcastle Knights ✔ ✔ Stats 2026 Stats Round Opp P T G MINS AR ARM LB LBA TA OL TK MT TB KM 40/20 PE ER TOTALS 13 0 0 0 355 75 668 0 0 0 2 238 6 7 0 0 1 3 1 0 0 0 23 3 19 0 0 0 0 20 0 0 0 0 0 0 2 0 0 0 41 10 94 0 0 0 0 13 1 2 0 0 0 1 3 0 0 0 24 4 37 0 0 0 0 18 1 0 0 0 0 1 4 0 0 0 27 8 64 0 0 0 1 20 1 4 0 0 0 1 5 0 0 0 15 6 67 0 0 0 0 15 0 0 0 0 0 0 6 0 0"
"new","Newcastle Knights","Peter Hola","Unknown","true","200","Peter Hola (Newcastle Knights) - NRL Stats, News, Contract &amp; Player Profile - Zero Tackle","https://www.zerotackle.com/players/peter-hola/","Player Contracts Player Contracts Team 2026 2027 2028 2029 2030 Newcastle Knights ✔ ✔ Stats 2026 Stats Round Opp P T G MINS AR ARM LB LBA TA OL TK MT TB KM 40/20 PE ER TOTALS 1 0 0 0 13 2 20 0 0 0 0 6 1 0 0 0 0 1 7 0 0 0 13 2 20 0 0 0 0 6 1 0 0 0 0 1 Latest NRL News Newcastle Knights duo undergo surgery in double blow Leo Twemlow - June 19, 2026 Latest NRL News Dolphins set to confirm nine player departures Ethan Lee"
"new","Newcastle Knights","Thomas Cant","Unknown","true","200","Thomas Cant (Newcastle Knights) - NRL Stats, News, Contract &amp; Player Profile - Zero Tackle","https://www.zerotackle.com/players/thomas-cant/","Player Contracts Player Contracts Team 2026 2027 2028 2029 2030 Newcastle Knights ✔ ✔ ✔ Stats 2026 Stats Round Opp P T G MINS AR ARM LB LBA TA OL TK MT TB KM 40/20 PE ER TOTALS 12 0 0 0 315 50 438 0 0 0 0 188 15 12 0 0 0 0 1 0 0 0 24 6 60 0 0 0 0 14 3 0 0 0 0 0 2 0 0 0 0 0 0 0 0 0 0 0 0 0 0 0 0 0 3 0 0 0 22 6 55 0 0 0 0 16 1 0 0 0 0 0 4 0 0 0 19 3 28 0 0 0 0 15 2 1 0 0 0 0 5 0 0 0 0 0 0 0 0 0 0 0 0 0 0 0 0 0 6 0 0 0 "
"new","Newcastle Knights","Wil Sullivan","Unknown","true","200","Wil Sullivan (Newcastle Knights) - NRL Stats, News, Contract &amp; Player Profile - Zero Tackle","https://www.zerotackle.com/players/wil-sullivan/","Player Contracts Player Contracts Team 2026 2027 2028 2029 2030 Newcastle Knights ✔ ✔ ✔ Stats NRL Editorial and Opinion Rookie Watch: The TEN best young prospects yet to debut at... Ethan Lee Chalk - November 12, 2025 Wil Sullivan U19s QLD forward finds new home Ethan Lee Chalk - February 26, 2025 North Queensland Cowboys Cowboys confirm SEVEN promotions to NRL squad Scott Pryde - October 26, 2023 Latest News FULL TI"
"new","Newcastle Knights","Wilson Decourcey","Unknown","true","200","Wilson De Courcey (Newcastle Knights) - NRL Stats, News, Contract &amp; Player Profile - Zero Tackle","https://www.zerotackle.com/players/wilson-de-courcey/","Player Contracts Player Contracts Team 2026 2027 2028 2029 2030 Newcastle Knights ✔ Stats 2026 Stats Round Opp P T G MINS AR ARM LB LBA TA OL TK MT TB KM 40/20 PE ER TOTALS 3 0 0 0 81 9 74 0 0 0 1 10 5 1 0 0 1 0 4 0 0 0 0 0 0 0 0 0 0 0 0 0 0 0 0 0 5 0 0 0 40 5 54 0 0 0 1 6 3 1 0 0 0 0 6 0 0 0 41 4 20 0 0 0 0 4 2 0 0 0 1 0 Latest NRL News Newcastle Knights young gun makes stunning contract decision Aden McGovern - May"
"nql","North Queensland Cowboys","Scott Drinkwater","Fullback","true","200","Scott Drinkwater (North Queensland Cowboys) - NRL Stats, News, Contract &amp; Player Profile - Zero Tackle","https://www.zerotackle.com/players/scott-drinkwater/","Player Contracts Player Contracts Team 2026 2027 2028 2029 2030 North Queensland Cowboys $750K St George Illawarra Dragons $950K $950K $950K Stats 2026 Stats Round Opp P T G MINS AR ARM LB LBA TA OL TK MT TB KM 40/20 PE ER TOTALS 17 36 8 1 1352 331 2619 7 23 18 22 102 35 60 1718 2 7 29 1 0 0 0 68 19 117 0 0 0 1 4 2 3 71 0 0 2 2 0 0 0 80 16 143 0 2 2 0 4 3 3 48 0 0 2 3 4 1 0 80 22 224 1 1 1 2 4 3 7 102 0 0 2 4 2 0 1 8"
"nql","North Queensland Cowboys","Murray Taulagi","Winger","true","200","Murray Taulagi (North Queensland Cowboys) - NRL Stats, News, Contract &amp; Player Profile - Zero Tackle","https://www.zerotackle.com/players/murray-taulagi/","Player Contracts Player Contracts Team 2026 2027 2028 2029 2030 North Queensland Cowboys ✔ Stats 2026 Stats Round Opp P T G MINS AR ARM LB LBA TA OL TK MT TB KM 40/20 PE ER TOTALS 14 44 11 0 939 195 1837 10 5 1 9 71 16 30 39 0 2 8 1 8 2 0 80 17 170 1 0 0 1 6 1 1 0 0 0 1 2 0 0 0 80 14 143 0 1 0 1 7 3 1 0 0 0 0 3 8 2 0 80 19 169 2 0 0 0 4 0 3 25 0 0 1 4 4 1 0 80 15 134 1 1 0 0 3 2 3 0 0 0 0 5 4 1 0 80 22 160 1 1 0 3 6 "
"nql","North Queensland Cowboys","Zac Laybutt","Centre","true","200","Zac Laybutt (North Queensland Cowboys) - NRL Stats, News, Contract &amp; Player Profile - Zero Tackle","https://www.zerotackle.com/players/zac-laybutt/","Player Contracts Player Contracts Team 2026 2027 2028 2029 2030 North Queensland Cowboys ✔ ✔ Stats 2026 Stats Round Opp P T G MINS AR ARM LB LBA TA OL TK MT TB KM 40/20 PE ER TOTALS 15 8 2 0 988 158 1361 6 5 2 4 107 15 26 17 0 2 15 3 0 0 0 0 0 0 0 0 0 0 0 0 0 0 0 0 0 4 0 0 0 80 7 52 0 1 1 0 21 0 0 0 0 0 1 5 0 0 0 24 4 44 0 0 0 0 1 0 0 0 0 0 0 6 4 1 0 80 17 176 1 0 0 0 3 0 1 0 0 0 0 7 0 0 0 80 13 135 0 0 0 0 9 0 2 0 0"
"nql","North Queensland Cowboys","Jaxon Purdue","Centre","true","200","Jaxon Purdue (North Queensland Cowboys) - NRL Stats, News, Contract &amp; Player Profile - Zero Tackle","https://www.zerotackle.com/players/jaxon-purdue/","Player Contracts Player Contracts Team 2026 2027 2028 2029 2030 North Queensland Cowboys ✔ ✔ ✔ ✔ ✔ Stats 2026 Stats Round Opp P T G MINS AR ARM LB LBA TA OL TK MT TB KM 40/20 PE ER TOTALS 17 24 6 0 1364 244 2186 11 8 6 12 262 43 44 106 0 6 21 1 0 0 0 80 21 175 0 0 0 0 12 7 6 0 0 0 2 2 4 1 0 80 12 136 2 0 0 0 12 2 2 0 0 0 1 3 4 1 0 80 17 134 1 2 2 3 8 1 3 0 0 0 1 4 0 0 0 80 17 144 1 1 1 1 10 2 1 14 0 0 1 5 8 2 0 80 15"
"nql","North Queensland Cowboys","Robert Derby","Winger","true","200","Robert Derby (North Queensland Cowboys) - NRL Stats, News, Contract &amp; Player Profile - Zero Tackle","https://www.zerotackle.com/players/robert-derby/","Player Contracts Player Contracts Team 2026 2027 2028 2029 2030 North Queensland Cowboys ✔ ✔ ✔ Stats 2026 Stats Round Opp P T G MINS AR ARM LB LBA TA OL TK MT TB KM 40/20 PE ER TOTALS 7 0 0 0 80 23 175 0 0 0 0 12 1 1 0 0 0 1 1 0 0 0 0 0 0 0 0 0 0 0 0 0 0 0 0 0 6 0 0 0 0 0 0 0 0 0 0 0 0 0 0 0 0 0 9 0 0 0 0 0 0 0 0 0 0 0 0 0 0 0 0 0 10 0 0 0 0 0 0 0 0 0 0 0 0 0 0 0 0 0 11 0 0 0 0 0 0 0 0 0 0 0 0 0 0 0 0 0 12 0 0 0 80 2"
"nql","North Queensland Cowboys","Jake Clifford","Five-Eighth","true","200","Jake Clifford (North Queensland Cowboys) - NRL Stats, News, Contract &amp; Player Profile - Zero Tackle","https://www.zerotackle.com/players/jake-clifford/","Player Contracts Player Contracts Team 2026 2027 2028 2029 2030 North Queensland Cowboys ✔ ✔ ✔ Stats 2026 Stats Round Opp P T G MINS AR ARM LB LBA TA OL TK MT TB KM 40/20 PE ER TOTALS 17 132 6 53 1364 151 1281 8 12 14 14 265 35 36 5046 2 9 22 1 6 0 3 80 8 53 0 0 1 0 17 2 2 334 0 2 2 2 4 0 2 80 10 112 0 0 1 3 14 2 3 33 0 0 1 3 14 1 5 80 12 94 1 1 1 0 13 1 2 124 0 1 3 4 6 1 1 80 14 156 2 1 0 1 11 4 9 195 0 0 1 5 12 1 4"
"nql","North Queensland Cowboys","Tom Dearden","Halfback","true","200","Tom Dearden (North Queensland Cowboys) - NRL Stats, News, Contract &amp; Player Profile - Zero Tackle","https://www.zerotackle.com/players/tom-dearden/","Player Contracts Player Contracts Team 2026 2027 2028 2029 2030 North Queensland Cowboys $700K $700K $700K $700K Stats 2026 Stats Round Opp P T G MINS AR ARM LB LBA TA OL TK MT TB KM 40/20 PE ER TOTALS 10 4 1 0 801 141 1123 5 14 11 3 240 16 26 1635 0 2 3 1 0 0 0 80 12 89 0 1 1 0 37 1 3 55 0 0 0 2 0 0 0 80 8 54 0 0 0 0 24 3 0 194 0 0 0 3 0 0 0 80 15 90 0 0 0 0 26 2 2 277 0 1 0 4 0 0 0 80 12 77 1 1 1 0 18 1 1 162 0 0 0"
"nql","North Queensland Cowboys","Jason Taumalolo","Prop","true","200","Jason Taumalolo (North Queensland Cowboys) - NRL Stats, News, Contract &amp; Player Profile - Zero Tackle","https://www.zerotackle.com/players/jason-taumalolo/","Player Contracts Player Contracts Team 2026 2027 2028 2029 2030 North Queensland Cowboys $950K $950K Stats 2026 Stats Round Opp P T G MINS AR ARM LB LBA TA OL TK MT TB KM 40/20 PE ER TOTALS 16 0 0 0 743 222 2472 1 2 2 15 301 34 36 0 0 1 4 1 0 0 0 43 12 141 0 0 0 1 19 2 2 0 0 0 0 2 0 0 0 47 12 148 0 0 0 1 20 2 1 0 0 0 0 3 0 0 0 50 15 176 0 0 0 1 15 3 1 0 0 0 0 4 0 0 0 50 15 153 0 0 0 1 20 0 0 0 0 0 0 5 0 0 0 44 15 163"
"nql","North Queensland Cowboys","Reed Mahoney","Hooker","true","200","Reed Mahoney (North Queensland Cowboys) - NRL Stats, News, Contract &amp; Player Profile - Zero Tackle","https://www.zerotackle.com/players/reed-mahoney/","Player Contracts Player Contracts Team 2026 2027 2028 2029 2030 North Queensland Cowboys ✔ ✔ ✔ Stats 2026 Stats Round Opp P T G MINS AR ARM LB LBA TA OL TK MT TB KM 40/20 PE ER TOTALS 16 12 3 0 1013 60 480 5 3 3 2 591 56 12 793 1 8 12 1 0 0 0 80 5 30 0 0 0 0 47 2 1 120 0 0 1 2 0 0 0 56 4 27 0 0 0 1 40 6 1 0 0 0 2 3 0 0 0 62 4 25 0 0 0 0 33 4 0 110 0 0 0 4 0 0 0 62 0 0 0 0 0 0 28 4 0 0 0 1 1 5 0 0 0 80 6 52 0 0 0 0 47"
"nql","North Queensland Cowboys","Coen Hess","Prop","true","200","Coen Hess (North Queensland Cowboys) - NRL Stats, News, Contract &amp; Player Profile - Zero Tackle","https://www.zerotackle.com/players/coen-hess/","Player Contracts Player Contracts Team 2026 2027 2028 2029 2030 North Queensland Cowboys ✔ ✔ Stats 2026 Stats Round Opp P T G MINS AR ARM LB LBA TA OL TK MT TB KM 40/20 PE ER TOTALS 17 4 1 0 667 140 1490 1 0 0 10 404 14 18 0 0 2 5 1 0 0 0 38 8 94 0 0 0 0 29 2 0 0 0 0 0 2 0 0 0 32 7 69 0 0 0 0 21 1 2 0 0 0 1 3 0 0 0 40 8 96 0 0 0 0 23 0 1 0 0 1 0 4 0 0 0 43 10 109 0 0 0 0 10 0 1 0 0 1 0 5 0 0 0 41 7 120 0 0 0 0 20 1 2"
"nql","North Queensland Cowboys","Heilum Luki","2nd Row","true","200","Heilum Luki (North Queensland Cowboys) - NRL Stats, News, Contract &amp; Player Profile - Zero Tackle","https://www.zerotackle.com/players/heilum-luki/","Player Contracts Player Contracts Team 2026 2027 2028 2029 2030 North Queensland Cowboys $650K $650K $650K $650K Stats 2026 Stats Round Opp P T G MINS AR ARM LB LBA TA OL TK MT TB KM 40/20 PE ER TOTALS 17 28 7 0 1364 190 1801 10 0 1 1 663 38 37 0 0 11 11 1 4 1 0 80 10 97 1 0 0 0 48 3 3 0 0 0 0 2 0 0 0 80 9 90 0 0 0 0 43 3 3 0 0 1 1 3 0 0 0 80 19 159 0 0 0 0 40 1 0 0 0 1 1 4 4 1 0 80 10 90 1 0 0 0 37 2 2 0 0 1 2 5 0 0"
"nql","North Queensland Cowboys","Jeremiah Nanai","2nd Row","true","200","Jeremiah Nanai (North Queensland Cowboys) - NRL Stats, News, Contract &amp; Player Profile - Zero Tackle","https://www.zerotackle.com/players/jeremiah-nanai/","Player Contracts Player Contracts Team 2026 2027 2028 2029 2030 North Queensland Cowboys $800K $800K Stats 2026 Stats Round Opp P T G MINS AR ARM LB LBA TA OL TK MT TB KM 40/20 PE ER TOTALS 6 12 3 0 374 50 477 1 0 0 3 133 13 9 0 0 0 2 8 0 0 0 59 7 61 0 0 0 1 23 1 0 0 0 0 0 9 0 0 0 43 7 58 0 0 0 0 23 2 1 0 0 0 0 16 4 1 0 80 9 121 1 0 0 0 36 0 3 0 0 0 1 17 8 2 0 80 11 100 0 0 0 1 17 7 1 0 0 0 1 19 0 0 0 82 11 100 0 0 0"
"nql","North Queensland Cowboys","Reuben Cotter","Lock","true","200","Reuben Cotter (North Queensland Cowboys) - NRL Stats, News, Contract &amp; Player Profile - Zero Tackle","https://www.zerotackle.com/players/reuben-cotter/","Player Contracts Player Contracts Team 2026 2027 2028 2029 2030 North Queensland Cowboys $750K $750K $750K Stats 2026 Stats Round Opp P T G MINS AR ARM LB LBA TA OL TK MT TB KM 40/20 PE ER TOTALS 17 8 2 0 1103 172 1525 1 0 0 4 634 66 11 0 0 3 4 1 0 0 0 65 10 98 0 0 0 0 36 5 0 0 0 0 0 3 0 0 0 63 9 89 0 0 0 0 29 4 1 0 0 0 0 4 0 0 0 56 7 66 0 0 0 0 20 3 1 0 0 0 0 5 0 0 0 70 7 62 0 0 0 0 43 5 1 0 0 1 0 6 0 0 0 63 13 137 "
"nql","North Queensland Cowboys","John Bateman","Interchange","true","200","John Bateman (North Queensland Cowboys) - NRL Stats, News, Contract &amp; Player Profile - Zero Tackle","https://www.zerotackle.com/players/john-bateman/","Player Contracts Player Contracts Team 2026 2027 2028 2029 2030 North Queensland Cowboys ✔ Stats 2026 Stats Round Opp P T G MINS AR ARM LB LBA TA OL TK MT TB KM 40/20 PE ER TOTALS 3 0 0 0 88 22 205 0 0 0 3 60 2 2 0 0 0 0 16 0 0 0 32 6 63 0 0 0 0 26 2 0 0 0 0 0 17 0 0 0 33 8 66 0 0 0 1 20 0 1 0 0 0 0 19 0 0 0 23 8 76 0 0 0 2 14 0 1 0 0 0 0 Latest NRL News Former club circling on John Bateman Leo Twemlow - June 24, 202"
"nql","North Queensland Cowboys","Matt Lodge","Interchange","true","200","Matthew Lodge (North Queensland Cowboys) - NRL Stats, News, Contract &amp; Player Profile - Zero Tackle","https://www.zerotackle.com/players/matt-lodge/","Player Contracts Player Contracts Team 2026 2027 2028 2029 2030 North Queensland Cowboys ✔ Stats 2026 Stats Round Opp P T G MINS AR ARM LB LBA TA OL TK MT TB KM 40/20 PE ER TOTALS 17 0 0 0 320 103 942 0 0 0 13 163 14 21 13 0 3 2 1 0 0 0 20 10 83 0 0 0 1 7 0 0 0 0 0 0 2 0 0 0 34 5 57 0 0 0 0 23 2 0 13 0 1 1 3 0 0 0 30 11 108 0 0 0 1 11 1 3 0 0 0 0 4 0 0 0 24 4 38 0 0 0 0 13 2 2 0 0 0 0 5 0 0 0 0 0 0 0 0 0 0 0 0 0 0 0 "
"nql","North Queensland Cowboys","Sam McIntyre","Interchange","true","200","Sam McIntyre (North Queensland Cowboys) - NRL Stats, News, Contract &amp; Player Profile - Zero Tackle","https://www.zerotackle.com/players/sam-mcintyre/","Player Contracts Player Contracts Team 2026 2027 2028 2029 2030 North Queensland Cowboys ✔ Stats 2026 Stats Round Opp P T G MINS AR ARM LB LBA TA OL TK MT TB KM 40/20 PE ER TOTALS 16 4 1 0 772 90 756 1 2 1 3 353 45 14 0 0 6 5 1 0 0 0 69 6 43 0 1 1 1 42 3 0 0 0 0 2 2 0 0 0 80 6 58 0 0 0 0 42 4 4 0 0 2 0 3 0 0 0 80 11 96 0 0 0 0 21 5 1 0 0 2 0 4 4 1 0 80 6 43 1 0 0 0 34 5 2 0 0 0 1 5 0 0 0 23 7 50 0 0 0 0 6 2 1 0 0 0 0"
"nql","North Queensland Cowboys","Griffin Neame","Interchange","true","200","Griffin Neame (North Queensland Cowboys) - NRL Stats, News, Contract &amp; Player Profile - Zero Tackle","https://www.zerotackle.com/players/griffin-neame/","Player Contracts Player Contracts Team 2026 2027 2028 2029 2030 North Queensland Cowboys ✔ ✔ ✔ ✔ Stats 2026 Stats Round Opp P T G MINS AR ARM LB LBA TA OL TK MT TB KM 40/20 PE ER TOTALS 17 0 0 0 605 149 1392 0 1 0 2 376 48 5 0 0 5 5 1 0 0 0 28 11 112 0 0 0 0 14 4 0 0 0 1 0 2 0 0 0 47 12 123 0 0 0 0 25 6 2 0 0 0 1 3 0 0 0 40 13 132 0 0 0 0 16 3 0 0 0 0 0 4 0 0 0 30 5 43 0 0 0 0 19 2 0 0 0 0 0 5 0 0 0 31 5 56 0 1 0 1 1"
"nql","North Queensland Cowboys","Harrison Edwards","Unknown","true","200","Harrison Edwards (Parramatta Eels) - NRL Stats, News, Contract &amp; Player Profile - Zero Tackle","https://www.zerotackle.com/players/harrison-edwards/","Player Contracts Player Contracts Team 2026 2027 2028 2029 2030 Parramatta Eels ✔ ✔ Stats 2026 Stats Round Opp P T G MINS AR ARM LB LBA TA OL TK MT TB KM 40/20 PE ER TOTALS 9 0 0 0 193 34 300 0 0 0 1 137 3 1 41 0 0 2 2 0 0 0 13 1 14 0 0 0 0 12 1 0 0 0 0 0 6 0 0 0 0 0 0 0 0 0 0 0 0 0 0 0 0 0 7 0 0 0 0 0 0 0 0 0 0 0 0 0 0 0 0 0 13 0 0 0 30 5 33 0 0 0 0 19 0 0 0 0 0 0 14 0 0 0 27 4 44 0 0 0 0 27 1 0 0 0 0 1 15 0 0 0 53 "
"nql","North Queensland Cowboys","James Walsh","Unknown","true","200","James Walsh (North Queensland Cowboys) - NRL Stats, News, Contract &amp; Player Profile - Zero Tackle","https://www.zerotackle.com/players/james-walsh/","Player Contracts Player Contracts Team 2026 2027 2028 2029 2030 North Queensland Cowboys ✔ ✔ ✔ Stats NRL Editorial and Opinion Contract plays: Will Reed Mahoney save Todd Payten? Scott Pryde - December 30, 2025 Featured EXCLUSIVE: Explosive young Dolphin signs with Queensland rivals Ethan Lee Chalk - November 18, 2025 James Walsh Early departure looming?: Roosters, Sea Eagles making moves for Cherry-Evans' immediate."
"nql","North Queensland Cowboys","Jaxson Paulo","Unknown","true","200","Jaxson Paulo (North Queensland Cowboys) - NRL Stats, News, Contract &amp; Player Profile - Zero Tackle","https://www.zerotackle.com/players/jaxson-paulo/","Player Contracts Player Contracts Team 2026 2027 2028 2029 2030 North Queensland Cowboys ✔ Stats Jaxson Paulo Paulo confirms fourth club in four years Scott Pryde - November 12, 2024 Jaxson Paulo Sea Eagles winger set to make surprise move in player swap Scott Pryde - October 3, 2024 Jaxson Paulo Refereeing issues continue to plague NRL as fans call for overhaul Alex Stuart - May 18, 2024 Sydney Roosters Roosters add"
"nql","North Queensland Cowboys","Kai O'Donnell","Unknown","true","200","Kai O&#039;Donnell (North Queensland Cowboys) - NRL Stats, News, Contract &amp; Player Profile - Zero Tackle","https://www.zerotackle.com/players/kai-odonnell/","Player Contracts Player Contracts Team 2026 2027 2028 2029 2030 North Queensland Cowboys ✔ Stats 2026 Stats Round Opp P T G MINS AR ARM LB LBA TA OL TK MT TB KM 40/20 PE ER TOTALS 8 0 0 0 283 41 379 0 0 0 0 126 10 2 0 0 1 1 1 0 0 0 60 11 103 0 0 0 0 28 1 0 0 0 0 0 2 0 0 0 57 8 70 0 0 0 0 24 4 1 0 0 1 0 3 0 0 0 0 0 0 0 0 0 0 0 0 0 0 0 0 0 4 0 0 0 0 0 0 0 0 0 0 0 0 0 0 0 0 0 5 0 0 0 57 10 89 0 0 0 0 21 1 1 0 0 0 1 6 0 "
"nql","North Queensland Cowboys","Kaiden Lahrs","Unknown","true","200","Kaiden Lahrs (North Queensland Cowboys) - NRL Stats, News, Contract &amp; Player Profile - Zero Tackle","https://www.zerotackle.com/players/kaiden-lahrs/","Player Contracts Player Contracts Team 2026 2027 2028 2029 2030 North Queensland Cowboys ✔ Stats 2026 Stats Round Opp P T G MINS AR ARM LB LBA TA OL TK MT TB KM 40/20 PE ER TOTALS 2 0 0 0 17 3 45 0 0 0 0 10 1 1 0 0 0 0 2 0 0 0 0 0 0 0 0 0 0 0 0 0 0 0 0 0 3 0 0 0 17 3 45 0 0 0 0 10 1 1 0 0 0 0 Matthew Lodge &#8220;Nothing offered&#8221;: Payten clarifies Lodge report, reveals Cowboys contract priority Scott Pryde - Ju"
"nql","North Queensland Cowboys","Mason Kira","Unknown","true","200","Mason Kira (North Queensland Cowboys) - NRL Stats, News, Contract &amp; Player Profile - Zero Tackle","https://www.zerotackle.com/players/mason-kira/","Player Contracts Player Contracts Team 2026 2027 2028 2029 2030 North Queensland Cowboys ✔ Stats Mason Kira Cowboys extend rising star for another 12 months Ethan Lee Chalk - July 5, 2025 NRL Editorial and Opinion Rookie Watch: Top 100 young players yet to play NRL: 40-21 Ethan Lee Chalk - June 26, 2025 Mason Kira Young Cowboys forward earns Top 30 contract Ethan Lee Chalk - September 6, 2024 Mason Kira Queensland an"
"nql","North Queensland Cowboys","Soni Luke","Unknown","true","200","Soni Luke (North Queensland Cowboys) - NRL Stats, News, Contract &amp; Player Profile - Zero Tackle","https://www.zerotackle.com/players/soni-luke/","Player Contracts Player Contracts Team 2026 2027 2028 2029 2030 North Queensland Cowboys ✔ ✔ Stats 2026 Stats Round Opp P T G MINS AR ARM LB LBA TA OL TK MT TB KM 40/20 PE ER TOTALS 14 8 2 0 342 44 348 2 1 1 2 178 14 6 77 0 2 3 1 0 0 0 0 0 0 0 0 0 0 0 0 0 0 0 0 0 2 0 0 0 24 2 11 0 0 0 0 16 1 0 0 0 0 2 3 0 0 0 18 6 33 0 0 0 0 7 0 0 17 0 0 0 4 0 0 0 18 2 16 0 0 0 0 7 1 0 0 0 0 1 5 0 0 0 0 0 0 0 0 0 0 0 0 0 0 0 0 0 6 4 "
"nql","North Queensland Cowboys","Thomas Mikaele","Unknown","true","200","Thomas Mikaele (North Queensland Cowboys) - NRL Stats, News, Contract &amp; Player Profile - Zero Tackle","https://www.zerotackle.com/players/thomas-mikaele/","Player Contracts Player Contracts Team 2026 2027 2028 2029 2030 North Queensland Cowboys ✔ ✔ ✔ Stats 2026 Stats Round Opp P T G MINS AR ARM LB LBA TA OL TK MT TB KM 40/20 PE ER TOTALS 15 0 0 0 636 190 1869 0 0 0 18 308 9 36 0 0 4 9 1 0 0 0 9 6 71 0 0 0 0 4 0 3 0 0 0 0 4 0 0 0 37 9 68 0 0 0 0 14 0 2 0 0 0 2 5 0 0 0 44 15 146 0 0 0 2 26 0 2 0 0 2 1 6 0 0 0 51 15 209 0 0 0 2 24 2 4 0 0 1 0 7 0 0 0 35 10 113 0 0 0 1 20 0"
"nql","North Queensland Cowboys","Viliami Vailea","Unknown","true","200","Viliami Vailea (North Queensland Cowboys) - NRL Stats, News, Contract &amp; Player Profile - Zero Tackle","https://www.zerotackle.com/players/viliami-vailea/","Player Contracts Player Contracts Team 2026 2027 2028 2029 2030 North Queensland Cowboys ✔ ✔ Stats 2026 Stats Round Opp P T G MINS AR ARM LB LBA TA OL TK MT TB KM 40/20 PE ER TOTALS 2 0 0 0 0 0 0 0 0 0 0 0 0 0 0 0 0 0 7 0 0 0 0 0 0 0 0 0 0 0 0 0 0 0 0 0 12 0 0 0 0 0 0 0 0 0 0 0 0 0 0 0 0 0 Viliami Vailea Three suspended, five fined, one not guilty: NRL judiciary wrap, Round... Scott Pryde - June 11, 2025 Viliami Vail"
"nql","North Queensland Cowboys","Zac Herdegen","Unknown","true","200","Zac Herdegen (North Queensland Cowboys) - NRL Stats, News, Contract &amp; Player Profile - Zero Tackle","https://www.zerotackle.com/players/zac-herdegen/","Player Contracts Player Contracts Team 2026 2027 2028 2029 2030 North Queensland Cowboys ✔ Stats Zac Herdegen Dolphins youngster switches club, earns development contract Ethan Lee Chalk - November 5, 2024 Latest News FULL TIME: Storm vs Titans &#8211; Round 19, 2026 July 12, 2026 FULL TIME: Sea Eagles vs Cowboys &#8211; Round 19, 2026 July 12, 2026 FINAL TEAMS: Storm vs Titans &#8211; Round 19, 2026 July 12, 2026 FU"
"par","Parramatta Eels","Isaiah Iongi","Fullback","true","200","Isaiah Iongi (Parramatta Eels) - NRL Stats, News, Contract &amp; Player Profile - Zero Tackle","https://www.zerotackle.com/players/isaiah-iongi/","Player Contracts Player Contracts Team 2026 2027 2028 2029 2030 Parramatta Eels ✔ ✔ ✔ ✔ ✔ Stats 2026 Stats Round Opp P T G MINS AR ARM LB LBA TA OL TK MT TB KM 40/20 PE ER TOTALS 10 16 4 0 754 198 1616 6 6 5 6 69 11 43 24 0 0 13 1 0 0 0 71 16 159 0 1 1 0 11 2 7 0 0 0 1 2 8 2 0 80 16 174 2 0 0 1 5 1 5 0 0 0 1 3 0 0 0 80 18 139 0 0 0 0 5 1 3 7 0 0 1 4 0 0 0 43 10 75 0 0 0 0 3 1 6 0 0 0 1 13 4 1 0 80 21 160 2 1 1 0 3 2 "
"par","Parramatta Eels","Bailey Simonsson","Winger","true","200","Bailey Simonsson (Parramatta Eels) - NRL Stats, News, Contract &amp; Player Profile - Zero Tackle","https://www.zerotackle.com/players/bailey-simonsson/","Player Contracts Player Contracts Team 2026 2027 2028 2029 2030 Parramatta Eels ✔ ✔ Stats 2026 Stats Round Opp P T G MINS AR ARM LB LBA TA OL TK MT TB KM 40/20 PE ER TOTALS 5 8 2 0 369 93 851 2 1 0 9 29 3 18 0 0 2 4 1 0 0 0 70 17 133 0 1 0 3 4 0 3 0 0 1 1 2 0 0 0 80 15 149 0 0 0 1 3 1 3 0 0 0 0 3 0 0 0 80 25 255 0 0 0 1 7 0 4 0 0 1 1 4 4 1 0 80 17 178 1 0 0 2 7 1 3 0 0 0 0 5 4 1 0 59 19 136 1 0 0 2 8 1 5 0 0 0 2 Late"
"par","Parramatta Eels","Will Penisini","Centre","true","200","Will Penisini (Parramatta Eels) - NRL Stats, News, Contract &amp; Player Profile - Zero Tackle","https://www.zerotackle.com/players/will-penisini/","Player Contracts Player Contracts Team 2026 2027 2028 2029 2030 Parramatta Eels ✔ Stats 2026 Stats Round Opp P T G MINS AR ARM LB LBA TA OL TK MT TB KM 40/20 PE ER TOTALS 5 12 3 0 386 76 764 5 1 0 4 45 10 20 0 0 3 5 1 0 0 0 80 13 157 2 0 0 1 9 4 6 0 0 0 2 6 4 1 0 80 16 170 1 1 0 2 10 1 4 0 0 1 1 7 4 1 0 80 15 153 1 0 0 1 11 2 8 0 0 0 0 8 0 0 0 80 22 200 0 0 0 0 9 1 2 0 0 1 1 9 4 1 0 66 10 84 1 0 0 0 6 2 0 0 0 1 1 Par"
"par","Parramatta Eels","Sean Russell","Centre","true","200","Sean Russell (Parramatta Eels) - NRL Stats, News, Contract &amp; Player Profile - Zero Tackle","https://www.zerotackle.com/players/sean-russell/","Player Contracts Player Contracts Team 2026 2027 2028 2029 2030 Parramatta Eels ✔ Perth Bears ✔ ✔ ✔ ✔ Stats 2026 Stats Round Opp P T G MINS AR ARM LB LBA TA OL TK MT TB KM 40/20 PE ER TOTALS 14 16 4 0 1070 162 1369 4 3 3 3 181 30 21 0 0 4 14 1 4 1 0 80 14 112 1 0 0 2 7 0 4 0 0 0 1 2 4 1 0 80 9 63 0 0 0 0 14 3 2 0 0 0 1 3 0 0 0 80 16 136 0 0 1 0 8 1 2 0 0 0 1 4 4 1 0 80 11 130 1 1 1 0 21 5 0 0 0 0 1 5 0 0 0 28 4 26 0 "
"par","Parramatta Eels","Josh Addo-Carr","Winger","true","200","Josh Addo-Carr (Parramatta Eels) - NRL Stats, News, Contract &amp; Player Profile - Zero Tackle","https://www.zerotackle.com/players/josh-addo-carr/","Player Contracts Player Contracts Team 2026 2027 2028 2029 2030 Parramatta Eels ✔ ✔ Stats 2026 Stats Round Opp P T G MINS AR ARM LB LBA TA OL TK MT TB KM 40/20 PE ER TOTALS 16 24 6 0 1287 202 2081 8 0 1 0 87 14 58 47 0 3 16 2 0 0 0 80 10 91 0 0 0 0 3 2 0 0 0 0 0 3 4 1 0 80 16 211 0 0 0 0 2 1 5 0 0 0 2 4 4 1 0 80 14 158 1 0 0 0 5 0 8 11 0 1 2 5 0 0 0 85 16 107 0 0 0 0 10 2 2 0 0 1 1 6 4 1 0 80 15 179 2 0 0 0 5 1 5 0 0"
"par","Parramatta Eels","Jonah Pezet","Five-Eighth","true","200","Jonah Pezet (Parramatta Eels) - NRL Stats, News, Contract &amp; Player Profile - Zero Tackle","https://www.zerotackle.com/players/jonah-pezet/","Player Contracts Player Contracts Team 2026 2027 2028 2029 2030 Parramatta Eels ✔ Brisbane Broncos ✔ ✔ ✔ Stats 2026 Stats Round Opp P T G MINS AR ARM LB LBA TA OL TK MT TB KM 40/20 PE ER TOTALS 7 21 3 4 538 39 220 1 2 5 5 103 22 1 1235 0 1 7 1 0 0 0 80 7 37 0 0 0 0 21 3 0 82 0 0 3 2 4 1 0 80 3 25 0 2 3 0 11 1 0 36 0 1 1 3 4 1 0 80 5 42 0 0 1 1 12 3 0 56 0 0 1 4 0 0 0 80 4 21 1 0 1 2 11 5 0 117 0 0 1 5 0 0 0 58 3 15 0"
"par","Parramatta Eels","Mitchell Moses","Halfback","true","200","Mitchell Moses (Parramatta Eels) - NRL Stats, News, Contract &amp; Player Profile - Zero Tackle","https://www.zerotackle.com/players/mitchell-moses/","Player Contracts Player Contracts Team 2026 2027 2028 2029 2030 Parramatta Eels $1.3M $1.3M $1.3M $1.3M Stats 2026 Stats Round Opp P T G MINS AR ARM LB LBA TA OL TK MT TB KM 40/20 PE ER TOTALS 14 65 1 30 1118 104 795 1 8 6 1 254 44 13 7156 0 3 14 1 0 0 0 80 7 45 0 1 0 1 27 2 1 198 0 0 2 2 12 0 6 80 3 31 0 2 2 0 11 4 0 551 0 1 0 3 10 0 5 80 11 93 0 0 0 0 17 3 3 750 0 1 0 4 4 0 2 80 5 34 0 0 0 0 15 3 1 242 0 0 1 5 4 0 "
"par","Parramatta Eels","J'maine Hopgood","Prop","true","200","J&#039;maine Hopgood (Parramatta Eels) - NRL Stats, News, Contract &amp; Player Profile - Zero Tackle","https://www.zerotackle.com/players/jmaine-hopgood/","Player Contracts Player Contracts Team 2026 2027 2028 2029 2030 Parramatta Eels ✔ ✔ Stats 2026 Stats Round Opp P T G MINS AR ARM LB LBA TA OL TK MT TB KM 40/20 PE ER TOTALS 2 0 0 0 63 12 95 0 0 0 1 53 0 0 0 0 1 1 1 0 0 0 54 9 64 0 0 0 1 46 0 0 0 0 1 1 3 0 0 0 9 3 31 0 0 0 0 7 0 0 0 0 0 0 Injuries & Suspensions Eels confirm injury status for Will Penisini, Ryley Smith Scott Pryde - May 5, 2026 Latest NRL News Eels pro"
"par","Parramatta Eels","Ryley Smith","Hooker","true","200","Ryley Smith (Parramatta Eels) - NRL Stats, News, Contract &amp; Player Profile - Zero Tackle","https://www.zerotackle.com/players/ryley-smith/","Player Contracts Player Contracts Team 2026 2027 2028 2029 2030 Parramatta Eels ✔ ✔ Stats 2026 Stats Round Opp P T G MINS AR ARM LB LBA TA OL TK MT TB KM 40/20 PE ER TOTALS 9 4 1 0 406 14 117 0 1 1 0 253 28 1 124 0 3 1 1 0 0 0 55 2 13 0 0 0 0 41 7 0 0 0 1 1 2 4 1 0 62 2 22 0 0 0 0 35 3 0 13 0 0 0 3 0 0 0 60 2 10 0 0 0 0 50 4 0 53 0 1 0 4 0 0 0 32 0 0 0 0 0 0 22 0 0 0 0 0 0 5 0 0 0 75 4 34 0 1 1 0 37 9 1 18 0 0 0 6 0 "
"par","Parramatta Eels","Junior Paulo","Prop","true","200","Junior Paulo (Parramatta Eels) - NRL Stats, News, Contract &amp; Player Profile - Zero Tackle","https://www.zerotackle.com/players/junior-paulo/","Player Contracts Player Contracts Team 2026 2027 2028 2029 2030 Parramatta Eels $975K Stats 2026 Stats Round Opp P T G MINS AR ARM LB LBA TA OL TK MT TB KM 40/20 PE ER TOTALS 11 4 1 0 578 136 1210 1 0 0 8 267 26 17 0 0 1 4 1 0 0 0 56 8 62 0 0 0 0 40 5 2 0 0 0 1 2 0 0 0 53 12 102 0 0 0 1 22 3 1 0 0 0 0 3 0 0 0 55 11 106 0 0 0 0 34 2 2 0 0 0 2 4 0 0 0 45 8 73 0 0 0 0 22 0 0 0 0 1 0 5 4 1 0 53 13 109 1 0 0 0 23 3 2 0 0 "
"par","Parramatta Eels","Kelma Tuilagi","2nd Row","true","200","Kelma Tuilagi (Parramatta Eels) - NRL Stats, News, Contract &amp; Player Profile - Zero Tackle","https://www.zerotackle.com/players/kelma-tuilagi/","Player Contracts Player Contracts Team 2026 2027 2028 2029 2030 Parramatta Eels ✔ Stats 2026 Stats Round Opp P T G MINS AR ARM LB LBA TA OL TK MT TB KM 40/20 PE ER TOTALS 16 16 4 0 971 158 1487 4 3 1 12 424 53 31 18 0 6 11 1 0 0 0 0 0 0 0 0 0 0 0 0 0 0 0 0 0 2 8 2 0 80 12 134 2 0 0 1 23 2 8 0 0 1 0 3 0 0 0 75 8 67 0 1 0 1 36 2 0 18 0 0 0 4 0 0 0 80 8 88 0 0 0 0 46 4 2 0 0 0 1 5 0 0 0 71 11 105 0 0 0 0 33 3 0 0 0 0 2 "
"par","Parramatta Eels","Kitione Kautoga","2nd Row","true","200","Kitione Kautoga (Parramatta Eels) - NRL Stats, News, Contract &amp; Player Profile - Zero Tackle","https://www.zerotackle.com/players/kitione-kautoga/","Player Contracts Player Contracts Team 2026 2027 2028 2029 2030 Parramatta Eels ✔ ✔ Stats 2026 Stats Round Opp P T G MINS AR ARM LB LBA TA OL TK MT TB KM 40/20 PE ER TOTALS 12 8 2 0 942 146 1263 3 3 3 21 351 30 25 37 0 4 14 1 0 0 0 80 13 121 0 0 0 1 30 3 1 0 0 0 2 2 0 0 0 80 12 85 0 0 0 1 21 1 2 0 0 0 2 3 4 1 0 80 9 83 1 0 1 2 34 2 4 0 0 1 2 4 0 0 0 80 10 105 0 1 0 2 36 0 2 0 0 0 1 5 0 0 0 85 12 96 0 0 0 2 25 2 3 0 0"
"par","Parramatta Eels","Jack Williams","Lock","true","200","Jack Williams (Parramatta Eels) - NRL Stats, News, Contract &amp; Player Profile - Zero Tackle","https://www.zerotackle.com/players/jack-williams/","Player Contracts Player Contracts Team 2026 2027 2028 2029 2030 Parramatta Eels ✔ ✔ Stats 2026 Stats Round Opp P T G MINS AR ARM LB LBA TA OL TK MT TB KM 40/20 PE ER TOTALS 17 0 0 0 1190 208 1920 2 1 2 9 678 52 33 0 0 1 11 1 0 0 0 80 10 95 0 0 0 0 44 1 1 0 0 0 1 2 0 0 0 52 9 102 0 0 0 0 37 2 3 0 0 0 0 3 0 0 0 63 10 93 0 0 0 0 50 5 2 0 0 0 0 4 0 0 0 55 12 118 0 0 0 0 32 5 3 0 0 0 1 5 0 0 0 76 14 157 0 0 0 0 47 3 0 0 0"
"par","Parramatta Eels","Dylan Walker","Interchange","true","200","Dylan Walker (Parramatta Eels) - NRL Stats, News, Contract &amp; Player Profile - Zero Tackle","https://www.zerotackle.com/players/dylan-walker/","Player Contracts Player Contracts Team 2026 2027 2028 2029 2030 Parramatta Eels ✔ Leeds Rhinos ✔ ✔ ✔ Stats 2026 Stats Round Opp P T G MINS AR ARM LB LBA TA OL TK MT TB KM 40/20 PE ER TOTALS 17 12 3 0 773 158 1312 2 4 2 4 379 39 7 56 0 3 7 1 0 0 0 50 10 68 0 0 0 1 32 3 0 0 0 0 0 2 0 0 0 39 11 118 0 0 0 0 19 3 0 0 0 0 0 3 0 0 0 41 14 129 0 0 0 0 27 1 0 0 0 0 0 4 4 1 0 66 13 106 0 0 0 0 30 2 0 0 0 1 0 5 0 0 0 62 15 149 "
"par","Parramatta Eels","Tallyn Da Silva","Interchange","true","200","Tallyn Da Silva (Parramatta Eels) - NRL Stats, News, Contract &amp; Player Profile - Zero Tackle","https://www.zerotackle.com/players/tallyn-da-silva/","Player Contracts Player Contracts Team 2026 2027 2028 2029 2030 Parramatta Eels $650K $650K $650K $650K Stats 2026 Stats Round Opp P T G MINS AR ARM LB LBA TA OL TK MT TB KM 40/20 PE ER TOTALS 17 32 6 4 886 59 602 3 3 3 8 477 60 14 89 0 9 14 1 0 0 0 25 4 24 0 0 0 0 20 1 0 0 0 0 0 2 0 0 0 18 4 39 0 0 0 0 9 1 0 0 0 0 0 3 8 2 0 20 5 68 1 1 1 0 5 2 3 0 0 0 0 4 0 0 0 48 2 13 0 0 0 0 25 5 0 0 0 2 0 5 0 0 0 33 1 11 0 0 0 1 "
"par","Parramatta Eels","Jack de Belin","Interchange","true","200","Jack de Belin (Parramatta Eels) - NRL Stats, News, Contract &amp; Player Profile - Zero Tackle","https://www.zerotackle.com/players/jack-de-belin/","Player Contracts Player Contracts Team 2026 2027 2028 2029 2030 Parramatta Eels ✔ CO Stats 2026 Stats Round Opp P T G MINS AR ARM LB LBA TA OL TK MT TB KM 40/20 PE ER TOTALS 15 0 0 0 512 82 723 0 0 0 1 342 21 4 0 0 2 1 1 0 0 0 51 5 50 0 0 0 0 45 2 0 0 0 0 0 2 0 0 0 37 8 70 0 0 0 0 20 1 0 0 0 0 0 5 0 0 0 0 0 0 0 0 0 0 0 0 0 0 0 0 0 6 0 0 0 24 6 67 0 0 0 0 18 1 0 0 0 0 0 7 0 0 0 29 6 50 0 0 0 0 21 0 0 0 0 0 0 8 0 0 0 4"
"par","Parramatta Eels","Matt Doorey","Interchange","true","200","Matt Doorey (Parramatta Eels) - NRL Stats, News, Contract &amp; Player Profile - Zero Tackle","https://www.zerotackle.com/players/matt-doorey/","Player Contracts Player Contracts Team 2026 2027 2028 2029 2030 Parramatta Eels ✔ ✔ Stats 2026 Stats Round Opp P T G MINS AR ARM LB LBA TA OL TK MT TB KM 40/20 PE ER TOTALS 4 0 0 0 104 29 253 0 0 0 0 53 8 5 0 0 0 1 1 0 0 0 18 5 33 0 0 0 0 13 2 0 0 0 0 0 2 0 0 0 32 9 82 0 0 0 0 9 1 0 0 0 0 0 3 0 0 0 33 8 72 0 0 0 0 16 2 3 0 0 0 1 4 0 0 0 21 7 66 0 0 0 0 15 3 2 0 0 0 0 Injuries & Suspensions Eels confirm injury status "
"par","Parramatta Eels","Brian Kelly","Unknown","true","200","Brian Kelly (Parramatta Eels) - NRL Stats, News, Contract &amp; Player Profile - Zero Tackle","https://www.zerotackle.com/players/brian-kelly/","Player Contracts Player Contracts Team 2026 2027 2028 2029 2030 Parramatta Eels ✔ ✔ Stats 2026 Stats Round Opp P T G MINS AR ARM LB LBA TA OL TK MT TB KM 40/20 PE ER TOTALS 15 16 4 0 1207 268 2416 4 5 5 22 124 38 52 122 0 4 22 1 0 0 0 80 14 112 0 0 0 1 18 3 4 0 0 1 1 4 0 0 0 80 14 133 0 2 2 2 17 1 1 0 0 0 0 5 0 0 0 85 14 87 0 0 0 3 23 5 1 0 0 1 2 6 0 0 0 80 17 167 0 0 0 0 7 2 1 28 0 0 1 7 0 0 0 80 20 174 0 0 1 2 3 4 "
"par","Parramatta Eels","Charlie Guymer","Unknown","true","200","Charlie Guymer (Parramatta Eels) - NRL Stats, News, Contract &amp; Player Profile - Zero Tackle","https://www.zerotackle.com/players/charlie-guymer/","Player Contracts Player Contracts Team 2026 2027 2028 2029 2030 Parramatta Eels ✔ ✔ ✔ Stats 2026 Stats Round Opp P T G MINS AR ARM LB LBA TA OL TK MT TB KM 40/20 PE ER TOTALS 16 0 0 0 487 75 579 0 0 0 1 214 35 11 0 0 4 0 2 0 0 0 0 0 0 0 0 0 0 0 0 0 0 0 0 0 3 0 0 0 31 5 42 0 0 0 0 14 4 0 0 0 3 0 4 0 0 0 0 0 0 0 0 0 0 0 0 0 0 0 0 0 5 0 0 0 58 11 103 0 0 0 0 30 1 1 0 0 0 0 6 0 0 0 56 13 110 0 0 0 0 32 3 2 0 0 0 0 7 0 0 "
"par","Parramatta Eels","Jake Tago","Unknown","true","200","Jake Tago (Parramatta Eels) - NRL Stats, News, Contract &amp; Player Profile - Zero Tackle","https://www.zerotackle.com/players/jake-tago/","Player Contracts Player Contracts Team 2026 2027 2028 2029 2030 Parramatta Eels ✔ Stats Parramatta Eels Eels provide promising injury update on Moses and Pezet Kye Ferreira - June 23, 2026 Jake Tago Injuries taking toll at Parramatta Alex Stuart - June 18, 2025 Jake Tago Parramatta Eels confirm outside back ruled out for the season Ethan Lee Chalk - April 11, 2025 Parramatta Eels Latest News Parramatta Eels provide c"
"par","Parramatta Eels","Joash Papalii","Unknown","true","200","Joash Papalii (Parramatta Eels) - NRL Stats, News, Contract &amp; Player Profile - Zero Tackle","https://www.zerotackle.com/players/joash-papalii/","Player Contracts Player Contracts Team 2026 2027 2028 2029 2030 Parramatta Eels ✔ ✔ Stats 2026 Stats Round Opp P T G MINS AR ARM LB LBA TA OL TK MT TB KM 40/20 PE ER TOTALS 17 26 5 3 917 151 1251 4 3 2 1 128 21 25 174 0 0 18 1 0 0 0 10 2 18 0 0 0 0 0 0 0 0 0 0 0 2 0 0 0 0 0 0 0 0 0 0 0 0 0 0 0 0 0 3 0 0 0 0 0 0 0 0 0 0 0 0 0 0 0 0 0 4 0 0 0 37 6 70 0 0 0 0 1 0 2 27 0 0 1 5 0 0 0 85 15 115 0 1 1 0 10 2 1 0 0 0 1 6 0 0"
"par","Parramatta Eels","Jordan Samrani","Unknown","true","200","Jordan Samrani (Parramatta Eels) - NRL Stats, News, Contract &amp; Player Profile - Zero Tackle","https://www.zerotackle.com/players/jordan-samrani/","Player Contracts Player Contracts Team 2026 2027 2028 2029 2030 Parramatta Eels ✔ ✔ Stats 2026 Stats Round Opp P T G MINS AR ARM LB LBA TA OL TK MT TB KM 40/20 PE ER TOTALS 10 12 3 0 762 152 1339 5 0 1 14 125 26 24 0 0 3 9 2 0 0 0 80 13 104 0 0 0 0 7 2 2 0 0 0 0 3 0 0 0 40 8 80 1 0 0 1 8 1 1 0 0 0 0 10 4 1 0 82 25 248 2 0 1 2 9 1 4 0 0 0 1 11 0 0 0 80 15 111 0 0 0 0 13 5 1 0 0 1 0 13 4 1 0 80 17 204 0 0 0 1 11 3 2 0 "
"par","Parramatta Eels","Luca Moretti","Unknown","true","200","Luca Moretti (Parramatta Eels) - NRL Stats, News, Contract &amp; Player Profile - Zero Tackle","https://www.zerotackle.com/players/luca-moretti/","Player Contracts Player Contracts Team 2026 2027 2028 2029 2030 Parramatta Eels ✔ ✔ Stats 2026 Stats Round Opp P T G MINS AR ARM LB LBA TA OL TK MT TB KM 40/20 PE ER TOTALS 12 4 1 0 373 100 871 3 0 0 7 222 15 17 0 0 1 5 4 0 0 0 25 4 51 0 0 0 0 16 1 0 0 0 0 1 5 0 0 0 30 7 42 0 0 0 1 21 3 2 0 0 0 0 6 0 0 0 15 5 42 0 0 0 1 12 0 1 0 0 0 1 7 0 0 0 43 12 90 0 0 0 1 20 1 4 0 0 0 1 8 4 1 0 46 13 107 1 0 0 3 24 0 5 0 0 0 0 9 "
"par","Parramatta Eels","Richard Penisini","Unknown","true","200","Richard Penisini (Parramatta Eels) - NRL Stats, News, Contract &amp; Player Profile - Zero Tackle","https://www.zerotackle.com/players/richard-penisini/","Player Contracts Player Contracts Team 2026 2027 2028 2029 2030 Parramatta Eels ✔ Stats Parramatta Eels Eels provide promising injury update on Moses and Pezet Kye Ferreira - June 23, 2026 Richard Penisini Injuries taking toll at Parramatta Alex Stuart - June 18, 2025 Richard Penisini Rookie Watch: Top 100 young players yet to play NRL: 50-41 Ethan Lee Chalk - June 7, 2025 Richard Penisini Eels confirm double contrac"
"par","Parramatta Eels","Ronald Volkman","Unknown","true","200","Ronald Volkman (Parramatta Eels) - NRL Stats, News, Contract &amp; Player Profile - Zero Tackle","https://www.zerotackle.com/players/ronald-volkman/","Player Contracts Player Contracts Team 2026 2027 2028 2029 2030 Parramatta Eels ✔ Stats 2026 Stats Round Opp P T G MINS AR ARM LB LBA TA OL TK MT TB KM 40/20 PE ER TOTALS 12 23 4 3 883 97 841 5 5 6 9 238 50 27 2481 0 6 11 6 2 0 1 80 9 70 0 0 1 1 18 4 1 106 0 0 1 7 6 1 1 79 3 30 1 1 1 0 24 9 3 48 0 0 0 8 0 0 0 65 5 40 0 0 0 0 24 3 0 0 0 0 2 9 8 2 0 80 10 89 1 1 0 1 12 5 4 47 0 3 1 10 2 0 1 82 5 105 2 0 1 0 17 3 5 143 "
"par","Parramatta Eels","Ryan Matterson","Unknown","true","200","Ryan Matterson (Parramatta Eels) - NRL Stats, News, Contract &amp; Player Profile - Zero Tackle","https://www.zerotackle.com/players/ryan-matterson/","Player Contracts Player Contracts Team 2026 2027 2028 2029 2030 Parramatta Eels $700K Stats Latest NRL News Ryan Matterson opens up on concussion battle Leo Twemlow - May 13, 2026 Latest NRL News &#8220;I was the last to know and the first to be... Leo Twemlow - March 5, 2026 Latest NRL News Career at risk: Matterson's NRL future in doubt Kye Ferreira - February 22, 2026 Zac Lomax Could Matterson's injury break Lomax"
"par","Parramatta Eels","Sam Tuivaiti","Unknown","true","200","Sam Tuivaiti (Parramatta Eels) - NRL Stats, News, Contract &amp; Player Profile - Zero Tackle","https://www.zerotackle.com/players/sam-tuivaiti/","Player Contracts Player Contracts Team 2026 2027 2028 2029 2030 Parramatta Eels ✔ ✔ Stats 2026 Stats Round Opp P T G MINS AR ARM LB LBA TA OL TK MT TB KM 40/20 PE ER TOTALS 12 0 0 0 394 110 917 0 0 0 2 237 20 11 0 0 4 3 1 0 0 0 0 0 0 0 0 0 0 0 0 0 0 0 0 0 2 0 0 0 26 12 128 0 0 0 0 10 1 2 0 0 0 0 3 0 0 0 44 18 175 0 0 0 0 26 4 1 0 0 1 0 4 0 0 0 29 9 78 0 0 0 0 24 3 0 0 0 0 1 5 0 0 0 51 10 67 0 0 0 0 30 2 0 0 0 1 0 6 0"
"par","Parramatta Eels","Toni Mataele","Unknown","true","200","Toni Mataele (Parramatta Eels) - NRL Stats, News, Contract &amp; Player Profile - Zero Tackle","https://www.zerotackle.com/players/toni-mataele/","Player Contracts Player Contracts Team 2026 2027 2028 2029 2030 Parramatta Eels ✔ Manly Sea Eagles ✔ ✔ Stats 2026 Stats Round Opp P T G MINS AR ARM LB LBA TA OL TK MT TB KM 40/20 PE ER TOTALS 7 0 0 0 141 41 376 0 0 0 0 94 1 5 0 0 0 1 7 0 0 0 19 2 20 0 0 0 0 15 0 0 0 0 0 1 8 0 0 0 25 8 73 0 0 0 0 16 0 1 0 0 0 0 10 0 0 0 29 10 119 0 0 0 0 20 0 2 0 0 0 0 11 0 0 0 27 7 63 0 0 0 0 19 1 1 0 0 0 0 13 0 0 0 14 5 42 0 0 0 0 1"
"pen","Penrith Panthers","Dylan Edwards","Fullback","true","200","Dylan Edwards (Penrith Panthers) - NRL Stats, News, Contract &amp; Player Profile - Zero Tackle","https://www.zerotackle.com/players/dylan-edwards/","Player Contracts Player Contracts Team 2026 2027 2028 2029 2030 Penrith Panthers $850K $850K $850K Stats 2026 Stats Round Opp P T G MINS AR ARM LB LBA TA OL TK MT TB KM 40/20 PE ER TOTALS 16 40 10 0 1285 376 3544 8 12 7 6 99 14 82 139 0 5 17 1 4 1 0 80 25 260 1 0 0 1 6 0 7 0 0 0 2 2 0 0 0 80 24 206 0 2 1 0 6 1 1 0 0 1 2 3 8 2 0 80 17 167 2 0 0 1 7 2 2 0 0 0 0 4 0 0 0 80 21 162 0 1 0 0 3 0 3 0 0 1 2 5 4 1 0 80 27 243 "
"pen","Penrith Panthers","Thomas Jenkins","Winger","true","200","Thomas Jenkins (Penrith Panthers) - NRL Stats, News, Contract &amp; Player Profile - Zero Tackle","https://www.zerotackle.com/players/thomas-jenkins/","Player Contracts Player Contracts Team 2026 2027 2028 2029 2030 Penrith Panthers ✔ ✔ ✔ ✔ Stats 2026 Stats Round Opp P T G MINS AR ARM LB LBA TA OL TK MT TB KM 40/20 PE ER TOTALS 16 100 25 0 1285 302 3063 25 0 4 10 83 15 65 112 0 3 27 1 8 2 0 80 18 202 0 0 1 1 3 0 8 4 0 0 0 2 8 2 0 80 21 144 2 0 0 0 4 2 1 2 0 1 4 3 16 4 0 80 13 189 3 0 0 0 6 0 5 0 0 0 1 4 8 2 0 80 17 197 3 0 1 2 4 0 4 0 0 1 0 5 8 2 0 80 22 260 2 0 0 0"
"pen","Penrith Panthers","Paul Alamoti","Centre","true","200","Paul Alamoti (Penrith Panthers) - NRL Stats, News, Contract &amp; Player Profile - Zero Tackle","https://www.zerotackle.com/players/paul-alamoti/","Player Contracts Player Contracts Team 2026 2027 2028 2029 2030 Penrith Panthers ✔ ✔ Stats 2026 Stats Round Opp P T G MINS AR ARM LB LBA TA OL TK MT TB KM 40/20 PE ER TOTALS 16 42 4 13 1271 231 2295 9 5 4 19 197 34 64 45 0 2 18 1 0 0 0 80 8 68 0 0 0 1 14 1 3 0 0 0 0 2 0 0 0 80 14 108 0 0 0 2 11 4 6 0 0 0 2 3 0 0 0 80 12 179 2 0 0 0 16 4 5 0 0 0 2 4 4 1 0 80 9 72 0 0 0 2 17 1 2 0 0 0 0 5 2 0 1 80 10 77 1 0 0 2 11 0 3 "
"pen","Penrith Panthers","Casey McLean","Centre","true","200","Casey McLean (Penrith Panthers) - NRL Stats, News, Contract &amp; Player Profile - Zero Tackle","https://www.zerotackle.com/players/casey-mclean/","Player Contracts Player Contracts Team 2026 2027 2028 2029 2030 Penrith Panthers ✔ ✔ ✔ Stats 2026 Stats Round Opp P T G MINS AR ARM LB LBA TA OL TK MT TB KM 40/20 PE ER TOTALS 13 24 6 0 937 188 1794 7 10 8 8 162 34 41 38 0 0 11 1 4 1 0 80 11 113 0 0 0 0 6 3 1 0 0 0 2 2 0 0 0 80 17 144 0 1 1 1 16 2 3 27 0 0 0 3 0 0 0 80 13 105 0 1 1 0 14 5 1 0 0 0 1 4 4 1 0 80 16 204 0 2 2 1 16 2 5 0 0 0 1 5 4 1 0 80 17 184 2 2 1 0 12"
"pen","Penrith Panthers","Brian To'o","Winger","true","200","Brian To&#039;o (Penrith Panthers) - NRL Stats, News, Contract &amp; Player Profile - Zero Tackle","https://www.zerotackle.com/players/brian-too/","Player Contracts Player Contracts Team 2026 2027 2028 2029 2030 Penrith Panthers $625K $625K Stats 2026 Stats Round Opp P T G MINS AR ARM LB LBA TA OL TK MT TB KM 40/20 PE ER TOTALS 16 36 9 0 1278 309 2980 11 1 0 7 79 23 81 48 0 1 19 1 0 0 0 80 18 175 0 0 0 0 4 1 2 0 0 0 1 2 4 1 0 80 25 174 1 0 0 1 4 0 9 0 0 0 0 3 4 1 0 80 16 151 0 0 0 0 7 3 3 20 0 1 2 4 0 0 0 73 10 92 0 0 0 0 4 5 2 0 0 0 0 5 4 1 0 80 20 198 1 0 0 0 "
"pen","Penrith Panthers","Blaize Talagi","Five-Eighth","true","200","Blaize Talagi (Penrith Panthers) - NRL Stats, News, Contract &amp; Player Profile - Zero Tackle","https://www.zerotackle.com/players/blaize-talagi/","Player Contracts Player Contracts Team 2026 2027 2028 2029 2030 Penrith Panthers ✔ ✔ Stats 2026 Stats Round Opp P T G MINS AR ARM LB LBA TA OL TK MT TB KM 40/20 PE ER TOTALS 16 20 5 0 1285 158 1348 6 11 7 14 347 54 32 973 0 2 14 1 0 0 0 80 6 39 0 0 1 1 19 0 1 26 0 0 1 2 0 0 0 80 11 110 1 1 1 0 21 2 0 65 0 0 0 3 0 0 0 80 15 127 0 0 0 1 28 1 2 7 0 0 1 4 4 1 0 80 7 64 0 0 0 0 17 3 1 51 0 0 1 5 0 0 0 80 9 62 0 2 0 1 21 4"
"pen","Penrith Panthers","Nathan Cleary","Halfback","true","200","Nathan Cleary (Penrith Panthers) - NRL Stats, News, Contract &amp; Player Profile - Zero Tackle","https://www.zerotackle.com/players/nathan-cleary/","Player Contracts Player Contracts Team 2026 2027 2028 2029 2030 Penrith Panthers $1.3M $1.3M Stats 2026 Stats Round Opp P T G MINS AR ARM LB LBA TA OL TK MT TB KM 40/20 PE ER TOTALS 16 185 8 76 1273 205 1519 13 12 21 17 316 41 40 7552 2 7 12 1 10 0 5 80 12 75 0 0 1 2 17 2 1 386 0 0 0 2 14 1 5 80 20 144 1 0 0 1 29 4 1 669 1 0 1 3 12 0 6 80 12 97 0 0 1 2 20 6 2 651 0 1 0 4 16 0 8 80 10 80 0 1 4 0 15 1 3 407 0 0 1 5 16 "
"pen","Penrith Panthers","Moses Leota","Prop","true","200","Moses Leota (Penrith Panthers) - NRL Stats, News, Contract &amp; Player Profile - Zero Tackle","https://www.zerotackle.com/players/moses-leota/","Player Contracts Player Contracts Team 2026 2027 2028 2029 2030 Penrith Panthers $675K $675K Stats 2026 Stats Round Opp P T G MINS AR ARM LB LBA TA OL TK MT TB KM 40/20 PE ER TOTALS 16 0 0 0 685 184 1720 1 3 2 12 379 27 15 14 0 2 4 1 0 0 0 44 12 110 0 0 0 0 19 3 1 0 0 0 1 2 0 0 0 41 9 59 0 0 0 1 30 2 0 0 0 1 0 3 0 0 0 47 11 88 0 0 1 1 29 1 0 0 0 0 0 4 0 0 0 42 9 96 0 0 0 1 20 1 3 0 0 0 0 5 0 0 0 46 12 99 0 0 0 1 19 1"
"pen","Penrith Panthers","Mitch Kenny","Hooker","true","200","Mitch Kenny (Penrith Panthers) - NRL Stats, News, Contract &amp; Player Profile - Zero Tackle","https://www.zerotackle.com/players/mitch-kenny/","Player Contracts Player Contracts Team 2026 2027 2028 2029 2030 Penrith Panthers ✔ ✔ Stats 2026 Stats Round Opp P T G MINS AR ARM LB LBA TA OL TK MT TB KM 40/20 PE ER TOTALS 6 0 0 0 392 10 76 0 2 2 0 191 13 1 0 0 2 0 1 0 0 0 80 1 3 0 0 0 0 30 2 0 0 0 0 0 2 0 0 0 80 2 18 0 0 0 0 44 4 0 0 0 0 0 3 0 0 0 80 1 10 0 1 1 0 36 5 0 0 0 0 0 4 0 0 0 55 1 3 0 1 1 0 19 0 0 0 0 1 0 6 0 0 0 80 3 32 0 0 0 0 49 1 1 0 0 1 0 7 0 0 0 17"
"pen","Penrith Panthers","Linday Smith","Prop","true","200","Lindsay Smith (Penrith Panthers) - NRL Stats, News, Contract &amp; Player Profile - Zero Tackle","https://www.zerotackle.com/players/lindsay-smith/","Player Contracts Player Contracts Team 2026 2027 2028 2029 2030 Penrith Panthers ✔ ✔ ✔ ✔ Stats 2026 Stats Round Opp P T G MINS AR ARM LB LBA TA OL TK MT TB KM 40/20 PE ER TOTALS 16 12 3 0 806 191 1593 2 3 1 10 466 24 14 68 0 2 4 1 0 0 0 46 14 120 0 0 0 2 16 2 1 0 0 0 0 2 0 0 0 45 11 85 0 0 0 0 27 2 1 0 0 0 0 3 0 0 0 46 10 102 0 1 0 0 33 3 1 0 0 0 0 4 4 1 0 58 12 117 0 0 0 1 24 3 0 0 0 0 0 5 0 0 0 51 15 124 0 0 0 1 21"
"pen","Penrith Panthers","Isaiah Papali'i","2nd Row","true","200","Isaiah Papali&#039;i (Penrith Panthers) - NRL Stats, News, Contract &amp; Player Profile - Zero Tackle","https://www.zerotackle.com/players/isaiah-papalii/","Player Contracts Player Contracts Team 2026 2027 2028 2029 2030 Penrith Panthers $700K $700K Stats 2026 Stats Round Opp P T G MINS AR ARM LB LBA TA OL TK MT TB KM 40/20 PE ER TOTALS 15 8 2 0 1096 228 1844 2 5 4 21 490 42 35 21 0 5 11 1 0 0 0 67 14 112 0 0 0 1 28 0 4 0 0 0 3 2 0 0 0 80 14 134 1 0 0 2 37 3 3 0 0 0 0 3 0 0 0 62 15 106 0 1 1 1 29 2 1 0 0 1 0 4 4 1 0 80 15 129 1 0 0 1 35 5 4 0 0 0 0 5 0 0 0 67 13 102 0 0 "
"pen","Penrith Panthers","Liam Martin","2nd Row","true","200","Liam Martin (Penrith Panthers) - NRL Stats, News, Contract &amp; Player Profile - Zero Tackle","https://www.zerotackle.com/players/liam-martin/","Player Contracts Player Contracts Team 2026 2027 2028 2029 2030 Penrith Panthers $750K $750K Stats 2026 Stats Round Opp P T G MINS AR ARM LB LBA TA OL TK MT TB KM 40/20 PE ER TOTALS 9 8 2 0 534 90 702 3 3 1 10 225 29 14 0 0 5 9 3 0 0 0 66 16 161 1 1 0 1 21 5 3 0 0 0 1 4 0 0 0 58 13 120 0 0 0 0 23 6 3 0 0 2 2 5 4 1 0 43 10 74 1 0 0 0 15 1 1 0 0 0 1 6 0 0 0 37 5 29 0 0 0 0 21 0 0 0 0 0 1 13 0 0 0 41 6 42 0 0 0 0 25 2 0"
"pen","Penrith Panthers","Isaah Yeo","Lock","true","200","Isaah Yeo (Penrith Panthers) - NRL Stats, News, Contract &amp; Player Profile - Zero Tackle","https://www.zerotackle.com/players/isaah-yeo/","Player Contracts Player Contracts Team 2026 2027 2028 2029 2030 Penrith Panthers $850K $850K Stats 2026 Stats Round Opp P T G MINS AR ARM LB LBA TA OL TK MT TB KM 40/20 PE ER TOTALS 16 8 2 0 1081 221 1922 1 3 2 20 574 16 30 0 0 3 6 1 0 0 0 64 17 165 0 0 0 2 28 0 1 0 0 1 0 2 0 0 0 72 13 96 0 0 0 1 37 0 3 0 0 0 1 3 0 0 0 69 14 142 0 1 1 2 30 2 3 0 0 0 0 4 4 1 0 45 11 106 1 0 0 1 21 0 3 0 0 0 0 5 0 0 0 80 16 153 0 0 0 2"
"pen","Penrith Panthers","Scott Sorensen","Interchange","true","200","Scott Sorensen (Penrith Panthers) - NRL Stats, News, Contract &amp; Player Profile - Zero Tackle","https://www.zerotackle.com/players/scott-sorensen/","Player Contracts Player Contracts Team 2026 2027 2028 2029 2030 Penrith Panthers ✔ Perth Bears ✔ ✔ Stats 2026 Stats Round Opp P T G MINS AR ARM LB LBA TA OL TK MT TB KM 40/20 PE ER TOTALS 16 0 0 0 624 137 1214 0 0 0 5 371 19 8 0 0 1 6 1 0 0 0 37 8 74 0 0 0 0 21 1 0 0 0 0 0 2 0 0 0 28 3 22 0 0 0 0 21 0 0 0 0 0 0 3 0 0 0 33 10 102 0 0 0 0 23 2 3 0 0 0 0 4 0 0 0 26 6 61 0 0 0 0 14 2 0 0 0 1 0 5 0 0 0 34 8 69 0 0 0 0 16 "
"pen","Penrith Panthers","Luke Garner","Interchange","true","200","Luke Garner (Penrith Panthers) - NRL Stats, News, Contract &amp; Player Profile - Zero Tackle","https://www.zerotackle.com/players/luke-garner/","Player Contracts Player Contracts Team 2026 2027 2028 2029 2030 Penrith Panthers ✔ ✔ ✔ Stats 2026 Stats Round Opp P T G MINS AR ARM LB LBA TA OL TK MT TB KM 40/20 PE ER TOTALS 15 12 3 0 726 115 1087 4 1 1 3 320 22 24 34 0 3 9 1 0 0 0 48 10 132 1 0 0 0 23 1 5 0 0 0 1 2 0 0 0 80 7 65 0 1 1 0 38 3 0 0 0 0 0 3 0 0 0 32 6 55 0 0 0 0 19 1 0 0 0 0 2 4 0 0 0 30 8 63 0 0 0 0 6 0 2 0 0 0 0 5 4 1 0 50 9 80 1 0 0 0 24 0 3 0 0 0 "
"pen","Penrith Panthers","Liam Henry","Interchange","true","200","Liam Henry (Penrith Panthers) - NRL Stats, News, Contract &amp; Player Profile - Zero Tackle","https://www.zerotackle.com/players/liam-henry/","Player Contracts Player Contracts Team 2026 2027 2028 2029 2030 Penrith Panthers ✔ Perth Bears ✔ ✔ ✔ ✔ Stats 2026 Stats Round Opp P T G MINS AR ARM LB LBA TA OL TK MT TB KM 40/20 PE ER TOTALS 7 4 1 0 341 97 928 3 0 1 0 253 17 10 19 0 3 3 10 0 0 0 41 13 140 0 0 1 0 39 2 0 0 0 0 0 11 0 0 0 43 12 109 0 0 0 0 38 2 1 0 0 0 2 13 0 0 0 49 12 82 0 0 0 0 33 4 0 19 0 1 0 14 0 0 0 54 17 163 1 0 0 0 32 1 2 0 0 0 0 16 0 0 0 51 16"
"pen","Penrith Panthers","Izack Tago","Interchange","true","200","Izack Tago (Penrith Panthers) - NRL Stats, News, Contract &amp; Player Profile - Zero Tackle","https://www.zerotackle.com/players/izack-tago/","Player Contracts Player Contracts Team 2026 2027 2028 2029 2030 Penrith Panthers $625K $625K $625K Stats 2026 Stats Round Opp P T G MINS AR ARM LB LBA TA OL TK MT TB KM 40/20 PE ER TOTALS 16 12 3 0 506 89 893 2 3 2 8 155 15 18 10 0 4 8 1 0 0 0 0 0 0 0 0 0 0 0 0 0 0 0 0 0 2 0 0 0 0 0 0 0 0 0 0 0 0 0 0 0 0 0 3 0 0 0 0 0 0 0 0 0 0 0 0 0 0 0 0 0 4 0 0 0 0 0 0 0 0 0 0 0 0 0 0 0 0 0 5 0 0 0 0 0 0 0 0 0 0 0 0 0 0 0 0 0 6 0 "
"pen","Penrith Panthers","Billy Scott","Unknown","true","200","Billy Scott (Penrith Panthers) - NRL Stats, News, Contract &amp; Player Profile - Zero Tackle","https://www.zerotackle.com/players/billy-scott/","Player Contracts Player Contracts Team 2026 2027 2028 2029 2030 Penrith Panthers ✔ ✔ Stats 2026 Stats Round Opp P T G MINS AR ARM LB LBA TA OL TK MT TB KM 40/20 PE ER TOTALS 9 0 0 0 74 4 38 0 0 0 0 43 3 0 15 0 0 0 5 0 0 0 0 0 0 0 0 0 0 0 0 0 0 0 0 0 9 0 0 0 0 0 0 0 0 0 0 0 0 0 0 0 0 0 10 0 0 0 0 0 0 0 0 0 0 0 0 0 0 0 0 0 11 0 0 0 0 0 0 0 0 0 0 0 0 0 0 0 0 0 13 0 0 0 21 1 15 0 0 0 0 10 1 0 0 0 0 0 14 0 0 0 0 0 0 0 0 0"
"pen","Penrith Panthers","Freddy Lussick","Unknown","true","200","Freddy Lussick (Penrith Panthers) - NRL Stats, News, Contract &amp; Player Profile - Zero Tackle","https://www.zerotackle.com/players/freddy-lussick/","Player Contracts Player Contracts Team 2026 2027 2028 2029 2030 Penrith Panthers ✔ Stats 2026 Stats Round Opp P T G MINS AR ARM LB LBA TA OL TK MT TB KM 40/20 PE ER TOTALS 16 16 4 0 701 48 381 4 0 0 4 398 16 11 349 0 0 3 1 0 0 0 0 0 0 0 0 0 0 0 0 0 0 0 0 0 2 0 0 0 0 0 0 0 0 0 0 0 0 0 0 0 0 0 3 0 0 0 11 2 21 0 0 0 0 8 0 0 0 0 0 0 4 0 0 0 35 4 40 0 0 0 0 18 0 2 0 0 0 0 5 4 1 0 56 4 29 1 0 0 0 35 0 2 95 0 0 0 6 0 0 0 0 "
"pen","Penrith Panthers","Jack Cogger","Unknown","true","200","Jack Cogger (Penrith Panthers) - NRL Stats, News, Contract &amp; Player Profile - Zero Tackle","https://www.zerotackle.com/players/jack-cogger/","Player Contracts Player Contracts Team 2026 2027 2028 2029 2030 Penrith Panthers ✔ ✔ ✔ Stats 2026 Stats Round Opp P T G MINS AR ARM LB LBA TA OL TK MT TB KM 40/20 PE ER TOTALS 13 4 1 0 471 58 425 0 1 4 3 204 28 5 1169 0 2 4 1 0 0 0 29 6 47 0 0 0 0 12 2 0 0 0 0 0 2 0 0 0 6 1 3 0 0 0 0 6 2 1 0 0 0 0 5 0 0 0 31 1 11 0 0 0 0 16 1 0 19 0 0 0 6 0 0 0 12 1 6 0 0 0 0 5 2 0 38 0 0 0 7 0 0 0 10 2 11 0 0 0 0 5 1 0 0 0 0 0 8 0 0"
"pen","Penrith Panthers","Jaxen Edgar","Unknown","true","200","Jaxen Edgar (Penrith Panthers) - NRL Stats, News, Contract &amp; Player Profile - Zero Tackle","https://www.zerotackle.com/players/jaxen-edgar/","Player Contracts Player Contracts Team 2026 2027 2028 2029 2030 Penrith Panthers ✔ ✔ ✔ Stats Jaxen Edgar Panthers lock up rising star on new deal Scott Pryde - November 3, 2025 NRL Editorial and Opinion Rookie Watch: Top 100 young players yet to play NRL: 40-21 Ethan Lee Chalk - June 26, 2025 Featured Penrith's future No.1?: Jaxen Edgar opens up on NRL dream Ethan Lee Chalk - February 27, 2025 Latest News FULL TIME: "
"pen","Penrith Panthers","Jesse McLean","Unknown","true","200","Jesse McLean (Penrith Panthers) - NRL Stats, News, Contract &amp; Player Profile - Zero Tackle","https://www.zerotackle.com/players/jesse-mclean/","Player Contracts Player Contracts Team 2026 2027 2028 2029 2030 Penrith Panthers ✔ ✔ ✔ Stats Latest NRL News Bulldogs move quickly for Panthers outside back as Xerri exit nears Kye Ferreira - June 27, 2026 Latest NRL News Panthers rising star granted permission to look elsewhere as rival club... Leo Twemlow - June 20, 2026 NRL Editorial and Opinion SIX players the Parramatta Eels should target for the rest of... Kye "
"pen","Penrith Panthers","John Fonua","Unknown","false","404","Page not found - Zero Tackle","https://www.zerotackle.com/players/john-fonua/",""
"pen","Penrith Panthers","Kalani Going","Unknown","true","200","Kalani Leuluai-Going (Penrith Panthers) - NRL Stats, News, Contract &amp; Player Profile - Zero Tackle","https://www.zerotackle.com/players/kalani-going/","Player Contracts Player Contracts Team 2026 2027 2028 2029 2030 Penrith Panthers ✔ Stats 2026 Stats Round Opp P T G MINS AR ARM LB LBA TA OL TK MT TB KM 40/20 PE ER TOTALS 6 0 0 0 110 22 179 0 0 0 0 58 8 4 0 0 0 2 1 0 0 0 32 7 50 0 0 0 0 10 1 0 0 0 0 2 2 0 0 0 11 5 42 0 0 0 0 5 0 1 0 0 0 0 7 0 0 0 37 3 27 0 0 0 0 18 3 0 0 0 0 0 8 0 0 0 0 0 0 0 0 0 0 0 0 0 0 0 0 0 9 0 0 0 0 0 0 0 0 0 0 0 0 0 0 0 0 0 18 0 0 0 30 7 60 0"
"pen","Penrith Panthers","Luron Patea","Unknown","true","200","Luron Patea (Penrith Panthers) - NRL Stats, News, Contract &amp; Player Profile - Zero Tackle","https://www.zerotackle.com/players/luron-patea/","Player Contracts Player Contracts Team 2026 2027 2028 2029 2030 Penrith Panthers ✔ ✔ Stats 2026 Stats Round Opp P T G MINS AR ARM LB LBA TA OL TK MT TB KM 40/20 PE ER TOTALS 3 0 0 0 58 21 191 0 0 0 2 39 3 5 0 0 0 1 13 0 0 0 0 0 0 0 0 0 0 0 0 0 0 0 0 0 16 0 0 0 29 14 133 0 0 0 1 21 1 3 0 0 0 1 18 0 0 0 29 7 58 0 0 0 1 18 2 2 0 0 0 0 Luron Patea Panthers re-sign five youngsters for the future Ethan Lee Chalk - June 21,"
"pen","Penrith Panthers","Tom Ale","Unknown","true","200","Tom Ale (Penrith Panthers) - NRL Stats, News, Contract &amp; Player Profile - Zero Tackle","https://www.zerotackle.com/players/tom-ale/","Player Contracts Player Contracts Team 2026 2027 2028 2029 2030 Penrith Panthers ✔ Stats NRL Editorial and Opinion SIX players the Parramatta Eels should target for the rest of... Kye Ferreira - April 19, 2026 NRL Player Movements New Zealand Warriors forward duo confirm new club Ethan Lee Chalk - October 31, 2025 Bunty Afoa Warriors confirm five players to depart Matt Clements - September 17, 2025 Latest NRL News Ne"
"sou","South Sydney Rabbitohs","Jye Gray","Fullback","true","200","Jye Gray (South Sydney Rabbitohs) - NRL Stats, News, Contract &amp; Player Profile - Zero Tackle","https://www.zerotackle.com/players/jye-gray/","Player Contracts Player Contracts Team 2026 2027 2028 2029 2030 South Sydney Rabbitohs ✔ ✔ ✔ ✔ Stats 2026 Stats Round Opp P T G MINS AR ARM LB LBA TA OL TK MT TB KM 40/20 PE ER TOTALS 13 12 3 0 830 200 1762 6 5 6 2 58 18 51 83 0 0 4 1 4 1 0 80 12 162 1 0 0 0 1 1 4 0 0 0 0 2 0 0 0 80 19 153 0 0 0 0 7 2 8 0 0 0 1 3 4 1 0 69 17 142 1 1 1 0 7 2 8 18 0 0 0 5 0 0 0 70 21 147 0 1 1 0 1 2 4 22 0 0 0 6 0 0 0 14 4 31 0 0 0 0 3"
"sou","South Sydney Rabbitohs","Alex Johnston","Winger","true","200","Alex Johnston (South Sydney Rabbitohs) - NRL Stats, News, Contract &amp; Player Profile - Zero Tackle","https://www.zerotackle.com/players/alex-johnston/","Player Contracts Player Contracts Team 2026 2027 2028 2029 2030 South Sydney Rabbitohs ✔ ✔ PNG Chiefs ✔ Stats 2026 Stats Round Opp P T G MINS AR ARM LB LBA TA OL TK MT TB KM 40/20 PE ER TOTALS 13 76 19 0 1040 165 1862 23 3 5 7 55 8 29 44 0 2 13 1 4 1 0 80 10 94 1 0 0 0 5 0 2 0 0 0 1 2 8 2 0 80 12 122 1 0 0 0 4 0 2 0 0 0 1 3 4 1 0 80 11 109 0 1 1 0 6 0 1 0 0 0 1 5 4 1 0 80 12 196 3 0 0 1 5 2 2 0 0 0 2 6 4 1 0 80 17 22"
"sou","South Sydney Rabbitohs","Latrell Mitchell","Centre","true","200","Latrell Mitchell (South Sydney Rabbitohs) - NRL Stats, News, Contract &amp; Player Profile - Zero Tackle","https://www.zerotackle.com/players/latrell-mitchell/","Player Contracts Player Contracts Team 2026 2027 2028 2029 2030 South Sydney Rabbitohs $1.1M $1.1M Stats 2026 Stats Round Opp P T G MINS AR ARM LB LBA TA OL TK MT TB KM 40/20 PE ER TOTALS 9 116 11 35 713 101 1152 10 15 7 21 85 10 46 1261 0 9 14 1 20 2 6 80 9 107 2 1 0 1 5 1 5 249 0 1 0 2 6 0 3 80 9 104 1 1 2 3 11 2 2 192 0 2 4 3 8 1 2 80 10 141 1 0 0 3 13 2 4 145 0 3 0 5 20 2 6 80 7 58 0 2 0 1 13 0 4 261 0 0 2 6 14 1"
"sou","South Sydney Rabbitohs","Jack Wighton","Centre","true","200","Jack Wighton (South Sydney Rabbitohs) - NRL Stats, News, Contract &amp; Player Profile - Zero Tackle","https://www.zerotackle.com/players/jack-wighton/","Player Contracts Player Contracts Team 2026 2027 2028 2029 2030 South Sydney Rabbitohs $850K $850K Stats 2026 Stats Round Opp P T G MINS AR ARM LB LBA TA OL TK MT TB KM 40/20 PE ER TOTALS 10 8 2 0 739 120 1072 2 3 3 2 116 26 14 48 0 3 10 1 0 0 0 80 11 95 0 1 1 0 21 3 0 0 0 0 1 2 0 0 0 80 8 71 0 0 1 0 13 1 1 12 0 0 0 3 4 1 0 80 12 129 1 0 0 0 9 4 3 35 0 1 3 5 0 0 0 80 11 80 0 0 0 1 9 2 1 0 0 0 1 6 4 1 0 80 13 130 0 1 "
"sou","South Sydney Rabbitohs","Campbell Graham","Winger","true","200","Campbell Graham (South Sydney Rabbitohs) - NRL Stats, News, Contract &amp; Player Profile - Zero Tackle","https://www.zerotackle.com/players/campbell-graham/","Player Contracts Player Contracts Team 2026 2027 2028 2029 2030 South Sydney Rabbitohs $700K $700K Stats 2026 Stats Round Opp P T G MINS AR ARM LB LBA TA OL TK MT TB KM 40/20 PE ER TOTALS 11 28 7 0 880 179 1675 7 2 1 6 94 14 32 0 0 3 19 1 8 2 0 80 13 161 1 0 0 0 8 2 3 0 0 1 2 2 4 1 0 80 14 121 0 0 0 0 7 1 2 0 0 0 2 5 0 0 0 80 12 91 0 0 0 1 7 1 3 0 0 0 2 6 0 0 0 80 21 227 2 0 1 0 5 0 2 0 0 0 0 7 0 0 0 80 16 153 0 0 0 "
"sou","South Sydney Rabbitohs","Cody Walker","Five-Eighth","true","200","Cody Walker (South Sydney Rabbitohs) - NRL Stats, News, Contract &amp; Player Profile - Zero Tackle","https://www.zerotackle.com/players/cody-walker/","Player Contracts Player Contracts Team 2026 2027 2028 2029 2030 South Sydney Rabbitohs ✔ Stats 2026 Stats Round Opp P T G MINS AR ARM LB LBA TA OL TK MT TB KM 40/20 PE ER TOTALS 15 24 6 0 1151 138 954 8 14 13 9 261 38 23 1726 2 14 22 1 0 0 0 71 12 71 0 3 2 1 12 0 0 191 1 0 2 2 0 0 0 80 12 66 0 0 0 0 15 2 4 155 0 4 3 3 0 0 0 80 4 26 1 0 1 0 17 4 0 122 0 0 2 5 0 0 0 80 4 20 0 2 2 0 25 6 1 98 0 2 1 6 8 2 0 80 6 56 2 0 0"
"sou","South Sydney Rabbitohs","Jamie Humphreys","Halfback","true","200","Jamie Humphreys (South Sydney Rabbitohs) - NRL Stats, News, Contract &amp; Player Profile - Zero Tackle","https://www.zerotackle.com/players/jamie-humphreys/","Player Contracts Player Contracts Team 2026 2027 2028 2029 2030 South Sydney Rabbitohs $150K Stats 2026 Stats Round Opp P T G MINS AR ARM LB LBA TA OL TK MT TB KM 40/20 PE ER TOTALS 12 12 2 2 723 69 569 0 1 3 1 280 25 9 2184 0 0 5 3 0 0 0 69 6 48 0 0 1 0 19 3 0 310 0 0 2 5 0 0 0 80 3 21 0 0 1 0 17 1 0 418 0 0 1 6 4 1 0 80 10 81 0 0 0 1 21 4 0 278 0 0 0 7 0 0 0 80 13 116 0 0 0 0 21 2 1 383 0 0 0 8 0 0 0 57 5 35 0 1 1 "
"sou","South Sydney Rabbitohs","Tevita Tatola","Prop","true","200","Tevita Tatola (South Sydney Rabbitohs) - NRL Stats, News, Contract &amp; Player Profile - Zero Tackle","https://www.zerotackle.com/players/tevita-tatola/","Player Contracts Player Contracts Team 2026 2027 2028 2029 2030 South Sydney Rabbitohs $650K $650K $650K Stats 2026 Stats Round Opp P T G MINS AR ARM LB LBA TA OL TK MT TB KM 40/20 PE ER TOTALS 16 4 1 0 754 207 1816 1 0 0 1 377 26 6 0 0 3 2 1 0 0 0 45 18 152 0 0 0 0 21 0 1 0 0 0 1 2 0 0 0 57 13 113 0 0 0 0 34 2 0 0 0 0 0 3 0 0 0 57 16 145 0 0 0 1 33 4 1 0 0 0 0 5 0 0 0 46 15 122 0 0 0 0 19 1 1 0 0 0 0 6 0 0 0 46 10 8"
"sou","South Sydney Rabbitohs","Brandon Smith","Hooker","true","200","Brandon Smith (South Sydney Rabbitohs) - NRL Stats, News, Contract &amp; Player Profile - Zero Tackle","https://www.zerotackle.com/players/brandon-smith/","Player Contracts Player Contracts Team 2026 2027 2028 2029 2030 South Sydney Rabbitohs $600K $600K Stats 2026 Stats Round Opp P T G MINS AR ARM LB LBA TA OL TK MT TB KM 40/20 PE ER TOTALS 8 0 0 0 366 43 432 0 3 3 1 179 28 6 61 0 3 3 6 0 0 0 43 7 71 0 0 0 0 20 1 0 0 0 1 0 7 0 0 0 55 10 90 0 2 2 0 28 2 1 37 0 0 0 8 0 0 0 13 0 0 0 0 0 0 11 1 0 0 0 0 0 14 0 0 0 47 4 34 0 0 0 0 22 2 2 0 0 1 0 15 0 0 0 39 5 64 0 0 0 1 22 3"
"sou","South Sydney Rabbitohs","Keaon Koloamatangi","Prop","true","200","Keaon Koloamatangi (South Sydney Rabbitohs) - NRL Stats, News, Contract &amp; Player Profile - Zero Tackle","https://www.zerotackle.com/players/keaon-koloamatangi/","Player Contracts Player Contracts Team 2026 2027 2028 2029 2030 South Sydney Rabbitohs $700K St George Illawarra Dragons ✔ ✔ ✔ ✔ Stats 2026 Stats Round Opp P T G MINS AR ARM LB LBA TA OL TK MT TB KM 40/20 PE ER TOTALS 16 4 1 0 1112 284 2733 2 1 1 9 478 32 25 0 0 3 11 1 0 0 0 70 25 253 0 0 0 2 23 2 0 0 0 0 1 2 0 0 0 71 21 164 0 0 0 1 38 4 0 0 0 0 0 3 0 0 0 72 16 157 0 0 0 1 34 2 1 0 0 0 1 5 0 0 0 67 20 198 0 0 0 0 25 "
"sou","South Sydney Rabbitohs","Jai Arrow","2nd Row","true","200","Jai Arrow - Zero Tackle","https://www.zerotackle.com/players/jai-arrow/","Player Contracts Player Contracts Team 2026 2027 2028 2029 2030 Player has retired Stats Latest NRL News NRL to throw unique initiative for Jai Arrow's birthday Leo Twemlow - July 1, 2026 Latest NRL News Two clubs, one cause: Thursday nights win will go beyond the... Magdalena Murdoch - June 11, 2026 Jai Arrow Broncos pay tribute to Jai Arrow with jersey addition for Rabbitohs... Scott Pryde - June 8, 2026 Latest NRL"
"sou","South Sydney Rabbitohs","David Fifita","2nd Row","true","200","David Fifita (South Sydney Rabbitohs) - NRL Stats, News, Contract &amp; Player Profile - Zero Tackle","https://www.zerotackle.com/players/david-fifita/","Player Contracts Player Contracts Team 2026 2027 2028 2029 2030 South Sydney Rabbitohs ✔ ✔ Stats 2026 Stats Round Opp P T G MINS AR ARM LB LBA TA OL TK MT TB KM 40/20 PE ER TOTALS 10 12 3 0 731 163 1412 4 2 2 9 215 31 44 43 0 7 5 1 0 0 0 71 20 171 1 0 1 0 16 2 3 13 0 0 2 2 0 0 0 80 20 184 0 0 0 3 15 7 8 0 0 1 0 3 0 0 0 80 16 135 0 1 0 2 28 1 3 0 0 0 2 5 0 0 0 66 15 80 0 0 0 0 23 4 2 0 0 0 0 6 0 0 0 80 20 197 0 0 0 0 "
"sou","South Sydney Rabbitohs","Cameron Murray","Lock","true","200","Cameron Murray (South Sydney Rabbitohs) - NRL Stats, News, Contract &amp; Player Profile - Zero Tackle","https://www.zerotackle.com/players/cameron-murray/","Player Contracts Player Contracts Team 2026 2027 2028 2029 2030 South Sydney Rabbitohs $1.1M $1.1M $1.1M Stats 2026 Stats Round Opp P T G MINS AR ARM LB LBA TA OL TK MT TB KM 40/20 PE ER TOTALS 16 12 3 0 1045 192 1547 2 5 3 14 563 27 37 38 0 5 6 1 0 0 0 67 18 169 0 0 0 2 28 0 2 0 0 0 0 2 0 0 0 69 13 95 0 0 0 0 47 2 1 0 0 0 0 3 0 0 0 66 12 89 0 0 0 2 35 2 2 0 0 0 0 5 4 1 0 63 9 75 0 0 0 1 34 2 2 0 0 0 0 6 0 0 0 64 12 "
"sou","South Sydney Rabbitohs","Tallis Duncan","Interchange","true","200","Tallis Duncan (South Sydney Rabbitohs) - NRL Stats, News, Contract &amp; Player Profile - Zero Tackle","https://www.zerotackle.com/players/tallis-duncan/","Player Contracts Player Contracts Team 2026 2027 2028 2029 2030 South Sydney Rabbitohs ✔ ✔ Stats 2026 Stats Round Opp P T G MINS AR ARM LB LBA TA OL TK MT TB KM 40/20 PE ER TOTALS 16 32 8 0 1236 225 2138 12 5 3 12 416 41 57 5 0 3 14 1 0 0 0 59 10 98 0 0 0 1 20 0 4 0 0 0 0 2 0 0 0 57 9 80 0 0 0 0 21 5 2 0 0 0 0 3 0 0 0 80 10 81 0 0 0 0 35 6 0 0 0 0 0 5 4 1 0 80 13 145 3 0 0 1 26 2 3 0 0 0 0 6 0 0 0 80 13 116 0 2 1 1 2"
"sou","South Sydney Rabbitohs","Euan Aitken","Interchange","true","200","Euan Aitken (South Sydney Rabbitohs) - NRL Stats, News, Contract &amp; Player Profile - Zero Tackle","https://www.zerotackle.com/players/euan-aitken/","Player Contracts Player Contracts Team 2026 2027 2028 2029 2030 South Sydney Rabbitohs ✔ ✔ Stats 2026 Stats Round Opp P T G MINS AR ARM LB LBA TA OL TK MT TB KM 40/20 PE ER TOTALS 12 16 4 0 698 137 1170 4 0 0 6 343 13 25 0 0 2 3 1 0 0 0 61 13 129 0 0 0 0 28 2 5 0 0 0 0 2 0 0 0 50 8 71 0 0 0 0 28 1 0 0 0 0 0 8 4 1 0 51 13 113 1 0 0 1 18 1 5 0 0 1 1 9 0 0 0 56 13 103 0 0 0 0 17 1 0 0 0 0 1 10 4 1 0 66 14 136 1 0 0 0 40"
"sou","South Sydney Rabbitohs","Peter Mamouzelos","Interchange","true","200","Peter Mamouzelos (South Sydney Rabbitohs) - NRL Stats, News, Contract &amp; Player Profile - Zero Tackle","https://www.zerotackle.com/players/peter-mamouzelos/","Player Contracts Player Contracts Team 2026 2027 2028 2029 2030 South Sydney Rabbitohs ✔ ✔ Stats 2026 Stats Round Opp P T G MINS AR ARM LB LBA TA OL TK MT TB KM 40/20 PE ER TOTALS 10 0 0 0 425 44 334 1 2 2 1 207 12 5 190 0 8 0 1 0 0 0 50 6 57 1 0 1 0 23 1 3 0 0 1 0 2 0 0 0 57 3 29 0 1 0 0 28 2 0 83 0 0 0 3 0 0 0 53 6 47 0 0 0 0 29 2 2 5 0 1 0 5 0 0 0 62 6 39 0 0 0 0 24 1 0 93 0 0 0 6 0 0 0 56 9 75 0 0 0 0 26 1 0 0 0 "
"sou","South Sydney Rabbitohs","Sean Keppie","Interchange","true","200","Sean Keppie (South Sydney Rabbitohs) - NRL Stats, News, Contract &amp; Player Profile - Zero Tackle","https://www.zerotackle.com/players/sean-keppie/","Player Contracts Player Contracts Team 2026 2027 2028 2029 2030 South Sydney Rabbitohs ✔ Stats 2026 Stats Round Opp P T G MINS AR ARM LB LBA TA OL TK MT TB KM 40/20 PE ER TOTALS 12 4 1 0 476 96 841 1 0 0 4 263 35 9 0 0 4 1 1 0 0 0 0 0 0 0 0 0 0 0 0 0 0 0 0 0 2 0 0 0 13 7 53 0 0 0 0 6 1 0 0 0 0 0 3 0 0 0 39 10 94 0 0 0 0 23 4 2 0 0 0 1 5 0 0 0 30 8 55 0 0 0 1 12 2 1 0 0 0 0 6 0 0 0 47 8 79 0 0 0 0 25 4 2 0 0 0 0 7 0 0"
"sou","South Sydney Rabbitohs","Ashton Ward","Unknown","true","200","Ashton Ward (South Sydney Rabbitohs) - NRL Stats, News, Contract &amp; Player Profile - Zero Tackle","https://www.zerotackle.com/players/ashton-ward/","Player Contracts Player Contracts Team 2026 2027 2028 2029 2030 South Sydney Rabbitohs ✔ Stats 2026 Stats Round Opp P T G MINS AR ARM LB LBA TA OL TK MT TB KM 40/20 PE ER TOTALS 9 2 0 1 675 80 556 0 7 8 3 135 31 8 3645 1 1 7 1 0 0 0 41 3 30 0 0 0 0 9 2 0 68 0 0 0 10 0 0 0 80 10 66 0 1 1 0 19 2 2 581 0 0 0 11 0 0 0 80 16 92 0 1 1 1 13 3 0 285 0 0 1 12 0 0 0 80 14 99 0 1 1 0 11 4 1 376 0 0 1 14 0 0 0 80 8 43 0 0 0 1 18"
"sou","South Sydney Rabbitohs","Adam Elliott","Unknown","true","200","Adam Elliott (South Sydney Rabbitohs) - NRL Stats, News, Contract &amp; Player Profile - Zero Tackle","https://www.zerotackle.com/players/adam-elliott/","Player Contracts Player Contracts Team 2026 2027 2028 2029 2030 South Sydney Rabbitohs ✔ Stats 2026 Stats Round Opp P T G MINS AR ARM LB LBA TA OL TK MT TB KM 40/20 PE ER TOTALS 4 0 0 0 88 9 77 0 1 0 1 61 1 1 0 0 0 1 9 0 0 0 0 0 0 0 0 0 0 0 0 0 0 0 0 0 10 0 0 0 21 2 22 0 0 0 0 13 0 0 0 0 0 0 11 0 0 0 36 1 0 0 0 0 0 25 0 0 0 0 0 1 12 0 0 0 31 6 55 0 1 0 1 23 1 1 0 0 0 0 Latest NRL News Brandon Smith's injury return ti"
"sou","South Sydney Rabbitohs","Bronson Carlick","Unknown","false","404","Page not found - Zero Tackle","https://www.zerotackle.com/players/bronson-carlick/",""
"sou","South Sydney Rabbitohs","Ed Kosi","Unknown","true","200","Edward Kosi (South Sydney Rabbitohs) - NRL Stats, News, Contract &amp; Player Profile - Zero Tackle","https://www.zerotackle.com/players/edward-kosi/","Player Contracts Player Contracts Team 2026 2027 2028 2029 2030 South Sydney Rabbitohs ✔ ✔ Stats 2026 Stats Round Opp P T G MINS AR ARM LB LBA TA OL TK MT TB KM 40/20 PE ER TOTALS 10 12 3 0 438 78 626 3 0 0 2 22 9 9 3 0 2 5 6 0 0 0 0 0 0 0 0 0 0 0 0 0 0 0 0 0 7 0 0 0 0 0 0 0 0 0 0 0 0 0 0 0 0 0 8 0 0 0 0 0 0 0 0 0 0 0 0 0 0 0 0 0 10 0 0 0 64 14 96 0 0 0 0 2 2 0 0 0 1 0 11 0 0 0 80 13 81 0 0 0 0 3 4 1 0 0 0 1 12 0 0 0"
"sou","South Sydney Rabbitohs","Isaiah Tass","Unknown","true","200","Isaiah Tass (South Sydney Rabbitohs) - NRL Stats, News, Contract &amp; Player Profile - Zero Tackle","https://www.zerotackle.com/players/isaiah-tass/","Player Contracts Player Contracts Team 2026 2027 2028 2029 2030 South Sydney Rabbitohs ✔ ✔ Stats Latest NRL News Souths plead with NRL for shock Gray replacement Magdalena Murdoch - April 13, 2026 Brandon Smith Cruel injury setback for South Sydney confirmed Magdalena Murdoch - February 27, 2026 Injuries & Suspensions Rabbitohs outside back set to miss majority of 2026 with injury Ethan Lee Chalk - October 3, 2025 In"
"sou","South Sydney Rabbitohs","Jayden Sullivan","Unknown","true","200","Jayden Sullivan (South Sydney Rabbitohs) - NRL Stats, News, Contract &amp; Player Profile - Zero Tackle","https://www.zerotackle.com/players/jayden-sullivan/","Player Contracts Player Contracts Team 2026 2027 2028 2029 2030 South Sydney Rabbitohs ✔ ✔ Stats 2026 Stats Round Opp P T G MINS AR ARM LB LBA TA OL TK MT TB KM 40/20 PE ER TOTALS 13 0 0 0 239 28 282 1 1 2 0 54 9 6 199 0 1 0 1 0 0 0 40 4 36 0 1 1 0 5 2 2 20 0 0 0 2 0 0 0 69 5 37 0 0 0 0 17 1 1 69 0 0 0 3 0 0 0 17 2 16 0 0 0 0 4 0 0 35 0 0 0 5 0 0 0 0 0 0 0 0 0 0 0 0 0 0 0 0 0 6 0 0 0 10 2 15 0 0 0 0 4 1 0 0 0 0 0 7 0"
"sou","South Sydney Rabbitohs","Jonah Glover","Unknown","true","200","Jonah Glover (South Sydney Rabbitohs) - NRL Stats, News, Contract &amp; Player Profile - Zero Tackle","https://www.zerotackle.com/players/jonah-glover/","Player Contracts Player Contracts Team 2026 2027 2028 2029 2030 South Sydney Rabbitohs ✔ ✔ Stats Latest NRL News Rabbitohs confirm young guns sidelined for up to eight weeks Magdalena Murdoch - February 16, 2026 Matt Burton Gould reveals Burton update, Rabbitohs lose half as injuries strike pre-season... Scott Pryde - February 15, 2026 Jonah Glover &#8220;Never going to make the NRL&#8221;: Dragons youngster reveals "
"sou","South Sydney Rabbitohs","Lachie Hubner","Unknown","true","200","Lachlan Hubner (South Sydney Rabbitohs) - NRL Stats, News, Contract &amp; Player Profile - Zero Tackle","https://www.zerotackle.com/players/lachlan-hubner/","Player Contracts Player Contracts Team 2026 2027 2028 2029 2030 South Sydney Rabbitohs ✔ ✔ ✔ Stats 2026 Stats Round Opp P T G MINS AR ARM LB LBA TA OL TK MT TB KM 40/20 PE ER TOTALS 15 4 1 0 555 144 1189 1 1 1 6 317 42 17 0 0 3 7 1 4 1 0 18 8 70 1 0 0 0 8 0 2 0 0 0 3 2 0 0 0 14 5 44 0 0 0 0 8 1 1 0 0 0 0 5 0 0 0 53 14 87 0 0 0 0 24 4 2 0 0 0 0 6 0 0 0 40 10 86 0 0 0 1 27 6 2 0 0 0 1 7 0 0 0 24 7 53 0 0 0 0 14 2 0 0 0"
"sou","South Sydney Rabbitohs","Liam Le Blanc","Unknown","true","200","Liam Le Blanc (South Sydney Rabbitohs) - NRL Stats, News, Contract &amp; Player Profile - Zero Tackle","https://www.zerotackle.com/players/liam-le-blanc/","Player Contracts Player Contracts Team 2026 2027 2028 2029 2030 South Sydney Rabbitohs ✔ Stats 2026 Stats Round Opp P T G MINS AR ARM LB LBA TA OL TK MT TB KM 40/20 PE ER TOTALS 8 0 0 0 141 26 218 0 0 0 1 79 4 1 0 0 0 3 3 0 0 0 0 0 0 0 0 0 0 0 0 0 0 0 0 0 5 0 0 0 0 0 0 0 0 0 0 0 0 0 0 0 0 0 6 0 0 0 0 0 0 0 0 0 0 0 0 0 0 0 0 0 12 0 0 0 31 8 75 0 0 0 1 20 1 0 0 0 0 0 15 0 0 0 33 7 60 0 0 0 0 16 1 0 0 0 0 0 17 0 0 0 0 0"
"sou","South Sydney Rabbitohs","Max McCarthy","Unknown","true","200","Max McCarthy (South Sydney Rabbitohs) - NRL Stats, News, Contract &amp; Player Profile - Zero Tackle","https://www.zerotackle.com/players/max-mccarthy/","Player Contracts Player Contracts Team 2026 2027 2028 2029 2030 South Sydney Rabbitohs ✔ Stats Injuries & Suspensions Unlucky 13: Rabbitohs' injury toll rises as return date set for... Scott Pryde - August 20, 2025 Max McCarthy Rabbitohs recruit ruled out of the season Ethan Lee Chalk - February 20, 2025 Max McCarthy Rabbitohs sign duo to Top 30 contracts for 2026 Ethan Lee Chalk - August 21, 2024 Latest News FULL TI"
"sou","South Sydney Rabbitohs","Thomas Fletcher","Unknown","true","200","Thomas Fletcher (South Sydney Rabbitohs) - NRL Stats, News, Contract &amp; Player Profile - Zero Tackle","https://www.zerotackle.com/players/thomas-fletcher/","Player Contracts Player Contracts Team 2026 2027 2028 2029 2030 South Sydney Rabbitohs ✔ ✔ Stats 2026 Stats Round Opp P T G MINS AR ARM LB LBA TA OL TK MT TB KM 40/20 PE ER TOTALS 3 0 0 0 22 5 38 0 0 0 1 12 5 0 0 0 1 0 3 0 0 0 12 3 30 0 0 0 0 8 4 0 0 0 1 0 7 0 0 0 0 0 0 0 0 0 0 0 0 0 0 0 0 0 12 0 0 0 10 2 8 0 0 0 1 4 1 0 0 0 0 0 Thomas Fletcher Young Rabbitohs forward secures his future Aden McGovern - October 30, 20"
"sou","South Sydney Rabbitohs","Tyrone Munro","Unknown","true","200","Tyrone Munro (South Sydney Rabbitohs) - NRL Stats, News, Contract &amp; Player Profile - Zero Tackle","https://www.zerotackle.com/players/tyrone-munro/","Player Contracts Player Contracts Team 2026 2027 2028 2029 2030 South Sydney Rabbitohs ✔ ✔ Stats Tyrone Munro Tyrone Munro's lawyer to make appeal for NRL return as no-fault... Magdalena Murdoch - July 2, 2026 Latest NRL News Tyrone Munro set to miss remainder of NRL season Leo Twemlow - June 24, 2026 Tyrone Munro Tyrone Munro's verdict pushed back as holiday interrupts court Scott Pryde - April 22, 2026 Latest NRL N"
"sti","St George Illawarra Dragons","Clint Gutherson","Fullback","false","404","Page not found - Zero Tackle","https://www.zerotackle.com/players/clint-gutherson/",""
"sti","St George Illawarra Dragons","Christian Tuipulotu","Winger","true","200","Christian Tuipulotu (St George Illawarra) - NRL Stats, News, Contract &amp; Player Profile - Zero Tackle","https://www.zerotackle.com/players/christian-tuipulotu/","Player Contracts Player Contracts Team 2026 2027 2028 2029 2030 St George Illawarra Dragons ✔ Stats 2026 Stats Round Opp P T G MINS AR ARM LB LBA TA OL TK MT TB KM 40/20 PE ER TOTALS 9 12 3 0 609 141 1421 3 0 0 0 28 7 24 28 0 4 8 1 0 0 0 90 22 217 0 0 0 0 2 0 1 28 0 1 0 2 4 1 0 72 15 144 1 0 0 0 1 0 1 0 0 0 2 3 0 0 0 80 17 210 1 0 0 0 7 0 7 0 0 0 2 4 0 0 0 80 14 151 0 0 0 0 5 1 1 0 0 1 0 5 0 0 0 80 15 162 0 0 0 0 7 4"
"sti","St George Illawarra Dragons","Moses Suli","Centre","true","200","Moses Suli (St George Illawarra) - NRL Stats, News, Contract &amp; Player Profile - Zero Tackle","https://www.zerotackle.com/players/moses-suli/","Player Contracts Player Contracts Team 2026 2027 2028 2029 2030 St George Illawarra Dragons $600K $600K Stats 2026 Stats Round Opp P T G MINS AR ARM LB LBA TA OL TK MT TB KM 40/20 PE ER TOTALS 9 8 2 0 676 114 1063 1 4 3 5 107 12 27 8 0 2 7 1 0 0 0 77 15 133 0 0 0 1 13 2 6 0 0 0 2 2 0 0 0 80 13 124 0 2 2 1 9 2 2 0 0 0 0 3 4 1 0 80 15 160 0 0 0 1 14 0 4 0 0 0 0 5 0 0 0 80 12 124 0 0 0 1 24 1 4 0 0 0 0 6 0 0 0 68 10 78 "
"sti","St George Illawarra Dragons","Valentine Holmes","Centre","true","200","Valentine Holmes (St George Illawarra) - NRL Stats, News, Contract &amp; Player Profile - Zero Tackle","https://www.zerotackle.com/players/valentine-holmes/","Player Contracts Player Contracts Team 2026 2027 2028 2029 2030 St George Illawarra Dragons $1M $1M Stats 2026 Stats Round Opp P T G MINS AR ARM LB LBA TA OL TK MT TB KM 40/20 PE ER TOTALS 16 106 8 37 1290 220 2024 10 6 6 20 194 66 38 10 0 1 24 1 4 0 2 90 14 121 0 1 1 1 9 3 0 0 0 1 0 2 12 2 2 80 13 141 2 0 0 0 9 5 4 0 0 0 1 3 8 0 4 80 19 181 1 0 0 3 14 4 3 0 0 0 4 4 6 0 3 80 19 185 0 1 1 1 13 3 1 0 0 0 1 5 0 0 0 80 1"
"sti","St George Illawarra Dragons","Setu Tu","Winger","true","200","Setu Tu (St George Illawarra) - NRL Stats, News, Contract &amp; Player Profile - Zero Tackle","https://www.zerotackle.com/players/setu-tu/","Player Contracts Player Contracts Team 2026 2027 2028 2029 2030 St George Illawarra Dragons ✔ ✔ Stats 2026 Stats Round Opp P T G MINS AR ARM LB LBA TA OL TK MT TB KM 40/20 PE ER TOTALS 14 32 8 0 1105 246 2154 10 0 3 10 49 16 67 23 0 3 21 1 4 1 0 65 15 98 1 0 0 1 5 1 4 0 0 1 0 2 0 0 0 80 13 105 0 0 0 0 3 1 2 0 0 0 0 3 0 0 0 80 17 174 0 0 0 2 4 1 6 0 0 0 0 6 4 1 0 80 22 220 2 0 0 0 5 0 7 0 0 0 2 7 0 0 0 80 16 178 1 0 0"
"sti","St George Illawarra Dragons","Kyle Flanagan","Five-Eighth","true","200","Kyle Flanagan (St George Illawarra) - NRL Stats, News, Contract &amp; Player Profile - Zero Tackle","https://www.zerotackle.com/players/kyle-flanagan/","Player Contracts Player Contracts Team 2026 2027 2028 2029 2030 St George Illawarra Dragons ✔ ✔ Stats 2026 Stats Round Opp P T G MINS AR ARM LB LBA TA OL TK MT TB KM 40/20 PE ER TOTALS 15 2 0 1 1031 78 538 1 1 3 1 272 21 8 622 0 6 6 1 2 0 1 90 2 17 0 0 0 0 29 2 0 93 0 0 0 2 0 0 0 80 8 64 0 0 0 0 17 1 2 41 0 0 0 3 0 0 0 80 5 28 0 0 1 0 17 1 0 24 0 1 0 4 0 0 0 61 4 31 0 0 0 0 16 3 0 26 0 0 1 6 0 0 0 80 5 20 0 0 0 0 25 "
"sti","St George Illawarra Dragons","Daniel Atkinson","Halfback","true","200","Daniel Atkinson (St George Illawarra) - NRL Stats, News, Contract &amp; Player Profile - Zero Tackle","https://www.zerotackle.com/players/daniel-atkinson/","Player Contracts Player Contracts Team 2026 2027 2028 2029 2030 St George Illawarra Dragons ✔ ✔ ✔ Stats 2026 Stats Round Opp P T G MINS AR ARM LB LBA TA OL TK MT TB KM 40/20 PE ER TOTALS 15 4 1 0 1200 109 821 1 4 8 8 318 64 17 8553 0 7 13 1 0 0 0 90 7 40 0 0 0 0 28 3 2 887 0 0 2 2 0 0 0 80 6 43 0 2 2 0 22 3 1 443 0 2 1 3 0 0 0 80 7 48 0 2 1 0 18 4 2 494 0 1 1 4 0 0 0 80 6 37 0 0 0 0 21 6 0 419 0 0 2 5 0 0 0 80 6 66 1"
"sti","St George Illawarra Dragons","Emre Guler","Prop","true","200","Emre Guler (St George Illawarra) - NRL Stats, News, Contract &amp; Player Profile - Zero Tackle","https://www.zerotackle.com/players/emre-guler/","Player Contracts Player Contracts Team 2026 2027 2028 2029 2030 St George Illawarra Dragons ✔ Stats 2026 Stats Round Opp P T G MINS AR ARM LB LBA TA OL TK MT TB KM 40/20 PE ER TOTALS 15 4 1 0 531 108 996 0 0 0 7 354 22 9 0 0 3 1 1 4 1 0 44 10 64 0 0 0 0 32 2 0 0 0 0 0 2 0 0 0 44 11 106 0 0 0 0 23 6 2 0 0 1 0 3 0 0 0 49 14 155 0 0 0 2 28 1 2 0 0 0 0 4 0 0 0 53 10 90 0 0 0 1 30 1 0 0 0 0 0 5 0 0 0 55 8 82 0 0 0 0 32 3 "
"sti","St George Illawarra Dragons","Damien Cook","Hooker","true","200","Damien Cook (St George Illawarra) - NRL Stats, News, Contract &amp; Player Profile - Zero Tackle","https://www.zerotackle.com/players/damien-cook/","Player Contracts Player Contracts Team 2026 2027 2028 2029 2030 St George Illawarra Dragons $600K Castleford Tigers ✔ ✔ Stats 2026 Stats Round Opp P T G MINS AR ARM LB LBA TA OL TK MT TB KM 40/20 PE ER TOTALS 16 8 2 0 1116 102 992 1 2 3 2 667 25 28 126 0 6 5 1 0 0 0 90 9 89 0 0 1 1 70 2 4 9 0 0 0 2 0 0 0 71 6 54 0 0 0 0 53 3 0 52 0 0 1 3 0 0 0 55 4 42 0 0 0 0 35 2 0 0 0 0 0 4 4 1 0 70 11 73 0 0 0 0 43 1 5 0 0 1 1 5 0"
"sti","St George Illawarra Dragons","Toby Couchman","Prop","true","200","Toby Couchman (St George Illawarra) - NRL Stats, News, Contract &amp; Player Profile - Zero Tackle","https://www.zerotackle.com/players/toby-couchman/","Player Contracts Player Contracts Team 2026 2027 2028 2029 2030 St George Illawarra Dragons ✔ ✔ Stats 2026 Stats Round Opp P T G MINS AR ARM LB LBA TA OL TK MT TB KM 40/20 PE ER TOTALS 15 0 0 0 908 220 2172 0 1 1 15 608 21 27 0 0 2 3 1 0 0 0 66 18 177 0 0 0 0 40 1 2 0 0 1 0 2 0 0 0 42 8 91 0 0 0 0 33 3 0 0 0 0 1 3 0 0 0 32 11 116 0 0 0 0 21 0 1 0 0 0 0 5 0 0 0 58 13 142 0 0 0 1 38 2 3 0 0 0 0 6 0 0 0 65 11 101 0 0 0 "
"sti","St George Illawarra Dragons","Luciano Leilua","2nd Row","true","200","Luciano Leilua (St George Illawarra) - NRL Stats, News, Contract &amp; Player Profile - Zero Tackle","https://www.zerotackle.com/players/luciano-leilua/","Player Contracts Player Contracts Team 2026 2027 2028 2029 2030 St George Illawarra Dragons $775K Stats 2026 Stats Round Opp P T G MINS AR ARM LB LBA TA OL TK MT TB KM 40/20 PE ER TOTALS 14 8 2 0 699 166 1544 3 3 0 10 306 23 32 37 0 5 9 1 0 0 0 69 14 115 0 0 0 0 34 2 1 0 0 2 0 2 0 0 0 67 15 142 0 0 0 0 25 2 3 0 0 1 0 3 4 1 0 62 16 147 1 0 0 2 31 7 5 0 0 0 2 4 0 0 0 80 21 199 0 0 0 1 24 4 1 0 0 0 1 5 0 0 0 80 20 241 1"
"sti","St George Illawarra Dragons","Jaydn Su'A","2nd Row","true","200","Jaydn Su&#039;A (St George Illawarra) - NRL Stats, News, Contract &amp; Player Profile - Zero Tackle","https://www.zerotackle.com/players/jaydn-sua/","Player Contracts Player Contracts Team 2026 2027 2028 2029 2030 St George Illawarra Dragons $700K Parramatta Eels ✔ ✔ ✔ Stats 2026 Stats Round Opp P T G MINS AR ARM LB LBA TA OL TK MT TB KM 40/20 PE ER TOTALS 8 4 1 0 565 113 936 2 0 0 22 227 21 14 0 0 4 4 1 0 0 0 90 12 102 0 0 0 5 31 2 1 0 0 0 0 2 0 0 0 80 19 175 0 0 0 3 35 3 3 0 0 0 2 3 4 1 0 80 16 144 2 0 0 3 36 4 2 0 0 0 0 4 0 0 0 80 16 126 0 0 0 1 37 2 3 0 0 1 1 "
"sti","St George Illawarra Dragons","Hamish Stewart","Lock","true","200","Hamish Stewart (St George Illawarra) - NRL Stats, News, Contract &amp; Player Profile - Zero Tackle","https://www.zerotackle.com/players/hamish-stewart/","Player Contracts Player Contracts Team 2026 2027 2028 2029 2030 St George Illawarra Dragons ✔ ✔ ✔ ✔ Stats 2026 Stats Round Opp P T G MINS AR ARM LB LBA TA OL TK MT TB KM 40/20 PE ER TOTALS 16 8 2 0 1089 180 1552 2 3 4 13 690 27 14 33 0 6 15 1 0 0 0 67 9 76 0 0 0 0 46 4 0 0 0 1 0 2 0 0 0 48 7 73 1 0 0 0 34 4 0 0 0 0 0 3 0 0 0 58 12 116 0 0 0 0 42 1 0 0 0 0 0 4 0 0 0 58 18 136 0 0 1 2 44 0 2 0 0 0 1 5 0 0 0 66 14 123 0"
"sti","St George Illawarra Dragons","Jacob Liddle","Interchange","true","200","Jacob Liddle (St George Illawarra) - NRL Stats, News, Contract &amp; Player Profile - Zero Tackle","https://www.zerotackle.com/players/jacob-liddle/","Player Contracts Player Contracts Team 2026 2027 2028 2029 2030 St George Illawarra Dragons ✔ ✔ ✔ Stats 2026 Stats Round Opp P T G MINS AR ARM LB LBA TA OL TK MT TB KM 40/20 PE ER TOTALS 8 4 1 0 256 24 236 1 1 0 5 169 5 5 0 0 3 4 3 0 0 0 25 1 3 0 0 0 0 20 0 0 0 0 0 1 4 0 0 0 40 2 17 0 0 0 1 30 1 0 0 0 1 0 5 0 0 0 22 3 37 0 1 0 1 10 0 0 0 0 1 0 6 4 1 0 46 7 68 1 0 0 0 24 1 2 0 0 0 0 14 0 0 0 21 1 3 0 0 0 1 19 1 0 0 0 "
"sti","St George Illawarra Dragons","Josh Kerr","Interchange","true","200","Josh Kerr (St George Illawarra) - NRL Stats, News, Contract &amp; Player Profile - Zero Tackle","https://www.zerotackle.com/players/josh-kerr/","Player Contracts Player Contracts Team 2026 2027 2028 2029 2030 St George Illawarra Dragons ✔ ✔ Stats 2026 Stats Round Opp P T G MINS AR ARM LB LBA TA OL TK MT TB KM 40/20 PE ER TOTALS 16 0 0 0 322 87 784 0 0 0 9 253 24 12 0 0 1 6 1 0 0 0 24 3 27 0 0 0 0 20 0 1 0 0 0 0 2 0 0 0 29 7 67 0 0 0 1 21 2 1 0 0 0 0 3 0 0 0 21 3 27 0 0 0 0 20 3 1 0 0 0 0 4 0 0 0 22 9 86 0 0 0 0 14 0 4 0 0 0 0 5 0 0 0 0 0 0 0 0 0 0 0 0 0 0 0 0"
"sti","St George Illawarra Dragons","Dylan Egan","Interchange","true","200","Dylan Egan (St George Illawarra) - NRL Stats, News, Contract &amp; Player Profile - Zero Tackle","https://www.zerotackle.com/players/dylan-egan/","Player Contracts Player Contracts Team 2026 2027 2028 2029 2030 St George Illawarra Dragons ✔ ✔ ✔ ✔ Stats 2026 Stats Round Opp P T G MINS AR ARM LB LBA TA OL TK MT TB KM 40/20 PE ER TOTALS 8 4 1 0 621 75 660 0 0 1 1 334 11 14 0 0 0 4 10 0 0 0 70 9 61 0 0 0 1 31 2 0 0 0 0 0 11 0 0 0 71 7 63 0 0 0 0 45 0 0 0 0 0 0 12 0 0 0 80 12 106 0 0 0 0 53 1 1 0 0 0 1 13 0 0 0 80 9 73 0 0 1 0 43 4 1 0 0 0 0 14 0 0 0 80 8 74 0 0 0 0"
"sti","St George Illawarra Dragons","Ryan Couchman","Interchange","true","200","Ryan Couchman (St George Illawarra) - NRL Stats, News, Contract &amp; Player Profile - Zero Tackle","https://www.zerotackle.com/players/ryan-couchman/","Player Contracts Player Contracts Team 2026 2027 2028 2029 2030 St George Illawarra Dragons ✔ ✔ Stats 2026 Stats Round Opp P T G MINS AR ARM LB LBA TA OL TK MT TB KM 40/20 PE ER TOTALS 12 0 0 0 740 164 1533 0 0 0 18 506 29 30 0 0 4 8 1 0 0 0 56 11 92 0 0 0 0 53 4 4 0 0 1 1 2 0 0 0 57 12 142 0 0 0 2 38 5 4 0 0 0 1 3 0 0 0 50 12 124 0 0 0 3 34 1 2 0 0 1 0 8 0 0 0 74 9 73 0 0 0 1 37 3 2 0 0 1 1 10 0 0 0 65 18 172 0 0 0 "
"sti","St George Illawarra Dragons","Hame Sele","Unknown","true","200","Hame Sele (St George Illawarra) - NRL Stats, News, Contract &amp; Player Profile - Zero Tackle","https://www.zerotackle.com/players/hame-sele/","Player Contracts Player Contracts Team 2026 2027 2028 2029 2030 St George Illawarra Dragons ✔ Stats 2026 Stats Round Opp P T G MINS AR ARM LB LBA TA OL TK MT TB KM 40/20 PE ER TOTALS 6 0 0 0 167 34 353 0 0 0 0 121 1 1 0 0 1 1 1 0 0 0 34 10 117 0 0 0 0 19 0 0 0 0 0 0 2 0 0 0 42 2 15 0 0 0 0 34 1 0 0 0 0 0 4 0 0 0 25 8 71 0 0 0 0 14 0 0 0 0 0 1 5 0 0 0 27 4 39 0 0 0 0 20 0 0 0 0 0 0 6 0 0 0 39 10 111 0 0 0 0 34 0 1 0 0"
"sti","St George Illawarra Dragons","Mat Feagai","Unknown","true","200","Max Feagai (Gold Coast Titans) - NRL Stats, News, Contract &amp; Player Profile - Zero Tackle","https://www.zerotackle.com/players/max-feagai/","Player Contracts Player Contracts Team 2026 2027 2028 2029 2030 Gold Coast Titans ✔ ✔ Stats 2026 Stats Round Opp P T G MINS AR ARM LB LBA TA OL TK MT TB KM 40/20 PE ER TOTALS 6 0 0 0 240 24 206 0 0 0 0 52 5 4 0 0 0 0 1 0 0 0 80 7 68 0 0 0 0 12 2 1 0 0 0 0 2 0 0 0 80 12 82 0 0 0 0 16 2 2 0 0 0 0 3 0 0 0 80 5 56 0 0 0 0 24 1 1 0 0 0 0 4 0 0 0 0 0 0 0 0 0 0 0 0 0 0 0 0 0 5 0 0 0 0 0 0 0 0 0 0 0 0 0 0 0 0 0 15 0 0 0 0 0 "
"sti","St George Illawarra Dragons","Lyhkan King-Togia","Unknown","true","200","Lyhkan King-Togia (St George Illawarra) - NRL Stats, News, Contract &amp; Player Profile - Zero Tackle","https://www.zerotackle.com/players/lyhkan-king-togia/","Player Contracts Player Contracts Team 2026 2027 2028 2029 2030 St George Illawarra Dragons ✔ ✔ Stats 2026 Stats Round Opp P T G MINS AR ARM LB LBA TA OL TK MT TB KM 40/20 PE ER TOTALS 12 0 0 0 179 17 103 0 0 1 1 49 5 1 219 0 0 4 1 0 0 0 0 0 0 0 0 0 0 0 0 0 0 0 0 0 2 0 0 0 0 0 0 0 0 0 0 0 0 0 0 0 0 0 3 0 0 0 0 0 0 0 0 0 0 0 0 0 0 0 0 0 4 0 0 0 19 3 15 0 0 0 0 3 1 0 0 0 0 1 5 0 0 0 80 8 60 0 0 0 0 29 3 1 103 0 0 2 10 "
"sti","St George Illawarra Dragons","Loko Pasifiki-Tonga","Unknown","true","200","Loko Pasifiki Tonga (St George Illawarra) - NRL Stats, News, Contract &amp; Player Profile - Zero Tackle","https://www.zerotackle.com/players/loko-pasifiki-tonga/","Player Contracts Player Contracts Team 2026 2027 2028 2029 2030 St George Illawarra Dragons ✔ ✔ Stats 2026 Stats Round Opp P T G MINS AR ARM LB LBA TA OL TK MT TB KM 40/20 PE ER TOTALS 11 0 0 0 392 111 1068 0 0 0 1 269 9 16 0 0 1 1 4 0 0 0 0 0 0 0 0 0 0 0 0 0 0 0 0 0 7 0 0 0 23 8 70 0 0 0 0 15 1 1 0 0 0 0 8 0 0 0 31 8 76 0 0 0 0 23 0 2 0 0 1 0 10 0 0 0 35 11 120 0 0 0 0 24 1 0 0 0 0 0 11 0 0 0 34 7 83 0 0 0 0 30 0 2 "
"sti","St George Illawarra Dragons","Tyrell Sloan","Unknown","true","200","Tyrell Sloan (St George Illawarra) - NRL Stats, News, Contract &amp; Player Profile - Zero Tackle","https://www.zerotackle.com/players/tyrell-sloan/","Player Contracts Player Contracts Team 2026 2027 2028 2029 2030 St George Illawarra Dragons ✔ Stats 2026 Stats Round Opp P T G MINS AR ARM LB LBA TA OL TK MT TB KM 40/20 PE ER TOTALS 12 24 6 0 662 119 917 2 2 1 6 35 8 18 28 0 1 17 4 4 1 0 80 9 75 1 0 0 1 4 1 1 0 0 1 0 5 0 0 0 0 0 0 0 0 0 0 0 0 0 0 0 0 0 6 0 0 0 80 25 195 0 1 1 2 9 1 4 0 0 0 3 7 0 0 0 80 16 96 0 0 0 0 4 2 1 8 0 0 2 8 4 1 0 80 8 47 0 1 0 1 7 1 0 20 0 0"
"sti","St George Illawarra Dragons","David Fale","Unknown","true","200","David Fale (St George Illawarra) - NRL Stats, News, Contract &amp; Player Profile - Zero Tackle","https://www.zerotackle.com/players/david-fale/","Player Contracts Player Contracts Team 2026 2027 2028 2029 2030 St George Illawarra Dragons ✔ ✔ Stats 2026 Stats Round Opp P T G MINS AR ARM LB LBA TA OL TK MT TB KM 40/20 PE ER TOTALS 2 0 0 0 141 30 275 1 0 0 1 8 2 5 0 0 1 0 5 0 0 0 80 15 121 0 0 0 0 3 1 4 0 0 1 0 7 0 0 0 61 15 154 1 0 0 1 5 1 1 0 0 0 0 Latest NRL News Liddle's return delayed as Dragons brace for anxious wait on Reed Kye Ferreira - May 14, 2026 Inju"
"sti","St George Illawarra Dragons","Blake Lawrie","Unknown","true","200","Blake Lawrie (St George Illawarra) - NRL Stats, News, Contract &amp; Player Profile - Zero Tackle","https://www.zerotackle.com/players/blake-lawrie/","Player Contracts Player Contracts Team 2026 2027 2028 2029 2030 St George Illawarra Dragons $600K Stats 2026 Stats Round Opp P T G MINS AR ARM LB LBA TA OL TK MT TB KM 40/20 PE ER TOTALS 14 0 0 0 282 81 757 0 0 0 0 186 13 0 0 0 1 1 1 0 0 0 0 0 0 0 0 0 0 0 0 0 0 0 0 0 2 0 0 0 0 0 0 0 0 0 0 0 0 0 0 0 0 0 3 0 0 0 37 15 141 0 0 0 0 22 4 0 0 0 0 0 4 0 0 0 51 12 118 0 0 0 0 34 1 0 0 0 0 0 5 0 0 0 26 5 48 0 0 0 0 22 3 0 0 0"
"sti","St George Illawarra Dragons","Hayden Buchanan","Unknown","true","200","Hayden Buchanan (St George Illawarra) - NRL Stats, News, Contract &amp; Player Profile - Zero Tackle","https://www.zerotackle.com/players/hayden-buchanan/","Player Contracts Player Contracts Team 2026 2027 2028 2029 2030 St George Illawarra Dragons ✔ ✔ Stats 2026 Stats Round Opp P T G MINS AR ARM LB LBA TA OL TK MT TB KM 40/20 PE ER TOTALS 4 0 0 0 127 20 148 0 0 0 0 19 5 3 0 0 1 1 4 0 0 0 80 13 93 0 0 0 0 12 4 1 0 0 1 0 8 0 0 0 0 0 0 0 0 0 0 0 0 0 0 0 0 0 11 0 0 0 29 5 39 0 0 0 0 6 0 2 0 0 0 0 12 0 0 0 18 2 16 0 0 0 0 1 1 0 0 0 0 1 Latest NRL News Dragons provide injury "
"sti","St George Illawarra Dragons","Jacob Halangahu","Unknown","true","200","Jacob Halangahu (St George Illawarra) - NRL Stats, News, Contract &amp; Player Profile - Zero Tackle","https://www.zerotackle.com/players/jacob-halangahu/","Player Contracts Player Contracts Team 2026 2027 2028 2029 2030 St George Illawarra Dragons ✔ ✔ Stats 2026 Stats Round Opp P T G MINS AR ARM LB LBA TA OL TK MT TB KM 40/20 PE ER TOTALS 7 0 0 0 98 15 122 0 0 0 0 56 3 1 0 0 0 0 4 0 0 0 0 0 0 0 0 0 0 0 0 0 0 0 0 0 5 0 0 0 22 4 33 0 0 0 0 15 1 1 0 0 0 0 7 0 0 0 19 2 17 0 0 0 0 8 0 0 0 0 0 0 8 0 0 0 14 1 4 0 0 0 0 4 0 0 0 0 0 0 10 0 0 0 17 4 33 0 0 0 0 5 1 0 0 0 0 0 17 0 "
"sti","St George Illawarra Dragons","Leeroy Weatherall","Unknown","true","200","Leeroy Weatherall (St George Illawarra) - NRL Stats, News, Contract &amp; Player Profile - Zero Tackle","https://www.zerotackle.com/players/leeroy-weatherall/","Player Contracts Player Contracts Team 2026 2027 2028 2029 2030 St George Illawarra Dragons ✔ Stats No posts to display Latest News FULL TIME: Storm vs Titans &#8211; Round 19, 2026 July 12, 2026 FULL TIME: Sea Eagles vs Cowboys &#8211; Round 19, 2026 July 12, 2026 FINAL TEAMS: Storm vs Titans &#8211; Round 19, 2026 July 12, 2026 FULL TIME: Rabbitohs vs Knights &#8211; Round 19, 2026 July 12, 2026 Bronson Xerri revea"
"sti","St George Illawarra Dragons","Nathan Lawson","Unknown","true","200","Nathan Lawson (St George Illawarra) - NRL Stats, News, Contract &amp; Player Profile - Zero Tackle","https://www.zerotackle.com/players/nathan-lawson/","Player Contracts Player Contracts Team 2026 2027 2028 2029 2030 St George Illawarra Dragons ✔ Stats 2026 Stats Round Opp P T G MINS AR ARM LB LBA TA OL TK MT TB KM 40/20 PE ER TOTALS 1 0 0 0 0 0 0 0 0 0 0 0 0 0 0 0 0 0 14 0 0 0 0 0 0 0 0 0 0 0 0 0 0 0 0 0 Latest NRL News Roosters set to sign two-time Olympian rugby star Leo Twemlow - June 25, 2026 NRL Editorial and Opinion Where could each off-contract Dragons player"
"sti","St George Illawarra Dragons","Nick Tsougranis","Unknown","true","200","Nick Tsougranis (St George Illawarra) - NRL Stats, News, Contract &amp; Player Profile - Zero Tackle","https://www.zerotackle.com/players/nick-tsougranis/","Player Contracts Player Contracts Team 2026 2027 2028 2029 2030 St George Illawarra Dragons ✔ ✔ Stats Latest NRL News Liddle's return delayed as Dragons brace for anxious wait on Reed Kye Ferreira - May 14, 2026 Latest NRL News Dragons confirm return timeline for Jaydn Su'A, three others Scott Pryde - July 30, 2025 Nick Tsougranis Dragons add another to injury ward, season over for forward Scott Pryde - July 29, 2025"
"syd","Sydney Roosters","James Tedesco","Fullback","true","200","James Tedesco (Sydney Roosters) - NRL Stats, News, Contract &amp; Player Profile - Zero Tackle","https://www.zerotackle.com/players/james-tedesco/","Player Contracts Player Contracts Team 2026 2027 2028 2029 2030 Sydney Roosters $1.1M ✔ Stats 2026 Stats Round Opp P T G MINS AR ARM LB LBA TA OL TK MT TB KM 40/20 PE ER TOTALS 17 28 7 0 1319 349 3349 12 8 10 25 48 14 83 166 0 3 15 1 4 1 0 80 19 186 1 0 1 3 2 2 11 0 0 0 1 2 4 1 0 80 15 175 1 0 0 1 1 0 4 0 0 0 0 3 0 0 0 80 19 178 1 1 0 2 5 1 6 19 0 1 3 4 0 0 0 80 25 229 0 0 0 1 1 2 2 14 0 0 1 6 0 0 0 80 23 287 2 0 0 2"
"syd","Sydney Roosters","Daniel Tupou","Winger","true","200","Daniel Tupou (Sydney Roosters) - NRL Stats, News, Contract &amp; Player Profile - Zero Tackle","https://www.zerotackle.com/players/daniel-tupou/","Player Contracts Player Contracts Team 2026 2027 2028 2029 2030 Sydney Roosters ✔ Stats 2026 Stats Round Opp P T G MINS AR ARM LB LBA TA OL TK MT TB KM 40/20 PE ER TOTALS 11 44 11 0 800 161 1794 8 0 2 7 17 6 22 11 0 0 12 1 0 0 0 80 15 168 0 0 0 2 1 1 3 0 0 0 2 2 4 1 0 80 14 148 1 0 0 0 1 1 5 0 0 0 2 3 0 0 0 80 17 150 0 0 0 1 0 1 1 0 0 0 0 4 4 1 0 80 17 189 0 0 0 0 4 0 5 6 0 0 0 6 8 2 0 80 18 193 2 0 0 0 2 0 2 0 0 0 3"
"syd","Sydney Roosters","Billy Smith","Centre","true","200","Billy Smith (Sydney Roosters) - NRL Stats, News, Contract &amp; Player Profile - Zero Tackle","https://www.zerotackle.com/players/billy-smith/","Player Contracts Player Contracts Team 2026 2027 2028 2029 2030 Sydney Roosters ✔ ✔ Stats 2026 Stats Round Opp P T G MINS AR ARM LB LBA TA OL TK MT TB KM 40/20 PE ER TOTALS 8 24 6 0 601 130 1161 7 2 4 10 75 11 24 0 0 1 8 1 4 1 0 80 9 112 2 0 1 0 12 5 6 0 0 1 0 4 0 0 0 41 5 63 0 0 0 1 3 1 1 0 0 0 0 13 4 1 0 80 21 205 1 0 0 2 5 0 2 0 0 0 1 14 0 0 0 80 23 220 2 0 1 1 2 1 2 0 0 0 2 15 0 0 0 80 15 141 0 1 0 2 17 2 3 0 0 0"
"syd","Sydney Roosters","Robert Toia","Centre","true","200","Robert Toia (Sydney Roosters) - NRL Stats, News, Contract &amp; Player Profile - Zero Tackle","https://www.zerotackle.com/players/robert-toia/","Player Contracts Player Contracts Team 2026 2027 2028 2029 2030 Sydney Roosters ✔ ✔ ✔ ✔ Stats 2026 Stats Round Opp P T G MINS AR ARM LB LBA TA OL TK MT TB KM 40/20 PE ER TOTALS 17 40 10 0 1357 185 1751 8 9 11 9 346 48 64 6 0 2 16 2 0 0 0 80 8 95 0 1 1 0 20 5 3 0 0 0 0 3 4 1 0 77 17 167 2 0 0 1 22 4 5 0 0 0 2 4 8 2 0 80 14 130 1 2 2 0 18 7 3 0 0 0 0 6 0 0 0 80 9 82 0 0 0 0 23 1 6 0 0 1 1 7 0 0 0 80 9 105 0 0 0 1 18 2 "
"syd","Sydney Roosters","Mark Nawaqanitawase","Winger","true","200","Mark Nawaqanitawase (Sydney Roosters) - NRL Stats, News, Contract &amp; Player Profile - Zero Tackle","https://www.zerotackle.com/players/mark-nawaqanitawase/","Player Contracts Player Contracts Team 2026 2027 2028 2029 2030 Sydney Roosters ✔ Stats 2026 Stats Round Opp P T G MINS AR ARM LB LBA TA OL TK MT TB KM 40/20 PE ER TOTALS 14 56 14 0 1066 231 2250 13 4 5 16 43 6 59 26 0 3 38 1 0 0 0 80 14 190 2 0 0 0 2 3 10 10 0 1 1 2 4 1 0 80 12 141 1 0 0 1 4 1 8 0 0 1 5 3 0 0 0 80 15 151 0 1 0 2 5 0 4 0 0 0 2 4 8 2 0 80 24 229 2 0 0 1 8 0 2 0 0 0 0 6 0 0 0 80 19 178 0 1 2 1 1 0 4 0 "
"syd","Sydney Roosters","Daly Cherry-Evans","Five-Eighth","true","200","Daly Cherry-Evans (Sydney Roosters) - NRL Stats, News, Contract &amp; Player Profile - Zero Tackle","https://www.zerotackle.com/players/daly-cherry-evans/","Player Contracts Player Contracts Team 2026 2027 2028 2029 2030 Sydney Roosters ✔ Stats 2026 Stats Round Opp P T G MINS AR ARM LB LBA TA OL TK MT TB KM 40/20 PE ER TOTALS 16 17 4 0 1280 131 854 3 7 9 11 355 32 13 5516 1 3 11 1 0 0 0 80 9 58 0 1 0 1 16 1 1 129 0 0 3 2 4 1 0 80 6 51 1 0 1 0 23 5 2 412 0 0 1 3 0 0 0 80 9 56 0 0 0 2 27 1 0 154 0 0 1 4 0 0 0 80 10 78 0 1 1 1 26 1 2 542 0 0 1 6 8 2 0 80 6 49 1 0 0 0 17 1 0"
"syd","Sydney Roosters","Sam Walker","Halfback","true","200","Sam Walker (Sydney Roosters) - NRL Stats, News, Contract &amp; Player Profile - Zero Tackle","https://www.zerotackle.com/players/sam-walker/","Player Contracts Player Contracts Team 2026 2027 2028 2029 2030 Sydney Roosters $1M $1M Stats 2026 Stats Round Opp P T G MINS AR ARM LB LBA TA OL TK MT TB KM 40/20 PE ER TOTALS 17 153 6 64 1343 186 1378 4 8 14 15 260 52 21 3735 0 12 18 1 6 0 3 80 9 77 0 1 0 0 12 5 2 123 0 3 1 2 10 0 5 80 14 101 0 0 0 1 17 2 1 151 0 1 0 3 0 0 0 80 9 51 0 0 0 4 11 5 1 186 0 1 2 4 9 0 4 77 12 81 0 0 0 2 8 1 0 260 0 0 1 6 14 1 5 80 6 69 "
"syd","Sydney Roosters","Naufahu Whyte","Prop","true","200","Naufahu Whyte (Sydney Roosters) - NRL Stats, News, Contract &amp; Player Profile - Zero Tackle","https://www.zerotackle.com/players/naufahu-whyte/","Player Contracts Player Contracts Team 2026 2027 2028 2029 2030 Sydney Roosters ✔ ✔ ✔ ✔ Stats 2026 Stats Round Opp P T G MINS AR ARM LB LBA TA OL TK MT TB KM 40/20 PE ER TOTALS 16 0 0 0 853 248 2693 1 0 0 11 396 27 50 0 0 4 7 1 0 0 0 59 17 191 0 0 0 0 26 2 2 0 0 1 1 2 0 0 0 59 15 175 0 0 0 0 20 2 1 0 0 1 0 3 0 0 0 48 12 140 0 0 0 1 20 0 6 0 0 0 0 4 0 0 0 50 15 170 1 0 0 0 20 0 8 0 0 0 0 6 0 0 0 45 14 157 0 0 0 1 25 1"
"syd","Sydney Roosters","Reece Robson","Hooker","true","200","Reece Robson (Sydney Roosters) - NRL Stats, News, Contract &amp; Player Profile - Zero Tackle","https://www.zerotackle.com/players/reece-robson/","Player Contracts Player Contracts Team 2026 2027 2028 2029 2030 Sydney Roosters ✔ ✔ ✔ ✔ Stats 2026 Stats Round Opp P T G MINS AR ARM LB LBA TA OL TK MT TB KM 40/20 PE ER TOTALS 15 12 3 0 1030 78 735 3 2 2 7 565 39 21 57 0 5 7 3 0 0 0 72 7 53 0 0 0 2 43 5 1 13 0 0 0 4 0 0 0 80 3 28 0 0 1 0 37 2 0 8 0 0 0 6 0 0 0 80 7 54 0 0 0 1 43 2 3 0 0 0 0 7 0 0 0 74 7 78 0 0 0 1 34 1 1 0 0 0 1 8 4 1 0 80 7 74 1 1 0 0 35 2 3 0 0 0 "
"syd","Sydney Roosters","Lindsay Collins","Prop","true","200","Lindsay Collins (Sydney Roosters) - NRL Stats, News, Contract &amp; Player Profile - Zero Tackle","https://www.zerotackle.com/players/lindsay-collins/","Player Contracts Player Contracts Team 2026 2027 2028 2029 2030 Sydney Roosters $725K $725K $725K Stats 2026 Stats Round Opp P T G MINS AR ARM LB LBA TA OL TK MT TB KM 40/20 PE ER TOTALS 15 8 2 0 564 113 1133 1 0 0 0 335 17 11 8 0 4 7 1 0 0 0 61 5 49 0 0 0 0 44 2 1 0 0 1 0 2 0 0 0 63 14 149 0 0 0 0 30 4 0 0 0 0 0 3 0 0 0 44 8 68 0 0 0 0 25 0 0 0 0 1 1 4 0 0 0 46 10 112 0 0 0 0 27 0 2 8 0 0 1 6 0 0 0 31 4 30 0 0 0 0 2"
"syd","Sydney Roosters","Angus Crichton","2nd Row","true","200","Angus Crichton (Sydney Roosters) - NRL Stats, News, Contract &amp; Player Profile - Zero Tackle","https://www.zerotackle.com/players/angus-crichton/","Player Contracts Player Contracts Team 2026 2027 2028 2029 2030 Sydney Roosters $800K Stats 2026 Stats Round Opp P T G MINS AR ARM LB LBA TA OL TK MT TB KM 40/20 PE ER TOTALS 13 8 2 0 1014 164 1458 1 1 0 15 381 37 37 0 0 7 12 1 4 1 0 80 9 90 0 0 0 0 32 1 0 0 0 3 1 2 0 0 0 77 12 96 0 0 0 1 30 3 2 0 0 0 1 3 0 0 0 80 14 154 0 0 0 1 26 4 3 0 0 0 0 4 0 0 0 80 17 171 0 0 0 2 21 7 3 0 0 0 0 6 0 0 0 80 16 140 0 0 0 1 25 2 7 "
"syd","Sydney Roosters","Siua Wong","2nd Row","true","200","Siua Wong (Sydney Roosters) - NRL Stats, News, Contract &amp; Player Profile - Zero Tackle","https://www.zerotackle.com/players/siua-wong/","Player Contracts Player Contracts Team 2026 2027 2028 2029 2030 Sydney Roosters ✔ ✔ ✔ Stats 2026 Stats Round Opp P T G MINS AR ARM LB LBA TA OL TK MT TB KM 40/20 PE ER TOTALS 16 8 2 0 1225 207 1899 1 1 1 16 593 38 38 18 0 8 8 1 0 0 0 38 10 90 0 0 0 2 21 0 2 0 0 0 0 2 0 0 0 80 11 109 0 0 0 0 41 3 3 0 0 1 2 3 0 0 0 80 9 83 0 0 0 0 45 2 3 0 0 0 0 4 0 0 0 80 17 141 0 0 0 2 40 5 2 0 0 0 1 6 0 0 0 67 16 144 0 0 0 0 35 2 4 "
"syd","Sydney Roosters","Victor Radley","Lock","true","200","Victor Radley (Sydney Roosters) - NRL Stats, News, Contract &amp; Player Profile - Zero Tackle","https://www.zerotackle.com/players/victor-radley/","Player Contracts Player Contracts Team 2026 2027 2028 2029 2030 Sydney Roosters $750K $750K Stats 2026 Stats Round Opp P T G MINS AR ARM LB LBA TA OL TK MT TB KM 40/20 PE ER TOTALS 12 4 1 0 657 131 996 0 0 0 1 355 35 8 0 0 12 4 6 4 1 0 48 7 60 0 0 0 0 33 4 0 0 0 0 1 7 0 0 0 46 9 82 0 0 0 0 29 0 2 0 0 0 1 8 0 0 0 57 10 79 0 0 0 0 29 2 1 0 0 3 1 9 0 0 0 57 7 58 0 0 0 0 23 0 0 0 0 3 0 10 0 0 0 42 10 99 0 0 0 0 26 3 1 0 "
"syd","Sydney Roosters","Connor Watson","Interchange","true","200","Connor Watson (Sydney Roosters) - NRL Stats, News, Contract &amp; Player Profile - Zero Tackle","https://www.zerotackle.com/players/connor-watson/","Player Contracts Player Contracts Team 2026 2027 2028 2029 2030 Sydney Roosters ✔ St George Illawarra Dragons ✔ PNG Chiefs ✔ ✔ Stats 2026 Stats Round Opp P T G MINS AR ARM LB LBA TA OL TK MT TB KM 40/20 PE ER TOTALS 16 4 1 0 717 125 1111 0 4 2 5 445 19 27 57 0 5 11 1 0 0 0 31 2 17 0 0 0 1 12 1 0 0 0 0 2 2 0 0 0 56 7 68 0 0 0 0 31 0 0 21 0 0 0 3 0 0 0 55 11 87 0 0 0 0 41 3 4 0 0 2 1 4 4 1 0 66 17 152 0 0 0 0 39 1 3 0 "
"syd","Sydney Roosters","Egan Butcher","Interchange","true","200","Egan Butcher (Sydney Roosters) - NRL Stats, News, Contract &amp; Player Profile - Zero Tackle","https://www.zerotackle.com/players/egan-butcher/","Player Contracts Player Contracts Team 2026 2027 2028 2029 2030 Sydney Roosters ✔ ✔ Stats 2026 Stats Round Opp P T G MINS AR ARM LB LBA TA OL TK MT TB KM 40/20 PE ER TOTALS 13 0 0 0 268 59 563 0 0 0 3 149 8 11 0 0 3 4 1 0 0 0 38 7 77 0 0 0 0 23 1 2 0 0 0 0 2 0 0 0 51 10 97 0 0 0 1 30 3 2 0 0 1 1 3 0 0 0 33 7 62 0 0 0 2 18 0 2 0 0 0 1 4 0 0 0 2 0 0 0 0 0 0 2 0 0 0 0 0 0 9 0 0 0 0 0 0 0 0 0 0 0 0 0 0 0 0 0 10 0 0 0 9 3"
"syd","Sydney Roosters","Spencer Leniu","Interchange","true","200","Spencer Leniu (Sydney Roosters) - NRL Stats, News, Contract &amp; Player Profile - Zero Tackle","https://www.zerotackle.com/players/spencer-leniu/","Player Contracts Player Contracts Team 2026 2027 2028 2029 2030 Sydney Roosters ✔ ✔ Stats 2026 Stats Round Opp P T G MINS AR ARM LB LBA TA OL TK MT TB KM 40/20 PE ER TOTALS 13 0 0 0 397 104 1000 0 0 0 5 186 11 25 0 0 2 3 1 0 0 0 0 0 0 0 0 0 0 0 0 0 0 0 0 0 6 0 0 0 30 10 64 0 0 0 0 7 0 1 0 0 0 1 7 0 0 0 28 6 78 0 0 0 0 12 0 2 0 0 0 0 8 0 0 0 23 8 59 0 0 0 0 10 0 2 0 0 0 0 9 0 0 0 14 1 5 0 0 0 0 3 1 0 0 0 0 0 10 0 0 0 "
"syd","Sydney Roosters","Nat Butcher","Interchange","true","200","Nat Butcher (Sydney Roosters) - NRL Stats, News, Contract &amp; Player Profile - Zero Tackle","https://www.zerotackle.com/players/nat-butcher/","Player Contracts Player Contracts Team 2026 2027 2028 2029 2030 Sydney Roosters ✔ ✔ Stats 2026 Stats Round Opp P T G MINS AR ARM LB LBA TA OL TK MT TB KM 40/20 PE ER TOTALS 15 4 1 0 735 198 1799 1 0 0 4 455 11 16 8 0 7 3 1 0 0 0 80 9 65 0 0 0 1 57 1 0 0 0 0 0 2 0 0 0 35 8 64 0 0 0 1 25 0 1 0 0 0 0 3 0 0 0 23 4 38 0 0 0 1 21 0 1 0 0 1 0 4 0 0 0 45 19 197 0 0 0 0 22 2 2 0 0 0 0 6 0 0 0 49 16 151 0 0 0 0 23 0 1 0 0 0 0 "
"syd","Sydney Roosters","Benaiah Ioelu","Unknown","true","200","Benaiah Ioelu (Sydney Roosters) - NRL Stats, News, Contract &amp; Player Profile - Zero Tackle","https://www.zerotackle.com/players/benaiah-ioelu/","Player Contracts Player Contracts Team 2026 2027 2028 2029 2030 Sydney Roosters ✔ ✔ ✔ Stats 2026 Stats Round Opp P T G MINS AR ARM LB LBA TA OL TK MT TB KM 40/20 PE ER TOTALS 4 0 0 0 166 11 92 1 0 1 0 106 7 3 175 0 0 2 1 0 0 0 49 3 20 1 0 0 0 38 4 1 0 0 0 1 2 0 0 0 24 3 32 0 0 0 0 12 0 0 47 0 0 0 15 0 0 0 45 3 20 0 0 0 0 37 0 1 68 0 0 0 19 0 0 0 48 2 20 0 0 1 0 19 3 1 60 0 0 1 2026 NRL Finals Three equal at the top a"
"syd","Sydney Roosters","Blake Steep","Unknown","true","200","Blake Steep (Sydney Roosters) - NRL Stats, News, Contract &amp; Player Profile - Zero Tackle","https://www.zerotackle.com/players/blake-steep/","Player Contracts Player Contracts Team 2026 2027 2028 2029 2030 Sydney Roosters ✔ ✔ ✔ Stats 2026 Stats Round Opp P T G MINS AR ARM LB LBA TA OL TK MT TB KM 40/20 PE ER TOTALS 4 0 0 0 68 7 49 0 0 0 2 60 1 0 0 0 0 1 1 0 0 0 30 2 9 0 0 0 1 22 0 0 0 0 0 0 2 0 0 0 21 3 25 0 0 0 1 19 1 0 0 0 0 0 3 0 0 0 17 2 15 0 0 0 0 19 0 0 0 0 0 1 4 0 0 0 0 0 0 0 0 0 0 0 0 0 0 0 0 0 Blake Steep Young Rooster granted huge honour for brav"
"syd","Sydney Roosters","Cody Ramsey","Unknown","true","200","Cody Ramsey (Sydney Roosters) - NRL Stats, News, Contract &amp; Player Profile - Zero Tackle","https://www.zerotackle.com/players/cody-ramsey/","Player Contracts Player Contracts Team 2026 2027 2028 2029 2030 Sydney Roosters ✔ ✔ Stats 2026 Stats Round Opp P T G MINS AR ARM LB LBA TA OL TK MT TB KM 40/20 PE ER TOTALS 13 4 1 0 439 93 916 5 0 1 0 26 5 14 0 0 0 9 1 0 0 0 0 0 0 0 0 0 0 0 0 0 0 0 0 0 2 0 0 0 0 0 0 0 0 0 0 0 0 0 0 0 0 0 3 0 0 0 0 0 0 0 0 0 0 0 0 0 0 0 0 0 4 0 0 0 0 0 0 0 0 0 0 0 0 0 0 0 0 0 6 0 0 0 0 0 0 0 0 0 0 0 0 0 0 0 0 0 7 0 0 0 0 0 0 0 0 0 0 0"
"syd","Sydney Roosters","De La Salle Va’a","Unknown","true","200","De La Salle Va&#039;a (Sydney Roosters) - NRL Stats, News, Contract &amp; Player Profile - Zero Tackle","https://www.zerotackle.com/players/de-la-salle-vaa/","Player Contracts Player Contracts Team 2026 2027 2028 2029 2030 Sydney Roosters ✔ ✔ Stats 2026 Stats Round Opp P T G MINS AR ARM LB LBA TA OL TK MT TB KM 40/20 PE ER TOTALS 1 0 0 0 0 0 0 0 0 0 0 0 0 0 0 0 0 0 19 0 0 0 0 0 0 0 0 0 0 0 0 0 0 0 0 0 De La Salle Va'a Injury Tracker: Roosters rookie set to make full recovery Ethan Lee Chalk - March 31, 2025 De La Salle Va'a Sydney Roosters provide injury update on NINE pla"
"syd","Sydney Roosters","Junior Pauga","Unknown","true","200","Junior Pauga (Sydney Roosters) - NRL Stats, News, Contract &amp; Player Profile - Zero Tackle","https://www.zerotackle.com/players/junior-pauga/","Player Contracts Player Contracts Team 2026 2027 2028 2029 2030 Sydney Roosters ✔ ✔ Stats 2026 Stats Round Opp P T G MINS AR ARM LB LBA TA OL TK MT TB KM 40/20 PE ER TOTALS 5 0 0 0 288 45 459 1 1 1 1 48 11 14 39 0 0 8 1 0 0 0 80 9 93 0 0 0 1 15 3 6 19 0 0 0 2 0 0 0 80 8 87 0 1 1 0 19 2 1 0 0 0 2 3 0 0 0 80 11 119 1 0 0 0 14 5 4 20 0 0 2 10 0 0 0 0 0 0 0 0 0 0 0 0 0 0 0 0 0 11 0 0 0 48 17 160 0 0 0 0 0 1 3 0 0 0 4 Jun"
"syd","Sydney Roosters","Hugo Savala","Unknown","true","200","Hugo Savala (Sydney Roosters) - NRL Stats, News, Contract &amp; Player Profile - Zero Tackle","https://www.zerotackle.com/players/hugo-savala/","Player Contracts Player Contracts Team 2026 2027 2028 2029 2030 Sydney Roosters ✔ ✔ ✔ Stats 2026 Stats Round Opp P T G MINS AR ARM LB LBA TA OL TK MT TB KM 40/20 PE ER TOTALS 12 32 6 4 874 115 1024 4 10 9 7 176 23 18 268 0 2 8 4 0 0 0 43 4 26 0 0 0 0 5 1 2 0 0 0 0 6 0 0 0 80 8 90 1 2 2 1 16 3 2 0 0 0 0 7 8 2 0 80 10 95 0 1 0 1 17 4 0 0 0 0 1 8 0 0 0 80 7 45 1 1 2 0 15 4 0 0 0 0 0 9 4 1 0 80 9 57 0 1 1 0 14 1 0 0 0 1 "
"syd","Sydney Roosters","Jake Elliott","Unknown","true","200","Jake Elliott (Sydney Roosters) - NRL Stats, News, Contract &amp; Player Profile - Zero Tackle","https://www.zerotackle.com/players/jake-elliott/","Player Contracts Player Contracts Team 2026 2027 2028 2029 2030 Sydney Roosters ✔ ✔ Stats Latest NRL News Cowboys circle Roosters rising star for 2027 Magdalena Murdoch - June 26, 2026 Reece Robson Leniu injury timeline revealed, Robson's condition to be reviewed Magdalena Murdoch - March 9, 2026 Sydney Roosters Rookie Watch: The TEN best young prospects yet to debut at... Ethan Lee Chalk - November 27, 2025 NRL Edit"
"syd","Sydney Roosters","Salesi Foketi","Unknown","true","200","Salesi Foketi (Sydney Roosters) - NRL Stats, News, Contract &amp; Player Profile - Zero Tackle","https://www.zerotackle.com/players/salesi-foketi/","Player Contracts Player Contracts Team 2026 2027 2028 2029 2030 Sydney Roosters ✔ ✔ Stats 2026 Stats Round Opp P T G MINS AR ARM LB LBA TA OL TK MT TB KM 40/20 PE ER TOTALS 16 0 0 0 346 86 746 0 0 0 2 184 7 11 0 0 5 1 1 0 0 0 13 0 0 0 0 0 0 10 0 0 0 0 1 0 2 0 0 0 14 5 45 0 0 0 0 7 0 2 0 0 0 0 3 0 0 0 31 14 138 0 0 0 0 16 0 3 0 0 1 0 4 0 0 0 31 9 94 0 0 0 0 8 2 0 0 0 0 0 6 0 0 0 13 3 30 0 0 0 0 5 0 0 0 0 0 0 7 0 0 0 8"
"syd","Sydney Roosters","Taylor Losalu","Unknown","true","200","Taylor Losalu (Sydney Roosters) - NRL Stats, News, Contract &amp; Player Profile - Zero Tackle","https://www.zerotackle.com/players/taylor-losalu/","Player Contracts Player Contracts Team 2026 2027 2028 2029 2030 Sydney Roosters ✔ ✔ Stats 2026 Stats Round Opp P T G MINS AR ARM LB LBA TA OL TK MT TB KM 40/20 PE ER TOTALS 2 0 0 0 22 7 66 0 0 0 0 9 0 1 0 0 1 1 15 0 0 0 0 0 0 0 0 0 0 0 0 0 0 0 0 0 19 0 0 0 22 7 66 0 0 0 0 9 0 1 0 0 1 1 Taylor Losalu Roosters lock up signature of young forward Scott Pryde - April 21, 2025 Taylor Losalu Sydney Roosters hand contract up"
"syd","Sydney Roosters","Toby Rodwell","Unknown","true","200","Toby Rodwell (Sydney Roosters) - NRL Stats, News, Contract &amp; Player Profile - Zero Tackle","https://www.zerotackle.com/players/toby-rodwell/","Player Contracts Player Contracts Team 2026 2027 2028 2029 2030 Sydney Roosters ✔ ✔ ✔ Stats 2026 Stats Round Opp P T G MINS AR ARM LB LBA TA OL TK MT TB KM 40/20 PE ER TOTALS 4 6 1 1 26 6 52 1 1 0 1 10 1 3 0 0 0 0 1 0 0 0 0 0 0 0 0 0 0 0 0 0 0 0 0 0 3 0 0 0 0 0 0 0 0 0 0 0 0 0 0 0 0 0 15 6 1 1 26 6 52 1 1 0 1 10 1 3 0 0 0 0 16 0 0 0 0 0 0 0 0 0 0 0 0 0 0 0 0 0 Sydney Roosters Rookie Watch: The TEN best young prospect"
"syd","Sydney Roosters","Tommy Talau","Unknown","true","200","Tommy Talau (Sydney Roosters) - NRL Stats, News, Contract &amp; Player Profile - Zero Tackle","https://www.zerotackle.com/players/tommy-talau/","Player Contracts Player Contracts Team 2026 2027 2028 2029 2030 Sydney Roosters ✔ Stats 2026 Stats Round Opp P T G MINS AR ARM LB LBA TA OL TK MT TB KM 40/20 PE ER TOTALS 7 0 0 0 160 30 224 0 0 0 1 12 1 2 0 0 0 3 6 0 0 0 0 0 0 0 0 0 0 0 0 0 0 0 0 0 7 0 0 0 0 0 0 0 0 0 0 0 0 0 0 0 0 0 8 0 0 0 0 0 0 0 0 0 0 0 0 0 0 0 0 0 15 0 0 0 80 14 96 0 0 0 0 8 1 1 0 0 0 1 16 0 0 0 80 16 128 0 0 0 1 4 0 1 0 0 0 2 17 0 0 0 0 0 0 0 0"
"wst","Wests Tigers","Adam Doueihi","Centre","true","200","Adam Doueihi (Wests Tigers) - NRL Stats, News, Contract &amp; Player Profile - Zero Tackle","https://www.zerotackle.com/players/adam-doueihi/","Player Contracts Player Contracts Team 2026 2027 2028 2029 2030 Wests Tigers ✔ ✔ ✔ ✔ Stats 2026 Stats Round Opp P T G MINS AR ARM LB LBA TA OL TK MT TB KM 40/20 PE ER TOTALS 11 69 7 20 811 144 1416 8 10 9 7 149 21 42 3108 0 3 10 2 16 1 6 80 9 80 1 1 1 1 19 2 6 271 0 0 0 3 8 0 4 78 17 118 0 1 0 2 15 4 2 262 0 0 1 4 0 0 0 77 14 210 2 1 2 0 15 0 9 0 0 0 0 5 4 1 0 85 15 145 1 0 0 1 12 0 4 73 0 0 4 6 0 0 0 80 21 230 0 3 3"
"wst","Wests Tigers","Alex Twal","Prop","true","200","Alex Twal (Wests Tigers) - NRL Stats, News, Contract &amp; Player Profile - Zero Tackle","https://www.zerotackle.com/players/alex-twal/","Player Contracts Player Contracts Team 2026 2027 2028 2029 2030 Wests Tigers $400K ✔ ✔ ✔ Stats 2026 Stats Round Opp P T G MINS AR ARM LB LBA TA OL TK MT TB KM 40/20 PE ER TOTALS 12 0 0 0 842 183 1549 0 2 1 25 565 17 27 0 0 6 4 2 0 0 0 61 14 119 0 0 0 3 36 1 0 0 0 0 3 3 0 0 0 62 14 150 0 0 0 1 37 0 1 0 0 0 0 4 0 0 0 70 15 132 0 1 0 2 48 1 5 0 0 0 0 5 0 0 0 80 17 120 0 0 0 3 50 2 3 0 0 0 0 6 0 0 0 77 19 182 0 0 0 2 42 "
"wst","Wests Tigers","Alex Seyfarth","2nd Row","true","200","Alex Seyfarth (Wests Tigers) - NRL Stats, News, Contract &amp; Player Profile - Zero Tackle","https://www.zerotackle.com/players/alex-seyfarth/","Player Contracts Player Contracts Team 2026 2027 2028 2029 2030 Wests Tigers ✔ ✔ ✔ Stats 2026 Stats Round Opp P T G MINS AR ARM LB LBA TA OL TK MT TB KM 40/20 PE ER TOTALS 17 8 2 0 607 115 931 1 0 0 7 383 38 19 0 0 4 6 2 0 0 0 19 5 58 0 0 0 0 8 1 1 0 0 0 0 3 0 0 0 15 4 27 0 0 0 1 9 2 1 0 0 0 0 4 0 0 0 13 7 58 0 0 0 0 8 0 0 0 0 0 0 5 0 0 0 16 6 40 0 0 0 0 12 1 0 0 0 0 0 6 0 0 0 21 4 49 0 0 0 0 10 2 0 0 0 0 0 7 0 0 0 0"
"wst","Wests Tigers","Apisai Koroisau","Hooker","true","200","Apisai Koroisau (Wests Tigers) - NRL Stats, News, Contract &amp; Player Profile - Zero Tackle","https://www.zerotackle.com/players/apisai-koroisau/","Player Contracts Player Contracts Team 2026 2027 2028 2029 2030 Wests Tigers $700K ✔ ✔ Stats 2026 Stats Round Opp P T G MINS AR ARM LB LBA TA OL TK MT TB KM 40/20 PE ER TOTALS 13 8 2 0 839 58 616 4 1 2 4 476 42 22 350 0 7 5 2 0 0 0 73 5 41 0 0 0 0 31 4 2 19 0 1 0 3 0 0 0 74 5 71 1 0 0 1 30 7 4 20 0 0 0 4 0 0 0 80 4 36 0 0 0 0 47 1 2 53 0 1 1 5 0 0 0 85 6 56 0 0 0 0 56 4 1 0 0 1 0 6 4 1 0 66 6 48 1 1 1 0 31 4 2 11 0 0"
"wst","Wests Tigers","Bunty Afoa","Prop","true","200","Bunty Afoa (Wests Tigers) - NRL Stats, News, Contract &amp; Player Profile - Zero Tackle","https://www.zerotackle.com/players/bunty-afoa/","Player Contracts Player Contracts Team 2026 2027 2028 2029 2030 Wests Tigers ✔ Stats 2026 Stats Round Opp P T G MINS AR ARM LB LBA TA OL TK MT TB KM 40/20 PE ER TOTALS 8 0 0 0 210 47 464 0 0 0 0 145 6 6 0 0 4 1 10 0 0 0 36 5 48 0 0 0 0 23 3 0 0 0 1 0 11 0 0 0 0 0 0 0 0 0 0 0 0 0 0 0 0 0 14 0 0 0 0 0 0 0 0 0 0 0 0 0 0 0 0 0 15 0 0 0 31 8 96 0 0 0 0 25 0 2 0 0 0 0 16 0 0 0 34 8 88 0 0 0 0 28 0 2 0 0 0 0 17 0 0 0 34 9 7"
"wst","Wests Tigers","Fonua Pole","Prop","true","200","Fonua Pole (Wests Tigers) - NRL Stats, News, Contract &amp; Player Profile - Zero Tackle","https://www.zerotackle.com/players/fonua-pole/","Player Contracts Player Contracts Team 2026 2027 2028 2029 2030 Wests Tigers ✔ ✔ Stats 2026 Stats Round Opp P T G MINS AR ARM LB LBA TA OL TK MT TB KM 40/20 PE ER TOTALS 17 0 0 0 792 187 1937 0 0 0 0 430 38 39 0 0 4 7 2 0 0 0 34 8 79 0 0 0 0 16 3 0 0 0 0 0 3 0 0 0 44 8 100 0 0 0 0 29 2 2 0 0 0 1 4 0 0 0 37 6 61 0 0 0 0 26 1 1 0 0 1 0 5 0 0 0 27 8 76 0 0 0 0 16 1 5 0 0 0 0 6 0 0 0 45 17 182 0 0 0 0 15 2 5 0 0 0 1 7 0 "
"wst","Wests Tigers","Heamasi Makasini","Centre","true","200","Heamasi Makasini (Wests Tigers) - NRL Stats, News, Contract &amp; Player Profile - Zero Tackle","https://www.zerotackle.com/players/heamasi-makasini/","Player Contracts Player Contracts Team 2026 2027 2028 2029 2030 Wests Tigers ✔ ✔ ✔ ✔ Stats 2026 Stats Round Opp P T G MINS AR ARM LB LBA TA OL TK MT TB KM 40/20 PE ER TOTALS 12 4 1 0 847 174 1558 3 1 1 8 125 37 32 0 0 4 17 2 0 0 0 80 16 131 0 0 0 1 8 1 4 0 0 0 0 3 4 1 0 80 15 155 1 0 0 1 10 2 4 0 0 2 2 4 0 0 0 80 13 88 0 0 0 1 20 5 2 0 0 1 4 5 0 0 0 85 22 198 0 0 0 0 9 2 2 0 0 0 0 6 0 0 0 80 13 128 0 0 0 0 19 6 3 0 0"
"wst","Wests Tigers","Heath Mason","Fullback","true","200","Heath Mason (Wests Tigers) - NRL Stats, News, Contract &amp; Player Profile - Zero Tackle","https://www.zerotackle.com/players/heath-mason/","Player Contracts Player Contracts Team 2026 2027 2028 2029 2030 Wests Tigers ✔ Stats 2026 Stats Round Opp P T G MINS AR ARM LB LBA TA OL TK MT TB KM 40/20 PE ER TOTALS 3 4 0 2 207 50 384 0 1 1 1 24 8 8 138 0 2 0 10 0 0 0 80 23 160 0 1 1 1 3 3 4 0 0 1 0 11 0 0 0 70 19 160 0 0 0 0 7 4 3 0 0 1 0 16 4 0 2 57 8 64 0 0 0 0 14 1 1 138 0 0 0 Heath Mason Wests Tigers fullback Heath Mason facing suspension Ethan Lee Chalk - Ju"
"wst","Wests Tigers","Jahream Bula","Fullback","true","200","Jahream Bula (Wests Tigers) - NRL Stats, News, Contract &amp; Player Profile - Zero Tackle","https://www.zerotackle.com/players/jahream-bula/","Player Contracts Player Contracts Team 2026 2027 2028 2029 2030 Wests Tigers $700K $1M $1M $1M $1M Stats 2026 Stats Round Opp P T G MINS AR ARM LB LBA TA OL TK MT TB KM 40/20 PE ER TOTALS 14 24 6 0 1112 244 2247 5 8 6 12 72 12 43 0 0 2 28 2 0 0 0 80 14 131 0 2 2 1 2 0 3 0 0 0 4 3 0 0 0 80 18 185 0 0 0 1 5 1 2 0 0 0 0 4 4 1 0 80 17 175 1 1 1 1 4 0 6 0 0 1 2 5 4 1 0 85 21 210 1 1 0 1 4 0 4 0 0 0 0 6 8 2 0 80 19 191 2 1"
"wst","Wests Tigers","Jarome Luai","Halfback","true","200","Jarome Luai (Wests Tigers) - NRL Stats, News, Contract &amp; Player Profile - Zero Tackle","https://www.zerotackle.com/players/jarome-luai/","Player Contracts Player Contracts Team 2026 2027 2028 2029 2030 Wests Tigers $1.2M $1.2M PNG Chiefs ✔ ✔ PO Stats 2026 Stats Round Opp P T G MINS AR ARM LB LBA TA OL TK MT TB KM 40/20 PE ER TOTALS 13 16 4 0 1026 146 1001 5 12 12 23 191 47 30 1759 0 3 6 2 4 1 0 80 14 109 1 2 3 4 12 5 1 119 0 0 0 3 0 0 0 66 9 49 0 2 2 1 10 3 2 106 0 0 0 7 0 0 0 80 10 45 0 0 0 1 14 0 1 123 0 0 1 8 0 0 0 80 12 77 0 2 1 3 13 1 5 163 0 1 0 "
"wst","Wests Tigers","Javon Andrews","Five-Eighth","true","200","Javon Andrews (Wests Tigers) - NRL Stats, News, Contract &amp; Player Profile - Zero Tackle","https://www.zerotackle.com/players/javon-andrews/","Player Contracts Player Contracts Team 2026 2027 2028 2029 2030 Wests Tigers ✔ ✔ ✔ Stats NRL Editorial and Opinion Rookie Watch: The TEN best young prospects yet to debut at... Ethan Lee Chalk - November 20, 2025 Latest NRL News Junior Origin man of the match confirms new club on long-term... Scott Pryde - July 30, 2025 Javon Andrews Tigers look to sign Queensland U19s star Isaac Issa - July 25, 2025 Latest News FULL"
"wst","Wests Tigers","Jeral Skelton","Winger","true","200","Jeral Skelton (Wests Tigers) - NRL Stats, News, Contract &amp; Player Profile - Zero Tackle","https://www.zerotackle.com/players/jeral-skelton/","Player Contracts Player Contracts Team 2026 2027 2028 2029 2030 Wests Tigers $230K Stats 2026 Stats Round Opp P T G MINS AR ARM LB LBA TA OL TK MT TB KM 40/20 PE ER TOTALS 13 16 4 0 642 157 1379 4 0 0 7 19 18 29 13 0 0 9 2 4 1 0 64 20 221 2 0 0 1 3 0 8 0 0 0 1 3 0 0 0 80 20 173 0 0 0 0 1 1 2 0 0 0 2 4 0 0 0 0 0 0 0 0 0 0 0 0 0 0 0 0 0 5 0 0 0 0 0 0 0 0 0 0 0 0 0 0 0 0 0 6 0 0 0 80 16 148 0 0 0 2 2 3 3 0 0 0 1 9 0 0 0"
"wst","Wests Tigers","Jock Madden","Halfback","true","200","Jock Madden (Wests Tigers) - NRL Stats, News, Contract &amp; Player Profile - Zero Tackle","https://www.zerotackle.com/players/jock-madden/","Player Contracts Player Contracts Team 2026 2027 2028 2029 2030 Wests Tigers ✔ ✔ Stats 2026 Stats Round Opp P T G MINS AR ARM LB LBA TA OL TK MT TB KM 40/20 PE ER TOTALS 15 64 1 30 813 127 836 1 4 5 0 232 38 3 4134 0 2 5 2 0 0 0 0 0 0 0 0 0 0 0 0 0 0 0 0 0 3 0 0 0 0 0 0 0 0 0 0 0 0 0 0 0 0 0 4 12 1 4 80 7 57 0 0 0 0 20 5 0 598 0 0 0 5 10 0 5 85 16 94 0 0 1 0 25 3 2 655 0 1 0 6 10 0 5 80 20 114 0 0 0 0 24 4 0 293 0 0 "
"wst","Wests Tigers","Kai Pearce-Paul","2nd Row","true","200","Kai Pearce-Paul (Wests Tigers) - NRL Stats, News, Contract &amp; Player Profile - Zero Tackle","https://www.zerotackle.com/players/kai-pearce-paul/","Player Contracts Player Contracts Team 2026 2027 2028 2029 2030 Wests Tigers $500K $500K $500K Stats 2026 Stats Round Opp P T G MINS AR ARM LB LBA TA OL TK MT TB KM 40/20 PE ER TOTALS 12 16 4 0 868 110 865 1 4 3 28 424 28 18 16 0 1 7 2 8 2 0 80 12 142 1 0 0 1 30 4 1 0 0 0 0 3 0 0 0 80 8 57 0 0 0 3 35 1 3 0 0 1 1 4 4 1 0 80 14 125 0 0 0 1 41 1 4 0 0 0 1 5 0 0 0 85 13 83 0 2 2 4 45 4 5 0 0 0 2 6 0 0 0 80 9 60 0 1 0 3 4"
"wst","Wests Tigers","Kit Laulilii","Lock","true","200","Kit Laulilii (Wests Tigers) - NRL Stats, News, Contract &amp; Player Profile - Zero Tackle","https://www.zerotackle.com/players/kit-laulilii/","Player Contracts Player Contracts Team 2026 2027 2028 2029 2030 Wests Tigers ✔ Perth Bears ✔ ✔ Stats Latest NRL News Mal Meninga uncovers bold signing strategy for Perth Bears launch Leo Twemlow - May 20, 2026 Latest NRL News Perth Bears hit back with confirmed double signing Leo Twemlow - May 1, 2026 Latest NRL News Brother Bear: Meninga continues recruitment drive with historic signing Leo Twemlow - April 7, 2026 K"
"wst","Wests Tigers","Latu Fainu","Five-Eighth","true","200","Latu Fainu (Wests Tigers) - NRL Stats, News, Contract &amp; Player Profile - Zero Tackle","https://www.zerotackle.com/players/latu-fainu/","Player Contracts Player Contracts Team 2026 2027 2028 2029 2030 Wests Tigers $500K $500K Stats 2026 Stats Round Opp P T G MINS AR ARM LB LBA TA OL TK MT TB KM 40/20 PE ER TOTALS 13 0 0 0 333 28 209 0 0 0 0 180 18 5 0 0 4 1 4 0 0 0 22 2 17 0 0 0 0 14 0 0 0 0 1 0 5 0 0 0 30 4 30 0 0 0 0 11 0 1 0 0 0 0 6 0 0 0 14 2 13 0 0 0 0 9 0 0 0 0 0 1 7 0 0 0 20 3 20 0 0 0 0 14 3 1 0 0 0 0 9 0 0 0 0 0 0 0 0 0 0 0 0 0 0 0 0 0 10 0 0"
"wst","Wests Tigers","Mavrik Geyer","2nd Row","true","200","Mavrik Geyer (Wests Tigers) - NRL Stats, News, Contract &amp; Player Profile - Zero Tackle","https://www.zerotackle.com/players/mavrik-geyer/","Player Contracts Player Contracts Team 2026 2027 2028 2029 2030 Wests Tigers ✔ Perth Bears ✔ ✔ Stats 2026 Stats Round Opp P T G MINS AR ARM LB LBA TA OL TK MT TB KM 40/20 PE ER TOTALS 7 0 0 0 136 20 142 0 0 0 1 64 9 0 14 0 2 1 10 0 0 0 21 6 47 0 0 0 0 5 1 0 14 0 0 0 11 0 0 0 0 0 0 0 0 0 0 0 0 0 0 0 0 0 13 0 0 0 0 0 0 0 0 0 0 0 0 0 0 0 0 0 14 0 0 0 80 6 35 0 0 0 1 40 6 0 0 0 1 0 15 0 0 0 0 0 0 0 0 0 0 0 0 0 0 0 0 0 16"
"wst","Wests Tigers","Patrick Herbert","Centre","true","200","Patrick Herbert (Wests Tigers) - NRL Stats, News, Contract &amp; Player Profile - Zero Tackle","https://www.zerotackle.com/players/patrick-herbert/","Player Contracts Player Contracts Team 2026 2027 2028 2029 2030 Wests Tigers ✔ ✔ Stats 2026 Stats Round Opp P T G MINS AR ARM LB LBA TA OL TK MT TB KM 40/20 PE ER TOTALS 8 6 1 1 431 66 655 1 3 3 4 89 12 15 0 0 1 6 3 0 0 0 0 0 0 0 0 0 0 0 0 0 0 0 0 0 6 4 1 0 80 15 184 1 1 1 1 12 2 4 0 0 0 2 7 0 0 0 63 6 52 0 1 0 1 19 1 0 0 0 1 1 8 0 0 0 13 2 19 0 0 0 0 2 1 0 0 0 0 0 10 0 0 0 80 13 126 0 0 0 0 14 4 4 0 0 0 1 11 2 0 1 8"
"wst","Wests Tigers","Royce Hunt","Prop","true","200","Royce Hunt (Wests Tigers) - NRL Stats, News, Contract &amp; Player Profile - Zero Tackle","https://www.zerotackle.com/players/royce-hunt/","Player Contracts Player Contracts Team 2026 2027 2028 2029 2030 Wests Tigers ✔ ✔ Stats 2026 Stats Round Opp P T G MINS AR ARM LB LBA TA OL TK MT TB KM 40/20 PE ER TOTALS 12 8 2 0 261 71 751 2 0 0 5 130 13 18 0 0 3 2 2 0 0 0 31 8 99 0 0 0 0 6 2 2 0 0 2 0 3 0 0 0 22 10 102 0 0 0 1 5 0 2 0 0 0 1 4 4 1 0 20 7 59 1 0 0 0 8 0 3 0 0 0 0 5 0 0 0 22 7 76 0 0 0 1 13 0 0 0 0 0 0 6 0 0 0 31 7 59 0 0 0 1 14 1 1 0 0 0 1 7 0 0 0 19"
"wst","Wests Tigers","Samuela Fainu","2nd Row","true","200","Samuela Fainu (Wests Tigers) - NRL Stats, News, Contract &amp; Player Profile - Zero Tackle","https://www.zerotackle.com/players/samuela-fainu/","Player Contracts Player Contracts Team 2026 2027 2028 2029 2030 Wests Tigers $500K $500K Stats 2026 Stats Round Opp P T G MINS AR ARM LB LBA TA OL TK MT TB KM 40/20 PE ER TOTALS 9 12 3 0 668 98 777 4 4 4 12 260 15 23 1 0 5 5 2 4 1 0 80 15 147 1 2 0 2 28 6 6 0 0 0 1 3 4 1 0 80 9 82 1 0 0 0 31 1 4 0 0 0 0 4 0 0 0 80 8 55 0 0 0 0 41 1 0 0 0 3 0 5 0 0 0 85 13 79 0 0 0 2 38 1 0 0 0 1 0 6 0 0 0 63 15 125 0 0 0 2 24 1 5 0 0"
"wst","Wests Tigers","Sione Fainu","Prop","true","200","Sione Fainu (Wests Tigers) - NRL Stats, News, Contract &amp; Player Profile - Zero Tackle","https://www.zerotackle.com/players/sione-fainu/","Player Contracts Player Contracts Team 2026 2027 2028 2029 2030 Wests Tigers ✔ ✔ ✔ ✔ Stats 2026 Stats Round Opp P T G MINS AR ARM LB LBA TA OL TK MT TB KM 40/20 PE ER TOTALS 16 8 2 0 794 142 1312 1 0 0 5 418 35 17 0 0 3 10 2 0 0 0 48 7 71 0 0 0 0 20 0 0 0 0 0 0 3 0 0 0 36 11 142 1 0 0 0 20 0 1 0 0 1 0 4 0 0 0 31 10 79 0 0 0 0 17 1 0 0 0 0 1 5 0 0 0 38 10 97 0 0 0 1 22 1 0 0 0 0 0 6 0 0 0 17 4 44 0 0 0 1 13 0 1 0 0 0 "
"wst","Wests Tigers","Solomone Saukuru","Centre","true","200","Solomone Saukuru (Wests Tigers) - NRL Stats, News, Contract &amp; Player Profile - Zero Tackle","https://www.zerotackle.com/players/solomone-saukuru/","Player Contracts Player Contracts Team 2026 2027 2028 2029 2030 Wests Tigers ✔ Stats NRL Editorial and Opinion Rookie Watch: The TEN best young prospects yet to debut at... Ethan Lee Chalk - November 20, 2025 Solomone Saukuru Tigers duo named and set to front board as breach notice... Ethan Lee Chalk - November 22, 2024 Solomone Saukuru Wests Tigers provide injury update on seven players Ethan Lee Chalk - March 13, 2"
"wst","Wests Tigers","Starford To'a","Centre","true","200","Starford To&#039;a (Wests Tigers) - NRL Stats, News, Contract &amp; Player Profile - Zero Tackle","https://www.zerotackle.com/players/starford-toa/","Player Contracts Player Contracts Team 2026 2027 2028 2029 2030 Wests Tigers ✔ Manly Sea Eagles ✔ ✔ Stats 2026 Stats Round Opp P T G MINS AR ARM LB LBA TA OL TK MT TB KM 40/20 PE ER TOTALS 9 8 2 0 574 97 857 4 0 0 3 80 10 17 0 0 2 5 8 0 0 0 80 10 71 0 0 0 0 18 1 1 0 0 0 0 9 0 0 0 80 9 85 0 0 0 0 15 3 1 0 0 0 0 13 0 0 0 53 9 58 0 0 0 0 9 1 0 0 0 0 1 14 0 0 0 0 0 0 0 0 0 0 0 0 0 0 0 0 0 15 4 1 0 80 18 154 1 0 0 1 6 1 2"
"wst","Wests Tigers","Sunia Turuva","Winger","true","200","Sunia Turuva (Wests Tigers) - NRL Stats, News, Contract &amp; Player Profile - Zero Tackle","https://www.zerotackle.com/players/sunia-turuva/","Player Contracts Player Contracts Team 2026 2027 2028 2029 2030 Wests Tigers $450K ✔ ✔ ✔ ✔ Stats 2026 Stats Round Opp P T G MINS AR ARM LB LBA TA OL TK MT TB KM 40/20 PE ER TOTALS 17 16 4 0 1355 239 2384 11 1 2 7 138 29 51 86 0 1 15 2 0 0 0 80 13 136 0 0 0 1 14 1 6 0 0 0 0 3 0 0 0 80 12 122 0 0 0 0 10 2 5 26 0 0 2 4 4 1 0 80 17 154 1 0 1 1 6 0 3 0 0 0 1 5 0 0 0 85 17 156 1 0 0 0 11 0 4 0 0 0 2 6 12 3 0 80 13 188 5 1 "
"wst","Wests Tigers","Taylan May","Centre","true","200","Taylan May (Wests Tigers) - NRL Stats, News, Contract &amp; Player Profile - Zero Tackle","https://www.zerotackle.com/players/taylan-may/","Player Contracts Player Contracts Team 2026 2027 2028 2029 2030 Wests Tigers $600K ✔ ✔ ✔ ✔ Stats 2026 Stats Round Opp P T G MINS AR ARM LB LBA TA OL TK MT TB KM 40/20 PE ER TOTALS 9 24 6 0 581 103 1041 5 5 4 9 95 19 29 38 0 2 8 2 0 0 0 16 2 22 0 0 0 0 3 0 0 0 0 0 0 7 4 1 0 80 19 177 0 0 0 1 9 4 5 18 0 1 2 8 4 1 0 76 11 110 2 1 1 0 9 3 6 0 0 0 1 9 4 1 0 80 9 150 0 0 0 0 15 0 1 0 0 1 2 10 8 2 0 80 16 179 3 1 0 3 17 1 1"
"wst","Wests Tigers","Terrell May","Prop","true","200","Terrell May (Wests Tigers) - NRL Stats, News, Contract &amp; Player Profile - Zero Tackle","https://www.zerotackle.com/players/terrell-may/","Player Contracts Player Contracts Team 2026 2027 2028 2029 2030 Wests Tigers $700K $700K $1M $1M $1M Stats 2026 Stats Round Opp P T G MINS AR ARM LB LBA TA OL TK MT TB KM 40/20 PE ER TOTALS 16 4 1 0 1048 283 2535 3 0 0 39 648 12 53 0 0 6 8 2 0 0 0 53 18 155 0 0 0 4 24 0 4 0 0 0 0 3 0 0 0 61 15 121 0 0 0 2 34 0 4 0 0 1 1 4 0 0 0 50 7 58 0 0 0 1 43 1 2 0 0 1 0 5 0 0 0 54 17 129 0 0 0 4 36 2 7 0 0 0 0 6 4 1 0 68 23 224 "
"wst","Wests Tigers","Tony Sukkar","2nd Row","true","200","Tony Sukkar (Wests Tigers) - NRL Stats, News, Contract &amp; Player Profile - Zero Tackle","https://www.zerotackle.com/players/tony-sukkar/","Player Contracts Player Contracts Team 2026 2027 2028 2029 2030 Wests Tigers ✔ Stats 2026 Stats Round Opp P T G MINS AR ARM LB LBA TA OL TK MT TB KM 40/20 PE ER TOTALS 7 4 1 0 356 46 409 1 0 0 0 174 9 7 0 0 0 1 6 0 0 0 0 0 0 0 0 0 0 0 0 0 0 0 0 0 9 0 0 0 60 9 85 0 0 0 0 39 1 0 0 0 0 0 15 0 0 0 70 7 54 0 0 0 0 30 2 4 0 0 0 0 16 0 0 0 80 12 125 0 0 0 0 45 1 0 0 0 0 0 17 4 1 0 66 11 93 1 0 0 0 29 1 3 0 0 0 1 18 0 0 0 80"
"wst","Wests Tigers","Tristan Hope","Hooker","true","200","Tristan Hope (Wests Tigers) - NRL Stats, News, Contract &amp; Player Profile - Zero Tackle","https://www.zerotackle.com/players/tristan-hope/","Player Contracts Player Contracts Team 2026 2027 2028 2029 2030 Wests Tigers ✔ Stats 2026 Stats Round Opp P T G MINS AR ARM LB LBA TA OL TK MT TB KM 40/20 PE ER TOTALS 10 0 0 0 233 20 118 0 0 0 0 156 9 3 23 0 1 1 2 0 0 0 0 0 0 0 0 0 0 0 0 0 0 0 0 0 3 0 0 0 20 3 9 0 0 0 0 13 0 0 0 0 0 0 4 0 0 0 0 0 0 0 0 0 0 0 0 0 0 0 0 0 5 0 0 0 0 0 0 0 0 0 0 0 0 0 0 0 0 0 6 0 0 0 0 0 0 0 0 0 0 0 0 0 0 0 0 0 8 0 0 0 0 0 0 0 0 0 0 0 0"
"wst","Wests Tigers","Faaletino Tavana","Fullback","false","404","Page not found - Zero Tackle","https://www.zerotackle.com/players/faaletino-tavana/",""
"wst","Wests Tigers","William Craig","Winger","true","200","William Craig (Wests Tigers) - NRL Stats, News, Contract &amp; Player Profile - Zero Tackle","https://www.zerotackle.com/players/william-craig/","Player Contracts Player Contracts Team 2026 2027 2028 2029 2030 Wests Tigers ✔ Stats William Craig Wests Tigers extend duo, confirm development list Ethan Lee Chalk - October 24, 2024 William Craig Another Wests Tigers outside back set to depart for rival Ethan Lee Chalk - August 20, 2024 Latest News FULL TIME: Storm vs Titans &#8211; Round 19, 2026 July 12, 2026 FULL TIME: Sea Eagles vs Cowboys &#8211; Round 19, 202"
