"teamId","teamName","player","currentEvidenceRole","candidateRank","candidateDomain","candidateScore","candidateSignals","exactPlayerName","sourceName","publishedAt","reviewStatus","title","url","bingNewsUrl","googleNewsUrl","originalUrl","needsOriginalUrlResolution","snippet"
"pen","Penrith Panthers","Luron Patea","bucket_unknown","","","","","","","","no_candidate_found","","","","","","",""
"pen","Penrith Panthers","Tom Ale","bucket_unknown","1","themercury.com.au","7","money|contract_language|context_or_team_article","false","The Mercury","Fri, 25 Oct 2019 06:42:00 GMT","team_or_context_candidate_needs_article_review","Penrith Panthers’ $600k salary cap space to raid NRL rivals","https://www.themercury.com.au/sport/penrith-panthers-600k-salary-cap-space-to-raid-nrl-rivals/news-story/4e9adddefe7767b07a8e74ac102dbbd0","http://www.bing.com/news/apiclick.aspx?ref=FexRss&aid=&tid=6a52f61c69ba4599be663f8deda145cf&url=https%3a%2f%2fwww.themercury.com.au%2fsport%2fpenrith-panthers-600k-salary-cap-space-to-raid-nrl-rivals%2fnews-story%2f4e9adddefe7767b07a8e74ac102dbbd0&c=13345922965411820186&mkt=en-au","","https://www.themercury.com.au/sport/penrith-panthers-600k-salary-cap-space-to-raid-nrl-rivals/news-story/4e9adddefe7767b07a8e74ac102dbbd0","false","Following months of shedding players, the Panthers have $600,000 in their salary cap for next season – the most of any Sydney club – and are ready to swoop on a five-eighth, centre or front-rower."
"sou","South Sydney Rabbitohs","Jye Gray","backup_baseline","","","","","","","","no_candidate_found","","","","","","",""
"sou","South Sydney Rabbitohs","Alex Johnston","backup_baseline","1","themercury.com.au","4","contract_language|context_or_team_article","false","The Mercury","Sat, 03 Apr 2021 10:28:00 GMT","team_or_context_candidate_needs_article_review","NRL 2021: Adam Reynolds contract, Rabbitohs lead calls for salary cap revamp","https://www.themercury.com.au/sport/nrl/nrl-2021-adam-reynolds-contract-rabbitohs-lead-calls-for-salary-cap-revamp/news-story/4ad2423dd5dda60c202351b0361c2d55","http://www.bing.com/news/apiclick.aspx?ref=FexRss&aid=&tid=6a52f62a6df94943b01629c6118a62a1&url=https%3a%2f%2fwww.themercury.com.au%2fsport%2fnrl%2fnrl-2021-adam-reynolds-contract-rabbitohs-lead-calls-for-salary-cap-revamp%2fnews-story%2f4ad2423dd5dda60c202351b0361c2d55&c=10250100085422151221&mkt=en-au","","https://www.themercury.com.au/sport/nrl/nrl-2021-adam-reynolds-contract-rabbitohs-lead-calls-for-salary-cap-revamp/news-story/4ad2423dd5dda60c202351b0361c2d55","false","As the Rabbitohs prepare to sit down with Adam Reynolds to sort out his future, the club has called for greater salary cap concessions for producing long-term players. Reynolds and the Rabbitohs have ..."
"sou","South Sydney Rabbitohs","Latrell Mitchell","backup_baseline","1","au.news.yahoo.com","30","money|contract_language|exact_player_name","true","Yahoo News Australia","Mon, 22 Jun 2026 20:23:00 GMT","player_focused_candidate_needs_article_review","Latrell Mitchell cops $1.4 million blow as 'sad' truth emerges about South Sydney superstar","https://au.news.yahoo.com/latrell-mitchell-cops-14-million-blow-as-sad-truth-emerges-about-south-sydney-superstar-023516381.html","http://www.bing.com/news/apiclick.aspx?ref=FexRss&aid=&tid=6a52f631e22f4fa1b2d73b7b5b470536&url=https%3a%2f%2fau.news.yahoo.com%2flatrell-mitchell-cops-14-million-blow-as-sad-truth-emerges-about-south-sydney-superstar-023516381.html&c=15439612542411374918&mkt=en-au","","https://au.news.yahoo.com/latrell-mitchell-cops-14-million-blow-as-sad-truth-emerges-about-south-sydney-superstar-023516381.html","false","Latrell Mitchell's latest injury setback has raised concerns around his next NRL contract with suggestions he won't be able to attract the $1.4 million a season originally floated ..."
"sou","South Sydney Rabbitohs","Latrell Mitchell","backup_baseline","2","geelongadvertiser.com.au","30","money|contract_language|exact_player_name","true","Geelong Advertiser","Wed, 03 Jun 2026 22:17:00 GMT","player_focused_candidate_needs_article_review","Latrell Mitchell looks set to leave Sydney Roosters as contract talks fail","https://www.geelongadvertiser.com.au/sport/latrell-mitchell-looks-set-to-leave-sydney-roosters-as-contract-talks-fail/news-story/e8eb3946be3c217af515116c4fbf9748","http://www.bing.com/news/apiclick.aspx?ref=FexRss&aid=&tid=6a52f6312b1b4214b81c09a6818b8976&url=https%3a%2f%2fwww.geelongadvertiser.com.au%2fsport%2flatrell-mitchell-looks-set-to-leave-sydney-roosters-as-contract-talks-fail%2fnews-story%2fe8eb3946be3c217af515116c4fbf9748&c=10862820202036213970&mkt=en-au","","https://www.geelongadvertiser.com.au/sport/latrell-mitchell-looks-set-to-leave-sydney-roosters-as-contract-talks-fail/news-story/e8eb3946be3c217af515116c4fbf9748","false","The Sydney Roosters are preparing to offer Latrell Mitchell an immediate exit from the club, after contract talks between the two parties collapsed on Tuesday. The premiers withdrew an $800,000 offer ..."
"sou","South Sydney Rabbitohs","Latrell Mitchell","backup_baseline","3","adelaidenow.com.au","27","money|exact_player_name","true","Adelaide Now","Thu, 21 May 2026 08:16:00 GMT","player_focused_candidate_needs_article_review","Newcastle Knights admit interest in signing Latrell Mitchell","https://www.adelaidenow.com.au/sport/nrl/teams/knights/newcastle-knights-admit-interest-in-signing-latrell-mitchell/news-story/40f0c4c9e08475d991b52edcffde2e2c","http://www.bing.com/news/apiclick.aspx?ref=FexRss&aid=&tid=6a52f6312b1b4214b81c09a6818b8976&url=https%3a%2f%2fwww.adelaidenow.com.au%2fsport%2fnrl%2fteams%2fknights%2fnewcastle-knights-admit-interest-in-signing-latrell-mitchell%2fnews-story%2f40f0c4c9e08475d991b52edcffde2e2c&c=9141662396061291724&mkt=en-au","","https://www.adelaidenow.com.au/sport/nrl/teams/knights/newcastle-knights-admit-interest-in-signing-latrell-mitchell/news-story/40f0c4c9e08475d991b52edcffde2e2c","false","Less than 24 hours after the Roosters withdrew an $800,000 offer to the 22-year-old Mitchell for season 2021, O’Brien suggested his Knights could be interested in the mercurial star. Already, North ..."
"sou","South Sydney Rabbitohs","Latrell Mitchell","backup_baseline","4","news.com.au","24","exact_player_name","true","Couriermail","Tue, 28 Apr 2026 20:23:00 GMT","player_focused_candidate_needs_article_review","NRL’s Latrell Mitchell headache after post-match speech has footy world calling for return to media commitments","https://www.news.com.au/sport/nrl/nrls-latrell-mitchell-headache-after-postmatch-speech-has-fans-calling-for-media-ban-to-end/news-story/0d077c098cd835fdefc9262e3e4ede4a","http://www.bing.com/news/apiclick.aspx?ref=FexRss&aid=&tid=6a52f633095f4e5f9bb89332ae58f7e7&url=https%3a%2f%2fwww.news.com.au%2fsport%2fnrl%2fnrls-latrell-mitchell-headache-after-postmatch-speech-has-fans-calling-for-media-ban-to-end%2fnews-story%2f0d077c098cd835fdefc9262e3e4ede4a&c=14711030067262810960&mkt=en-au","","https://www.news.com.au/sport/nrl/nrls-latrell-mitchell-headache-after-postmatch-speech-has-fans-calling-for-media-ban-to-end/news-story/0d077c098cd835fdefc9262e3e4ede4a","false","After being awarded the Spirit of the Anzac Medal for best on ground in the Bunnies’ 48-6 win over the Storm last weekend, Mitchell gave a rare speech, which was met with huge cheers from the crowd."
"sou","South Sydney Rabbitohs","Latrell Mitchell","backup_baseline","5","news.com.au","24","exact_player_name","true","Couriermail","Sun, 26 Apr 2026 17:48:00 GMT","player_focused_candidate_needs_article_review","‘Great shame’: Sad detail in epic Latrell Mitchell scenes","https://www.news.com.au/sport/nrl/great-shame-sad-detail-in-epic-latrell-mitchell-scenes/news-story/f503e081c9d27c26f89988ecac888ec7","http://www.bing.com/news/apiclick.aspx?ref=FexRss&aid=&tid=6a52f633095f4e5f9bb89332ae58f7e7&url=https%3a%2f%2fwww.news.com.au%2fsport%2fnrl%2fgreat-shame-sad-detail-in-epic-latrell-mitchell-scenes%2fnews-story%2ff503e081c9d27c26f89988ecac888ec7&c=6032156576475597087&mkt=en-au","","https://www.news.com.au/sport/nrl/great-shame-sad-detail-in-epic-latrell-mitchell-scenes/news-story/f503e081c9d27c26f89988ecac888ec7","false","After being awarded the Spirit of the Anzac Medal for best on ground, Mitchell gave fans a rare sound bite, which was met with huge cheers from the crowd that remained at AAMI Park for the post-match ..."
"sou","South Sydney Rabbitohs","Latrell Mitchell","backup_baseline","6","msn.com","3","money|contract_language|context_or_team_article","false","Man of Many on MSN","Tue, 30 Jun 2026 15:06:27 GMT","context_only_untrusted_domain","10 highest paid NRL players for 2026","https://www.msn.com/en-au/sport/rugby_league/10-highest-paid-nrl-players-for-2026/ar-AA2719cA","http://www.bing.com/news/apiclick.aspx?ref=FexRss&aid=&tid=6a52f6312b1b4214b81c09a6818b8976&url=https%3a%2f%2fwww.msn.com%2fen-au%2fsport%2frugby_league%2f10-highest-paid-nrl-players-for-2026%2far-AA2719cA&c=3173818839366038056&mkt=en-au","","https://www.msn.com/en-au/sport/rugby_league/10-highest-paid-nrl-players-for-2026/ar-AA2719cA","false","Driven by expanding club salary caps, rugby league’s elite stars are securing record-shattering paydays for the 2026 NRL season. Led by Dylan Brown’s historic $13 million move, this list looks at the ..."
"sou","South Sydney Rabbitohs","Latrell Mitchell","backup_baseline","7","msn.com","3","money|contract_language|context_or_team_article","false","The Sydney Morning Herald on MSN","Tue, 30 Jun 2026 21:37:58 GMT","context_only_untrusted_domain","New broadcast deal could push NRL salary cap up to $20m by 2028","https://www.msn.com/en-au/news/australia/new-broadcast-deal-could-push-nrl-salary-cap-up-to-20m-by-2028/ar-AA26H5IM","http://www.bing.com/news/apiclick.aspx?ref=FexRss&aid=&tid=6a52f6329e034fbbbb03f81969e19ae1&url=https%3a%2f%2fwww.msn.com%2fen-au%2fnews%2faustralia%2fnew-broadcast-deal-could-push-nrl-salary-cap-up-to-20m-by-2028%2far-AA26H5IM&c=15095945392879639673&mkt=en-au","","https://www.msn.com/en-au/news/australia/new-broadcast-deal-could-push-nrl-salary-cap-up-to-20m-by-2028/ar-AA26H5IM","false","A rich new broadcast deal means more money coming into the game. The biggest winners will be the star players, who could soon demand up to $2 million per season."
"sou","South Sydney Rabbitohs","Latrell Mitchell","backup_baseline","8","loverugbyleague.com","0","contract_language|context_or_team_article","false","LoveRugbyLeague","Sun, 28 Jun 2026 02:02:00 GMT","context_only_untrusted_domain","NRL salary cap to go up AGAIN as Super League gulf widens further","https://www.loverugbyleague.com/post/nrl-salary-cap-to-go-up-again-as-super-league-gulf-widens-further","http://www.bing.com/news/apiclick.aspx?ref=FexRss&aid=&tid=6a52f6329e034fbbbb03f81969e19ae1&url=https%3a%2f%2fwww.loverugbyleague.com%2fpost%2fnrl-salary-cap-to-go-up-again-as-super-league-gulf-widens-further&c=2927841752005492089&mkt=en-au","","https://www.loverugbyleague.com/post/nrl-salary-cap-to-go-up-again-as-super-league-gulf-widens-further","false","The NRL's salary cap will reach astronomical new heights as a result of its latest broadcast deal: leaving Super League trailing behind."
"sou","South Sydney Rabbitohs","Latrell Mitchell","backup_baseline","9","msn.com","0","contract_language|context_or_team_article","false","Zero Tackle on MSN","Sat, 27 Jun 2026 18:52:52 GMT","context_only_untrusted_domain","Biggest stars in the NRL set for a pay-day","https://www.msn.com/en-au/news/other/biggest-stars-in-the-nrl-set-for-a-pay-day/ar-AA26IdmB","http://www.bing.com/news/apiclick.aspx?ref=FexRss&aid=&tid=6a52f6329e034fbbbb03f81969e19ae1&url=https%3a%2f%2fwww.msn.com%2fen-au%2fnews%2fother%2fbiggest-stars-in-the-nrl-set-for-a-pay-day%2far-AA26IdmB&c=18406658021232899789&mkt=en-au","","https://www.msn.com/en-au/news/other/biggest-stars-in-the-nrl-set-for-a-pay-day/ar-AA26IdmB","false","Some of the NRL's most elite players could be in for a pay bump thanks to the new TV broadcast deal commencing in 2028. The ARL and NRL are just about ready to green-light the deal, which Nine and ..."
"sou","South Sydney Rabbitohs","Latrell Mitchell","backup_baseline","10","msn.com","0","contract_language|context_or_team_article","false","LoveRugbyLeague on MSN","Sun, 28 Jun 2026 01:58:52 GMT","context_only_untrusted_domain","NRL salary cap to go up again as Super League gulf widens further","https://www.msn.com/en-gb/sport/rugbyleague/nrl-salary-cap-to-go-up-again-as-super-league-gulf-widens-further/ar-AA26Jed2","http://www.bing.com/news/apiclick.aspx?ref=FexRss&aid=&tid=6a52f632f1494751b586409c5eaf65f5&url=https%3a%2f%2fwww.msn.com%2fen-gb%2fsport%2frugbyleague%2fnrl-salary-cap-to-go-up-again-as-super-league-gulf-widens-further%2far-AA26Jed2&c=12122446957809507141&mkt=en-au","","https://www.msn.com/en-gb/sport/rugbyleague/nrl-salary-cap-to-go-up-again-as-super-league-gulf-widens-further/ar-AA26Jed2","false","The difference is stark."
"sou","South Sydney Rabbitohs","Jack Wighton","backup_baseline","1","7news.com.au","7","money|contract_language|context_or_team_article","false","7NEWS Australia","Fri, 28 Oct 2022 02:27:00 GMT","team_or_context_candidate_needs_article_review","Ultimate NRL free agency preview: Your club’s out-of-contract stars and where they could end up","https://7news.com.au/sport/rugby-league/ultimate-nrl-free-agency-preview-your-clubs-out-of-contract-stars-and-where-they-could-end-up-c-8677336","http://www.bing.com/news/apiclick.aspx?ref=FexRss&aid=&tid=6a52f63beb4e464ab67c2560a7813cb6&url=https%3a%2f%2f7news.com.au%2fsport%2frugby-league%2fultimate-nrl-free-agency-preview-your-clubs-out-of-contract-stars-and-where-they-could-end-up-c-8677336&c=143273184193222445&mkt=en-au","","https://7news.com.au/sport/rugby-league/ultimate-nrl-free-agency-preview-your-clubs-out-of-contract-stars-and-where-they-could-end-up-c-8677336","false","Over $50 million worth of player talent will be free to negotiate with clubs for season 2024 and beyond when the NRL free agency period begins on November 1. Latrell Mitchell, Mit ..."
"sou","South Sydney Rabbitohs","Campbell Graham","backup_baseline","1","themercury.com.au","4","contract_language|context_or_team_article","false","The Mercury","Sat, 03 Apr 2021 10:28:00 GMT","team_or_context_candidate_needs_article_review","NRL 2021: Adam Reynolds contract, Rabbitohs lead calls for salary cap revamp","https://www.themercury.com.au/sport/nrl/nrl-2021-adam-reynolds-contract-rabbitohs-lead-calls-for-salary-cap-revamp/news-story/4ad2423dd5dda60c202351b0361c2d55","http://www.bing.com/news/apiclick.aspx?ref=FexRss&aid=&tid=6a52f63e532b401f9ee6dc21c33ffaed&url=https%3a%2f%2fwww.themercury.com.au%2fsport%2fnrl%2fnrl-2021-adam-reynolds-contract-rabbitohs-lead-calls-for-salary-cap-revamp%2fnews-story%2f4ad2423dd5dda60c202351b0361c2d55&c=10250100085422151221&mkt=en-au","","https://www.themercury.com.au/sport/nrl/nrl-2021-adam-reynolds-contract-rabbitohs-lead-calls-for-salary-cap-revamp/news-story/4ad2423dd5dda60c202351b0361c2d55","false","As the Rabbitohs prepare to sit down with Adam Reynolds to sort out his future, the club has called for greater salary cap concessions for producing long-term players. Reynolds and the Rabbitohs have ..."
"sou","South Sydney Rabbitohs","Cody Walker","backup_baseline","1","au.sports.yahoo.com","27","contract_language|exact_player_name","true","Yahoo Sports Australia","Thu, 25 Jun 2026 15:59:00 GMT","player_focused_candidate_needs_article_review","Cody Walker receives major boost from Wayne Bennett amid retirement discussions","https://au.sports.yahoo.com/cody-walker-receives-major-boost-225903435.html","http://www.bing.com/news/apiclick.aspx?ref=FexRss&aid=&tid=6a52f647b67e428f91faad8a44dedc63&url=https%3a%2f%2fau.sports.yahoo.com%2fcody-walker-receives-major-boost-225903435.html&c=11659807197833302714&mkt=en-au","","https://au.sports.yahoo.com/cody-walker-receives-major-boost-225903435.html","false","South Sydney veteran Cody Walker has left the door ajar for another season in the NRL, with coach Wayne Bennett confident the Rabbitohs playmaker still has plenty to offer. Walker, 36, is off contract ..."
"sou","South Sydney Rabbitohs","Cody Walker","backup_baseline","2","au.news.yahoo.com","20","exact_player_name","true","Yahoo News Australia","Thu, 25 Jun 2026 17:20:00 GMT","player_focused_candidate_needs_article_review","South Sydney star makes eye-opening call on NRL retirement as Rabbitohs face tricky decision","https://au.news.yahoo.com/south-sydney-star-makes-eye-opening-call-on-nrl-retirement-as-rabbitohs-face-tricky-decision-000808406.html","http://www.bing.com/news/apiclick.aspx?ref=FexRss&aid=&tid=6a52f644b22547b09d8c3c219d3bdf4c&url=https%3a%2f%2fau.news.yahoo.com%2fsouth-sydney-star-makes-eye-opening-call-on-nrl-retirement-as-rabbitohs-face-tricky-decision-000808406.html&c=17504046774761187103&mkt=en-au","","https://au.news.yahoo.com/south-sydney-star-makes-eye-opening-call-on-nrl-retirement-as-rabbitohs-face-tricky-decision-000808406.html","false","South Sydney five-eighth Cody Walker has dropped a major hint about retirement after admitting he's ""not sure"" whether he wants to go through another NRL off-season. The veteran playmaker turns 37 ..."
"sou","South Sydney Rabbitohs","Cody Walker","backup_baseline","3","dailytelegraph.com.au","10","money|contract_language|context_or_team_article","false","The Daily Telegraph","Tue, 23 Jun 2026 12:12:00 GMT","team_or_context_candidate_needs_article_review","NRL to grant Perth Bears $500k salary cap concessions in landmark third-party arrangement","https://www.dailytelegraph.com.au/sport/nrl/nrl-to-grant-perth-bears-500k-salary-cap-concessions-in-landmark-thirdparty-arrangement/news-story/0c5c097536d723f0d0cb46c86fd051ff","http://www.bing.com/news/apiclick.aspx?ref=FexRss&aid=&tid=6a52f64442054a2f9d3a94cd5563a127&url=https%3a%2f%2fwww.dailytelegraph.com.au%2fsport%2fnrl%2fnrl-to-grant-perth-bears-500k-salary-cap-concessions-in-landmark-thirdparty-arrangement%2fnews-story%2f0c5c097536d723f0d0cb46c86fd051ff&c=13072428604770190172&mkt=en-au","","https://www.dailytelegraph.com.au/sport/nrl/nrl-to-grant-perth-bears-500k-salary-cap-concessions-in-landmark-thirdparty-arrangement/news-story/0c5c097536d723f0d0cb46c86fd051ff","false","In a historic development for the NRL’s 18th club, this masthead has been told Perth will receive a special marquee player privilege where existing club sponsors can top-up a player’s contract by 20 ..."
"sou","South Sydney Rabbitohs","Cody Walker","backup_baseline","4","7news.com.au","7","money|contract_language|context_or_team_article","false","7NEWS Australia","Fri, 28 Oct 2022 02:27:00 GMT","team_or_context_candidate_needs_article_review","Ultimate NRL free agency preview: Your club’s out-of-contract stars and where they could end up","https://7news.com.au/sport/rugby-league/ultimate-nrl-free-agency-preview-your-clubs-out-of-contract-stars-and-where-they-could-end-up-c-8677336","http://www.bing.com/news/apiclick.aspx?ref=FexRss&aid=&tid=6a52f64703d8457ba5b5659eb1321105&url=https%3a%2f%2f7news.com.au%2fsport%2frugby-league%2fultimate-nrl-free-agency-preview-your-clubs-out-of-contract-stars-and-where-they-could-end-up-c-8677336&c=143273184193222445&mkt=en-au","","https://7news.com.au/sport/rugby-league/ultimate-nrl-free-agency-preview-your-clubs-out-of-contract-stars-and-where-they-could-end-up-c-8677336","false","Over $50 million worth of player talent will be free to negotiate with clubs for season 2024 and beyond when the NRL free agency period begins on November 1. Latrell Mitchell, Mit ..."
"sou","South Sydney Rabbitohs","Cody Walker","backup_baseline","5","themercury.com.au","4","contract_language|context_or_team_article","false","The Mercury","Sat, 03 Apr 2021 10:28:00 GMT","team_or_context_candidate_needs_article_review","NRL 2021: Adam Reynolds contract, Rabbitohs lead calls for salary cap revamp","https://www.themercury.com.au/sport/nrl/nrl-2021-adam-reynolds-contract-rabbitohs-lead-calls-for-salary-cap-revamp/news-story/4ad2423dd5dda60c202351b0361c2d55","http://www.bing.com/news/apiclick.aspx?ref=FexRss&aid=&tid=6a52f644b22547b09d8c3c219d3bdf4c&url=https%3a%2f%2fwww.themercury.com.au%2fsport%2fnrl%2fnrl-2021-adam-reynolds-contract-rabbitohs-lead-calls-for-salary-cap-revamp%2fnews-story%2f4ad2423dd5dda60c202351b0361c2d55&c=10250100085422151221&mkt=en-au","","https://www.themercury.com.au/sport/nrl/nrl-2021-adam-reynolds-contract-rabbitohs-lead-calls-for-salary-cap-revamp/news-story/4ad2423dd5dda60c202351b0361c2d55","false","As the Rabbitohs prepare to sit down with Adam Reynolds to sort out his future, the club has called for greater salary cap concessions for producing long-term players. Reynolds and the Rabbitohs have ..."
"sou","South Sydney Rabbitohs","Jamie Humphreys","backup_baseline","1","theaustralian.com.au","27","contract_language|exact_player_name","true","The Australian","Fri, 10 Jul 2026 22:32:00 GMT","player_focused_candidate_needs_article_review","Star Perth Bears recruit Jamie Humphreys backflips on 2027 deal","https://www.theaustralian.com.au/sport/nrl/star-perth-bears-recruit-jamie-humphreys-backflips-on-2027-deal/news-story/e1a5762d6d2bc231f0acfc2474cde8f0","http://www.bing.com/news/apiclick.aspx?ref=FexRss&aid=&tid=6a52f64a731144a7b5cc62320f7211cd&url=https%3a%2f%2fwww.theaustralian.com.au%2fsport%2fnrl%2fstar-perth-bears-recruit-jamie-humphreys-backflips-on-2027-deal%2fnews-story%2fe1a5762d6d2bc231f0acfc2474cde8f0&c=1865973893991691803&mkt=en-au","","https://www.theaustralian.com.au/sport/nrl/star-perth-bears-recruit-jamie-humphreys-backflips-on-2027-deal/news-story/e1a5762d6d2bc231f0acfc2474cde8f0","false","Mal Meninga’s Perth Bears have been struck a massive blow in the player market with Jamie Humphreys’ switch to the NRL’s newest franchise collapsing at the 11th hour."
"sou","South Sydney Rabbitohs","Jamie Humphreys","backup_baseline","2","au.sports.yahoo.com","7","money|contract_language|context_or_team_article","false","Yahoo Sports Australia","Tue, 23 Jun 2026 19:51:00 GMT","team_or_context_candidate_needs_article_review","Perth Bears receive salary cap boost from NRL","https://au.sports.yahoo.com/perth-bears-receive-salary-cap-025110246.html","http://www.bing.com/news/apiclick.aspx?ref=FexRss&aid=&tid=6a52f64cdccb4fe98d170e09c0d3e300&url=https%3a%2f%2fau.sports.yahoo.com%2fperth-bears-receive-salary-cap-025110246.html&c=545008729362569136&mkt=en-au","","https://au.sports.yahoo.com/perth-bears-receive-salary-cap-025110246.html","false","The NRL has granted the Perth Bears up to $500,000 worth of salary cap concessions to compete in the fight against PNG Chiefs. The latest NRL expansion club with receive compensation from the NRL to ..."
"sou","South Sydney Rabbitohs","Jamie Humphreys","backup_baseline","3","au.sports.yahoo.com","4","contract_language|context_or_team_article","false","Yahoo Sport Australia","Thu, 07 May 2026 17:00:00 GMT","team_or_context_candidate_needs_article_review","The SEVEN current best value for money contracts in the NRL","https://au.sports.yahoo.com/seven-current-best-value-money-214941645.html","http://www.bing.com/news/apiclick.aspx?ref=FexRss&aid=&tid=6a52f64cdccb4fe98d170e09c0d3e300&url=https%3a%2f%2fau.sports.yahoo.com%2fseven-current-best-value-money-214941645.html&c=14537114608194793438&mkt=en-au","","https://au.sports.yahoo.com/seven-current-best-value-money-214941645.html","false","The beauty of the salary cap is that it is supposed to level the playing field for all NRL teams. There is enough space for stars, but not multiple, meaning rosters need to be carefully crafted so ..."
"sou","South Sydney Rabbitohs","Tevita Tatola","backup_baseline","","","","","","","","no_candidate_found","","","","","","",""
"sou","South Sydney Rabbitohs","Brandon Smith","backup_baseline","","","","","","","","no_candidate_found","","","","","","",""
"sou","South Sydney Rabbitohs","Keaon Koloamatangi","backup_baseline","","","","","","","","no_candidate_found","","","","","","",""
"sou","South Sydney Rabbitohs","Jai Arrow","backup_baseline","1","abc.net.au","24","exact_player_name","true","Australian Broadcasting Corporation","Wed, 10 Jun 2026 18:33:00 GMT","player_focused_candidate_needs_article_review","NRL latest: Jai Arrow guard of honour after MND diagnosis, Rabbitohs beat Broncos 48-6","https://www.abc.net.au/news/2026-06-11/nrl-live-updates-south-sydney-rabbitohs-brisbane-broncos/106782324","http://www.bing.com/news/apiclick.aspx?ref=FexRss&aid=&tid=6a52f662085c44e295937273dcc53555&url=https%3a%2f%2fwww.abc.net.au%2fnews%2f2026-06-11%2fnrl-live-updates-south-sydney-rabbitohs-brisbane-broncos%2f106782324&c=90084965116400084&mkt=en-au","","https://www.abc.net.au/news/2026-06-11/nrl-live-updates-south-sydney-rabbitohs-brisbane-broncos/106782324","false","Jai Arrow has inspired South Sydney to a commanding win over the Brisbane Broncos, on an emotional night at Stadium Australia. REPORT: South Sydney Rabbitohs 48-6 Brisbane Broncos The Rabbitohs and ..."
"sou","South Sydney Rabbitohs","Jai Arrow","backup_baseline","2","nrl.com","24","exact_player_name","true","National Rugby League","Wed, 20 May 2026 07:21:00 GMT","player_focused_candidate_needs_article_review","Jai Arrow announces retirement on medical grounds","https://www.nrl.com/news/2026/05/20/rabbitoh-jai-arrow-jai-arrow-announces-retirement-on-medical-grounds/","http://www.bing.com/news/apiclick.aspx?ref=FexRss&aid=&tid=6a52f662085c44e295937273dcc53555&url=https%3a%2f%2fwww.nrl.com%2fnews%2f2026%2f05%2f20%2frabbitoh-jai-arrow-jai-arrow-announces-retirement-on-medical-grounds%2f&c=12022099883805402864&mkt=en-au","","https://www.nrl.com/news/2026/05/20/rabbitoh-jai-arrow-jai-arrow-announces-retirement-on-medical-grounds/","false","Rabbitohs forward Jai Arrow has announced his immediate retirement from the NRL on medical grounds following a diagnosis of Motor Neurone Disease (MND). The Rabbitohs released a statement on Wednesday ..."
"sou","South Sydney Rabbitohs","David Fifita","backup_baseline","1","geelongadvertiser.com.au","30","money|contract_language|exact_player_name","true","Geelong Advertiser","Wed, 13 Nov 2019 12:00:00 GMT","player_focused_candidate_needs_article_review","Broncos, David Fifita set to cash in on Bali saga","https://www.geelongadvertiser.com.au/sport/broncos-to-cash-in-on-david-fifita-bali-saga-with-monster-contract-offer/news-story/2caaae6560761c77f64e4453d74910fb","http://www.bing.com/news/apiclick.aspx?ref=FexRss&aid=&tid=6a52f66a01264e78934e82058bc13116&url=https%3a%2f%2fwww.geelongadvertiser.com.au%2fsport%2fbroncos-to-cash-in-on-david-fifita-bali-saga-with-monster-contract-offer%2fnews-story%2f2caaae6560761c77f64e4453d74910fb&c=2602865174212119728&mkt=en-au","","https://www.geelongadvertiser.com.au/sport/broncos-to-cash-in-on-david-fifita-bali-saga-with-monster-contract-offer/news-story/2caaae6560761c77f64e4453d74910fb","false","The Courier-Mail can reveal the Broncos are on the cusp of making Fifita a contract extension offer worth $750,000-a-season, with a four-year term under consideration. Fifita, 19, would become the ..."
"sou","South Sydney Rabbitohs","David Fifita","backup_baseline","2","townsvillebulletin.com.au","30","contract_language|news_corp_reporting|exact_player_name","true","Townsville Bulletin","Wed, 23 Oct 2019 10:56:00 GMT","player_focused_candidate_needs_article_review","Roosters and Rabbitohs in battle to sign David Fifita","https://www.townsvillebulletin.com.au/sport/roosters-and-rabbitohs-in-battle-to-sign-david-fifita/news-story/f06d8828773826188137de111f1bfb9f","http://www.bing.com/news/apiclick.aspx?ref=FexRss&aid=&tid=6a52f66a01264e78934e82058bc13116&url=https%3a%2f%2fwww.townsvillebulletin.com.au%2fsport%2froosters-and-rabbitohs-in-battle-to-sign-david-fifita%2fnews-story%2ff06d8828773826188137de111f1bfb9f&c=5543446519652483733&mkt=en-au","","https://www.townsvillebulletin.com.au/sport/roosters-and-rabbitohs-in-battle-to-sign-david-fifita/news-story/f06d8828773826188137de111f1bfb9f","false","The Daily Telegraph can reveal the Roosters would use money from the retirement of champion halfback Cooper Cronk to lure the teenager to Bondi. The Rabbitohs have the cap space from the expected ..."
"sou","South Sydney Rabbitohs","David Fifita","backup_baseline","3","au.sports.yahoo.com","4","contract_language|context_or_team_article","false","Yahoo Sport Australia","Thu, 07 May 2026 17:00:00 GMT","team_or_context_candidate_needs_article_review","The SEVEN current best value for money contracts in the NRL","https://au.sports.yahoo.com/seven-current-best-value-money-214941645.html","http://www.bing.com/news/apiclick.aspx?ref=FexRss&aid=&tid=6a52f66e12374098b092c3532e2b0787&url=https%3a%2f%2fau.sports.yahoo.com%2fseven-current-best-value-money-214941645.html&c=14537114608194793438&mkt=en-au","","https://au.sports.yahoo.com/seven-current-best-value-money-214941645.html","false","The beauty of the salary cap is that it is supposed to level the playing field for all NRL teams. There is enough space for stars, but not multiple, meaning rosters need to be carefully crafted so ..."
"sou","South Sydney Rabbitohs","Cameron Murray","backup_baseline","1","themercury.com.au","4","contract_language|context_or_team_article","false","The Mercury","Sat, 03 Apr 2021 10:28:00 GMT","team_or_context_candidate_needs_article_review","NRL 2021: Adam Reynolds contract, Rabbitohs lead calls for salary cap revamp","https://www.themercury.com.au/sport/nrl/nrl-2021-adam-reynolds-contract-rabbitohs-lead-calls-for-salary-cap-revamp/news-story/4ad2423dd5dda60c202351b0361c2d55","http://www.bing.com/news/apiclick.aspx?ref=FexRss&aid=&tid=6a52f66fae3e425c82f097263a92077f&url=https%3a%2f%2fwww.themercury.com.au%2fsport%2fnrl%2fnrl-2021-adam-reynolds-contract-rabbitohs-lead-calls-for-salary-cap-revamp%2fnews-story%2f4ad2423dd5dda60c202351b0361c2d55&c=10250100085422151221&mkt=en-au","","https://www.themercury.com.au/sport/nrl/nrl-2021-adam-reynolds-contract-rabbitohs-lead-calls-for-salary-cap-revamp/news-story/4ad2423dd5dda60c202351b0361c2d55","false","As the Rabbitohs prepare to sit down with Adam Reynolds to sort out his future, the club has called for greater salary cap concessions for producing long-term players. Reynolds and the Rabbitohs have ..."
"sou","South Sydney Rabbitohs","Tallis Duncan","backup_baseline","","","","","","","","no_candidate_found","","","","","","",""
"sou","South Sydney Rabbitohs","Euan Aitken","backup_baseline","","","","","","","","no_candidate_found","","","","","","",""
"sou","South Sydney Rabbitohs","Peter Mamouzelos","backup_baseline","1","au.sports.yahoo.com","27","contract_language|exact_player_name","true","Yahoo Sports Australia","Tue, 30 Jun 2026 20:58:00 GMT","player_focused_candidate_needs_article_review","Peter Mamouzelos nears early Rabbitohs exit as future plans revealed","https://au.sports.yahoo.com/peter-mamouzelos-nears-early-rabbitohs-035822567.html","http://www.bing.com/news/apiclick.aspx?ref=FexRss&aid=&tid=6a52f6837c7f4899bef5fa806329e30f&url=https%3a%2f%2fau.sports.yahoo.com%2fpeter-mamouzelos-nears-early-rabbitohs-035822567.html&c=11812873356982110083&mkt=en-au","","https://au.sports.yahoo.com/peter-mamouzelos-nears-early-rabbitohs-035822567.html","false","South Sydney Rabbitohs dummy half Peter Mamouzelos might have a year to run on his contract at Maroubra, but it appears he will be released early after falling out of favour with Wayne Bennett, with a ..."
"sou","South Sydney Rabbitohs","Peter Mamouzelos","backup_baseline","2","zerotackle.com","24","exact_player_name","true","Zero Tackle","Tue, 30 Jun 2026 17:30:00 GMT","player_focused_candidate_needs_article_review","Peter Mamouzelos nears early Rabbitohs exit as future plans revealed","https://www.zerotackle.com/peter-mamouzelos-nears-early-rabbitohs-exit-as-future-plans-revealed-235463/","http://www.bing.com/news/apiclick.aspx?ref=FexRss&aid=&tid=6a52f687df23421aa8ba850689c20e6b&url=https%3a%2f%2fwww.zerotackle.com%2fpeter-mamouzelos-nears-early-rabbitohs-exit-as-future-plans-revealed-235463%2f&c=2072828751492266585&mkt=en-au","","https://www.zerotackle.com/peter-mamouzelos-nears-early-rabbitohs-exit-as-future-plans-revealed-235463/","false","Reports now from Wide of World Sports' The Mole now suggest he is set to depart at the end of this season, gaining an early release to spend a year in the English Super League under former Rabbitohs ..."
"sou","South Sydney Rabbitohs","Sean Keppie","backup_baseline","1","au.sports.yahoo.com","23","contract_language|exact_player_name","true","Yahoo Sports Australia","Thu, 02 Jul 2026 19:30:00 GMT","player_focused_candidate_needs_article_review","Rabbitohs forward inks multi-year extension","https://au.sports.yahoo.com/rabbitohs-forward-inks-multi-extension-023032446.html","http://www.bing.com/news/apiclick.aspx?ref=FexRss&aid=&tid=6a52f68871fe4fd9a71d68752c645dae&url=https%3a%2f%2fau.sports.yahoo.com%2frabbitohs-forward-inks-multi-extension-023032446.html&c=16693136742979579123&mkt=en-au","","https://au.sports.yahoo.com/rabbitohs-forward-inks-multi-extension-023032446.html","false","The South Sydney Rabbitohs are on the verge of re-signing forward Sean Keppie for a further two seasons. Keppie's contract was due to expire at the end of this season, but reports from theDaily ..."
"sou","South Sydney Rabbitohs","Ashton Ward","bucket_unknown","1","au.sports.yahoo.com","23","contract_language|exact_player_name","true","Yahoo Sports Australia","Wed, 01 Jul 2026 14:25:00 GMT","player_focused_candidate_needs_article_review","Rabbitohs rising star gains contract promotion","https://au.sports.yahoo.com/rabbitohs-rising-star-gains-contract-212525582.html","http://www.bing.com/news/apiclick.aspx?ref=FexRss&aid=&tid=6a52f68f93af4e5d9d81fc6ef910b7e4&url=https%3a%2f%2fau.sports.yahoo.com%2frabbitohs-rising-star-gains-contract-212525582.html&c=4764174904756785018&mkt=en-au","","https://au.sports.yahoo.com/rabbitohs-rising-star-gains-contract-212525582.html","false","Rising South Sydney Rabbitohs young gun Ashton Ward has had his contract promoted to join the club's Top 30. Ward debuted in the middle of 2025 off a NSW Cup deal as the Rabbitohs dealt with a ..."
"sou","South Sydney Rabbitohs","Ashton Ward","bucket_unknown","2","zerotackle.com","23","contract_language|exact_player_name","true","Zero Tackle","Wed, 01 Jul 2026 14:36:00 GMT","player_focused_candidate_needs_article_review","Rabbitohs rising star gains contract promotion","https://www.zerotackle.com/rabbitohs-rising-star-gains-contract-promotion-235470/","http://www.bing.com/news/apiclick.aspx?ref=FexRss&aid=&tid=6a52f692c720430f93aa958f07f1b8c3&url=https%3a%2f%2fwww.zerotackle.com%2frabbitohs-rising-star-gains-contract-promotion-235470%2f&c=5053957244146595617&mkt=en-au","","https://www.zerotackle.com/rabbitohs-rising-star-gains-contract-promotion-235470/","false","Rising South Sydney Rabbitohs young gun Ashton Ward has had his contract promoted to join the club's Top 30. Ward debuted in the middle of 2025 off a NSW Cup deal as the Rabbitohs dealt with a ..."
"sou","South Sydney Rabbitohs","Adam Elliott","bucket_unknown","","","","","","","","no_candidate_found","","","","","","",""
"sou","South Sydney Rabbitohs","Bronson Carlick","bucket_unknown","","","","","","","","no_candidate_found","","","","","","",""
"sou","South Sydney Rabbitohs","Ed Kosi","bucket_unknown","","","","","","","","no_candidate_found","","","","","","",""
"sou","South Sydney Rabbitohs","Isaiah Tass","bucket_unknown","","","","","","","","no_candidate_found","","","","","","",""
"sou","South Sydney Rabbitohs","Jayden Sullivan","bucket_unknown","","","","","","","","no_candidate_found","","","","","","",""
"sou","South Sydney Rabbitohs","Jonah Glover","bucket_unknown","","","","","","","","no_candidate_found","","","","","","",""
"sou","South Sydney Rabbitohs","Lachie Hubner","bucket_unknown","","","","","","","","no_candidate_found","","","","","","",""
"sou","South Sydney Rabbitohs","Liam Le Blanc","bucket_unknown","","","","","","","","no_candidate_found","","","","","","",""
"sou","South Sydney Rabbitohs","Max McCarthy","bucket_unknown","","","","","","","","no_candidate_found","","","","","","",""
"sou","South Sydney Rabbitohs","Thomas Fletcher","bucket_unknown","","","","","","","","no_candidate_found","","","","","","",""
"sou","South Sydney Rabbitohs","Tyrone Munro","bucket_unknown","1","au.sports.yahoo.com","24","exact_player_name","true","Yahoo Sport Australia","Tue, 23 Jun 2026 07:47:00 GMT","player_focused_candidate_needs_article_review","Tyrone Munro set to miss remainder of NRL season","https://au.sports.yahoo.com/tyrone-munro-set-miss-remainder-214716704.html","http://www.bing.com/news/apiclick.aspx?ref=FexRss&aid=&tid=6a52f6d35fc74a0ebf860a6af7081df5&url=https%3a%2f%2fau.sports.yahoo.com%2ftyrone-munro-set-miss-remainder-214716704.html&c=2385757096168811187&mkt=en-au","","https://au.sports.yahoo.com/tyrone-munro-set-miss-remainder-214716704.html","false","South Sydney Rabbitohs winger Tyrone Munro is set to remain stood down from playing for the remainder of the year after his latest hearing was postponed until next year. Under the NRL's no-fault ..."
"sti","St George Illawarra Dragons","Clint Gutherson","backup_baseline","1","themercury.com.au","24","exact_player_name","true","The Mercury","Thu, 09 May 2019 12:50:00 GMT","player_focused_candidate_needs_article_review","After 168 days of negotiations Parramatta and Clint Gutherson are still far from agreement","https://www.themercury.com.au/sport/nrl/after-168-days-of-negotiations-parramatta-and-clint-gutherson-are-still-far-from-agreement/news-story/ccb129a23c7eb921dbed1a7f28f207fc","http://www.bing.com/news/apiclick.aspx?ref=FexRss&aid=&tid=6a52f6da698a476b831bcf80acf50c2b&url=https%3a%2f%2fwww.themercury.com.au%2fsport%2fnrl%2fafter-168-days-of-negotiations-parramatta-and-clint-gutherson-are-still-far-from-agreement%2fnews-story%2fccb129a23c7eb921dbed1a7f28f207fc&c=6697322052399257034&mkt=en-au","","https://www.themercury.com.au/sport/nrl/after-168-days-of-negotiations-parramatta-and-clint-gutherson-are-still-far-from-agreement/news-story/ccb129a23c7eb921dbed1a7f28f207fc","false","The 168-day negotiations over Parramatta star Clint Gutherson continued without a resolution after Eels general manager of football Mark O’Neill met with the full-back’s agent, Sam Ayoub. The Daily ..."
"sti","St George Illawarra Dragons","Christian Tuipulotu","backup_baseline","","","","","","","","no_candidate_found","","","","","","",""
"sti","St George Illawarra Dragons","Moses Suli","backup_baseline","1","dailytelegraph.com.au","30","contract_language|exact_player_name","true","The Daily Telegraph","Wed, 03 Jun 2026 06:10:00 GMT","player_focused_candidate_needs_article_review","Moses Suli granted permission to leave Dragons as Red V’s roster overhaul continues","https://www.dailytelegraph.com.au/sport/nrl/moses-suli-granted-permission-to-leave-dragons-as-red-vs-roster-overhaul-continues/news-story/916621cabdacf7d6a570af9600ba4508","http://www.bing.com/news/apiclick.aspx?ref=FexRss&aid=&tid=6a52f6e6dd6e4da086577953772a98ba&url=https%3a%2f%2fwww.dailytelegraph.com.au%2fsport%2fnrl%2fmoses-suli-granted-permission-to-leave-dragons-as-red-vs-roster-overhaul-continues%2fnews-story%2f916621cabdacf7d6a570af9600ba4508&c=15833127068322068725&mkt=en-au","","https://www.dailytelegraph.com.au/sport/nrl/moses-suli-granted-permission-to-leave-dragons-as-red-vs-roster-overhaul-continues/news-story/916621cabdacf7d6a570af9600ba4508","false","It is understood that Suli has been told he is free to leave the club despite having 12 months left on his contract. The Tongan international has been a mainstay since joining the Dragons in 2022 ..."
"sti","St George Illawarra Dragons","Moses Suli","backup_baseline","2","themercury.com.au","24","exact_player_name","true","The Mercury","Tue, 02 Jun 2020 09:41:00 GMT","player_focused_candidate_needs_article_review","Manly to re-sign powerful centre Moses Suli in blow to St George Illawarra Dragons","https://www.themercury.com.au/sport/manly-to-resign-powerful-centre-moses-suli-in-blow-to-st-george-illawarra-dragons/news-story/b749dcb893319e87cc346a27c128e9b6","http://www.bing.com/news/apiclick.aspx?ref=FexRss&aid=&tid=6a52f6e6dd6e4da086577953772a98ba&url=https%3a%2f%2fwww.themercury.com.au%2fsport%2fmanly-to-resign-powerful-centre-moses-suli-in-blow-to-st-george-illawarra-dragons%2fnews-story%2fb749dcb893319e87cc346a27c128e9b6&c=15037282082882634937&mkt=en-au","","https://www.themercury.com.au/sport/manly-to-resign-powerful-centre-moses-suli-in-blow-to-st-george-illawarra-dragons/news-story/b749dcb893319e87cc346a27c128e9b6","false","St George Illawarra were set to make Manly powerhouse Moses Suli among the best-paid centres in the game. But in the latest blow to the NRL basket case, he’s given them a trademark fend. Suli, 21, was ..."
"sti","St George Illawarra Dragons","Valentine Holmes","backup_baseline","1","adelaidenow.com.au","27","money|exact_player_name","true","Adelaide Now","Tue, 23 Jun 2026 18:15:00 GMT","player_focused_candidate_needs_article_review","Valentine Holmes’ ‘strange’ $2.4m call amid Dragons pursuit and Roosters approach","https://www.adelaidenow.com.au/sport/nrl/valentine-holmes-strange-24m-call-amid-dragons-pursuit-and-roosters-approach/news-story/eb3e03dd1887187cfa3e52a60aa7a664","http://www.bing.com/news/apiclick.aspx?ref=FexRss&aid=&tid=6a52f6ed39fd4c9cb29b78e96a719528&url=https%3a%2f%2fwww.adelaidenow.com.au%2fsport%2fnrl%2fvalentine-holmes-strange-24m-call-amid-dragons-pursuit-and-roosters-approach%2fnews-story%2feb3e03dd1887187cfa3e52a60aa7a664&c=1552259407172286232&mkt=en-au","","https://www.adelaidenow.com.au/sport/nrl/valentine-holmes-strange-24m-call-amid-dragons-pursuit-and-roosters-approach/news-story/eb3e03dd1887187cfa3e52a60aa7a664","false","North Queensland powerbrokers gave the Maroons gun permission to negotiate with rivals in recent weeks, despite making it clear they’d like to retain his services. Holmes will enter the final year of ..."
"sti","St George Illawarra Dragons","Valentine Holmes","backup_baseline","2","au.sports.yahoo.com","4","contract_language|context_or_team_article","false","Yahoo Sport Australia","Mon, 08 Jun 2026 17:00:00 GMT","team_or_context_candidate_needs_article_review","The EIGHT current worst value for money contracts in the NRL","https://au.sports.yahoo.com/eight-current-worst-value-money-203100385.html","http://www.bing.com/news/apiclick.aspx?ref=FexRss&aid=&tid=6a52f6f103874269ab32e28d26934334&url=https%3a%2f%2fau.sports.yahoo.com%2feight-current-worst-value-money-203100385.html&c=17264841661166123321&mkt=en-au","","https://au.sports.yahoo.com/eight-current-worst-value-money-203100385.html","false","There's nothing more disappointing in rugby league than knowing your club is paying a player far too much than they deserve, wasting salary cap space. While some clubs are extracting maximum value ..."
"sti","St George Illawarra Dragons","Setu Tu","backup_baseline","","","","","","","","no_candidate_found","","","","","","",""
"sti","St George Illawarra Dragons","Kyle Flanagan","backup_baseline","","","","","","","","no_candidate_found","","","","","","",""
"sti","St George Illawarra Dragons","Daniel Atkinson","backup_baseline","1","theaustralian.com.au","7","money|contract_language|context_or_team_article","false","The Australian","Thu, 14 May 2026 11:45:00 GMT","team_or_context_candidate_needs_article_review","Luke Metcalf agrees to join St George Illawarra Dragons on three-year deal","https://www.theaustralian.com.au/sport/nrl/dragons-in-box-seat-to-sign-luke-metcalf-as-canterbury-pulls-out/news-story/40c8d2814940c3fe3ea1ea9da6178d64","http://www.bing.com/news/apiclick.aspx?ref=FexRss&aid=&tid=6a52f700022b4f8cba670a6097ea2c1e&url=https%3a%2f%2fwww.theaustralian.com.au%2fsport%2fnrl%2fdragons-in-box-seat-to-sign-luke-metcalf-as-canterbury-pulls-out%2fnews-story%2f40c8d2814940c3fe3ea1ea9da6178d64&c=11255004434151949809&mkt=en-au","","https://www.theaustralian.com.au/sport/nrl/dragons-in-box-seat-to-sign-luke-metcalf-as-canterbury-pulls-out/news-story/40c8d2814940c3fe3ea1ea9da6178d64","false","It is understood Metcalf has agreed to a three-year contract worth about $900,000 a season as the Dragons look to fast-trick their rise from the bottom of the premiership ladder. Metcalf flew to ..."
"sti","St George Illawarra Dragons","Emre Guler","backup_baseline","1","7news.com.au","7","money|contract_language|context_or_team_article","false","7NEWS Australia","Fri, 28 Oct 2022 02:27:00 GMT","team_or_context_candidate_needs_article_review","Ultimate NRL free agency preview: Your club’s out-of-contract stars and where they could end up","https://7news.com.au/sport/rugby-league/ultimate-nrl-free-agency-preview-your-clubs-out-of-contract-stars-and-where-they-could-end-up-c-8677336","http://www.bing.com/news/apiclick.aspx?ref=FexRss&aid=&tid=6a52f70abd884d738a33483a27379ceb&url=https%3a%2f%2f7news.com.au%2fsport%2frugby-league%2fultimate-nrl-free-agency-preview-your-clubs-out-of-contract-stars-and-where-they-could-end-up-c-8677336&c=143273184193222445&mkt=en-au","","https://7news.com.au/sport/rugby-league/ultimate-nrl-free-agency-preview-your-clubs-out-of-contract-stars-and-where-they-could-end-up-c-8677336","false","Over $50 million worth of player talent will be free to negotiate with clubs for season 2024 and beyond when the NRL free agency period begins on November 1. Latrell Mitchell, Mit ..."
"sti","St George Illawarra Dragons","Damien Cook","backup_baseline","","","","","","","","no_candidate_found","","","","","","",""
"sti","St George Illawarra Dragons","Toby Couchman","backup_baseline","","","","","","","","no_candidate_found","","","","","","",""
"sti","St George Illawarra Dragons","Luciano Leilua","backup_baseline","1","ntnews.com.au","30","money|contract_language|exact_player_name","true","Northern Territory News","Wed, 20 Oct 2021 11:44:00 GMT","player_focused_candidate_needs_article_review","NRL transfer news: Luciano Leilua price tag to hit $3 million as Wests Tigers hesitate on big deal","https://www.ntnews.com.au/sport/nrl/nrl-transfer-news-wests-tigers-eye-api-koroisau-as-josh-hodgson-move-stalls/news-story/acda014827cb955d78a2bc1c7c786275","http://www.bing.com/news/apiclick.aspx?ref=FexRss&aid=&tid=6a52f719d5e6421c8758a89b6417d49d&url=https%3a%2f%2fwww.ntnews.com.au%2fsport%2fnrl%2fnrl-transfer-news-wests-tigers-eye-api-koroisau-as-josh-hodgson-move-stalls%2fnews-story%2facda014827cb955d78a2bc1c7c786275&c=16004928746983891735&mkt=en-au","","https://www.ntnews.com.au/sport/nrl/nrl-transfer-news-wests-tigers-eye-api-koroisau-as-josh-hodgson-move-stalls/news-story/acda014827cb955d78a2bc1c7c786275","false","Wests Tigers forward Luciano Leilua has been waiting 10 weeks for Wests Tigers to nail down a contract upgrade, yet time is almost up on re-signing the big Samoan. Due to a series of delays, Wests ..."
"sti","St George Illawarra Dragons","Luciano Leilua","backup_baseline","2","dailytelegraph.com.au","30","contract_language|exact_player_name","true","Daily Telegraph","Sun, 05 Jul 2026 14:22:00 GMT","player_focused_candidate_needs_article_review","Warriors reward veteran half with contract extension; Dragons star Luciano Leilua quits NRL","https://www.dailytelegraph.com.au/sport/nrl/luciano-leilua-quits-nrl-as-dragons-massive-roster-overhaul-continues/news-story/de58edb5ea1fac9f5d36c141faa5bc96","http://www.bing.com/news/apiclick.aspx?ref=FexRss&aid=&tid=6a52f719d5e6421c8758a89b6417d49d&url=https%3a%2f%2fwww.dailytelegraph.com.au%2fsport%2fnrl%2fluciano-leilua-quits-nrl-as-dragons-massive-roster-overhaul-continues%2fnews-story%2fde58edb5ea1fac9f5d36c141faa5bc96&c=1380448075555349708&mkt=en-au","","https://www.dailytelegraph.com.au/sport/nrl/luciano-leilua-quits-nrl-as-dragons-massive-roster-overhaul-continues/news-story/de58edb5ea1fac9f5d36c141faa5bc96","false","The Warriors have rewarded halfback Te Maire Martin for sustaining the club’s march to the finals despite injury adversity in their halves."
"sti","St George Illawarra Dragons","Luciano Leilua","backup_baseline","3","ntnews.com.au","27","contract_language|exact_player_name","true","NT News","Sun, 05 Jul 2026 05:59:00 GMT","player_focused_candidate_needs_article_review","Luciano Leilua quits NRL as Dragons’ massive roster overhaul continues","https://www.ntnews.com.au/sport/nrl/luciano-leilua-quits-nrl-as-dragons-massive-roster-overhaul-continues/news-story/de58edb5ea1fac9f5d36c141faa5bc96","http://www.bing.com/news/apiclick.aspx?ref=FexRss&aid=&tid=6a52f719605f47c897abeb90d028e162&url=https%3a%2f%2fwww.ntnews.com.au%2fsport%2fnrl%2fluciano-leilua-quits-nrl-as-dragons-massive-roster-overhaul-continues%2fnews-story%2fde58edb5ea1fac9f5d36c141faa5bc96&c=18070205609048558758&mkt=en-au","","https://www.ntnews.com.au/sport/nrl/luciano-leilua-quits-nrl-as-dragons-massive-roster-overhaul-continues/news-story/de58edb5ea1fac9f5d36c141faa5bc96","false","The NRL’s growing departure lounge to the Super League continues with Dragons back-rower Luciano Leilua the latest to secure a long-term deal to join Catalans Dragons."
"sti","St George Illawarra Dragons","Luciano Leilua","backup_baseline","4","themercury.com.au","27","contract_language|exact_player_name","true","The Mercury","Mon, 18 Nov 2019 05:24:00 GMT","player_focused_candidate_needs_article_review","St George Illawarra Dragons lose Luciano Leilua to Wests Tigers","https://www.themercury.com.au/sport/nrl/st-george-illawarra-dragons-lose-luciano-leilua-to-wests-tigers/news-story/3376476531ec8f97cf9a986389113907","http://www.bing.com/news/apiclick.aspx?ref=FexRss&aid=&tid=6a52f719d5e6421c8758a89b6417d49d&url=https%3a%2f%2fwww.themercury.com.au%2fsport%2fnrl%2fst-george-illawarra-dragons-lose-luciano-leilua-to-wests-tigers%2fnews-story%2f3376476531ec8f97cf9a986389113907&c=10984703642551576220&mkt=en-au","","https://www.themercury.com.au/sport/nrl/st-george-illawarra-dragons-lose-luciano-leilua-to-wests-tigers/news-story/3376476531ec8f97cf9a986389113907","false","Latrell Mitchell isn’t the only player on the Wests Tigers’ radar with the club raiding rivals St George Illawarra to sign one of their star players on a multi-year deal. As the club continues its ..."
"sti","St George Illawarra Dragons","Luciano Leilua","backup_baseline","5","au.sports.yahoo.com","27","contract_language|exact_player_name","true","Yahoo Sport Australia","Sun, 31 May 2026 17:00:00 GMT","player_focused_candidate_needs_article_review","Luciano Leilua reveals contract plan, retirement questions","https://au.sports.yahoo.com/luciano-leilua-reveals-contract-plan-204335681.html","http://www.bing.com/news/apiclick.aspx?ref=FexRss&aid=&tid=6a52f71bc5e443c083107ba76598e7ab&url=https%3a%2f%2fau.sports.yahoo.com%2fluciano-leilua-reveals-contract-plan-204335681.html&c=9511204434492696368&mkt=en-au","","https://au.sports.yahoo.com/luciano-leilua-reveals-contract-plan-204335681.html","false","St George Illawarra Dragons second-rower Luciano Leilua has revealed he wants to remain at the club beyond 2026, having at one point considered retirement. The forward's form in 2025 was poor, but a ..."
"sti","St George Illawarra Dragons","Jaydn Su'A","backup_baseline","1","dailytelegraph.com.au","4","context_or_team_article","false","The Daily Telegraph","Fri, 22 May 2026 07:37:00 GMT","team_or_context_candidate_needs_article_review","NRL Late Mail Round 12: Jaydn Su’A suffers calf injury, Jacob Kiraz to move to fullback","https://www.dailytelegraph.com.au/sport/nrl/supercoach-news/nrl-late-mail-round-12-dolphins-blow-as-herbie-farnworth-ruled-out-with-tightness/news-story/77cb12186029436e1a17fd975af3b876","http://www.bing.com/news/apiclick.aspx?ref=FexRss&aid=&tid=6a52f71f107d41b3bb840f07f8f40912&url=https%3a%2f%2fwww.dailytelegraph.com.au%2fsport%2fnrl%2fsupercoach-news%2fnrl-late-mail-round-12-dolphins-blow-as-herbie-farnworth-ruled-out-with-tightness%2fnews-story%2f77cb12186029436e1a17fd975af3b876&c=1516096620893354357&mkt=en-au","","https://www.dailytelegraph.com.au/sport/nrl/supercoach-news/nrl-late-mail-round-12-dolphins-blow-as-herbie-farnworth-ruled-out-with-tightness/news-story/77cb12186029436e1a17fd975af3b876","false","Jaydn Su’A looks set for another long-term stint on the sidelines - with a fresh injury coming immediately on the back of a lengthy suspension. Plus, Jacob Kiraz returns in a new role for the Dogs. Su ..."
"sti","St George Illawarra Dragons","Jaydn Su'A","backup_baseline","2","foxsports.com.au","3","context_or_team_article","false","Fox Sports","Thu, 11 Jun 2026 03:15:00 GMT","team_or_context_candidate_needs_article_review","Star’s Dragons career over as surgery booked; ‘p*ssed off’ Dogs flyer’s reveal — NRL Daily","https://www.foxsports.com.au/nrl/nrl-premiership/nrl-2026-trai-fuller-inks-new-contract-with-dolphins-until-2027-sharks-fullback-william-kennedy-opens-up-on-new-deal-and-longterm-future-nrl-news-nrl-daily/news-story/ae9a17c6f57dfd68cbc1f1d1c4894b09","http://www.bing.com/news/apiclick.aspx?ref=FexRss&aid=&tid=6a52f720d6bd443db4066ff2d72fb853&url=https%3a%2f%2fwww.foxsports.com.au%2fnrl%2fnrl-premiership%2fnrl-2026-trai-fuller-inks-new-contract-with-dolphins-until-2027-sharks-fullback-william-kennedy-opens-up-on-new-deal-and-longterm-future-nrl-news-nrl-daily%2fnews-story%2fae9a17c6f57dfd68cbc1f1d1c4894b09&c=9900475515752759270&mkt=en-au","","https://www.foxsports.com.au/nrl/nrl-premiership/nrl-2026-trai-fuller-inks-new-contract-with-dolphins-until-2027-sharks-fullback-william-kennedy-opens-up-on-new-deal-and-longterm-future-nrl-news-nrl-daily/news-story/ae9a17c6f57dfd68cbc1f1d1c4894b09","false","WHAT'S GAMBLING REALLY COSTING YOU? Set a deposit limit. For Free and confidential support call 1800 858 858 or visit gamblinghelponline.org.au. CODE Sports reported that Su’A would have surgery on ..."
"sti","St George Illawarra Dragons","Hamish Stewart","backup_baseline","","","","","","","","no_candidate_found","","","","","","",""
"sti","St George Illawarra Dragons","Jacob Liddle","backup_baseline","","","","","","","","no_candidate_found","","","","","","",""
"sti","St George Illawarra Dragons","Josh Kerr","backup_baseline","","","","","","","","no_candidate_found","","","","","","",""
"sti","St George Illawarra Dragons","Dylan Egan","backup_baseline","","","","","","","","no_candidate_found","","","","","","",""
"sti","St George Illawarra Dragons","Ryan Couchman","backup_baseline","","","","","","","","no_candidate_found","","","","","","",""
"sti","St George Illawarra Dragons","Hame Sele","bucket_unknown","1","7news.com.au","7","money|contract_language|context_or_team_article","false","7NEWS Australia","Fri, 28 Oct 2022 02:27:00 GMT","team_or_context_candidate_needs_article_review","Ultimate NRL free agency preview: Your club’s out-of-contract stars and where they could end up","https://7news.com.au/sport/rugby-league/ultimate-nrl-free-agency-preview-your-clubs-out-of-contract-stars-and-where-they-could-end-up-c-8677336","http://www.bing.com/news/apiclick.aspx?ref=FexRss&aid=&tid=6a52f74a819c46cbb1f81a6c10220a41&url=https%3a%2f%2f7news.com.au%2fsport%2frugby-league%2fultimate-nrl-free-agency-preview-your-clubs-out-of-contract-stars-and-where-they-could-end-up-c-8677336&c=143273184193222445&mkt=en-au","","https://7news.com.au/sport/rugby-league/ultimate-nrl-free-agency-preview-your-clubs-out-of-contract-stars-and-where-they-could-end-up-c-8677336","false","Over $50 million worth of player talent will be free to negotiate with clubs for season 2024 and beyond when the NRL free agency period begins on November 1. Latrell Mitchell, Mit ..."
"sti","St George Illawarra Dragons","Mat Feagai","bucket_unknown","","","","","","","","no_candidate_found","","","","","","",""
"sti","St George Illawarra Dragons","Lyhkan King-Togia","bucket_unknown","","","","","","","","no_candidate_found","","","","","","",""
"sti","St George Illawarra Dragons","Loko Pasifiki-Tonga","bucket_unknown","","","","","","","","no_candidate_found","","","","","","",""
"sti","St George Illawarra Dragons","Tyrell Sloan","bucket_unknown","1","zerotackle.com","27","contract_language|exact_player_name","true","Zero Tackle","Fri, 03 Jul 2026 21:06:00 GMT","player_focused_candidate_needs_article_review","Tyrell Sloan’s new contract revealed as he is set to depart Illawarra","https://www.zerotackle.com/tyrelll-sloan-new-contracted-confirmed-235516/","http://www.bing.com/news/apiclick.aspx?ref=FexRss&aid=&tid=6a52f76115144c878fcfd267ad6e8fa0&url=https%3a%2f%2fwww.zerotackle.com%2ftyrelll-sloan-new-contracted-confirmed-235516%2f&c=8396210334692889137&mkt=en-au","","https://www.zerotackle.com/tyrelll-sloan-new-contracted-confirmed-235516/","false","Tyrell Sloan's future has officially been decided, with the St George Illawarra Dragons outside back set to continue his career in the English Super League from 2027. The 24-year-old has signed a ..."
"sti","St George Illawarra Dragons","Tyrell Sloan","bucket_unknown","2","dailytelegraph.com.au","27","exact_player_name","true","The Daily Telegraph","Sat, 06 Jun 2026 04:20:00 GMT","player_focused_candidate_needs_article_review","Castleford targets Dragons star Tyrell Sloan for Super League move","https://www.dailytelegraph.com.au/sport/nrl/castleford-targets-dragons-star-tyrell-sloan-for-super-league-move/news-story/dcf9cb91c50fc000af55a2880a918211","http://www.bing.com/news/apiclick.aspx?ref=FexRss&aid=&tid=6a52f762b13d433bb1fc6b0e39881b56&url=https%3a%2f%2fwww.dailytelegraph.com.au%2fsport%2fnrl%2fcastleford-targets-dragons-star-tyrell-sloan-for-super-league-move%2fnews-story%2fdcf9cb91c50fc000af55a2880a918211&c=11140283784674556992&mkt=en-au","","https://www.dailytelegraph.com.au/sport/nrl/castleford-targets-dragons-star-tyrell-sloan-for-super-league-move/news-story/dcf9cb91c50fc000af55a2880a918211","false","Sloan also has interest from within the NRL, but it’s the English Super League club that are eager to lure the exciting 24-year-old to the UK. Castleford are coached by former Dragons assistant coach ..."
"sti","St George Illawarra Dragons","Tyrell Sloan","bucket_unknown","3","thechronicle.com.au","20","exact_player_name","true","The Chronicle","Fri, 03 Jul 2026 16:26:00 GMT","context_only_untrusted_domain","Dragons speedster Tyrell Sloan set to join teammates Damien Cook and Matt Feagai in the English Super League.","https://www.thechronicle.com.au/sport/nrl/dragons-speedster-tyrell-sloan-set-to-join-teammates-damien-cook-and-matt-feagai-in-the-english-super-league/news-story/6cb6dbd308a0c4971e951460b76ea1fe","http://www.bing.com/news/apiclick.aspx?ref=FexRss&aid=&tid=6a52f76115144c878fcfd267ad6e8fa0&url=https%3a%2f%2fwww.thechronicle.com.au%2fsport%2fnrl%2fdragons-speedster-tyrell-sloan-set-to-join-teammates-damien-cook-and-matt-feagai-in-the-english-super-league%2fnews-story%2f6cb6dbd308a0c4971e951460b76ea1fe&c=1885862611346361924&mkt=en-au","","https://www.thechronicle.com.au/sport/nrl/dragons-speedster-tyrell-sloan-set-to-join-teammates-damien-cook-and-matt-feagai-in-the-english-super-league/news-story/6cb6dbd308a0c4971e951460b76ea1fe","false","Castleford are coached by former Dragons assistant coach Ryan Carr, who has a strong relationship with Sloan. Sloan, who has scored 52 tries in 88 appearances has the potential to become a fan ..."
"sti","St George Illawarra Dragons","David Fale","bucket_unknown","","","","","","","","no_candidate_found","","","","","","",""
"sti","St George Illawarra Dragons","Blake Lawrie","bucket_unknown","1","7news.com.au","7","money|contract_language|context_or_team_article","false","7NEWS Australia","Fri, 28 Oct 2022 02:27:00 GMT","team_or_context_candidate_needs_article_review","Ultimate NRL free agency preview: Your club’s out-of-contract stars and where they could end up","https://7news.com.au/sport/rugby-league/ultimate-nrl-free-agency-preview-your-clubs-out-of-contract-stars-and-where-they-could-end-up-c-8677336","http://www.bing.com/news/apiclick.aspx?ref=FexRss&aid=&tid=6a52f772dec6466b9c8f4089766ceff2&url=https%3a%2f%2f7news.com.au%2fsport%2frugby-league%2fultimate-nrl-free-agency-preview-your-clubs-out-of-contract-stars-and-where-they-could-end-up-c-8677336&c=143273184193222445&mkt=en-au","","https://7news.com.au/sport/rugby-league/ultimate-nrl-free-agency-preview-your-clubs-out-of-contract-stars-and-where-they-could-end-up-c-8677336","false","Over $50 million worth of player talent will be free to negotiate with clubs for season 2024 and beyond when the NRL free agency period begins on November 1. Latrell Mitchell, Mit ..."
"sti","St George Illawarra Dragons","Hayden Buchanan","bucket_unknown","","","","","","","","no_candidate_found","","","","","","",""
"sti","St George Illawarra Dragons","Jacob Halangahu","bucket_unknown","","","","","","","","no_candidate_found","","","","","","",""
"sti","St George Illawarra Dragons","Leeroy Weatherall","bucket_unknown","","","","","","","","no_candidate_found","","","","","","",""
"sti","St George Illawarra Dragons","Nathan Lawson","bucket_unknown","","","","","","","","no_candidate_found","","","","","","",""
"sti","St George Illawarra Dragons","Nick Tsougranis","bucket_unknown","","","","","","","","no_candidate_found","","","","","","",""
"syd","Sydney Roosters","James Tedesco","backup_baseline","1","dailytelegraph.com.au","30","contract_language|exact_player_name","true","The Daily Telegraph","Wed, 03 Jun 2015 09:04:00 GMT","player_focused_candidate_needs_article_review","DCE decision: Greg Inglis, James Tedesco, Tim Moltzen and other NRL contract backflips","https://www.dailytelegraph.com.au/sport/nrl/dce-decision-greg-inglis-james-tedesco-tim-moltzen-and-other-nrl-contract-backflips/news-story/957549a1a232b5166efcb9736132e0f6","http://www.bing.com/news/apiclick.aspx?ref=FexRss&aid=&tid=6a52f79d093547a69dcd533f7ab689c8&url=https%3a%2f%2fwww.dailytelegraph.com.au%2fsport%2fnrl%2fdce-decision-greg-inglis-james-tedesco-tim-moltzen-and-other-nrl-contract-backflips%2fnews-story%2f957549a1a232b5166efcb9736132e0f6&c=1180059381611736483&mkt=en-au","","https://www.dailytelegraph.com.au/sport/nrl/dce-decision-greg-inglis-james-tedesco-tim-moltzen-and-other-nrl-contract-backflips/news-story/957549a1a232b5166efcb9736132e0f6","false","Now that the NRL has scrapped the controversial Round 13 rule, these backflips should become a thing of the past but as you can see, the DCE decision may have been the straw that broke the camels back ..."
"syd","Sydney Roosters","James Tedesco","backup_baseline","2","ntnews.com.au","27","contract_language|exact_player_name","true","Northern Territory News","Wed, 15 Feb 2017 11:30:00 GMT","player_focused_candidate_needs_article_review","James Tedesco set to sign NRL contract extension with Wests Tigers","https://www.ntnews.com.au/sport/nrl/james-tedesco-set-to-sign-nrl-contract-extension-with-wests-tigers/news-story/3f378140b39d1df6f9de7d12174d7cb6","http://www.bing.com/news/apiclick.aspx?ref=FexRss&aid=&tid=6a52f79cb5b2440eb79de99cf2882917&url=https%3a%2f%2fwww.ntnews.com.au%2fsport%2fnrl%2fjames-tedesco-set-to-sign-nrl-contract-extension-with-wests-tigers%2fnews-story%2f3f378140b39d1df6f9de7d12174d7cb6&c=11101188909338102306&mkt=en-au","","https://www.ntnews.com.au/sport/nrl/james-tedesco-set-to-sign-nrl-contract-extension-with-wests-tigers/news-story/3f378140b39d1df6f9de7d12174d7cb6","false","THE first piece in the Wests Tigers’ salary cap jigsaw is set to fall into place with the club tantalisingly close to re-signing James Tedesco to a long-term deal. Tedesco is poised to sign a ..."
"syd","Sydney Roosters","James Tedesco","backup_baseline","3","adelaidenow.com.au","27","money|exact_player_name","true","Adelaide Now","Sat, 27 Jun 2026 16:52:00 GMT","player_focused_candidate_needs_article_review","The $6m men: Eye-watering numbers set to make Luke Keary and James Tedesco Roosters for life","https://www.adelaidenow.com.au/sport/nrl/nrl-2020-luke-keary-james-tedesco-sydney-roosters-contract-signing-trent-robinson-nick-politis/news-story/a19541101503b51a376481ae6390f827","http://www.bing.com/news/apiclick.aspx?ref=FexRss&aid=&tid=6a52f79cb5b2440eb79de99cf2882917&url=https%3a%2f%2fwww.adelaidenow.com.au%2fsport%2fnrl%2fnrl-2020-luke-keary-james-tedesco-sydney-roosters-contract-signing-trent-robinson-nick-politis%2fnews-story%2fa19541101503b51a376481ae6390f827&c=14776170846151909947&mkt=en-au","","https://www.adelaidenow.com.au/sport/nrl/nrl-2020-luke-keary-james-tedesco-sydney-roosters-contract-signing-trent-robinson-nick-politis/news-story/a19541101503b51a376481ae6390f827","false","The Roosters are set to lock up star duo Luke Keary and James Tedesco on monster contracts to ensure they remain at the Tri-colours for the rest of their careers. Any hope the Roosters era of ..."
"syd","Sydney Roosters","James Tedesco","backup_baseline","4","themercury.com.au","27","contract_language|exact_player_name","true","The Mercury","Sat, 12 Sep 2020 14:59:00 GMT","player_focused_candidate_needs_article_review","James Tedesco’s monster Roosters deal revealed","https://www.themercury.com.au/sport/james-tedescos-monster-roosters-deal-revealed/news-story/f347515776ec52437ae59de1374ebed4","http://www.bing.com/news/apiclick.aspx?ref=FexRss&aid=&tid=6a52f79cb5b2440eb79de99cf2882917&url=https%3a%2f%2fwww.themercury.com.au%2fsport%2fjames-tedescos-monster-roosters-deal-revealed%2fnews-story%2ff347515776ec52437ae59de1374ebed4&c=6435279544149999791&mkt=en-au","","https://www.themercury.com.au/sport/james-tedescos-monster-roosters-deal-revealed/news-story/f347515776ec52437ae59de1374ebed4","false","The champion fullback will join the likes of Manly’s Kangaroos half Daly Cherry-Evans and Gold Coast Titans recruit David Fifita as the highest paid players in the NRL. It comes a fortnight after the ..."
"syd","Sydney Roosters","James Tedesco","backup_baseline","5","msn.com","3","money|contract_language|context_or_team_article","false","Man of Many on MSN","Tue, 30 Jun 2026 15:06:27 GMT","context_only_untrusted_domain","10 highest paid NRL players for 2026","https://www.msn.com/en-au/sport/rugby_league/10-highest-paid-nrl-players-for-2026/ar-AA2719cA","http://www.bing.com/news/apiclick.aspx?ref=FexRss&aid=&tid=6a52f79cb5b2440eb79de99cf2882917&url=https%3a%2f%2fwww.msn.com%2fen-au%2fsport%2frugby_league%2f10-highest-paid-nrl-players-for-2026%2far-AA2719cA&c=3173818839366038056&mkt=en-au","","https://www.msn.com/en-au/sport/rugby_league/10-highest-paid-nrl-players-for-2026/ar-AA2719cA","false","Driven by expanding club salary caps, rugby league’s elite stars are securing record-shattering paydays for the 2026 NRL season. Led by Dylan Brown’s historic $13 million move, this list looks at the ..."
"syd","Sydney Roosters","James Tedesco","backup_baseline","6","msn.com","3","money|contract_language|context_or_team_article","false","The Sydney Morning Herald on MSN","Tue, 30 Jun 2026 21:37:58 GMT","context_only_untrusted_domain","New broadcast deal could push NRL salary cap up to $20m by 2028","https://www.msn.com/en-au/news/australia/new-broadcast-deal-could-push-nrl-salary-cap-up-to-20m-by-2028/ar-AA26H5IM","http://www.bing.com/news/apiclick.aspx?ref=FexRss&aid=&tid=6a52f79d6a2a44f8954d41d9cd04ffc4&url=https%3a%2f%2fwww.msn.com%2fen-au%2fnews%2faustralia%2fnew-broadcast-deal-could-push-nrl-salary-cap-up-to-20m-by-2028%2far-AA26H5IM&c=15095945392879639673&mkt=en-au","","https://www.msn.com/en-au/news/australia/new-broadcast-deal-could-push-nrl-salary-cap-up-to-20m-by-2028/ar-AA26H5IM","false","A rich new broadcast deal means more money coming into the game. The biggest winners will be the star players, who could soon demand up to $2 million per season."
"syd","Sydney Roosters","James Tedesco","backup_baseline","7","loverugbyleague.com","0","contract_language|context_or_team_article","false","LoveRugbyLeague","Sun, 28 Jun 2026 02:58:00 GMT","context_only_untrusted_domain","NRL salary cap to go up AGAIN as Super League gulf widens further","https://www.loverugbyleague.com/post/nrl-salary-cap-to-go-up-again-as-super-league-gulf-widens-further","http://www.bing.com/news/apiclick.aspx?ref=FexRss&aid=&tid=6a52f79d6a2a44f8954d41d9cd04ffc4&url=https%3a%2f%2fwww.loverugbyleague.com%2fpost%2fnrl-salary-cap-to-go-up-again-as-super-league-gulf-widens-further&c=2927841752005492089&mkt=en-au","","https://www.loverugbyleague.com/post/nrl-salary-cap-to-go-up-again-as-super-league-gulf-widens-further","false","The NRL's salary cap will reach astronomical new heights as a result of its latest broadcast deal: leaving Super League trailing behind."
"syd","Sydney Roosters","James Tedesco","backup_baseline","8","msn.com","0","contract_language|context_or_team_article","false","LoveRugbyLeague on MSN","Sun, 28 Jun 2026 01:58:52 GMT","context_only_untrusted_domain","NRL salary cap to go up again as Super League gulf widens further","https://www.msn.com/en-us/sports/rugbyleague/nrl-salary-cap-to-go-up-again-as-super-league-gulf-widens-further/ar-AA26IFdE","http://www.bing.com/news/apiclick.aspx?ref=FexRss&aid=&tid=6a52f79d093547a69dcd533f7ab689c8&url=https%3a%2f%2fwww.msn.com%2fen-us%2fsports%2frugbyleague%2fnrl-salary-cap-to-go-up-again-as-super-league-gulf-widens-further%2far-AA26IFdE&c=16124994384162648722&mkt=en-au","","https://www.msn.com/en-us/sports/rugbyleague/nrl-salary-cap-to-go-up-again-as-super-league-gulf-widens-further/ar-AA26IFdE","false","The difference is stark."
"syd","Sydney Roosters","Daniel Tupou","backup_baseline","","","","","","","","no_candidate_found","","","","","","",""
"syd","Sydney Roosters","Billy Smith","backup_baseline","","","","","","","","no_candidate_found","","","","","","",""
"syd","Sydney Roosters","Robert Toia","backup_baseline","","","","","","","","no_candidate_found","","","","","","",""
"syd","Sydney Roosters","Mark Nawaqanitawase","backup_baseline","1","dailytelegraph.com.au","27","exact_player_name","true","The Daily Telegraph","Tue, 23 Jun 2026 08:59:00 GMT","player_focused_candidate_needs_article_review","Wallabies plan spring tour return for Mark Nawaqanitawase after freakish NRL performances","https://www.dailytelegraph.com.au/sport/rugby/wallabies-plan-spring-tour-return-for-mark-nawaqanitawase-after-freakish-nrl-performances/news-story/20ecbbeb8b766bd16564934a88377a1d","http://www.bing.com/news/apiclick.aspx?ref=FexRss&aid=&tid=6a52f7b7ff30410e862edbef408d8e97&url=https%3a%2f%2fwww.dailytelegraph.com.au%2fsport%2frugby%2fwallabies-plan-spring-tour-return-for-mark-nawaqanitawase-after-freakish-nrl-performances%2fnews-story%2f20ecbbeb8b766bd16564934a88377a1d&c=3625609371741414315&mkt=en-au","","https://www.dailytelegraph.com.au/sport/rugby/wallabies-plan-spring-tour-return-for-mark-nawaqanitawase-after-freakish-nrl-performances/news-story/20ecbbeb8b766bd16564934a88377a1d","false","Nawaqanitawase has represented the Kangaroos and last week had a brilliant performance for NSW in State of Origin, as he prepares to finish the NRL season with Sydney Roosters before returning to ..."
"syd","Sydney Roosters","Mark Nawaqanitawase","backup_baseline","2","theaustralian.com.au","24","exact_player_name","true","The Australian","Sat, 20 Jun 2026 17:00:00 GMT","player_focused_candidate_needs_article_review","Mark Nawaqanitawase and Ronaldo Mulitalo wage war in Sydney Roosters’ 27-8 win over Cronulla","https://www.theaustralian.com.au/sport/nrl/mark-nawaqanitawase-and-ronaldo-mulitalo-wage-war-in-sydney-roosters-278-win-over-cronulla/news-story/5301c07e231ad7f68f46ea39ea980a02","http://www.bing.com/news/apiclick.aspx?ref=FexRss&aid=&tid=6a52f7b76069432a92a617ade01026c7&url=https%3a%2f%2fwww.theaustralian.com.au%2fsport%2fnrl%2fmark-nawaqanitawase-and-ronaldo-mulitalo-wage-war-in-sydney-roosters-278-win-over-cronulla%2fnews-story%2f5301c07e231ad7f68f46ea39ea980a02&c=4203430437900923700&mkt=en-au","","https://www.theaustralian.com.au/sport/nrl/mark-nawaqanitawase-and-ronaldo-mulitalo-wage-war-in-sydney-roosters-278-win-over-cronulla/news-story/5301c07e231ad7f68f46ea39ea980a02","false","The Roosters skipper got through more towels than a synchronised swimming team at the Olympics as he attempted to stem the bleeding from a suspected broken nose at Allianz Stadium as his team produced ..."
"syd","Sydney Roosters","Mark Nawaqanitawase","backup_baseline","3","au.sports.yahoo.com","24","exact_player_name","true","Yahoo Sports Australia","Sat, 04 Jul 2026 22:14:00 GMT","player_focused_candidate_needs_article_review","Politis reveals Roosters’ future intentions for Mark Nawaqanitawase","https://au.sports.yahoo.com/politis-reveals-roosters-future-intentions-051459402.html","http://www.bing.com/news/apiclick.aspx?ref=FexRss&aid=&tid=6a52f7b7f3764e81877d88bf0116201f&url=https%3a%2f%2fau.sports.yahoo.com%2fpolitis-reveals-roosters-future-intentions-051459402.html&c=15619254611648282277&mkt=en-au","","https://au.sports.yahoo.com/politis-reveals-roosters-future-intentions-051459402.html","false","The Sydney Roosters have confirmed they will be chasing a return to the club for the code-hopping Mark Nawaqanitawase. The star winger played for Australia in last year's Ashes series and debuted for ..."
"syd","Sydney Roosters","Mark Nawaqanitawase","backup_baseline","4","au.sports.yahoo.com","23","contract_language|exact_player_name","true","Yahoo Sports Australia","Mon, 06 Jul 2026 02:08:00 GMT","player_focused_candidate_needs_article_review","Nawaqanitawase speaks after future contract speculation","https://au.sports.yahoo.com/nawaqanitawase-speaks-future-contract-speculation-090751631.html","http://www.bing.com/news/apiclick.aspx?ref=FexRss&aid=&tid=6a52f7b76069432a92a617ade01026c7&url=https%3a%2f%2fau.sports.yahoo.com%2fnawaqanitawase-speaks-future-contract-speculation-090751631.html&c=12692832567651076727&mkt=en-au","","https://au.sports.yahoo.com/nawaqanitawase-speaks-future-contract-speculation-090751631.html","false","Sydney Roosters winger Mark Nawaqanitawase has revealed he is open to the idea of returning to rugby league at the end of his rugby union deal, and that the idea of playing State of Origin again could ..."
"syd","Sydney Roosters","Daly Cherry-Evans","backup_baseline","1","smh.com.au","33","money|contract_language|exact_player_name","true","Sydney Morning Herald","Thu, 04 Jun 2015 16:34:00 GMT","player_focused_candidate_needs_article_review","Why Daly Cherry-Evans is a $10 million gamble for Manly Sea Eagles","https://www.smh.com.au/sport/nrl/why-daly-cherryevans-is-a-10-million-gamble-for-manly-sea-eagles-20150604-ghgrho.html","http://www.bing.com/news/apiclick.aspx?ref=FexRss&aid=&tid=6a52f7bedfb447978c43ab074fd0423e&url=https%3a%2f%2fwww.smh.com.au%2fsport%2fnrl%2fwhy-daly-cherryevans-is-a-10-million-gamble-for-manly-sea-eagles-20150604-ghgrho.html&c=3335117942346688566&mkt=en-au","","https://www.smh.com.au/sport/nrl/why-daly-cherryevans-is-a-10-million-gamble-for-manly-sea-eagles-20150604-ghgrho.html","false","Manly would have to pay out the full amount of Daly Cherry-Evans' record $10 million contract if the star playmaker was to suffer a career-ending injury at any time during the next eight seasons. By ..."
"syd","Sydney Roosters","Daly Cherry-Evans","backup_baseline","2","themercury.com.au","23","contract_language|exact_player_name","true","The Mercury","Sat, 12 Sep 2020 14:59:00 GMT","player_focused_candidate_needs_article_review","James Tedesco’s monster Roosters deal revealed","https://www.themercury.com.au/sport/james-tedescos-monster-roosters-deal-revealed/news-story/f347515776ec52437ae59de1374ebed4","http://www.bing.com/news/apiclick.aspx?ref=FexRss&aid=&tid=6a52f7bc164f47268060711b0897c6ca&url=https%3a%2f%2fwww.themercury.com.au%2fsport%2fjames-tedescos-monster-roosters-deal-revealed%2fnews-story%2ff347515776ec52437ae59de1374ebed4&c=6435279544149999791&mkt=en-au","","https://www.themercury.com.au/sport/james-tedescos-monster-roosters-deal-revealed/news-story/f347515776ec52437ae59de1374ebed4","false","The champion fullback will join the likes of Manly’s Kangaroos half Daly Cherry-Evans and Gold Coast Titans recruit David Fifita as the highest paid players in the NRL. It comes a fortnight after the ..."
"syd","Sydney Roosters","Daly Cherry-Evans","backup_baseline","3","dailytelegraph.com.au","7","contract_language|context_or_team_article","false","The Daily Telegraph","Wed, 03 Jun 2015 09:04:00 GMT","team_or_context_candidate_needs_article_review","DCE decision: Greg Inglis, James Tedesco, Tim Moltzen and other NRL contract backflips","https://www.dailytelegraph.com.au/sport/nrl/dce-decision-greg-inglis-james-tedesco-tim-moltzen-and-other-nrl-contract-backflips/news-story/957549a1a232b5166efcb9736132e0f6","http://www.bing.com/news/apiclick.aspx?ref=FexRss&aid=&tid=6a52f7bedfb447978c43ab074fd0423e&url=https%3a%2f%2fwww.dailytelegraph.com.au%2fsport%2fnrl%2fdce-decision-greg-inglis-james-tedesco-tim-moltzen-and-other-nrl-contract-backflips%2fnews-story%2f957549a1a232b5166efcb9736132e0f6&c=1180059381611736483&mkt=en-au","","https://www.dailytelegraph.com.au/sport/nrl/dce-decision-greg-inglis-james-tedesco-tim-moltzen-and-other-nrl-contract-backflips/news-story/957549a1a232b5166efcb9736132e0f6","false","Now that the NRL has scrapped the controversial Round 13 rule, these backflips should become a thing of the past but as you can see, the DCE decision may have been the straw that broke the camels back ..."
"syd","Sydney Roosters","Sam Walker","backup_baseline","1","foxsports.com.au","32","money|contract_language|exact_player_name","true","FOX SPORTS","Thu, 02 Jul 2026 13:45:00 GMT","player_focused_candidate_needs_article_review","Revealed: Sam Walker’s stunning contract demand puts Roosters on alert as NRL feeding feenzy looms","https://www.foxsports.com.au/nrl/nrl-premiership/weve-had-conversations-club-confirms-interest-in-eels-veteran-chiefs-eye-another-target/news-story/fa96e1a5e77736ee8e77d34fe56408fe","http://www.bing.com/news/apiclick.aspx?ref=FexRss&aid=&tid=6a52f7c405a744bb929cf2e3495ab772&url=https%3a%2f%2fwww.foxsports.com.au%2fnrl%2fnrl-premiership%2fweve-had-conversations-club-confirms-interest-in-eels-veteran-chiefs-eye-another-target%2fnews-story%2ffa96e1a5e77736ee8e77d34fe56408fe&c=13546598438509679768&mkt=en-au","","https://www.foxsports.com.au/nrl/nrl-premiership/weve-had-conversations-club-confirms-interest-in-eels-veteran-chiefs-eye-another-target/news-story/fa96e1a5e77736ee8e77d34fe56408fe","false","Roosters and Maroons star Sam Walker is reportedly seeking at least $1.2 million a season from his next contract. Walker is free to speak with rival clubs from November 1 with his ..."
"syd","Sydney Roosters","Sam Walker","backup_baseline","2","dailytelegraph.com.au","30","money|exact_player_name","true","Daily Telegraph","Wed, 01 Jul 2026 11:32:00 GMT","player_focused_candidate_needs_article_review","Sam Walker seeking $6 million pay-day as star Rooster prepares for free agency","https://www.dailytelegraph.com.au/sport/nrl/sam-walker-seeking-6-million-payday-as-star-rooster-prepares-for-free-agency/news-story/0646a36ccb4ea29684de5e6cf10fe500","http://www.bing.com/news/apiclick.aspx?ref=FexRss&aid=&tid=6a52f7c485e64acaae488df0daf5325b&url=https%3a%2f%2fwww.dailytelegraph.com.au%2fsport%2fnrl%2fsam-walker-seeking-6-million-payday-as-star-rooster-prepares-for-free-agency%2fnews-story%2f0646a36ccb4ea29684de5e6cf10fe500&c=6275330989709585443&mkt=en-au","","https://www.dailytelegraph.com.au/sport/nrl/sam-walker-seeking-6-million-payday-as-star-rooster-prepares-for-free-agency/news-story/0646a36ccb4ea29684de5e6cf10fe500","false","The Sydney Roosters are facing a $6 million battle to retain Sam Walker with Queensland’s man-of-the-moment prepared to head to free agency."
"syd","Sydney Roosters","Sam Walker","backup_baseline","3","au.sports.yahoo.com","30","contract_language|term_language|exact_player_name","true","Yahoo Sports Australia","Thu, 02 Jul 2026 15:03:00 GMT","player_focused_candidate_needs_article_review","Sam Walker set for hefty pay-day as November 1 looms","https://au.sports.yahoo.com/sam-walker-set-hefty-pay-220458534.html","http://www.bing.com/news/apiclick.aspx?ref=FexRss&aid=&tid=6a52f7c485e64acaae488df0daf5325b&url=https%3a%2f%2fau.sports.yahoo.com%2fsam-walker-set-hefty-pay-220458534.html&c=630292908021835862&mkt=en-au","","https://au.sports.yahoo.com/sam-walker-set-hefty-pay-220458534.html","false","Sydney Roosters halfback Sam Walker is poised to become one of the highest-paid NRL players when he signs his next contract. Walker is off contract at the end of 2027, meaning the Roosters have until ..."
"syd","Sydney Roosters","Sam Walker","backup_baseline","4","dailytelegraph.com.au","30","contract_language|exact_player_name","true","Daily Telegraph","Mon, 06 Jul 2026 11:32:00 GMT","player_focused_candidate_needs_article_review","Sam Walker on brink of Roosters deal and Australian team call-up – if they can clear final hurdle","https://www.dailytelegraph.com.au/sport/nrl/sam-walker-on-brink-of-roosters-deal-and-australian-team-callup-if-they-can-clear-final-hurdle/news-story/43bd22906dc1508ca3b695be8310d635","http://www.bing.com/news/apiclick.aspx?ref=FexRss&aid=&tid=6a52f7c485e64acaae488df0daf5325b&url=https%3a%2f%2fwww.dailytelegraph.com.au%2fsport%2fnrl%2fsam-walker-on-brink-of-roosters-deal-and-australian-team-callup-if-they-can-clear-final-hurdle%2fnews-story%2f43bd22906dc1508ca3b695be8310d635&c=8136138050422427603&mkt=en-au","","https://www.dailytelegraph.com.au/sport/nrl/sam-walker-on-brink-of-roosters-deal-and-australian-team-callup-if-they-can-clear-final-hurdle/news-story/43bd22906dc1508ca3b695be8310d635","false","Sam Walker’s State of Origin decider could deliver him a small fortune and an Australian World Cup jersey – but his re-signing at the Roosters hinges on one major concession. The only sticking point ..."
"syd","Sydney Roosters","Sam Walker","backup_baseline","5","foxsports.com.au","28","money|contract_language|exact_player_name","true","FOX SPORTS","Mon, 06 Jul 2026 17:23:00 GMT","player_focused_candidate_needs_article_review","‘We aren’t sure’: Sticking point in fresh $1.5m Walker negotiations... as huge Roosters ‘risk’ emerges","https://www.foxsports.com.au/nrl/nrl-premiership/nrl-2026-sam-walker-contract-negotiations-sydney-roosters-queensland-maroons-value-market-value-signings-transfers-nrl360-news-videos/news-story/4de01a66bed750978b1e992f44c31efb","http://www.bing.com/news/apiclick.aspx?ref=FexRss&aid=&tid=6a52f7c485e64acaae488df0daf5325b&url=https%3a%2f%2fwww.foxsports.com.au%2fnrl%2fnrl-premiership%2fnrl-2026-sam-walker-contract-negotiations-sydney-roosters-queensland-maroons-value-market-value-signings-transfers-nrl360-news-videos%2fnews-story%2f4de01a66bed750978b1e992f44c31efb&c=17797858705791573406&mkt=en-au","","https://www.foxsports.com.au/nrl/nrl-premiership/nrl-2026-sam-walker-contract-negotiations-sydney-roosters-queensland-maroons-value-market-value-signings-transfers-nrl360-news-videos/news-story/4de01a66bed750978b1e992f44c31efb","false","The Roosters and Sam Walker have reportedly hit a stumbling block in their contract negotiations — and it all comes down to his market value. There’s a genuine shortage of eli ..."
"syd","Sydney Roosters","Sam Walker","backup_baseline","6","au.sports.yahoo.com","27","contract_language|exact_player_name","true","Yahoo Sports Australia","Wed, 24 Jun 2026 23:41:00 GMT","player_focused_candidate_needs_article_review","Roosters set to progress contract talks with Sam Walker","https://au.sports.yahoo.com/roosters-set-progress-contract-talks-064142724.html","http://www.bing.com/news/apiclick.aspx?ref=FexRss&aid=&tid=6a52f7c405a744bb929cf2e3495ab772&url=https%3a%2f%2fau.sports.yahoo.com%2froosters-set-progress-contract-talks-064142724.html&c=12247900991717165505&mkt=en-au","","https://au.sports.yahoo.com/roosters-set-progress-contract-talks-064142724.html","false","Sam Walker's Origin success is turning into a very expensive showcase. The Sydney Morning Herald has reported that the Sydney Roosters are bracing to enter contract talks with their 24-year-old ..."
"syd","Sydney Roosters","Sam Walker","backup_baseline","7","theaustralian.com.au","27","contract_language|exact_player_name","true","The Australian","Mon, 06 Jul 2026 22:31:00 GMT","player_focused_candidate_needs_article_review","Sam Walker on brink of Roosters deal and Australian team call-up – if they can clear final hurdle","https://www.theaustralian.com.au/sport/nrl/sam-walker-on-brink-of-roosters-deal-and-australian-team-callup-if-they-can-clear-final-hurdle/news-story/43bd22906dc1508ca3b695be8310d635","http://www.bing.com/news/apiclick.aspx?ref=FexRss&aid=&tid=6a52f7c405a744bb929cf2e3495ab772&url=https%3a%2f%2fwww.theaustralian.com.au%2fsport%2fnrl%2fsam-walker-on-brink-of-roosters-deal-and-australian-team-callup-if-they-can-clear-final-hurdle%2fnews-story%2f43bd22906dc1508ca3b695be8310d635&c=4018046842605920474&mkt=en-au","","https://www.theaustralian.com.au/sport/nrl/sam-walker-on-brink-of-roosters-deal-and-australian-team-callup-if-they-can-clear-final-hurdle/news-story/43bd22906dc1508ca3b695be8310d635","false","Schifcofske has annoyed the tricolours with his media posturing regarding a new contract and his threat of taking the 24-year-old to the open market. Gillis is in a sweet position, as he also manages ..."
"syd","Sydney Roosters","Sam Walker","backup_baseline","8","theaustralian.com.au","27","money|exact_player_name","true","The Australian","Wed, 01 Jul 2026 22:32:00 GMT","player_focused_candidate_needs_article_review","Sam Walker seeking $6 million pay-day as star Rooster prepares for free agency","https://www.theaustralian.com.au/sport/nrl/sam-walker-seeking-6-million-payday-as-star-rooster-prepares-for-free-agency/news-story/0646a36ccb4ea29684de5e6cf10fe500","http://www.bing.com/news/apiclick.aspx?ref=FexRss&aid=&tid=6a52f7c405a744bb929cf2e3495ab772&url=https%3a%2f%2fwww.theaustralian.com.au%2fsport%2fnrl%2fsam-walker-seeking-6-million-payday-as-star-rooster-prepares-for-free-agency%2fnews-story%2f0646a36ccb4ea29684de5e6cf10fe500&c=9781222202754685710&mkt=en-au","","https://www.theaustralian.com.au/sport/nrl/sam-walker-seeking-6-million-payday-as-star-rooster-prepares-for-free-agency/news-story/0646a36ccb4ea29684de5e6cf10fe500","false","The Sydney Roosters are facing a $6 million battle to retain Sam Walker with Queensland’s man-of-the-moment prepared to head to free agency."
"syd","Sydney Roosters","Sam Walker","backup_baseline","9","couriermail.com.au","27","money|exact_player_name","true","The Courier Mail","Wed, 01 Jul 2026 12:02:00 GMT","player_focused_candidate_needs_article_review","Sam Walker seeking $6 million pay-day as star Rooster prepares for free agency","https://www.couriermail.com.au/sport/nrl/sam-walker-seeking-6-million-payday-as-star-rooster-prepares-for-free-agency/news-story/0646a36ccb4ea29684de5e6cf10fe500","http://www.bing.com/news/apiclick.aspx?ref=FexRss&aid=&tid=6a52f7c50c044f06b8853f03cb991c84&url=https%3a%2f%2fwww.couriermail.com.au%2fsport%2fnrl%2fsam-walker-seeking-6-million-payday-as-star-rooster-prepares-for-free-agency%2fnews-story%2f0646a36ccb4ea29684de5e6cf10fe500&c=6238733004686015302&mkt=en-au","","https://www.couriermail.com.au/sport/nrl/sam-walker-seeking-6-million-payday-as-star-rooster-prepares-for-free-agency/news-story/0646a36ccb4ea29684de5e6cf10fe500","false","The Sydney Roosters are facing a $6 million battle to retain Sam Walker with Queensland’s man-of-the-moment prepared to head to free agency."
"syd","Sydney Roosters","Sam Walker","backup_baseline","10","au.sports.yahoo.com","27","contract_language|exact_player_name","true","Yahoo Sports Australia","Wed, 01 Jul 2026 09:41:00 GMT","player_focused_candidate_needs_article_review","Sam Walker’s brother earns first official NRL contract","https://au.sports.yahoo.com/sam-walker-brother-earns-first-234153335.html","http://www.bing.com/news/apiclick.aspx?ref=FexRss&aid=&tid=6a52f7c7337e41afad844711ae842027&url=https%3a%2f%2fau.sports.yahoo.com%2fsam-walker-brother-earns-first-234153335.html&c=13331607655777580031&mkt=en-au","","https://au.sports.yahoo.com/sam-walker-brother-earns-first-234153335.html","false","Sam Walker's brother, Tyson Walker, has earned his first NRL contract, signing an officially upgraded train and trial deal with the North Queensland Cowboys. He has been progressing through the club's ..."
"syd","Sydney Roosters","Sam Walker","backup_baseline","11","zerotackle.com","27","contract_language|exact_player_name","true","zerotackle","Thu, 25 Jun 2026 09:41:00 GMT","player_focused_candidate_needs_article_review","Roosters set to progress contract talks with Sam Walker","https://www.zerotackle.com/roosters-set-to-progress-contract-talks-with-sam-walker-235256/","http://www.bing.com/news/apiclick.aspx?ref=FexRss&aid=&tid=6a52f7c750044daab82c06a9be1f1a88&url=https%3a%2f%2fwww.zerotackle.com%2froosters-set-to-progress-contract-talks-with-sam-walker-235256%2f&c=10023359686151422837&mkt=en-au","","https://www.zerotackle.com/roosters-set-to-progress-contract-talks-with-sam-walker-235256/","false","Sam Walker's Origin success is turning into a very expensive showcase. The Sydney Morning Herald has reported that the Sydney Roosters are bracing to enter contract talks with their 24-year-old ..."
"syd","Sydney Roosters","Sam Walker","backup_baseline","12","au.news.yahoo.com","27","contract_language|exact_player_name","true","Yahoo News Australia","Tue, 19 May 2026 17:00:00 GMT","player_focused_candidate_needs_article_review","Nathan Cleary and Sam Walker contract twist, Roosters star tipped to sign with two new NRL teams","https://au.news.yahoo.com/nathan-cleary-and-sam-walker-contract-twist-roosters-star-tipped-to-sign-with-two-new-nrl-teams-020512722.html","http://www.bing.com/news/apiclick.aspx?ref=FexRss&aid=&tid=6a52f7c750044daab82c06a9be1f1a88&url=https%3a%2f%2fau.news.yahoo.com%2fnathan-cleary-and-sam-walker-contract-twist-roosters-star-tipped-to-sign-with-two-new-nrl-teams-020512722.html&c=1977659421350080767&mkt=en-au","","https://au.news.yahoo.com/nathan-cleary-and-sam-walker-contract-twist-roosters-star-tipped-to-sign-with-two-new-nrl-teams-020512722.html","false","Add Yahoo as a preferred source to see more of our stories on Google. Sam Walker’s State of Origin debut is being tipped to be an audition for a new Roosters contract. And if it doesn’t pan out well ..."
"syd","Sydney Roosters","Naufahu Whyte","backup_baseline","","","","","","","","no_candidate_found","","","","","","",""
"syd","Sydney Roosters","Reece Robson","backup_baseline","1","7news.com.au","7","money|contract_language|context_or_team_article","false","7NEWS Australia","Fri, 28 Oct 2022 02:27:00 GMT","team_or_context_candidate_needs_article_review","Ultimate NRL free agency preview: Your club’s out-of-contract stars and where they could end up","https://7news.com.au/sport/rugby-league/ultimate-nrl-free-agency-preview-your-clubs-out-of-contract-stars-and-where-they-could-end-up-c-8677336","http://www.bing.com/news/apiclick.aspx?ref=FexRss&aid=&tid=6a52f7d4658e4f5592f793bf120da09e&url=https%3a%2f%2f7news.com.au%2fsport%2frugby-league%2fultimate-nrl-free-agency-preview-your-clubs-out-of-contract-stars-and-where-they-could-end-up-c-8677336&c=143273184193222445&mkt=en-au","","https://7news.com.au/sport/rugby-league/ultimate-nrl-free-agency-preview-your-clubs-out-of-contract-stars-and-where-they-could-end-up-c-8677336","false","Over $50 million worth of player talent will be free to negotiate with clubs for season 2024 and beyond when the NRL free agency period begins on November 1. Latrell Mitchell, Mit ..."
"syd","Sydney Roosters","Lindsay Collins","backup_baseline","","","","","","","","no_candidate_found","","","","","","",""
"syd","Sydney Roosters","Angus Crichton","backup_baseline","1","smh.com.au","30","contract_language|exact_player_name","true","Sydney Morning Herald","Sat, 28 Oct 2023 22:45:00 GMT","player_focused_candidate_needs_article_review","Rugby Australia’s woes have cost the code Angus Crichton","https://www.smh.com.au/sport/nrl/rugby-australia-s-woes-have-cost-the-code-angus-crichton-20231027-p5efpc.html","http://www.bing.com/news/apiclick.aspx?ref=FexRss&aid=&tid=6a52f7ded513440d80e0149501df7742&url=https%3a%2f%2fwww.smh.com.au%2fsport%2fnrl%2frugby-australia-s-woes-have-cost-the-code-angus-crichton-20231027-p5efpc.html&c=7512510622419526180&mkt=en-au","","https://www.smh.com.au/sport/nrl/rugby-australia-s-woes-have-cost-the-code-angus-crichton-20231027-p5efpc.html","false","Angus Crichton has abandoned his Australian rugby union dream, placing further pressure on the Roosters and their already bulging salary cap. Crichton’s management in the end found dealing with Rugby ..."
"syd","Sydney Roosters","Angus Crichton","backup_baseline","2","townsvillebulletin.com.au","24","exact_player_name","true","Townsville Bulletin","Sun, 07 Jun 2026 03:33:00 GMT","player_focused_candidate_needs_article_review","NRL 2021: Angus Crichton talks contracts and billing Boyd’s boots at the Roosters","https://www.townsvillebulletin.com.au/sport/nrl/nrl-contract-news-roosters-in-race-to-secure-offcontract-sam-walker/news-story/28f624c37b52434328098f393de99284","http://www.bing.com/news/apiclick.aspx?ref=FexRss&aid=&tid=6a52f7dd6c8d4d178e924b4179f8645b&url=https%3a%2f%2fwww.townsvillebulletin.com.au%2fsport%2fnrl%2fnrl-contract-news-roosters-in-race-to-secure-offcontract-sam-walker%2fnews-story%2f28f624c37b52434328098f393de99284&c=15898401009756539884&mkt=en-au","","https://www.townsvillebulletin.com.au/sport/nrl/nrl-contract-news-roosters-in-race-to-secure-offcontract-sam-walker/news-story/28f624c37b52434328098f393de99284","false","But just months after the Sydney Roosters were called out shopping Angus Crichton to rival clubs, the powerhouse backrower has vowed: “I don’t want to leave”. And Crichton says he now wants to lock up ..."
"syd","Sydney Roosters","Siua Wong","backup_baseline","","","","","","","","no_candidate_found","","","","","","",""
"syd","Sydney Roosters","Victor Radley","backup_baseline","1","7news.com.au","7","money|contract_language|context_or_team_article","false","7NEWS Australia","Fri, 28 Oct 2022 02:27:00 GMT","team_or_context_candidate_needs_article_review","Ultimate NRL free agency preview: Your club’s out-of-contract stars and where they could end up","https://7news.com.au/sport/rugby-league/ultimate-nrl-free-agency-preview-your-clubs-out-of-contract-stars-and-where-they-could-end-up-c-8677336","http://www.bing.com/news/apiclick.aspx?ref=FexRss&aid=&tid=6a52f7ed5ea84718ace81d6e25d1f647&url=https%3a%2f%2f7news.com.au%2fsport%2frugby-league%2fultimate-nrl-free-agency-preview-your-clubs-out-of-contract-stars-and-where-they-could-end-up-c-8677336&c=143273184193222445&mkt=en-au","","https://7news.com.au/sport/rugby-league/ultimate-nrl-free-agency-preview-your-clubs-out-of-contract-stars-and-where-they-could-end-up-c-8677336","false","Over $50 million worth of player talent will be free to negotiate with clubs for season 2024 and beyond when the NRL free agency period begins on November 1. Latrell Mitchell, Mit ..."
"syd","Sydney Roosters","Connor Watson","backup_baseline","1","7news.com.au","7","money|contract_language|context_or_team_article","false","7NEWS Australia","Fri, 28 Oct 2022 02:27:00 GMT","team_or_context_candidate_needs_article_review","Ultimate NRL free agency preview: Your club’s out-of-contract stars and where they could end up","https://7news.com.au/sport/rugby-league/ultimate-nrl-free-agency-preview-your-clubs-out-of-contract-stars-and-where-they-could-end-up-c-8677336","http://www.bing.com/news/apiclick.aspx?ref=FexRss&aid=&tid=6a52f7f4a3964f34be4bd551cc02a23b&url=https%3a%2f%2f7news.com.au%2fsport%2frugby-league%2fultimate-nrl-free-agency-preview-your-clubs-out-of-contract-stars-and-where-they-could-end-up-c-8677336&c=143273184193222445&mkt=en-au","","https://7news.com.au/sport/rugby-league/ultimate-nrl-free-agency-preview-your-clubs-out-of-contract-stars-and-where-they-could-end-up-c-8677336","false","Over $50 million worth of player talent will be free to negotiate with clubs for season 2024 and beyond when the NRL free agency period begins on November 1. Latrell Mitchell, Mit ..."
"syd","Sydney Roosters","Egan Butcher","backup_baseline","","","","","","","","no_candidate_found","","","","","","",""
"syd","Sydney Roosters","Spencer Leniu","backup_baseline","1","dailytelegraph.com.au","30","contract_language|exact_player_name","true","The Daily Telegraph","Fri, 26 Jun 2026 12:08:00 GMT","player_focused_candidate_needs_article_review","Why Spencer Leniu is at the centre of a generational NRL tug-of-war","https://www.dailytelegraph.com.au/sport/nrl/why-spencer-leniu-is-at-the-centre-of-a-generational-nrl-tugofwar/news-story/de8ae35e15058cbaa24ae9b0f4799483","http://www.bing.com/news/apiclick.aspx?ref=FexRss&aid=&tid=6a52f7fd20814c2e9f39ff1665ee223f&url=https%3a%2f%2fwww.dailytelegraph.com.au%2fsport%2fnrl%2fwhy-spencer-leniu-is-at-the-centre-of-a-generational-nrl-tugofwar%2fnews-story%2fde8ae35e15058cbaa24ae9b0f4799483&c=10900282670425239007&mkt=en-au","","https://www.dailytelegraph.com.au/sport/nrl/why-spencer-leniu-is-at-the-centre-of-a-generational-nrl-tugofwar/news-story/de8ae35e15058cbaa24ae9b0f4799483","false","Key factors are aligning in Leniu’s favor, and these aren’t necessarily the Roosters prop’s own doing. First things first, any suggestion that Leniu is a done deal at the Eels is off the mark. He is ..."
"syd","Sydney Roosters","Spencer Leniu","backup_baseline","2","goldcoastbulletin.com.au","24","exact_player_name","true","Gold Coast Sun","Wed, 06 May 2026 05:00:00 GMT","player_focused_candidate_needs_article_review","Spencer Leniu on rival radars as missing minutes hint at Sydney Roosters exit","https://www.goldcoastbulletin.com.au/sport/nrl/spencer-leniu-on-rival-radars-as-missing-minutes-hint-at-sydney-roosters-exit/news-story/bc307ddaccc5e127874089707340b92d","http://www.bing.com/news/apiclick.aspx?ref=FexRss&aid=&tid=6a52f7fd8e874319883fb64b8f4d06b0&url=https%3a%2f%2fwww.goldcoastbulletin.com.au%2fsport%2fnrl%2fspencer-leniu-on-rival-radars-as-missing-minutes-hint-at-sydney-roosters-exit%2fnews-story%2fbc307ddaccc5e127874089707340b92d&c=14491082413354928361&mkt=en-au","","https://www.goldcoastbulletin.com.au/sport/nrl/spencer-leniu-on-rival-radars-as-missing-minutes-hint-at-sydney-roosters-exit/news-story/bc307ddaccc5e127874089707340b92d","false","Whilst Roosters officials are adamant Leniu has not been told that he is free to leave – he is contracted until the end of next year – that hasn’t stopped other clubs from identifying the NSW Origin ..."
"syd","Sydney Roosters","Spencer Leniu","backup_baseline","3","foxsports.com.au","7","contract_language|context_or_team_article","false","Fox Sports","Thu, 14 May 2026 23:54:00 GMT","team_or_context_candidate_needs_article_review","‘Makes me angry’: Leniu addresses contract rumours... and makes selfless Origin call — NRL Daily","https://www.foxsports.com.au/nrl/nrl-premiership/nrl-2026-daily-coachs-instagram-burner-account-revealed-arama-hau-resigns-with-gold-coast-titans-magic-round-11/news-story/eeeec8631f93b1c546ce96a2bfafd66b","http://www.bing.com/news/apiclick.aspx?ref=FexRss&aid=&tid=6a52f7ff751f4cf0a41010f71eaa1f9e&url=https%3a%2f%2fwww.foxsports.com.au%2fnrl%2fnrl-premiership%2fnrl-2026-daily-coachs-instagram-burner-account-revealed-arama-hau-resigns-with-gold-coast-titans-magic-round-11%2fnews-story%2feeeec8631f93b1c546ce96a2bfafd66b&c=15624942681769510240&mkt=en-au","","https://www.foxsports.com.au/nrl/nrl-premiership/nrl-2026-daily-coachs-instagram-burner-account-revealed-arama-hau-resigns-with-gold-coast-titans-magic-round-11/news-story/eeeec8631f93b1c546ce96a2bfafd66b","false","WHAT'S GAMBLING REALLY COSTING YOU? Set a deposit limit. For Free and confidential support call 1800 858 858 or visit gamblinghelponline.org.au. But the 25-year-old shut down any chance of that ..."
"syd","Sydney Roosters","Nat Butcher","backup_baseline","","","","","","","","no_candidate_found","","","","","","",""
"syd","Sydney Roosters","Benaiah Ioelu","bucket_unknown","","","","","","","","no_candidate_found","","","","","","",""
"syd","Sydney Roosters","Blake Steep","bucket_unknown","","","","","","","","no_candidate_found","","","","","","",""
"syd","Sydney Roosters","Cody Ramsey","bucket_unknown","","","","","","","","no_candidate_found","","","","","","",""
"syd","Sydney Roosters","De La Salle Va’a","bucket_unknown","","","","","","","","no_candidate_found","","","","","","",""
"syd","Sydney Roosters","Junior Pauga","bucket_unknown","","","","","","","","no_candidate_found","","","","","","",""
"syd","Sydney Roosters","Hugo Savala","bucket_unknown","","","","","","","","no_candidate_found","","","","","","",""
"syd","Sydney Roosters","Jake Elliott","bucket_unknown","","","","","","","","no_candidate_found","","","","","","",""
"syd","Sydney Roosters","Salesi Foketi","bucket_unknown","","","","","","","","no_candidate_found","","","","","","",""
"syd","Sydney Roosters","Taylor Losalu","bucket_unknown","","","","","","","","no_candidate_found","","","","","","",""
"syd","Sydney Roosters","Toby Rodwell","bucket_unknown","","","","","","","","no_candidate_found","","","","","","",""
"syd","Sydney Roosters","Tommy Talau","bucket_unknown","","","","","","","","no_candidate_found","","","","","","",""
"wst","Wests Tigers","Adam Doueihi","backup_baseline","","","","","","","","no_candidate_found","","","","","","",""
"wst","Wests Tigers","Alex Twal","backup_baseline","1","heraldsun.com.au","24","exact_player_name","true","Herald Sun","Thu, 02 Jul 2026 01:02:00 GMT","player_focused_candidate_needs_article_review","Alex Twal’s vending machine empire setting Tigers star up for life after NRL","https://www.heraldsun.com.au/sport/nrl/alex-twals-vending-machine-empire-setting-tigers-star-up-for-life-after-nrl/news-story/23c30555f44d3f76437bbe565bd49282","http://www.bing.com/news/apiclick.aspx?ref=FexRss&aid=&tid=6a52f8612d794e7f83a5e58e2ff284ab&url=https%3a%2f%2fwww.heraldsun.com.au%2fsport%2fnrl%2falex-twals-vending-machine-empire-setting-tigers-star-up-for-life-after-nrl%2fnews-story%2f23c30555f44d3f76437bbe565bd49282&c=12392059019945302861&mkt=en-au","","https://www.heraldsun.com.au/sport/nrl/alex-twals-vending-machine-empire-setting-tigers-star-up-for-life-after-nrl/news-story/23c30555f44d3f76437bbe565bd49282","false","He trades in his footy boots for chips, chocolate, and Powerade, straight off the back fence and into his side hustle: running a successful vending machine company across Sydney. The days of players ..."
"wst","Wests Tigers","Alex Seyfarth","backup_baseline","","","","","","","","no_candidate_found","","","","","","",""
"wst","Wests Tigers","Apisai Koroisau","cross_referenced_baseline","","","","","","","","no_candidate_found","","","","","","",""
"wst","Wests Tigers","Bunty Afoa","open_unknown","1","weststigers.com.au","24","exact_player_name","true","Wests Tigers","Fri, 03 Jul 2026 07:43:00 GMT","player_focused_candidate_needs_article_review","Special milestone for Bunty Afoa","https://www.weststigers.com.au/news/2026/07/03/special-milestone-for-bunty-afoa/","http://www.bing.com/news/apiclick.aspx?ref=FexRss&aid=&tid=6a52f879bbe442049c55863fbc7f38fa&url=https%3a%2f%2fwww.weststigers.com.au%2fnews%2f2026%2f07%2f03%2fspecial-milestone-for-bunty-afoa%2f&c=8052373415557386118&mkt=en-au","","https://www.weststigers.com.au/news/2026/07/03/special-milestone-for-bunty-afoa/","false","The sacrifice of experienced prop Bunty Afoa to leave his young family in New Zealand to keep his NRL career alive has not been lost on the Wests Tigers."
"wst","Wests Tigers","Fonua Pole","backup_baseline","1","weststigers.com.au","1","context_or_team_article","false","Wests Tigers","Thu, 02 Jul 2026 19:43:00 GMT","team_or_context_candidate_needs_article_review","Special milestone for Bunty Afoa","https://www.weststigers.com.au/news/2026/07/03/special-milestone-for-bunty-afoa/","http://www.bing.com/news/apiclick.aspx?ref=FexRss&aid=&tid=6a52f87fed654f41894e5b3162f907a2&url=https%3a%2f%2fwww.weststigers.com.au%2fnews%2f2026%2f07%2f03%2fspecial-milestone-for-bunty-afoa%2f&c=8052373415557386118&mkt=en-au","","https://www.weststigers.com.au/news/2026/07/03/special-milestone-for-bunty-afoa/","false","The sacrifice of experienced prop Bunty Afoa to leave his young family in New Zealand to keep his NRL career alive has not been lost on the Wests Tigers."
"wst","Wests Tigers","Heamasi Makasini","cross_referenced_baseline","1","au.sports.yahoo.com","27","contract_language|exact_player_name","true","Yahoo Sport Australia","Wed, 27 May 2026 17:00:00 GMT","player_focused_candidate_needs_article_review","Heamasi Makasini makes contract call","https://au.sports.yahoo.com/heamasi-makasini-makes-contract-call-003548366.html","http://www.bing.com/news/apiclick.aspx?ref=FexRss&aid=&tid=6a52f884fa8c4752a99cef0340dfc94d&url=https%3a%2f%2fau.sports.yahoo.com%2fheamasi-makasini-makes-contract-call-003548366.html&c=9577237580432837889&mkt=en-au","","https://au.sports.yahoo.com/heamasi-makasini-makes-contract-call-003548366.html","false","For a club that has endured its share of turbulent years, the emergence of homegrown talent through its own pathways has become one of the most encouraging signs of life at Concord. The latest chapter ..."
"wst","Wests Tigers","Heath Mason","open_unknown","","","","","","","","no_candidate_found","","","","","","",""
"wst","Wests Tigers","Jahream Bula","cross_referenced_baseline","1","smh.com.au","33","contract_language|term_language|exact_player_name","true","Sydney Morning Herald","Sun, 03 May 2026 17:00:00 GMT","player_focused_candidate_needs_article_review","Done deal: Jahream Bula signs with Wests Tigers until end of 2030","https://www.smh.com.au/sport/nrl/done-deal-jahream-bula-signs-with-wests-tigers-until-end-of-2030-20260504-p5ztpk.html","http://www.bing.com/news/apiclick.aspx?ref=FexRss&aid=&tid=6a52f88d456e44ec94f6b9fd8e18febf&url=https%3a%2f%2fwww.smh.com.au%2fsport%2fnrl%2fdone-deal-jahream-bula-signs-with-wests-tigers-until-end-of-2030-20260504-p5ztpk.html&c=5917108015065223954&mkt=en-au","","https://www.smh.com.au/sport/nrl/done-deal-jahream-bula-signs-with-wests-tigers-until-end-of-2030-20260504-p5ztpk.html","false","You have reached your maximum number of saved items. Remove items from your saved list to add more. Jahream Bula will remain at the Wests Tigers until the end of 2030 after inking a new four-year deal ..."
"wst","Wests Tigers","Jahream Bula","cross_referenced_baseline","2","couriermail.com.au","30","contract_language|term_language|exact_player_name","true","The Courier-Mail","Sat, 02 May 2026 18:26:00 GMT","player_focused_candidate_needs_article_review","Wests Tigers fullback Jahream Bula signs four-year contract extension in huge boost for club","https://www.couriermail.com.au/sport/nrl/wests-tigers-lock-down-star-fullback-jahream-bula-on-contract-extension/news-story/2b075b97303f35332304825212bc9074","http://www.bing.com/news/apiclick.aspx?ref=FexRss&aid=&tid=6a52f88d456e44ec94f6b9fd8e18febf&url=https%3a%2f%2fwww.couriermail.com.au%2fsport%2fnrl%2fwests-tigers-lock-down-star-fullback-jahream-bula-on-contract-extension%2fnews-story%2f2b075b97303f35332304825212bc9074&c=8067871803581300767&mkt=en-au","","https://www.couriermail.com.au/sport/nrl/wests-tigers-lock-down-star-fullback-jahream-bula-on-contract-extension/news-story/2b075b97303f35332304825212bc9074","false","The Tigers announced Bula’s re-signing on Tuesday, with the 24-year-old putting pen to paper on a four-year contract which will see him remain at Concord until the end of the 2030 season. The new deal ..."
"wst","Wests Tigers","Jahream Bula","cross_referenced_baseline","3","smh.com.au","30","contract_language|exact_player_name","true","Sydney Morning Herald","Tue, 05 May 2026 04:45:00 GMT","player_focused_candidate_needs_article_review","Clause out: The inside story on how the Tigers retained Jahream Bula","https://www.smh.com.au/sport/nrl/clause-out-the-inside-story-on-how-the-tigers-retained-jahream-bula-20260505-p5zts2.html","http://www.bing.com/news/apiclick.aspx?ref=FexRss&aid=&tid=6a52f88e62e74a8590fa51f46ec0ea8a&url=https%3a%2f%2fwww.smh.com.au%2fsport%2fnrl%2fclause-out-the-inside-story-on-how-the-tigers-retained-jahream-bula-20260505-p5zts2.html&c=18032471963614557548&mkt=en-au","","https://www.smh.com.au/sport/nrl/clause-out-the-inside-story-on-how-the-tigers-retained-jahream-bula-20260505-p5zts2.html","false","For a man who never wanted to leave the club, few contract negotiations in NRL history have endured more false starts, or contained more subtext, than Jahream Bula’s four-year extension at Wests ..."
"wst","Wests Tigers","Jahream Bula","cross_referenced_baseline","4","nrl.com","24","exact_player_name","true","National Rugby League","Thu, 11 Jun 2026 17:00:00 GMT","player_focused_candidate_needs_article_review","LV27 showmen: Jahream Bula","https://www.nrl.com/news/2026/05/20/lv27-showmen-jahream-bula/","http://www.bing.com/news/apiclick.aspx?ref=FexRss&aid=&tid=6a52f8929d8f4c47a68591af782e3569&url=https%3a%2f%2fwww.nrl.com%2fnews%2f2026%2f05%2f20%2flv27-showmen-jahream-bula%2f&c=14220326505816460438&mkt=en-au","","https://www.nrl.com/news/2026/05/20/lv27-showmen-jahream-bula/","false","National Rugby League respects and honours the Traditional Custodians of the land and pay our respects to their Elders past, present and future. We acknowledge the stories, traditions and living ..."
"wst","Wests Tigers","Jarome Luai","cross_referenced_baseline","1","smh.com.au","30","contract_language|exact_player_name","true","The Sydney Morning Herald","Fri, 10 Jul 2026 08:27:00 GMT","player_focused_candidate_needs_article_review","Tigers confirm Jarome Luai is leaving club at end of the season","https://www.smh.com.au/sport/nrl/tigers-confirm-jarome-luai-is-leaving-club-at-end-of-the-season-20260711-p60eil.html","http://www.bing.com/news/apiclick.aspx?ref=FexRss&aid=&tid=6a52f894170b4fb4bf23bd1ddfe8bcba&url=https%3a%2f%2fwww.smh.com.au%2fsport%2fnrl%2ftigers-confirm-jarome-luai-is-leaving-club-at-end-of-the-season-20260711-p60eil.html&c=2798254072477264445&mkt=en-au","","https://www.smh.com.au/sport/nrl/tigers-confirm-jarome-luai-is-leaving-club-at-end-of-the-season-20260711-p60eil.html","false","The Tigers said on Saturday their co-captain would be released from the final year of his contract by mutual agreement."
"wst","Wests Tigers","Jarome Luai","cross_referenced_baseline","2","theaustralian.com.au","27","contract_language|exact_player_name","true","The Australian","Sat, 11 Jul 2026 13:15:00 GMT","player_focused_candidate_needs_article_review","Inside story: Why Wests Tigers chose to sever ties with Jarome Luai early","https://www.theaustralian.com.au/sport/nrl/inside-story-why-wests-tigers-chose-to-sever-ties-with-jarome-luai-early/news-story/05c6f696f00f306ec3131413cb0e79e4","http://www.bing.com/news/apiclick.aspx?ref=FexRss&aid=&tid=6a52f893379c4524bd5d45e907638c2e&url=https%3a%2f%2fwww.theaustralian.com.au%2fsport%2fnrl%2finside-story-why-wests-tigers-chose-to-sever-ties-with-jarome-luai-early%2fnews-story%2f05c6f696f00f306ec3131413cb0e79e4&c=15872195699364542891&mkt=en-au","","https://www.theaustralian.com.au/sport/nrl/inside-story-why-wests-tigers-chose-to-sever-ties-with-jarome-luai-early/news-story/05c6f696f00f306ec3131413cb0e79e4","false","A cryptic Instagram post that confused teammates and angered fans and officials, the prospect of promoting the PNG Chiefs while still on contract, and explosive claims that the star playmaker’s ..."
"wst","Wests Tigers","Jarome Luai","cross_referenced_baseline","3","dailytelegraph.com.au","27","exact_player_name","true","Daily Telegraph","Wed, 08 Jul 2026 17:04:00 GMT","player_focused_candidate_needs_article_review","NRL rocked by Jarome Luai bombshell as Wests Tigers make stunning decision","https://www.dailytelegraph.com.au/sport/nrl/nrl-rocked-by-shock-jarome-luai-bombshell-as-wests-tigers-make-stunning-decision/news-story/c1e79e9251ee4fc027c044430dc97763","http://www.bing.com/news/apiclick.aspx?ref=FexRss&aid=&tid=6a52f893ca8341a1af138e07fdeb243f&url=https%3a%2f%2fwww.dailytelegraph.com.au%2fsport%2fnrl%2fnrl-rocked-by-shock-jarome-luai-bombshell-as-wests-tigers-make-stunning-decision%2fnews-story%2fc1e79e9251ee4fc027c044430dc97763&c=17280011224301898977&mkt=en-au","","https://www.dailytelegraph.com.au/sport/nrl/nrl-rocked-by-shock-jarome-luai-bombshell-as-wests-tigers-make-stunning-decision/news-story/c1e79e9251ee4fc027c044430dc97763","false","Parramatta Eels are reportedly the frontrunners to sign Jarome Luai after he was granted permission to leave the Wests Tigers at the end of this season."
"wst","Wests Tigers","Jarome Luai","cross_referenced_baseline","4","news.com.au","27","money|exact_player_name","true","news.com.au","Fri, 10 Jul 2026 04:35:00 GMT","player_focused_candidate_needs_article_review","$1.2m call to turn Jarome Luai windfall into ‘romantic’ homecoming for Mitch Moses","https://www.news.com.au/sport/nrl/12m-call-to-turn-jarome-luai-windfall-into-romantic-homecoming-for-mitch-moses/news-story/776a79bf3205f1869087f6bc602c1bbc","http://www.bing.com/news/apiclick.aspx?ref=FexRss&aid=&tid=6a52f895075c4e1ca411579e1bfa4769&url=https%3a%2f%2fwww.news.com.au%2fsport%2fnrl%2f12m-call-to-turn-jarome-luai-windfall-into-romantic-homecoming-for-mitch-moses%2fnews-story%2f776a79bf3205f1869087f6bc602c1bbc&c=10142883586455535474&mkt=en-au","","https://www.news.com.au/sport/nrl/12m-call-to-turn-jarome-luai-windfall-into-romantic-homecoming-for-mitch-moses/news-story/776a79bf3205f1869087f6bc602c1bbc","false","The Wests Tigers sent shockwaves through the rugby league world earlier this week when they dropped a mid-season bombshell."
"wst","Wests Tigers","Jarome Luai","cross_referenced_baseline","5","7news.com.au","27","contract_language|exact_player_name","true","7NEWS Australia","Wed, 22 Nov 2023 12:00:00 GMT","player_focused_candidate_needs_article_review","Wests Tigers table multi-million dollar deal for Penrith playmaker Jarome Luai","https://7news.com.au/sport/rugby-league/wests-tigers-table-multi-million-dollar-deal-for-penrith-playmaker-jarome-luai-c-12655504","http://www.bing.com/news/apiclick.aspx?ref=FexRss&aid=&tid=6a52f895edb7474a9772d555bca1b955&url=https%3a%2f%2f7news.com.au%2fsport%2frugby-league%2fwests-tigers-table-multi-million-dollar-deal-for-penrith-playmaker-jarome-luai-c-12655504&c=11305354272086551132&mkt=en-au","","https://7news.com.au/sport/rugby-league/wests-tigers-table-multi-million-dollar-deal-for-penrith-playmaker-jarome-luai-c-12655504","false","Jarome Luai’s loyalty to Penrith is being seriously tested as the Wests Tigers make a staggering play for the NRL superstar. Penrith’s triple premiership-winning five-eighth Luai was the ..."
"wst","Wests Tigers","Jarome Luai","cross_referenced_baseline","6","smh.com.au","26","contract_language|exact_player_name","true","Sydney Morning Herald","Tue, 12 May 2026 07:14:00 GMT","player_focused_candidate_needs_article_review","‘I love the Tigers’: Why Sunia Turuva was never going to follow Luai to PNG","https://www.smh.com.au/sport/nrl/wests-tigers-re-sign-fourth-star-until-2030-jarome-luai-s-exit-20260512-p5zw17.html","http://www.bing.com/news/apiclick.aspx?ref=FexRss&aid=&tid=6a52f893379c4524bd5d45e907638c2e&url=https%3a%2f%2fwww.smh.com.au%2fsport%2fnrl%2fwests-tigers-re-sign-fourth-star-until-2030-jarome-luai-s-exit-20260512-p5zw17.html&c=17302860899760996458&mkt=en-au","","https://www.smh.com.au/sport/nrl/wests-tigers-re-sign-fourth-star-until-2030-jarome-luai-s-exit-20260512-p5zw17.html","false","Sunia Turuva never considered following good friend Jarome Luai to the PNG Chiefs – and did not hesitate when the Wests Tigers initiated negotiations about a possible contract extension several weeks ..."
"wst","Wests Tigers","Jarome Luai","cross_referenced_baseline","7","foxsports.com.au","26","exact_player_name","true","Fox Sports","Tue, 09 Jun 2026 18:25:00 GMT","player_focused_candidate_needs_article_review","Has Jarome Luai justified his price tag?","https://www.foxsports.com.au/video/league/nrl-360/has-jarome-luai-justified-his-price-tag!931492","http://www.bing.com/news/apiclick.aspx?ref=FexRss&aid=&tid=6a52f895af2342f4ab4b49dccf7553c8&url=https%3a%2f%2fwww.foxsports.com.au%2fvideo%2fleague%2fnrl-360%2fhas-jarome-luai-justified-his-price-tag!931492&c=7245558188529088360&mkt=en-au","","https://www.foxsports.com.au/video/league/nrl-360/has-jarome-luai-justified-his-price-tag!931492","false","A NOTE ABOUT RELEVANT ADVERTISING: We collect information about the content (including ads) you use across this site and use it to make both advertising and content more relevant to you on our network ..."
"wst","Wests Tigers","Jarome Luai","cross_referenced_baseline","8","news.com.au","24","exact_player_name","true","news.com.au","Thu, 09 Jul 2026 04:15:00 GMT","player_focused_candidate_needs_article_review","NRL rocked by Jarome Luai bombshell as Wests Tigers make stunning decision","https://www.news.com.au/sport/nrl/nrl-rocked-by-shock-jarome-luai-bombshell-as-wests-tigers-make-stunning-decision/news-story/c1e79e9251ee4fc027c044430dc97763","http://www.bing.com/news/apiclick.aspx?ref=FexRss&aid=&tid=6a52f893379c4524bd5d45e907638c2e&url=https%3a%2f%2fwww.news.com.au%2fsport%2fnrl%2fnrl-rocked-by-shock-jarome-luai-bombshell-as-wests-tigers-make-stunning-decision%2fnews-story%2fc1e79e9251ee4fc027c044430dc97763&c=9465960140875486188&mkt=en-au","","https://www.news.com.au/sport/nrl/nrl-rocked-by-shock-jarome-luai-bombshell-as-wests-tigers-make-stunning-decision/news-story/c1e79e9251ee4fc027c044430dc97763","false","Parramatta Eels are reportedly the frontrunners to sign Jarome Luai after he was granted permission to leave the Wests Tigers at the end of this season."
"wst","Wests Tigers","Jarome Luai","cross_referenced_baseline","9","theaustralian.com.au","24","exact_player_name","true","The Australian","Fri, 10 Jul 2026 23:08:00 GMT","player_focused_candidate_needs_article_review","Perth Bears make bold bid for Jarome Luai as Parramatta Eels close in","https://www.theaustralian.com.au/sport/nrl/why-the-tigers-decided-to-release-star-player-jarome-luai-early/news-story/9cc174f91c224f29c1b917f5d699b7c0","http://www.bing.com/news/apiclick.aspx?ref=FexRss&aid=&tid=6a52f893ca8341a1af138e07fdeb243f&url=https%3a%2f%2fwww.theaustralian.com.au%2fsport%2fnrl%2fwhy-the-tigers-decided-to-release-star-player-jarome-luai-early%2fnews-story%2f9cc174f91c224f29c1b917f5d699b7c0&c=2116368338739204813&mkt=en-au","","https://www.theaustralian.com.au/sport/nrl/why-the-tigers-decided-to-release-star-player-jarome-luai-early/news-story/9cc174f91c224f29c1b917f5d699b7c0","false","A decision to put the club’s long-term future first is behind the Tigers’ call to part ways with skipper Jarome Luai at the end of the season."
"wst","Wests Tigers","Jarome Luai","cross_referenced_baseline","10","au.news.yahoo.com","24","exact_player_name","true","Yahoo News Australia","Thu, 09 Jul 2026 00:06:00 GMT","player_focused_candidate_needs_article_review","Tigers give Jarome Luai permission to leave early","https://au.news.yahoo.com/tigers-jarome-luai-permission-leave-070524042.html","http://www.bing.com/news/apiclick.aspx?ref=FexRss&aid=&tid=6a52f894402a4fffade73f45b139af99&url=https%3a%2f%2fau.news.yahoo.com%2ftigers-jarome-luai-permission-leave-070524042.html&c=14279398386882656535&mkt=en-au","","https://au.news.yahoo.com/tigers-jarome-luai-permission-leave-070524042.html","false","Four-time NRL premiership-winning five-eighth Jarome Luai could leave Wests Tigers a year earlier than anticipated."
"wst","Wests Tigers","Jarome Luai","cross_referenced_baseline","11","au.sports.yahoo.com","23","contract_language|exact_player_name","true","Yahoo Sport Australia","Sat, 30 May 2026 17:00:00 GMT","player_focused_candidate_needs_article_review","Wests Tigers emerge as frontrunners for off-contract star","https://au.sports.yahoo.com/wests-tigers-emerge-frontrunners-off-044924206.html","http://www.bing.com/news/apiclick.aspx?ref=FexRss&aid=&tid=6a52f893379c4524bd5d45e907638c2e&url=https%3a%2f%2fau.sports.yahoo.com%2fwests-tigers-emerge-frontrunners-off-044924206.html&c=18342644886646806762&mkt=en-au","","https://au.sports.yahoo.com/wests-tigers-emerge-frontrunners-off-044924206.html","false","The Wests Tigers are firming to sign Dolphins gun Jake Averillo for next year, as the star's Redcliffe contract finishes up at the end of this season. The Tigers are looking at life beyond Jarome Luai ..."
"wst","Wests Tigers","Jarome Luai","cross_referenced_baseline","12","themercury.com.au","7","contract_language|term_language|context_or_team_article","false","The Mercury","Sat, 02 May 2026 18:54:00 GMT","team_or_context_candidate_needs_article_review","Wests Tigers fullback Jahream Bula signs four-year contract extension in huge boost for club","https://www.themercury.com.au/sport/nrl/wests-tigers-lock-down-star-fullback-jahream-bula-on-contract-extension/news-story/2b075b97303f35332304825212bc9074","http://www.bing.com/news/apiclick.aspx?ref=FexRss&aid=&tid=6a52f893379c4524bd5d45e907638c2e&url=https%3a%2f%2fwww.themercury.com.au%2fsport%2fnrl%2fwests-tigers-lock-down-star-fullback-jahream-bula-on-contract-extension%2fnews-story%2f2b075b97303f35332304825212bc9074&c=8625896871249064013&mkt=en-au","","https://www.themercury.com.au/sport/nrl/wests-tigers-lock-down-star-fullback-jahream-bula-on-contract-extension/news-story/2b075b97303f35332304825212bc9074","false","The Tigers announced Bula’s re-signing on Tuesday, with the 24-year-old putting pen to paper on a four-year contract which will see him remain at Concord until the end of the 2030 season. The new deal ..."
"wst","Wests Tigers","Javon Andrews","open_unknown","","","","","","","","no_candidate_found","","","","","","",""
"wst","Wests Tigers","Jeral Skelton","bucket_unknown","","","","","","","","no_candidate_found","","","","","","",""
"wst","Wests Tigers","Jock Madden","backup_baseline","","","","","","","","no_candidate_found","","","","","","",""
"wst","Wests Tigers","Kai Pearce-Paul","cross_referenced_baseline","1","au.sports.yahoo.com","4","contract_language|context_or_team_article","false","Yahoo Sport Australia","Thu, 07 May 2026 17:00:00 GMT","team_or_context_candidate_needs_article_review","The SEVEN current best value for money contracts in the NRL","https://au.sports.yahoo.com/seven-current-best-value-money-214941645.html","http://www.bing.com/news/apiclick.aspx?ref=FexRss&aid=&tid=6a52f8af9d90416db62dedb869dc246a&url=https%3a%2f%2fau.sports.yahoo.com%2fseven-current-best-value-money-214941645.html&c=14537114608194793438&mkt=en-au","","https://au.sports.yahoo.com/seven-current-best-value-money-214941645.html","false","The beauty of the salary cap is that it is supposed to level the playing field for all NRL teams. There is enough space for stars, but not multiple, meaning rosters need to be carefully crafted so ..."
"wst","Wests Tigers","Kit Laulilii","open_unknown","","","","","","","","no_candidate_found","","","","","","",""
"wst","Wests Tigers","Latu Fainu","bucket_unknown","1","townsvillebulletin.com.au","26","money|contract_language|exact_player_name","true","Townsville Bulletin","Tue, 15 Apr 2025 11:04:00 GMT","player_focused_candidate_needs_article_review","Wests Tigers to resist dropping Lachlan Galvin after star rejects $6m deal, commits to quitting the club","https://www.townsvillebulletin.com.au/sport/nrl/lachlan-galvin-rejects-contract-extension-from-wests-tigers-ready-to-head-to-open-market-on-november-1/news-story/edbef7c99e2065ec87a23cdc7f292649?using_ew=false&using_ew_noesi=false","http://www.bing.com/news/apiclick.aspx?ref=FexRss&aid=&tid=6a52f8b8997b457eb8691ed717cadd64&url=https%3a%2f%2fwww.townsvillebulletin.com.au%2fsport%2fnrl%2flachlan-galvin-rejects-contract-extension-from-wests-tigers-ready-to-head-to-open-market-on-november-1%2fnews-story%2fedbef7c99e2065ec87a23cdc7f292649%3fusing_ew%3dfalse%26using_ew_noesi%3dfalse&c=4156594953512768353&mkt=en-au","","https://www.townsvillebulletin.com.au/sport/nrl/lachlan-galvin-rejects-contract-extension-from-wests-tigers-ready-to-head-to-open-market-on-november-1/news-story/edbef7c99e2065ec87a23cdc7f292649?using_ew=false&using_ew_noesi=false","false","Benji Marshall is committed to the biggest call of his coaching career when Latu Fainu returns from injury as the true value of Lachlan Galvin’s rejected Wests Tigers contract can be revealed. It ..."
"wst","Wests Tigers","Mavrik Geyer","open_unknown","1","theaustralian.com.au","7","money|contract_language|context_or_team_article","false","The Australian","Tue, 23 Jun 2026 12:00:00 GMT","team_or_context_candidate_needs_article_review","NRL to grant Perth Bears $500k salary cap concessions in landmark third-party arrangement","https://www.theaustralian.com.au/sport/nrl/nrl-to-grant-perth-bears-500k-salary-cap-concessions-in-landmark-thirdparty-arrangement/news-story/0c5c097536d723f0d0cb46c86fd051ff","http://www.bing.com/news/apiclick.aspx?ref=FexRss&aid=&tid=6a52f8beaea041ad9d04f6c09b3fe300&url=https%3a%2f%2fwww.theaustralian.com.au%2fsport%2fnrl%2fnrl-to-grant-perth-bears-500k-salary-cap-concessions-in-landmark-thirdparty-arrangement%2fnews-story%2f0c5c097536d723f0d0cb46c86fd051ff&c=12198983378905941191&mkt=en-au","","https://www.theaustralian.com.au/sport/nrl/nrl-to-grant-perth-bears-500k-salary-cap-concessions-in-landmark-thirdparty-arrangement/news-story/0c5c097536d723f0d0cb46c86fd051ff","false","In a historic development for the NRL’s 18th club, this masthead has been told Perth will receive a special marquee player privilege where existing club sponsors can top-up a player’s contract by 20 ..."
"wst","Wests Tigers","Patrick Herbert","open_unknown","","","","","","","","no_candidate_found","","","","","","",""
"wst","Wests Tigers","Royce Hunt","backup_baseline","","","","","","","","no_candidate_found","","","","","","",""
"wst","Wests Tigers","Samuela Fainu","cross_referenced_baseline","1","msn.com","3","money|contract_language|context_or_team_article","false","The Sydney Morning Herald on MSN","Tue, 30 Jun 2026 21:37:58 GMT","context_only_untrusted_domain","New broadcast deal could push NRL salary cap up to $20m by 2028","https://www.msn.com/en-au/news/australia/new-broadcast-deal-could-push-nrl-salary-cap-up-to-20m-by-2028/ar-AA26H5IM","http://www.bing.com/news/apiclick.aspx?ref=FexRss&aid=&tid=6a52f8d3a8e145b180dfe54be2f03f44&url=https%3a%2f%2fwww.msn.com%2fen-au%2fnews%2faustralia%2fnew-broadcast-deal-could-push-nrl-salary-cap-up-to-20m-by-2028%2far-AA26H5IM&c=15095945392879639673&mkt=en-au","","https://www.msn.com/en-au/news/australia/new-broadcast-deal-could-push-nrl-salary-cap-up-to-20m-by-2028/ar-AA26H5IM","false","A rich new broadcast deal means more money coming into the game. The biggest winners will be the star players, who could soon demand up to $2 million per season."
"wst","Wests Tigers","Samuela Fainu","cross_referenced_baseline","2","weststigers.com.au","1","context_or_team_article","false","Wests Tigers","Sat, 27 Jun 2026 05:39:00 GMT","team_or_context_candidate_needs_article_review","Marshall sees positives in Schuster signing","https://www.weststigers.com.au/news/2026/06/27/marshall-sees-positives-in-schuster-signing/","http://www.bing.com/news/apiclick.aspx?ref=FexRss&aid=&tid=6a52f8d6d6a94c8298ce0d24c40880ec&url=https%3a%2f%2fwww.weststigers.com.au%2fnews%2f2026%2f06%2f27%2fmarshall-sees-positives-in-schuster-signing%2f&c=1422593947798548742&mkt=en-au","","https://www.weststigers.com.au/news/2026/06/27/marshall-sees-positives-in-schuster-signing/","false","A compassionate Benji Marshall can only see positives around the Club’s recent signing of Josh Schuster. The Wests Tigers NRL Head Coach met Schuster this week following a request from second-rower ..."
"wst","Wests Tigers","Sione Fainu","cross_referenced_baseline","","","","","","","","no_candidate_found","","","","","","",""
"wst","Wests Tigers","Solomone Saukuru","open_unknown","","","","","","","","no_candidate_found","","","","","","",""
"wst","Wests Tigers","Starford To'a","backup_baseline","1","smh.com.au","10","money|contract_language|context_or_team_article","false","Sydney Morning Herald","Fri, 26 Jun 2026 17:01:00 GMT","team_or_context_candidate_needs_article_review","New broadcast deal could push NRL salary cap up to $20m by 2028","https://www.smh.com.au/sport/nrl/new-broadcast-deal-could-push-nrl-salary-cap-up-to-20m-by-2028-20260627-p60ak2.html","http://www.bing.com/news/apiclick.aspx?ref=FexRss&aid=&tid=6a52f8e5d1304482bd58a02910b76f76&url=https%3a%2f%2fwww.smh.com.au%2fsport%2fnrl%2fnew-broadcast-deal-could-push-nrl-salary-cap-up-to-20m-by-2028-20260627-p60ak2.html&c=16384154360396862290&mkt=en-au","","https://www.smh.com.au/sport/nrl/new-broadcast-deal-could-push-nrl-salary-cap-up-to-20m-by-2028-20260627-p60ak2.html","false","You have reached your maximum number of saved items. Remove items from your saved list to add more. The new multibillion-dollar broadcast rights deal could push the salary cap as high as $20 million ..."
"wst","Wests Tigers","Sunia Turuva","backup_baseline","1","smh.com.au","30","contract_language|exact_player_name","true","Sydney Morning Herald","Tue, 12 May 2026 07:14:00 GMT","player_focused_candidate_needs_article_review","‘I love the Tigers’: Why Sunia Turuva was never going to follow Luai to PNG","https://www.smh.com.au/sport/nrl/wests-tigers-re-sign-fourth-star-until-2030-jarome-luai-s-exit-20260512-p5zw17.html","http://www.bing.com/news/apiclick.aspx?ref=FexRss&aid=&tid=6a52f8ea7a0a40469acaa879d367e81f&url=https%3a%2f%2fwww.smh.com.au%2fsport%2fnrl%2fwests-tigers-re-sign-fourth-star-until-2030-jarome-luai-s-exit-20260512-p5zw17.html&c=17302860899760996458&mkt=en-au","","https://www.smh.com.au/sport/nrl/wests-tigers-re-sign-fourth-star-until-2030-jarome-luai-s-exit-20260512-p5zw17.html","false","Sunia Turuva never considered following good friend Jarome Luai to the PNG Chiefs – and did not hesitate when the Wests Tigers initiated negotiations about a possible contract extension several weeks ..."
"wst","Wests Tigers","Sunia Turuva","backup_baseline","2","foxsports.com.au","29","contract_language|exact_player_name","true","Fox Sports","Tue, 12 May 2026 06:26:00 GMT","player_focused_candidate_needs_article_review","Sunia Turuva snubs PNG, makes big contract call as long-term deal locked in — NRL Daily","https://www.foxsports.com.au/nrl/nrl-premiership/nrl-2026-daily-sunia-turuva-signs-contract-extension-with-wests-tigers-magic-round-round-11/news-story/0fe1ccd09e6db64cff5d73c7066a0eab","http://www.bing.com/news/apiclick.aspx?ref=FexRss&aid=&tid=6a52f8ea7a0a40469acaa879d367e81f&url=https%3a%2f%2fwww.foxsports.com.au%2fnrl%2fnrl-premiership%2fnrl-2026-daily-sunia-turuva-signs-contract-extension-with-wests-tigers-magic-round-round-11%2fnews-story%2f0fe1ccd09e6db64cff5d73c7066a0eab&c=3911327240779802690&mkt=en-au","","https://www.foxsports.com.au/nrl/nrl-premiership/nrl-2026-daily-sunia-turuva-signs-contract-extension-with-wests-tigers-magic-round-round-11/news-story/0fe1ccd09e6db64cff5d73c7066a0eab","false","WHAT'S GAMBLING REALLY COSTING YOU? Set a deposit limit. For Free and confidential support call 1800 858 858 or visit gamblinghelponline.org.au. Watch every game of every round of the Premiership ..."
"wst","Wests Tigers","Taylan May","backup_baseline","1","cairnspost.com.au","27","term_language|exact_player_name","true","The Cairns Post","Thu, 30 Apr 2026 23:07:00 GMT","player_focused_candidate_needs_article_review","Brothers Terrell and Taylan May to stay at Wests Tigers until end of 2030","https://www.cairnspost.com.au/sport/nrl/brothers-terrell-and-taylan-may-to-stay-at-wests-tigers-until-end-of-2030/news-story/56be7aa54ebaa63c9591d173efe6c106","http://www.bing.com/news/apiclick.aspx?ref=FexRss&aid=&tid=6a52f8f07e6b432b914c056def9d0db3&url=https%3a%2f%2fwww.cairnspost.com.au%2fsport%2fnrl%2fbrothers-terrell-and-taylan-may-to-stay-at-wests-tigers-until-end-of-2030%2fnews-story%2f56be7aa54ebaa63c9591d173efe6c106&c=7945125198582333399&mkt=en-au","","https://www.cairnspost.com.au/sport/nrl/brothers-terrell-and-taylan-may-to-stay-at-wests-tigers-until-end-of-2030/news-story/56be7aa54ebaa63c9591d173efe6c106","false","Wests Tigers brothers Terrell and Taylan May have sent a shudder through the NRL with a video posted moments before their big news dropped. The club announced the dual re-signing on Friday amid fears ..."
"wst","Wests Tigers","Terrell May","cross_referenced_baseline","","","","","","","","no_candidate_found","","","","","","",""
"wst","Wests Tigers","Tony Sukkar","open_unknown","","","","","","","","no_candidate_found","","","","","","",""
"wst","Wests Tigers","Tristan Hope","open_unknown","","","","","","","","no_candidate_found","","","","","","",""
"wst","Wests Tigers","Faaletino Tavana","open_unknown","","","","","","","","no_candidate_found","","","","","","",""
"wst","Wests Tigers","William Craig","open_unknown","","","","","","","","no_candidate_found","","","","","","",""
