"teamId","teamName","player","currentEvidenceRole","candidateRank","candidateDomain","candidateScore","candidateSignals","exactPlayerName","sourceName","publishedAt","reviewStatus","title","url","bingNewsUrl","googleNewsUrl","originalUrl","needsOriginalUrlResolution","snippet"
"bri","Brisbane Broncos","Reece Walsh","backup_baseline","1","couriermail.com.au","30","money|contract_language|exact_player_name","true","The Courier-Mail","Sun, 08 Sep 2024 15:00:00 GMT","player_focused_candidate_needs_article_review","NRL Rich 100: Reece Walsh among nine Queensland Origin stars that fail to qualify for 2024 list","https://www.couriermail.com.au/sport/nrl/nrl-rich-100-reece-walsh-among-nine-queensland-origin-stars-that-fail-to-qualify-for-2024-list/news-story/7a9816bc8e0c5addedcfed29a949ce4b","http://www.bing.com/news/apiclick.aspx?ref=FexRss&aid=&tid=6a52f61776b44e2fb43a2ac5324a1306&url=https%3a%2f%2fwww.couriermail.com.au%2fsport%2fnrl%2fnrl-rich-100-reece-walsh-among-nine-queensland-origin-stars-that-fail-to-qualify-for-2024-list%2fnews-story%2f7a9816bc8e0c5addedcfed29a949ce4b&c=6519261247469856658&mkt=en-au","","https://www.couriermail.com.au/sport/nrl/nrl-rich-100-reece-walsh-among-nine-queensland-origin-stars-that-fail-to-qualify-for-2024-list/news-story/7a9816bc8e0c5addedcfed29a949ce4b","false","Queensland Origin fullback Reece Walsh spearheaded Brisbane’s grand final charge last season on a $400,000 deal and while the Broncos superstar is the NRL’s most followed social-media star, his salary ..."
"bri","Brisbane Broncos","Reece Walsh","backup_baseline","2","7news.com.au","27","contract_language|exact_player_name","true","7NEWS Australia","Mon, 23 Sep 2024 08:54:00 GMT","player_focused_candidate_needs_article_review","Broncos superstar Reece Walsh agrees to multi-million dollar contract extension","https://7news.com.au/sport/rugby-league/broncos-superstar-reece-walsh-agrees-to-multi-million-dollar-contract-extension-c-16162034","http://www.bing.com/news/apiclick.aspx?ref=FexRss&aid=&tid=6a52f615b29546c39377726a1fd6bb6b&url=https%3a%2f%2f7news.com.au%2fsport%2frugby-league%2fbroncos-superstar-reece-walsh-agrees-to-multi-million-dollar-contract-extension-c-16162034&c=3971178330612469509&mkt=en-au","","https://7news.com.au/sport/rugby-league/broncos-superstar-reece-walsh-agrees-to-multi-million-dollar-contract-extension-c-16162034","false","It is thought Walsh’s new contract will make him second-highest paid player in the competition behind Newcastle Knights star Kalyn Ponga. Walsh is only 22 years old and Broncos ..."
"bri","Brisbane Broncos","Reece Walsh","backup_baseline","3","themercury.com.au","4","contract_language|context_or_team_article","false","The Mercury","Thu, 29 Apr 2021 16:07:00 GMT","team_or_context_candidate_needs_article_review","Broken Broncos Part II: The salary cap and contract bungles holding the club to ransom","https://www.themercury.com.au/sport/nrl/broken-broncos-part-ii-the-salary-cap-and-contract-bungles-holding-the-club-to-ransom/news-story/dbaf55949beef05305c9bae6e73774fc","http://www.bing.com/news/apiclick.aspx?ref=FexRss&aid=&tid=6a52f615b29546c39377726a1fd6bb6b&url=https%3a%2f%2fwww.themercury.com.au%2fsport%2fnrl%2fbroken-broncos-part-ii-the-salary-cap-and-contract-bungles-holding-the-club-to-ransom%2fnews-story%2fdbaf55949beef05305c9bae6e73774fc&c=17821051850390128106&mkt=en-au","","https://www.themercury.com.au/sport/nrl/broken-broncos-part-ii-the-salary-cap-and-contract-bungles-holding-the-club-to-ransom/news-story/dbaf55949beef05305c9bae6e73774fc","false","Kevin Walters’ dream job quickly turned into a nightmare when he took the reins at Red Hill, inheriting a salary cap disaster and patchwork roster. But these problems have only sparked the club legend ..."
"bri","Brisbane Broncos","Grant Anderson","backup_baseline","1","rnz.co.nz","27","contract_language|exact_player_name","true","rnz","Thu, 16 Apr 2026 14:18:00 GMT","player_focused_candidate_needs_article_review","NRL: NZ Warriors sign Grant Anderson in Brisbane Broncos exchange for Mitch Barnett","https://www.rnz.co.nz/news/sport/592595/nrl-nz-warriors-sign-grant-anderson-in-brisbane-broncos-exchange-for-mitch-barnett","http://www.bing.com/news/apiclick.aspx?ref=FexRss&aid=&tid=6a52f61a6bd94d3bac5d99a0551ba9f5&url=https%3a%2f%2fwww.rnz.co.nz%2fnews%2fsport%2f592595%2fnrl-nz-warriors-sign-grant-anderson-in-brisbane-broncos-exchange-for-mitch-barnett&c=17075923731743618770&mkt=en-au","","https://www.rnz.co.nz/news/sport/592595/nrl-nz-warriors-sign-grant-anderson-in-brisbane-broncos-exchange-for-mitch-barnett","false","NZ Warriors have completed a rumoured player exchange with Brisbane Broncos, receiving outside back Grant Anderson on a three-year contract from next season. The deal compensates the Auckland NRL club ..."
"bri","Brisbane Broncos","Grant Anderson","backup_baseline","2","foxsports.com.au","7","contract_language|context_or_team_article","false","Fox Sports","Thu, 16 Apr 2026 12:58:00 GMT","team_or_context_candidate_needs_article_review","NRL swap deal complete as Warriors and Broncos come to agreement","https://www.foxsports.com.au/nrl/nrl-premiership/nrl-2026-mitch-barnett-and-grant-anderson-swap-deal-details-contract-warriors-brisbane-broncos/news-story/0523ffbe2cb4adca670d7eb9f354f171","http://www.bing.com/news/apiclick.aspx?ref=FexRss&aid=&tid=6a52f61a6bd94d3bac5d99a0551ba9f5&url=https%3a%2f%2fwww.foxsports.com.au%2fnrl%2fnrl-premiership%2fnrl-2026-mitch-barnett-and-grant-anderson-swap-deal-details-contract-warriors-brisbane-broncos%2fnews-story%2f0523ffbe2cb4adca670d7eb9f354f171&c=12627643618438143729&mkt=en-au","","https://www.foxsports.com.au/nrl/nrl-premiership/nrl-2026-mitch-barnett-and-grant-anderson-swap-deal-details-contract-warriors-brisbane-broncos/news-story/0523ffbe2cb4adca670d7eb9f354f171","false","WHAT'S GAMBLING REALLY COSTING YOU? Set a deposit limit. For Free and confidential support call 1800 858 858 or visit gamblinghelponline.org.au. Anderson has struggled for playing time at Red Hill, ..."
"bri","Brisbane Broncos","Kotoni Staggs","backup_baseline","1","geelongadvertiser.com.au","24","exact_player_name","true","Geelong Advertiser","Wed, 27 May 2026 01:24:00 GMT","player_focused_candidate_needs_article_review","NRL 2021: Jordan Riki, Kotoni Staggs headline Broncos’ retention priorities","https://www.geelongadvertiser.com.au/sport/nrl/nrl-2021-jordan-riki-kotoni-staggs-headline-broncos-retention-priorities/news-story/d3a69e5f731b514c88b3917b80e3576f","http://www.bing.com/news/apiclick.aspx?ref=FexRss&aid=&tid=6a52f620f86548f5ba48f34238c56fc3&url=https%3a%2f%2fwww.geelongadvertiser.com.au%2fsport%2fnrl%2fnrl-2021-jordan-riki-kotoni-staggs-headline-broncos-retention-priorities%2fnews-story%2fd3a69e5f731b514c88b3917b80e3576f&c=8999231937083388655&mkt=en-au","","https://www.geelongadvertiser.com.au/sport/nrl/nrl-2021-jordan-riki-kotoni-staggs-headline-broncos-retention-priorities/news-story/d3a69e5f731b514c88b3917b80e3576f","false","The Sunday Mail can reveal Brisbane have opened talks with Riki’s management as the 106kg hulk prepares to fill the back-row void left by Titans recruit David Fifita in Friday night’s season opener ..."
"bri","Brisbane Broncos","Kotoni Staggs","backup_baseline","2","7news.com.au","4","contract_language|context_or_team_article","false","7NEWS Australia","Mon, 23 Sep 2024 08:54:00 GMT","team_or_context_candidate_needs_article_review","Broncos superstar Reece Walsh agrees to multi-million dollar contract extension","https://7news.com.au/sport/rugby-league/broncos-superstar-reece-walsh-agrees-to-multi-million-dollar-contract-extension-c-16162034","http://www.bing.com/news/apiclick.aspx?ref=FexRss&aid=&tid=6a52f620f86548f5ba48f34238c56fc3&url=https%3a%2f%2f7news.com.au%2fsport%2frugby-league%2fbroncos-superstar-reece-walsh-agrees-to-multi-million-dollar-contract-extension-c-16162034&c=3971178330612469509&mkt=en-au","","https://7news.com.au/sport/rugby-league/broncos-superstar-reece-walsh-agrees-to-multi-million-dollar-contract-extension-c-16162034","false","It is thought Walsh’s new contract will make him second-highest paid player in the competition behind Newcastle Knights star Kalyn Ponga. Walsh is only 22 years old and Broncos ..."
"bri","Brisbane Broncos","Gehamat Shibasaki","backup_baseline","1","au.sports.yahoo.com","29","money|contract_language|news_corp_reporting|exact_player_name","true","Yahoo Sports Australia","Fri, 26 Jun 2026 19:55:00 GMT","player_focused_candidate_needs_article_review","Perth Bears table $1 million deal to Broncos off-contract centre","https://au.sports.yahoo.com/perth-bears-table-1-million-025505590.html","http://www.bing.com/news/apiclick.aspx?ref=FexRss&aid=&tid=6a52f62616f34e09a2d96cb7f6fea96a&url=https%3a%2f%2fau.sports.yahoo.com%2fperth-bears-table-1-million-025505590.html&c=9422368084729016896&mkt=en-au","","https://au.sports.yahoo.com/perth-bears-table-1-million-025505590.html","false","Gehamat Shibasaki's time at the Brisbane Broncos appears all but over. The Courier Mail reported on Saturday morning that the newest NRL expansion side, the Perth Bears, has tabled a lucrative offer ..."
"bri","Brisbane Broncos","Gehamat Shibasaki","backup_baseline","2","goldcoastbulletin.com.au","27","contract_language|exact_player_name","true","Gold Coast Sun","Fri, 08 May 2026 10:22:00 GMT","player_focused_candidate_needs_article_review","Gehamat Shibasaki may fall victim to Broncos salary cap squeeze after latest offer falls short","https://www.goldcoastbulletin.com.au/sport/nrl/gehamat-shibasaki-may-fall-victim-to-broncos-salary-cap-squeeze-after-latest-offer-falls-short/news-story/2d9a60be0cd66cc591fafd90e353d7a5","http://www.bing.com/news/apiclick.aspx?ref=FexRss&aid=&tid=6a52f62616f34e09a2d96cb7f6fea96a&url=https%3a%2f%2fwww.goldcoastbulletin.com.au%2fsport%2fnrl%2fgehamat-shibasaki-may-fall-victim-to-broncos-salary-cap-squeeze-after-latest-offer-falls-short%2fnews-story%2f2d9a60be0cd66cc591fafd90e353d7a5&c=16205103448303504275&mkt=en-au","","https://www.goldcoastbulletin.com.au/sport/nrl/gehamat-shibasaki-may-fall-victim-to-broncos-salary-cap-squeeze-after-latest-offer-falls-short/news-story/2d9a60be0cd66cc591fafd90e353d7a5","false","This masthead understands Shibasaki is resigned to leaving the Broncos at season’s end unless Brisbane can up the ante in the face of more lucrative offers from NRL rivals. The off-contract Shibasaki ..."
"bri","Brisbane Broncos","Gehamat Shibasaki","backup_baseline","3","msn.com","25","money|contract_language|news_corp_reporting|exact_player_name","true","Zero Tackle on MSN","Fri, 26 Jun 2026 19:55:05 GMT","context_only_untrusted_domain","Perth Bears table $1 million deal to Broncos off-contract centre","https://www.msn.com/en-au/sport/general/perth-bears-table-1-million-deal-to-broncos-off-contract-centre/ar-AA26EUtq","http://www.bing.com/news/apiclick.aspx?ref=FexRss&aid=&tid=6a52f6299fd943178a5697212db830c4&url=https%3a%2f%2fwww.msn.com%2fen-au%2fsport%2fgeneral%2fperth-bears-table-1-million-deal-to-broncos-off-contract-centre%2far-AA26EUtq&c=6745635280690540018&mkt=en-au","","https://www.msn.com/en-au/sport/general/perth-bears-table-1-million-deal-to-broncos-off-contract-centre/ar-AA26EUtq","false","Gehamat Shibasaki's time at the Brisbane Broncos appears all but over. The Courier Mail reported on Saturday morning that the newest NRL expansion side, the Perth Bears, has tabled a lucrative offer ..."
"bri","Brisbane Broncos","Gehamat Shibasaki","backup_baseline","4","dailytelegraph.com.au","10","money|contract_language|context_or_team_article","false","The Daily Telegraph","Tue, 23 Jun 2026 12:12:00 GMT","team_or_context_candidate_needs_article_review","NRL to grant Perth Bears $500k salary cap concessions in landmark third-party arrangement","https://www.dailytelegraph.com.au/sport/nrl/nrl-to-grant-perth-bears-500k-salary-cap-concessions-in-landmark-thirdparty-arrangement/news-story/0c5c097536d723f0d0cb46c86fd051ff","http://www.bing.com/news/apiclick.aspx?ref=FexRss&aid=&tid=6a52f62695b74680a14aff3c6f1bad65&url=https%3a%2f%2fwww.dailytelegraph.com.au%2fsport%2fnrl%2fnrl-to-grant-perth-bears-500k-salary-cap-concessions-in-landmark-thirdparty-arrangement%2fnews-story%2f0c5c097536d723f0d0cb46c86fd051ff&c=13072428604770190172&mkt=en-au","","https://www.dailytelegraph.com.au/sport/nrl/nrl-to-grant-perth-bears-500k-salary-cap-concessions-in-landmark-thirdparty-arrangement/news-story/0c5c097536d723f0d0cb46c86fd051ff","false","In a historic development for the NRL’s 18th club, this masthead has been told Perth will receive a special marquee player privilege where existing club sponsors can top-up a player’s contract by 20 ..."
"bri","Brisbane Broncos","Gehamat Shibasaki","backup_baseline","5","au.sports.yahoo.com","7","money|contract_language|context_or_team_article","false","Yahoo Sports Australia","Tue, 23 Jun 2026 19:51:00 GMT","team_or_context_candidate_needs_article_review","Perth Bears receive salary cap boost from NRL","https://au.sports.yahoo.com/perth-bears-receive-salary-cap-025110246.html","http://www.bing.com/news/apiclick.aspx?ref=FexRss&aid=&tid=6a52f629f39b46a08d785f4d5a09de70&url=https%3a%2f%2fau.sports.yahoo.com%2fperth-bears-receive-salary-cap-025110246.html&c=545008729362569136&mkt=en-au","","https://au.sports.yahoo.com/perth-bears-receive-salary-cap-025110246.html","false","The NRL has granted the Perth Bears up to $500,000 worth of salary cap concessions to compete in the fight against PNG Chiefs. The latest NRL expansion club with receive compensation from the NRL to ..."
"bri","Brisbane Broncos","Gehamat Shibasaki","backup_baseline","6","au.news.yahoo.com","4","contract_language|context_or_team_article","false","Yahoo News Australia","Mon, 22 Jun 2026 17:24:00 GMT","team_or_context_candidate_needs_article_review","NRL fans divided after Broncos re-sign veteran and linked with former Origin player from rival club","https://au.news.yahoo.com/nrl-fans-divided-after-broncos-re-sign-veteran-and-linked-with-former-origin-player-from-rival-club-234604475.html","http://www.bing.com/news/apiclick.aspx?ref=FexRss&aid=&tid=6a52f62616f34e09a2d96cb7f6fea96a&url=https%3a%2f%2fau.news.yahoo.com%2fnrl-fans-divided-after-broncos-re-sign-veteran-and-linked-with-former-origin-player-from-rival-club-234604475.html&c=7254748367207178614&mkt=en-au","","https://au.news.yahoo.com/nrl-fans-divided-after-broncos-re-sign-veteran-and-linked-with-former-origin-player-from-rival-club-234604475.html","false","Brisbane Broncos fans have been left surprised after the announcement they have re-signed veteran Ben Hunt on a one-year extension as the club juggles their salary cap. This also comes after the ..."
"bri","Brisbane Broncos","Deine Mariner","backup_baseline","1","smh.com.au","10","money|contract_language|context_or_team_article","false","Sydney Morning Herald","Fri, 26 Jun 2026 17:01:00 GMT","team_or_context_candidate_needs_article_review","New broadcast deal could push NRL salary cap up to $20m by 2028","https://www.smh.com.au/sport/nrl/new-broadcast-deal-could-push-nrl-salary-cap-up-to-20m-by-2028-20260627-p60ak2.html","http://www.bing.com/news/apiclick.aspx?ref=FexRss&aid=&tid=6a52f62b1eda4989a9e54eba2e52b457&url=https%3a%2f%2fwww.smh.com.au%2fsport%2fnrl%2fnew-broadcast-deal-could-push-nrl-salary-cap-up-to-20m-by-2028-20260627-p60ak2.html&c=16384154360396862290&mkt=en-au","","https://www.smh.com.au/sport/nrl/new-broadcast-deal-could-push-nrl-salary-cap-up-to-20m-by-2028-20260627-p60ak2.html","false","You have reached your maximum number of saved items. Remove items from your saved list to add more. The new multibillion-dollar broadcast rights deal could push the salary cap as high as $20 million ..."
"bri","Brisbane Broncos","Ezra Mam","backup_baseline","1","7news.com.au","4","contract_language|context_or_team_article","false","7NEWS Australia","Mon, 23 Sep 2024 20:54:00 GMT","team_or_context_candidate_needs_article_review","Broncos superstar Reece Walsh agrees to multi-million dollar contract extension","https://7news.com.au/sport/rugby-league/broncos-superstar-reece-walsh-agrees-to-multi-million-dollar-contract-extension-c-16162034","http://www.bing.com/news/apiclick.aspx?ref=FexRss&aid=&tid=6a52f63037a146338d75d76fbbf79716&url=https%3a%2f%2f7news.com.au%2fsport%2frugby-league%2fbroncos-superstar-reece-walsh-agrees-to-multi-million-dollar-contract-extension-c-16162034&c=3971178330612469509&mkt=en-au","","https://7news.com.au/sport/rugby-league/broncos-superstar-reece-walsh-agrees-to-multi-million-dollar-contract-extension-c-16162034","false","It is thought Walsh’s new contract will make him second-highest paid player in the competition behind Newcastle Knights star Kalyn Ponga. Walsh is only 22 years old and Broncos ..."
"bri","Brisbane Broncos","Adam Reynolds","backup_baseline","","","","","","","","no_candidate_found","","","","","","",""
"bri","Brisbane Broncos","Corey Jensen","backup_baseline","1","7news.com.au","7","money|contract_language|context_or_team_article","false","7NEWS Australia","Fri, 28 Oct 2022 02:27:00 GMT","team_or_context_candidate_needs_article_review","Ultimate NRL free agency preview: Your club’s out-of-contract stars and where they could end up","https://7news.com.au/sport/rugby-league/ultimate-nrl-free-agency-preview-your-clubs-out-of-contract-stars-and-where-they-could-end-up-c-8677336","http://www.bing.com/news/apiclick.aspx?ref=FexRss&aid=&tid=6a52f63fa0a748fda7d8555b0fac344b&url=https%3a%2f%2f7news.com.au%2fsport%2frugby-league%2fultimate-nrl-free-agency-preview-your-clubs-out-of-contract-stars-and-where-they-could-end-up-c-8677336&c=143273184193222445&mkt=en-au","","https://7news.com.au/sport/rugby-league/ultimate-nrl-free-agency-preview-your-clubs-out-of-contract-stars-and-where-they-could-end-up-c-8677336","false","Over $50 million worth of player talent will be free to negotiate with clubs for season 2024 and beyond when the NRL free agency period begins on November 1. Latrell Mitchell, Mit ..."
"bri","Brisbane Broncos","Corey Jensen","backup_baseline","2","news.com.au","4","contract_language|context_or_team_article","false","Couriermail","Mon, 20 May 2019 14:49:00 GMT","team_or_context_candidate_needs_article_review","Nine NRL players shopped to English clubs, Jackson Hastings slated to return to Australia","https://www.news.com.au/sport/nrl/nine-nrl-players-shopped-to-english-clubs-jackson-hastings-slated-to-return-to-australia/news-story/4dc07f0bf2df5f1dbf2f2f84a1be7247","http://www.bing.com/news/apiclick.aspx?ref=FexRss&aid=&tid=6a52f63d49084ad1a2fd98557a9e71d7&url=https%3a%2f%2fwww.news.com.au%2fsport%2fnrl%2fnine-nrl-players-shopped-to-english-clubs-jackson-hastings-slated-to-return-to-australia%2fnews-story%2f4dc07f0bf2df5f1dbf2f2f84a1be7247&c=3161708882160213554&mkt=en-au","","https://www.news.com.au/sport/nrl/nine-nrl-players-shopped-to-english-clubs-jackson-hastings-slated-to-return-to-australia/news-story/4dc07f0bf2df5f1dbf2f2f84a1be7247","false","A host of off-contract NRL players are being shopped to Super League clubs. Meanwhile, Jackson Hastings could be back in Australia in 2020. Reportedly being shopped are Daniel Alvaro, Aaron Gray, Kyle ..."
"bri","Brisbane Broncos","Ben Hunt","backup_baseline","1","themercury.com.au","30","money|contract_language|exact_player_name","true","The Mercury","Thu, 25 Jun 2026 11:00:00 GMT","player_focused_candidate_needs_article_review","Brisbane Broncos veteran Ben Hunt to accept $200K pay cut to remain at Red Hill","https://www.themercury.com.au/sport/nrl/brisbane-broncos-veteran-ben-hunt-to-accept-200k-pay-cut-to-remain-at-red-hill/news-story/271b9abf08346764743293d2bb398bb4","http://www.bing.com/news/apiclick.aspx?ref=FexRss&aid=&tid=6a52f641e8ae48ada10ea7bda6093c95&url=https%3a%2f%2fwww.themercury.com.au%2fsport%2fnrl%2fbrisbane-broncos-veteran-ben-hunt-to-accept-200k-pay-cut-to-remain-at-red-hill%2fnews-story%2f271b9abf08346764743293d2bb398bb4&c=3572114847661149012&mkt=en-au","","https://www.themercury.com.au/sport/nrl/brisbane-broncos-veteran-ben-hunt-to-accept-200k-pay-cut-to-remain-at-red-hill/news-story/271b9abf08346764743293d2bb398bb4","false","The Broncos’ decision to re-sign Ben Hunt has raised eyebrows, but they aren’t exactly breaking the bank to keep the ageing playmaker. Sport Confidential can reveal Hunt’s 12-month extension to play ..."
"bri","Brisbane Broncos","Ben Hunt","backup_baseline","2","couriermail.com.au","27","money|exact_player_name","true","The Courier Mail","Thu, 25 Jun 2026 11:18:00 GMT","player_focused_candidate_needs_article_review","Brisbane Broncos veteran Ben Hunt to accept $200K pay cut to remain at Red Hill","https://www.couriermail.com.au/sport/nrl/brisbane-broncos-veteran-ben-hunt-to-accept-200k-pay-cut-to-remain-at-red-hill/news-story/271b9abf08346764743293d2bb398bb4","http://www.bing.com/news/apiclick.aspx?ref=FexRss&aid=&tid=6a52f641e8ae48ada10ea7bda6093c95&url=https%3a%2f%2fwww.couriermail.com.au%2fsport%2fnrl%2fbrisbane-broncos-veteran-ben-hunt-to-accept-200k-pay-cut-to-remain-at-red-hill%2fnews-story%2f271b9abf08346764743293d2bb398bb4&c=12753214573329474957&mkt=en-au","","https://www.couriermail.com.au/sport/nrl/brisbane-broncos-veteran-ben-hunt-to-accept-200k-pay-cut-to-remain-at-red-hill/news-story/271b9abf08346764743293d2bb398bb4","false","The Broncos’ decision to re-sign Ben Hunt has raised eyebrows, but they aren’t exactly breaking the bank to keep the ageing playmaker."
"bri","Brisbane Broncos","Ben Hunt","backup_baseline","3","theaustralian.com.au","27","contract_language|exact_player_name","true","The Australian","Mon, 22 Jun 2026 02:14:00 GMT","player_focused_candidate_needs_article_review","Broncos champion Ben Hunt inks new one-year deal to defy retirement calls","https://www.theaustralian.com.au/sport/nrl/ben-hunt-brushes-off-retirement-pleas-from-nrl-greats-despite-brisbane-broncos-slump/news-story/0b707e4a6fc1118d7ceea4290fad1cb5","http://www.bing.com/news/apiclick.aspx?ref=FexRss&aid=&tid=6a52f641e8ae48ada10ea7bda6093c95&url=https%3a%2f%2fwww.theaustralian.com.au%2fsport%2fnrl%2fben-hunt-brushes-off-retirement-pleas-from-nrl-greats-despite-brisbane-broncos-slump%2fnews-story%2f0b707e4a6fc1118d7ceea4290fad1cb5&c=235745227428871600&mkt=en-au","","https://www.theaustralian.com.au/sport/nrl/ben-hunt-brushes-off-retirement-pleas-from-nrl-greats-despite-brisbane-broncos-slump/news-story/0b707e4a6fc1118d7ceea4290fad1cb5","false","Ben Hunt has shelved retirement plans and has inked a one-year extension as the Broncos champion throws down the gauntlet to young guns Tom Duffy and Jonah Pezet."
"bri","Brisbane Broncos","Ben Hunt","backup_baseline","4","theaustralian.com.au","27","contract_language|exact_player_name","true","The Australian","Sat, 13 Jun 2026 12:00:00 GMT","player_focused_candidate_needs_article_review","Ben Hunt urged to retire by ex-Broncos captain amid cap crunch","https://www.theaustralian.com.au/sport/nrl/ben-hunt-urged-to-retire-by-exbroncos-captain-amid-cap-crunch/news-story/3a9417335c0da94e31d1f2dfad86238b","http://www.bing.com/news/apiclick.aspx?ref=FexRss&aid=&tid=6a52f641e8ae48ada10ea7bda6093c95&url=https%3a%2f%2fwww.theaustralian.com.au%2fsport%2fnrl%2fben-hunt-urged-to-retire-by-exbroncos-captain-amid-cap-crunch%2fnews-story%2f3a9417335c0da94e31d1f2dfad86238b&c=1100610879034501017&mkt=en-au","","https://www.theaustralian.com.au/sport/nrl/ben-hunt-urged-to-retire-by-exbroncos-captain-amid-cap-crunch/news-story/3a9417335c0da94e31d1f2dfad86238b","false","The off-contract Hunt turns 37 next March and has indicated to Broncos management he wants to play on in 2027 after winning an elusive premiership ring in his fairytale return to Red Hill last season."
"bri","Brisbane Broncos","Ben Hunt","backup_baseline","5","themercury.com.au","24","exact_player_name","true","The Mercury","Fri, 19 Jun 2026 12:00:00 GMT","player_focused_candidate_needs_article_review","Ben Hunt brushes off retirement pleas from NRL greats despite Brisbane Broncos slump","https://www.themercury.com.au/sport/nrl/ben-hunt-brushes-off-retirement-pleas-from-nrl-greats-despite-brisbane-broncos-slump/news-story/0b707e4a6fc1118d7ceea4290fad1cb5","http://www.bing.com/news/apiclick.aspx?ref=FexRss&aid=&tid=6a52f641e8ae48ada10ea7bda6093c95&url=https%3a%2f%2fwww.themercury.com.au%2fsport%2fnrl%2fben-hunt-brushes-off-retirement-pleas-from-nrl-greats-despite-brisbane-broncos-slump%2fnews-story%2f0b707e4a6fc1118d7ceea4290fad1cb5&c=12208937049248139886&mkt=en-au","","https://www.themercury.com.au/sport/nrl/ben-hunt-brushes-off-retirement-pleas-from-nrl-greats-despite-brisbane-broncos-slump/news-story/0b707e4a6fc1118d7ceea4290fad1cb5","false","Broncos legend Corey Parker has urged his former teammate to consider walking away at season’s end, warning of the perils of Hunt playing one year too long before his 37th birthday next season. Parker ..."
"bri","Brisbane Broncos","Ben Hunt","backup_baseline","6","au.news.yahoo.com","23","contract_language|exact_player_name","true","Yahoo News Australia","Mon, 22 Jun 2026 16:47:00 GMT","player_focused_candidate_needs_article_review","NRL fans divided after Broncos re-sign veteran and linked with former Origin player from rival club","https://au.news.yahoo.com/nrl-fans-divided-after-broncos-re-sign-veteran-and-linked-with-former-origin-player-from-rival-club-234604475.html","http://www.bing.com/news/apiclick.aspx?ref=FexRss&aid=&tid=6a52f641e8ae48ada10ea7bda6093c95&url=https%3a%2f%2fau.news.yahoo.com%2fnrl-fans-divided-after-broncos-re-sign-veteran-and-linked-with-former-origin-player-from-rival-club-234604475.html&c=7254748367207178614&mkt=en-au","","https://au.news.yahoo.com/nrl-fans-divided-after-broncos-re-sign-veteran-and-linked-with-former-origin-player-from-rival-club-234604475.html","false","Brisbane Broncos fans have been left surprised after the announcement they have re-signed veteran Ben Hunt on a one-year extension as the club juggles their salary cap. This also comes after the ..."
"bri","Brisbane Broncos","Ben Hunt","backup_baseline","7","theroar.com.au","20","exact_player_name","true","theroar.com.au","Tue, 07 Jul 2020 17:00:00 GMT","context_only_untrusted_domain","Ben Hunt is now the highest paid starting nine in NRL history","https://www.theroar.com.au/2020/07/09/ben-hunt-is-now-the-highest-paid-starting-nine-in-nrl-history/","http://www.bing.com/news/apiclick.aspx?ref=FexRss&aid=&tid=6a52f64367c7425f8419528e663d0024&url=https%3a%2f%2fwww.theroar.com.au%2f2020%2f07%2f09%2fben-hunt-is-now-the-highest-paid-starting-nine-in-nrl-history%2f&c=1260461963433130419&mkt=en-au","","https://www.theroar.com.au/2020/07/09/ben-hunt-is-now-the-highest-paid-starting-nine-in-nrl-history/","false","Anyone can contribute to The Roar and have their work featured alongside some of Australia’s most prominent sports journalists. Paul McGregor’s decision to start Ben Hunt at hooker for this week’s ..."
"bri","Brisbane Broncos","Ben Hunt","backup_baseline","8","msn.com","19","contract_language|exact_player_name","true","nine.com.au on MSN","Tue, 23 Jun 2026 20:26:25 GMT","context_only_untrusted_domain","Ghosts of Broncos’ past behind contentious new deal for Hunt","https://www.msn.com/en-au/sport/rugby/ghosts-of-broncos-past-behind-contentious-new-deal-for-hunt/ar-AA26oD2e","http://www.bing.com/news/apiclick.aspx?ref=FexRss&aid=&tid=6a52f641e8ae48ada10ea7bda6093c95&url=https%3a%2f%2fwww.msn.com%2fen-au%2fsport%2frugby%2fghosts-of-broncos-past-behind-contentious-new-deal-for-hunt%2far-AA26oD2e&c=9579587198838510722&mkt=en-au","","https://www.msn.com/en-au/sport/rugby/ghosts-of-broncos-past-behind-contentious-new-deal-for-hunt/ar-AA26oD2e","false","Broncos legend Sam Thaiday suspects the club may have learned a lesson from the past before giving Ben Hunt a one-year contract extension."
"bri","Brisbane Broncos","Ben Hunt","backup_baseline","9","foxsports.com.au","7","contract_language|context_or_team_article","false","Fox Sports","Thu, 25 Jun 2026 14:27:00 GMT","team_or_context_candidate_needs_article_review","Hunt’s drastic pay cut revealed; Tiger to join rival immediately in stunning switch — Whispers","https://www.foxsports.com.au/nrl/nrl-premiership/nrl-2026-transfer-whispers-news-and-rumours-contracts-teams-tigers-outside-back-luke-laulilii-set-to-join-warriors-in-midseason-switch/news-story/4bce438dca4774db603807dbd71118fe","http://www.bing.com/news/apiclick.aspx?ref=FexRss&aid=&tid=6a52f643ed044232b0d8e94f05d99422&url=https%3a%2f%2fwww.foxsports.com.au%2fnrl%2fnrl-premiership%2fnrl-2026-transfer-whispers-news-and-rumours-contracts-teams-tigers-outside-back-luke-laulilii-set-to-join-warriors-in-midseason-switch%2fnews-story%2f4bce438dca4774db603807dbd71118fe&c=15984087963251391494&mkt=en-au","","https://www.foxsports.com.au/nrl/nrl-premiership/nrl-2026-transfer-whispers-news-and-rumours-contracts-teams-tigers-outside-back-luke-laulilii-set-to-join-warriors-in-midseason-switch/news-story/4bce438dca4774db603807dbd71118fe","false","WHAT'S GAMBLING REALLY COSTING YOU? Set a deposit limit. For Free and confidential support call 1800 858 858 or visit gamblinghelponline.org.au. Hunt signed a one-year deal with Brisbane in what will ..."
"bri","Brisbane Broncos","Payne Haas","backup_baseline","1","adelaidenow.com.au","27","contract_language|exact_player_name","true","Adelaide Now","Thu, 26 May 2022 11:22:00 GMT","player_focused_candidate_needs_article_review","Broncos deny Payne Haas immediate release demand in contract saga","https://www.adelaidenow.com.au/sport/nrl/broncos-star-payne-haas-demands-immediate-release-over-contract-saga/news-story/de694ec553e257b503875a6b5b1260f1","http://www.bing.com/news/apiclick.aspx?ref=FexRss&aid=&tid=6a52f646cff9474287eef39407cd19fd&url=https%3a%2f%2fwww.adelaidenow.com.au%2fsport%2fnrl%2fbroncos-star-payne-haas-demands-immediate-release-over-contract-saga%2fnews-story%2fde694ec553e257b503875a6b5b1260f1&c=2208136526000163584&mkt=en-au","","https://www.adelaidenow.com.au/sport/nrl/broncos-star-payne-haas-demands-immediate-release-over-contract-saga/news-story/de694ec553e257b503875a6b5b1260f1","false","The Sydney Morning Herald reports Brisbane has denied the request, which came on Wednesday night following a breakdown in contract negotiations with the club. Haas trained with the Broncos on Thursday ..."
"bri","Brisbane Broncos","Payne Haas","backup_baseline","2","au.news.yahoo.com","24","exact_player_name","true","Yahoo News Australia","Tue, 23 Jun 2026 16:04:00 GMT","player_focused_candidate_needs_article_review","Rival NRL club makes reported 'approach' to Broncos about immediate Payne Haas switch","https://au.news.yahoo.com/rival-nrl-club-makes-reported-approach-to-broncos-about-immediate-payne-haas-switch-224644529.html","http://www.bing.com/news/apiclick.aspx?ref=FexRss&aid=&tid=6a52f646cff9474287eef39407cd19fd&url=https%3a%2f%2fau.news.yahoo.com%2frival-nrl-club-makes-reported-approach-to-broncos-about-immediate-payne-haas-switch-224644529.html&c=16309783978502423143&mkt=en-au","","https://au.news.yahoo.com/rival-nrl-club-makes-reported-approach-to-broncos-about-immediate-payne-haas-switch-224644529.html","false","But leading NRL journo James Hooper reported on Tuesday that ‘someone attached to South Sydney’ has approached Broncos coach Michael Maguire about releasing Haas to the Bunnies early. Clubs are ..."
"bri","Brisbane Broncos","Payne Haas","backup_baseline","3","news.com.au","24","exact_player_name","true","news.com.au","Wed, 24 Jun 2026 01:31:00 GMT","player_focused_candidate_needs_article_review","Payne Haas text message plot revealed, Broncos rejected mid-season poaching bid","https://www.news.com.au/sport/nrl/payne-haas-text-message-plot-revealed-broncos-rejected-midseason-poaching-bid/news-story/fcc7b2891001543be06960432bc12236","http://www.bing.com/news/apiclick.aspx?ref=FexRss&aid=&tid=6a52f648409e4546a0372ae11219e9f7&url=https%3a%2f%2fwww.news.com.au%2fsport%2fnrl%2fpayne-haas-text-message-plot-revealed-broncos-rejected-midseason-poaching-bid%2fnews-story%2ffcc7b2891001543be06960432bc12236&c=5108679380902430211&mkt=en-au","","https://www.news.com.au/sport/nrl/payne-haas-text-message-plot-revealed-broncos-rejected-midseason-poaching-bid/news-story/fcc7b2891001543be06960432bc12236","false","Brisbane Broncos coach Michael Maguire has reportedly rejected a bold attempt by the Rabbitohs to bring Payne Haas to South Sydney mid-season."
"bri","Brisbane Broncos","Payne Haas","backup_baseline","4","afr.com","16","exact_player_name","true","The Australian Financial Review","Mon, 06 Jul 2026 23:39:00 GMT","context_only_untrusted_domain","The Haas reality behind NRL’s superstar","https://www.afr.com/life-and-luxury/arts-and-culture/the-haas-reality-behind-this-incredibly-marketable-footballer-20260521-p5zzi1","http://www.bing.com/news/apiclick.aspx?ref=FexRss&aid=&tid=6a52f64741ea459a9aa1182651aa92ac&url=https%3a%2f%2fwww.afr.com%2flife-and-luxury%2farts-and-culture%2fthe-haas-reality-behind-this-incredibly-marketable-footballer-20260521-p5zzi1&c=488926295726201424&mkt=en-au","","https://www.afr.com/life-and-luxury/arts-and-culture/the-haas-reality-behind-this-incredibly-marketable-footballer-20260521-p5zzi1","false","In rugby league circles, a heated debate is brewing about Payne Haas being the best prop forward “arguably” of all time. He’s big, he’s skilful, he’s fast, he’s exceedingly fit, and he’s the player ..."
"bri","Brisbane Broncos","Payne Haas","backup_baseline","5","7news.com.au","4","contract_language|context_or_team_article","false","7NEWS Australia","Mon, 23 Sep 2024 08:54:00 GMT","team_or_context_candidate_needs_article_review","Broncos superstar Reece Walsh agrees to multi-million dollar contract extension","https://7news.com.au/sport/rugby-league/broncos-superstar-reece-walsh-agrees-to-multi-million-dollar-contract-extension-c-16162034","http://www.bing.com/news/apiclick.aspx?ref=FexRss&aid=&tid=6a52f646cff9474287eef39407cd19fd&url=https%3a%2f%2f7news.com.au%2fsport%2frugby-league%2fbroncos-superstar-reece-walsh-agrees-to-multi-million-dollar-contract-extension-c-16162034&c=3971178330612469509&mkt=en-au","","https://7news.com.au/sport/rugby-league/broncos-superstar-reece-walsh-agrees-to-multi-million-dollar-contract-extension-c-16162034","false","It is thought Walsh’s new contract will make him second-highest paid player in the competition behind Newcastle Knights star Kalyn Ponga. Walsh is only 22 years old and Broncos ..."
"bri","Brisbane Broncos","Payne Haas","backup_baseline","6","theaustralian.com.au","4","contract_language|context_or_team_article","false","The Australian","Sun, 28 Jun 2026 15:04:00 GMT","team_or_context_candidate_needs_article_review","Nine’s Stan Sport dealt huge blow in NRL’s record $5bn rights deal","https://www.theaustralian.com.au/business/media/nines-stan-sport-dealt-huge-blow-in-nrls-record-5bn-rights-deal/news-story/cf3fb665174e25345610fd689a257a01","http://www.bing.com/news/apiclick.aspx?ref=FexRss&aid=&tid=6a52f64754f140f98076c5596a35a33b&url=https%3a%2f%2fwww.theaustralian.com.au%2fbusiness%2fmedia%2fnines-stan-sport-dealt-huge-blow-in-nrls-record-5bn-rights-deal%2fnews-story%2fcf3fb665174e25345610fd689a257a01&c=9625671747989068122&mkt=en-au","","https://www.theaustralian.com.au/business/media/nines-stan-sport-dealt-huge-blow-in-nrls-record-5bn-rights-deal/news-story/cf3fb665174e25345610fd689a257a01","false","Rival NRL bidders Foxtel and Nine are both privately claiming victory in the bitter fight for the sport’s lucrative long-term rights after it emerged that the existing arrangements will largely remain ..."
"bri","Brisbane Broncos","Brendan Piakura","backup_baseline","1","couriermail.com.au","24","exact_player_name","true","The Courier-Mail","Sat, 04 Jul 2020 11:00:00 GMT","player_focused_candidate_needs_article_review","Brisbane Broncos’ Brendan Piakura chased by nine rival NRL clubs","https://www.couriermail.com.au/sport/nrl/brisbane-broncos-brendan-piakura-chased-by-nine-rival-nrl-clubs/news-story/ad0bf270219a6cde8db4ba53ddd92bea","http://www.bing.com/news/apiclick.aspx?ref=FexRss&aid=&tid=6a52f64df65c493e8f6ec4b62580c4ab&url=https%3a%2f%2fwww.couriermail.com.au%2fsport%2fnrl%2fbrisbane-broncos-brendan-piakura-chased-by-nine-rival-nrl-clubs%2fnews-story%2fad0bf270219a6cde8db4ba53ddd92bea&c=4921779949548431350&mkt=en-au","","https://www.couriermail.com.au/sport/nrl/brisbane-broncos-brendan-piakura-chased-by-nine-rival-nrl-clubs/news-story/ad0bf270219a6cde8db4ba53ddd92bea","false","Widely considered a future Queensland State of Origin force, 18-year-old Brendan Piakura is just months away from becoming one of the most-prized signatures in the NRL. The Sunday Telegraph can reveal ..."
"bri","Brisbane Broncos","Jordan Riki","backup_baseline","","","","","","","","no_candidate_found","","","","","","",""
"bri","Brisbane Broncos","Patrick Carrigan","backup_baseline","1","au.sports.yahoo.com","23","contract_language|exact_player_name","true","Yahoo Sport Australia","Fri, 01 May 2026 17:00:00 GMT","player_focused_candidate_needs_article_review","Broncos star edging towards contract extension to remain one club player","https://au.sports.yahoo.com/broncos-star-edging-towards-contract-053136050.html","http://www.bing.com/news/apiclick.aspx?ref=FexRss&aid=&tid=6a52f65744f64562b4b4418210fd1e18&url=https%3a%2f%2fau.sports.yahoo.com%2fbroncos-star-edging-towards-contract-053136050.html&c=11650511554413212329&mkt=en-au","","https://au.sports.yahoo.com/broncos-star-edging-towards-contract-053136050.html","false","Brisbane Broncos superstar Patrick Carrigan and his management will begin chats on him re-signing with the club to ensure that he remains in Brisbane long-term. As one of the most consistent and ..."
"bri","Brisbane Broncos","Patrick Carrigan","backup_baseline","2","7news.com.au","4","contract_language|context_or_team_article","false","7NEWS Australia","Mon, 23 Sep 2024 08:54:00 GMT","team_or_context_candidate_needs_article_review","Broncos superstar Reece Walsh agrees to multi-million dollar contract extension","https://7news.com.au/sport/rugby-league/broncos-superstar-reece-walsh-agrees-to-multi-million-dollar-contract-extension-c-16162034","http://www.bing.com/news/apiclick.aspx?ref=FexRss&aid=&tid=6a52f65744f64562b4b4418210fd1e18&url=https%3a%2f%2f7news.com.au%2fsport%2frugby-league%2fbroncos-superstar-reece-walsh-agrees-to-multi-million-dollar-contract-extension-c-16162034&c=3971178330612469509&mkt=en-au","","https://7news.com.au/sport/rugby-league/broncos-superstar-reece-walsh-agrees-to-multi-million-dollar-contract-extension-c-16162034","false","It is thought Walsh’s new contract will make him second-highest paid player in the competition behind Newcastle Knights star Kalyn Ponga. Walsh is only 22 years old and Broncos ..."
"bri","Brisbane Broncos","Billy Walters","backup_baseline","1","au.news.yahoo.com","4","contract_language|context_or_team_article","false","Yahoo News Australia","Mon, 22 Jun 2026 17:24:00 GMT","team_or_context_candidate_needs_article_review","NRL fans divided after Broncos re-sign veteran and linked with former Origin player from rival club","https://au.news.yahoo.com/nrl-fans-divided-after-broncos-re-sign-veteran-and-linked-with-former-origin-player-from-rival-club-234604475.html","http://www.bing.com/news/apiclick.aspx?ref=FexRss&aid=&tid=6a52f65c29bd48f1b5aa08a031fad8e9&url=https%3a%2f%2fau.news.yahoo.com%2fnrl-fans-divided-after-broncos-re-sign-veteran-and-linked-with-former-origin-player-from-rival-club-234604475.html&c=7254748367207178614&mkt=en-au","","https://au.news.yahoo.com/nrl-fans-divided-after-broncos-re-sign-veteran-and-linked-with-former-origin-player-from-rival-club-234604475.html","false","Brisbane Broncos fans have been left surprised after the announcement they have re-signed veteran Ben Hunt on a one-year extension as the club juggles their salary cap. This also comes after the ..."
"bri","Brisbane Broncos","Xavier Willison","backup_baseline","","","","","","","","no_candidate_found","","","","","","",""
"bri","Brisbane Broncos","Jack Gosiewski","backup_baseline","","","","","","","","no_candidate_found","","","","","","",""
"bri","Brisbane Broncos","Aublix Tawha","backup_baseline","1","dailytelegraph.com.au","10","money|contract_language|context_or_team_article","false","The Daily Telegraph","Tue, 23 Jun 2026 12:12:00 GMT","team_or_context_candidate_needs_article_review","NRL to grant Perth Bears $500k salary cap concessions in landmark third-party arrangement","https://www.dailytelegraph.com.au/sport/nrl/nrl-to-grant-perth-bears-500k-salary-cap-concessions-in-landmark-thirdparty-arrangement/news-story/0c5c097536d723f0d0cb46c86fd051ff","http://www.bing.com/news/apiclick.aspx?ref=FexRss&aid=&tid=6a52f66e6ef34679a7fdcadf6a0f0c83&url=https%3a%2f%2fwww.dailytelegraph.com.au%2fsport%2fnrl%2fnrl-to-grant-perth-bears-500k-salary-cap-concessions-in-landmark-thirdparty-arrangement%2fnews-story%2f0c5c097536d723f0d0cb46c86fd051ff&c=13072428604770190172&mkt=en-au","","https://www.dailytelegraph.com.au/sport/nrl/nrl-to-grant-perth-bears-500k-salary-cap-concessions-in-landmark-thirdparty-arrangement/news-story/0c5c097536d723f0d0cb46c86fd051ff","false","In a historic development for the NRL’s 18th club, this masthead has been told Perth will receive a special marquee player privilege where existing club sponsors can top-up a player’s contract by 20 ..."
"bri","Brisbane Broncos","Aublix Tawha","backup_baseline","2","smh.com.au","7","contract_language|context_or_team_article","false","Sydney Morning Herald","Mon, 11 May 2020 17:00:00 GMT","team_or_context_candidate_needs_article_review","Nine, NRL on brink of deal to seal $1.9 billion broadcast bonanza","https://www.smh.com.au/sport/nrl/nine-nrl-on-brink-of-deal-to-seal-1-9-billion-broadcast-bonanza-20200512-p54scv.html","http://www.bing.com/news/apiclick.aspx?ref=FexRss&aid=&tid=6a52f66fa8834a3d8e369c9f24b348d1&url=https%3a%2f%2fwww.smh.com.au%2fsport%2fnrl%2fnine-nrl-on-brink-of-deal-to-seal-1-9-billion-broadcast-bonanza-20200512-p54scv.html&c=10283903415388544094&mkt=en-au","","https://www.smh.com.au/sport/nrl/nine-nrl-on-brink-of-deal-to-seal-1-9-billion-broadcast-bonanza-20200512-p54scv.html","false","You have reached your maximum number of saved items. Remove items from your saved list to add more. Nine Entertainment Co is close to agreeing to a revised three-year deal with the NRL as the code ..."
"bri","Brisbane Broncos","Aublix Tawha","backup_baseline","3","au.sports.yahoo.com","7","money|contract_language|context_or_team_article","false","Yahoo Sport Australia","Tue, 23 Jun 2026 17:00:00 GMT","team_or_context_candidate_needs_article_review","Perth Bears receive salary cap boost from NRL","https://au.sports.yahoo.com/perth-bears-receive-salary-cap-025110246.html","http://www.bing.com/news/apiclick.aspx?ref=FexRss&aid=&tid=6a52f671cfe346b88a198d0d4b21322b&url=https%3a%2f%2fau.sports.yahoo.com%2fperth-bears-receive-salary-cap-025110246.html&c=545008729362569136&mkt=en-au","","https://au.sports.yahoo.com/perth-bears-receive-salary-cap-025110246.html","false","The NRL has granted the Perth Bears up to $500,000 worth of salary cap concessions to compete in the fight against PNG Chiefs. The latest NRL expansion club with receive compensation from the NRL to ..."
"bri","Brisbane Broncos","Ben Talty","bucket_unknown","","","","","","","","no_candidate_found","","","","","","",""
"bri","Brisbane Broncos","Blake Mozer","bucket_unknown","","","","","","","","no_candidate_found","","","","","","",""
"bri","Brisbane Broncos","Ben Te Kura","bucket_unknown","1","dailytelegraph.com.au","33","money|contract_language|exact_player_name","true","Daily Telegraph","Wed, 01 Jul 2026 12:19:00 GMT","player_focused_candidate_needs_article_review","Broncos giant Ben Te Kura quits NRL to chase multimillion-dollar NFL dream","https://www.dailytelegraph.com.au/sport/broncos-giant-ben-te-kura-quits-nrl-to-chase-multimilliondollar-nfl-dream/news-story/6ed511b49e9e218d01a95be7885c961a","http://www.bing.com/news/apiclick.aspx?ref=FexRss&aid=&tid=6a52f67f144f467599e738ad4c868920&url=https%3a%2f%2fwww.dailytelegraph.com.au%2fsport%2fbroncos-giant-ben-te-kura-quits-nrl-to-chase-multimilliondollar-nfl-dream%2fnews-story%2f6ed511b49e9e218d01a95be7885c961a&c=5912082245677434099&mkt=en-au","","https://www.dailytelegraph.com.au/sport/broncos-giant-ben-te-kura-quits-nrl-to-chase-multimilliondollar-nfl-dream/news-story/6ed511b49e9e218d01a95be7885c961a","false","The Broncos have granted a full and immediate release to Ben Te Kura as the front-row giant edges a step closer to clinching a $1 million NFL contract."
"bri","Brisbane Broncos","Ben Te Kura","bucket_unknown","2","ntnews.com.au","30","money|contract_language|exact_player_name","true","NT News","Wed, 01 Jul 2026 08:15:00 GMT","player_focused_candidate_needs_article_review","Broncos giant Ben Te Kura quits NRL to chase multimillion-dollar NFL dream","https://www.ntnews.com.au/sport/broncos-giant-ben-te-kura-quits-nrl-to-chase-multimilliondollar-nfl-dream/news-story/6ed511b49e9e218d01a95be7885c961a","http://www.bing.com/news/apiclick.aspx?ref=FexRss&aid=&tid=6a52f67f5cde4d9eac2638a92037059a&url=https%3a%2f%2fwww.ntnews.com.au%2fsport%2fbroncos-giant-ben-te-kura-quits-nrl-to-chase-multimilliondollar-nfl-dream%2fnews-story%2f6ed511b49e9e218d01a95be7885c961a&c=12599023506146774901&mkt=en-au","","https://www.ntnews.com.au/sport/broncos-giant-ben-te-kura-quits-nrl-to-chase-multimilliondollar-nfl-dream/news-story/6ed511b49e9e218d01a95be7885c961a","false","The Broncos have granted a full and immediate release to Ben Te Kura as the front-row giant edges a step closer to clinching a $1 million NFL contract."
"bri","Brisbane Broncos","Ben Te Kura","bucket_unknown","3","dailytelegraph.com.au","30","contract_language|exact_player_name","true","Daily Telegraph","Wed, 01 Jul 2026 10:20:00 GMT","player_focused_candidate_needs_article_review","Broncos youngster Ben Te Kura released from NRL contract to chase NFL dream","https://www.dailytelegraph.com.au/sport/nrl/broncos-youngster-ben-te-kura-released-from-nrl-contract-to-chasenfl-dream/news-story/da3f72c4fe02281f73ae7cf2eb3a67f9","http://www.bing.com/news/apiclick.aspx?ref=FexRss&aid=&tid=6a52f67f144f467599e738ad4c868920&url=https%3a%2f%2fwww.dailytelegraph.com.au%2fsport%2fnrl%2fbroncos-youngster-ben-te-kura-released-from-nrl-contract-to-chasenfl-dream%2fnews-story%2fda3f72c4fe02281f73ae7cf2eb3a67f9&c=15903288897544246263&mkt=en-au","","https://www.dailytelegraph.com.au/sport/nrl/broncos-youngster-ben-te-kura-released-from-nrl-contract-to-chasenfl-dream/news-story/da3f72c4fe02281f73ae7cf2eb3a67f9","false","The 22-year-old has made just five appearances for Brisbane since making his debut in 2024, and back in April was given permission to take a break from his NRL commitments to attend a six-week NFL ..."
"bri","Brisbane Broncos","Ben Te Kura","bucket_unknown","4","heraldsun.com.au","30","money|contract_language|exact_player_name","true","Herald Sun","Wed, 01 Jul 2026 12:49:00 GMT","player_focused_candidate_needs_article_review","Broncos giant Ben Te Kura quits NRL to chase multimillion-dollar NFL dream","https://www.heraldsun.com.au/sport/broncos-giant-ben-te-kura-quits-nrl-to-chase-multimilliondollar-nfl-dream/news-story/6ed511b49e9e218d01a95be7885c961a","http://www.bing.com/news/apiclick.aspx?ref=FexRss&aid=&tid=6a52f6800dad45c5b210978eb38b3ad8&url=https%3a%2f%2fwww.heraldsun.com.au%2fsport%2fbroncos-giant-ben-te-kura-quits-nrl-to-chase-multimilliondollar-nfl-dream%2fnews-story%2f6ed511b49e9e218d01a95be7885c961a&c=4410089382147087835&mkt=en-au","","https://www.heraldsun.com.au/sport/broncos-giant-ben-te-kura-quits-nrl-to-chase-multimilliondollar-nfl-dream/news-story/6ed511b49e9e218d01a95be7885c961a","false","The Broncos have granted a full and immediate release to Ben Te Kura as the front-row giant edges a step closer to clinching a $1 million NFL contract."
"bri","Brisbane Broncos","Ben Te Kura","bucket_unknown","5","cairnspost.com.au","27","contract_language|exact_player_name","true","The Cairns Post","Wed, 01 Jul 2026 10:50:00 GMT","player_focused_candidate_needs_article_review","Broncos youngster Ben Te Kura released from NRL contract to chase NFL dream","https://www.cairnspost.com.au/sport/nrl/broncos-youngster-ben-te-kura-released-from-nrl-contract-to-chasenfl-dream/news-story/da3f72c4fe02281f73ae7cf2eb3a67f9","http://www.bing.com/news/apiclick.aspx?ref=FexRss&aid=&tid=6a52f67f5cde4d9eac2638a92037059a&url=https%3a%2f%2fwww.cairnspost.com.au%2fsport%2fnrl%2fbroncos-youngster-ben-te-kura-released-from-nrl-contract-to-chasenfl-dream%2fnews-story%2fda3f72c4fe02281f73ae7cf2eb3a67f9&c=12239355760462110012&mkt=en-au","","https://www.cairnspost.com.au/sport/nrl/broncos-youngster-ben-te-kura-released-from-nrl-contract-to-chasenfl-dream/news-story/da3f72c4fe02281f73ae7cf2eb3a67f9","false","The 22-year-old has made just five appearances for Brisbane since making his debut in 2024, and back in April was given permission to take a break from his NRL commitments to attend a six-week NFL ..."
"bri","Brisbane Broncos","Ben Te Kura","bucket_unknown","6","themercury.com.au","27","contract_language|exact_player_name","true","The Mercury","Wed, 01 Jul 2026 10:50:00 GMT","player_focused_candidate_needs_article_review","Broncos youngster Ben Te Kura released from NRL contract to chase NFL dream","https://www.themercury.com.au/sport/nrl/broncos-youngster-ben-te-kura-released-from-nrl-contract-to-chasenfl-dream/news-story/da3f72c4fe02281f73ae7cf2eb3a67f9","http://www.bing.com/news/apiclick.aspx?ref=FexRss&aid=&tid=6a52f6800dad45c5b210978eb38b3ad8&url=https%3a%2f%2fwww.themercury.com.au%2fsport%2fnrl%2fbroncos-youngster-ben-te-kura-released-from-nrl-contract-to-chasenfl-dream%2fnews-story%2fda3f72c4fe02281f73ae7cf2eb3a67f9&c=7234462988402915559&mkt=en-au","","https://www.themercury.com.au/sport/nrl/broncos-youngster-ben-te-kura-released-from-nrl-contract-to-chasenfl-dream/news-story/da3f72c4fe02281f73ae7cf2eb3a67f9","false","The 22-year-old has made just five appearances for Brisbane since making his debut in 2024, and back in April was given permission to take a break from his NRL commitments to attend a six-week NFL ..."
"bri","Brisbane Broncos","Ben Te Kura","bucket_unknown","7","broncos.com.au","27","contract_language|exact_player_name","true","Brisbane Broncos","Sat, 11 Apr 2026 13:04:00 GMT","player_focused_candidate_needs_article_review","Club Statement: Ben Te Kura","https://www.broncos.com.au/news/2026/07/02/club-statement-ben-te-kura/","http://www.bing.com/news/apiclick.aspx?ref=FexRss&aid=&tid=6a52f68374384fde80f64e7a87990f1b&url=https%3a%2f%2fwww.broncos.com.au%2fnews%2f2026%2f07%2f02%2fclub-statement-ben-te-kura%2f&c=11252107484130293899&mkt=en-au","","https://www.broncos.com.au/news/2026/07/02/club-statement-ben-te-kura/","false","The Brisbane Broncos have released forward Ben Te Kura from the remainder of his current contract, effective immediately, to allow him to pursue an NFL opportunity in the United States in 2027."
"bri","Brisbane Broncos","Cory Paix","bucket_unknown","","","","","","","","no_candidate_found","","","","","","",""
"bri","Brisbane Broncos","Delouise Hoeter","bucket_unknown","","","","","","","","no_candidate_found","","","","","","",""
"bri","Brisbane Broncos","Hayze Perham","bucket_unknown","","","","","","","","no_candidate_found","","","","","","",""
"bri","Brisbane Broncos","Jaiyden Hunt","bucket_unknown","1","heraldsun.com.au","5","contract_language|context_or_team_article","false","heraldsun.com.au","Mon, 15 Jun 2026 03:35:00 GMT","team_or_context_candidate_needs_article_review","NRL 2020: Dragons consider shock deal to send Ben Hunt back to Brisbane Broncos","https://www.heraldsun.com.au/sport/nrl/nrl-2020-dragons-consider-shock-deal-to-send-ben-hunt-back-to-brisbane-broncos/news-story/9a71ed1de7ffbe0722bce23eff341945","http://www.bing.com/news/apiclick.aspx?ref=FexRss&aid=&tid=6a52f6945da4436b8013ab8299ed0109&url=https%3a%2f%2fwww.heraldsun.com.au%2fsport%2fnrl%2fnrl-2020-dragons-consider-shock-deal-to-send-ben-hunt-back-to-brisbane-broncos%2fnews-story%2f9a71ed1de7ffbe0722bce23eff341945&c=1827344945001021331&mkt=en-au","","https://www.heraldsun.com.au/sport/nrl/nrl-2020-dragons-consider-shock-deal-to-send-ben-hunt-back-to-brisbane-broncos/news-story/9a71ed1de7ffbe0722bce23eff341945","false","News Corp can reveal the Dragons may look to pay up to half of Hunt’s wage should he make a shock return to the Broncos from next season. A key question in the possible shift would be whether Brisbane ..."
"bri","Brisbane Broncos","Jaiyden Hunt","bucket_unknown","2","au.sports.yahoo.com","4","contract_language|context_or_team_article","false","Yahoo Sport Australia","Thu, 07 May 2026 17:00:00 GMT","team_or_context_candidate_needs_article_review","The SEVEN current best value for money contracts in the NRL","https://au.sports.yahoo.com/seven-current-best-value-money-214941645.html","http://www.bing.com/news/apiclick.aspx?ref=FexRss&aid=&tid=6a52f698b1d0457d8c9d0f3476c50e05&url=https%3a%2f%2fau.sports.yahoo.com%2fseven-current-best-value-money-214941645.html&c=14537114608194793438&mkt=en-au","","https://au.sports.yahoo.com/seven-current-best-value-money-214941645.html","false","The beauty of the salary cap is that it is supposed to level the playing field for all NRL teams. There is enough space for stars, but not multiple, meaning rosters need to be carefully crafted so ..."
"bri","Brisbane Broncos","Jesse Arthars","bucket_unknown","1","dailytelegraph.com.au","33","contract_language|term_language|exact_player_name","true","The Daily Telegraph","Fri, 29 May 2026 04:56:00 GMT","player_focused_candidate_needs_article_review","Jesse Arthars to leave Broncos at end of 2026 season, Sharks extend Sam Stonestreet","https://www.dailytelegraph.com.au/sport/nrl/jesse-arthars-to-leave-broncos-at-end-of-2026-season-amid-salary-cap-pressures/news-story/36664c6089176c5167538c6e9ebf24bd","http://www.bing.com/news/apiclick.aspx?ref=FexRss&aid=&tid=6a52f69a72e94de5bf85ee7fae90d6dd&url=https%3a%2f%2fwww.dailytelegraph.com.au%2fsport%2fnrl%2fjesse-arthars-to-leave-broncos-at-end-of-2026-season-amid-salary-cap-pressures%2fnews-story%2f36664c6089176c5167538c6e9ebf24bd&c=11833006296432438287&mkt=en-au","","https://www.dailytelegraph.com.au/sport/nrl/jesse-arthars-to-leave-broncos-at-end-of-2026-season-amid-salary-cap-pressures/news-story/36664c6089176c5167538c6e9ebf24bd","false","Arthars will depart Red Hill at the end of 2026 after being squeezed out of the Broncos by salary cap pressures and Brisbane’s log-jam of rising outside backs. Arthars, 27, has spent six seasons at ..."
"bri","Brisbane Broncos","Jesse Arthars","bucket_unknown","2","themercury.com.au","30","contract_language|term_language|exact_player_name","true","The Mercury","Fri, 29 May 2026 04:56:00 GMT","player_focused_candidate_needs_article_review","Jesse Arthars to leave Broncos at end of 2026 season, Sharks extend Sam Stonestreet","https://www.themercury.com.au/sport/nrl/jesse-arthars-to-leave-broncos-at-end-of-2026-season-amid-salary-cap-pressures/news-story/36664c6089176c5167538c6e9ebf24bd","http://www.bing.com/news/apiclick.aspx?ref=FexRss&aid=&tid=6a52f69afffd4bc1959830cf4e75c905&url=https%3a%2f%2fwww.themercury.com.au%2fsport%2fnrl%2fjesse-arthars-to-leave-broncos-at-end-of-2026-season-amid-salary-cap-pressures%2fnews-story%2f36664c6089176c5167538c6e9ebf24bd&c=14708693087567876692&mkt=en-au","","https://www.themercury.com.au/sport/nrl/jesse-arthars-to-leave-broncos-at-end-of-2026-season-amid-salary-cap-pressures/news-story/36664c6089176c5167538c6e9ebf24bd","false","Arthars will depart Red Hill at the end of 2026 after being squeezed out of the Broncos by salary cap pressures and Brisbane’s log-jam of rising outside backs. Arthars, 27, has spent six seasons at ..."
"bri","Brisbane Broncos","Jesse Arthars","bucket_unknown","3","dailytelegraph.com.au","27","exact_player_name","true","The Daily Telegraph","Fri, 19 Jun 2026 03:23:00 GMT","player_focused_candidate_needs_article_review","‘We just can’t afford them’: Jesse Arthars’ exit leaves eightunsigned Broncos fighting for deals in 2027","https://www.dailytelegraph.com.au/sport/nrl/we-just-cant-afford-them-the-nine-unsigned-broncos-fighting-for-deals-in-2027/news-story/2578b17d3fbe11cd24883b17775fae5f","http://www.bing.com/news/apiclick.aspx?ref=FexRss&aid=&tid=6a52f69a72e94de5bf85ee7fae90d6dd&url=https%3a%2f%2fwww.dailytelegraph.com.au%2fsport%2fnrl%2fwe-just-cant-afford-them-the-nine-unsigned-broncos-fighting-for-deals-in-2027%2fnews-story%2f2578b17d3fbe11cd24883b17775fae5f&c=5842994355268129362&mkt=en-au","","https://www.dailytelegraph.com.au/sport/nrl/we-just-cant-afford-them-the-nine-unsigned-broncos-fighting-for-deals-in-2027/news-story/2578b17d3fbe11cd24883b17775fae5f","false","Versatile Broncos back Jesse Arthars has become the latest player to leave the club, as a third of Brisbane’s full-time squad remain free agents with 10 games left to save their careers at Red Hill."
"bri","Brisbane Broncos","Jesse Arthars","bucket_unknown","4","theaustralian.com.au","24","exact_player_name","true","The Australian","Thu, 18 Jun 2026 16:55:00 GMT","player_focused_candidate_needs_article_review","‘We just can’t afford them’: Jesse Arthars’ exit leaves eightunsigned Broncos fighting for deals in 2027","https://www.theaustralian.com.au/sport/nrl/we-just-cant-afford-them-the-nine-unsigned-broncos-fighting-for-deals-in-2027/news-story/2578b17d3fbe11cd24883b17775fae5f","http://www.bing.com/news/apiclick.aspx?ref=FexRss&aid=&tid=6a52f69afffd4bc1959830cf4e75c905&url=https%3a%2f%2fwww.theaustralian.com.au%2fsport%2fnrl%2fwe-just-cant-afford-them-the-nine-unsigned-broncos-fighting-for-deals-in-2027%2fnews-story%2f2578b17d3fbe11cd24883b17775fae5f&c=8081730332058751998&mkt=en-au","","https://www.theaustralian.com.au/sport/nrl/we-just-cant-afford-them-the-nine-unsigned-broncos-fighting-for-deals-in-2027/news-story/2578b17d3fbe11cd24883b17775fae5f","false","Brisbane’s retention of boom playmaker Tom Duffy has left nine Broncos stars in a desperate fight for contracts as the June 30 transfer deadline looms."
"bri","Brisbane Broncos","Josh Rogers","bucket_unknown","","","","","","","","no_candidate_found","","","","","","",""
"bri","Brisbane Broncos","Josiah Karapani","bucket_unknown","","","","","","","","no_candidate_found","","","","","","",""
"bri","Brisbane Broncos","Tom Duffy","bucket_unknown","1","adelaidenow.com.au","27","contract_language|exact_player_name","true","Adelaide Now","Mon, 13 Apr 2026 12:09:00 GMT","player_focused_candidate_needs_article_review","Broncos rookie Tom Duffy welcomes halfback duel with future teammate Jonah Pezet","https://www.adelaidenow.com.au/sport/nrl/broncos-rookie-tom-duffy-welcomes-halfback-duel-with-future-teammate-jonah-pezet/news-story/ac1ef03d45eb49e9f7bdef1de76c802b","http://www.bing.com/news/apiclick.aspx?ref=FexRss&aid=&tid=6a52f6accd0844c790d5d1e33f14f7f6&url=https%3a%2f%2fwww.adelaidenow.com.au%2fsport%2fnrl%2fbroncos-rookie-tom-duffy-welcomes-halfback-duel-with-future-teammate-jonah-pezet%2fnews-story%2fac1ef03d45eb49e9f7bdef1de76c802b&c=5622912620409635604&mkt=en-au","","https://www.adelaidenow.com.au/sport/nrl/broncos-rookie-tom-duffy-welcomes-halfback-duel-with-future-teammate-jonah-pezet/news-story/ac1ef03d45eb49e9f7bdef1de76c802b","false","Young gun Tom Duffy has refused to play second fiddle to incoming rival Jonah Pezet as Brisbane bosses open contract talks to secure their halfback future. Broncos bosses have kicked off contract ..."
"bri","Brisbane Broncos","Tom Duffy","bucket_unknown","2","foxsports.com.au","6","contract_language|context_or_team_article","false","Fox Sports","Wed, 03 Jun 2026 17:00:00 GMT","team_or_context_candidate_needs_article_review","Major contract twist in Broncos’ halfback succession plan puts shock heat on stars — Whispers","https://www.foxsports.com.au/nrl/nrl-premiership/young-gun-on-the-verge-of-sealing-nrl-future-in-potential-broncos-shakeup-whispers/news-story/bd231e4b14cdc2a5ae29457340596f7c","http://www.bing.com/news/apiclick.aspx?ref=FexRss&aid=&tid=6a52f6accd0844c790d5d1e33f14f7f6&url=https%3a%2f%2fwww.foxsports.com.au%2fnrl%2fnrl-premiership%2fyoung-gun-on-the-verge-of-sealing-nrl-future-in-potential-broncos-shakeup-whispers%2fnews-story%2fbd231e4b14cdc2a5ae29457340596f7c&c=2266053267047591471&mkt=en-au","","https://www.foxsports.com.au/nrl/nrl-premiership/young-gun-on-the-verge-of-sealing-nrl-future-in-potential-broncos-shakeup-whispers/news-story/bd231e4b14cdc2a5ae29457340596f7c","false","WHAT'S GAMBLING REALLY COSTING YOU? Set a deposit limit. For Free and confidential support call 1800 858 858 or visit gamblinghelponline.org.au. Watch every game of every round of the NRL Premiership ..."
"can","Canberra Raiders","Kaeo Weekes","backup_baseline","1","7news.com.au","7","money|contract_language|context_or_team_article","false","7NEWS Australia","Fri, 28 Oct 2022 02:27:00 GMT","team_or_context_candidate_needs_article_review","Ultimate NRL free agency preview: Your club’s out-of-contract stars and where they could end up","https://7news.com.au/sport/rugby-league/ultimate-nrl-free-agency-preview-your-clubs-out-of-contract-stars-and-where-they-could-end-up-c-8677336","http://www.bing.com/news/apiclick.aspx?ref=FexRss&aid=&tid=6a52f6b62eb74ec9b0b0cff96c7c17b9&url=https%3a%2f%2f7news.com.au%2fsport%2frugby-league%2fultimate-nrl-free-agency-preview-your-clubs-out-of-contract-stars-and-where-they-could-end-up-c-8677336&c=143273184193222445&mkt=en-au","","https://7news.com.au/sport/rugby-league/ultimate-nrl-free-agency-preview-your-clubs-out-of-contract-stars-and-where-they-could-end-up-c-8677336","false","Over $50 million worth of player talent will be free to negotiate with clubs for season 2024 and beyond when the NRL free agency period begins on November 1. Latrell Mitchell, Mit ..."
"can","Canberra Raiders","Savelio Tamale","backup_baseline","","","","","","","","no_candidate_found","","","","","","",""
"can","Canberra Raiders","Matthew Timoko","backup_baseline","","","","","","","","no_candidate_found","","","","","","",""
"can","Canberra Raiders","Sebastian Kris","backup_baseline","1","canberratimes.com.au","19","contract_language|exact_player_name","true","The Canberra Times","Tue, 07 Jul 2026 11:47:00 GMT","context_only_untrusted_domain","Backline axing: how Ricky plans to get the season back on track","https://www.canberratimes.com.au/story/9306468/nrl-canberra-raiders-v-bulldogs-teams-sebastian-kris-talks-contract/","http://www.bing.com/news/apiclick.aspx?ref=FexRss&aid=&tid=6a52f6c554ca4da389ca05649a8a5a68&url=https%3a%2f%2fwww.canberratimes.com.au%2fstory%2f9306468%2fnrl-canberra-raiders-v-bulldogs-teams-sebastian-kris-talks-contract%2f&c=11186149290996087308&mkt=en-au","","https://www.canberratimes.com.au/story/9306468/nrl-canberra-raiders-v-bulldogs-teams-sebastian-kris-talks-contract/","false","Raiders outside back Sebastian Kris has made his contract goals clear after Canberra made several changes to the squad named to face the Bulldogs in round 19. Melanie Dinjaski is an experienced sports ..."
"can","Canberra Raiders","Xavier Savage","backup_baseline","","","","","","","","no_candidate_found","","","","","","",""
"can","Canberra Raiders","Ethan Strange","backup_baseline","","","","","","","","no_candidate_found","","","","","","",""
"can","Canberra Raiders","Ethan Sanders","backup_baseline","","","","","","","","no_candidate_found","","","","","","",""
"can","Canberra Raiders","Josh Papali'i","backup_baseline","","","","","","","","no_candidate_found","","","","","","",""
"can","Canberra Raiders","Tom Starling","backup_baseline","","","","","","","","no_candidate_found","","","","","","",""
"can","Canberra Raiders","Joseph Tapine","backup_baseline","1","adelaidenow.com.au","27","contract_language|exact_player_name","true","Adelaide Now","Thu, 25 Jun 2026 00:33:00 GMT","player_focused_candidate_needs_article_review","NRL 2016: Newcastle Knights release Joseph Tapine after signing a contract with Canberra Raiders","https://www.adelaidenow.com.au/sport/nrl/nrl-2016-newcastle-knights-release-joseph-tapine-after-signing-a-contract-with-canberra-raiders/news-story/521aeb39aeb5be58eb6108e6738a0a37","http://www.bing.com/news/apiclick.aspx?ref=FexRss&aid=&tid=6a52f6eb41dd466089cc3c3245b4568a&url=https%3a%2f%2fwww.adelaidenow.com.au%2fsport%2fnrl%2fnrl-2016-newcastle-knights-release-joseph-tapine-after-signing-a-contract-with-canberra-raiders%2fnews-story%2f521aeb39aeb5be58eb6108e6738a0a37&c=824839356847515268&mkt=en-au","","https://www.adelaidenow.com.au/sport/nrl/nrl-2016-newcastle-knights-release-joseph-tapine-after-signing-a-contract-with-canberra-raiders/news-story/521aeb39aeb5be58eb6108e6738a0a37","false","THE three-way tug of war between Newcastle, Canberra and Joe Tapine is over after the Knights released the second rower from his 2016 contract. In a statement the club said the details of the release ..."
"can","Canberra Raiders","Hudson Young","backup_baseline","1","au.sports.yahoo.com","27","contract_language|exact_player_name","true","Yahoo Sport Australia","Sat, 16 May 2026 17:00:00 GMT","player_focused_candidate_needs_article_review","Hudson Young to begin negotiations over future","https://au.sports.yahoo.com/hudson-young-begin-negotiations-over-051454113.html","http://www.bing.com/news/apiclick.aspx?ref=FexRss&aid=&tid=6a52f6f2beb3442fb7b75b934f07c965&url=https%3a%2f%2fau.sports.yahoo.com%2fhudson-young-begin-negotiations-over-051454113.html&c=18150473774771361190&mkt=en-au","","https://au.sports.yahoo.com/hudson-young-begin-negotiations-over-051454113.html","false","The Canberra Raiders are set to kick off talks with Hudson Young in the coming weeks over a long-term contract extension. Young has become one of the best - and more importantly most consistent - ..."
"can","Canberra Raiders","Hudson Young","backup_baseline","2","msn.com","3","money|contract_language|context_or_team_article","false","The Sydney Morning Herald on MSN","Tue, 30 Jun 2026 21:37:58 GMT","context_only_untrusted_domain","New broadcast deal could push NRL salary cap up to $20m by 2028","https://www.msn.com/en-au/news/australia/new-broadcast-deal-could-push-nrl-salary-cap-up-to-20m-by-2028/ar-AA26H5IM","http://www.bing.com/news/apiclick.aspx?ref=FexRss&aid=&tid=6a52f6f3a7894bd5a1c64eb9d46cc7b1&url=https%3a%2f%2fwww.msn.com%2fen-au%2fnews%2faustralia%2fnew-broadcast-deal-could-push-nrl-salary-cap-up-to-20m-by-2028%2far-AA26H5IM&c=15095945392879639673&mkt=en-au","","https://www.msn.com/en-au/news/australia/new-broadcast-deal-could-push-nrl-salary-cap-up-to-20m-by-2028/ar-AA26H5IM","false","A rich new broadcast deal means more money coming into the game. The biggest winners will be the star players, who could soon demand up to $2 million per season."
"can","Canberra Raiders","Noah Martin","backup_baseline","","","","","","","","no_candidate_found","","","","","","",""
"can","Canberra Raiders","Corey Horsburgh","backup_baseline","","","","","","","","no_candidate_found","","","","","","",""
"can","Canberra Raiders","Jayden Brailey","backup_baseline","","","","","","","","no_candidate_found","","","","","","",""
"can","Canberra Raiders","Zac Hosking","backup_baseline","","","","","","","","no_candidate_found","","","","","","",""
"can","Canberra Raiders","Morgan Smithies","backup_baseline","1","foxsports.com.au","6","contract_language|context_or_team_article","false","FOX SPORTS","Sun, 31 Dec 2000 16:00:00 GMT","team_or_context_candidate_needs_article_review","Sharks duo squeezed out in cap headache; Roosters’ Teddy move as rival circles: Transfer Whispers","https://www.foxsports.com.au/nrl/nrl-premiership/nrl-2025-transfer-whispers-morgan-smithies-contracts-matty-nicholson-extensions-chevy-stewart-release-trey-mooney-josh-papalii-canberra-raiders-round-22/news-story/80583fe7c5e0352831c7e416d68a3f1e","http://www.bing.com/news/apiclick.aspx?ref=FexRss&aid=&tid=6a52f7142e3d4003838b10cf927fb9b0&url=https%3a%2f%2fwww.foxsports.com.au%2fnrl%2fnrl-premiership%2fnrl-2025-transfer-whispers-morgan-smithies-contracts-matty-nicholson-extensions-chevy-stewart-release-trey-mooney-josh-papalii-canberra-raiders-round-22%2fnews-story%2f80583fe7c5e0352831c7e416d68a3f1e&c=14485282481672669639&mkt=en-au","","https://www.foxsports.com.au/nrl/nrl-premiership/nrl-2025-transfer-whispers-morgan-smithies-contracts-matty-nicholson-extensions-chevy-stewart-release-trey-mooney-josh-papalii-canberra-raiders-round-22/news-story/80583fe7c5e0352831c7e416d68a3f1e","false","Fermor had been loosely linked to a move to Parramatta, but Eels brass have shut that down according to Code Sports, with the club believing they have enough young back row talent coming through. It ..."
"can","Canberra Raiders","Simi Sasagi","backup_baseline","","","","","","","","no_candidate_found","","","","","","",""
"can","Canberra Raiders","Ata Mariota","bucket_unknown","","","","","","","","no_candidate_found","","","","","","",""
"can","Canberra Raiders","Chevy Stewart","bucket_unknown","","","","","","","","no_candidate_found","","","","","","",""
"can","Canberra Raiders","Coby Black","bucket_unknown","","","","","","","","no_candidate_found","","","","","","",""
"can","Canberra Raiders","Daine Laurie","bucket_unknown","","","","","","","","no_candidate_found","","","","","","",""
"can","Canberra Raiders","Jake Clydesdale","bucket_unknown","","","","","","","","no_candidate_found","","","","","","",""
"can","Canberra Raiders","Joe Roddy","bucket_unknown","","","","","","","","no_candidate_found","","","","","","",""
"can","Canberra Raiders","Matty Nicholson","bucket_unknown","1","foxsports.com.au","6","contract_language|context_or_team_article","false","FOX SPORTS","Sun, 31 Dec 2000 16:00:00 GMT","team_or_context_candidate_needs_article_review","Sharks duo squeezed out in cap headache; Roosters’ Teddy move as rival circles: Transfer Whispers","https://www.foxsports.com.au/nrl/nrl-premiership/nrl-2025-transfer-whispers-morgan-smithies-contracts-matty-nicholson-extensions-chevy-stewart-release-trey-mooney-josh-papalii-canberra-raiders-round-22/news-story/80583fe7c5e0352831c7e416d68a3f1e","http://www.bing.com/news/apiclick.aspx?ref=FexRss&aid=&tid=6a52f748e108452ba8a8a961180a19a7&url=https%3a%2f%2fwww.foxsports.com.au%2fnrl%2fnrl-premiership%2fnrl-2025-transfer-whispers-morgan-smithies-contracts-matty-nicholson-extensions-chevy-stewart-release-trey-mooney-josh-papalii-canberra-raiders-round-22%2fnews-story%2f80583fe7c5e0352831c7e416d68a3f1e&c=14485282481672669639&mkt=en-au","","https://www.foxsports.com.au/nrl/nrl-premiership/nrl-2025-transfer-whispers-morgan-smithies-contracts-matty-nicholson-extensions-chevy-stewart-release-trey-mooney-josh-papalii-canberra-raiders-round-22/news-story/80583fe7c5e0352831c7e416d68a3f1e","false","Fermor had been loosely linked to a move to Parramatta, but Eels brass have shut that down according to Code Sports, with the club believing they have enough young back row talent coming through. It ..."
"can","Canberra Raiders","Michael Asomua","bucket_unknown","","","","","","","","no_candidate_found","","","","","","",""
"can","Canberra Raiders","Myles Martin","bucket_unknown","","","","","","","","no_candidate_found","","","","","","",""
"can","Canberra Raiders","Owen Pattie","bucket_unknown","","","","","","","","no_candidate_found","","","","","","",""
"can","Canberra Raiders","Sione Finau","bucket_unknown","","","","","","","","no_candidate_found","","","","","","",""
"can","Canberra Raiders","Vena Patuki-Case","bucket_unknown","","","","","","","","no_candidate_found","","","","","","",""
"cby","Canterbury-Bankstown Bulldogs","Connor Tracey","backup_baseline","","","","","","","","no_candidate_found","","","","","","",""
"cby","Canterbury-Bankstown Bulldogs","Jacob Kiraz","backup_baseline","","","","","","","","no_candidate_found","","","","","","",""
"cby","Canterbury-Bankstown Bulldogs","Bronson Xerri","backup_baseline","1","au.sports.yahoo.com","30","contract_language|news_corp_reporting|exact_player_name","true","Yahoo Sports Australia","Fri, 26 Jun 2026 20:24:00 GMT","player_focused_candidate_needs_article_review","Bronson Xerri set to make call on his NRL future","https://au.sports.yahoo.com/bronson-xerri-set-call-nrl-032444855.html","http://www.bing.com/news/apiclick.aspx?ref=FexRss&aid=&tid=6a52f77b40d84944b6f9e579e496d97b&url=https%3a%2f%2fau.sports.yahoo.com%2fbronson-xerri-set-call-nrl-032444855.html&c=18419998766278715218&mkt=en-au","","https://au.sports.yahoo.com/bronson-xerri-set-call-nrl-032444855.html","false","Melbourne Storm have pulled off one of the more compelling transfer market moves of the season. The Daily Telegraph reports that Bronson Xerri is set to sign a three-year deal with the Storm and end a ..."
"cby","Canterbury-Bankstown Bulldogs","Bronson Xerri","backup_baseline","2","zerotackle.com","30","contract_language|news_corp_reporting|exact_player_name","true","zerotackle","Sat, 27 Jun 2026 06:24:00 GMT","player_focused_candidate_needs_article_review","Bronson Xerri set to make call on his NRL future","https://www.zerotackle.com/bronson-xerri-set-to-make-call-on-his-nrl-future-235321/","http://www.bing.com/news/apiclick.aspx?ref=FexRss&aid=&tid=6a52f77ff32343709d7439daa1cbf9ab&url=https%3a%2f%2fwww.zerotackle.com%2fbronson-xerri-set-to-make-call-on-his-nrl-future-235321%2f&c=235101501846985779&mkt=en-au","","https://www.zerotackle.com/bronson-xerri-set-to-make-call-on-his-nrl-future-235321/","false","Melbourne Storm have pulled off one of the more compelling transfer market moves of the season. The Daily Telegraph reports that Bronson Xerri is set to sign a three-year deal with the Storm and end a ..."
"cby","Canterbury-Bankstown Bulldogs","Bronson Xerri","backup_baseline","3","msn.com","20","exact_player_name","true","Sydney Morning Herald on MSN","Wed, 24 Jun 2026 18:20:06 GMT","context_only_untrusted_domain","Bronson Xerri hits open market early as rivals push for pre-June 30 move","https://www.msn.com/en-au/news/other/bronson-xerri-hits-open-market-early-as-rivals-push-for-pre-june-30-move/ar-AA26oI9x","http://www.bing.com/news/apiclick.aspx?ref=FexRss&aid=&tid=6a52f77b40d84944b6f9e579e496d97b&url=https%3a%2f%2fwww.msn.com%2fen-au%2fnews%2fother%2fbronson-xerri-hits-open-market-early-as-rivals-push-for-pre-june-30-move%2far-AA26oI9x&c=2068927991563165087&mkt=en-au","","https://www.msn.com/en-au/news/other/bronson-xerri-hits-open-market-early-as-rivals-push-for-pre-june-30-move/ar-AA26oI9x","false","The Bulldogs centre is eyeing an early exit from Belmore after a drama-charged season."
"cby","Canterbury-Bankstown Bulldogs","Bronson Xerri","backup_baseline","4","msn.com","19","contract_language|exact_player_name","true","FOX SPORTS on MSN","Thu, 09 Jul 2026 20:10:00 GMT","context_only_untrusted_domain","Rival snaps up Dogs outcast on multi-year deal as early release granted","https://www.msn.com/en-au/news/other/rival-snaps-up-dogs-outcast-on-multi-year-deal-as-early-release-granted/ar-AA27AcPa","http://www.bing.com/news/apiclick.aspx?ref=FexRss&aid=&tid=6a52f77b40d84944b6f9e579e496d97b&url=https%3a%2f%2fwww.msn.com%2fen-au%2fnews%2fother%2frival-snaps-up-dogs-outcast-on-multi-year-deal-as-early-release-granted%2far-AA27AcPa&c=10503908967677821290&mkt=en-au","","https://www.msn.com/en-au/news/other/rival-snaps-up-dogs-outcast-on-multi-year-deal-as-early-release-granted/ar-AA27AcPa","false","Bronson Xerri will join the Melbourne Storm next season after the club announced they’d signed the strike centre on a three-year deal."
"cby","Canterbury-Bankstown Bulldogs","Bronson Xerri","backup_baseline","5","msn.com","19","contract_language|exact_player_name","true","SportsWire on MSN","Thu, 09 Jul 2026 15:15:00 GMT","context_only_untrusted_domain","Xerri agrees to new deal with rival club","https://www.msn.com/en-au/sport/rugby_league/xerri-agrees-to-new-deal-with-rival-club/ar-AA27B7nF","http://www.bing.com/news/apiclick.aspx?ref=FexRss&aid=&tid=6a52f77caf214ab9976aa6bbf24b8007&url=https%3a%2f%2fwww.msn.com%2fen-au%2fsport%2frugby_league%2fxerri-agrees-to-new-deal-with-rival-club%2far-AA27B7nF&c=5261455232859996779&mkt=en-au","","https://www.msn.com/en-au/sport/rugby_league/xerri-agrees-to-new-deal-with-rival-club/ar-AA27B7nF","false","Bronson Xerri won’t be a Bulldog in 2027 after the strike centre signed a three-year deal with a powerhouse club that was desperate for outside backs."
"cby","Canterbury-Bankstown Bulldogs","Stephen Crichton","backup_baseline","1","adelaidenow.com.au","30","money|contract_language|exact_player_name","true","Adelaide Now","Sat, 23 Jan 2021 12:31:00 GMT","player_focused_candidate_needs_article_review","Stephen Crichton set to become highest-paid centre in NRL — here’s who he beat to the title","https://www.adelaidenow.com.au/sport/nrl/stephen-crichtons-contract-standoff-costs-penrith-a-pretty-penny/news-story/c9aced98ad5f9dbf107ff5d2d25c4469","http://www.bing.com/news/apiclick.aspx?ref=FexRss&aid=&tid=6a52f78027bd4a55965c5e88dbc04e66&url=https%3a%2f%2fwww.adelaidenow.com.au%2fsport%2fnrl%2fstephen-crichtons-contract-standoff-costs-penrith-a-pretty-penny%2fnews-story%2fc9aced98ad5f9dbf107ff5d2d25c4469&c=2775133289773259913&mkt=en-au","","https://www.adelaidenow.com.au/sport/nrl/stephen-crichtons-contract-standoff-costs-penrith-a-pretty-penny/news-story/c9aced98ad5f9dbf107ff5d2d25c4469","false","Stephen Crichton is set to become the highest-earning centre in the NRL, overtaking some seriously big names. See full list. Crichton will be offered a $10,000-a-game upgrade to his existing contract ..."
"cby","Canterbury-Bankstown Bulldogs","Stephen Crichton","backup_baseline","2","smh.com.au","7","contract_language|context_or_team_article","false","The Sydney Morning Herald","Tue, 07 Jul 2026 00:30:00 GMT","team_or_context_candidate_needs_article_review","How Nine, Foxtel and the NRL did the most lucrative sports rights deal in Australian history","https://www.smh.com.au/business/companies/how-nine-foxtel-and-the-nrl-did-the-most-lucrative-sports-rights-deal-in-australian-history-20260707-p60dal.html","http://www.bing.com/news/apiclick.aspx?ref=FexRss&aid=&tid=6a52f782c12249b3b1612d38ab2ee160&url=https%3a%2f%2fwww.smh.com.au%2fbusiness%2fcompanies%2fhow-nine-foxtel-and-the-nrl-did-the-most-lucrative-sports-rights-deal-in-australian-history-20260707-p60dal.html&c=1830705064507331183&mkt=en-au","","https://www.smh.com.au/business/companies/how-nine-foxtel-and-the-nrl-did-the-most-lucrative-sports-rights-deal-in-australian-history-20260707-p60dal.html","false","Months of tough negotiations and the looming spectre of a multinational big tech company led to Tuesday’s announcement."
"cby","Canterbury-Bankstown Bulldogs","Marcelo Montoya","backup_baseline","1","dailytelegraph.com.au","27","exact_player_name","true","The Daily Telegraph","Wed, 17 Jun 2026 08:59:00 GMT","player_focused_candidate_needs_article_review","Canterbury Bulldogs winger Marcelo Montoya announces NRL retirement","https://www.dailytelegraph.com.au/sport/nrl/canterbury-bulldogs-winger-marcelo-montoya-announces-nrl-retirement/news-story/1f158635f08a8bc48e83016270be3054","http://www.bing.com/news/apiclick.aspx?ref=FexRss&aid=&tid=6a52f78876b24f17a2e590a1deb6d646&url=https%3a%2f%2fwww.dailytelegraph.com.au%2fsport%2fnrl%2fcanterbury-bulldogs-winger-marcelo-montoya-announces-nrl-retirement%2fnews-story%2f1f158635f08a8bc48e83016270be3054&c=9284122693011895768&mkt=en-au","","https://www.dailytelegraph.com.au/sport/nrl/canterbury-bulldogs-winger-marcelo-montoya-announces-nrl-retirement/news-story/1f158635f08a8bc48e83016270be3054","false","Montoya, who has played for the Bulldogs and Warriors has called time on his career after struggling to stay on the field throughout the 2026 season, only playing eight games to start the year. Moving ..."
"cby","Canterbury-Bankstown Bulldogs","Matt Burton","backup_baseline","1","msn.com","3","money|contract_language|context_or_team_article","false","The Sydney Morning Herald on MSN","Tue, 30 Jun 2026 21:37:58 GMT","context_only_untrusted_domain","New broadcast deal could push NRL salary cap up to $20m by 2028","https://www.msn.com/en-au/news/australia/new-broadcast-deal-could-push-nrl-salary-cap-up-to-20m-by-2028/ar-AA26H5IM","http://www.bing.com/news/apiclick.aspx?ref=FexRss&aid=&tid=6a52f7907a994fecb3847b98b21060ef&url=https%3a%2f%2fwww.msn.com%2fen-au%2fnews%2faustralia%2fnew-broadcast-deal-could-push-nrl-salary-cap-up-to-20m-by-2028%2far-AA26H5IM&c=15095945392879639673&mkt=en-au","","https://www.msn.com/en-au/news/australia/new-broadcast-deal-could-push-nrl-salary-cap-up-to-20m-by-2028/ar-AA26H5IM","false","A rich new broadcast deal means more money coming into the game. The biggest winners will be the star players, who could soon demand up to $2 million per season."
"cby","Canterbury-Bankstown Bulldogs","Lachlan Galvin","backup_baseline","1","7news.com.au","27","money|exact_player_name","true","7NEWS Australia","Thu, 22 May 2025 12:15:00 GMT","player_focused_candidate_needs_article_review","Lachlan Galvin nears Wests Tigers exit as $2m sacrifice emerges in offers from Eels and Bulldogs","https://7news.com.au/sport/rugby-league/lachlan-galvin-nears-wests-tigers-exit-as-2m-sacrifice-emerges-in-offers-from-eels-and-bulldogs-c-18790860","http://www.bing.com/news/apiclick.aspx?ref=FexRss&aid=&tid=6a52f7957a9d4a8787d8d42ab429f42d&url=https%3a%2f%2f7news.com.au%2fsport%2frugby-league%2flachlan-galvin-nears-wests-tigers-exit-as-2m-sacrifice-emerges-in-offers-from-eels-and-bulldogs-c-18790860&c=17082717594040337412&mkt=en-au","","https://7news.com.au/sport/rugby-league/lachlan-galvin-nears-wests-tigers-exit-as-2m-sacrifice-emerges-in-offers-from-eels-and-bulldogs-c-18790860","false","Departing Wests Tigers star Lachlan Galvin is reportedly weighing up offers from the Bulldogs and Eels as the drawn out saga appears to nearing a speedy conclusion. The Sydney Morning Herald reports ..."
"cby","Canterbury-Bankstown Bulldogs","Lachlan Galvin","backup_baseline","2","theaustralian.com.au","24","exact_player_name","true","The Australian","Wed, 01 Jul 2026 03:43:00 GMT","player_focused_candidate_needs_article_review","Lachlan Galvin called into NSW Blues camp ahead of the State of Origin decider","https://www.theaustralian.com.au/sport/nrl/lachlan-galvin-called-into-nsw-blues-camp-ahead-of-the-state-of-origin-decider/news-story/b34bb1bba2ab116e6a9187f09059c8a3","http://www.bing.com/news/apiclick.aspx?ref=FexRss&aid=&tid=6a52f79500fe49629342dcc69ccdeb57&url=https%3a%2f%2fwww.theaustralian.com.au%2fsport%2fnrl%2flachlan-galvin-called-into-nsw-blues-camp-ahead-of-the-state-of-origin-decider%2fnews-story%2fb34bb1bba2ab116e6a9187f09059c8a3&c=13580524535144711481&mkt=en-au","","https://www.theaustralian.com.au/sport/nrl/lachlan-galvin-called-into-nsw-blues-camp-ahead-of-the-state-of-origin-decider/news-story/b34bb1bba2ab116e6a9187f09059c8a3","false","Canterbury’s Lachlan Galvin has been drafted into an extended NSW camp. While there is no suggestion Galvin will play Wednesday night’s State of Origin decider, Galvin will join camp for experience ..."
"cby","Canterbury-Bankstown Bulldogs","Max King","backup_baseline","","","","","","","","no_candidate_found","","","","","","",""
"cby","Canterbury-Bankstown Bulldogs","Bailey Hayward","backup_baseline","","","","","","","","no_candidate_found","","","","","","",""
"cby","Canterbury-Bankstown Bulldogs","Leo Thompson","backup_baseline","","","","","","","","no_candidate_found","","","","","","",""
"cby","Canterbury-Bankstown Bulldogs","Viliame Kikau","backup_baseline","","","","","","","","no_candidate_found","","","","","","",""
"cby","Canterbury-Bankstown Bulldogs","Jacob Preston","backup_baseline","1","au.sports.yahoo.com","23","contract_language|exact_player_name","true","Yahoo Sport Australia","Wed, 10 Jun 2026 17:00:00 GMT","player_focused_candidate_needs_article_review","Bulldogs risk losing star forward at contract crossroads","https://au.sports.yahoo.com/bulldogs-risk-losing-star-forward-061902937.html","http://www.bing.com/news/apiclick.aspx?ref=FexRss&aid=&tid=6a52f7b70bb24ed798c339f02a7b5ea9&url=https%3a%2f%2fau.sports.yahoo.com%2fbulldogs-risk-losing-star-forward-061902937.html&c=15078171115540777676&mkt=en-au","","https://au.sports.yahoo.com/bulldogs-risk-losing-star-forward-061902937.html","false","The Canterbury-Bankstown Bulldogs are in the fight to secure Jacob Preston long term before the star second rower can negotiate with rival clubs in November for a 2028 contract. Preston has been a ..."
"cby","Canterbury-Bankstown Bulldogs","Jacob Preston","backup_baseline","2","au.sports.yahoo.com","4","contract_language|context_or_team_article","false","Yahoo Sports Australia","Sat, 27 Jun 2026 18:52:00 GMT","team_or_context_candidate_needs_article_review","Biggest stars in the NRL set for a pay-day","https://au.sports.yahoo.com/biggest-stars-nrl-set-pay-015252224.html","http://www.bing.com/news/apiclick.aspx?ref=FexRss&aid=&tid=6a52f7bb61f44d8e932d27fafa1c0f38&url=https%3a%2f%2fau.sports.yahoo.com%2fbiggest-stars-nrl-set-pay-015252224.html&c=9209166272030396928&mkt=en-au","","https://au.sports.yahoo.com/biggest-stars-nrl-set-pay-015252224.html","false","Some of the NRL's most elite players could be in for a pay bump thanks to the new TV broadcast deal commencing in 2028. The ARL and NRL are just about ready to green-light the deal, which Nine and ..."
"cby","Canterbury-Bankstown Bulldogs","Jacob Preston","backup_baseline","3","msn.com","3","money|contract_language|context_or_team_article","false","The Sydney Morning Herald on MSN","Tue, 30 Jun 2026 21:37:58 GMT","context_only_untrusted_domain","New broadcast deal could push NRL salary cap up to $20m by 2028","https://www.msn.com/en-au/news/australia/new-broadcast-deal-could-push-nrl-salary-cap-up-to-20m-by-2028/ar-AA26H5IM","http://www.bing.com/news/apiclick.aspx?ref=FexRss&aid=&tid=6a52f7b8c243430fa668849504639265&url=https%3a%2f%2fwww.msn.com%2fen-au%2fnews%2faustralia%2fnew-broadcast-deal-could-push-nrl-salary-cap-up-to-20m-by-2028%2far-AA26H5IM&c=15095945392879639673&mkt=en-au","","https://www.msn.com/en-au/news/australia/new-broadcast-deal-could-push-nrl-salary-cap-up-to-20m-by-2028/ar-AA26H5IM","false","A rich new broadcast deal means more money coming into the game. The biggest winners will be the star players, who could soon demand up to $2 million per season."
"cby","Canterbury-Bankstown Bulldogs","Jaeman Salmon","backup_baseline","","","","","","","","no_candidate_found","","","","","","",""
"cby","Canterbury-Bankstown Bulldogs","Kurt Mann","backup_baseline","","","","","","","","no_candidate_found","","","","","","",""
"cby","Canterbury-Bankstown Bulldogs","Sitili Tupouniua","backup_baseline","","","","","","","","no_candidate_found","","","","","","",""
"cby","Canterbury-Bankstown Bulldogs","Josh Curran","backup_baseline","1","theaustralian.com.au","7","money|contract_language|context_or_team_article","false","The Australian","Tue, 23 Jun 2026 12:10:00 GMT","team_or_context_candidate_needs_article_review","NRL to grant Perth Bears $500k salary cap concessions in landmark third-party arrangement","https://www.theaustralian.com.au/sport/nrl/nrl-to-grant-perth-bears-500k-salary-cap-concessions-in-landmark-thirdparty-arrangement/news-story/0c5c097536d723f0d0cb46c86fd051ff","http://www.bing.com/news/apiclick.aspx?ref=FexRss&aid=&tid=6a52f7d2db174932b81fbaf3f23cf036&url=https%3a%2f%2fwww.theaustralian.com.au%2fsport%2fnrl%2fnrl-to-grant-perth-bears-500k-salary-cap-concessions-in-landmark-thirdparty-arrangement%2fnews-story%2f0c5c097536d723f0d0cb46c86fd051ff&c=12198983378905941191&mkt=en-au","","https://www.theaustralian.com.au/sport/nrl/nrl-to-grant-perth-bears-500k-salary-cap-concessions-in-landmark-thirdparty-arrangement/news-story/0c5c097536d723f0d0cb46c86fd051ff","false","In a historic development for the NRL’s 18th club, this masthead has been told Perth will receive a special marquee player privilege where existing club sponsors can top-up a player’s contract by 20 ..."
"cby","Canterbury-Bankstown Bulldogs","Samuel Hughes","backup_baseline","","","","","","","","no_candidate_found","","","","","","",""
"cby","Canterbury-Bankstown Bulldogs","Daniel Suluka-Fifita","bucket_unknown","1","dailytelegraph.com.au","27","exact_player_name","true","The Daily Telegraph","Sun, 28 Mar 2021 12:42:00 GMT","player_focused_candidate_needs_article_review","Phil Rothfield: Suspended Roosters rookie Daniel Suluka-Fifita faces fresh sanction for Channel Nine incident","https://www.dailytelegraph.com.au/sport/nrl/opinion/phil-rothfield/phil-rothfield-suspended-roosters-rookie-daniel-sulukafifita-faces-fresh-sanction-for-channel-nine-incident/news-story/0932c54065a144bb39eca14827ee8394","http://www.bing.com/news/apiclick.aspx?ref=FexRss&aid=&tid=6a52f7e120f8411983fffeadfa1bcce5&url=https%3a%2f%2fwww.dailytelegraph.com.au%2fsport%2fnrl%2fopinion%2fphil-rothfield%2fphil-rothfield-suspended-roosters-rookie-daniel-sulukafifita-faces-fresh-sanction-for-channel-nine-incident%2fnews-story%2f0932c54065a144bb39eca14827ee8394&c=4390231201232118008&mkt=en-au","","https://www.dailytelegraph.com.au/sport/nrl/opinion/phil-rothfield/phil-rothfield-suspended-roosters-rookie-daniel-sulukafifita-faces-fresh-sanction-for-channel-nine-incident/news-story/0932c54065a144bb39eca14827ee8394","false","Suluka-Fifita was removed from the field for foolishly punching Rabbitohs forward Jai Arrow. This was so unusual at a club where discipline is always a priority. He was later hit with a grade 1 ..."
"cby","Canterbury-Bankstown Bulldogs","Daniel Suluka-Fifita","bucket_unknown","2","au.sports.yahoo.com","23","contract_language|exact_player_name","true","Yahoo Sport Australia","Mon, 25 May 2026 19:52:00 GMT","player_focused_candidate_needs_article_review","St Helens bring in prop Suluka-Fifita from NRL","https://au.sports.yahoo.com/st-helens-bring-prop-suluka-095218294.html","http://www.bing.com/news/apiclick.aspx?ref=FexRss&aid=&tid=6a52f7e0712d450792d4e638bb5aa6ae&url=https%3a%2f%2fau.sports.yahoo.com%2fst-helens-bring-prop-suluka-095218294.html&c=335526787806726165&mkt=en-au","","https://au.sports.yahoo.com/st-helens-bring-prop-suluka-095218294.html","false","St Helens have signed prop forward Daniel Suluka-Fifita on a two-and-a-half-year deal from NRL side Canterbury-Bankstown Bulldogs. Suleka-Fifita has signed immediately and will link up with Paul ..."
"cby","Canterbury-Bankstown Bulldogs","Enari Tuala","bucket_unknown","1","7news.com.au","7","money|contract_language|context_or_team_article","false","7NEWS Australia","Fri, 28 Oct 2022 02:27:00 GMT","team_or_context_candidate_needs_article_review","Ultimate NRL free agency preview: Your club’s out-of-contract stars and where they could end up","https://7news.com.au/sport/rugby-league/ultimate-nrl-free-agency-preview-your-clubs-out-of-contract-stars-and-where-they-could-end-up-c-8677336","http://www.bing.com/news/apiclick.aspx?ref=FexRss&aid=&tid=6a52f7ea2f6d47ae9847819f6639e369&url=https%3a%2f%2f7news.com.au%2fsport%2frugby-league%2fultimate-nrl-free-agency-preview-your-clubs-out-of-contract-stars-and-where-they-could-end-up-c-8677336&c=143273184193222445&mkt=en-au","","https://7news.com.au/sport/rugby-league/ultimate-nrl-free-agency-preview-your-clubs-out-of-contract-stars-and-where-they-could-end-up-c-8677336","false","Over $50 million worth of player talent will be free to negotiate with clubs for season 2024 and beyond when the NRL free agency period begins on November 1. Latrell Mitchell, Mit ..."
"cby","Canterbury-Bankstown Bulldogs","Finau Latu","bucket_unknown","","","","","","","","no_candidate_found","","","","","","",""
"cby","Canterbury-Bankstown Bulldogs","Harry Hayes","bucket_unknown","","","","","","","","no_candidate_found","","","","","","",""
"cby","Canterbury-Bankstown Bulldogs","Jack Todd","bucket_unknown","","","","","","","","no_candidate_found","","","","","","",""
"cby","Canterbury-Bankstown Bulldogs","Jake Turpin","bucket_unknown","","","","","","","","no_candidate_found","","","","","","",""
"cby","Canterbury-Bankstown Bulldogs","Jonathan Sua","bucket_unknown","","","","","","","","no_candidate_found","","","","","","",""
"cby","Canterbury-Bankstown Bulldogs","Kade Dykes","bucket_unknown","","","","","","","","no_candidate_found","","","","","","",""
"cby","Canterbury-Bankstown Bulldogs","Lipoi Hopoi","bucket_unknown","","","","","","","","no_candidate_found","","","","","","",""
"cby","Canterbury-Bankstown Bulldogs","Mitchell Woods","bucket_unknown","","","","","","","","no_candidate_found","","","","","","",""
"cby","Canterbury-Bankstown Bulldogs","Patrick Young","bucket_unknown","","","","","","","","no_candidate_found","","","","","","",""
"cby","Canterbury-Bankstown Bulldogs","Sean O'Sullivan","bucket_unknown","","","","","","","","no_candidate_found","","","","","","",""
"cby","Canterbury-Bankstown Bulldogs","Zyon Maiu’u","bucket_unknown","","","","","","","","no_candidate_found","","","","","","",""
"cro","Cronulla-Sutherland Sharks","Will Kennedy","backup_baseline","1","7news.com.au","7","money|contract_language|context_or_team_article","false","7NEWS Australia","Fri, 28 Oct 2022 02:27:00 GMT","team_or_context_candidate_needs_article_review","Ultimate NRL free agency preview: Your club’s out-of-contract stars and where they could end up","https://7news.com.au/sport/rugby-league/ultimate-nrl-free-agency-preview-your-clubs-out-of-contract-stars-and-where-they-could-end-up-c-8677336","http://www.bing.com/news/apiclick.aspx?ref=FexRss&aid=&tid=6a52f844180042259e5a641bdf03cd0e&url=https%3a%2f%2f7news.com.au%2fsport%2frugby-league%2fultimate-nrl-free-agency-preview-your-clubs-out-of-contract-stars-and-where-they-could-end-up-c-8677336&c=143273184193222445&mkt=en-au","","https://7news.com.au/sport/rugby-league/ultimate-nrl-free-agency-preview-your-clubs-out-of-contract-stars-and-where-they-could-end-up-c-8677336","false","Over $50 million worth of player talent will be free to negotiate with clubs for season 2024 and beyond when the NRL free agency period begins on November 1. Latrell Mitchell, Mit ..."
"cro","Cronulla-Sutherland Sharks","Sione Katoa","backup_baseline","1","7news.com.au","7","money|contract_language|context_or_team_article","false","7NEWS Australia","Fri, 28 Oct 2022 02:27:00 GMT","team_or_context_candidate_needs_article_review","Ultimate NRL free agency preview: Your club’s out-of-contract stars and where they could end up","https://7news.com.au/sport/rugby-league/ultimate-nrl-free-agency-preview-your-clubs-out-of-contract-stars-and-where-they-could-end-up-c-8677336","http://www.bing.com/news/apiclick.aspx?ref=FexRss&aid=&tid=6a52f84c6ec944ff9f7302aa48bde454&url=https%3a%2f%2f7news.com.au%2fsport%2frugby-league%2fultimate-nrl-free-agency-preview-your-clubs-out-of-contract-stars-and-where-they-could-end-up-c-8677336&c=143273184193222445&mkt=en-au","","https://7news.com.au/sport/rugby-league/ultimate-nrl-free-agency-preview-your-clubs-out-of-contract-stars-and-where-they-could-end-up-c-8677336","false","Over $50 million worth of player talent will be free to negotiate with clubs for season 2024 and beyond when the NRL free agency period begins on November 1. Latrell Mitchell, Mit ..."
"cro","Cronulla-Sutherland Sharks","Jesse Ramien","backup_baseline","","","","","","","","no_candidate_found","","","","","","",""
"cro","Cronulla-Sutherland Sharks","KL Iro","backup_baseline","1","dailytelegraph.com.au","27","exact_player_name","true","The Daily Telegraph","Tue, 02 Jun 2026 11:23:00 GMT","player_focused_candidate_needs_article_review","SuperCoach NRL: Is Alex Twal really a sell? KL Iro benched | Round 14 teams","https://www.dailytelegraph.com.au/sport/nrl/supercoach-nrl-is-alex-twal-really-a-sell-kl-iro-benched-round-14-teams/audio/0d0cbc92784ce8849ae92f0624ec36fa","http://www.bing.com/news/apiclick.aspx?ref=FexRss&aid=&tid=6a52f856544d4b34a134ec3e4c6b6eb1&url=https%3a%2f%2fwww.dailytelegraph.com.au%2fsport%2fnrl%2fsupercoach-nrl-is-alex-twal-really-a-sell-kl-iro-benched-round-14-teams%2faudio%2f0d0cbc92784ce8849ae92f0624ec36fa&c=569651749608824649&mkt=en-au","","https://www.dailytelegraph.com.au/sport/nrl/supercoach-nrl-is-alex-twal-really-a-sell-kl-iro-benched-round-14-teams/audio/0d0cbc92784ce8849ae92f0624ec36fa","false","Alex Twal is the most popular sell of the week but is he really a sell? Not if he only misses one week. Plus get the verdict on KL Iro’s benching and the unexpected return of Mark Nawaqanitawase. Join ..."
"cro","Cronulla-Sutherland Sharks","KL Iro","backup_baseline","2","smh.com.au","10","money|contract_language|context_or_team_article","false","Sydney Morning Herald","Fri, 26 Jun 2026 17:01:00 GMT","team_or_context_candidate_needs_article_review","New broadcast deal could push NRL salary cap up to $20m by 2028","https://www.smh.com.au/sport/nrl/new-broadcast-deal-could-push-nrl-salary-cap-up-to-20m-by-2028-20260627-p60ak2.html","http://www.bing.com/news/apiclick.aspx?ref=FexRss&aid=&tid=6a52f856f9de4e9ea797ce9e2ec01a49&url=https%3a%2f%2fwww.smh.com.au%2fsport%2fnrl%2fnew-broadcast-deal-could-push-nrl-salary-cap-up-to-20m-by-2028-20260627-p60ak2.html&c=16384154360396862290&mkt=en-au","","https://www.smh.com.au/sport/nrl/new-broadcast-deal-could-push-nrl-salary-cap-up-to-20m-by-2028-20260627-p60ak2.html","false","You have reached your maximum number of saved items. Remove items from your saved list to add more. The new multibillion-dollar broadcast rights deal could push the salary cap as high as $20 million ..."
"cro","Cronulla-Sutherland Sharks","KL Iro","backup_baseline","3","smh.com.au","4","context_or_team_article","false","The Sydney Morning Herald","Sun, 02 Nov 2025 15:32:00 GMT","team_or_context_candidate_needs_article_review","NRL 2026","https://www.smh.com.au/topic/nrl-2026-6i10","http://www.bing.com/news/apiclick.aspx?ref=FexRss&aid=&tid=6a52f856f9de4e9ea797ce9e2ec01a49&url=https%3a%2f%2fwww.smh.com.au%2ftopic%2fnrl-2026-6i10&c=2468039696737977243&mkt=en-au","","https://www.smh.com.au/topic/nrl-2026-6i10","false","The latest NRL 2026 news, articles, data, and analysis from The Sydney Morning Herald ..."
"cro","Cronulla-Sutherland Sharks","Ronaldo Mulitalo","backup_baseline","","","","","","","","no_candidate_found","","","","","","",""
"cro","Cronulla-Sutherland Sharks","Braydon Trindall","backup_baseline","","","","","","","","no_candidate_found","","","","","","",""
"cro","Cronulla-Sutherland Sharks","Nicho Hynes","backup_baseline","","","","","","","","no_candidate_found","","","","","","",""
"cro","Cronulla-Sutherland Sharks","Addin Fonua-Blake","backup_baseline","1","ntnews.com.au","27","news_corp_reporting|exact_player_name","true","Northern Territory News","Sat, 27 Jun 2026 22:05:00 GMT","player_focused_candidate_needs_article_review","Manly Sea Eagles’ Jake Trbojevic, Addin Fonua-Blake to miss NRL season start","https://www.ntnews.com.au/sport/manly-star-forwards-jake-trbojevic-and-addin-fonuablake-to-miss-start-of-next-season/news-story/b4342f5c36cf0b768274209fcd34f6de","http://www.bing.com/news/apiclick.aspx?ref=FexRss&aid=&tid=6a52f871c6374e24878c38a55ff81cdb&url=https%3a%2f%2fwww.ntnews.com.au%2fsport%2fmanly-star-forwards-jake-trbojevic-and-addin-fonuablake-to-miss-start-of-next-season%2fnews-story%2fb4342f5c36cf0b768274209fcd34f6de&c=1719925320421193276&mkt=en-au","","https://www.ntnews.com.au/sport/manly-star-forwards-jake-trbojevic-and-addin-fonuablake-to-miss-start-of-next-season/news-story/b4342f5c36cf0b768274209fcd34f6de","false","Jake Trbojevic and Addin Fonua-Blake’s long-term injuries look set to cause long-term pain to Manly, with the star Sea Eagles pair sidelined until after the start of season 2020. The Daily Telegraph ..."
"cro","Cronulla-Sutherland Sharks","Blayke Brailey","backup_baseline","1","dailytelegraph.com.au","27","exact_player_name","true","The Daily Telegraph","Sat, 20 Jun 2026 11:36:00 GMT","player_focused_candidate_needs_article_review","NRL Late Mail Round 16: Blayke Brailey cleared to return, Angus Crichton ruled out","https://www.dailytelegraph.com.au/sport/nrl/supercoach-news/nrl-late-mail-round-16-tony-sukkar-out-to-cement-spot-as-kai-pearcepaul-out-longterm/news-story/fd01c7a3b67db7f285e2683191dce3e0","http://www.bing.com/news/apiclick.aspx?ref=FexRss&aid=&tid=6a52f87758c44092abe30a8bdcc613c7&url=https%3a%2f%2fwww.dailytelegraph.com.au%2fsport%2fnrl%2fsupercoach-news%2fnrl-late-mail-round-16-tony-sukkar-out-to-cement-spot-as-kai-pearcepaul-out-longterm%2fnews-story%2ffd01c7a3b67db7f285e2683191dce3e0&c=12882415434815842603&mkt=en-au","","https://www.dailytelegraph.com.au/sport/nrl/supercoach-news/nrl-late-mail-round-16-tony-sukkar-out-to-cement-spot-as-kai-pearcepaul-out-longterm/news-story/fd01c7a3b67db7f285e2683191dce3e0","false","Sharks star Blayke Brailey has been cleared to make a shock early return, just 20 days after having surgery on a broken arm, while a key Roosters enforcer has been ruled out. See all the Round 16 team ..."
"cro","Cronulla-Sutherland Sharks","Tom Hazleton","backup_baseline","","","","","","","","no_candidate_found","","","","","","",""
"cro","Cronulla-Sutherland Sharks","Briton Nikora","backup_baseline","","","","","","","","no_candidate_found","","","","","","",""
"cro","Cronulla-Sutherland Sharks","Teig Wilton","backup_baseline","","","","","","","","no_candidate_found","","","","","","",""
"cro","Cronulla-Sutherland Sharks","Cameron McInnes","backup_baseline","1","dailytelegraph.com.au","30","contract_language|exact_player_name","true","The Daily Telegraph","Sat, 23 May 2026 03:56:00 GMT","player_focused_candidate_needs_article_review","Cameron McInnes to leave Sharks after 2026 season, agrees to join York Knights in Super League","https://www.dailytelegraph.com.au/sport/nrl/cameron-mcinnes-to-leave-cronulla-sharks-after-2026-season-and-join-york-knights-in-super-league/news-story/cb26b80a5a0cc10cf80effd95bd4f1f1","http://www.bing.com/news/apiclick.aspx?ref=FexRss&aid=&tid=6a52f894c569497e95eab06cb69c7a21&url=https%3a%2f%2fwww.dailytelegraph.com.au%2fsport%2fnrl%2fcameron-mcinnes-to-leave-cronulla-sharks-after-2026-season-and-join-york-knights-in-super-league%2fnews-story%2fcb26b80a5a0cc10cf80effd95bd4f1f1&c=362764573463491939&mkt=en-au","","https://www.dailytelegraph.com.au/sport/nrl/cameron-mcinnes-to-leave-cronulla-sharks-after-2026-season-and-join-york-knights-in-super-league/news-story/cb26b80a5a0cc10cf80effd95bd4f1f1","false","One of the game’s toughest forwards, McInnes has agreed to join the newly-promoted York Knights on a three-year deal in the English Super League from next season. The major career decision will ..."
"cro","Cronulla-Sutherland Sharks","Cameron McInnes","backup_baseline","2","au.sports.yahoo.com","26","contract_language|term_language|exact_player_name","true","Yahoo Sport Australia","Mon, 25 May 2026 17:00:00 GMT","player_focused_candidate_needs_article_review","McInnes confirms Sharks exit amid talks with one NRL club","https://au.sports.yahoo.com/mcinnes-confirms-sharks-exit-amid-033101455.html","http://www.bing.com/news/apiclick.aspx?ref=FexRss&aid=&tid=6a52f8986cfe48e1858f8a1f1a157cdb&url=https%3a%2f%2fau.sports.yahoo.com%2fmcinnes-confirms-sharks-exit-amid-033101455.html&c=2248995908417070056&mkt=en-au","","https://au.sports.yahoo.com/mcinnes-confirms-sharks-exit-amid-033101455.html","false","Cronulla Sharks will say goodbye to one of the NRL's toughest veterans in Cameron McInnes as he departs from the Shire at year's end. McInnes's current contract expires at the end of 2026, with the ..."
"cro","Cronulla-Sutherland Sharks","Billy Burns","backup_baseline","","","","","","","","no_candidate_found","","","","","","",""
"cro","Cronulla-Sutherland Sharks","Jesse Colquhoun","backup_baseline","","","","","","","","no_candidate_found","","","","","","",""
"cro","Cronulla-Sutherland Sharks","Sifa Talakai","backup_baseline","","","","","","","","no_candidate_found","","","","","","",""
"cro","Cronulla-Sutherland Sharks","Toby Rudolf","backup_baseline","","","","","","","","no_candidate_found","","","","","","",""
"cro","Cronulla-Sutherland Sharks","Braden Uele","bucket_unknown","","","","","","","","no_candidate_found","","","","","","",""
"cro","Cronulla-Sutherland Sharks","Hohepa Puru","bucket_unknown","","","","","","","","no_candidate_found","","","","","","",""
"cro","Cronulla-Sutherland Sharks","Jayden Berrell","bucket_unknown","","","","","","","","no_candidate_found","","","","","","",""
"cro","Cronulla-Sutherland Sharks","Liam Ison","bucket_unknown","","","","","","","","no_candidate_found","","","","","","",""
"cro","Cronulla-Sutherland Sharks","Mawene Hiroti","bucket_unknown","","","","","","","","no_candidate_found","","","","","","",""
"cro","Cronulla-Sutherland Sharks","Niwhai Puru","bucket_unknown","","","","","","","","no_candidate_found","","","","","","",""
"cro","Cronulla-Sutherland Sharks","Oregon Kaufusi","bucket_unknown","","","","","","","","no_candidate_found","","","","","","",""
"cro","Cronulla-Sutherland Sharks","Riley Jones","bucket_unknown","","","","","","","","no_candidate_found","","","","","","",""
"cro","Cronulla-Sutherland Sharks","Sam Stonestreet","bucket_unknown","","","","","","","","no_candidate_found","","","","","","",""
"cro","Cronulla-Sutherland Sharks","Thomas Dellow","bucket_unknown","","","","","","","","no_candidate_found","","","","","","",""
"cro","Cronulla-Sutherland Sharks","Tuku Hau Tapuha","bucket_unknown","","","","","","","","no_candidate_found","","","","","","",""
"dol","Dolphins","Hamiso Tabuai-Fidow","backup_baseline","1","nrl.com","24","exact_player_name","true","National Rugby League","Tue, 16 Jun 2026 17:00:00 GMT","player_focused_candidate_needs_article_review","Hamiso Tabuai-Fidow Try","https://www.nrl.com/news/2026/06/17/hamiso-tabuai-fidow-try/","http://www.bing.com/news/apiclick.aspx?ref=FexRss&aid=&tid=6a52f900b80f42c5860cd572158d89aa&url=https%3a%2f%2fwww.nrl.com%2fnews%2f2026%2f06%2f17%2fhamiso-tabuai-fidow-try%2f&c=16978456147565535958&mkt=en-au","","https://www.nrl.com/news/2026/06/17/hamiso-tabuai-fidow-try/","false","National Rugby League respects and honours the Traditional Custodians of the land and pay our respects to their Elders past, present and future. We acknowledge the stories, traditions and living ..."
"dol","Dolphins","Hamiso Tabuai-Fidow","backup_baseline","2","msn.com","3","money|contract_language|context_or_team_article","false","The Sydney Morning Herald on MSN","Tue, 30 Jun 2026 21:37:58 GMT","context_only_untrusted_domain","New broadcast deal could push NRL salary cap up to $20m by 2028","https://www.msn.com/en-au/news/australia/new-broadcast-deal-could-push-nrl-salary-cap-up-to-20m-by-2028/ar-AA26H5IM","http://www.bing.com/news/apiclick.aspx?ref=FexRss&aid=&tid=6a52f8fddc494eafa67252f9e577b19a&url=https%3a%2f%2fwww.msn.com%2fen-au%2fnews%2faustralia%2fnew-broadcast-deal-could-push-nrl-salary-cap-up-to-20m-by-2028%2far-AA26H5IM&c=15095945392879639673&mkt=en-au","","https://www.msn.com/en-au/news/australia/new-broadcast-deal-could-push-nrl-salary-cap-up-to-20m-by-2028/ar-AA26H5IM","false","A rich new broadcast deal means more money coming into the game. The biggest winners will be the star players, who could soon demand up to $2 million per season."
"dol","Dolphins","Hamiso Tabuai-Fidow","backup_baseline","3","msn.com","0","contract_language|context_or_team_article","false","Zero Tackle on MSN","Sat, 27 Jun 2026 18:52:52 GMT","context_only_untrusted_domain","Biggest stars in the NRL set for a pay-day","https://www.msn.com/en-au/news/other/biggest-stars-in-the-nrl-set-for-a-pay-day/ar-AA26IdmB","http://www.bing.com/news/apiclick.aspx?ref=FexRss&aid=&tid=6a52f8fcfeab4733b1bccf36b85d1ff6&url=https%3a%2f%2fwww.msn.com%2fen-au%2fnews%2fother%2fbiggest-stars-in-the-nrl-set-for-a-pay-day%2far-AA26IdmB&c=18406658021232899789&mkt=en-au","","https://www.msn.com/en-au/news/other/biggest-stars-in-the-nrl-set-for-a-pay-day/ar-AA26IdmB","false","Some of the NRL's most elite players could be in for a pay bump thanks to the new TV broadcast deal commencing in 2028. The ARL and NRL are just about ready to green-light the deal, which Nine and ..."
"dol","Dolphins","Jamayne Isaako","backup_baseline","1","illawarramercury.com.au","19","contract_language|exact_player_name","true","Illawarra Mercury","Wed, 19 Nov 2025 07:55:00 GMT","context_only_untrusted_domain","'Love to stay': Isaako wants new Dolphins deal done","https://www.illawarramercury.com.au/story/9115557/love-to-stay-isaako-wants-new-dolphins-deal-done/","http://www.bing.com/news/apiclick.aspx?ref=FexRss&aid=&tid=6a52f901460845019138cc18e1bc3ec4&url=https%3a%2f%2fwww.illawarramercury.com.au%2fstory%2f9115557%2flove-to-stay-isaako-wants-new-dolphins-deal-done%2f&c=11567343833002392323&mkt=en-au","","https://www.illawarramercury.com.au/story/9115557/love-to-stay-isaako-wants-new-dolphins-deal-done/","false","Dolphins point-scoring whiz Jamayne Isaako wants to get an extension done at the club but is still waiting for a contract offer to be tabled. Coach Kristian Woolf said in September that the New ..."
"dol","Dolphins","Jamayne Isaako","backup_baseline","2","canberratimes.com.au","19","contract_language|exact_player_name","true","The Canberra Times","Wed, 19 Nov 2025 07:55:00 GMT","context_only_untrusted_domain","'Love to stay': Isaako wants new Dolphins deal done","https://www.canberratimes.com.au/story/9115557/love-to-stay-isaako-wants-new-dolphins-deal-done/","http://www.bing.com/news/apiclick.aspx?ref=FexRss&aid=&tid=6a52f901460845019138cc18e1bc3ec4&url=https%3a%2f%2fwww.canberratimes.com.au%2fstory%2f9115557%2flove-to-stay-isaako-wants-new-dolphins-deal-done%2f&c=8291457615217837586&mkt=en-au","","https://www.canberratimes.com.au/story/9115557/love-to-stay-isaako-wants-new-dolphins-deal-done/","false","Dolphins point-scoring whiz Jamayne Isaako wants to get an extension done at the club but is still waiting for a contract offer to be tabled."
"dol","Dolphins","Jamayne Isaako","backup_baseline","3","couriermail.com.au","4","contract_language|context_or_team_article","false","The Courier-Mail","Sat, 24 Jan 2026 10:18:00 GMT","team_or_context_candidate_needs_article_review","Dolphins 2026 NRL season scouting report: Best 17, every player’s contract status, rookie watch","https://www.couriermail.com.au/sport/nrl/dolphins-2026-nrl-season-scouting-report-best-17-every-players-contract-status-rookie-watch/news-story/09352f8bcba2721a1cb102706be05258","http://www.bing.com/news/apiclick.aspx?ref=FexRss&aid=&tid=6a52f901460845019138cc18e1bc3ec4&url=https%3a%2f%2fwww.couriermail.com.au%2fsport%2fnrl%2fdolphins-2026-nrl-season-scouting-report-best-17-every-players-contract-status-rookie-watch%2fnews-story%2f09352f8bcba2721a1cb102706be05258&c=5287302663852698499&mkt=en-au","","https://www.couriermail.com.au/sport/nrl/dolphins-2026-nrl-season-scouting-report-best-17-every-players-contract-status-rookie-watch/news-story/09352f8bcba2721a1cb102706be05258","false","Kristian Woolf turned the Dolphins into a tremendous attacking force in his first season in charge, but the focus must now be on tightening up the defence to win more games. We cast an eye over their ..."
"dol","Dolphins","Selwyn Cobbo","backup_baseline","1","adelaidenow.com.au","27","contract_language|exact_player_name","true","Adelaide Now","Thu, 26 Mar 2026 11:10:00 GMT","player_focused_candidate_needs_article_review","Why Selwyn Cobbo walked away from lifeline Dragons deal to sign with Dolphins","https://www.adelaidenow.com.au/sport/nrl/why-selwyn-cobbo-walked-away-from-43-million-dragons-deal-to-sign-with-dolphins/news-story/9424b878612f9d080a44cb1ff1d75aed","http://www.bing.com/news/apiclick.aspx?ref=FexRss&aid=&tid=6a52f907695649708a4a04b3793e59fb&url=https%3a%2f%2fwww.adelaidenow.com.au%2fsport%2fnrl%2fwhy-selwyn-cobbo-walked-away-from-43-million-dragons-deal-to-sign-with-dolphins%2fnews-story%2f9424b878612f9d080a44cb1ff1d75aed&c=8306073138886333822&mkt=en-au","","https://www.adelaidenow.com.au/sport/nrl/why-selwyn-cobbo-walked-away-from-43-million-dragons-deal-to-sign-with-dolphins/news-story/9424b878612f9d080a44cb1ff1d75aed","false","This masthead can reveal the contract machinations that saw Cobbo give up a lifeline with the Dragons to seek a fresh start at the Dolphins ahead of Friday night’s Battle of Brisbane. On the outer at ..."
"dol","Dolphins","Selwyn Cobbo","backup_baseline","2","dailytelegraph.com.au","10","money|contract_language|context_or_team_article","false","The Daily Telegraph","Tue, 23 Jun 2026 12:12:00 GMT","team_or_context_candidate_needs_article_review","NRL to grant Perth Bears $500k salary cap concessions in landmark third-party arrangement","https://www.dailytelegraph.com.au/sport/nrl/nrl-to-grant-perth-bears-500k-salary-cap-concessions-in-landmark-thirdparty-arrangement/news-story/0c5c097536d723f0d0cb46c86fd051ff","http://www.bing.com/news/apiclick.aspx?ref=FexRss&aid=&tid=6a52f90882724caeb5836024297c8817&url=https%3a%2f%2fwww.dailytelegraph.com.au%2fsport%2fnrl%2fnrl-to-grant-perth-bears-500k-salary-cap-concessions-in-landmark-thirdparty-arrangement%2fnews-story%2f0c5c097536d723f0d0cb46c86fd051ff&c=13072428604770190172&mkt=en-au","","https://www.dailytelegraph.com.au/sport/nrl/nrl-to-grant-perth-bears-500k-salary-cap-concessions-in-landmark-thirdparty-arrangement/news-story/0c5c097536d723f0d0cb46c86fd051ff","false","In a historic development for the NRL’s 18th club, this masthead has been told Perth will receive a special marquee player privilege where existing club sponsors can top-up a player’s contract by 20 ..."
"dol","Dolphins","Selwyn Cobbo","backup_baseline","3","7news.com.au","4","contract_language|context_or_team_article","false","7NEWS Australia","Mon, 23 Sep 2024 08:54:00 GMT","team_or_context_candidate_needs_article_review","Broncos superstar Reece Walsh agrees to multi-million dollar contract extension","https://7news.com.au/sport/rugby-league/broncos-superstar-reece-walsh-agrees-to-multi-million-dollar-contract-extension-c-16162034","http://www.bing.com/news/apiclick.aspx?ref=FexRss&aid=&tid=6a52f90a911d47c4a3c9f8ffadcf9305&url=https%3a%2f%2f7news.com.au%2fsport%2frugby-league%2fbroncos-superstar-reece-walsh-agrees-to-multi-million-dollar-contract-extension-c-16162034&c=3971178330612469509&mkt=en-au","","https://7news.com.au/sport/rugby-league/broncos-superstar-reece-walsh-agrees-to-multi-million-dollar-contract-extension-c-16162034","false","It is thought Walsh’s new contract will make him second-highest paid player in the competition behind Newcastle Knights star Kalyn Ponga. Walsh is only 22 years old and Broncos ..."
"dol","Dolphins","Selwyn Cobbo","backup_baseline","4","msn.com","3","money|contract_language|context_or_team_article","false","The Sydney Morning Herald on MSN","Tue, 30 Jun 2026 21:37:58 GMT","context_only_untrusted_domain","New broadcast deal could push NRL salary cap up to $20m by 2028","https://www.msn.com/en-au/news/australia/new-broadcast-deal-could-push-nrl-salary-cap-up-to-20m-by-2028/ar-AA26H5IM","http://www.bing.com/news/apiclick.aspx?ref=FexRss&aid=&tid=6a52f909eb7f4bcbb7ee664ecdb61568&url=https%3a%2f%2fwww.msn.com%2fen-au%2fnews%2faustralia%2fnew-broadcast-deal-could-push-nrl-salary-cap-up-to-20m-by-2028%2far-AA26H5IM&c=15095945392879639673&mkt=en-au","","https://www.msn.com/en-au/news/australia/new-broadcast-deal-could-push-nrl-salary-cap-up-to-20m-by-2028/ar-AA26H5IM","false","A rich new broadcast deal means more money coming into the game. The biggest winners will be the star players, who could soon demand up to $2 million per season."
"dol","Dolphins","Selwyn Cobbo","backup_baseline","5","msn.com","0","contract_language|context_or_team_article","false","Zero Tackle on MSN","Sat, 27 Jun 2026 18:52:52 GMT","context_only_untrusted_domain","Biggest stars in the NRL set for a pay-day","https://www.msn.com/en-au/news/other/biggest-stars-in-the-nrl-set-for-a-pay-day/ar-AA26IdmB","http://www.bing.com/news/apiclick.aspx?ref=FexRss&aid=&tid=6a52f909eb7f4bcbb7ee664ecdb61568&url=https%3a%2f%2fwww.msn.com%2fen-au%2fnews%2fother%2fbiggest-stars-in-the-nrl-set-for-a-pay-day%2far-AA26IdmB&c=18406658021232899789&mkt=en-au","","https://www.msn.com/en-au/news/other/biggest-stars-in-the-nrl-set-for-a-pay-day/ar-AA26IdmB","false","Some of the NRL's most elite players could be in for a pay bump thanks to the new TV broadcast deal commencing in 2028. The ARL and NRL are just about ready to green-light the deal, which Nine and ..."
"dol","Dolphins","Herbie Farnworth","backup_baseline","1","townsvillebulletin.com.au","27","contract_language|exact_player_name","true","Townsville Bulletin","Tue, 19 Sep 2023 11:58:00 GMT","player_focused_candidate_needs_article_review","NRL 2023: Broncos star Herbie Farnworth reveals underwhelming contract offer behind Dolphins move","https://www.townsvillebulletin.com.au/sport/nrl/nrl-2023-broncos-star-herbie-farnworth-reveals-underwhelming-contract-offer-behind-dolphins-move/news-story/96fca1fe420ceff320d29cb4f60ce0fc","http://www.bing.com/news/apiclick.aspx?ref=FexRss&aid=&tid=6a52f90c31864ca29be410aa3767280e&url=https%3a%2f%2fwww.townsvillebulletin.com.au%2fsport%2fnrl%2fnrl-2023-broncos-star-herbie-farnworth-reveals-underwhelming-contract-offer-behind-dolphins-move%2fnews-story%2f96fca1fe420ceff320d29cb4f60ce0fc&c=6670288232531710088&mkt=en-au","","https://www.townsvillebulletin.com.au/sport/nrl/nrl-2023-broncos-star-herbie-farnworth-reveals-underwhelming-contract-offer-behind-dolphins-move/news-story/96fca1fe420ceff320d29cb4f60ce0fc","false","Dolphins defector Farnworth opened up about his reasons for quitting Brisbane as he prepares for what he hopes is his penultimate Broncos game in Saturday night’s preliminary final against the ..."
"dol","Dolphins","Herbie Farnworth","backup_baseline","2","townsvillebulletin.com.au","27","contract_language|exact_player_name","true","Townsville Bulletin","Wed, 08 Oct 2025 18:16:00 GMT","player_focused_candidate_needs_article_review","Herbie Farnworth signs one-year extension with Dolphins as club staves off Perth Bears, R360","https://www.townsvillebulletin.com.au/sport/nrl/herbie-farnworth-signs-oneyear-extension-with-dolphins-as-club-staves-off-perth-bears-r360/news-story/92f6af2ea08b4e65c1615a55a0d1f506","http://www.bing.com/news/apiclick.aspx?ref=FexRss&aid=&tid=6a52f90c31864ca29be410aa3767280e&url=https%3a%2f%2fwww.townsvillebulletin.com.au%2fsport%2fnrl%2fherbie-farnworth-signs-oneyear-extension-with-dolphins-as-club-staves-off-perth-bears-r360%2fnews-story%2f92f6af2ea08b4e65c1615a55a0d1f506&c=15736349390975393949&mkt=en-au","","https://www.townsvillebulletin.com.au/sport/nrl/herbie-farnworth-signs-oneyear-extension-with-dolphins-as-club-staves-off-perth-bears-r360/news-story/92f6af2ea08b4e65c1615a55a0d1f506","false","In a huge boost for the Dolphins, Herbie Farnworth has inked a contract extension in Redcliffe, with the club staving off poaching threats from the Perth Bears and R360 revolution to retain the ..."
"dol","Dolphins","Herbie Farnworth","backup_baseline","3","au.sports.yahoo.com","27","contract_language|exact_player_name","true","Yahoo Sport Australia","Thu, 11 Jun 2026 17:00:00 GMT","player_focused_candidate_needs_article_review","Dolphins facing uphill battle to retain Herbie Farnworth","https://au.sports.yahoo.com/dolphins-facing-uphill-battle-retain-024939288.html","http://www.bing.com/news/apiclick.aspx?ref=FexRss&aid=&tid=6a52f90c31864ca29be410aa3767280e&url=https%3a%2f%2fau.sports.yahoo.com%2fdolphins-facing-uphill-battle-retain-024939288.html&c=6882436401105325806&mkt=en-au","","https://au.sports.yahoo.com/dolphins-facing-uphill-battle-retain-024939288.html","false","The Dolphins face the prospect of losing one of the game's most elite players, with fears Herbie Farnworth is keen to test his worth on the open market for a 2028 contract. Farnworth is contracted ..."
"dol","Dolphins","Herbie Farnworth","backup_baseline","4","au.sports.yahoo.com","27","contract_language|exact_player_name","true","Yahoo Sport Australia","Tue, 23 Jun 2026 01:28:00 GMT","player_focused_candidate_needs_article_review","“Haven’t spoken, haven’t heard”: Herbie Farnworth provides contract update, speaks on Roosters link","https://au.sports.yahoo.com/haven-t-spoken-haven-t-082836162.html","http://www.bing.com/news/apiclick.aspx?ref=FexRss&aid=&tid=6a52f91051be40efab30438ad8a46f8c&url=https%3a%2f%2fau.sports.yahoo.com%2fhaven-t-spoken-haven-t-082836162.html&c=14731317816158610673&mkt=en-au","","https://au.sports.yahoo.com/haven-t-spoken-haven-t-082836162.html","false","Dolphins star Herbie Farnworth has confirmed he has not been in talks with the Sydney Roosters, despite being heavily linked to the club from the start of 2028. The centre is off-contract at the end ..."
"dol","Dolphins","Herbie Farnworth","backup_baseline","5","themercury.com.au","24","exact_player_name","true","The Mercury","Tue, 23 Jun 2026 12:11:00 GMT","player_focused_candidate_needs_article_review","Herbie Farnworth focused on Dolphins’ push for historic premiership amid speculation on NRL future","https://www.themercury.com.au/sport/nrl/herbie-farnworth-focused-on-dolphins-push-for-historic-premiership-amid-speculation-on-nrl-future/news-story/9af6ed2e3c370d5e92d9981b5fa59ff4","http://www.bing.com/news/apiclick.aspx?ref=FexRss&aid=&tid=6a52f90c31864ca29be410aa3767280e&url=https%3a%2f%2fwww.themercury.com.au%2fsport%2fnrl%2fherbie-farnworth-focused-on-dolphins-push-for-historic-premiership-amid-speculation-on-nrl-future%2fnews-story%2f9af6ed2e3c370d5e92d9981b5fa59ff4&c=1624128165785159819&mkt=en-au","","https://www.themercury.com.au/sport/nrl/herbie-farnworth-focused-on-dolphins-push-for-historic-premiership-amid-speculation-on-nrl-future/news-story/9af6ed2e3c370d5e92d9981b5fa59ff4","false","The Dolphins in-form centre — some say the best in his position in the world — is set to be a man in demand when he becomes a free agent on November 1 but has delivered a strong hint he wants to stay ..."
"dol","Dolphins","Herbie Farnworth","backup_baseline","6","au.sports.yahoo.com","23","contract_language|exact_player_name","true","Yahoo Sport Australia","Wed, 25 Mar 2026 17:00:00 GMT","player_focused_candidate_needs_article_review","Farnworth takes shot at Broncos, talks Dolphins contract extension","https://au.sports.yahoo.com/farnworth-takes-shot-broncos-talks-060040871.html","http://www.bing.com/news/apiclick.aspx?ref=FexRss&aid=&tid=6a52f90c31864ca29be410aa3767280e&url=https%3a%2f%2fau.sports.yahoo.com%2ffarnworth-takes-shot-broncos-talks-060040871.html&c=5077566345271566041&mkt=en-au","","https://au.sports.yahoo.com/farnworth-takes-shot-broncos-talks-060040871.html","false","Dolphins centre Herbie Farnworth was always a good player at the Brisbane Broncos, but after moving to the Dolphins, he has developed into one of the NRL's most impactful centres. His direct try ..."
"dol","Dolphins","Herbie Farnworth","backup_baseline","7","msn.com","23","contract_language|exact_player_name","true","Zero Tackle on MSN","Tue, 23 Jun 2026 01:28:36 GMT","context_only_untrusted_domain","Haven’t spoken, haven’t heard: Herbie Farnworth provides contract update, speaks on Roosters link","https://www.msn.com/en-au/sport/rugby/haven-t-spoken-haven-t-heard-herbie-farnworth-provides-contract-update-speaks-on-roosters-link/ar-AA26kzkO","http://www.bing.com/news/apiclick.aspx?ref=FexRss&aid=&tid=6a52f91013fb464fba14512b89654e7e&url=https%3a%2f%2fwww.msn.com%2fen-au%2fsport%2frugby%2fhaven-t-spoken-haven-t-heard-herbie-farnworth-provides-contract-update-speaks-on-roosters-link%2far-AA26kzkO&c=14088056965270932707&mkt=en-au","","https://www.msn.com/en-au/sport/rugby/haven-t-spoken-haven-t-heard-herbie-farnworth-provides-contract-update-speaks-on-roosters-link/ar-AA26kzkO","false","Dolphins star Herbie Farnworth has confirmed he has not been in talks with the Sydney Roosters, despite being heavily linked to the club from the start of 2028. The centre is off-contract at the end ..."
"dol","Dolphins","Herbie Farnworth","backup_baseline","8","au.news.yahoo.com","20","exact_player_name","true","Yahoo News Australia","Mon, 22 Jun 2026 23:38:00 GMT","player_focused_candidate_needs_article_review","Blow for Roosters as superstar centre vows to re-sign with NRL club: 'No thoughts of leaving'","https://au.news.yahoo.com/blow-for-roosters-as-superstar-centre-vows-to-re-sign-with-nrl-club-no-thoughts-of-leaving-063816470.html","http://www.bing.com/news/apiclick.aspx?ref=FexRss&aid=&tid=6a52f90c31864ca29be410aa3767280e&url=https%3a%2f%2fau.news.yahoo.com%2fblow-for-roosters-as-superstar-centre-vows-to-re-sign-with-nrl-club-no-thoughts-of-leaving-063816470.html&c=9869862806343960457&mkt=en-au","","https://au.news.yahoo.com/blow-for-roosters-as-superstar-centre-vows-to-re-sign-with-nrl-club-no-thoughts-of-leaving-063816470.html","false","Dolphins centre Herbie Farnworth has hinted he would like to remain in Redcliffe at his current NRL club after being linked with a blockbuster move to the Roosters. The Roosters will have plenty of ..."
"dol","Dolphins","Jack Bostock","backup_baseline","","","","","","","","no_candidate_found","","","","","","",""
"dol","Dolphins","Kodi Nikorima","backup_baseline","1","dailytelegraph.com.au","30","contract_language|exact_player_name","true","The Daily Telegraph","Fri, 30 Apr 2021 11:56:00 GMT","player_focused_candidate_needs_article_review","NRL: Kodi Nikorima recommits to New Zealand Warriors","https://www.dailytelegraph.com.au/sport/nrl/nrl-kodi-nikorima-recommits-to-new-zealand-warriors/news-story/87f0e46ed56dfdb03f57b698cafcd54c","http://www.bing.com/news/apiclick.aspx?ref=FexRss&aid=&tid=6a52f918b6d14a4b9117842397bf5206&url=https%3a%2f%2fwww.dailytelegraph.com.au%2fsport%2fnrl%2fnrl-kodi-nikorima-recommits-to-new-zealand-warriors%2fnews-story%2f87f0e46ed56dfdb03f57b698cafcd54c&c=16786775663712901334&mkt=en-au","","https://www.dailytelegraph.com.au/sport/nrl/nrl-kodi-nikorima-recommits-to-new-zealand-warriors/news-story/87f0e46ed56dfdb03f57b698cafcd54c","false","Nikorima has taken up a player option on his contract, allowing him to continue playing for the Warriors into next season. Born in New Zealand, Nikorima has made 40 appearances for the Warriors since ..."
"dol","Dolphins","Kodi Nikorima","backup_baseline","2","nrl.com","24","exact_player_name","true","National Rugby League","Thu, 11 Jun 2026 17:00:00 GMT","player_focused_candidate_needs_article_review","From the field: Kodi Nikorima","https://www.nrl.com/news/2026/06/12/from-the-field-kodi-nikorima/","http://www.bing.com/news/apiclick.aspx?ref=FexRss&aid=&tid=6a52f91de8804519b53b0004e43cd8c6&url=https%3a%2f%2fwww.nrl.com%2fnews%2f2026%2f06%2f12%2ffrom-the-field-kodi-nikorima%2f&c=4477796517004573673&mkt=en-au","","https://www.nrl.com/news/2026/06/12/from-the-field-kodi-nikorima/","false","National Rugby League respects and honours the Traditional Custodians of the land and pay our respects to their Elders past, present and future. We acknowledge the stories, traditions and living ..."
"dol","Dolphins","Kodi Nikorima","backup_baseline","3","au.sports.yahoo.com","23","contract_language|exact_player_name","true","Yahoo Sports Australia","Mon, 22 Jun 2026 00:10:00 GMT","player_focused_candidate_needs_article_review","“Will know soon”: Nikorima provides contract update as negotiations continue","https://au.sports.yahoo.com/know-soon-nikorima-provides-contract-071028051.html","http://www.bing.com/news/apiclick.aspx?ref=FexRss&aid=&tid=6a52f918296a4c7ebdcaf346982e0ebc&url=https%3a%2f%2fau.sports.yahoo.com%2fknow-soon-nikorima-provides-contract-071028051.html&c=884128963893246468&mkt=en-au","","https://au.sports.yahoo.com/know-soon-nikorima-provides-contract-071028051.html","false","Kodi Nikorima has entered extension talks with the Dolphins amid whispers of his departure and a potential Super League switch. The negotiations add further intrigue to who takes the Dolphins' number ..."
"dol","Dolphins","Kodi Nikorima","backup_baseline","4","au.sports.yahoo.com","20","exact_player_name","true","Yahoo Sport Australia","Thu, 25 Jun 2026 17:00:00 GMT","player_focused_candidate_needs_article_review","Have their cake and eat it too: Dolphins reveal bold roster ambitions","https://au.sports.yahoo.com/cake-eat-too-dolphins-reveal-015323671.html","http://www.bing.com/news/apiclick.aspx?ref=FexRss&aid=&tid=6a52f918296a4c7ebdcaf346982e0ebc&url=https%3a%2f%2fau.sports.yahoo.com%2fcake-eat-too-dolphins-reveal-015323671.html&c=4597639105958805500&mkt=en-au","","https://au.sports.yahoo.com/cake-eat-too-dolphins-reveal-015323671.html","false","The Dolphins have moved to cool speculation that Kodi Nikorima could be pushed out by the incoming arrival of Super League star George Williams, with coach Kristian Woolf insisting the club's focus is ..."
"dol","Dolphins","Kodi Nikorima","backup_baseline","5","msn.com","19","contract_language|exact_player_name","true","Australian Associated Press on MSN","Thu, 25 Jun 2026 18:22:54 GMT","context_only_untrusted_domain","Room for two: Woolf answers Dolphins 2027 halves puzzle","https://www.msn.com/en-au/sport/afl/room-for-two-woolf-answers-dolphins-2027-halves-puzzle/ar-AA26yUTG","http://www.bing.com/news/apiclick.aspx?ref=FexRss&aid=&tid=6a52f918296a4c7ebdcaf346982e0ebc&url=https%3a%2f%2fwww.msn.com%2fen-au%2fsport%2fafl%2froom-for-two-woolf-answers-dolphins-2027-halves-puzzle%2far-AA26yUTG&c=16336977542231824267&mkt=en-au","","https://www.msn.com/en-au/sport/afl/room-for-two-woolf-answers-dolphins-2027-halves-puzzle/ar-AA26yUTG","false","Dolphins coach Kristian Woolf hopes a new deal for No.6 Kodi Nikorima can be done and insists there is room for him and England star George Williams in 2027."
"dol","Dolphins","Kodi Nikorima","backup_baseline","6","brisbanetimes.com.au","19","contract_language|exact_player_name","true","Brisbane Times","Thu, 09 Oct 2025 08:47:00 GMT","context_only_untrusted_domain","Dolphins reveal intention for off contract star amid links to England veteran","https://www.brisbanetimes.com.au/sport/nrl/major-coup-retention-priorities-and-some-luck-why-dolphins-breakthrough-nears-20251009-p5n1bd.html","http://www.bing.com/news/apiclick.aspx?ref=FexRss&aid=&tid=6a52f918296a4c7ebdcaf346982e0ebc&url=https%3a%2f%2fwww.brisbanetimes.com.au%2fsport%2fnrl%2fmajor-coup-retention-priorities-and-some-luck-why-dolphins-breakthrough-nears-20251009-p5n1bd.html&c=2926123667568527347&mkt=en-au","","https://www.brisbanetimes.com.au/sport/nrl/major-coup-retention-priorities-and-some-luck-why-dolphins-breakthrough-nears-20251009-p5n1bd.html","false","Dolphins chief executive Terry Reader insists Kodi Nikorima still had a long-term future at the club, despite links connecting England halfback George Williams to a Redcliffe move. As marquee centre ..."
"dol","Dolphins","Kodi Nikorima","backup_baseline","7","au.sports.yahoo.com","7","money|contract_language|context_or_team_article","false","Yahoo Sports Australia","Tue, 23 Jun 2026 19:51:00 GMT","team_or_context_candidate_needs_article_review","Perth Bears receive salary cap boost from NRL","https://au.sports.yahoo.com/perth-bears-receive-salary-cap-025110246.html","http://www.bing.com/news/apiclick.aspx?ref=FexRss&aid=&tid=6a52f91c8aaf44aabf7364f640ee6701&url=https%3a%2f%2fau.sports.yahoo.com%2fperth-bears-receive-salary-cap-025110246.html&c=545008729362569136&mkt=en-au","","https://au.sports.yahoo.com/perth-bears-receive-salary-cap-025110246.html","false","The NRL has granted the Perth Bears up to $500,000 worth of salary cap concessions to compete in the fight against PNG Chiefs. The latest NRL expansion club with receive compensation from the NRL to ..."
"dol","Dolphins","Kodi Nikorima","backup_baseline","8","themercury.com.au","4","contract_language|context_or_team_article","false","The Mercury","Fri, 15 May 2026 05:23:00 GMT","team_or_context_candidate_needs_article_review","Dolphins 2026 NRL season scouting report: Best 17, every player’s contract status, rookie watch","https://www.themercury.com.au/sport/nrl/dolphins-2026-nrl-season-scouting-report-best-17-every-players-contract-status-rookie-watch/news-story/09352f8bcba2721a1cb102706be05258","http://www.bing.com/news/apiclick.aspx?ref=FexRss&aid=&tid=6a52f918296a4c7ebdcaf346982e0ebc&url=https%3a%2f%2fwww.themercury.com.au%2fsport%2fnrl%2fdolphins-2026-nrl-season-scouting-report-best-17-every-players-contract-status-rookie-watch%2fnews-story%2f09352f8bcba2721a1cb102706be05258&c=6972828687066443141&mkt=en-au","","https://www.themercury.com.au/sport/nrl/dolphins-2026-nrl-season-scouting-report-best-17-every-players-contract-status-rookie-watch/news-story/09352f8bcba2721a1cb102706be05258","false","Kristian Woolf turned the Dolphins into a tremendous attacking force in his first season in charge, but the focus must now be on tightening up the defence to win more games. We cast an eye over their ..."
