"teamId","teamName","player","currentEvidenceRole","candidateRank","candidateDomain","candidateScore","candidateSignals","exactPlayerName","sourceName","publishedAt","reviewStatus","title","url","bingNewsUrl","googleNewsUrl","originalUrl","needsOriginalUrlResolution","snippet"
"dol","Dolphins","Isaiya Katoa","backup_baseline","1","nrl.com","24","exact_player_name","true","National Rugby League","Wed, 20 May 2026 17:00:00 GMT","player_focused_candidate_needs_article_review","From the field: Isaiya Katoa","https://www.nrl.com/news/2026/05/21/from-the-field-isaiya-katoa/","http://www.bing.com/news/apiclick.aspx?ref=FexRss&aid=&tid=6a52f61a13484f848c0326bf51f83f06&url=https%3a%2f%2fwww.nrl.com%2fnews%2f2026%2f05%2f21%2ffrom-the-field-isaiya-katoa%2f&c=15787826024087056361&mkt=en-au","","https://www.nrl.com/news/2026/05/21/from-the-field-isaiya-katoa/","false","National Rugby League respects and honours the Traditional Custodians of the land and pay our respects to their Elders past, present and future. We acknowledge the stories, traditions and living ..."
"dol","Dolphins","Isaiya Katoa","backup_baseline","2","au.sports.yahoo.com","4","contract_language|context_or_team_article","false","Yahoo Sport Australia","Thu, 07 May 2026 17:00:00 GMT","team_or_context_candidate_needs_article_review","The SEVEN current best value for money contracts in the NRL","https://au.sports.yahoo.com/seven-current-best-value-money-214941645.html","http://www.bing.com/news/apiclick.aspx?ref=FexRss&aid=&tid=6a52f61a180f4d2099b5e5c21bad67a5&url=https%3a%2f%2fau.sports.yahoo.com%2fseven-current-best-value-money-214941645.html&c=14537114608194793438&mkt=en-au","","https://au.sports.yahoo.com/seven-current-best-value-money-214941645.html","false","The beauty of the salary cap is that it is supposed to level the playing field for all NRL teams. There is enough space for stars, but not multiple, meaning rosters need to be carefully crafted so ..."
"dol","Dolphins","Isaiya Katoa","backup_baseline","3","msn.com","3","money|contract_language|context_or_team_article","false","The Sydney Morning Herald on MSN","Tue, 30 Jun 2026 21:37:58 GMT","context_only_untrusted_domain","New broadcast deal could push NRL salary cap up to $20m by 2028","https://www.msn.com/en-au/news/australia/new-broadcast-deal-could-push-nrl-salary-cap-up-to-20m-by-2028/ar-AA26H5IM","http://www.bing.com/news/apiclick.aspx?ref=FexRss&aid=&tid=6a52f6159cce4d9c908bfa5646e924e7&url=https%3a%2f%2fwww.msn.com%2fen-au%2fnews%2faustralia%2fnew-broadcast-deal-could-push-nrl-salary-cap-up-to-20m-by-2028%2far-AA26H5IM&c=15095945392879639673&mkt=en-au","","https://www.msn.com/en-au/news/australia/new-broadcast-deal-could-push-nrl-salary-cap-up-to-20m-by-2028/ar-AA26H5IM","false","A rich new broadcast deal means more money coming into the game. The biggest winners will be the star players, who could soon demand up to $2 million per season."
"dol","Dolphins","Isaiya Katoa","backup_baseline","4","thechronicle.com.au","0","contract_language|context_or_team_article","false","The Toowoomba Chronicle","Tue, 30 Dec 2025 10:09:00 GMT","context_only_untrusted_domain","Dolphins 2026 NRL season scouting report: Best 17, every player’s contract status, rookie watch","https://www.thechronicle.com.au/sport/nrl/dolphins-2026-nrl-season-scouting-report-best-17-every-players-contract-status-rookie-watch/news-story/09352f8bcba2721a1cb102706be05258","http://www.bing.com/news/apiclick.aspx?ref=FexRss&aid=&tid=6a52f6159cce4d9c908bfa5646e924e7&url=https%3a%2f%2fwww.thechronicle.com.au%2fsport%2fnrl%2fdolphins-2026-nrl-season-scouting-report-best-17-every-players-contract-status-rookie-watch%2fnews-story%2f09352f8bcba2721a1cb102706be05258&c=1176587204612317070&mkt=en-au","","https://www.thechronicle.com.au/sport/nrl/dolphins-2026-nrl-season-scouting-report-best-17-every-players-contract-status-rookie-watch/news-story/09352f8bcba2721a1cb102706be05258","false","Kristian Woolf turned the Dolphins into a tremendous attacking force in his first season in charge, but the focus must now be on tightening up the defence to win more games. We cast an eye over their ..."
"dol","Dolphins","Daniel Saifiti","backup_baseline","","","","","","","","no_candidate_found","","","","","","",""
"dol","Dolphins","Jeremy Marshall-King","backup_baseline","1","themercury.com.au","4","contract_language|context_or_team_article","false","The Mercury","Fri, 15 May 2026 05:23:00 GMT","team_or_context_candidate_needs_article_review","Dolphins 2026 NRL season scouting report: Best 17, every player’s contract status, rookie watch","https://www.themercury.com.au/sport/nrl/dolphins-2026-nrl-season-scouting-report-best-17-every-players-contract-status-rookie-watch/news-story/09352f8bcba2721a1cb102706be05258","http://www.bing.com/news/apiclick.aspx?ref=FexRss&aid=&tid=6a52f6235dd14bd089baee42db93c9e5&url=https%3a%2f%2fwww.themercury.com.au%2fsport%2fnrl%2fdolphins-2026-nrl-season-scouting-report-best-17-every-players-contract-status-rookie-watch%2fnews-story%2f09352f8bcba2721a1cb102706be05258&c=6972828687066443141&mkt=en-au","","https://www.themercury.com.au/sport/nrl/dolphins-2026-nrl-season-scouting-report-best-17-every-players-contract-status-rookie-watch/news-story/09352f8bcba2721a1cb102706be05258","false","Kristian Woolf turned the Dolphins into a tremendous attacking force in his first season in charge, but the focus must now be on tightening up the defence to win more games. We cast an eye over their ..."
"dol","Dolphins","Thomas Flegler","backup_baseline","1","7news.com.au","7","money|contract_language|context_or_team_article","false","7NEWS Australia","Fri, 28 Oct 2022 02:27:00 GMT","team_or_context_candidate_needs_article_review","Ultimate NRL free agency preview: Your club’s out-of-contract stars and where they could end up","https://7news.com.au/sport/rugby-league/ultimate-nrl-free-agency-preview-your-clubs-out-of-contract-stars-and-where-they-could-end-up-c-8677336","http://www.bing.com/news/apiclick.aspx?ref=FexRss&aid=&tid=6a52f62d88314f8f828e6c15e57349db&url=https%3a%2f%2f7news.com.au%2fsport%2frugby-league%2fultimate-nrl-free-agency-preview-your-clubs-out-of-contract-stars-and-where-they-could-end-up-c-8677336&c=143273184193222445&mkt=en-au","","https://7news.com.au/sport/rugby-league/ultimate-nrl-free-agency-preview-your-clubs-out-of-contract-stars-and-where-they-could-end-up-c-8677336","false","Over $50 million worth of player talent will be free to negotiate with clubs for season 2024 and beyond when the NRL free agency period begins on November 1. Latrell Mitchell, Mit ..."
"dol","Dolphins","Thomas Flegler","backup_baseline","2","themercury.com.au","4","contract_language|context_or_team_article","false","The Mercury","Fri, 15 May 2026 05:23:00 GMT","team_or_context_candidate_needs_article_review","Dolphins 2026 NRL season scouting report: Best 17, every player’s contract status, rookie watch","https://www.themercury.com.au/sport/nrl/dolphins-2026-nrl-season-scouting-report-best-17-every-players-contract-status-rookie-watch/news-story/09352f8bcba2721a1cb102706be05258","http://www.bing.com/news/apiclick.aspx?ref=FexRss&aid=&tid=6a52f62a739f40e5a75d8df889453f1d&url=https%3a%2f%2fwww.themercury.com.au%2fsport%2fnrl%2fdolphins-2026-nrl-season-scouting-report-best-17-every-players-contract-status-rookie-watch%2fnews-story%2f09352f8bcba2721a1cb102706be05258&c=6972828687066443141&mkt=en-au","","https://www.themercury.com.au/sport/nrl/dolphins-2026-nrl-season-scouting-report-best-17-every-players-contract-status-rookie-watch/news-story/09352f8bcba2721a1cb102706be05258","false","Kristian Woolf turned the Dolphins into a tremendous attacking force in his first season in charge, but the focus must now be on tightening up the defence to win more games. We cast an eye over their ..."
"dol","Dolphins","Felise Kaufusi","backup_baseline","1","7news.com.au","7","money|contract_language|context_or_team_article","false","7NEWS Australia","Fri, 28 Oct 2022 02:27:00 GMT","team_or_context_candidate_needs_article_review","Ultimate NRL free agency preview: Your club’s out-of-contract stars and where they could end up","https://7news.com.au/sport/rugby-league/ultimate-nrl-free-agency-preview-your-clubs-out-of-contract-stars-and-where-they-could-end-up-c-8677336","http://www.bing.com/news/apiclick.aspx?ref=FexRss&aid=&tid=6a52f634fe324b28824ad8fc2fbdcfb9&url=https%3a%2f%2f7news.com.au%2fsport%2frugby-league%2fultimate-nrl-free-agency-preview-your-clubs-out-of-contract-stars-and-where-they-could-end-up-c-8677336&c=143273184193222445&mkt=en-au","","https://7news.com.au/sport/rugby-league/ultimate-nrl-free-agency-preview-your-clubs-out-of-contract-stars-and-where-they-could-end-up-c-8677336","false","Over $50 million worth of player talent will be free to negotiate with clubs for season 2024 and beyond when the NRL free agency period begins on November 1. Latrell Mitchell, Mit ..."
"dol","Dolphins","Felise Kaufusi","backup_baseline","2","themercury.com.au","4","contract_language|context_or_team_article","false","The Mercury","Fri, 15 May 2026 05:23:00 GMT","team_or_context_candidate_needs_article_review","Dolphins 2026 NRL season scouting report: Best 17, every player’s contract status, rookie watch","https://www.themercury.com.au/sport/nrl/dolphins-2026-nrl-season-scouting-report-best-17-every-players-contract-status-rookie-watch/news-story/09352f8bcba2721a1cb102706be05258","http://www.bing.com/news/apiclick.aspx?ref=FexRss&aid=&tid=6a52f630b47946989ec653dff18589af&url=https%3a%2f%2fwww.themercury.com.au%2fsport%2fnrl%2fdolphins-2026-nrl-season-scouting-report-best-17-every-players-contract-status-rookie-watch%2fnews-story%2f09352f8bcba2721a1cb102706be05258&c=6972828687066443141&mkt=en-au","","https://www.themercury.com.au/sport/nrl/dolphins-2026-nrl-season-scouting-report-best-17-every-players-contract-status-rookie-watch/news-story/09352f8bcba2721a1cb102706be05258","false","Kristian Woolf turned the Dolphins into a tremendous attacking force in his first season in charge, but the focus must now be on tightening up the defence to win more games. We cast an eye over their ..."
"dol","Dolphins","Kulikefu Finefeuiaki","backup_baseline","1","nrl.com","20","exact_player_name","true","National Rugby League","Thu, 21 May 2026 03:01:00 GMT","player_focused_candidate_needs_article_review","Finefeuiaki on the cusp of repaying family sacrifice","https://www.nrl.com/news/2026/05/21/finefeuiaki-on-the-cusp-of-repaying-family-sacrifice/","http://www.bing.com/news/apiclick.aspx?ref=FexRss&aid=&tid=6a52f637c4044a33ba865000f1b49098&url=https%3a%2f%2fwww.nrl.com%2fnews%2f2026%2f05%2f21%2ffinefeuiaki-on-the-cusp-of-repaying-family-sacrifice%2f&c=1066609875823734056&mkt=en-au","","https://www.nrl.com/news/2026/05/21/finefeuiaki-on-the-cusp-of-repaying-family-sacrifice/","false","Barnstorming second-rower Kulikefu Finefeuiaki will be soaking up every moment in Camp Maroon this week on the off chance he's called up to rip in and knock over any Blue in his way. The Dolphins ..."
"dol","Dolphins","Kulikefu Finefeuiaki","backup_baseline","2","themercury.com.au","4","contract_language|context_or_team_article","false","The Mercury","Fri, 15 May 2026 05:23:00 GMT","team_or_context_candidate_needs_article_review","Dolphins 2026 NRL season scouting report: Best 17, every player’s contract status, rookie watch","https://www.themercury.com.au/sport/nrl/dolphins-2026-nrl-season-scouting-report-best-17-every-players-contract-status-rookie-watch/news-story/09352f8bcba2721a1cb102706be05258","http://www.bing.com/news/apiclick.aspx?ref=FexRss&aid=&tid=6a52f637c4044a33ba865000f1b49098&url=https%3a%2f%2fwww.themercury.com.au%2fsport%2fnrl%2fdolphins-2026-nrl-season-scouting-report-best-17-every-players-contract-status-rookie-watch%2fnews-story%2f09352f8bcba2721a1cb102706be05258&c=6972828687066443141&mkt=en-au","","https://www.themercury.com.au/sport/nrl/dolphins-2026-nrl-season-scouting-report-best-17-every-players-contract-status-rookie-watch/news-story/09352f8bcba2721a1cb102706be05258","false","Kristian Woolf turned the Dolphins into a tremendous attacking force in his first season in charge, but the focus must now be on tightening up the defence to win more games. We cast an eye over their ..."
"dol","Dolphins","Tom Gilbert","backup_baseline","1","geelongadvertiser.com.au","27","contract_language|exact_player_name","true","Geelong Advertiser","Tue, 26 Apr 2022 07:52:00 GMT","player_focused_candidate_needs_article_review","NRL transfer news: Dolphins sign Tom Gilbert from Cowboys on three-year deal","https://www.geelongadvertiser.com.au/sport/nrl/nrl-transfer-news-dolphins-sign-tom-gilbert-from-cowboys-on-threeyear-deal/news-story/cd80cf9df7c937bfd7052a527b9e2492","http://www.bing.com/news/apiclick.aspx?ref=FexRss&aid=&tid=6a52f63eaafe489a9d0cc740ab458bb2&url=https%3a%2f%2fwww.geelongadvertiser.com.au%2fsport%2fnrl%2fnrl-transfer-news-dolphins-sign-tom-gilbert-from-cowboys-on-threeyear-deal%2fnews-story%2fcd80cf9df7c937bfd7052a527b9e2492&c=9442895142372046655&mkt=en-au","","https://www.geelongadvertiser.com.au/sport/nrl/nrl-transfer-news-dolphins-sign-tom-gilbert-from-cowboys-on-threeyear-deal/news-story/cd80cf9df7c937bfd7052a527b9e2492","false","A week after missing out on Knights superstar Kalyn Ponga, the Dolphins have bolstered their long-term future with the acquisition of the off-contract Gilbert. At 21, Gilbert has a bright career in ..."
"dol","Dolphins","Tom Gilbert","backup_baseline","2","news.com.au","4","contract_language|context_or_team_article","false","Couriermail","Mon, 15 Dec 2025 16:48:00 GMT","team_or_context_candidate_needs_article_review","Signings tracker: Attacking machine signs new deal with the Dolphins","https://www.news.com.au/sport/nrl/signings-tracker-attacking-machine-signs-new-deal-with-the-dolphins/news-story/f77fad3ce595555b257fe7dc16d2bb8f","http://www.bing.com/news/apiclick.aspx?ref=FexRss&aid=&tid=6a52f63eaafe489a9d0cc740ab458bb2&url=https%3a%2f%2fwww.news.com.au%2fsport%2fnrl%2fsignings-tracker-attacking-machine-signs-new-deal-with-the-dolphins%2fnews-story%2ff77fad3ce595555b257fe7dc16d2bb8f&c=1107890448307509936&mkt=en-au","","https://www.news.com.au/sport/nrl/signings-tracker-attacking-machine-signs-new-deal-with-the-dolphins/news-story/f77fad3ce595555b257fe7dc16d2bb8f","false","Lemuelu left the Cowboys after three seasons and played a significant role in the Dolphins’ first match in 2023 when he came off the bench against the Roosters and scored a 46th minute try that gave ..."
"dol","Dolphins","Kurt Donoghoe","backup_baseline","","","","","","","","no_candidate_found","","","","","","",""
"dol","Dolphins","Connelly Lemuelu","backup_baseline","","","","","","","","no_candidate_found","","","","","","",""
"dol","Dolphins","Max Plath","backup_baseline","1","ntnews.com.au","7","contract_language|term_language|context_or_team_article","false","Northern Territory News","Wed, 08 Oct 2025 15:47:00 GMT","team_or_context_candidate_needs_article_review","Herbie Farnworth signs one-year extension with Dolphins as club staves off Perth Bears, R360","https://www.ntnews.com.au/sport/nrl/herbie-farnworth-signs-oneyear-extension-with-dolphins-as-club-staves-off-perth-bears-r360/news-story/92f6af2ea08b4e65c1615a55a0d1f506","http://www.bing.com/news/apiclick.aspx?ref=FexRss&aid=&tid=6a52f6523d734a08a891d66aad2c2de6&url=https%3a%2f%2fwww.ntnews.com.au%2fsport%2fnrl%2fherbie-farnworth-signs-oneyear-extension-with-dolphins-as-club-staves-off-perth-bears-r360%2fnews-story%2f92f6af2ea08b4e65c1615a55a0d1f506&c=3015649171513403775&mkt=en-au","","https://www.ntnews.com.au/sport/nrl/herbie-farnworth-signs-oneyear-extension-with-dolphins-as-club-staves-off-perth-bears-r360/news-story/92f6af2ea08b4e65c1615a55a0d1f506","false","Farnworth has inked a one-year extension until the end of 2027 with the Dolphins, who have staved off potential poaching threats from Perth Bears and the R360 revolution to retain the British Test ace ..."
"dol","Dolphins","Max Plath","backup_baseline","2","themercury.com.au","4","contract_language|context_or_team_article","false","The Mercury","Fri, 15 May 2026 05:23:00 GMT","team_or_context_candidate_needs_article_review","Dolphins 2026 NRL season scouting report: Best 17, every player’s contract status, rookie watch","https://www.themercury.com.au/sport/nrl/dolphins-2026-nrl-season-scouting-report-best-17-every-players-contract-status-rookie-watch/news-story/09352f8bcba2721a1cb102706be05258","http://www.bing.com/news/apiclick.aspx?ref=FexRss&aid=&tid=6a52f6523d734a08a891d66aad2c2de6&url=https%3a%2f%2fwww.themercury.com.au%2fsport%2fnrl%2fdolphins-2026-nrl-season-scouting-report-best-17-every-players-contract-status-rookie-watch%2fnews-story%2f09352f8bcba2721a1cb102706be05258&c=6972828687066443141&mkt=en-au","","https://www.themercury.com.au/sport/nrl/dolphins-2026-nrl-season-scouting-report-best-17-every-players-contract-status-rookie-watch/news-story/09352f8bcba2721a1cb102706be05258","false","Kristian Woolf turned the Dolphins into a tremendous attacking force in his first season in charge, but the focus must now be on tightening up the defence to win more games. We cast an eye over their ..."
"dol","Dolphins","Morgan Knowles","backup_baseline","1","au.sports.yahoo.com","23","contract_language|exact_player_name","true","Yahoo Sport Australia","Wed, 04 Mar 2026 21:40:00 GMT","player_focused_candidate_needs_article_review","Dolphins recruit opens up ahead of NRL debut","https://au.sports.yahoo.com/dolphins-recruit-opens-ahead-nrl-054045139.html","http://www.bing.com/news/apiclick.aspx?ref=FexRss&aid=&tid=6a52f65904284a2881a93450c7492a01&url=https%3a%2f%2fau.sports.yahoo.com%2fdolphins-recruit-opens-ahead-nrl-054045139.html&c=11525685244440254916&mkt=en-au","","https://au.sports.yahoo.com/dolphins-recruit-opens-ahead-nrl-054045139.html","false","Dolphins recruit Morgan Knowles is relishing the chance to make his NRL debut in front of the Redcliffe faithful this weekend. Signed on a two-year-deal from St Helens, Knowles is itching to make his ..."
"dol","Dolphins","Morgan Knowles","backup_baseline","2","themercury.com.au","4","contract_language|context_or_team_article","false","The Mercury","Tue, 30 Dec 2025 10:00:00 GMT","team_or_context_candidate_needs_article_review","Dolphins 2026 NRL season scouting report: Best 17, every player’s contract status, rookie watch","https://www.themercury.com.au/sport/nrl/dolphins-2026-nrl-season-scouting-report-best-17-every-players-contract-status-rookie-watch/news-story/09352f8bcba2721a1cb102706be05258","http://www.bing.com/news/apiclick.aspx?ref=FexRss&aid=&tid=6a52f65904284a2881a93450c7492a01&url=https%3a%2f%2fwww.themercury.com.au%2fsport%2fnrl%2fdolphins-2026-nrl-season-scouting-report-best-17-every-players-contract-status-rookie-watch%2fnews-story%2f09352f8bcba2721a1cb102706be05258&c=6972828687066443141&mkt=en-au","","https://www.themercury.com.au/sport/nrl/dolphins-2026-nrl-season-scouting-report-best-17-every-players-contract-status-rookie-watch/news-story/09352f8bcba2721a1cb102706be05258","false","Kristian Woolf turned the Dolphins into a tremendous attacking force in his first season in charge, but the focus must now be on tightening up the defence to win more games. We cast an eye over their ..."
"dol","Dolphins","Jake Averillo","bucket_unknown","1","heraldsun.com.au","30","money|contract_language|exact_player_name","true","heraldsun.com.au","Sat, 21 Feb 2026 23:00:00 GMT","player_focused_candidate_needs_article_review","Las Vegas Confidential: Clubs battling for Jake Averillo’s signature | Inside the Bulldogs’ $20,000 night","https://www.heraldsun.com.au/sport/nrl/las-vegas-confidential-inside-the-bulldogs-20000-las-vegas-night-matt-lodge-mystery-solved/news-story/cdad3cf6c2dbaad42960fe4b84a4187a","http://www.bing.com/news/apiclick.aspx?ref=FexRss&aid=&tid=6a52f6607f424d1a86daa97d7aa69ee0&url=https%3a%2f%2fwww.heraldsun.com.au%2fsport%2fnrl%2flas-vegas-confidential-inside-the-bulldogs-20000-las-vegas-night-matt-lodge-mystery-solved%2fnews-story%2fcdad3cf6c2dbaad42960fe4b84a4187a&c=13660415378844590763&mkt=en-au","","https://www.heraldsun.com.au/sport/nrl/las-vegas-confidential-inside-the-bulldogs-20000-las-vegas-night-matt-lodge-mystery-solved/news-story/cdad3cf6c2dbaad42960fe4b84a4187a","false","Dragons officials have held talks with a versatile Dolphins star who is off contract at the end of the season, but will have to fight to secure his signature amid interest from other clubs. LAS VEGAS ..."
"dol","Dolphins","Jake Averillo","bucket_unknown","2","couriermail.com.au","24","exact_player_name","true","The Courier-Mail","Wed, 10 Jun 2026 17:14:00 GMT","player_focused_candidate_needs_article_review","Wests Tigers close to landing Dolphins star Jake Averillo as potential replacement for Jarome Luai","https://www.couriermail.com.au/sport/nrl/wests-tigers-close-to-landing-dolphins-star-jake-averillo-as-potential-replacement-for-jarome-luai/news-story/da5335060a33319b0ef47e943dfcc42a","http://www.bing.com/news/apiclick.aspx?ref=FexRss&aid=&tid=6a52f6607f424d1a86daa97d7aa69ee0&url=https%3a%2f%2fwww.couriermail.com.au%2fsport%2fnrl%2fwests-tigers-close-to-landing-dolphins-star-jake-averillo-as-potential-replacement-for-jarome-luai%2fnews-story%2fda5335060a33319b0ef47e943dfcc42a&c=7375319973466387166&mkt=en-au","","https://www.couriermail.com.au/sport/nrl/wests-tigers-close-to-landing-dolphins-star-jake-averillo-as-potential-replacement-for-jarome-luai/news-story/da5335060a33319b0ef47e943dfcc42a","false","It is understood the Tigers are close to landing Averillo from next season despite interest from a host of Sydney clubs. The likes of Cronulla, Manly and St George Illawarra all held discussions with ..."
"dol","Dolphins","Jake Averillo","bucket_unknown","3","thechronicle.com.au","0","contract_language|context_or_team_article","false","The Toowoomba Chronicle","Tue, 30 Dec 2025 10:09:00 GMT","context_only_untrusted_domain","Dolphins 2026 NRL season scouting report: Best 17, every player’s contract status, rookie watch","https://www.thechronicle.com.au/sport/nrl/dolphins-2026-nrl-season-scouting-report-best-17-every-players-contract-status-rookie-watch/news-story/09352f8bcba2721a1cb102706be05258","http://www.bing.com/news/apiclick.aspx?ref=FexRss&aid=&tid=6a52f6607f424d1a86daa97d7aa69ee0&url=https%3a%2f%2fwww.thechronicle.com.au%2fsport%2fnrl%2fdolphins-2026-nrl-season-scouting-report-best-17-every-players-contract-status-rookie-watch%2fnews-story%2f09352f8bcba2721a1cb102706be05258&c=1176587204612317070&mkt=en-au","","https://www.thechronicle.com.au/sport/nrl/dolphins-2026-nrl-season-scouting-report-best-17-every-players-contract-status-rookie-watch/news-story/09352f8bcba2721a1cb102706be05258","false","Kristian Woolf turned the Dolphins into a tremendous attacking force in his first season in charge, but the focus must now be on tightening up the defence to win more games. We cast an eye over their ..."
"dol","Dolphins","Brad Schneider","bucket_unknown","1","themercury.com.au","4","contract_language|context_or_team_article","false","The Mercury","Fri, 15 May 2026 05:23:00 GMT","team_or_context_candidate_needs_article_review","Dolphins 2026 NRL season scouting report: Best 17, every player’s contract status, rookie watch","https://www.themercury.com.au/sport/nrl/dolphins-2026-nrl-season-scouting-report-best-17-every-players-contract-status-rookie-watch/news-story/09352f8bcba2721a1cb102706be05258","http://www.bing.com/news/apiclick.aspx?ref=FexRss&aid=&tid=6a52f666db174444be29299bdc70acb0&url=https%3a%2f%2fwww.themercury.com.au%2fsport%2fnrl%2fdolphins-2026-nrl-season-scouting-report-best-17-every-players-contract-status-rookie-watch%2fnews-story%2f09352f8bcba2721a1cb102706be05258&c=6972828687066443141&mkt=en-au","","https://www.themercury.com.au/sport/nrl/dolphins-2026-nrl-season-scouting-report-best-17-every-players-contract-status-rookie-watch/news-story/09352f8bcba2721a1cb102706be05258","false","Kristian Woolf turned the Dolphins into a tremendous attacking force in his first season in charge, but the focus must now be on tightening up the defence to win more games. We cast an eye over their ..."
"dol","Dolphins","Brian Pouniu","bucket_unknown","","","","","","","","no_candidate_found","","","","","","",""
"dol","Dolphins","Elijah Rasmussen","bucket_unknown","","","","","","","","no_candidate_found","","","","","","",""
"dol","Dolphins","Francis Molo","bucket_unknown","1","au.sports.yahoo.com","30","money|contract_language|exact_player_name","true","Yahoo Sport Australia","Mon, 16 Mar 2026 16:59:00 GMT","player_focused_candidate_needs_article_review","Francis Molo makes surprise NRL contract call","https://au.sports.yahoo.com/francis-molo-makes-surprise-nrl-005908336.html","http://www.bing.com/news/apiclick.aspx?ref=FexRss&aid=&tid=6a52f67bad5c429886b8545b242a4768&url=https%3a%2f%2fau.sports.yahoo.com%2ffrancis-molo-makes-surprise-nrl-005908336.html&c=7286488957020840281&mkt=en-au","","https://au.sports.yahoo.com/francis-molo-makes-surprise-nrl-005908336.html","false","Dolphins forward Francis Molo is set to re-sign with the club on a deal worth $1 million over the next two years. The Dolphins, who see him as a key part of their middle third rotation, have been in ..."
"dol","Dolphins","Francis Molo","bucket_unknown","2","au.sports.yahoo.com","23","contract_language|exact_player_name","true","Yahoo Sport Australia","Sun, 31 May 2026 17:00:00 GMT","player_focused_candidate_needs_article_review","Dolphins confirm extension of international forward","https://au.sports.yahoo.com/dolphins-confirm-extension-international-forward-233311156.html","http://www.bing.com/news/apiclick.aspx?ref=FexRss&aid=&tid=6a52f67bad5c429886b8545b242a4768&url=https%3a%2f%2fau.sports.yahoo.com%2fdolphins-confirm-extension-international-forward-233311156.html&c=3790237513195562228&mkt=en-au","","https://au.sports.yahoo.com/dolphins-confirm-extension-international-forward-233311156.html","false","The Dolphins have moved to re-sign an integral part of their engine room, extending Francis Molo at the club for an extra two years. With 161 games of NRL experience, Molo is a key aspect of the ..."
"dol","Dolphins","Francis Molo","bucket_unknown","3","illawarramercury.com.au","19","contract_language|exact_player_name","true","Illawarra Mercury","Tue, 02 Jun 2026 07:49:00 GMT","context_only_untrusted_domain","Sober for three years: Molo strikes new Dolphins deal","https://www.illawarramercury.com.au/story/9277381/sober-for-three-years-molo-strikes-new-dolphins-deal/","http://www.bing.com/news/apiclick.aspx?ref=FexRss&aid=&tid=6a52f67bad5c429886b8545b242a4768&url=https%3a%2f%2fwww.illawarramercury.com.au%2fstory%2f9277381%2fsober-for-three-years-molo-strikes-new-dolphins-deal%2f&c=16011535604974117231&mkt=en-au","","https://www.illawarramercury.com.au/story/9277381/sober-for-three-years-molo-strikes-new-dolphins-deal/","false","Dolphins prop Francis Molo credited his decision to quit alcohol as a turning point in his life as he inked a new two-year extension. The 31-year-old powerhouse will now be on board at the Dolphins ..."
"dol","Dolphins","Francis Molo","bucket_unknown","4","canberratimes.com.au","19","contract_language|exact_player_name","true","The Canberra Times","Tue, 02 Jun 2026 07:49:00 GMT","context_only_untrusted_domain","Sober for three years: Molo strikes new Dolphins deal","https://www.canberratimes.com.au/story/9277381/sober-for-three-years-molo-strikes-new-dolphins-deal/","http://www.bing.com/news/apiclick.aspx?ref=FexRss&aid=&tid=6a52f67bad5c429886b8545b242a4768&url=https%3a%2f%2fwww.canberratimes.com.au%2fstory%2f9277381%2fsober-for-three-years-molo-strikes-new-dolphins-deal%2f&c=16607352265739376221&mkt=en-au","","https://www.canberratimes.com.au/story/9277381/sober-for-three-years-molo-strikes-new-dolphins-deal/","false","Dolphins prop Francis Molo credited his decision to quit alcohol as a turning point in his life as he inked a new two-year extension."
"dol","Dolphins","Francis Molo","bucket_unknown","5","themercury.com.au","4","contract_language|context_or_team_article","false","The Mercury","Fri, 15 May 2026 05:23:00 GMT","team_or_context_candidate_needs_article_review","Dolphins 2026 NRL season scouting report: Best 17, every player’s contract status, rookie watch","https://www.themercury.com.au/sport/nrl/dolphins-2026-nrl-season-scouting-report-best-17-every-players-contract-status-rookie-watch/news-story/09352f8bcba2721a1cb102706be05258","http://www.bing.com/news/apiclick.aspx?ref=FexRss&aid=&tid=6a52f67bad5c429886b8545b242a4768&url=https%3a%2f%2fwww.themercury.com.au%2fsport%2fnrl%2fdolphins-2026-nrl-season-scouting-report-best-17-every-players-contract-status-rookie-watch%2fnews-story%2f09352f8bcba2721a1cb102706be05258&c=6972828687066443141&mkt=en-au","","https://www.themercury.com.au/sport/nrl/dolphins-2026-nrl-season-scouting-report-best-17-every-players-contract-status-rookie-watch/news-story/09352f8bcba2721a1cb102706be05258","false","Kristian Woolf turned the Dolphins into a tremendous attacking force in his first season in charge, but the focus must now be on tightening up the defence to win more games. We cast an eye over their ..."
"dol","Dolphins","LJ Nonu","bucket_unknown","1","themercury.com.au","4","contract_language|context_or_team_article","false","The Mercury","Fri, 15 May 2026 05:23:00 GMT","team_or_context_candidate_needs_article_review","Dolphins 2026 NRL season scouting report: Best 17, every player’s contract status, rookie watch","https://www.themercury.com.au/sport/nrl/dolphins-2026-nrl-season-scouting-report-best-17-every-players-contract-status-rookie-watch/news-story/09352f8bcba2721a1cb102706be05258","http://www.bing.com/news/apiclick.aspx?ref=FexRss&aid=&tid=6a52f6813451441c8512c47f484aa82a&url=https%3a%2f%2fwww.themercury.com.au%2fsport%2fnrl%2fdolphins-2026-nrl-season-scouting-report-best-17-every-players-contract-status-rookie-watch%2fnews-story%2f09352f8bcba2721a1cb102706be05258&c=6972828687066443141&mkt=en-au","","https://www.themercury.com.au/sport/nrl/dolphins-2026-nrl-season-scouting-report-best-17-every-players-contract-status-rookie-watch/news-story/09352f8bcba2721a1cb102706be05258","false","Kristian Woolf turned the Dolphins into a tremendous attacking force in his first season in charge, but the focus must now be on tightening up the defence to win more games. We cast an eye over their ..."
"dol","Dolphins","Oryn Keeley","bucket_unknown","1","au.sports.yahoo.com","23","contract_language|exact_player_name","true","Yahoo Sports Australia","Sun, 28 Jun 2026 17:14:00 GMT","player_focused_candidate_needs_article_review","Deadline deal: Storm and Dolphins agree to immediate swap","https://au.sports.yahoo.com/deadline-deal-storm-dolphins-agree-001307060.html","http://www.bing.com/news/apiclick.aspx?ref=FexRss&aid=&tid=6a52f687fa254e768c40b4d00654f241&url=https%3a%2f%2fau.sports.yahoo.com%2fdeadline-deal-storm-dolphins-agree-001307060.html&c=6109790825893123979&mkt=en-au","","https://au.sports.yahoo.com/deadline-deal-storm-dolphins-agree-001307060.html","false","The Melbourne Storm and Dolphins have agreed to an immediate switch of clubs for Oryn Keeley just 48 hours out from the NRL's in-season player movement deadline. Keeley, a second-rower, had already ..."
"dol","Dolphins","Oryn Keeley","bucket_unknown","2","themercury.com.au","4","contract_language|context_or_team_article","false","The Mercury","Tue, 30 Dec 2025 10:00:00 GMT","team_or_context_candidate_needs_article_review","Dolphins 2026 NRL season scouting report: Best 17, every player’s contract status, rookie watch","https://www.themercury.com.au/sport/nrl/dolphins-2026-nrl-season-scouting-report-best-17-every-players-contract-status-rookie-watch/news-story/09352f8bcba2721a1cb102706be05258","http://www.bing.com/news/apiclick.aspx?ref=FexRss&aid=&tid=6a52f687fa254e768c40b4d00654f241&url=https%3a%2f%2fwww.themercury.com.au%2fsport%2fnrl%2fdolphins-2026-nrl-season-scouting-report-best-17-every-players-contract-status-rookie-watch%2fnews-story%2f09352f8bcba2721a1cb102706be05258&c=6972828687066443141&mkt=en-au","","https://www.themercury.com.au/sport/nrl/dolphins-2026-nrl-season-scouting-report-best-17-every-players-contract-status-rookie-watch/news-story/09352f8bcba2721a1cb102706be05258","false","Kristian Woolf turned the Dolphins into a tremendous attacking force in his first season in charge, but the focus must now be on tightening up the defence to win more games. We cast an eye over their ..."
"dol","Dolphins","Ray Stone","bucket_unknown","1","couriermail.com.au","4","contract_language|context_or_team_article","false","The Courier-Mail","Tue, 30 Dec 2025 10:00:00 GMT","team_or_context_candidate_needs_article_review","Dolphins 2026 NRL season scouting report: Best 17, every player’s contract status, rookie watch","https://www.couriermail.com.au/sport/nrl/dolphins-2026-nrl-season-scouting-report-best-17-every-players-contract-status-rookie-watch/news-story/09352f8bcba2721a1cb102706be05258","http://www.bing.com/news/apiclick.aspx?ref=FexRss&aid=&tid=6a52f68d13fd4d4f8459deb8787b29d4&url=https%3a%2f%2fwww.couriermail.com.au%2fsport%2fnrl%2fdolphins-2026-nrl-season-scouting-report-best-17-every-players-contract-status-rookie-watch%2fnews-story%2f09352f8bcba2721a1cb102706be05258&c=5287302663852698499&mkt=en-au","","https://www.couriermail.com.au/sport/nrl/dolphins-2026-nrl-season-scouting-report-best-17-every-players-contract-status-rookie-watch/news-story/09352f8bcba2721a1cb102706be05258","false","Kristian Woolf turned the Dolphins into a tremendous attacking force in his first season in charge, but the focus must now be on tightening up the defence to win more games. We cast an eye over their ..."
"dol","Dolphins","Sebastian Su’a","bucket_unknown","","","","","","","","no_candidate_found","","","","","","",""
"dol","Dolphins","Tevita Naufahu","bucket_unknown","","","","","","","","no_candidate_found","","","","","","",""
"dol","Dolphins","Trai Fuller","bucket_unknown","1","ntnews.com.au","30","money|contract_language|exact_player_name","true","Northern Territory News","Fri, 24 Apr 2026 09:01:00 GMT","player_focused_candidate_needs_article_review","Dolphins star Trai Fuller rejects $1.7m English Super League contract to stay in NRL","https://www.ntnews.com.au/sport/nrl/dolphins-star-trai-fuller-rejects-17m-english-super-league-contract-to-stay-in-nrl/news-story/143eac95d2568c2af0408df6ddc1aa07","http://www.bing.com/news/apiclick.aspx?ref=FexRss&aid=&tid=6a52f6a049f84ec7b46616959e446944&url=https%3a%2f%2fwww.ntnews.com.au%2fsport%2fnrl%2fdolphins-star-trai-fuller-rejects-17m-english-super-league-contract-to-stay-in-nrl%2fnews-story%2f143eac95d2568c2af0408df6ddc1aa07&c=1483486601937325755&mkt=en-au","","https://www.ntnews.com.au/sport/nrl/dolphins-star-trai-fuller-rejects-17m-english-super-league-contract-to-stay-in-nrl/news-story/143eac95d2568c2af0408df6ddc1aa07","false","This masthead can reveal Fuller’s remarkable salary sacrifice on the eve of the Dolphins’ crucial round 8 clash against the Warriors in Wellington on Saturday. The 29-year-old remains off-contract at ..."
"dol","Dolphins","Trai Fuller","bucket_unknown","2","themercury.com.au","30","money|contract_language|exact_player_name","true","The Mercury","Fri, 24 Apr 2026 09:01:00 GMT","player_focused_candidate_needs_article_review","Dolphins star Trai Fuller rejects $1.7m English Super League contract to stay in NRL","https://www.themercury.com.au/sport/nrl/dolphins-star-trai-fuller-rejects-17m-english-super-league-contract-to-stay-in-nrl/news-story/143eac95d2568c2af0408df6ddc1aa07","http://www.bing.com/news/apiclick.aspx?ref=FexRss&aid=&tid=6a52f6a049f84ec7b46616959e446944&url=https%3a%2f%2fwww.themercury.com.au%2fsport%2fnrl%2fdolphins-star-trai-fuller-rejects-17m-english-super-league-contract-to-stay-in-nrl%2fnews-story%2f143eac95d2568c2af0408df6ddc1aa07&c=5049553673687102672&mkt=en-au","","https://www.themercury.com.au/sport/nrl/dolphins-star-trai-fuller-rejects-17m-english-super-league-contract-to-stay-in-nrl/news-story/143eac95d2568c2af0408df6ddc1aa07","false","Dolphins star Trai Fuller has turned down an extraordinary $1.2 million in the English Super League, in a bid to stay in the NRL and secure his future with Redcliffe. This masthead can reveal Fuller’s ..."
"dol","Dolphins","Trai Fuller","bucket_unknown","3","dailytelegraph.com.au","10","money|contract_language|context_or_team_article","false","The Daily Telegraph","Tue, 23 Jun 2026 12:00:00 GMT","team_or_context_candidate_needs_article_review","NRL to grant Perth Bears $500k salary cap concessions in landmark third-party arrangement","https://www.dailytelegraph.com.au/sport/nrl/nrl-to-grant-perth-bears-500k-salary-cap-concessions-in-landmark-thirdparty-arrangement/news-story/0c5c097536d723f0d0cb46c86fd051ff","http://www.bing.com/news/apiclick.aspx?ref=FexRss&aid=&tid=6a52f6a03a844caf9ae453c0215c1baa&url=https%3a%2f%2fwww.dailytelegraph.com.au%2fsport%2fnrl%2fnrl-to-grant-perth-bears-500k-salary-cap-concessions-in-landmark-thirdparty-arrangement%2fnews-story%2f0c5c097536d723f0d0cb46c86fd051ff&c=13072428604770190172&mkt=en-au","","https://www.dailytelegraph.com.au/sport/nrl/nrl-to-grant-perth-bears-500k-salary-cap-concessions-in-landmark-thirdparty-arrangement/news-story/0c5c097536d723f0d0cb46c86fd051ff","false","In a historic development for the NRL’s 18th club, this masthead has been told Perth will receive a special marquee player privilege where existing club sponsors can top-up a player’s contract by 20 ..."
"dol","Dolphins","Trai Fuller","bucket_unknown","4","smh.com.au","7","contract_language|context_or_team_article","false","Sydney Morning Herald","Mon, 11 May 2020 17:00:00 GMT","team_or_context_candidate_needs_article_review","Nine, NRL on brink of deal to seal $1.9 billion broadcast bonanza","https://www.smh.com.au/sport/nrl/nine-nrl-on-brink-of-deal-to-seal-1-9-billion-broadcast-bonanza-20200512-p54scv.html","http://www.bing.com/news/apiclick.aspx?ref=FexRss&aid=&tid=6a52f6a1f01d458094691dcba694d6ba&url=https%3a%2f%2fwww.smh.com.au%2fsport%2fnrl%2fnine-nrl-on-brink-of-deal-to-seal-1-9-billion-broadcast-bonanza-20200512-p54scv.html&c=10283903415388544094&mkt=en-au","","https://www.smh.com.au/sport/nrl/nine-nrl-on-brink-of-deal-to-seal-1-9-billion-broadcast-bonanza-20200512-p54scv.html","false","You have reached your maximum number of saved items. Remove items from your saved list to add more. Nine Entertainment Co is close to agreeing to a revised three-year deal with the NRL as the code ..."
"dol","Dolphins","Trai Fuller","bucket_unknown","5","au.sports.yahoo.com","4","contract_language|context_or_team_article","false","Yahoo Sport Australia","Fri, 08 May 2026 14:50:00 GMT","team_or_context_candidate_needs_article_review","The SEVEN current best value for money contracts in the NRL","https://au.sports.yahoo.com/seven-current-best-value-money-214941645.html","http://www.bing.com/news/apiclick.aspx?ref=FexRss&aid=&tid=6a52f6a42472462583c687f30095917f&url=https%3a%2f%2fau.sports.yahoo.com%2fseven-current-best-value-money-214941645.html&c=14537114608194793438&mkt=en-au","","https://au.sports.yahoo.com/seven-current-best-value-money-214941645.html","false","The beauty of the salary cap is that it is supposed to level the playing field for all NRL teams. There is enough space for stars, but not multiple, meaning rosters need to be carefully crafted so ..."
"dol","Dolphins","Trai Fuller","bucket_unknown","6","msn.com","3","contract_language|term_language|context_or_team_article","false","ABC (Australian Broadcasting Corporation) on MSN","Mon, 06 Jul 2026 19:33:00 GMT","context_only_untrusted_domain","NRL announces new broadcast rights deal worth estimated $5.3 billion starting after 2027 season","https://www.msn.com/en-au/sport/other/nrl-announces-new-broadcast-rights-deal-worth-estimated-53-billion-starting-after-2027-season/ar-AA27mdrq","http://www.bing.com/news/apiclick.aspx?ref=FexRss&aid=&tid=6a52f6a1f01d458094691dcba694d6ba&url=https%3a%2f%2fwww.msn.com%2fen-au%2fsport%2fother%2fnrl-announces-new-broadcast-rights-deal-worth-estimated-53-billion-starting-after-2027-season%2far-AA27mdrq&c=11864406176290848080&mkt=en-au","","https://www.msn.com/en-au/sport/other/nrl-announces-new-broadcast-rights-deal-worth-estimated-53-billion-starting-after-2027-season/ar-AA27mdrq","false","As the NRL reveals its new broadcast rights deal worth billions of dollars over seven years in 2028 through 2034, executives try to hose down concerns about rising subscription prices."
"dol","Dolphins","Trai Fuller","bucket_unknown","7","msn.com","3","money|contract_language|context_or_team_article","false","The Sydney Morning Herald on MSN","Tue, 30 Jun 2026 21:37:58 GMT","context_only_untrusted_domain","New broadcast deal could push NRL salary cap up to $20m by 2028","https://www.msn.com/en-au/news/australia/new-broadcast-deal-could-push-nrl-salary-cap-up-to-20m-by-2028/ar-AA26H5IM","http://www.bing.com/news/apiclick.aspx?ref=FexRss&aid=&tid=6a52f6a1f01d458094691dcba694d6ba&url=https%3a%2f%2fwww.msn.com%2fen-au%2fnews%2faustralia%2fnew-broadcast-deal-could-push-nrl-salary-cap-up-to-20m-by-2028%2far-AA26H5IM&c=15095945392879639673&mkt=en-au","","https://www.msn.com/en-au/news/australia/new-broadcast-deal-could-push-nrl-salary-cap-up-to-20m-by-2028/ar-AA26H5IM","false","A rich new broadcast deal means more money coming into the game. The biggest winners will be the star players, who could soon demand up to $2 million per season."
"dol","Dolphins","Trai Fuller","bucket_unknown","8","theroar.com.au","0","contract_language|context_or_team_article","false","theroar.com.au","Sun, 19 Dec 2021 16:00:00 GMT","context_only_untrusted_domain","REVEALED: How much the NRL's new Nine deal is worth","https://www.theroar.com.au/2021/12/21/revealed-how-much-the-nrls-new-nine-deal-is-worth/","http://www.bing.com/news/apiclick.aspx?ref=FexRss&aid=&tid=6a52f6a1f01d458094691dcba694d6ba&url=https%3a%2f%2fwww.theroar.com.au%2f2021%2f12%2f21%2frevealed-how-much-the-nrls-new-nine-deal-is-worth%2f&c=5841377131241370127&mkt=en-au","","https://www.theroar.com.au/2021/12/21/revealed-how-much-the-nrls-new-nine-deal-is-worth/","false","Anyone can contribute to The Roar and have their work featured alongside some of Australia’s most prominent sports journalists. NRL chief executive Andrew Abdo insists the league has been vindicated ..."
"dol","Dolphins","Trai Fuller","bucket_unknown","9","bandt.com.au","0","contract_language|context_or_team_article","false","B and T","Wed, 27 May 2026 05:59:00 GMT","context_only_untrusted_domain","‘No Brainer’: Nine Reportedly Makes A Play For The Exclusive NRL Rights","https://www.bandt.com.au/no-brainer-nine-reportedly-makes-a-play-for-the-exclusive-nrl-rights/","http://www.bing.com/news/apiclick.aspx?ref=FexRss&aid=&tid=6a52f6a1f01d458094691dcba694d6ba&url=https%3a%2f%2fwww.bandt.com.au%2fno-brainer-nine-reportedly-makes-a-play-for-the-exclusive-nrl-rights%2f&c=792592964173730847&mkt=en-au","","https://www.bandt.com.au/no-brainer-nine-reportedly-makes-a-play-for-the-exclusive-nrl-rights/","false","Nine has reportedly pitched to buy all of the NRL broadcast rights in a bid to up its current free-to-air deal, according to the Australian Financial Review. As it currently stands Nine broadcasts ..."
"dol","Dolphins","Trai Fuller","bucket_unknown","10","afr.com","0","contract_language|context_or_team_article","false","The Australian Financial Review","Tue, 26 May 2026 13:00:00 GMT","context_only_untrusted_domain","Nine CEO pitches V’landys on exclusive NRL deal","https://www.afr.com/companies/media-and-marketing/nine-ceo-pitches-v-landys-on-exclusive-nrl-deal-cutting-out-foxtel-20260526-p600tw","http://www.bing.com/news/apiclick.aspx?ref=FexRss&aid=&tid=6a52f6a1f01d458094691dcba694d6ba&url=https%3a%2f%2fwww.afr.com%2fcompanies%2fmedia-and-marketing%2fnine-ceo-pitches-v-landys-on-exclusive-nrl-deal-cutting-out-foxtel-20260526-p600tw&c=14420439829069484302&mkt=en-au","","https://www.afr.com/companies/media-and-marketing/nine-ceo-pitches-v-landys-on-exclusive-nrl-deal-cutting-out-foxtel-20260526-p600tw","false","Australian media giant Nine Entertainment is pitching to buy all the NRL broadcast rights, in a high-stakes bid to bolster its streaming platform Stan and carve Foxtel out of the sport for the first ..."
"gld","Gold Coast Titans","Keano Kini","backup_baseline","1","titans.com.au","1","context_or_team_article","false","Gold Coast Titans","Thu, 25 Jun 2026 00:59:00 GMT","team_or_context_candidate_needs_article_review","Locked in: Former Bulldog to help Titans keep home hot streak alive","https://www.titans.com.au/news/2026/06/25/locked-in-former-bulldog-to-help-titans-keep-home-hot-streak-alive/","http://www.bing.com/news/apiclick.aspx?ref=FexRss&aid=&tid=6a52f6ab2a774d3abdca8bced41093e9&url=https%3a%2f%2fwww.titans.com.au%2fnews%2f2026%2f06%2f25%2flocked-in-former-bulldog-to-help-titans-keep-home-hot-streak-alive%2f&c=10439475423099203455&mkt=en-au","","https://www.titans.com.au/news/2026/06/25/locked-in-former-bulldog-to-help-titans-keep-home-hot-streak-alive/","false","The Titans will be unchanged for their clash against the Bulldogs at a venue that's been a happy hunting ground for Gold Coast."
"gld","Gold Coast Titans","Jaylan De Groot","backup_baseline","1","titans.com.au","1","context_or_team_article","false","Gold Coast Titans","Thu, 25 Jun 2026 00:59:00 GMT","team_or_context_candidate_needs_article_review","Locked in: Former Bulldog to help Titans keep home hot streak alive","https://www.titans.com.au/news/2026/06/25/locked-in-former-bulldog-to-help-titans-keep-home-hot-streak-alive/","http://www.bing.com/news/apiclick.aspx?ref=FexRss&aid=&tid=6a52f6b1e4324cfba213ff41c1d3e64a&url=https%3a%2f%2fwww.titans.com.au%2fnews%2f2026%2f06%2f25%2flocked-in-former-bulldog-to-help-titans-keep-home-hot-streak-alive%2f&c=10439475423099203455&mkt=en-au","","https://www.titans.com.au/news/2026/06/25/locked-in-former-bulldog-to-help-titans-keep-home-hot-streak-alive/","false","The Titans will be unchanged for their clash against the Bulldogs at a venue that's been a happy hunting ground for Gold Coast."
"gld","Gold Coast Titans","Jojo Fifita","backup_baseline","1","titans.com.au","1","context_or_team_article","false","Gold Coast Titans","Sun, 05 Jul 2026 17:50:00 GMT","team_or_context_candidate_needs_article_review","Taste of maroon gives Titans added energy for Storm showdown","https://www.titans.com.au/news/2026/07/06/taste-of-maroon-gives-titans-added-energy-for-storm-showdown/","http://www.bing.com/news/apiclick.aspx?ref=FexRss&aid=&tid=6a52f6b7cd5a47baaa2ce869ee35e9e9&url=https%3a%2f%2fwww.titans.com.au%2fnews%2f2026%2f07%2f06%2ftaste-of-maroon-gives-titans-added-energy-for-storm-showdown%2f&c=9634136369973032800&mkt=en-au","","https://www.titans.com.au/news/2026/07/06/taste-of-maroon-gives-titans-added-energy-for-storm-showdown/","false","Josh Hannay is expecting his young squad to begin their Storm preparations with a pep in their step after last Thursday's Origin hit-out."
"gld","Gold Coast Titans","Jojo Fifita","backup_baseline","2","titans.com.au","1","context_or_team_article","false","Gold Coast Titans","Thu, 25 Jun 2026 00:59:00 GMT","team_or_context_candidate_needs_article_review","Locked in: Former Bulldog to help Titans keep home hot streak alive","https://www.titans.com.au/news/2026/06/25/locked-in-former-bulldog-to-help-titans-keep-home-hot-streak-alive/","http://www.bing.com/news/apiclick.aspx?ref=FexRss&aid=&tid=6a52f6b7cd5a47baaa2ce869ee35e9e9&url=https%3a%2f%2fwww.titans.com.au%2fnews%2f2026%2f06%2f25%2flocked-in-former-bulldog-to-help-titans-keep-home-hot-streak-alive%2f&c=10439475423099203455&mkt=en-au","","https://www.titans.com.au/news/2026/06/25/locked-in-former-bulldog-to-help-titans-keep-home-hot-streak-alive/","false","The Titans will be unchanged for their clash against the Bulldogs at a venue that's been a happy hunting ground for Gold Coast."
"gld","Gold Coast Titans","Phillip Sami","backup_baseline","1","titans.com.au","1","context_or_team_article","false","Gold Coast Titans","Thu, 25 Jun 2026 00:59:00 GMT","team_or_context_candidate_needs_article_review","Locked in: Former Bulldog to help Titans keep home hot streak alive","https://www.titans.com.au/news/2026/06/25/locked-in-former-bulldog-to-help-titans-keep-home-hot-streak-alive/","http://www.bing.com/news/apiclick.aspx?ref=FexRss&aid=&tid=6a52f6bdd690473596f05c72b15a481f&url=https%3a%2f%2fwww.titans.com.au%2fnews%2f2026%2f06%2f25%2flocked-in-former-bulldog-to-help-titans-keep-home-hot-streak-alive%2f&c=10439475423099203455&mkt=en-au","","https://www.titans.com.au/news/2026/06/25/locked-in-former-bulldog-to-help-titans-keep-home-hot-streak-alive/","false","The Titans will be unchanged for their clash against the Bulldogs at a venue that's been a happy hunting ground for Gold Coast."
"gld","Gold Coast Titans","Max Feagai","backup_baseline","","","","","","","","no_candidate_found","","","","","","",""
"gld","Gold Coast Titans","AJ Brimson","backup_baseline","1","au.sports.yahoo.com","24","exact_player_name","true","Yahoo Sport Australia","Wed, 20 May 2026 17:00:00 GMT","player_focused_candidate_needs_article_review","FIVE potential landing spots for AJ Brimson","https://au.sports.yahoo.com/five-potential-landing-spots-aj-205756332.html","http://www.bing.com/news/apiclick.aspx?ref=FexRss&aid=&tid=6a52f6c4fb10429f8bc78613a0721ab9&url=https%3a%2f%2fau.sports.yahoo.com%2ffive-potential-landing-spots-aj-205756332.html&c=9411633984633709597&mkt=en-au","","https://au.sports.yahoo.com/five-potential-landing-spots-aj-205756332.html","false","Contracts have never meant less when it comes to rugby league. Despite recently re-signing with the Gold Coast Titans, fullback turn five-eighth turn centre AJ Brimson is being linked with a move away ..."
"gld","Gold Coast Titans","AJ Brimson","backup_baseline","2","titans.com.au","1","context_or_team_article","false","Gold Coast Titans","Thu, 25 Jun 2026 00:59:00 GMT","team_or_context_candidate_needs_article_review","Locked in: Former Bulldog to help Titans keep home hot streak alive","https://www.titans.com.au/news/2026/06/25/locked-in-former-bulldog-to-help-titans-keep-home-hot-streak-alive/","http://www.bing.com/news/apiclick.aspx?ref=FexRss&aid=&tid=6a52f6c9be0f40eeb7069897fe4d13eb&url=https%3a%2f%2fwww.titans.com.au%2fnews%2f2026%2f06%2f25%2flocked-in-former-bulldog-to-help-titans-keep-home-hot-streak-alive%2f&c=10439475423099203455&mkt=en-au","","https://www.titans.com.au/news/2026/06/25/locked-in-former-bulldog-to-help-titans-keep-home-hot-streak-alive/","false","The Titans will be unchanged for their clash against the Bulldogs at a venue that's been a happy hunting ground for Gold Coast."
"gld","Gold Coast Titans","Jayden Campbell","backup_baseline","1","titans.com.au","1","context_or_team_article","false","Gold Coast Titans","Sun, 05 Jul 2026 17:50:00 GMT","team_or_context_candidate_needs_article_review","Taste of maroon gives Titans added energy for Storm showdown","https://www.titans.com.au/news/2026/07/06/taste-of-maroon-gives-titans-added-energy-for-storm-showdown/","http://www.bing.com/news/apiclick.aspx?ref=FexRss&aid=&tid=6a52f6cf472943268530ee8a2fa39bfa&url=https%3a%2f%2fwww.titans.com.au%2fnews%2f2026%2f07%2f06%2ftaste-of-maroon-gives-titans-added-energy-for-storm-showdown%2f&c=9634136369973032800&mkt=en-au","","https://www.titans.com.au/news/2026/07/06/taste-of-maroon-gives-titans-added-energy-for-storm-showdown/","false","Josh Hannay is expecting his young squad to begin their Storm preparations with a pep in their step after last Thursday's Origin hit-out."
"gld","Gold Coast Titans","Jayden Campbell","backup_baseline","2","titans.com.au","1","context_or_team_article","false","Gold Coast Titans","Thu, 25 Jun 2026 00:59:00 GMT","team_or_context_candidate_needs_article_review","Locked in: Former Bulldog to help Titans keep home hot streak alive","https://www.titans.com.au/news/2026/06/25/locked-in-former-bulldog-to-help-titans-keep-home-hot-streak-alive/","http://www.bing.com/news/apiclick.aspx?ref=FexRss&aid=&tid=6a52f6cf472943268530ee8a2fa39bfa&url=https%3a%2f%2fwww.titans.com.au%2fnews%2f2026%2f06%2f25%2flocked-in-former-bulldog-to-help-titans-keep-home-hot-streak-alive%2f&c=10439475423099203455&mkt=en-au","","https://www.titans.com.au/news/2026/06/25/locked-in-former-bulldog-to-help-titans-keep-home-hot-streak-alive/","false","The Titans will be unchanged for their clash against the Bulldogs at a venue that's been a happy hunting ground for Gold Coast."
"gld","Gold Coast Titans","Moeaki Fotuaika","backup_baseline","1","cairnspost.com.au","24","exact_player_name","true","The Cairns Post","Tue, 27 Aug 2019 09:51:00 GMT","player_focused_candidate_needs_article_review","Titans secure boom young forward Moeaki Fotuaika as they ramp up future plans for club","https://www.cairnspost.com.au/sport/titans-secure-boom-young-forward-moeaki-fotuaika-as-they-ramp-up-future-plans-for-club/news-story/470e922201f3346cef661cfa65f11f1f","http://www.bing.com/news/apiclick.aspx?ref=FexRss&aid=&tid=6a52f6d054a345efadeda1412f0f3ae4&url=https%3a%2f%2fwww.cairnspost.com.au%2fsport%2ftitans-secure-boom-young-forward-moeaki-fotuaika-as-they-ramp-up-future-plans-for-club%2fnews-story%2f470e922201f3346cef661cfa65f11f1f&c=10755525062019665613&mkt=en-au","","https://www.cairnspost.com.au/sport/titans-secure-boom-young-forward-moeaki-fotuaika-as-they-ramp-up-future-plans-for-club/news-story/470e922201f3346cef661cfa65f11f1f","false","The 19-year-old has averaged 129 running metres this season, with 21 tackle busts and 13 offloads during his time at the struggling Gold Coast this year. The Keebra Park product has gone from a “train ..."
"gld","Gold Coast Titans","Moeaki Fotuaika","backup_baseline","2","titans.com.au","1","context_or_team_article","false","Gold Coast Titans","Thu, 25 Jun 2026 00:59:00 GMT","team_or_context_candidate_needs_article_review","Locked in: Former Bulldog to help Titans keep home hot streak alive","https://www.titans.com.au/news/2026/06/25/locked-in-former-bulldog-to-help-titans-keep-home-hot-streak-alive/","http://www.bing.com/news/apiclick.aspx?ref=FexRss&aid=&tid=6a52f6d52a6547ab81991850a69dccfe&url=https%3a%2f%2fwww.titans.com.au%2fnews%2f2026%2f06%2f25%2flocked-in-former-bulldog-to-help-titans-keep-home-hot-streak-alive%2f&c=10439475423099203455&mkt=en-au","","https://www.titans.com.au/news/2026/06/25/locked-in-former-bulldog-to-help-titans-keep-home-hot-streak-alive/","false","The Titans will be unchanged for their clash against the Bulldogs at a venue that's been a happy hunting ground for Gold Coast."
"gld","Gold Coast Titans","Sam Verrills","backup_baseline","1","theaustralian.com.au","7","money|contract_language|context_or_team_article","false","The Australian","Tue, 23 Jun 2026 12:10:00 GMT","team_or_context_candidate_needs_article_review","NRL to grant Perth Bears $500k salary cap concessions in landmark third-party arrangement","https://www.theaustralian.com.au/sport/nrl/nrl-to-grant-perth-bears-500k-salary-cap-concessions-in-landmark-thirdparty-arrangement/news-story/0c5c097536d723f0d0cb46c86fd051ff","http://www.bing.com/news/apiclick.aspx?ref=FexRss&aid=&tid=6a52f6d6467f4aedbac51ba9fd9ae0e6&url=https%3a%2f%2fwww.theaustralian.com.au%2fsport%2fnrl%2fnrl-to-grant-perth-bears-500k-salary-cap-concessions-in-landmark-thirdparty-arrangement%2fnews-story%2f0c5c097536d723f0d0cb46c86fd051ff&c=12198983378905941191&mkt=en-au","","https://www.theaustralian.com.au/sport/nrl/nrl-to-grant-perth-bears-500k-salary-cap-concessions-in-landmark-thirdparty-arrangement/news-story/0c5c097536d723f0d0cb46c86fd051ff","false","In a historic development for the NRL’s 18th club, this masthead has been told Perth will receive a special marquee player privilege where existing club sponsors can top-up a player’s contract by 20 ..."
"gld","Gold Coast Titans","Sam Verrills","backup_baseline","2","au.sports.yahoo.com","4","contract_language|context_or_team_article","false","Yahoo Sport Australia","Wed, 06 May 2026 17:01:00 GMT","team_or_context_candidate_needs_article_review","Sign or send: Verdicts on five off-contract NRL names","https://au.sports.yahoo.com/sign-send-verdicts-five-off-004228342.html","http://www.bing.com/news/apiclick.aspx?ref=FexRss&aid=&tid=6a52f6dab75b415bba51bfe2943b9f5c&url=https%3a%2f%2fau.sports.yahoo.com%2fsign-send-verdicts-five-off-004228342.html&c=7920802533308311806&mkt=en-au","","https://au.sports.yahoo.com/sign-send-verdicts-five-off-004228342.html","false","""Send. Perth should be his landing spot, realistically. Liam Ison hasn't been signed to play reserve grade forever. There's a very clear reason why William Kennedy was only given a one-year, cut-price ..."
"gld","Gold Coast Titans","Sam Verrills","backup_baseline","3","titans.com.au","1","context_or_team_article","false","Gold Coast Titans","Thu, 25 Jun 2026 00:59:00 GMT","team_or_context_candidate_needs_article_review","Locked in: Former Bulldog to help Titans keep home hot streak alive","https://www.titans.com.au/news/2026/06/25/locked-in-former-bulldog-to-help-titans-keep-home-hot-streak-alive/","http://www.bing.com/news/apiclick.aspx?ref=FexRss&aid=&tid=6a52f6db0a56436493a80d649b5c5140&url=https%3a%2f%2fwww.titans.com.au%2fnews%2f2026%2f06%2f25%2flocked-in-former-bulldog-to-help-titans-keep-home-hot-streak-alive%2f&c=10439475423099203455&mkt=en-au","","https://www.titans.com.au/news/2026/06/25/locked-in-former-bulldog-to-help-titans-keep-home-hot-streak-alive/","false","The Titans will be unchanged for their clash against the Bulldogs at a venue that's been a happy hunting ground for Gold Coast."
"gld","Gold Coast Titans","Tino Fa’asuamaleaui","backup_baseline","1","titans.com.au","1","context_or_team_article","false","Gold Coast Titans","Thu, 25 Jun 2026 00:59:00 GMT","team_or_context_candidate_needs_article_review","Locked in: Former Bulldog to help Titans keep home hot streak alive","https://www.titans.com.au/news/2026/06/25/locked-in-former-bulldog-to-help-titans-keep-home-hot-streak-alive/","http://www.bing.com/news/apiclick.aspx?ref=FexRss&aid=&tid=6a52f6e1476041248c9811b0f25d3ab4&url=https%3a%2f%2fwww.titans.com.au%2fnews%2f2026%2f06%2f25%2flocked-in-former-bulldog-to-help-titans-keep-home-hot-streak-alive%2f&c=10439475423099203455&mkt=en-au","","https://www.titans.com.au/news/2026/06/25/locked-in-former-bulldog-to-help-titans-keep-home-hot-streak-alive/","false","The Titans will be unchanged for their clash against the Bulldogs at a venue that's been a happy hunting ground for Gold Coast."
"gld","Gold Coast Titans","Klese Haas","backup_baseline","1","au.sports.yahoo.com","30","contract_language|term_language|exact_player_name","true","Yahoo Sports Australia","Wed, 24 Jun 2026 01:15:00 GMT","player_focused_candidate_needs_article_review","Gold Coast Titans forward Klese Haas confirms NRL future","https://au.sports.yahoo.com/gold-coast-titans-forward-klese-081529774.html","http://www.bing.com/news/apiclick.aspx?ref=FexRss&aid=&tid=6a52f6e274824df4bee49f8f12531442&url=https%3a%2f%2fau.sports.yahoo.com%2fgold-coast-titans-forward-klese-081529774.html&c=4743520410705354090&mkt=en-au","","https://au.sports.yahoo.com/gold-coast-titans-forward-klese-081529774.html","false","The Gold Coast Titans have confirmed prop Klese Haas is going nowhere, signing a contract extension with the club through to the end of 2029. Already locked up for 2027, the brother of Payne Haas has ..."
"gld","Gold Coast Titans","Klese Haas","backup_baseline","2","titans.com.au","1","context_or_team_article","false","Gold Coast Titans","Mon, 06 Jul 2026 03:50:00 GMT","team_or_context_candidate_needs_article_review","Taste of maroon gives Titans added energy for Storm showdown","https://www.titans.com.au/news/2026/07/06/taste-of-maroon-gives-titans-added-energy-for-storm-showdown/","http://www.bing.com/news/apiclick.aspx?ref=FexRss&aid=&tid=6a52f6e733ed4bc4a8456fcf041f25ae&url=https%3a%2f%2fwww.titans.com.au%2fnews%2f2026%2f07%2f06%2ftaste-of-maroon-gives-titans-added-energy-for-storm-showdown%2f&c=9634136369973032800&mkt=en-au","","https://www.titans.com.au/news/2026/07/06/taste-of-maroon-gives-titans-added-energy-for-storm-showdown/","false","Josh Hannay is expecting his young squad to begin their Storm preparations with a pep in their step after last Thursday's Origin hit-out."
"gld","Gold Coast Titans","Klese Haas","backup_baseline","3","titans.com.au","1","context_or_team_article","false","Gold Coast Titans","Thu, 25 Jun 2026 10:59:00 GMT","team_or_context_candidate_needs_article_review","Locked in: Former Bulldog to help Titans keep home hot streak alive","https://www.titans.com.au/news/2026/06/25/locked-in-former-bulldog-to-help-titans-keep-home-hot-streak-alive/","http://www.bing.com/news/apiclick.aspx?ref=FexRss&aid=&tid=6a52f6e733ed4bc4a8456fcf041f25ae&url=https%3a%2f%2fwww.titans.com.au%2fnews%2f2026%2f06%2f25%2flocked-in-former-bulldog-to-help-titans-keep-home-hot-streak-alive%2f&c=10439475423099203455&mkt=en-au","","https://www.titans.com.au/news/2026/06/25/locked-in-former-bulldog-to-help-titans-keep-home-hot-streak-alive/","false","The Titans will be unchanged for their clash against the Bulldogs at a venue that's been a happy hunting ground for Gold Coast."
"gld","Gold Coast Titans","Beau Fermor","backup_baseline","1","titans.com.au","1","context_or_team_article","false","Gold Coast Titans","Thu, 25 Jun 2026 10:59:00 GMT","team_or_context_candidate_needs_article_review","Locked in: Former Bulldog to help Titans keep home hot streak alive","https://www.titans.com.au/news/2026/06/25/locked-in-former-bulldog-to-help-titans-keep-home-hot-streak-alive/","http://www.bing.com/news/apiclick.aspx?ref=FexRss&aid=&tid=6a52f6ed6eb743fca62078768b839fb2&url=https%3a%2f%2fwww.titans.com.au%2fnews%2f2026%2f06%2f25%2flocked-in-former-bulldog-to-help-titans-keep-home-hot-streak-alive%2f&c=10439475423099203455&mkt=en-au","","https://www.titans.com.au/news/2026/06/25/locked-in-former-bulldog-to-help-titans-keep-home-hot-streak-alive/","false","The Titans will be unchanged for their clash against the Bulldogs at a venue that's been a happy hunting ground for Gold Coast."
"gld","Gold Coast Titans","Chris Randall","backup_baseline","1","7news.com.au","7","money|contract_language|context_or_team_article","false","7NEWS Australia","Fri, 28 Oct 2022 02:27:00 GMT","team_or_context_candidate_needs_article_review","Ultimate NRL free agency preview: Your club’s out-of-contract stars and where they could end up","https://7news.com.au/sport/rugby-league/ultimate-nrl-free-agency-preview-your-clubs-out-of-contract-stars-and-where-they-could-end-up-c-8677336","http://www.bing.com/news/apiclick.aspx?ref=FexRss&aid=&tid=6a52f6f1095f45c2a60c9c2bcd807c49&url=https%3a%2f%2f7news.com.au%2fsport%2frugby-league%2fultimate-nrl-free-agency-preview-your-clubs-out-of-contract-stars-and-where-they-could-end-up-c-8677336&c=143273184193222445&mkt=en-au","","https://7news.com.au/sport/rugby-league/ultimate-nrl-free-agency-preview-your-clubs-out-of-contract-stars-and-where-they-could-end-up-c-8677336","false","Over $50 million worth of player talent will be free to negotiate with clubs for season 2024 and beyond when the NRL free agency period begins on November 1. Latrell Mitchell, Mit ..."
"gld","Gold Coast Titans","Chris Randall","backup_baseline","2","titans.com.au","1","context_or_team_article","false","Gold Coast Titans","Mon, 06 Jul 2026 03:50:00 GMT","team_or_context_candidate_needs_article_review","Taste of maroon gives Titans added energy for Storm showdown","https://www.titans.com.au/news/2026/07/06/taste-of-maroon-gives-titans-added-energy-for-storm-showdown/","http://www.bing.com/news/apiclick.aspx?ref=FexRss&aid=&tid=6a52f6f33a344d10b9602e7b81ca8b1c&url=https%3a%2f%2fwww.titans.com.au%2fnews%2f2026%2f07%2f06%2ftaste-of-maroon-gives-titans-added-energy-for-storm-showdown%2f&c=9634136369973032800&mkt=en-au","","https://www.titans.com.au/news/2026/07/06/taste-of-maroon-gives-titans-added-energy-for-storm-showdown/","false","Josh Hannay is expecting his young squad to begin their Storm preparations with a pep in their step after last Thursday's Origin hit-out."
"gld","Gold Coast Titans","Chris Randall","backup_baseline","3","titans.com.au","1","context_or_team_article","false","Gold Coast Titans","Thu, 25 Jun 2026 10:59:00 GMT","team_or_context_candidate_needs_article_review","Locked in: Former Bulldog to help Titans keep home hot streak alive","https://www.titans.com.au/news/2026/06/25/locked-in-former-bulldog-to-help-titans-keep-home-hot-streak-alive/","http://www.bing.com/news/apiclick.aspx?ref=FexRss&aid=&tid=6a52f6f33a344d10b9602e7b81ca8b1c&url=https%3a%2f%2fwww.titans.com.au%2fnews%2f2026%2f06%2f25%2flocked-in-former-bulldog-to-help-titans-keep-home-hot-streak-alive%2f&c=10439475423099203455&mkt=en-au","","https://www.titans.com.au/news/2026/06/25/locked-in-former-bulldog-to-help-titans-keep-home-hot-streak-alive/","false","The Titans will be unchanged for their clash against the Bulldogs at a venue that's been a happy hunting ground for Gold Coast."
"gld","Gold Coast Titans","Luke Sommerton","backup_baseline","","","","","","","","no_candidate_found","","","","","","",""
"gld","Gold Coast Titans","Jaimin Joliffe","backup_baseline","1","dailytelegraph.com.au","10","money|contract_language|context_or_team_article","false","The Daily Telegraph","Tue, 23 Jun 2026 12:12:00 GMT","team_or_context_candidate_needs_article_review","NRL to grant Perth Bears $500k salary cap concessions in landmark third-party arrangement","https://www.dailytelegraph.com.au/sport/nrl/nrl-to-grant-perth-bears-500k-salary-cap-concessions-in-landmark-thirdparty-arrangement/news-story/0c5c097536d723f0d0cb46c86fd051ff","http://www.bing.com/news/apiclick.aspx?ref=FexRss&aid=&tid=6a52f6fae45f4ea8b9dd69835e1efb28&url=https%3a%2f%2fwww.dailytelegraph.com.au%2fsport%2fnrl%2fnrl-to-grant-perth-bears-500k-salary-cap-concessions-in-landmark-thirdparty-arrangement%2fnews-story%2f0c5c097536d723f0d0cb46c86fd051ff&c=13072428604770190172&mkt=en-au","","https://www.dailytelegraph.com.au/sport/nrl/nrl-to-grant-perth-bears-500k-salary-cap-concessions-in-landmark-thirdparty-arrangement/news-story/0c5c097536d723f0d0cb46c86fd051ff","false","In a historic development for the NRL’s 18th club, this masthead has been told Perth will receive a special marquee player privilege where existing club sponsors can top-up a player’s contract by 20 ..."
"gld","Gold Coast Titans","Jaimin Joliffe","backup_baseline","2","smh.com.au","7","contract_language|context_or_team_article","false","Sydney Morning Herald","Mon, 11 May 2020 17:00:00 GMT","team_or_context_candidate_needs_article_review","Nine, NRL on brink of deal to seal $1.9 billion broadcast bonanza","https://www.smh.com.au/sport/nrl/nine-nrl-on-brink-of-deal-to-seal-1-9-billion-broadcast-bonanza-20200512-p54scv.html","http://www.bing.com/news/apiclick.aspx?ref=FexRss&aid=&tid=6a52f6fb27564e199d51ff67e4f42075&url=https%3a%2f%2fwww.smh.com.au%2fsport%2fnrl%2fnine-nrl-on-brink-of-deal-to-seal-1-9-billion-broadcast-bonanza-20200512-p54scv.html&c=10283903415388544094&mkt=en-au","","https://www.smh.com.au/sport/nrl/nine-nrl-on-brink-of-deal-to-seal-1-9-billion-broadcast-bonanza-20200512-p54scv.html","false","You have reached your maximum number of saved items. Remove items from your saved list to add more. Nine Entertainment Co is close to agreeing to a revised three-year deal with the NRL as the code ..."
"gld","Gold Coast Titans","Jaimin Joliffe","backup_baseline","3","au.sports.yahoo.com","7","money|contract_language|context_or_team_article","false","Yahoo Sport Australia","Tue, 23 Jun 2026 17:00:00 GMT","team_or_context_candidate_needs_article_review","Perth Bears receive salary cap boost from NRL","https://au.sports.yahoo.com/perth-bears-receive-salary-cap-025110246.html","http://www.bing.com/news/apiclick.aspx?ref=FexRss&aid=&tid=6a52f6fdb8e945db9be1ad39883cb403&url=https%3a%2f%2fau.sports.yahoo.com%2fperth-bears-receive-salary-cap-025110246.html&c=545008729362569136&mkt=en-au","","https://au.sports.yahoo.com/perth-bears-receive-salary-cap-025110246.html","false","The NRL has granted the Perth Bears up to $500,000 worth of salary cap concessions to compete in the fight against PNG Chiefs. The latest NRL expansion club with receive compensation from the NRL to ..."
"gld","Gold Coast Titans","Kurtis Morrin","backup_baseline","1","titans.com.au","1","context_or_team_article","false","Gold Coast Titans","Thu, 25 Jun 2026 00:59:00 GMT","team_or_context_candidate_needs_article_review","Locked in: Former Bulldog to help Titans keep home hot streak alive","https://www.titans.com.au/news/2026/06/25/locked-in-former-bulldog-to-help-titans-keep-home-hot-streak-alive/","http://www.bing.com/news/apiclick.aspx?ref=FexRss&aid=&tid=6a52f7062d12427e85e537646e7a37b1&url=https%3a%2f%2fwww.titans.com.au%2fnews%2f2026%2f06%2f25%2flocked-in-former-bulldog-to-help-titans-keep-home-hot-streak-alive%2f&c=10439475423099203455&mkt=en-au","","https://www.titans.com.au/news/2026/06/25/locked-in-former-bulldog-to-help-titans-keep-home-hot-streak-alive/","false","The Titans will be unchanged for their clash against the Bulldogs at a venue that's been a happy hunting ground for Gold Coast."
"gld","Gold Coast Titans","Cooper Bai","backup_baseline","1","titans.com.au","1","context_or_team_article","false","Gold Coast Titans","Sun, 05 Jul 2026 17:50:00 GMT","team_or_context_candidate_needs_article_review","Taste of maroon gives Titans added energy for Storm showdown","https://www.titans.com.au/news/2026/07/06/taste-of-maroon-gives-titans-added-energy-for-storm-showdown/","http://www.bing.com/news/apiclick.aspx?ref=FexRss&aid=&tid=6a52f70c399240fa9180e327110f78cd&url=https%3a%2f%2fwww.titans.com.au%2fnews%2f2026%2f07%2f06%2ftaste-of-maroon-gives-titans-added-energy-for-storm-showdown%2f&c=9634136369973032800&mkt=en-au","","https://www.titans.com.au/news/2026/07/06/taste-of-maroon-gives-titans-added-energy-for-storm-showdown/","false","Josh Hannay is expecting his young squad to begin their Storm preparations with a pep in their step after last Thursday's Origin hit-out."
"gld","Gold Coast Titans","Adam Christensen","bucket_unknown","1","titans.com.au","1","context_or_team_article","false","Gold Coast Titans","Thu, 25 Jun 2026 00:59:00 GMT","team_or_context_candidate_needs_article_review","Locked in: Former Bulldog to help Titans keep home hot streak alive","https://www.titans.com.au/news/2026/06/25/locked-in-former-bulldog-to-help-titans-keep-home-hot-streak-alive/","http://www.bing.com/news/apiclick.aspx?ref=FexRss&aid=&tid=6a52f7130e9246f7853698b21f119466&url=https%3a%2f%2fwww.titans.com.au%2fnews%2f2026%2f06%2f25%2flocked-in-former-bulldog-to-help-titans-keep-home-hot-streak-alive%2f&c=10439475423099203455&mkt=en-au","","https://www.titans.com.au/news/2026/06/25/locked-in-former-bulldog-to-help-titans-keep-home-hot-streak-alive/","false","The Titans will be unchanged for their clash against the Bulldogs at a venue that's been a happy hunting ground for Gold Coast."
"gld","Gold Coast Titans","Allan Fitzgibbon","bucket_unknown","","","","","","","","no_candidate_found","","","","","","",""
"gld","Gold Coast Titans","Arama Hau","bucket_unknown","1","titans.com.au","1","context_or_team_article","false","Gold Coast Titans","Thu, 25 Jun 2026 00:59:00 GMT","team_or_context_candidate_needs_article_review","Locked in: Former Bulldog to help Titans keep home hot streak alive","https://www.titans.com.au/news/2026/06/25/locked-in-former-bulldog-to-help-titans-keep-home-hot-streak-alive/","http://www.bing.com/news/apiclick.aspx?ref=FexRss&aid=&tid=6a52f71fcd324e9b96dedeb91be79c6c&url=https%3a%2f%2fwww.titans.com.au%2fnews%2f2026%2f06%2f25%2flocked-in-former-bulldog-to-help-titans-keep-home-hot-streak-alive%2f&c=10439475423099203455&mkt=en-au","","https://www.titans.com.au/news/2026/06/25/locked-in-former-bulldog-to-help-titans-keep-home-hot-streak-alive/","false","The Titans will be unchanged for their clash against the Bulldogs at a venue that's been a happy hunting ground for Gold Coast."
"gld","Gold Coast Titans","Brock Gray","bucket_unknown","","","","","","","","no_candidate_found","","","","","","",""
"gld","Gold Coast Titans","Jensen Taumoepeau","bucket_unknown","","","","","","","","no_candidate_found","","","","","","",""
"gld","Gold Coast Titans","Jett Liu","bucket_unknown","1","titans.com.au","1","context_or_team_article","false","Gold Coast Titans","Thu, 25 Jun 2026 00:59:00 GMT","team_or_context_candidate_needs_article_review","Locked in: Former Bulldog to help Titans keep home hot streak alive","https://www.titans.com.au/news/2026/06/25/locked-in-former-bulldog-to-help-titans-keep-home-hot-streak-alive/","http://www.bing.com/news/apiclick.aspx?ref=FexRss&aid=&tid=6a52f733076a45c2a603c129904e764e&url=https%3a%2f%2fwww.titans.com.au%2fnews%2f2026%2f06%2f25%2flocked-in-former-bulldog-to-help-titans-keep-home-hot-streak-alive%2f&c=10439475423099203455&mkt=en-au","","https://www.titans.com.au/news/2026/06/25/locked-in-former-bulldog-to-help-titans-keep-home-hot-streak-alive/","false","The Titans will be unchanged for their clash against the Bulldogs at a venue that's been a happy hunting ground for Gold Coast."
"gld","Gold Coast Titans","Josh Patson","bucket_unknown","","","","","","","","no_candidate_found","","","","","","",""
"gld","Gold Coast Titans","Lachlan Ilias","bucket_unknown","1","titans.com.au","1","context_or_team_article","false","Gold Coast Titans","Thu, 25 Jun 2026 00:59:00 GMT","team_or_context_candidate_needs_article_review","Locked in: Former Bulldog to help Titans keep home hot streak alive","https://www.titans.com.au/news/2026/06/25/locked-in-former-bulldog-to-help-titans-keep-home-hot-streak-alive/","http://www.bing.com/news/apiclick.aspx?ref=FexRss&aid=&tid=6a52f74001164fe4a416011a09fd6105&url=https%3a%2f%2fwww.titans.com.au%2fnews%2f2026%2f06%2f25%2flocked-in-former-bulldog-to-help-titans-keep-home-hot-streak-alive%2f&c=10439475423099203455&mkt=en-au","","https://www.titans.com.au/news/2026/06/25/locked-in-former-bulldog-to-help-titans-keep-home-hot-streak-alive/","false","The Titans will be unchanged for their clash against the Bulldogs at a venue that's been a happy hunting ground for Gold Coast."
"gld","Gold Coast Titans","Siale Faeamani","bucket_unknown","","","","","","","","no_candidate_found","","","","","","",""
"gld","Gold Coast Titans","Tuki Simpkins","bucket_unknown","","","","","","","","no_candidate_found","","","","","","",""
"gld","Gold Coast Titans","Tony Francis","bucket_unknown","","","","","","","","no_candidate_found","","","","","","",""
"gld","Gold Coast Titans","Zane Harrison","bucket_unknown","1","dailytelegraph.com.au","30","contract_language|exact_player_name","true","The Daily Telegraph","Sun, 21 Jun 2026 08:39:00 GMT","player_focused_candidate_needs_article_review","Gold Coast Titans in talks to secure rising star halfback Zane Harrison on massive contract extension","https://www.dailytelegraph.com.au/sport/nrl/gold-coast-titans-in-talks-to-secure-rising-star-halfback-zane-harrison-on-massive-contract-extension/news-story/8838e1526d5de41d707c2a34e4b3d433","http://www.bing.com/news/apiclick.aspx?ref=FexRss&aid=&tid=6a52f75691b546f293f3f15c16c2feaa&url=https%3a%2f%2fwww.dailytelegraph.com.au%2fsport%2fnrl%2fgold-coast-titans-in-talks-to-secure-rising-star-halfback-zane-harrison-on-massive-contract-extension%2fnews-story%2f8838e1526d5de41d707c2a34e4b3d433&c=2869444973325056158&mkt=en-au","","https://www.dailytelegraph.com.au/sport/nrl/gold-coast-titans-in-talks-to-secure-rising-star-halfback-zane-harrison-on-massive-contract-extension/news-story/8838e1526d5de41d707c2a34e4b3d433","false","The Titans are hoping to lock Harrison into a new deal to keep him on the Gold Coast until at least 2029 before he becomes a free agent on November 1. Harrison, 20, celebrated the finest moment of his ..."
"gld","Gold Coast Titans","Zane Harrison","bucket_unknown","2","adelaidenow.com.au","27","contract_language|exact_player_name","true","Adelaide Now","Sun, 21 Jun 2026 08:09:00 GMT","player_focused_candidate_needs_article_review","Gold Coast Titans in talks to secure rising star halfback Zane Harrison on massive contract extension","https://www.adelaidenow.com.au/sport/nrl/gold-coast-titans-in-talks-to-secure-rising-star-halfback-zane-harrison-on-massive-contract-extension/news-story/8838e1526d5de41d707c2a34e4b3d433","http://www.bing.com/news/apiclick.aspx?ref=FexRss&aid=&tid=6a52f75602d0418fb725da922952accc&url=https%3a%2f%2fwww.adelaidenow.com.au%2fsport%2fnrl%2fgold-coast-titans-in-talks-to-secure-rising-star-halfback-zane-harrison-on-massive-contract-extension%2fnews-story%2f8838e1526d5de41d707c2a34e4b3d433&c=3585511184371032789&mkt=en-au","","https://www.adelaidenow.com.au/sport/nrl/gold-coast-titans-in-talks-to-secure-rising-star-halfback-zane-harrison-on-massive-contract-extension/news-story/8838e1526d5de41d707c2a34e4b3d433","false","The Titans are hoping to lock Harrison into a new deal to keep him on the Gold Coast until at least 2029 before he becomes a free agent on November 1. Harrison, 20, celebrated the finest moment of his ..."
"gld","Gold Coast Titans","Zane Harrison","bucket_unknown","3","ntnews.com.au","27","contract_language|exact_player_name","true","Northern Territory News","Sun, 21 Jun 2026 08:39:00 GMT","player_focused_candidate_needs_article_review","Gold Coast Titans in talks to secure rising star halfback Zane Harrison on massive contract extension","https://www.ntnews.com.au/sport/nrl/gold-coast-titans-in-talks-to-secure-rising-star-halfback-zane-harrison-on-massive-contract-extension/news-story/8838e1526d5de41d707c2a34e4b3d433","http://www.bing.com/news/apiclick.aspx?ref=FexRss&aid=&tid=6a52f75602d0418fb725da922952accc&url=https%3a%2f%2fwww.ntnews.com.au%2fsport%2fnrl%2fgold-coast-titans-in-talks-to-secure-rising-star-halfback-zane-harrison-on-massive-contract-extension%2fnews-story%2f8838e1526d5de41d707c2a34e4b3d433&c=7188541038406669096&mkt=en-au","","https://www.ntnews.com.au/sport/nrl/gold-coast-titans-in-talks-to-secure-rising-star-halfback-zane-harrison-on-massive-contract-extension/news-story/8838e1526d5de41d707c2a34e4b3d433","false","Field goal hero Zane Harrison has told the Titans he wants to win a premiership on the Gold Coast. Now the club has moved to lock down the “diehard Titans tragic” before he hits the open market. The ..."
"gld","Gold Coast Titans","Zane Harrison","bucket_unknown","4","titans.com.au","1","context_or_team_article","false","Gold Coast Titans","Sun, 05 Jul 2026 17:50:00 GMT","team_or_context_candidate_needs_article_review","Taste of maroon gives Titans added energy for Storm showdown","https://www.titans.com.au/news/2026/07/06/taste-of-maroon-gives-titans-added-energy-for-storm-showdown/","http://www.bing.com/news/apiclick.aspx?ref=FexRss&aid=&tid=6a52f75b537c4ab0a6e6301b81978ee7&url=https%3a%2f%2fwww.titans.com.au%2fnews%2f2026%2f07%2f06%2ftaste-of-maroon-gives-titans-added-energy-for-storm-showdown%2f&c=9634136369973032800&mkt=en-au","","https://www.titans.com.au/news/2026/07/06/taste-of-maroon-gives-titans-added-energy-for-storm-showdown/","false","Josh Hannay is expecting his young squad to begin their Storm preparations with a pep in their step after last Thursday's Origin hit-out."
"gld","Gold Coast Titans","Zane Harrison","bucket_unknown","5","titans.com.au","1","context_or_team_article","false","Gold Coast Titans","Thu, 25 Jun 2026 00:59:00 GMT","team_or_context_candidate_needs_article_review","Locked in: Former Bulldog to help Titans keep home hot streak alive","https://www.titans.com.au/news/2026/06/25/locked-in-former-bulldog-to-help-titans-keep-home-hot-streak-alive/","http://www.bing.com/news/apiclick.aspx?ref=FexRss&aid=&tid=6a52f75b537c4ab0a6e6301b81978ee7&url=https%3a%2f%2fwww.titans.com.au%2fnews%2f2026%2f06%2f25%2flocked-in-former-bulldog-to-help-titans-keep-home-hot-streak-alive%2f&c=10439475423099203455&mkt=en-au","","https://www.titans.com.au/news/2026/06/25/locked-in-former-bulldog-to-help-titans-keep-home-hot-streak-alive/","false","The Titans will be unchanged for their clash against the Bulldogs at a venue that's been a happy hunting ground for Gold Coast."
"man","Manly Warringah Sea Eagles","Tom Trbojevic","backup_baseline","1","au.sports.yahoo.com","4","contract_language|context_or_team_article","false","Yahoo Sports Australia","Sat, 27 Jun 2026 18:52:00 GMT","team_or_context_candidate_needs_article_review","Biggest stars in the NRL set for a pay-day","https://au.sports.yahoo.com/biggest-stars-nrl-set-pay-015252224.html","http://www.bing.com/news/apiclick.aspx?ref=FexRss&aid=&tid=6a52f75f89e04943915aa815bd9b903f&url=https%3a%2f%2fau.sports.yahoo.com%2fbiggest-stars-nrl-set-pay-015252224.html&c=9209166272030396928&mkt=en-au","","https://au.sports.yahoo.com/biggest-stars-nrl-set-pay-015252224.html","false","Some of the NRL's most elite players could be in for a pay bump thanks to the new TV broadcast deal commencing in 2028. The ARL and NRL are just about ready to green-light the deal, which Nine and ..."
"man","Manly Warringah Sea Eagles","Tom Trbojevic","backup_baseline","2","msn.com","3","money|contract_language|context_or_team_article","false","Man of Many on MSN","Tue, 30 Jun 2026 15:06:27 GMT","context_only_untrusted_domain","10 highest paid NRL players for 2026","https://www.msn.com/en-au/sport/rugby_league/10-highest-paid-nrl-players-for-2026/ar-AA2719cA","http://www.bing.com/news/apiclick.aspx?ref=FexRss&aid=&tid=6a52f75cf1fb42d88b4002cdfac83d75&url=https%3a%2f%2fwww.msn.com%2fen-au%2fsport%2frugby_league%2f10-highest-paid-nrl-players-for-2026%2far-AA2719cA&c=3173818839366038056&mkt=en-au","","https://www.msn.com/en-au/sport/rugby_league/10-highest-paid-nrl-players-for-2026/ar-AA2719cA","false","Driven by expanding club salary caps, rugby league’s elite stars are securing record-shattering paydays for the 2026 NRL season. Led by Dylan Brown’s historic $13 million move, this list looks at the ..."
"man","Manly Warringah Sea Eagles","Tom Trbojevic","backup_baseline","3","msn.com","3","money|contract_language|context_or_team_article","false","The Sydney Morning Herald on MSN","Tue, 30 Jun 2026 21:37:58 GMT","context_only_untrusted_domain","New broadcast deal could push NRL salary cap up to $20m by 2028","https://www.msn.com/en-au/news/australia/new-broadcast-deal-could-push-nrl-salary-cap-up-to-20m-by-2028/ar-AA26H5IM","http://www.bing.com/news/apiclick.aspx?ref=FexRss&aid=&tid=6a52f75d8410436b8c55ba45ca07ae5f&url=https%3a%2f%2fwww.msn.com%2fen-au%2fnews%2faustralia%2fnew-broadcast-deal-could-push-nrl-salary-cap-up-to-20m-by-2028%2far-AA26H5IM&c=15095945392879639673&mkt=en-au","","https://www.msn.com/en-au/news/australia/new-broadcast-deal-could-push-nrl-salary-cap-up-to-20m-by-2028/ar-AA26H5IM","false","A rich new broadcast deal means more money coming into the game. The biggest winners will be the star players, who could soon demand up to $2 million per season."
"man","Manly Warringah Sea Eagles","Tom Trbojevic","backup_baseline","4","msn.com","0","contract_language|context_or_team_article","false","Zero Tackle on MSN","Sat, 27 Jun 2026 18:52:52 GMT","context_only_untrusted_domain","Biggest stars in the NRL set for a pay-day","https://www.msn.com/en-au/news/other/biggest-stars-in-the-nrl-set-for-a-pay-day/ar-AA26IdmB","http://www.bing.com/news/apiclick.aspx?ref=FexRss&aid=&tid=6a52f75dfabf4e418cfbe615cca5961c&url=https%3a%2f%2fwww.msn.com%2fen-au%2fnews%2fother%2fbiggest-stars-in-the-nrl-set-for-a-pay-day%2far-AA26IdmB&c=18406658021232899789&mkt=en-au","","https://www.msn.com/en-au/news/other/biggest-stars-in-the-nrl-set-for-a-pay-day/ar-AA26IdmB","false","Some of the NRL's most elite players could be in for a pay bump thanks to the new TV broadcast deal commencing in 2028. The ARL and NRL are just about ready to green-light the deal, which Nine and ..."
"man","Manly Warringah Sea Eagles","Jason Saab","backup_baseline","1","theaustralian.com.au","4","contract_language|context_or_team_article","false","The Australian","Sun, 28 Jun 2026 04:34:00 GMT","team_or_context_candidate_needs_article_review","Nine’s Stan Sport dealt huge blow in NRL’s record $5bn rights deal","https://www.theaustralian.com.au/business/media/nines-stan-sport-dealt-huge-blow-in-nrls-record-5bn-rights-deal/news-story/cf3fb665174e25345610fd689a257a01","http://www.bing.com/news/apiclick.aspx?ref=FexRss&aid=&tid=6a52f763196d42e2a5fc8c626d164fc3&url=https%3a%2f%2fwww.theaustralian.com.au%2fbusiness%2fmedia%2fnines-stan-sport-dealt-huge-blow-in-nrls-record-5bn-rights-deal%2fnews-story%2fcf3fb665174e25345610fd689a257a01&c=9625671747989068122&mkt=en-au","","https://www.theaustralian.com.au/business/media/nines-stan-sport-dealt-huge-blow-in-nrls-record-5bn-rights-deal/news-story/cf3fb665174e25345610fd689a257a01","false","Rival NRL bidders Foxtel and Nine are both privately claiming victory in the bitter fight for the sport’s lucrative long-term rights after it emerged that the existing arrangements will largely remain ..."
"man","Manly Warringah Sea Eagles","Tolutau Koula","backup_baseline","","","","","","","","no_candidate_found","","","","","","",""
"man","Manly Warringah Sea Eagles","Reuben Garrick","backup_baseline","","","","","","","","no_candidate_found","","","","","","",""
"man","Manly Warringah Sea Eagles","Lehi Hopoate","backup_baseline","","","","","","","","no_candidate_found","","","","","","",""
"man","Manly Warringah Sea Eagles","Luke Brooks","backup_baseline","","","","","","","","no_candidate_found","","","","","","",""
"man","Manly Warringah Sea Eagles","Jamal Fogarty","backup_baseline","1","au.sports.yahoo.com","4","contract_language|context_or_team_article","false","Yahoo Sport Australia","Thu, 07 May 2026 17:00:00 GMT","team_or_context_candidate_needs_article_review","The SEVEN current best value for money contracts in the NRL","https://au.sports.yahoo.com/seven-current-best-value-money-214941645.html","http://www.bing.com/news/apiclick.aspx?ref=FexRss&aid=&tid=6a52f789b296434694b115e36d003191&url=https%3a%2f%2fau.sports.yahoo.com%2fseven-current-best-value-money-214941645.html&c=14537114608194793438&mkt=en-au","","https://au.sports.yahoo.com/seven-current-best-value-money-214941645.html","false","The beauty of the salary cap is that it is supposed to level the playing field for all NRL teams. There is enough space for stars, but not multiple, meaning rosters need to be carefully crafted so ..."
"man","Manly Warringah Sea Eagles","Taniela Paseka","backup_baseline","","","","","","","","no_candidate_found","","","","","","",""
"man","Manly Warringah Sea Eagles","Jake Simpkin","backup_baseline","","","","","","","","no_candidate_found","","","","","","",""
"man","Manly Warringah Sea Eagles","Kobe Hetherington","backup_baseline","","","","","","","","no_candidate_found","","","","","","",""
"man","Manly Warringah Sea Eagles","Haumole Olakau'atu","backup_baseline","1","dailytelegraph.com.au","4","context_or_team_article","false","The Daily Telegraph","Sun, 21 Jun 2026 05:01:00 GMT","team_or_context_candidate_needs_article_review","Haumole Olakau’atu breaks his silence on shock Origin axing","https://www.dailytelegraph.com.au/sport/nrl/haumole-olakauatu-breaks-his-silence-on-shock-origin-axing/news-story/86540d347ff418170a6e1bdd079c8653","http://www.bing.com/news/apiclick.aspx?ref=FexRss&aid=&tid=6a52f7a7c048430f824b068c246e6a29&url=https%3a%2f%2fwww.dailytelegraph.com.au%2fsport%2fnrl%2fhaumole-olakauatu-breaks-his-silence-on-shock-origin-axing%2fnews-story%2f86540d347ff418170a6e1bdd079c8653&c=12494114447838611041&mkt=en-au","","https://www.dailytelegraph.com.au/sport/nrl/haumole-olakauatu-breaks-his-silence-on-shock-origin-axing/news-story/86540d347ff418170a6e1bdd079c8653","false","Blues fans are still clueless as to why the world’s best edge forward was dropped for the MCG clash, and they’ll have to wait a little longer to find out after Olakau’atu politely refused to expand on ..."
"man","Manly Warringah Sea Eagles","Haumole Olakau'atu","backup_baseline","2","dailytelegraph.com.au","4","context_or_team_article","false","The Daily Telegraph","Sun, 21 Jun 2026 05:01:00 GMT","team_or_context_candidate_needs_article_review","‘I’m available’: Haumole Olakau’atu eager for Blues recall ahead of State of Origin decider","https://www.dailytelegraph.com.au/sport/nrl/im-available-haumole-olakauatu-eager-for-blues-recall-ahead-of-state-of-origin-decider/news-story/ca669b370ccc27a4ba04bbe1bfcc93bf","http://www.bing.com/news/apiclick.aspx?ref=FexRss&aid=&tid=6a52f7a7c048430f824b068c246e6a29&url=https%3a%2f%2fwww.dailytelegraph.com.au%2fsport%2fnrl%2fim-available-haumole-olakauatu-eager-for-blues-recall-ahead-of-state-of-origin-decider%2fnews-story%2fca669b370ccc27a4ba04bbe1bfcc93bf&c=5640339279480396868&mkt=en-au","","https://www.dailytelegraph.com.au/sport/nrl/im-available-haumole-olakauatu-eager-for-blues-recall-ahead-of-state-of-origin-decider/news-story/ca669b370ccc27a4ba04bbe1bfcc93bf","false","Blues fans are still clueless as to why the world’s best edge forward was dropped for the MCG clash, and they’ll have to wait a little longer to find out after Olakau’atu politely refused to expand on ..."
"man","Manly Warringah Sea Eagles","Ben Trbojevic","backup_baseline","1","7news.com.au","7","money|contract_language|context_or_team_article","false","7NEWS Australia","Fri, 28 Oct 2022 14:27:00 GMT","team_or_context_candidate_needs_article_review","Ultimate NRL free agency preview: Your club’s out-of-contract stars and where they could end up","https://7news.com.au/sport/rugby-league/ultimate-nrl-free-agency-preview-your-clubs-out-of-contract-stars-and-where-they-could-end-up-c-8677336","http://www.bing.com/news/apiclick.aspx?ref=FexRss&aid=&tid=6a52f7b219f9463aac7fef2d307e41d0&url=https%3a%2f%2f7news.com.au%2fsport%2frugby-league%2fultimate-nrl-free-agency-preview-your-clubs-out-of-contract-stars-and-where-they-could-end-up-c-8677336&c=143273184193222445&mkt=en-au","","https://7news.com.au/sport/rugby-league/ultimate-nrl-free-agency-preview-your-clubs-out-of-contract-stars-and-where-they-could-end-up-c-8677336","false","Over $50 million worth of player talent will be free to negotiate with clubs for season 2024 and beyond when the NRL free agency period begins on November 1. Latrell Mitchell, Mit ..."
"man","Manly Warringah Sea Eagles","Jake Trbojevic","backup_baseline","1","dailytelegraph.com.au","30","contract_language|exact_player_name","true","The Daily Telegraph","Wed, 20 May 2026 10:03:00 GMT","player_focused_candidate_needs_article_review","Jake Trbojevic triggers extension clause in Manly Sea Eagles contract","https://www.dailytelegraph.com.au/sport/nrl/jake-trbojevic-triggers-extension-clause-in-manly-sea-eagles-contract/news-story/c24b1e095952c98b5cc5953d86b7f1d3","http://www.bing.com/news/apiclick.aspx?ref=FexRss&aid=&tid=6a52f7b573ce40c7a3b2082ef7f360a0&url=https%3a%2f%2fwww.dailytelegraph.com.au%2fsport%2fnrl%2fjake-trbojevic-triggers-extension-clause-in-manly-sea-eagles-contract%2fnews-story%2fc24b1e095952c98b5cc5953d86b7f1d3&c=9773160446507561845&mkt=en-au","","https://www.dailytelegraph.com.au/sport/nrl/jake-trbojevic-triggers-extension-clause-in-manly-sea-eagles-contract/news-story/c24b1e095952c98b5cc5953d86b7f1d3","false","Trbojevic, 32, has agreed to play a further season at the club where he made his NRL debut as a 19-year-old. Trbojevic celebrated his 250-game milestone in Manly’s most recent home game against the ..."
"man","Manly Warringah Sea Eagles","Jake Trbojevic","backup_baseline","2","foxsports.com.au","7","contract_language|context_or_team_article","false","Fox Sports","Wed, 20 May 2026 09:28:00 GMT","team_or_context_candidate_needs_article_review","Trbojevic makes call on future; Dragons star opens up on how contract talks ‘broke down’ — NRL Daily","https://www.foxsports.com.au/nrl/nrl-premiership/nrl-2026-jake-trbojevic-agrees-to-extension-at-manly-sea-eagles-jaydn-sua-clarifies-future-at-dragons/news-story/419a1b0400fa5e5a2bb746750e2a39e1","http://www.bing.com/news/apiclick.aspx?ref=FexRss&aid=&tid=6a52f7b6f53a4b9094fbc8758df0cc51&url=https%3a%2f%2fwww.foxsports.com.au%2fnrl%2fnrl-premiership%2fnrl-2026-jake-trbojevic-agrees-to-extension-at-manly-sea-eagles-jaydn-sua-clarifies-future-at-dragons%2fnews-story%2f419a1b0400fa5e5a2bb746750e2a39e1&c=16602301681505591876&mkt=en-au","","https://www.foxsports.com.au/nrl/nrl-premiership/nrl-2026-jake-trbojevic-agrees-to-extension-at-manly-sea-eagles-jaydn-sua-clarifies-future-at-dragons/news-story/419a1b0400fa5e5a2bb746750e2a39e1","false","WHAT'S GAMBLING REALLY COSTING YOU? Set a deposit limit. For Free and confidential support call 1800 858 858 or visit gamblinghelponline.org.au. While Trbojevic had struggled earlier in the year, that ..."
"man","Manly Warringah Sea Eagles","Siosiua Taukeiaho","backup_baseline","","","","","","","","no_candidate_found","","","","","","",""
"man","Manly Warringah Sea Eagles","Nathan Brown","backup_baseline","","","","","","","","no_candidate_found","","","","","","",""
"man","Manly Warringah Sea Eagles","Ethan Bullemor","backup_baseline","1","7news.com.au","7","money|contract_language|context_or_team_article","false","7NEWS Australia","Fri, 28 Oct 2022 02:27:00 GMT","team_or_context_candidate_needs_article_review","Ultimate NRL free agency preview: Your club’s out-of-contract stars and where they could end up","https://7news.com.au/sport/rugby-league/ultimate-nrl-free-agency-preview-your-clubs-out-of-contract-stars-and-where-they-could-end-up-c-8677336","http://www.bing.com/news/apiclick.aspx?ref=FexRss&aid=&tid=6a52f7cdee8546828e14b137cae21a4d&url=https%3a%2f%2f7news.com.au%2fsport%2frugby-league%2fultimate-nrl-free-agency-preview-your-clubs-out-of-contract-stars-and-where-they-could-end-up-c-8677336&c=143273184193222445&mkt=en-au","","https://7news.com.au/sport/rugby-league/ultimate-nrl-free-agency-preview-your-clubs-out-of-contract-stars-and-where-they-could-end-up-c-8677336","false","Over $50 million worth of player talent will be free to negotiate with clubs for season 2024 and beyond when the NRL free agency period begins on November 1. Latrell Mitchell, Mit ..."
"man","Manly Warringah Sea Eagles","Joey Walsh","backup_baseline","","","","","","","","no_candidate_found","","","","","","",""
"man","Manly Warringah Sea Eagles","Aaron Schoupp","bucket_unknown","","","","","","","","no_candidate_found","","","","","","",""
"man","Manly Warringah Sea Eagles","Blake Wilson","bucket_unknown","","","","","","","","no_candidate_found","","","","","","",""
"man","Manly Warringah Sea Eagles","Caleb Navale","bucket_unknown","","","","","","","","no_candidate_found","","","","","","",""
"man","Manly Warringah Sea Eagles","Clayton Faulalo","bucket_unknown","1","foxsports.com.au","7","contract_language|context_or_team_article","false","Fox Sports","Fri, 19 Jun 2026 11:21:00 GMT","team_or_context_candidate_needs_article_review","Breakout star’s contract reward; Bronco’s exit confirmed in ‘major statement signing’ — NRL Daily","https://www.foxsports.com.au/nrl/nrl-premiership/nrl-2026-clayton-faulalo-signs-new-deal-with-manly-sea-eagles-jesse-arthars-to-leave-brisbane-broncos/news-story/cb69a7b7c51aa14a07fa7f60e7ed1931","http://www.bing.com/news/apiclick.aspx?ref=FexRss&aid=&tid=6a52f7edc6334a44839c92e28cc38790&url=https%3a%2f%2fwww.foxsports.com.au%2fnrl%2fnrl-premiership%2fnrl-2026-clayton-faulalo-signs-new-deal-with-manly-sea-eagles-jesse-arthars-to-leave-brisbane-broncos%2fnews-story%2fcb69a7b7c51aa14a07fa7f60e7ed1931&c=11027625652442736128&mkt=en-au","","https://www.foxsports.com.au/nrl/nrl-premiership/nrl-2026-clayton-faulalo-signs-new-deal-with-manly-sea-eagles-jesse-arthars-to-leave-brisbane-broncos/news-story/cb69a7b7c51aa14a07fa7f60e7ed1931","false","WHAT'S GAMBLING REALLY COSTING YOU? Set a deposit limit. For Free and confidential support call 1800 858 858 or visit gamblinghelponline.org.au. The versatile Faulalo entered the Sea Eagles’ top 30 ..."
"man","Manly Warringah Sea Eagles","Navren Willett","bucket_unknown","","","","","","","","no_candidate_found","","","","","","",""
"man","Manly Warringah Sea Eagles","Onitoni Large","bucket_unknown","1","smh.com.au","7","contract_language|context_or_team_article","false","Sydney Morning Herald","Mon, 11 May 2020 17:00:00 GMT","team_or_context_candidate_needs_article_review","Nine, NRL on brink of deal to seal $1.9 billion broadcast bonanza","https://www.smh.com.au/sport/nrl/nine-nrl-on-brink-of-deal-to-seal-1-9-billion-broadcast-bonanza-20200512-p54scv.html","http://www.bing.com/news/apiclick.aspx?ref=FexRss&aid=&tid=6a52f7f9a44f4e528d4f4c1461ba6b2f&url=https%3a%2f%2fwww.smh.com.au%2fsport%2fnrl%2fnine-nrl-on-brink-of-deal-to-seal-1-9-billion-broadcast-bonanza-20200512-p54scv.html&c=10283903415388544094&mkt=en-au","","https://www.smh.com.au/sport/nrl/nine-nrl-on-brink-of-deal-to-seal-1-9-billion-broadcast-bonanza-20200512-p54scv.html","false","You have reached your maximum number of saved items. Remove items from your saved list to add more. Nine Entertainment Co is close to agreeing to a revised three-year deal with the NRL as the code ..."
"man","Manly Warringah Sea Eagles","Onitoni Large","bucket_unknown","2","au.sports.yahoo.com","4","contract_language|context_or_team_article","false","Yahoo Sport Australia","Thu, 07 May 2026 17:00:00 GMT","team_or_context_candidate_needs_article_review","The SEVEN current best value for money contracts in the NRL","https://au.sports.yahoo.com/seven-current-best-value-money-214941645.html","http://www.bing.com/news/apiclick.aspx?ref=FexRss&aid=&tid=6a52f7fbe04a4850b3337322557adac5&url=https%3a%2f%2fau.sports.yahoo.com%2fseven-current-best-value-money-214941645.html&c=14537114608194793438&mkt=en-au","","https://au.sports.yahoo.com/seven-current-best-value-money-214941645.html","false","The beauty of the salary cap is that it is supposed to level the playing field for all NRL teams. There is enough space for stars, but not multiple, meaning rosters need to be carefully crafted so ..."
"man","Manly Warringah Sea Eagles","Onitoni Large","bucket_unknown","3","msn.com","3","money|contract_language|context_or_team_article","false","The Sydney Morning Herald on MSN","Tue, 30 Jun 2026 21:37:58 GMT","context_only_untrusted_domain","New broadcast deal could push NRL salary cap up to $20m by 2028","https://www.msn.com/en-au/news/australia/new-broadcast-deal-could-push-nrl-salary-cap-up-to-20m-by-2028/ar-AA26H5IM","http://www.bing.com/news/apiclick.aspx?ref=FexRss&aid=&tid=6a52f7f8f1224a1cb6a6f7876746f832&url=https%3a%2f%2fwww.msn.com%2fen-au%2fnews%2faustralia%2fnew-broadcast-deal-could-push-nrl-salary-cap-up-to-20m-by-2028%2far-AA26H5IM&c=15095945392879639673&mkt=en-au","","https://www.msn.com/en-au/news/australia/new-broadcast-deal-could-push-nrl-salary-cap-up-to-20m-by-2028/ar-AA26H5IM","false","A rich new broadcast deal means more money coming into the game. The biggest winners will be the star players, who could soon demand up to $2 million per season."
"man","Manly Warringah Sea Eagles","Onitoni Large","bucket_unknown","4","msn.com","3","contract_language|term_language|context_or_team_article","false","ABC (Australian Broadcasting Corporation) on MSN","Mon, 06 Jul 2026 19:33:00 GMT","context_only_untrusted_domain","NRL announces new broadcast rights deal worth estimated $5.3 billion starting after 2027 season","https://www.msn.com/en-au/sport/other/nrl-announces-new-broadcast-rights-deal-worth-estimated-53-billion-starting-after-2027-season/ar-AA27mdrq","http://www.bing.com/news/apiclick.aspx?ref=FexRss&aid=&tid=6a52f7f9a44f4e528d4f4c1461ba6b2f&url=https%3a%2f%2fwww.msn.com%2fen-au%2fsport%2fother%2fnrl-announces-new-broadcast-rights-deal-worth-estimated-53-billion-starting-after-2027-season%2far-AA27mdrq&c=11864406176290848080&mkt=en-au","","https://www.msn.com/en-au/sport/other/nrl-announces-new-broadcast-rights-deal-worth-estimated-53-billion-starting-after-2027-season/ar-AA27mdrq","false","As the NRL reveals its new broadcast rights deal worth billions of dollars over seven years in 2028 through 2034, executives try to hose down concerns about rising subscription prices."
"man","Manly Warringah Sea Eagles","Onitoni Large","bucket_unknown","5","theroar.com.au","0","contract_language|context_or_team_article","false","theroar.com.au","Sun, 19 Dec 2021 16:00:00 GMT","context_only_untrusted_domain","REVEALED: How much the NRL's new Nine deal is worth","https://www.theroar.com.au/2021/12/21/revealed-how-much-the-nrls-new-nine-deal-is-worth/","http://www.bing.com/news/apiclick.aspx?ref=FexRss&aid=&tid=6a52f7f9a44f4e528d4f4c1461ba6b2f&url=https%3a%2f%2fwww.theroar.com.au%2f2021%2f12%2f21%2frevealed-how-much-the-nrls-new-nine-deal-is-worth%2f&c=5841377131241370127&mkt=en-au","","https://www.theroar.com.au/2021/12/21/revealed-how-much-the-nrls-new-nine-deal-is-worth/","false","Anyone can contribute to The Roar and have their work featured alongside some of Australia’s most prominent sports journalists. NRL chief executive Andrew Abdo insists the league has been vindicated ..."
"man","Manly Warringah Sea Eagles","Onitoni Large","bucket_unknown","6","afr.com","0","contract_language|context_or_team_article","false","The Australian Financial Review","Tue, 26 May 2026 13:00:00 GMT","context_only_untrusted_domain","Nine CEO pitches V’landys on exclusive NRL deal","https://www.afr.com/companies/media-and-marketing/nine-ceo-pitches-v-landys-on-exclusive-nrl-deal-cutting-out-foxtel-20260526-p600tw","http://www.bing.com/news/apiclick.aspx?ref=FexRss&aid=&tid=6a52f7f9a44f4e528d4f4c1461ba6b2f&url=https%3a%2f%2fwww.afr.com%2fcompanies%2fmedia-and-marketing%2fnine-ceo-pitches-v-landys-on-exclusive-nrl-deal-cutting-out-foxtel-20260526-p600tw&c=14420439829069484302&mkt=en-au","","https://www.afr.com/companies/media-and-marketing/nine-ceo-pitches-v-landys-on-exclusive-nrl-deal-cutting-out-foxtel-20260526-p600tw","false","Australian media giant Nine Entertainment is pitching to buy all the NRL broadcast rights, in a high-stakes bid to bolster its streaming platform Stan and carve Foxtel out of the sport for the first ..."
"man","Manly Warringah Sea Eagles","Paul Bryan","bucket_unknown","","","","","","","","no_candidate_found","","","","","","",""
"man","Manly Warringah Sea Eagles","Simione Laiafi","bucket_unknown","","","","","","","","no_candidate_found","","","","","","",""
"man","Manly Warringah Sea Eagles","Zach Dockar-Clay","bucket_unknown","","","","","","","","no_candidate_found","","","","","","",""
"man","Manly Warringah Sea Eagles","Zaidas Muagututia","bucket_unknown","","","","","","","","no_candidate_found","","","","","","",""
"mel","Melbourne Storm","Sualauvi Fa’alogo","backup_baseline","","","","","","","","no_candidate_found","","","","","","",""
"mel","Melbourne Storm","Will Warbrick","backup_baseline","1","7news.com.au","7","money|contract_language|context_or_team_article","false","7NEWS Australia","Fri, 28 Oct 2022 02:27:00 GMT","team_or_context_candidate_needs_article_review","Ultimate NRL free agency preview: Your club’s out-of-contract stars and where they could end up","https://7news.com.au/sport/rugby-league/ultimate-nrl-free-agency-preview-your-clubs-out-of-contract-stars-and-where-they-could-end-up-c-8677336","http://www.bing.com/news/apiclick.aspx?ref=FexRss&aid=&tid=6a52f82b32584cd5891737cfade523c6&url=https%3a%2f%2f7news.com.au%2fsport%2frugby-league%2fultimate-nrl-free-agency-preview-your-clubs-out-of-contract-stars-and-where-they-could-end-up-c-8677336&c=143273184193222445&mkt=en-au","","https://7news.com.au/sport/rugby-league/ultimate-nrl-free-agency-preview-your-clubs-out-of-contract-stars-and-where-they-could-end-up-c-8677336","false","Over $50 million worth of player talent will be free to negotiate with clubs for season 2024 and beyond when the NRL free agency period begins on November 1. Latrell Mitchell, Mit ..."
"mel","Melbourne Storm","Jack Howarth","backup_baseline","","","","","","","","no_candidate_found","","","","","","",""
"mel","Melbourne Storm","Nick Meaney","backup_baseline","1","dailytelegraph.com.au","10","money|contract_language|context_or_team_article","false","The Daily Telegraph","Tue, 23 Jun 2026 12:12:00 GMT","team_or_context_candidate_needs_article_review","NRL to grant Perth Bears $500k salary cap concessions in landmark third-party arrangement","https://www.dailytelegraph.com.au/sport/nrl/nrl-to-grant-perth-bears-500k-salary-cap-concessions-in-landmark-thirdparty-arrangement/news-story/0c5c097536d723f0d0cb46c86fd051ff","http://www.bing.com/news/apiclick.aspx?ref=FexRss&aid=&tid=6a52f835515848e39ab28b340d210e59&url=https%3a%2f%2fwww.dailytelegraph.com.au%2fsport%2fnrl%2fnrl-to-grant-perth-bears-500k-salary-cap-concessions-in-landmark-thirdparty-arrangement%2fnews-story%2f0c5c097536d723f0d0cb46c86fd051ff&c=13072428604770190172&mkt=en-au","","https://www.dailytelegraph.com.au/sport/nrl/nrl-to-grant-perth-bears-500k-salary-cap-concessions-in-landmark-thirdparty-arrangement/news-story/0c5c097536d723f0d0cb46c86fd051ff","false","In a historic development for the NRL’s 18th club, this masthead has been told Perth will receive a special marquee player privilege where existing club sponsors can top-up a player’s contract by 20 ..."
"mel","Melbourne Storm","Xavier Coates","backup_baseline","","","","","","","","no_candidate_found","","","","","","",""
"mel","Melbourne Storm","Cameron Munster","backup_baseline","1","ntnews.com.au","27","contract_language|exact_player_name","true","Northern Territory News","Tue, 10 May 2016 15:00:00 GMT","player_focused_candidate_needs_article_review","Melbourne Storm lock down rising fullback Cameron Munster with two-year contract extension","https://www.ntnews.com.au/sport/nrl/teams/storm/melbourne-storm-lock-down-rising-fullback-cameron-munster-with-twoyear-contract-extension/news-story/fec9dcfa4127b242dbe9f453e6e49cfb","http://www.bing.com/news/apiclick.aspx?ref=FexRss&aid=&tid=6a52f8427481442e99833198e1331f77&url=https%3a%2f%2fwww.ntnews.com.au%2fsport%2fnrl%2fteams%2fstorm%2fmelbourne-storm-lock-down-rising-fullback-cameron-munster-with-twoyear-contract-extension%2fnews-story%2ffec9dcfa4127b242dbe9f453e6e49cfb&c=14856116830763397636&mkt=en-au","","https://www.ntnews.com.au/sport/nrl/teams/storm/melbourne-storm-lock-down-rising-fullback-cameron-munster-with-twoyear-contract-extension/news-story/fec9dcfa4127b242dbe9f453e6e49cfb","false","MELBOURNE Storm are celebrating a huge boost, after locking away one of the NRL’s brightest young stars with a new deal with the club. The Herald Sun understands Munster — already under contract until ..."
"mel","Melbourne Storm","Cameron Munster","backup_baseline","2","7news.com.au","7","money|contract_language|context_or_team_article","false","7NEWS Australia","Fri, 28 Oct 2022 02:27:00 GMT","team_or_context_candidate_needs_article_review","Ultimate NRL free agency preview: Your club’s out-of-contract stars and where they could end up","https://7news.com.au/sport/rugby-league/ultimate-nrl-free-agency-preview-your-clubs-out-of-contract-stars-and-where-they-could-end-up-c-8677336","http://www.bing.com/news/apiclick.aspx?ref=FexRss&aid=&tid=6a52f84423a746aa80120fb5541b4afd&url=https%3a%2f%2f7news.com.au%2fsport%2frugby-league%2fultimate-nrl-free-agency-preview-your-clubs-out-of-contract-stars-and-where-they-could-end-up-c-8677336&c=143273184193222445&mkt=en-au","","https://7news.com.au/sport/rugby-league/ultimate-nrl-free-agency-preview-your-clubs-out-of-contract-stars-and-where-they-could-end-up-c-8677336","false","Over $50 million worth of player talent will be free to negotiate with clubs for season 2024 and beyond when the NRL free agency period begins on November 1. Latrell Mitchell, Mit ..."
"mel","Melbourne Storm","Cameron Munster","backup_baseline","3","foxsports.com.au","6","money|context_or_team_article","false","Fox Sports","Sun, 14 Jun 2026 07:03:00 GMT","team_or_context_candidate_needs_article_review","Storm’s ploy to fend off $1.4m poaching raid for superstar playmaker: Transfer Whispers","https://www.foxsports.com.au/nrl/nrl-premiership/nrl-2026-cameron-munster-melbourne-storm-contract-extension-transfer-whispers-contracts-signings-news-videos-highlights/news-story/57b4be46df7f3663c8ebbdb372798463","http://www.bing.com/news/apiclick.aspx?ref=FexRss&aid=&tid=6a52f8427481442e99833198e1331f77&url=https%3a%2f%2fwww.foxsports.com.au%2fnrl%2fnrl-premiership%2fnrl-2026-cameron-munster-melbourne-storm-contract-extension-transfer-whispers-contracts-signings-news-videos-highlights%2fnews-story%2f57b4be46df7f3663c8ebbdb372798463&c=13254631660369305884&mkt=en-au","","https://www.foxsports.com.au/nrl/nrl-premiership/nrl-2026-cameron-munster-melbourne-storm-contract-extension-transfer-whispers-contracts-signings-news-videos-highlights/news-story/57b4be46df7f3663c8ebbdb372798463","false","WHAT'S GAMBLING REALLY COSTING YOU? Set a deposit limit. For Free and confidential support call 1800 858 858 or visit gamblinghelponline.org.au. Watch every game of every round of the Premiership ..."
"mel","Melbourne Storm","Cameron Munster","backup_baseline","4","theaustralian.com.au","4","contract_language|context_or_team_article","false","The Australian","Sun, 28 Jun 2026 04:34:00 GMT","team_or_context_candidate_needs_article_review","Nine’s Stan Sport dealt huge blow in NRL’s record $5bn rights deal","https://www.theaustralian.com.au/business/media/nines-stan-sport-dealt-huge-blow-in-nrls-record-5bn-rights-deal/news-story/cf3fb665174e25345610fd689a257a01","http://www.bing.com/news/apiclick.aspx?ref=FexRss&aid=&tid=6a52f8431b214d068fbf85d7795b7296&url=https%3a%2f%2fwww.theaustralian.com.au%2fbusiness%2fmedia%2fnines-stan-sport-dealt-huge-blow-in-nrls-record-5bn-rights-deal%2fnews-story%2fcf3fb665174e25345610fd689a257a01&c=9625671747989068122&mkt=en-au","","https://www.theaustralian.com.au/business/media/nines-stan-sport-dealt-huge-blow-in-nrls-record-5bn-rights-deal/news-story/cf3fb665174e25345610fd689a257a01","false","Rival NRL bidders Foxtel and Nine are both privately claiming victory in the bitter fight for the sport’s lucrative long-term rights after it emerged that the existing arrangements will largely remain ..."
"mel","Melbourne Storm","Cameron Munster","backup_baseline","5","msn.com","3","money|contract_language|context_or_team_article","false","Man of Many on MSN","Tue, 30 Jun 2026 15:06:27 GMT","context_only_untrusted_domain","10 highest paid NRL players for 2026","https://www.msn.com/en-au/sport/rugby_league/10-highest-paid-nrl-players-for-2026/ar-AA2719cA","http://www.bing.com/news/apiclick.aspx?ref=FexRss&aid=&tid=6a52f8427481442e99833198e1331f77&url=https%3a%2f%2fwww.msn.com%2fen-au%2fsport%2frugby_league%2f10-highest-paid-nrl-players-for-2026%2far-AA2719cA&c=3173818839366038056&mkt=en-au","","https://www.msn.com/en-au/sport/rugby_league/10-highest-paid-nrl-players-for-2026/ar-AA2719cA","false","Driven by expanding club salary caps, rugby league’s elite stars are securing record-shattering paydays for the 2026 NRL season. Led by Dylan Brown’s historic $13 million move, this list looks at the ..."
"mel","Melbourne Storm","Cameron Munster","backup_baseline","6","msn.com","3","money|contract_language|context_or_team_article","false","The Sydney Morning Herald on MSN","Tue, 30 Jun 2026 21:37:58 GMT","context_only_untrusted_domain","New broadcast deal could push NRL salary cap up to $20m by 2028","https://www.msn.com/en-au/news/australia/new-broadcast-deal-could-push-nrl-salary-cap-up-to-20m-by-2028/ar-AA26H5IM","http://www.bing.com/news/apiclick.aspx?ref=FexRss&aid=&tid=6a52f843f9724b23ad06f8b6b37c9a32&url=https%3a%2f%2fwww.msn.com%2fen-au%2fnews%2faustralia%2fnew-broadcast-deal-could-push-nrl-salary-cap-up-to-20m-by-2028%2far-AA26H5IM&c=15095945392879639673&mkt=en-au","","https://www.msn.com/en-au/news/australia/new-broadcast-deal-could-push-nrl-salary-cap-up-to-20m-by-2028/ar-AA26H5IM","false","A rich new broadcast deal means more money coming into the game. The biggest winners will be the star players, who could soon demand up to $2 million per season."
"mel","Melbourne Storm","Cameron Munster","backup_baseline","7","loverugbyleague.com","0","contract_language|context_or_team_article","false","LoveRugbyLeague","Sun, 28 Jun 2026 02:02:00 GMT","context_only_untrusted_domain","NRL salary cap to go up AGAIN as Super League gulf widens further","https://www.loverugbyleague.com/post/nrl-salary-cap-to-go-up-again-as-super-league-gulf-widens-further","http://www.bing.com/news/apiclick.aspx?ref=FexRss&aid=&tid=6a52f843f9724b23ad06f8b6b37c9a32&url=https%3a%2f%2fwww.loverugbyleague.com%2fpost%2fnrl-salary-cap-to-go-up-again-as-super-league-gulf-widens-further&c=2927841752005492089&mkt=en-au","","https://www.loverugbyleague.com/post/nrl-salary-cap-to-go-up-again-as-super-league-gulf-widens-further","false","The NRL's salary cap will reach astronomical new heights as a result of its latest broadcast deal: leaving Super League trailing behind."
"mel","Melbourne Storm","Cameron Munster","backup_baseline","8","msn.com","0","contract_language|context_or_team_article","false","LoveRugbyLeague on MSN","Sun, 28 Jun 2026 01:58:52 GMT","context_only_untrusted_domain","NRL salary cap to go up again as Super League gulf widens further","https://www.msn.com/en-us/sports/rugbyleague/nrl-salary-cap-to-go-up-again-as-super-league-gulf-widens-further/ar-AA26IFdE","http://www.bing.com/news/apiclick.aspx?ref=FexRss&aid=&tid=6a52f8431b214d068fbf85d7795b7296&url=https%3a%2f%2fwww.msn.com%2fen-us%2fsports%2frugbyleague%2fnrl-salary-cap-to-go-up-again-as-super-league-gulf-widens-further%2far-AA26IFdE&c=16124994384162648722&mkt=en-au","","https://www.msn.com/en-us/sports/rugbyleague/nrl-salary-cap-to-go-up-again-as-super-league-gulf-widens-further/ar-AA26IFdE","false","The difference is stark."
"mel","Melbourne Storm","Jahrome Hughes","backup_baseline","1","goldcoastbulletin.com.au","27","contract_language|exact_player_name","true","Gold Coast Sun","Sat, 20 Feb 2021 08:21:00 GMT","player_focused_candidate_needs_article_review","NRL 2021: Warriors make huge play to lure Melbourne star Jahrome Hughes to New Zealand","https://www.goldcoastbulletin.com.au/sport/nrl/nrl-2021-warriors-make-huge-play-to-lure-melbourne-star-jahrome-hughes-to-new-zealand/news-story/d85136d436f9ef413ddfa147162730aa","http://www.bing.com/news/apiclick.aspx?ref=FexRss&aid=&tid=6a52f847ae424c9b909d93adfaa93ad8&url=https%3a%2f%2fwww.goldcoastbulletin.com.au%2fsport%2fnrl%2fnrl-2021-warriors-make-huge-play-to-lure-melbourne-star-jahrome-hughes-to-new-zealand%2fnews-story%2fd85136d436f9ef413ddfa147162730aa&c=13944370180631329959&mkt=en-au","","https://www.goldcoastbulletin.com.au/sport/nrl/nrl-2021-warriors-make-huge-play-to-lure-melbourne-star-jahrome-hughes-to-new-zealand/news-story/d85136d436f9ef413ddfa147162730aa","false","The Sunday Mail can reveal the Storm have tabled an increased deal to Hughes in the wake of an aggressive poaching bid from the Warriors, who have offered him a three-year deal worth more than $2.5 ..."
"mel","Melbourne Storm","Stefano Utoikamanu","backup_baseline","","","","","","","","no_candidate_found","","","","","","",""
"mel","Melbourne Storm","Harry Grant","backup_baseline","","","","","","","","no_candidate_found","","","","","","",""
"mel","Melbourne Storm","Josh King","backup_baseline","","","","","","","","no_candidate_found","","","","","","",""
"mel","Melbourne Storm","Shawn Blore","backup_baseline","1","au.sports.yahoo.com","30","contract_language|term_language|exact_player_name","true","Yahoo Sport Australia","Wed, 10 Jun 2026 17:00:00 GMT","player_focused_candidate_needs_article_review","Why Shawn Blore’s reported next NRL club makes no sense","https://au.sports.yahoo.com/why-shawn-blore-reported-next-053528157.html","http://www.bing.com/news/apiclick.aspx?ref=FexRss&aid=&tid=6a52f86827524be69997ca9a792187a9&url=https%3a%2f%2fau.sports.yahoo.com%2fwhy-shawn-blore-reported-next-053528157.html&c=13682286857739755136&mkt=en-au","","https://au.sports.yahoo.com/why-shawn-blore-reported-next-053528157.html","false","Melbourne Storm star Shawn Blore appears to have taken a step towards returning to Sydney at the end of his deal with the Melbourne Storm. Off-contract at the end of 2026, Blore has been able to ..."
"mel","Melbourne Storm","Joe Chan","backup_baseline","","","","","","","","no_candidate_found","","","","","","",""
"mel","Melbourne Storm","Trent Loiero","backup_baseline","","","","","","","","no_candidate_found","","","","","","",""
"mel","Melbourne Storm","Tyran Wishart","backup_baseline","1","theaustralian.com.au","7","money|contract_language|context_or_team_article","false","The Australian","Tue, 23 Jun 2026 12:10:00 GMT","team_or_context_candidate_needs_article_review","NRL to grant Perth Bears $500k salary cap concessions in landmark third-party arrangement","https://www.theaustralian.com.au/sport/nrl/nrl-to-grant-perth-bears-500k-salary-cap-concessions-in-landmark-thirdparty-arrangement/news-story/0c5c097536d723f0d0cb46c86fd051ff","http://www.bing.com/news/apiclick.aspx?ref=FexRss&aid=&tid=6a52f877577e4c628a48abf5c06d0119&url=https%3a%2f%2fwww.theaustralian.com.au%2fsport%2fnrl%2fnrl-to-grant-perth-bears-500k-salary-cap-concessions-in-landmark-thirdparty-arrangement%2fnews-story%2f0c5c097536d723f0d0cb46c86fd051ff&c=12198983378905941191&mkt=en-au","","https://www.theaustralian.com.au/sport/nrl/nrl-to-grant-perth-bears-500k-salary-cap-concessions-in-landmark-thirdparty-arrangement/news-story/0c5c097536d723f0d0cb46c86fd051ff","false","In a historic development for the NRL’s 18th club, this masthead has been told Perth will receive a special marquee player privilege where existing club sponsors can top-up a player’s contract by 20 ..."
"mel","Melbourne Storm","Tyran Wishart","backup_baseline","2","au.sports.yahoo.com","4","contract_language|context_or_team_article","false","Yahoo Sport Australia","Thu, 07 May 2026 17:00:00 GMT","team_or_context_candidate_needs_article_review","The SEVEN current best value for money contracts in the NRL","https://au.sports.yahoo.com/seven-current-best-value-money-214941645.html","http://www.bing.com/news/apiclick.aspx?ref=FexRss&aid=&tid=6a52f87b9e7b4d0ca8fb0e23cb8adcf8&url=https%3a%2f%2fau.sports.yahoo.com%2fseven-current-best-value-money-214941645.html&c=14537114608194793438&mkt=en-au","","https://au.sports.yahoo.com/seven-current-best-value-money-214941645.html","false","The beauty of the salary cap is that it is supposed to level the playing field for all NRL teams. There is enough space for stars, but not multiple, meaning rosters need to be carefully crafted so ..."
"mel","Melbourne Storm","Cooper Clarke","backup_baseline","","","","","","","","no_candidate_found","","","","","","",""
"mel","Melbourne Storm","Alec MacDonald","backup_baseline","","","","","","","","no_candidate_found","","","","","","",""
"mel","Melbourne Storm","Tui Kamikamica","backup_baseline","1","sportingnews.com","23","contract_language|exact_player_name","true","Sporting News","Thu, 05 Jun 2025 00:45:00 GMT","context_only_untrusted_domain","Tui Kamikamica could be set for Storm exit after nine-year stay in Melbourne","https://www.sportingnews.com/au/rugby-league/news/tui-kamikamica-contract-exit-storm/01c16eab74ce3ad09a8efd79","http://www.bing.com/news/apiclick.aspx?ref=FexRss&aid=&tid=6a52f88c34e0437c9b34a4cd81dd6065&url=https%3a%2f%2fwww.sportingnews.com%2fau%2frugby-league%2fnews%2ftui-kamikamica-contract-exit-storm%2f01c16eab74ce3ad09a8efd79&c=6857685062881080664&mkt=en-au","","https://www.sportingnews.com/au/rugby-league/news/tui-kamikamica-contract-exit-storm/01c16eab74ce3ad09a8efd79","false","Tui Kamikamica’s long Melbourne Storm career could be nearing its end, with the Brisbane Broncos reportedly circling the Fijian international for a 2026 move. The 29-year-old prop has a club option ..."
"mel","Melbourne Storm","Ativalu Lisati","bucket_unknown","","","","","","","","no_candidate_found","","","","","","",""
"mel","Melbourne Storm","Davvy Moale","bucket_unknown","","","","","","","","no_candidate_found","","","","","","",""
"mel","Melbourne Storm","Gabriel Satrick","bucket_unknown","","","","","","","","no_candidate_found","","","","","","",""
"mel","Melbourne Storm","Jack Hetherington","bucket_unknown","1","news.com.au","4","contract_language|context_or_team_article","false","Couriermail","Sat, 24 Jun 2023 14:55:00 GMT","team_or_context_candidate_needs_article_review","NRL Rich 100: The nine big-name players who lead an exodus from rugby league’s top earners","https://www.news.com.au/sport/nrl/nrl-rich-100-the-nine-bigname-players-who-lead-an-exodus-from-rugby-leagues-top-earners/news-story/e2f30bc3424a9d841804ed26b94dd45a","http://www.bing.com/news/apiclick.aspx?ref=FexRss&aid=&tid=6a52f8a7ce374874bc6ce20979995aa4&url=https%3a%2f%2fwww.news.com.au%2fsport%2fnrl%2fnrl-rich-100-the-nine-bigname-players-who-lead-an-exodus-from-rugby-leagues-top-earners%2fnews-story%2fe2f30bc3424a9d841804ed26b94dd45a&c=5857949615441391209&mkt=en-au","","https://www.news.com.au/sport/nrl/nrl-rich-100-the-nine-bigname-players-who-lead-an-exodus-from-rugby-leagues-top-earners/news-story/e2f30bc3424a9d841804ed26b94dd45a","false","The NRL has undergone a massive shake-up in its top earners as an exodus of ageing talent and the emergence of a host of young stars transforms the salary landscape. A months-long special ..."
"mel","Melbourne Storm","Josiah Pahulu","bucket_unknown","","","","","","","","no_candidate_found","","","","","","",""
"mel","Melbourne Storm","Lazarus Vaalepu","bucket_unknown","","","","","","","","no_candidate_found","","","","","","",""
"mel","Melbourne Storm","Manaia Waitere","bucket_unknown","","","","","","","","no_candidate_found","","","","","","",""
"mel","Melbourne Storm","Marion Seve","bucket_unknown","1","smh.com.au","10","money|contract_language|context_or_team_article","false","Sydney Morning Herald","Fri, 26 Jun 2026 17:01:00 GMT","team_or_context_candidate_needs_article_review","New broadcast deal could push NRL salary cap up to $20m by 2028","https://www.smh.com.au/sport/nrl/new-broadcast-deal-could-push-nrl-salary-cap-up-to-20m-by-2028-20260627-p60ak2.html","http://www.bing.com/news/apiclick.aspx?ref=FexRss&aid=&tid=6a52f8c0855a463faaeca38bb447e919&url=https%3a%2f%2fwww.smh.com.au%2fsport%2fnrl%2fnew-broadcast-deal-could-push-nrl-salary-cap-up-to-20m-by-2028-20260627-p60ak2.html&c=16384154360396862290&mkt=en-au","","https://www.smh.com.au/sport/nrl/new-broadcast-deal-could-push-nrl-salary-cap-up-to-20m-by-2028-20260627-p60ak2.html","false","You have reached your maximum number of saved items. Remove items from your saved list to add more. The new multibillion-dollar broadcast rights deal could push the salary cap as high as $20 million ..."
"mel","Melbourne Storm","Moses Leo","bucket_unknown","","","","","","","","no_candidate_found","","","","","","",""
"mel","Melbourne Storm","Siulagi Tuimalata-Brown","bucket_unknown","","","","","","","","no_candidate_found","","","","","","",""
"mel","Melbourne Storm","Trent Toelau","bucket_unknown","","","","","","","","no_candidate_found","","","","","","",""
"nzl","New Zealand Warriors","Charnze Nicoll-Klokstad","backup_baseline","","","","","","","","no_candidate_found","","","","","","",""
"nzl","New Zealand Warriors","Dallin Watene-Zelezniak","backup_baseline","1","rnz.co.nz","30","contract_language|term_language|exact_player_name","true","RNZ","Sun, 05 Jul 2026 23:51:00 GMT","player_focused_candidate_needs_article_review","NZ Warriors star Dallin Watene-Zelezniak extends contract through 2028","https://www.rnz.co.nz/news/sport/680770/nz-warriors-star-dallin-watene-zelezniak-extends-contract-through-2028","http://www.bing.com/news/apiclick.aspx?ref=FexRss&aid=&tid=6a52f8e0ba8d48ba852a9fd4d3730ae3&url=https%3a%2f%2fwww.rnz.co.nz%2fnews%2fsport%2f680770%2fnz-warriors-star-dallin-watene-zelezniak-extends-contract-through-2028&c=5937248491066579245&mkt=en-au","","https://www.rnz.co.nz/news/sport/680770/nz-warriors-star-dallin-watene-zelezniak-extends-contract-through-2028","false","NZ Warriors coach Andrew Webster has seen his wish granted, with tryscoring wing Dallin Watene-Zelezniak locked into a contract extension that will see him stay at Mt Smart until the end of 2028."
"nzl","New Zealand Warriors","Dallin Watene-Zelezniak","backup_baseline","2","dailytelegraph.com.au","30","contract_language|exact_player_name","true","The Daily Telegraph","Sun, 21 Jun 2026 06:39:00 GMT","player_focused_candidate_needs_article_review","Dallin Watene-Zelezniak to sign Warriors extension","https://www.dailytelegraph.com.au/sport/nrl/dallin-watenezelezniak-to-sign-warriors-extension/news-story/02106a40d047e5eb76f62519ab0174eb","http://www.bing.com/news/apiclick.aspx?ref=FexRss&aid=&tid=6a52f8e023044080943124aa1fbd226d&url=https%3a%2f%2fwww.dailytelegraph.com.au%2fsport%2fnrl%2fdallin-watenezelezniak-to-sign-warriors-extension%2fnews-story%2f02106a40d047e5eb76f62519ab0174eb&c=17235994623684809865&mkt=en-au","","https://www.dailytelegraph.com.au/sport/nrl/dallin-watenezelezniak-to-sign-warriors-extension/news-story/02106a40d047e5eb76f62519ab0174eb","false","Ahead of Sunday’s clash with the Cowboys in Christchurch, the 30-year-old is preparing to take his career at the Warriors to a seventh season by signing a new 12-month contract. A cult figure among ..."
"nzl","New Zealand Warriors","Rocco Berry","backup_baseline","","","","","","","","no_candidate_found","","","","","","",""
"nzl","New Zealand Warriors","Adam Pompey","backup_baseline","","","","","","","","no_candidate_found","","","","","","",""
"nzl","New Zealand Warriors","Roger Tuivasa-Sheck","backup_baseline","1","dailytelegraph.com.au","27","exact_player_name","true","The Daily Telegraph","Mon, 25 May 2026 17:29:00 GMT","player_focused_candidate_needs_article_review","‘ACL confirmed’: Roger Tuivasa-Sheck’s NRL career is over after devastating knee injury confirmed","https://www.dailytelegraph.com.au/sport/nrl/acl-confirmed-roger-tuivasashecks-nrl-career-is-over-after-devastating-knee-injury-confirmed/news-story/e8a505b13b0c17fcdf6c6c5c43feae90","http://www.bing.com/news/apiclick.aspx?ref=FexRss&aid=&tid=6a52f8f3d1444c308de14e54f1084e33&url=https%3a%2f%2fwww.dailytelegraph.com.au%2fsport%2fnrl%2facl-confirmed-roger-tuivasashecks-nrl-career-is-over-after-devastating-knee-injury-confirmed%2fnews-story%2fe8a505b13b0c17fcdf6c6c5c43feae90&c=9952146680948190053&mkt=en-au","","https://www.dailytelegraph.com.au/sport/nrl/acl-confirmed-roger-tuivasashecks-nrl-career-is-over-after-devastating-knee-injury-confirmed/news-story/e8a505b13b0c17fcdf6c6c5c43feae90","false","Tuivasa-Sheck, 32, will leave the Warriors at the end of the year to join Super League side Wakefield Trinity for the next two seasons. It’s a brutal way for his NRL career to end, with Tuivasa-Sheck ..."
"nzl","New Zealand Warriors","Roger Tuivasa-Sheck","backup_baseline","2","foxsports.com.au","26","exact_player_name","true","Fox Sports","Sun, 24 May 2026 17:00:00 GMT","player_focused_candidate_needs_article_review","BREAKING: Warriors confirm Roger Tuivasa-Sheck ACL fears as legend’s NRL career over","https://www.foxsports.com.au/nrl/nrl-premiership/nrl-2026-fears-roger-tuivasasheck-has-suffered-torn-acl-update-career-over-warriors/news-story/de699aeb7d2bd403090e39849b0e1a0e","http://www.bing.com/news/apiclick.aspx?ref=FexRss&aid=&tid=6a52f8f4503d4bddadda4a96f33cc917&url=https%3a%2f%2fwww.foxsports.com.au%2fnrl%2fnrl-premiership%2fnrl-2026-fears-roger-tuivasasheck-has-suffered-torn-acl-update-career-over-warriors%2fnews-story%2fde699aeb7d2bd403090e39849b0e1a0e&c=4052095171246497534&mkt=en-au","","https://www.foxsports.com.au/nrl/nrl-premiership/nrl-2026-fears-roger-tuivasasheck-has-suffered-torn-acl-update-career-over-warriors/news-story/de699aeb7d2bd403090e39849b0e1a0e","false","WHAT'S GAMBLING REALLY COSTING YOU? Set a deposit limit. For Free and confidential support call 1800 858 858 or visit gamblinghelponline.org.au. “That’s my footy for the year. ACL confirmed. Tough to ..."
"nzl","New Zealand Warriors","Roger Tuivasa-Sheck","backup_baseline","3","au.sports.yahoo.com","24","exact_player_name","true","Yahoo Sport Australia","Sun, 24 May 2026 17:00:00 GMT","player_focused_candidate_needs_article_review","Has Roger Tuivasa-Sheck played his last NRL game?","https://au.sports.yahoo.com/roger-tuivasa-sheck-played-last-011527641.html","http://www.bing.com/news/apiclick.aspx?ref=FexRss&aid=&tid=6a52f8f317a04e0fb8f404ef66496858&url=https%3a%2f%2fau.sports.yahoo.com%2froger-tuivasa-sheck-played-last-011527641.html&c=13881352323387223469&mkt=en-au","","https://au.sports.yahoo.com/roger-tuivasa-sheck-played-last-011527641.html","false","There are major fears Roger Tuivasa-Sheck has played his last game in the NRL following the New Zealand Warriors star hobbling off the field at Kogarah on Saturday night. The New Zealand Warriors went ..."
"nzl","New Zealand Warriors","Roger Tuivasa-Sheck","backup_baseline","4","news.com.au","24","exact_player_name","true","Couriermail","Mon, 25 May 2026 17:56:00 GMT","player_focused_candidate_needs_article_review","‘ACL confirmed’: Roger Tuivasa-Sheck’s NRL career is over after devastating knee injury confirmed","https://www.news.com.au/sport/nrl/acl-confirmed-roger-tuivasashecks-nrl-career-is-over-after-devastating-knee-injury-confirmed/news-story/e8a505b13b0c17fcdf6c6c5c43feae90","http://www.bing.com/news/apiclick.aspx?ref=FexRss&aid=&tid=6a52f8f5f0fa4ea2ab556b5ec99fd14c&url=https%3a%2f%2fwww.news.com.au%2fsport%2fnrl%2facl-confirmed-roger-tuivasashecks-nrl-career-is-over-after-devastating-knee-injury-confirmed%2fnews-story%2fe8a505b13b0c17fcdf6c6c5c43feae90&c=3373906581386087180&mkt=en-au","","https://www.news.com.au/sport/nrl/acl-confirmed-roger-tuivasashecks-nrl-career-is-over-after-devastating-knee-injury-confirmed/news-story/e8a505b13b0c17fcdf6c6c5c43feae90","false","Tuivasa-Sheck, 32, will leave the Warriors at the end of the year to join Super League side Wakefield Trinity for the next two seasons. It’s a brutal way for his NRL career to end, with Tuivasa-Sheck ..."
"nzl","New Zealand Warriors","Luke Metcalf","backup_baseline","1","dailytelegraph.com.au","33","money|contract_language|exact_player_name","true","The Daily Telegraph","Thu, 14 May 2026 11:45:00 GMT","player_focused_candidate_needs_article_review","Luke Metcalf agrees to join St George Illawarra Dragons on three-year deal","https://www.dailytelegraph.com.au/sport/dragons-in-box-seat-to-sign-luke-metcalf-as-canterbury-pulls-out/news-story/40c8d2814940c3fe3ea1ea9da6178d64","http://www.bing.com/news/apiclick.aspx?ref=FexRss&aid=&tid=6a52f8f9a1be404c8edabeb4feca31f3&url=https%3a%2f%2fwww.dailytelegraph.com.au%2fsport%2fdragons-in-box-seat-to-sign-luke-metcalf-as-canterbury-pulls-out%2fnews-story%2f40c8d2814940c3fe3ea1ea9da6178d64&c=11670707013364410153&mkt=en-au","","https://www.dailytelegraph.com.au/sport/dragons-in-box-seat-to-sign-luke-metcalf-as-canterbury-pulls-out/news-story/40c8d2814940c3fe3ea1ea9da6178d64","false","It is understood Metcalf has agreed to a three-year contract worth about $900,000 a season as the Dragons look to fast-trick their rise from the bottom of the premiership ladder. Metcalf flew to ..."
"nzl","New Zealand Warriors","Luke Metcalf","backup_baseline","2","foxsports.com.au","29","money|exact_player_name","true","Fox Sports","Thu, 14 May 2026 12:22:00 GMT","player_focused_candidate_needs_article_review","Dragons confirm ‘significant’ $2.7m coup as Luke Metcalf signs on","https://www.foxsports.com.au/nrl/nrl-premiership/nrl-2026-luke-metcalf-signs-threeyear-deal-with-dragons-contract-details-pay-warriors/news-story/5221c4895130a16c0378b74f3833af16","http://www.bing.com/news/apiclick.aspx?ref=FexRss&aid=&tid=6a52f8fac1ae44e983697f66de2dd1f4&url=https%3a%2f%2fwww.foxsports.com.au%2fnrl%2fnrl-premiership%2fnrl-2026-luke-metcalf-signs-threeyear-deal-with-dragons-contract-details-pay-warriors%2fnews-story%2f5221c4895130a16c0378b74f3833af16&c=2884002284817958748&mkt=en-au","","https://www.foxsports.com.au/nrl/nrl-premiership/nrl-2026-luke-metcalf-signs-threeyear-deal-with-dragons-contract-details-pay-warriors/news-story/5221c4895130a16c0378b74f3833af16","false","WHAT'S GAMBLING REALLY COSTING YOU? Set a deposit limit. For Free and confidential support call 1800 858 858 or visit gamblinghelponline.org.au. Metcalf had been given permission by the Warriors to ..."
"nzl","New Zealand Warriors","Luke Metcalf","backup_baseline","3","couriermail.com.au","27","contract_language|exact_player_name","true","The Courier-Mail","Thu, 14 May 2026 11:45:00 GMT","player_focused_candidate_needs_article_review","Luke Metcalf agrees to join St George Illawarra Dragons on three-year deal","https://www.couriermail.com.au/sport/dragons-in-box-seat-to-sign-luke-metcalf-as-canterbury-pulls-out/news-story/40c8d2814940c3fe3ea1ea9da6178d64","http://www.bing.com/news/apiclick.aspx?ref=FexRss&aid=&tid=6a52f8f9a1be404c8edabeb4feca31f3&url=https%3a%2f%2fwww.couriermail.com.au%2fsport%2fdragons-in-box-seat-to-sign-luke-metcalf-as-canterbury-pulls-out%2fnews-story%2f40c8d2814940c3fe3ea1ea9da6178d64&c=1829303065393215810&mkt=en-au","","https://www.couriermail.com.au/sport/dragons-in-box-seat-to-sign-luke-metcalf-as-canterbury-pulls-out/news-story/40c8d2814940c3fe3ea1ea9da6178d64","false","St George Illawarra are set to secure their second key spine member in as many months with star Warriors playmaker Luke Metcalf agreeing to a long-term deal. It is understood Metcalf has agreed to a ..."
"nzl","New Zealand Warriors","Luke Metcalf","backup_baseline","4","au.sports.yahoo.com","24","exact_player_name","true","Yahoo Sport Australia","Mon, 11 May 2026 17:00:00 GMT","player_focused_candidate_needs_article_review","FIVE potential landing spots for Luke Metcalf","https://au.sports.yahoo.com/five-potential-landing-spots-luke-205612259.html","http://www.bing.com/news/apiclick.aspx?ref=FexRss&aid=&tid=6a52f8f82f6949deb932496a43548735&url=https%3a%2f%2fau.sports.yahoo.com%2ffive-potential-landing-spots-luke-205612259.html&c=15946213840398262469&mkt=en-au","","https://au.sports.yahoo.com/five-potential-landing-spots-luke-205612259.html","false","The Luke Metcalf saga at the New Zealand Warriors has taken a significant turn. Once earmarked as the long-term successor to Shaun Johnson, the 27-year-old now finds himself in an awkward position."
"nzl","New Zealand Warriors","Luke Metcalf","backup_baseline","5","couriermail.com.au","24","exact_player_name","true","The Courier-Mail","Mon, 11 May 2026 20:44:00 GMT","player_focused_candidate_needs_article_review","New Zealand Warriors’ frosty response as Luke Metcalf seeks exit","https://www.couriermail.com.au/sport/nrl/nrl-bombshell-as-new-zealand-warriors-star-luke-metcalf-seeks-exit/news-story/1bb2726ed79d4409d38ee52948572b89","http://www.bing.com/news/apiclick.aspx?ref=FexRss&aid=&tid=6a52f8f82f6949deb932496a43548735&url=https%3a%2f%2fwww.couriermail.com.au%2fsport%2fnrl%2fnrl-bombshell-as-new-zealand-warriors-star-luke-metcalf-seeks-exit%2fnews-story%2f1bb2726ed79d4409d38ee52948572b89&c=13972171412231902576&mkt=en-au","","https://www.couriermail.com.au/sport/nrl/nrl-bombshell-as-new-zealand-warriors-star-luke-metcalf-seeks-exit/news-story/1bb2726ed79d4409d38ee52948572b89","false","Watch every game of every round of the Premiership Season LIVE with no ad-breaks during play on FOX LEAGUE, available on Kayo Sports | New to Kayo? Join now and get your first month for just $1. “The ..."
"nzl","New Zealand Warriors","Luke Metcalf","backup_baseline","6","goldcoastbulletin.com.au","24","exact_player_name","true","Gold Coast Sun","Tue, 12 May 2026 09:53:00 GMT","player_focused_candidate_needs_article_review","Luke Metcalf appears destined for Warriors exit after major call following Tanah Boyd re-signing","https://www.goldcoastbulletin.com.au/sport/nrl/teams/warriors/tanah-boyd-commits-to-warriors-as-huge-new-deal-sparks-casts-doubt-on-luke-metcalfs-future/news-story/1d202d4ff6daf3c98ca9910632897286","http://www.bing.com/news/apiclick.aspx?ref=FexRss&aid=&tid=6a52f8f82f6949deb932496a43548735&url=https%3a%2f%2fwww.goldcoastbulletin.com.au%2fsport%2fnrl%2fteams%2fwarriors%2ftanah-boyd-commits-to-warriors-as-huge-new-deal-sparks-casts-doubt-on-luke-metcalfs-future%2fnews-story%2f1d202d4ff6daf3c98ca9910632897286&c=17337900506667485200&mkt=en-au","","https://www.goldcoastbulletin.com.au/sport/nrl/teams/warriors/tanah-boyd-commits-to-warriors-as-huge-new-deal-sparks-casts-doubt-on-luke-metcalfs-future/news-story/1d202d4ff6daf3c98ca9910632897286","false","Metcalf was been sensationally left out of the Warriors’ entire 22-man squad for Sunday’s NRL Magic Round clash with premiers Brisbane while he considers his future beyond this season. Warriors chief ..."
"nzl","New Zealand Warriors","Tanah Boyd","backup_baseline","1","news.com.au","27","contract_language|exact_player_name","true","Couriermail","Fri, 22 May 2026 07:02:00 GMT","player_focused_candidate_needs_article_review","Injured halfback Tanah Boyd locked in to Warriors on new deal","https://www.news.com.au/sport/nrl/injured-halfback-tanah-boyd-locked-in-to-warriors-on-new-deal/news-story/57c2f12bef44f9eb9eacbd3406c35dd0","http://www.bing.com/news/apiclick.aspx?ref=FexRss&aid=&tid=6a52f8fe9b9c4902962ec7e1ab250559&url=https%3a%2f%2fwww.news.com.au%2fsport%2fnrl%2finjured-halfback-tanah-boyd-locked-in-to-warriors-on-new-deal%2fnews-story%2f57c2f12bef44f9eb9eacbd3406c35dd0&c=10370985828625332622&mkt=en-au","","https://www.news.com.au/sport/nrl/injured-halfback-tanah-boyd-locked-in-to-warriors-on-new-deal/news-story/57c2f12bef44f9eb9eacbd3406c35dd0","false","The three-year contract extension will keep the 25-year-old at the Warriors until the end of the 2029 NRL season. Boyd ruptured the anterior cruciate ligament (ACL) in his right knee in the opening ..."
"nzl","New Zealand Warriors","Tanah Boyd","backup_baseline","2","goldcoastbulletin.com.au","24","exact_player_name","true","Gold Coast Sun","Tue, 12 May 2026 09:53:00 GMT","player_focused_candidate_needs_article_review","Luke Metcalf appears destined for Warriors exit after major call following Tanah Boyd re-signing","https://www.goldcoastbulletin.com.au/sport/nrl/teams/warriors/tanah-boyd-commits-to-warriors-as-huge-new-deal-sparks-casts-doubt-on-luke-metcalfs-future/news-story/1d202d4ff6daf3c98ca9910632897286","http://www.bing.com/news/apiclick.aspx?ref=FexRss&aid=&tid=6a52f8fe9b9c4902962ec7e1ab250559&url=https%3a%2f%2fwww.goldcoastbulletin.com.au%2fsport%2fnrl%2fteams%2fwarriors%2ftanah-boyd-commits-to-warriors-as-huge-new-deal-sparks-casts-doubt-on-luke-metcalfs-future%2fnews-story%2f1d202d4ff6daf3c98ca9910632897286&c=17337900506667485200&mkt=en-au","","https://www.goldcoastbulletin.com.au/sport/nrl/teams/warriors/tanah-boyd-commits-to-warriors-as-huge-new-deal-sparks-casts-doubt-on-luke-metcalfs-future/news-story/1d202d4ff6daf3c98ca9910632897286","false","Metcalf was been sensationally left out of the Warriors’ entire 22-man squad for Sunday’s NRL Magic Round clash with premiers Brisbane while he considers his future beyond this season. Warriors chief ..."
"nzl","New Zealand Warriors","James Fisher-Harris","backup_baseline","1","au.sports.yahoo.com","4","contract_language|context_or_team_article","false","Yahoo Sport Australia","Thu, 07 May 2026 17:00:00 GMT","team_or_context_candidate_needs_article_review","The SEVEN current best value for money contracts in the NRL","https://au.sports.yahoo.com/seven-current-best-value-money-214941645.html","http://www.bing.com/news/apiclick.aspx?ref=FexRss&aid=&tid=6a52f9081a3f4ad69e4ee6d73c075b21&url=https%3a%2f%2fau.sports.yahoo.com%2fseven-current-best-value-money-214941645.html&c=14537114608194793438&mkt=en-au","","https://au.sports.yahoo.com/seven-current-best-value-money-214941645.html","false","The beauty of the salary cap is that it is supposed to level the playing field for all NRL teams. There is enough space for stars, but not multiple, meaning rosters need to be carefully crafted so ..."
"nzl","New Zealand Warriors","Wayde Egan","backup_baseline","","","","","","","","no_candidate_found","","","","","","",""
"nzl","New Zealand Warriors","Jackson Ford","backup_baseline","","","","","","","","no_candidate_found","","","","","","",""
"nzl","New Zealand Warriors","Kurt Capewell","backup_baseline","1","rnz.co.nz","27","contract_language|exact_player_name","true","RNZ","Tue, 07 Jul 2026 20:03:00 GMT","player_focused_candidate_needs_article_review","Warriors turn attention to retaining Origin star Kurt Capewell","https://www.rnz.co.nz/news/sport/686527/warriors-turn-attention-to-retaining-origin-star-kurt-capewell","http://www.bing.com/news/apiclick.aspx?ref=FexRss&aid=&tid=6a52f919d3534039bb919e2f62d43739&url=https%3a%2f%2fwww.rnz.co.nz%2fnews%2fsport%2f686527%2fwarriors-turn-attention-to-retaining-origin-star-kurt-capewell&c=7348085527835070549&mkt=en-au","","https://www.rnz.co.nz/news/sport/686527/warriors-turn-attention-to-retaining-origin-star-kurt-capewell","false","NZ Warriors coach Andrew Webster seems quietly confident of retaining Origin star Kurt Capewell beyond the end of his contract this season. The Auckland-based NRL club has already had a great week on ..."
"nzl","New Zealand Warriors","Leka Halasima","backup_baseline","","","","","","","","no_candidate_found","","","","","","",""
"nzl","New Zealand Warriors","Mitch Barnett","backup_baseline","","","","","","","","no_candidate_found","","","","","","",""
"nzl","New Zealand Warriors","Chanel Tevita-Harris","backup_baseline","1","dailytelegraph.com.au","10","money|contract_language|context_or_team_article","false","The Daily Telegraph","Tue, 23 Jun 2026 12:12:00 GMT","team_or_context_candidate_needs_article_review","NRL to grant Perth Bears $500k salary cap concessions in landmark third-party arrangement","https://www.dailytelegraph.com.au/sport/nrl/nrl-to-grant-perth-bears-500k-salary-cap-concessions-in-landmark-thirdparty-arrangement/news-story/0c5c097536d723f0d0cb46c86fd051ff","http://www.bing.com/news/apiclick.aspx?ref=FexRss&aid=&tid=6a52f92bccfa414489b9abd7e5dfe8e9&url=https%3a%2f%2fwww.dailytelegraph.com.au%2fsport%2fnrl%2fnrl-to-grant-perth-bears-500k-salary-cap-concessions-in-landmark-thirdparty-arrangement%2fnews-story%2f0c5c097536d723f0d0cb46c86fd051ff&c=13072428604770190172&mkt=en-au","","https://www.dailytelegraph.com.au/sport/nrl/nrl-to-grant-perth-bears-500k-salary-cap-concessions-in-landmark-thirdparty-arrangement/news-story/0c5c097536d723f0d0cb46c86fd051ff","false","In a historic development for the NRL’s 18th club, this masthead has been told Perth will receive a special marquee player privilege where existing club sponsors can top-up a player’s contract by 20 ..."
"nzl","New Zealand Warriors","Chanel Tevita-Harris","backup_baseline","2","au.sports.yahoo.com","7","money|contract_language|context_or_team_article","false","Yahoo Sport Australia","Tue, 23 Jun 2026 17:00:00 GMT","team_or_context_candidate_needs_article_review","Perth Bears receive salary cap boost from NRL","https://au.sports.yahoo.com/perth-bears-receive-salary-cap-025110246.html","http://www.bing.com/news/apiclick.aspx?ref=FexRss&aid=&tid=6a52f92e99f44a2cbdf8110e9c20658d&url=https%3a%2f%2fau.sports.yahoo.com%2fperth-bears-receive-salary-cap-025110246.html&c=545008729362569136&mkt=en-au","","https://au.sports.yahoo.com/perth-bears-receive-salary-cap-025110246.html","false","The NRL has granted the Perth Bears up to $500,000 worth of salary cap concessions to compete in the fight against PNG Chiefs. The latest NRL expansion club with receive compensation from the NRL to ..."
"nzl","New Zealand Warriors","Erin Clark","backup_baseline","","","","","","","","no_candidate_found","","","","","","",""
