"teamId","teamName","player","currentEvidenceRole","candidateRank","candidateDomain","candidateScore","candidateSignals","exactPlayerName","sourceName","publishedAt","reviewStatus","title","url","bingNewsUrl","googleNewsUrl","originalUrl","needsOriginalUrlResolution","snippet"
"nzl","New Zealand Warriors","Morgan Gannon","backup_baseline","1","dailytelegraph.com.au","30","contract_language|exact_player_name","true","The Daily Telegraph","Thu, 11 Jun 2026 12:27:00 GMT","player_focused_candidate_needs_article_review","Warriors grant Morgan Gannon early release with international gun returning to UK","https://www.dailytelegraph.com.au/sport/nrl/warriors-grant-morgan-gannon-early-release-with-international-gun-returning-to-uk/news-story/330a6affb7e5a6f8f44363de2963c52e","http://www.bing.com/news/apiclick.aspx?ref=FexRss&aid=&tid=6a52f6162fa84b59ac984b37aa4ad03b&url=https%3a%2f%2fwww.dailytelegraph.com.au%2fsport%2fnrl%2fwarriors-grant-morgan-gannon-early-release-with-international-gun-returning-to-uk%2fnews-story%2f330a6affb7e5a6f8f44363de2963c52e&c=12610108311358603531&mkt=en-au","","https://www.dailytelegraph.com.au/sport/nrl/warriors-grant-morgan-gannon-early-release-with-international-gun-returning-to-uk/news-story/330a6affb7e5a6f8f44363de2963c52e","false","The Warriors have granted Gannon the unfortunate release despite holding high hopes for the powerful back rower. Gannon’s release will free-up significant salary cap space for the Warriors, who also ..."
"nzl","New Zealand Warriors","Morgan Gannon","backup_baseline","2","themercury.com.au","27","contract_language|exact_player_name","true","The Mercury","Thu, 11 Jun 2026 12:27:00 GMT","player_focused_candidate_needs_article_review","Warriors grant Morgan Gannon early release with international gun returning to UK","https://www.themercury.com.au/sport/nrl/warriors-grant-morgan-gannon-early-release-with-international-gun-returning-to-uk/news-story/330a6affb7e5a6f8f44363de2963c52e","http://www.bing.com/news/apiclick.aspx?ref=FexRss&aid=&tid=6a52f61563804c6281a71290da8b6064&url=https%3a%2f%2fwww.themercury.com.au%2fsport%2fnrl%2fwarriors-grant-morgan-gannon-early-release-with-international-gun-returning-to-uk%2fnews-story%2f330a6affb7e5a6f8f44363de2963c52e&c=11756558773802236727&mkt=en-au","","https://www.themercury.com.au/sport/nrl/warriors-grant-morgan-gannon-early-release-with-international-gun-returning-to-uk/news-story/330a6affb7e5a6f8f44363de2963c52e","false","The Warriors have granted Gannon the unfortunate release despite holding high hopes for the powerful back rower. Gannon’s release will free-up significant salary cap space for the Warriors, who also ..."
"nzl","New Zealand Warriors","Morgan Gannon","backup_baseline","3","ntnews.com.au","27","contract_language|exact_player_name","true","Northern Territory News","Thu, 11 Jun 2026 12:27:00 GMT","player_focused_candidate_needs_article_review","Warriors grant Morgan Gannon early release with international gun returning to UK","https://www.ntnews.com.au/sport/nrl/warriors-grant-morgan-gannon-early-release-with-international-gun-returning-to-uk/news-story/330a6affb7e5a6f8f44363de2963c52e","http://www.bing.com/news/apiclick.aspx?ref=FexRss&aid=&tid=6a52f61563804c6281a71290da8b6064&url=https%3a%2f%2fwww.ntnews.com.au%2fsport%2fnrl%2fwarriors-grant-morgan-gannon-early-release-with-international-gun-returning-to-uk%2fnews-story%2f330a6affb7e5a6f8f44363de2963c52e&c=5524561254467130060&mkt=en-au","","https://www.ntnews.com.au/sport/nrl/warriors-grant-morgan-gannon-early-release-with-international-gun-returning-to-uk/news-story/330a6affb7e5a6f8f44363de2963c52e","false","English forward Morgan Gannon will depart the Warriors at the end of this season just 12-months into a three-year deal due to personal reasons. The Warriors have granted Gannon the unfortunate release ..."
"nzl","New Zealand Warriors","Marata Niukore","backup_baseline","","","","","","","","no_candidate_found","","","","","","",""
"nzl","New Zealand Warriors","Jacob Laban","bucket_unknown","","","","","","","","no_candidate_found","","","","","","",""
"nzl","New Zealand Warriors","Alofiana Khan-Pereira","bucket_unknown","","","","","","","","no_candidate_found","","","","","","",""
"nzl","New Zealand Warriors","Ali Leiataua","bucket_unknown","","","","","","","","no_candidate_found","","","","","","",""
"nzl","New Zealand Warriors","Demitric Vaimauga","bucket_unknown","","","","","","","","no_candidate_found","","","","","","",""
"nzl","New Zealand Warriors","Eddie Ieremia-Toeava","bucket_unknown","","","","","","","","no_candidate_found","","","","","","",""
"nzl","New Zealand Warriors","Haizyn Mellars","bucket_unknown","","","","","","","","no_candidate_found","","","","","","",""
"nzl","New Zealand Warriors","Jye Linnane","bucket_unknown","","","","","","","","no_candidate_found","","","","","","",""
"nzl","New Zealand Warriors","Kayliss Fatialofa","bucket_unknown","","","","","","","","no_candidate_found","","","","","","",""
"nzl","New Zealand Warriors","Sam Healey","bucket_unknown","","","","","","","","no_candidate_found","","","","","","",""
"nzl","New Zealand Warriors","Taine Tuaupiki","bucket_unknown","","","","","","","","no_candidate_found","","","","","","",""
"nzl","New Zealand Warriors","Tanner Stowers-Smith","bucket_unknown","","","","","","","","no_candidate_found","","","","","","",""
"nzl","New Zealand Warriors","Te Maire Martin","bucket_unknown","1","dailytelegraph.com.au","26","contract_language|exact_player_name","true","Daily Telegraph","Sun, 05 Jul 2026 14:22:00 GMT","player_focused_candidate_needs_article_review","Warriors reward veteran half with contract extension; Dragons star Luciano Leilua quits NRL","https://www.dailytelegraph.com.au/sport/nrl/luciano-leilua-quits-nrl-as-dragons-massive-roster-overhaul-continues/news-story/de58edb5ea1fac9f5d36c141faa5bc96","http://www.bing.com/news/apiclick.aspx?ref=FexRss&aid=&tid=6a52f66f230e4c7491d0e16bf8b48e1a&url=https%3a%2f%2fwww.dailytelegraph.com.au%2fsport%2fnrl%2fluciano-leilua-quits-nrl-as-dragons-massive-roster-overhaul-continues%2fnews-story%2fde58edb5ea1fac9f5d36c141faa5bc96&c=1380448075555349708&mkt=en-au","","https://www.dailytelegraph.com.au/sport/nrl/luciano-leilua-quits-nrl-as-dragons-massive-roster-overhaul-continues/news-story/de58edb5ea1fac9f5d36c141faa5bc96","false","The Warriors have rewarded halfback Te Maire Martin for sustaining the club’s march to the finals despite injury adversity in their halves."
"nzl","New Zealand Warriors","Te Maire Martin","bucket_unknown","2","rnz.co.nz","24","exact_player_name","true","RNZ","Thu, 09 Jul 2026 13:08:00 GMT","player_focused_candidate_needs_article_review","Simple pleasures keep veteran halfback Te Maire Martin at NZ Warriors","https://www.rnz.co.nz/news/sport/695844/simple-pleasures-keep-veteran-halfback-te-maire-martin-at-nz-warriors","http://www.bing.com/news/apiclick.aspx?ref=FexRss&aid=&tid=6a52f66f003243b78187a06571fcadd1&url=https%3a%2f%2fwww.rnz.co.nz%2fnews%2fsport%2f695844%2fsimple-pleasures-keep-veteran-halfback-te-maire-martin-at-nz-warriors&c=3176127516214820791&mkt=en-au","","https://www.rnz.co.nz/news/sport/695844/simple-pleasures-keep-veteran-halfback-te-maire-martin-at-nz-warriors","false","Te Maire Martin's decision to extend his stay with NZ Warriors may have come down to a couple of basic life essentials - his life anyway. Hunting and fishing. On Monday, the veteran half completed a ..."
"nzl","New Zealand Warriors","Te Maire Martin","bucket_unknown","3","au.sports.yahoo.com","23","contract_language|exact_player_name","true","Yahoo Sports Australia","Mon, 06 Jul 2026 02:15:00 GMT","player_focused_candidate_needs_article_review","Another one: Warriors land second contract extension on busy Monday","https://au.sports.yahoo.com/another-one-warriors-land-second-091558345.html","http://www.bing.com/news/apiclick.aspx?ref=FexRss&aid=&tid=6a52f66f003243b78187a06571fcadd1&url=https%3a%2f%2fau.sports.yahoo.com%2fanother-one-warriors-land-second-091558345.html&c=9347520356889272592&mkt=en-au","","https://au.sports.yahoo.com/another-one-warriors-land-second-091558345.html","false","The New Zealand Warriors have confirmed Te Maire Martin will spend another season with the club, extending his contract through to the end of the 2027 NRL season. The half has been in fine form for ..."
"nzl","New Zealand Warriors","Te Maire Martin","bucket_unknown","4","au.sports.yahoo.com","7","money|contract_language|context_or_team_article","false","Yahoo Sports Australia","Tue, 23 Jun 2026 19:51:00 GMT","team_or_context_candidate_needs_article_review","Perth Bears receive salary cap boost from NRL","https://au.sports.yahoo.com/perth-bears-receive-salary-cap-025110246.html","http://www.bing.com/news/apiclick.aspx?ref=FexRss&aid=&tid=6a52f6734783478f8100c4bb2d5d5adf&url=https%3a%2f%2fau.sports.yahoo.com%2fperth-bears-receive-salary-cap-025110246.html&c=545008729362569136&mkt=en-au","","https://au.sports.yahoo.com/perth-bears-receive-salary-cap-025110246.html","false","The NRL has granted the Perth Bears up to $500,000 worth of salary cap concessions to compete in the fight against PNG Chiefs. The latest NRL expansion club with receive compensation from the NRL to ..."
"new","Newcastle Knights","Kalyn Ponga","backup_baseline","1","ntnews.com.au","30","money|contract_language|exact_player_name","true","Northern Territory News","Wed, 14 Aug 2019 13:13:00 GMT","player_focused_candidate_needs_article_review","Should Newcastle Knights pay $1 million a season to keep Kalyn Ponga?","https://www.ntnews.com.au/sport/should-newcastle-knights-pay-1-million-a-season-to-keep-kalyn-ponga/news-story/58dd75bd170767c20b0454cdc885d28a","http://www.bing.com/news/apiclick.aspx?ref=FexRss&aid=&tid=6a52f675da354551b9763865dbf515d1&url=https%3a%2f%2fwww.ntnews.com.au%2fsport%2fshould-newcastle-knights-pay-1-million-a-season-to-keep-kalyn-ponga%2fnews-story%2f58dd75bd170767c20b0454cdc885d28a&c=6184965921622689412&mkt=en-au","","https://www.ntnews.com.au/sport/should-newcastle-knights-pay-1-million-a-season-to-keep-kalyn-ponga/news-story/58dd75bd170767c20b0454cdc885d28a","false","Newcastle Knights star Kalyn Ponga burst on to the rugby league scene like a one-in-a-million player — but is the 21-year-old worth $1 million a season? LEAGUE CENTRAL went to the heart and soul of ..."
"new","Newcastle Knights","Kalyn Ponga","backup_baseline","2","goldcoastbulletin.com.au","27","contract_language|exact_player_name","true","Gold Coast Sun","Thu, 11 Jun 2026 21:07:00 GMT","player_focused_candidate_needs_article_review","Monday Bunker: Kalyn Ponga is not worth one million per season","https://www.goldcoastbulletin.com.au/sport/monday-bunker-kalyn-ponga-is-not-worth-one-million-per-season/news-story/3f55d657ad633a2dad677c0cd7ba94ce","http://www.bing.com/news/apiclick.aspx?ref=FexRss&aid=&tid=6a52f675da354551b9763865dbf515d1&url=https%3a%2f%2fwww.goldcoastbulletin.com.au%2fsport%2fmonday-bunker-kalyn-ponga-is-not-worth-one-million-per-season%2fnews-story%2f3f55d657ad633a2dad677c0cd7ba94ce&c=4770051617979174470&mkt=en-au","","https://www.goldcoastbulletin.com.au/sport/monday-bunker-kalyn-ponga-is-not-worth-one-million-per-season/news-story/3f55d657ad633a2dad677c0cd7ba94ce","false","Our Monday Bunker crew were in agreement that Kalyn Ponga isn’t worth his six million dollar asking price, with one panel member believing he isn’t even in the game’s elite category. HAVE YOUR SAY The ..."
"new","Newcastle Knights","Kalyn Ponga","backup_baseline","3","au.sports.yahoo.com","24","exact_player_name","true","Yahoo Sport Australia","Sun, 15 Sep 2024 17:00:00 GMT","player_focused_candidate_needs_article_review","Billy Slater calls out Kalyn Ponga 'issue' as Newcastle Knights face massive roster overhaul","https://au.sports.yahoo.com/billy-slater-calls-out-kalyn-ponga-issue-as-newcastle-knights-face-massive-roster-overhaul-223832234.html","http://www.bing.com/news/apiclick.aspx?ref=FexRss&aid=&tid=6a52f676cbcc400a8cccb284d9bd944a&url=https%3a%2f%2fau.sports.yahoo.com%2fbilly-slater-calls-out-kalyn-ponga-issue-as-newcastle-knights-face-massive-roster-overhaul-223832234.html&c=11692919851726709612&mkt=en-au","","https://au.sports.yahoo.com/billy-slater-calls-out-kalyn-ponga-issue-as-newcastle-knights-face-massive-roster-overhaul-223832234.html","false","Newcastle are facing a huge dilemma in the off-season with legendary fullback Billy Slater questioning whether the Knights can go to the next level without supporter for Kalyn Ponga as the club's ..."
"new","Newcastle Knights","Kalyn Ponga","backup_baseline","4","thechronicle.com.au","23","contract_language|exact_player_name","true","The Toowoomba Chronicle","Mon, 13 May 2024 14:55:00 GMT","context_only_untrusted_domain","Kalyn Ponga third-party deal being investigated by NRL","https://www.thechronicle.com.au/sport/nrl/kalyn-ponga-thirdparty-deal-being-investigated-by-nrl/news-story/52db5f6c59bcb6778a0d9bc6da0ce9c9","http://www.bing.com/news/apiclick.aspx?ref=FexRss&aid=&tid=6a52f675da354551b9763865dbf515d1&url=https%3a%2f%2fwww.thechronicle.com.au%2fsport%2fnrl%2fkalyn-ponga-thirdparty-deal-being-investigated-by-nrl%2fnews-story%2f52db5f6c59bcb6778a0d9bc6da0ce9c9&c=11487341097454994516&mkt=en-au","","https://www.thechronicle.com.au/sport/nrl/kalyn-ponga-thirdparty-deal-being-investigated-by-nrl/news-story/52db5f6c59bcb6778a0d9bc6da0ce9c9","false","The NRL is investigating a potential breach of the salary cap over a third-party deal involving Newcastle superstar Kalyn Ponga. “The NRL is aware of the matter and is reviewing it,” the league told ..."
"new","Newcastle Knights","Kalyn Ponga","backup_baseline","5","msn.com","3","money|contract_language|context_or_team_article","false","Man of Many on MSN","Tue, 30 Jun 2026 15:06:27 GMT","context_only_untrusted_domain","10 highest paid NRL players for 2026","https://www.msn.com/en-au/sport/rugby_league/10-highest-paid-nrl-players-for-2026/ar-AA2719cA","http://www.bing.com/news/apiclick.aspx?ref=FexRss&aid=&tid=6a52f677d4f644bcb0b453f34f06a258&url=https%3a%2f%2fwww.msn.com%2fen-au%2fsport%2frugby_league%2f10-highest-paid-nrl-players-for-2026%2far-AA2719cA&c=3173818839366038056&mkt=en-au","","https://www.msn.com/en-au/sport/rugby_league/10-highest-paid-nrl-players-for-2026/ar-AA2719cA","false","Driven by expanding club salary caps, rugby league’s elite stars are securing record-shattering paydays for the 2026 NRL season. Led by Dylan Brown’s historic $13 million move, this list looks at the ..."
"new","Newcastle Knights","Dominic Young","backup_baseline","1","dailytelegraph.com.au","30","contract_language|exact_player_name","true","The Daily Telegraph","Mon, 12 Dec 2022 03:52:00 GMT","player_focused_candidate_needs_article_review","NRL News: Biggest off-contract stars ahead of 2024, Dominic Young, Mitchell Moses, Dylan Brown","https://www.dailytelegraph.com.au/sport/nrl/nrl-news-nine-clubs-chasing-huddersfield-young-gun/news-story/23444ad1813dbf9d1e120131bb9c727e","http://www.bing.com/news/apiclick.aspx?ref=FexRss&aid=&tid=6a52f67c767c4fec8d7f4168b9d562bd&url=https%3a%2f%2fwww.dailytelegraph.com.au%2fsport%2fnrl%2fnrl-news-nine-clubs-chasing-huddersfield-young-gun%2fnews-story%2f23444ad1813dbf9d1e120131bb9c727e&c=459499442747899399&mkt=en-au","","https://www.dailytelegraph.com.au/sport/nrl/nrl-news-nine-clubs-chasing-huddersfield-young-gun/news-story/23444ad1813dbf9d1e120131bb9c727e","false","Dominic Young, the strapping Knights flyer from Huddersfield with Jamaican genes and a penchant for scoring tries, leads a star-studded list of players still for sale with each of their contract calls ..."
"new","Newcastle Knights","Dane Gagai","backup_baseline","1","adelaidenow.com.au","24","exact_player_name","true","Adelaide Now","Fri, 05 Jun 2026 08:43:00 GMT","player_focused_candidate_needs_article_review","Frustrated by James Roberts’ arrival, Dane Gagai could quit South Sydney","https://www.adelaidenow.com.au/sport/nrl/teams/rabbitohs/frustrated-by-james-roberts-arrival-dane-gagai-could-quit-south-sydney/news-story/8bcc94ae8fae19a81fd9d9aeefdc295c","http://www.bing.com/news/apiclick.aspx?ref=FexRss&aid=&tid=6a52f681adc34fb58d7794c5ae6ab46e&url=https%3a%2f%2fwww.adelaidenow.com.au%2fsport%2fnrl%2fteams%2frabbitohs%2ffrustrated-by-james-roberts-arrival-dane-gagai-could-quit-south-sydney%2fnews-story%2f8bcc94ae8fae19a81fd9d9aeefdc295c&c=1699443973026602575&mkt=en-au","","https://www.adelaidenow.com.au/sport/nrl/teams/rabbitohs/frustrated-by-james-roberts-arrival-dane-gagai-could-quit-south-sydney/news-story/8bcc94ae8fae19a81fd9d9aeefdc295c","false","With James Roberts’ arrival from Brisbane meaning a shift from centre to the wing, Dane Gagai could leave South Sydney for an NRL rival that will play him in his preferred position. The Daily ..."
"new","Newcastle Knights","Dane Gagai","backup_baseline","2","thechronicle.com.au","4","money|contract_language|context_or_team_article","false","The Toowoomba Chronicle","Thu, 25 Jun 2026 10:07:00 GMT","context_only_untrusted_domain","Unwanted star’s NRL switch locked in as deal details revealed with Origin hero to make way","https://www.thechronicle.com.au/sport/nrl/unwanted-stars-nrl-switch-locked-in-as-deal-details-revealed-with-origin-hero-to-make-way/news-story/3114a4ae05a62f231960d880f6d9f878","http://www.bing.com/news/apiclick.aspx?ref=FexRss&aid=&tid=6a52f681d2454c338fefb1045d69f931&url=https%3a%2f%2fwww.thechronicle.com.au%2fsport%2fnrl%2funwanted-stars-nrl-switch-locked-in-as-deal-details-revealed-with-origin-hero-to-make-way%2fnews-story%2f3114a4ae05a62f231960d880f6d9f878&c=7750184571547343428&mkt=en-au","","https://www.thechronicle.com.au/sport/nrl/unwanted-stars-nrl-switch-locked-in-as-deal-details-revealed-with-origin-hero-to-make-way/news-story/3114a4ae05a62f231960d880f6d9f878","false","The former Bronco returns to the club from next season with Peter Badel from Code Sports reporting the contract is worth in excess of $250,000. Gagai completed a medical with the Broncos on Tuesday ..."
"new","Newcastle Knights","Dane Gagai","backup_baseline","3","msn.com","0","contract_language|context_or_team_article","false","Yahoo News Australia on MSN","Mon, 22 Jun 2026 16:46:04 GMT","context_only_untrusted_domain","NRL fans divided after Broncos re-sign veteran and linked with former State of Origin player","https://www.msn.com/en-au/sport/rugby_league/nrl-fans-divided-after-broncos-re-sign-veteran-and-linked-with-former-state-of-origin-player/ar-AA26iqtV","http://www.bing.com/news/apiclick.aspx?ref=FexRss&aid=&tid=6a52f681d2454c338fefb1045d69f931&url=https%3a%2f%2fwww.msn.com%2fen-au%2fsport%2frugby_league%2fnrl-fans-divided-after-broncos-re-sign-veteran-and-linked-with-former-state-of-origin-player%2far-AA26iqtV&c=14074900579225327294&mkt=en-au","","https://www.msn.com/en-au/sport/rugby_league/nrl-fans-divided-after-broncos-re-sign-veteran-and-linked-with-former-state-of-origin-player/ar-AA26iqtV","false","Brisbane Broncos fans have been left surprised after the announcement they have re-signed veteran Ben Hunt on a one-year extension as the club juggles their salary cap. This also comes after the ..."
"new","Newcastle Knights","Bradman Best","backup_baseline","1","au.sports.yahoo.com","27","contract_language|exact_player_name","true","Yahoo Sport Australia","Wed, 24 Jun 2026 17:00:00 GMT","player_focused_candidate_needs_article_review","Bradman Best contract talks intensify at Newcastle Knights","https://au.sports.yahoo.com/bradman-best-contract-talks-intensify-010344667.html","http://www.bing.com/news/apiclick.aspx?ref=FexRss&aid=&tid=6a52f687bae84b399b47663e0c3730e5&url=https%3a%2f%2fau.sports.yahoo.com%2fbradman-best-contract-talks-intensify-010344667.html&c=14083017926137230925&mkt=en-au","","https://au.sports.yahoo.com/bradman-best-contract-talks-intensify-010344667.html","false","Bradman Best has confirmed his 17-year-old younger brother Baxter Best will join the Newcastle Knights squad next season. The 17-year-old outside back is currently playing for the Souths Logan Magpies ..."
"new","Newcastle Knights","Bradman Best","backup_baseline","2","msn.com","3","money|contract_language|context_or_team_article","false","The Sydney Morning Herald on MSN","Tue, 30 Jun 2026 21:37:58 GMT","context_only_untrusted_domain","New broadcast deal could push NRL salary cap up to $20m by 2028","https://www.msn.com/en-au/news/australia/new-broadcast-deal-could-push-nrl-salary-cap-up-to-20m-by-2028/ar-AA26H5IM","http://www.bing.com/news/apiclick.aspx?ref=FexRss&aid=&tid=6a52f688a5354142afd33e7427763aa0&url=https%3a%2f%2fwww.msn.com%2fen-au%2fnews%2faustralia%2fnew-broadcast-deal-could-push-nrl-salary-cap-up-to-20m-by-2028%2far-AA26H5IM&c=15095945392879639673&mkt=en-au","","https://www.msn.com/en-au/news/australia/new-broadcast-deal-could-push-nrl-salary-cap-up-to-20m-by-2028/ar-AA26H5IM","false","A rich new broadcast deal means more money coming into the game. The biggest winners will be the star players, who could soon demand up to $2 million per season."
"new","Newcastle Knights","Bradman Best","backup_baseline","3","msn.com","0","contract_language|context_or_team_article","false","Zero Tackle on MSN","Sat, 27 Jun 2026 18:52:52 GMT","context_only_untrusted_domain","Biggest stars in the NRL set for a pay-day","https://www.msn.com/en-au/news/other/biggest-stars-in-the-nrl-set-for-a-pay-day/ar-AA26IdmB","http://www.bing.com/news/apiclick.aspx?ref=FexRss&aid=&tid=6a52f688a5354142afd33e7427763aa0&url=https%3a%2f%2fwww.msn.com%2fen-au%2fnews%2fother%2fbiggest-stars-in-the-nrl-set-for-a-pay-day%2far-AA26IdmB&c=18406658021232899789&mkt=en-au","","https://www.msn.com/en-au/news/other/biggest-stars-in-the-nrl-set-for-a-pay-day/ar-AA26IdmB","false","Some of the NRL's most elite players could be in for a pay bump thanks to the new TV broadcast deal commencing in 2028. The ARL and NRL are just about ready to green-light the deal, which Nine and ..."
"new","Newcastle Knights","Greg Marzhew","backup_baseline","1","au.sports.yahoo.com","30","contract_language|term_language|exact_player_name","true","Yahoo Sport Australia","Tue, 12 May 2026 16:59:00 GMT","player_focused_candidate_needs_article_review","“Turned down higher offers”: Greg Marzhew locks up next NRL contract","https://au.sports.yahoo.com/turned-down-higher-offers-greg-082856523.html","http://www.bing.com/news/apiclick.aspx?ref=FexRss&aid=&tid=6a52f68ca43d4e4a9b74521233945799&url=https%3a%2f%2fau.sports.yahoo.com%2fturned-down-higher-offers-greg-082856523.html&c=699944183136270105&mkt=en-au","","https://au.sports.yahoo.com/turned-down-higher-offers-greg-082856523.html","false","Newcastle Knights winger Greg Marzhew has signed a long-term contract extension, locking up his future with the club until the end of 2029. The outside back, known for his powerhouse running and ..."
"new","Newcastle Knights","Fletcher Sharpe","backup_baseline","","","","","","","","no_candidate_found","","","","","","",""
"new","Newcastle Knights","Dylan Brown","backup_baseline","1","msn.com","22","money|contract_language|exact_player_name","true","Man of Many on MSN","Tue, 30 Jun 2026 15:06:27 GMT","context_only_untrusted_domain","10 highest paid NRL players for 2026","https://www.msn.com/en-au/sport/rugby_league/10-highest-paid-nrl-players-for-2026/ar-AA2719cA","http://www.bing.com/news/apiclick.aspx?ref=FexRss&aid=&tid=6a52f6996d514286bd953de7dd4a5b95&url=https%3a%2f%2fwww.msn.com%2fen-au%2fsport%2frugby_league%2f10-highest-paid-nrl-players-for-2026%2far-AA2719cA&c=3173818839366038056&mkt=en-au","","https://www.msn.com/en-au/sport/rugby_league/10-highest-paid-nrl-players-for-2026/ar-AA2719cA","false","Driven by expanding club salary caps, rugby league’s elite stars are securing record-shattering paydays for the 2026 NRL season. Led by Dylan Brown’s historic $13 million move, this list looks at the ..."
"new","Newcastle Knights","Dylan Brown","backup_baseline","2","au.sports.yahoo.com","4","contract_language|context_or_team_article","false","Yahoo Sport Australia","Mon, 08 Jun 2026 17:00:00 GMT","team_or_context_candidate_needs_article_review","The EIGHT current worst value for money contracts in the NRL","https://au.sports.yahoo.com/eight-current-worst-value-money-203100385.html","http://www.bing.com/news/apiclick.aspx?ref=FexRss&aid=&tid=6a52f69ccf154bfb888bac5cd2342c75&url=https%3a%2f%2fau.sports.yahoo.com%2feight-current-worst-value-money-203100385.html&c=17264841661166123321&mkt=en-au","","https://au.sports.yahoo.com/eight-current-worst-value-money-203100385.html","false","There's nothing more disappointing in rugby league than knowing your club is paying a player far too much than they deserve, wasting salary cap space. While some clubs are extracting maximum value ..."
"new","Newcastle Knights","Dylan Brown","backup_baseline","3","msn.com","3","money|contract_language|context_or_team_article","false","The Sydney Morning Herald on MSN","Tue, 30 Jun 2026 21:37:58 GMT","context_only_untrusted_domain","New broadcast deal could push NRL salary cap up to $20m by 2028","https://www.msn.com/en-au/news/australia/new-broadcast-deal-could-push-nrl-salary-cap-up-to-20m-by-2028/ar-AA26H5IM","http://www.bing.com/news/apiclick.aspx?ref=FexRss&aid=&tid=6a52f69adbb74e36af47327ebeb89148&url=https%3a%2f%2fwww.msn.com%2fen-au%2fnews%2faustralia%2fnew-broadcast-deal-could-push-nrl-salary-cap-up-to-20m-by-2028%2far-AA26H5IM&c=15095945392879639673&mkt=en-au","","https://www.msn.com/en-au/news/australia/new-broadcast-deal-could-push-nrl-salary-cap-up-to-20m-by-2028/ar-AA26H5IM","false","A rich new broadcast deal means more money coming into the game. The biggest winners will be the star players, who could soon demand up to $2 million per season."
"new","Newcastle Knights","Jacob Saifiti","backup_baseline","1","foxsports.com.au","10","contract_language|term_language|context_or_team_article","false","Fox Sports","Wed, 20 May 2026 17:00:00 GMT","team_or_context_candidate_needs_article_review","Reborn Blues star’s selfless act in Knights extension talks amid cap squeeze — Transfer Whispers","https://www.foxsports.com.au/nrl/nrl-premiership/nrl-2026-transfer-whispers-jacob-saifiti-could-leave-newcastle-knights-png-chiefs-perth-bears-contracts-signings-round-12/news-story/b137cbefec4c696ed155162c1f6e3398","http://www.bing.com/news/apiclick.aspx?ref=FexRss&aid=&tid=6a52f69d47614119aa72819c9cd46e14&url=https%3a%2f%2fwww.foxsports.com.au%2fnrl%2fnrl-premiership%2fnrl-2026-transfer-whispers-jacob-saifiti-could-leave-newcastle-knights-png-chiefs-perth-bears-contracts-signings-round-12%2fnews-story%2fb137cbefec4c696ed155162c1f6e3398&c=13215381104512599426&mkt=en-au","","https://www.foxsports.com.au/nrl/nrl-premiership/nrl-2026-transfer-whispers-jacob-saifiti-could-leave-newcastle-knights-png-chiefs-perth-bears-contracts-signings-round-12/news-story/b137cbefec4c696ed155162c1f6e3398","false","WHAT'S GAMBLING REALLY COSTING YOU? Set a deposit limit. For Free and confidential support call 1800 858 858 or visit gamblinghelponline.org.au. Signed until the end of the 2027 season, Saifiti is ..."
"new","Newcastle Knights","Phoenix Crossland","backup_baseline","","","","","","","","no_candidate_found","","","","","","",""
"new","Newcastle Knights","Trey Mooney","backup_baseline","","","","","","","","no_candidate_found","","","","","","",""
"new","Newcastle Knights","Dylan Lucas","backup_baseline","","","","","","","","no_candidate_found","","","","","","",""
"new","Newcastle Knights","Jermaine McEwen","backup_baseline","1","adelaidenow.com.au","24","exact_player_name","true","Adelaide Now","Wed, 03 Jun 2026 09:21:00 GMT","player_focused_candidate_needs_article_review","Knights star Jermaine McEwen faces NRL probe after drink-driving charge","https://www.adelaidenow.com.au/sport/nrl/knights-star-jermaine-mcewen-faces-nrl-probe-after-drinkdriving-charge/news-story/9580b96e7eef7e2c456d6f03754d83e0","http://www.bing.com/news/apiclick.aspx?ref=FexRss&aid=&tid=6a52f6b718ab47e38f4cb0386f68fc52&url=https%3a%2f%2fwww.adelaidenow.com.au%2fsport%2fnrl%2fknights-star-jermaine-mcewen-faces-nrl-probe-after-drinkdriving-charge%2fnews-story%2f9580b96e7eef7e2c456d6f03754d83e0&c=15095024356966347285&mkt=en-au","","https://www.adelaidenow.com.au/sport/nrl/knights-star-jermaine-mcewen-faces-nrl-probe-after-drinkdriving-charge/news-story/9580b96e7eef7e2c456d6f03754d83e0","false","The Knights were made aware of the incident and reported it to the integrity unity following making inquiries. McEwen will appear in Newcastle Local Court for the first time for mention on June 25."
"new","Newcastle Knights","Mathew Croker","backup_baseline","1","dailytelegraph.com.au","10","money|contract_language|context_or_team_article","false","The Daily Telegraph","Tue, 23 Jun 2026 12:12:00 GMT","team_or_context_candidate_needs_article_review","NRL to grant Perth Bears $500k salary cap concessions in landmark third-party arrangement","https://www.dailytelegraph.com.au/sport/nrl/nrl-to-grant-perth-bears-500k-salary-cap-concessions-in-landmark-thirdparty-arrangement/news-story/0c5c097536d723f0d0cb46c86fd051ff","http://www.bing.com/news/apiclick.aspx?ref=FexRss&aid=&tid=6a52f6be02eb41b8999ef21864b065a4&url=https%3a%2f%2fwww.dailytelegraph.com.au%2fsport%2fnrl%2fnrl-to-grant-perth-bears-500k-salary-cap-concessions-in-landmark-thirdparty-arrangement%2fnews-story%2f0c5c097536d723f0d0cb46c86fd051ff&c=13072428604770190172&mkt=en-au","","https://www.dailytelegraph.com.au/sport/nrl/nrl-to-grant-perth-bears-500k-salary-cap-concessions-in-landmark-thirdparty-arrangement/news-story/0c5c097536d723f0d0cb46c86fd051ff","false","In a historic development for the NRL’s 18th club, this masthead has been told Perth will receive a special marquee player privilege where existing club sponsors can top-up a player’s contract by 20 ..."
"new","Newcastle Knights","Mathew Croker","backup_baseline","2","smh.com.au","7","contract_language|context_or_team_article","false","Sydney Morning Herald","Mon, 11 May 2020 17:00:00 GMT","team_or_context_candidate_needs_article_review","Nine, NRL on brink of deal to seal $1.9 billion broadcast bonanza","https://www.smh.com.au/sport/nrl/nine-nrl-on-brink-of-deal-to-seal-1-9-billion-broadcast-bonanza-20200512-p54scv.html","http://www.bing.com/news/apiclick.aspx?ref=FexRss&aid=&tid=6a52f6bffd1d482a90967c96595cac98&url=https%3a%2f%2fwww.smh.com.au%2fsport%2fnrl%2fnine-nrl-on-brink-of-deal-to-seal-1-9-billion-broadcast-bonanza-20200512-p54scv.html&c=10283903415388544094&mkt=en-au","","https://www.smh.com.au/sport/nrl/nine-nrl-on-brink-of-deal-to-seal-1-9-billion-broadcast-bonanza-20200512-p54scv.html","false","You have reached your maximum number of saved items. Remove items from your saved list to add more. Nine Entertainment Co is close to agreeing to a revised three-year deal with the NRL as the code ..."
"new","Newcastle Knights","Mathew Croker","backup_baseline","3","au.sports.yahoo.com","7","money|contract_language|context_or_team_article","false","Yahoo Sports Australia","Tue, 23 Jun 2026 19:51:00 GMT","team_or_context_candidate_needs_article_review","Perth Bears receive salary cap boost from NRL","https://au.sports.yahoo.com/perth-bears-receive-salary-cap-025110246.html","http://www.bing.com/news/apiclick.aspx?ref=FexRss&aid=&tid=6a52f6c1467e43c0baf2cdbd8f22c22b&url=https%3a%2f%2fau.sports.yahoo.com%2fperth-bears-receive-salary-cap-025110246.html&c=545008729362569136&mkt=en-au","","https://au.sports.yahoo.com/perth-bears-receive-salary-cap-025110246.html","false","The NRL has granted the Perth Bears up to $500,000 worth of salary cap concessions to compete in the fight against PNG Chiefs. The latest NRL expansion club with receive compensation from the NRL to ..."
"new","Newcastle Knights","Sandon Smith","backup_baseline","","","","","","","","no_candidate_found","","","","","","",""
"new","Newcastle Knights","Tyson Frizell","backup_baseline","1","couriermail.com.au","30","money|contract_language|exact_player_name","true","The Courier-Mail","Fri, 27 Mar 2020 05:16:00 GMT","player_focused_candidate_needs_article_review","Tyson Frizell agrees to join Newcastle Knights from 2021","https://www.couriermail.com.au/sport/nrl/tyson-frizell-on-verge-of-signing-with-newcastle-knights/news-story/ef038407db262f66820160d6a6fa599b","http://www.bing.com/news/apiclick.aspx?ref=FexRss&aid=&tid=6a52f6cb7ac04e859572d30773d73a42&url=https%3a%2f%2fwww.couriermail.com.au%2fsport%2fnrl%2ftyson-frizell-on-verge-of-signing-with-newcastle-knights%2fnews-story%2fef038407db262f66820160d6a6fa599b&c=9420069196851292284&mkt=en-au","","https://www.couriermail.com.au/sport/nrl/tyson-frizell-on-verge-of-signing-with-newcastle-knights/news-story/ef038407db262f66820160d6a6fa599b","false","The St George Illawarra back-rower will join the Knights on a three-year deal worth about $2.1 million from next season, although the NRL has refused to register his contract due to the current ..."
"new","Newcastle Knights","Tyson Frizell","backup_baseline","2","townsvillebulletin.com.au","23","contract_language|exact_player_name","true","Townsville Bulletin","Sat, 21 Mar 2020 08:58:00 GMT","player_focused_candidate_needs_article_review","NRL contracts on hold as clubs offer redundancies for staff amid coronavirus financial storm","https://www.townsvillebulletin.com.au/sport/nrl/nrl-contracts-on-hold-as-clubs-offer-redundancies-for-staff-amid-coronavirus-financial-storm/news-story/762b5e56d3d3345c527ec6396737425a","http://www.bing.com/news/apiclick.aspx?ref=FexRss&aid=&tid=6a52f6ca09424ad98610f633b9de108c&url=https%3a%2f%2fwww.townsvillebulletin.com.au%2fsport%2fnrl%2fnrl-contracts-on-hold-as-clubs-offer-redundancies-for-staff-amid-coronavirus-financial-storm%2fnews-story%2f762b5e56d3d3345c527ec6396737425a&c=6011198530516359021&mkt=en-au","","https://www.townsvillebulletin.com.au/sport/nrl/nrl-contracts-on-hold-as-clubs-offer-redundancies-for-staff-amid-coronavirus-financial-storm/news-story/762b5e56d3d3345c527ec6396737425a","false","The Sunday Telegraph can reveal that Kangaroos stars Nick Cotric and Tyson Frizell have had their contract negotiations put on hold as every club scrambles to deal with an uncertain financial future."
"new","Newcastle Knights","Tyson Frizell","backup_baseline","3","7news.com.au","7","money|contract_language|context_or_team_article","false","7NEWS Australia","Fri, 28 Oct 2022 02:27:00 GMT","team_or_context_candidate_needs_article_review","Ultimate NRL free agency preview: Your club’s out-of-contract stars and where they could end up","https://7news.com.au/sport/rugby-league/ultimate-nrl-free-agency-preview-your-clubs-out-of-contract-stars-and-where-they-could-end-up-c-8677336","http://www.bing.com/news/apiclick.aspx?ref=FexRss&aid=&tid=6a52f6ccac2b4e44b4d56af0d3865972&url=https%3a%2f%2f7news.com.au%2fsport%2frugby-league%2fultimate-nrl-free-agency-preview-your-clubs-out-of-contract-stars-and-where-they-could-end-up-c-8677336&c=143273184193222445&mkt=en-au","","https://7news.com.au/sport/rugby-league/ultimate-nrl-free-agency-preview-your-clubs-out-of-contract-stars-and-where-they-could-end-up-c-8677336","false","Over $50 million worth of player talent will be free to negotiate with clubs for season 2024 and beyond when the NRL free agency period begins on November 1. Latrell Mitchell, Mit ..."
"new","Newcastle Knights","Brodie Jones","backup_baseline","","","","","","","","no_candidate_found","","","","","","",""
"new","Newcastle Knights","Cody Hopwood","backup_baseline","","","","","","","","no_candidate_found","","","","","","",""
"new","Newcastle Knights","Asu Kepaoa","bucket_unknown","1","abc.net.au","24","exact_player_name","true","Australian Broadcasting Corporation","Wed, 24 Jun 2026 05:49:00 GMT","player_focused_candidate_needs_article_review","Newcastle Knights player Asu Kepaoa banned for six weeks after using homophobic slur","https://www.abc.net.au/news/2026-06-25/asu-kepaoa-banned-for-six-weeks-over-homophobic-slur/106839020","http://www.bing.com/news/apiclick.aspx?ref=FexRss&aid=&tid=6a52f6dce7ee4e3e9a40dd71b7de71e6&url=https%3a%2f%2fwww.abc.net.au%2fnews%2f2026-06-25%2fasu-kepaoa-banned-for-six-weeks-over-homophobic-slur%2f106839020&c=2066475488636587222&mkt=en-au","","https://www.abc.net.au/news/2026-06-25/asu-kepaoa-banned-for-six-weeks-over-homophobic-slur/106839020","false","Newcastle forward Asu Kepaoa has been hit with a six-match ban for using a homophonic slur in a round-of-16 NSW Cup match. Kepaoa fronted the NSWRL judiciary on Wednesday when he pleaded guilty to ..."
"new","Newcastle Knights","Asu Kepaoa","bucket_unknown","2","couriermail.com.au","24","exact_player_name","true","The Courier-Mail","Sat, 20 Jun 2026 06:48:00 GMT","player_focused_candidate_needs_article_review","Newcastle Knights player Asu Kepaoa sent off after alleged homophobic slur","https://www.couriermail.com.au/sport/nrl/teams/knights/newcastle-knights-player-asu-kepaoa-sent-off-after-alleged-homophobic-slur/news-story/f8b468abbb22a460e0d816d13294dcfd","http://www.bing.com/news/apiclick.aspx?ref=FexRss&aid=&tid=6a52f6dce7ee4e3e9a40dd71b7de71e6&url=https%3a%2f%2fwww.couriermail.com.au%2fsport%2fnrl%2fteams%2fknights%2fnewcastle-knights-player-asu-kepaoa-sent-off-after-alleged-homophobic-slur%2fnews-story%2ff8b468abbb22a460e0d816d13294dcfd&c=12386533428029309888&mkt=en-au","","https://www.couriermail.com.au/sport/nrl/teams/knights/newcastle-knights-player-asu-kepaoa-sent-off-after-alleged-homophobic-slur/news-story/f8b468abbb22a460e0d816d13294dcfd","false","The NSW back-rower was sent off shortly before half time on Friday night after allegedly hurling a homophobic slur towards Dragons player Nathan Lawson. Newcastle Knights player Asu Kepaoa was ordered ..."
"new","Newcastle Knights","Asu Kepaoa","bucket_unknown","3","smh.com.au","4","context_or_team_article","false","The Sydney Morning Herald","Sun, 02 Nov 2025 15:32:00 GMT","team_or_context_candidate_needs_article_review","NRL 2026","https://www.smh.com.au/topic/nrl-2026-6i10","http://www.bing.com/news/apiclick.aspx?ref=FexRss&aid=&tid=6a52f6dc9e294eb9be36b8c7eaad8382&url=https%3a%2f%2fwww.smh.com.au%2ftopic%2fnrl-2026-6i10&c=2468039696737977243&mkt=en-au","","https://www.smh.com.au/topic/nrl-2026-6i10","false","The latest NRL 2026 news, articles, data, and analysis from The Sydney Morning Herald ..."
"new","Newcastle Knights","Elijah Salesa-Leaumoana","bucket_unknown","","","","","","","","no_candidate_found","","","","","","",""
"new","Newcastle Knights","Francis Manuleleua","bucket_unknown","","","","","","","","no_candidate_found","","","","","","",""
"new","Newcastle Knights","James Schiller","bucket_unknown","","","","","","","","no_candidate_found","","","","","","",""
"new","Newcastle Knights","Lachlan Crouch","bucket_unknown","","","","","","","","no_candidate_found","","","","","","",""
"new","Newcastle Knights","Matt Arthur","bucket_unknown","","","","","","","","no_candidate_found","","","","","","",""
"new","Newcastle Knights","Pasamu Saulo","bucket_unknown","","","","","","","","no_candidate_found","","","","","","",""
"new","Newcastle Knights","Peter Hola","bucket_unknown","1","7news.com.au","7","money|contract_language|context_or_team_article","false","7NEWS Australia","Fri, 28 Oct 2022 02:27:00 GMT","team_or_context_candidate_needs_article_review","Ultimate NRL free agency preview: Your club’s out-of-contract stars and where they could end up","https://7news.com.au/sport/rugby-league/ultimate-nrl-free-agency-preview-your-clubs-out-of-contract-stars-and-where-they-could-end-up-c-8677336","http://www.bing.com/news/apiclick.aspx?ref=FexRss&aid=&tid=6a52f70c77cf4677af6aa34ac9ebdbdb&url=https%3a%2f%2f7news.com.au%2fsport%2frugby-league%2fultimate-nrl-free-agency-preview-your-clubs-out-of-contract-stars-and-where-they-could-end-up-c-8677336&c=143273184193222445&mkt=en-au","","https://7news.com.au/sport/rugby-league/ultimate-nrl-free-agency-preview-your-clubs-out-of-contract-stars-and-where-they-could-end-up-c-8677336","false","Over $50 million worth of player talent will be free to negotiate with clubs for season 2024 and beyond when the NRL free agency period begins on November 1. Latrell Mitchell, Mit ..."
"new","Newcastle Knights","Thomas Cant","bucket_unknown","","","","","","","","no_candidate_found","","","","","","",""
"new","Newcastle Knights","Wil Sullivan","bucket_unknown","1","goldcoastbulletin.com.au","4","contract_language|context_or_team_article","false","Gold Coast Sun","Thu, 08 Jan 2026 10:35:00 GMT","team_or_context_candidate_needs_article_review","Newcastle Knights 2026 NRL season scouting report: Best 17, contract statuses, rookie watch","https://www.goldcoastbulletin.com.au/sport/nrl/newcastle-knights-2026-nrl-season-scouting-report-best-17-contract-statuses-rookie-watch/news-story/588d2fe279d84233c35c556a32f5372d","http://www.bing.com/news/apiclick.aspx?ref=FexRss&aid=&tid=6a52f715a1644c68a68ba63d22a75e4d&url=https%3a%2f%2fwww.goldcoastbulletin.com.au%2fsport%2fnrl%2fnewcastle-knights-2026-nrl-season-scouting-report-best-17-contract-statuses-rookie-watch%2fnews-story%2f588d2fe279d84233c35c556a32f5372d&c=7776575898294554680&mkt=en-au","","https://www.goldcoastbulletin.com.au/sport/nrl/newcastle-knights-2026-nrl-season-scouting-report-best-17-contract-statuses-rookie-watch/news-story/588d2fe279d84233c35c556a32f5372d","false","With a bit of luck, it could spark a wave of success over the next few years, but talk is cheap and after years of disappointment, Knights fans will want results early after finishing last in 2025."
"new","Newcastle Knights","Wil Sullivan","bucket_unknown","2","smh.com.au","4","context_or_team_article","false","The Sydney Morning Herald","Sat, 11 Jul 2026 10:16:00 GMT","team_or_context_candidate_needs_article_review","NRL 2026","https://www.smh.com.au/topic/nrl-2026-6i10","http://www.bing.com/news/apiclick.aspx?ref=FexRss&aid=&tid=6a52f716325e46dda63c22d9fd693f4d&url=https%3a%2f%2fwww.smh.com.au%2ftopic%2fnrl-2026-6i10&c=2468039696737977243&mkt=en-au","","https://www.smh.com.au/topic/nrl-2026-6i10","false","The latest NRL 2026 news, articles, data, and analysis from The Sydney Morning Herald ..."
"new","Newcastle Knights","Wil Sullivan","bucket_unknown","3","msn.com","3","money|contract_language|context_or_team_article","false","The Sydney Morning Herald on MSN","Tue, 30 Jun 2026 21:37:58 GMT","context_only_untrusted_domain","New broadcast deal could push NRL salary cap up to $20m by 2028","https://www.msn.com/en-au/news/australia/new-broadcast-deal-could-push-nrl-salary-cap-up-to-20m-by-2028/ar-AA26H5IM","http://www.bing.com/news/apiclick.aspx?ref=FexRss&aid=&tid=6a52f716325e46dda63c22d9fd693f4d&url=https%3a%2f%2fwww.msn.com%2fen-au%2fnews%2faustralia%2fnew-broadcast-deal-could-push-nrl-salary-cap-up-to-20m-by-2028%2far-AA26H5IM&c=15095945392879639673&mkt=en-au","","https://www.msn.com/en-au/news/australia/new-broadcast-deal-could-push-nrl-salary-cap-up-to-20m-by-2028/ar-AA26H5IM","false","A rich new broadcast deal means more money coming into the game. The biggest winners will be the star players, who could soon demand up to $2 million per season."
"new","Newcastle Knights","Wilson Decourcey","bucket_unknown","1","smh.com.au","7","contract_language|context_or_team_article","false","Sydney Morning Herald","Mon, 11 May 2020 17:00:00 GMT","team_or_context_candidate_needs_article_review","Nine, NRL on brink of deal to seal $1.9 billion broadcast bonanza","https://www.smh.com.au/sport/nrl/nine-nrl-on-brink-of-deal-to-seal-1-9-billion-broadcast-bonanza-20200512-p54scv.html","http://www.bing.com/news/apiclick.aspx?ref=FexRss&aid=&tid=6a52f71dcd64449db1db70bf98df2fc1&url=https%3a%2f%2fwww.smh.com.au%2fsport%2fnrl%2fnine-nrl-on-brink-of-deal-to-seal-1-9-billion-broadcast-bonanza-20200512-p54scv.html&c=10283903415388544094&mkt=en-au","","https://www.smh.com.au/sport/nrl/nine-nrl-on-brink-of-deal-to-seal-1-9-billion-broadcast-bonanza-20200512-p54scv.html","false","You have reached your maximum number of saved items. Remove items from your saved list to add more. Nine Entertainment Co is close to agreeing to a revised three-year deal with the NRL as the code ..."
"nql","North Queensland Cowboys","Scott Drinkwater","backup_baseline","","","","","","","","no_candidate_found","","","","","","",""
"nql","North Queensland Cowboys","Murray Taulagi","backup_baseline","1","couriermail.com.au","24","exact_player_name","true","The Courier-Mail","Tue, 26 May 2026 07:29:00 GMT","player_focused_candidate_needs_article_review","Murray Taulagi’s North Queensland Cowboys career over after signing of Sharks backline duo","https://www.couriermail.com.au/sport/nrl/murray-taulagis-north-queensland-cowboys-career-over-after-signing-of-sharks-backline-duo/news-story/99febe9f8e34e1f976672899efcda8d8","http://www.bing.com/news/apiclick.aspx?ref=FexRss&aid=&tid=6a52f727251840019fb70a9643746439&url=https%3a%2f%2fwww.couriermail.com.au%2fsport%2fnrl%2fmurray-taulagis-north-queensland-cowboys-career-over-after-signing-of-sharks-backline-duo%2fnews-story%2f99febe9f8e34e1f976672899efcda8d8&c=1745383958814104634&mkt=en-au","","https://www.couriermail.com.au/sport/nrl/murray-taulagis-north-queensland-cowboys-career-over-after-signing-of-sharks-backline-duo/news-story/99febe9f8e34e1f976672899efcda8d8","false","The Cowboys have completed a Shark attack, snaring Ramien and Katoa to bolster their backline stocks at a time when resurgent North Queensland are charging towards a finals campaign. Centre Ramien and ..."
"nql","North Queensland Cowboys","Murray Taulagi","backup_baseline","2","townsvillebulletin.com.au","24","exact_player_name","true","Townsville Bulletin","Sun, 24 May 2026 23:45:00 GMT","player_focused_candidate_needs_article_review","North Queensland Cowboys coach Todd Payten has named Reuben Cotter and Murray Taulagi to play this weekend","https://www.townsvillebulletin.com.au/sport/nrl/decision-on-todd-paytens-cowboys-future-imminent-after-strong-hint-from-ceo/news-story/671724b15c1985c64bb40b7dd13c33ad","http://www.bing.com/news/apiclick.aspx?ref=FexRss&aid=&tid=6a52f727251840019fb70a9643746439&url=https%3a%2f%2fwww.townsvillebulletin.com.au%2fsport%2fnrl%2fdecision-on-todd-paytens-cowboys-future-imminent-after-strong-hint-from-ceo%2fnews-story%2f671724b15c1985c64bb40b7dd13c33ad&c=18060852564314648607&mkt=en-au","","https://www.townsvillebulletin.com.au/sport/nrl/decision-on-todd-paytens-cowboys-future-imminent-after-strong-hint-from-ceo/news-story/671724b15c1985c64bb40b7dd13c33ad","false","Cowboys coach Todd Payten has made two changes to his side that beat the Rabbitohs, with a star winger returning and his skipper expected to back up after Origin I. See all the latest team news Cotter ..."
"nql","North Queensland Cowboys","Murray Taulagi","backup_baseline","3","theaustralian.com.au","24","exact_player_name","true","The Australian","Mon, 25 May 2026 09:07:00 GMT","player_focused_candidate_needs_article_review","North Queensland Cowboys coach Todd Payten has named Reuben Cotter and Murray Taulagi to play this weekend","https://www.theaustralian.com.au/sport/nrl/decision-on-todd-paytens-cowboys-future-imminent-after-strong-hint-from-ceo/news-story/671724b15c1985c64bb40b7dd13c33ad","http://www.bing.com/news/apiclick.aspx?ref=FexRss&aid=&tid=6a52f727251840019fb70a9643746439&url=https%3a%2f%2fwww.theaustralian.com.au%2fsport%2fnrl%2fdecision-on-todd-paytens-cowboys-future-imminent-after-strong-hint-from-ceo%2fnews-story%2f671724b15c1985c64bb40b7dd13c33ad&c=6170506648244989467&mkt=en-au","","https://www.theaustralian.com.au/sport/nrl/decision-on-todd-paytens-cowboys-future-imminent-after-strong-hint-from-ceo/news-story/671724b15c1985c64bb40b7dd13c33ad","false","Cotter was one of two changes to North Queensland’s team this week with star winger Murray Taulagi named to make his return from a concussion. Cowboys coach Todd Payten said the club’s medical staff ..."
"nql","North Queensland Cowboys","Zac Laybutt","backup_baseline","","","","","","","","no_candidate_found","","","","","","",""
"nql","North Queensland Cowboys","Jaxon Purdue","backup_baseline","1","au.sports.yahoo.com","27","contract_language|exact_player_name","true","Yahoo Sport Australia","Thu, 02 Apr 2026 17:01:00 GMT","player_focused_candidate_needs_article_review","SIX potential landing spots for Jaxon Purdue","https://au.sports.yahoo.com/six-potential-landing-spots-jaxon-204228140.html","http://www.bing.com/news/apiclick.aspx?ref=FexRss&aid=&tid=6a52f739bcb54ff78f121e7710053bf3&url=https%3a%2f%2fau.sports.yahoo.com%2fsix-potential-landing-spots-jaxon-204228140.html&c=16879310659855533597&mkt=en-au","","https://au.sports.yahoo.com/six-potential-landing-spots-jaxon-204228140.html","false","Free agency for 2027 is in full swing, and while players sort their futures, plenty of eyes have shuffled to Townsville where rising star Jaxon Purdue is among the off-contract list. At just 20 years ..."
"nql","North Queensland Cowboys","Jaxon Purdue","backup_baseline","2","ntnews.com.au","20","exact_player_name","true","Northern Territory News","Mon, 25 May 2026 05:27:00 GMT","player_focused_candidate_needs_article_review","‘Dream come true’: Xavier Kerrisk makes emotional North Queensland Cowboys NRL debut","https://www.ntnews.com.au/sport/nrl/dream-come-true-xavier-kerrisk-makes-emotional-north-queensland-cowboys-nrl-debut/news-story/0d4de2e2d82235a0d9e9be35da3b3bfd","http://www.bing.com/news/apiclick.aspx?ref=FexRss&aid=&tid=6a52f7344ad14163914718b2e9f0d7b5&url=https%3a%2f%2fwww.ntnews.com.au%2fsport%2fnrl%2fdream-come-true-xavier-kerrisk-makes-emotional-north-queensland-cowboys-nrl-debut%2fnews-story%2f0d4de2e2d82235a0d9e9be35da3b3bfd&c=16446074190788630294&mkt=en-au","","https://www.ntnews.com.au/sport/nrl/dream-come-true-xavier-kerrisk-makes-emotional-north-queensland-cowboys-nrl-debut/news-story/0d4de2e2d82235a0d9e9be35da3b3bfd","false","The NRL’s latest debutant has opened up on his journey to first grade, the multiple false starts he had to endure, and the touching moment he shared with St Patrick’s classmate Jaxon Purdue. The ..."
"nql","North Queensland Cowboys","Robert Derby","backup_baseline","","","","","","","","no_candidate_found","","","","","","",""
"nql","North Queensland Cowboys","Jake Clifford","backup_baseline","1","townsvillebulletin.com.au","30","contract_language|news_corp_reporting|exact_player_name","true","Townsville Bulletin","Tue, 24 Nov 2020 05:20:00 GMT","player_focused_candidate_needs_article_review","NRL signings: Jake Clifford joins Newcastle Knights on two-year deal","https://www.townsvillebulletin.com.au/sport/nrl/nrl-signings-jake-clifford-to-join-newcastle-knights-on-twoyear-deal/news-story/f8e7212e94bae726fd7b163b9438f8bc","http://www.bing.com/news/apiclick.aspx?ref=FexRss&aid=&tid=6a52f742d26e4017a0750be8590891e2&url=https%3a%2f%2fwww.townsvillebulletin.com.au%2fsport%2fnrl%2fnrl-signings-jake-clifford-to-join-newcastle-knights-on-twoyear-deal%2fnews-story%2ff8e7212e94bae726fd7b163b9438f8bc&c=2128048791105948551&mkt=en-au","","https://www.townsvillebulletin.com.au/sport/nrl/nrl-signings-jake-clifford-to-join-newcastle-knights-on-twoyear-deal/news-story/f8e7212e94bae726fd7b163b9438f8bc","false","Newcastle Knights finally have their new playmaker after Cowboys pivot Jake Clifford inked a two-year deal with the club. The Daily Telegraph reported on Sunday that Clifford had all but agreed to a ..."
"nql","North Queensland Cowboys","Tom Dearden","backup_baseline","1","smh.com.au","7","contract_language|context_or_team_article","false","Sydney Morning Herald","Thu, 25 Jun 2026 08:44:00 GMT","team_or_context_candidate_needs_article_review","Walker’s future on Roosters’ agenda as NRL’s next million-dollar man","https://www.smh.com.au/sport/nrl/walker-s-future-on-roosters-agenda-as-nrl-s-next-million-dollar-man-20260625-p609xc.html","http://www.bing.com/news/apiclick.aspx?ref=FexRss&aid=&tid=6a52f74a75d84d5d9308f67aa00c92f6&url=https%3a%2f%2fwww.smh.com.au%2fsport%2fnrl%2fwalker-s-future-on-roosters-agenda-as-nrl-s-next-million-dollar-man-20260625-p609xc.html&c=6381386888769647683&mkt=en-au","","https://www.smh.com.au/sport/nrl/walker-s-future-on-roosters-agenda-as-nrl-s-next-million-dollar-man-20260625-p609xc.html","false","You have reached your maximum number of saved items. Remove items from your saved list to add more. The Roosters are set to broach extension talks with star halfback Sam Walker and his management once ..."
"nql","North Queensland Cowboys","Jason Taumalolo","backup_baseline","1","news.com.au","30","money|contract_language|exact_player_name","true","Couriermail","Sat, 16 May 2026 06:22:00 GMT","player_focused_candidate_needs_article_review","Jason Taumalolo rejects multi-million dollar offer from the Warriors to remain at Cowboys","https://www.news.com.au/sport/nrl/jason-taumalolo-rejects-multimillion-dollar-offer-from-the-warriors-to-remain-at-cowboys/news-story/53b24f8a5904a71363a0767eebb5a7ce","http://www.bing.com/news/apiclick.aspx?ref=FexRss&aid=&tid=6a52f752133b461eba1f7ca5e9ef2fee&url=https%3a%2f%2fwww.news.com.au%2fsport%2fnrl%2fjason-taumalolo-rejects-multimillion-dollar-offer-from-the-warriors-to-remain-at-cowboys%2fnews-story%2f53b24f8a5904a71363a0767eebb5a7ce&c=16000640926038472408&mkt=en-au","","https://www.news.com.au/sport/nrl/jason-taumalolo-rejects-multimillion-dollar-offer-from-the-warriors-to-remain-at-cowboys/news-story/53b24f8a5904a71363a0767eebb5a7ce","false","COWBOYS back-row sensation Jason Taumalolo has rejected a $2 million deal from the Warriors to stay loyal to North Queensland. In a massive coup for the Cowboys, News Corp can reveal Taumalolo has ..."
"nql","North Queensland Cowboys","Jason Taumalolo","backup_baseline","2","smh.com.au","26","term_language|exact_player_name","true","Sydney Morning Herald","Fri, 26 Jun 2026 22:00:00 GMT","player_focused_candidate_needs_article_review","‘You feel like you’re going to black out:’ How Taumalolo ignored the pain to reach 300 NRL games","https://www.smh.com.au/sport/nrl/you-feel-like-you-re-going-to-black-out-how-taumalolo-ignored-the-pain-to-reach-300-nrl-games-20260625-p609xt.html","http://www.bing.com/news/apiclick.aspx?ref=FexRss&aid=&tid=6a52f7509ac349c29538e7510ec25f84&url=https%3a%2f%2fwww.smh.com.au%2fsport%2fnrl%2fyou-feel-like-you-re-going-to-black-out-how-taumalolo-ignored-the-pain-to-reach-300-nrl-games-20260625-p609xt.html&c=15998883836161494120&mkt=en-au","","https://www.smh.com.au/sport/nrl/you-feel-like-you-re-going-to-black-out-how-taumalolo-ignored-the-pain-to-reach-300-nrl-games-20260625-p609xt.html","false","You have reached your maximum number of saved items. Remove items from your saved list to add more. Midway through the 2017 season Jason Taumalolo walked up to the North Queensland medical staff and ..."
"nql","North Queensland Cowboys","Jason Taumalolo","backup_baseline","3","townsvillebulletin.com.au","24","exact_player_name","true","Townsville Bulletin","Fri, 26 Jun 2026 12:43:00 GMT","player_focused_candidate_needs_article_review","Jason Taumalolo lifts the lid on his incredible journey to 300 NRL games with the North Queensland Cowboys","https://www.townsvillebulletin.com.au/sport/nrl/cowboys/jason-taumalolo-lifts-the-lid-on-his-incredible-journey-to-300-nrl-games-with-the-north-queensland-cowboys/news-story/7984ca493da1b21098798d60445e3f51","http://www.bing.com/news/apiclick.aspx?ref=FexRss&aid=&tid=6a52f74fa4284e1abc9d0470589ae152&url=https%3a%2f%2fwww.townsvillebulletin.com.au%2fsport%2fnrl%2fcowboys%2fjason-taumalolo-lifts-the-lid-on-his-incredible-journey-to-300-nrl-games-with-the-north-queensland-cowboys%2fnews-story%2f7984ca493da1b21098798d60445e3f51&c=15388495915831140450&mkt=en-au","","https://www.townsvillebulletin.com.au/sport/nrl/cowboys/jason-taumalolo-lifts-the-lid-on-his-incredible-journey-to-300-nrl-games-with-the-north-queensland-cowboys/news-story/7984ca493da1b21098798d60445e3f51","false","Still in year 12 at Kirwan State High, the Tongan teenager was given the opportunity of a lifetime to make his NRL debut alongside some of the greatest Cowboys to ever grace the field. Playing behind ..."
"nql","North Queensland Cowboys","Jason Taumalolo","backup_baseline","4","abc.net.au","24","exact_player_name","true","Australian Broadcasting Corporation","Wed, 06 May 2026 17:01:00 GMT","player_focused_candidate_needs_article_review","Ahead of his record game for North Queensland, Jason Taumalolo is still forging new legends","https://www.abc.net.au/news/2026-05-07/jason-taumalolo-north-queensland-cowboys-record/106650790","http://www.bing.com/news/apiclick.aspx?ref=FexRss&aid=&tid=6a52f74fa4284e1abc9d0470589ae152&url=https%3a%2f%2fwww.abc.net.au%2fnews%2f2026-05-07%2fjason-taumalolo-north-queensland-cowboys-record%2f106650790&c=8703541751225081523&mkt=en-au","","https://www.abc.net.au/news/2026-05-07/jason-taumalolo-north-queensland-cowboys-record/106650790","false","There were days, in his most glorious and furious times, when Jason Taumalolo felt inevitable. He could not be truly stopped because how do you stop the king tide rising high? How do you fight a ..."
"nql","North Queensland Cowboys","Jason Taumalolo","backup_baseline","5","townsvillebulletin.com.au","24","exact_player_name","true","Townsville Bulletin","Tue, 05 May 2026 09:00:00 GMT","player_focused_candidate_needs_article_review","North Queensland Cowboys star Jason Taumalolo’s unexpected career highlight ahead of milestone 295th match","https://www.townsvillebulletin.com.au/sport/nrl/cowboys/north-queensland-cowboys-star-jason-taumalolos-unexpected-career-highlight-ahead-of-milestone-295th-match/news-story/d7235062ee2c0b976c7b2ef8b027900c","http://www.bing.com/news/apiclick.aspx?ref=FexRss&aid=&tid=6a52f74fa4284e1abc9d0470589ae152&url=https%3a%2f%2fwww.townsvillebulletin.com.au%2fsport%2fnrl%2fcowboys%2fnorth-queensland-cowboys-star-jason-taumalolos-unexpected-career-highlight-ahead-of-milestone-295th-match%2fnews-story%2fd7235062ee2c0b976c7b2ef8b027900c&c=1566662264231214711&mkt=en-au","","https://www.townsvillebulletin.com.au/sport/nrl/cowboys/north-queensland-cowboys-star-jason-taumalolos-unexpected-career-highlight-ahead-of-milestone-295th-match/news-story/d7235062ee2c0b976c7b2ef8b027900c","false","The talismanic Tongan will breach new ground in game 295 on Friday night, forging his own path as the Cowboys’ most-capped player. “It’s always a huge honour to be able to achieve a milestone like ..."
"nql","North Queensland Cowboys","Jason Taumalolo","backup_baseline","6","nrl.com","24","exact_player_name","true","National Rugby League","Sat, 27 Jun 2026 03:26:00 GMT","player_focused_candidate_needs_article_review","NRL congratulates Jason Taumalolo","https://www.nrl.com/news/2026/06/27/nrl-congratulates-jason-taumalolo/","http://www.bing.com/news/apiclick.aspx?ref=FexRss&aid=&tid=6a52f74fa4284e1abc9d0470589ae152&url=https%3a%2f%2fwww.nrl.com%2fnews%2f2026%2f06%2f27%2fnrl-congratulates-jason-taumalolo%2f&c=36152931945347076&mkt=en-au","","https://www.nrl.com/news/2026/06/27/nrl-congratulates-jason-taumalolo/","false","National Rugby League (NRL) CEO Andrew Abdo has congratulated North Queensland Cowboys prop Jason Taumalolo, who will play his 300th NRL match today. Taumalolo will become the 56th player to join the ..."
"nql","North Queensland Cowboys","Jason Taumalolo","backup_baseline","7","goldcoastbulletin.com.au","24","exact_player_name","true","Gold Coast Sun","Sun, 21 Jun 2026 19:18:00 GMT","player_focused_candidate_needs_article_review","‘He was my idol’: Jeremiah Nanai’s touching tribute to Jason Taumalolo","https://www.goldcoastbulletin.com.au/sport/nrl/jason-taumalolo-charged-by-nrl-judiciary-ahead-of-milestone-300th-game/news-story/30ddbb735fc2989b998be44404efa490","http://www.bing.com/news/apiclick.aspx?ref=FexRss&aid=&tid=6a52f74fa4284e1abc9d0470589ae152&url=https%3a%2f%2fwww.goldcoastbulletin.com.au%2fsport%2fnrl%2fjason-taumalolo-charged-by-nrl-judiciary-ahead-of-milestone-300th-game%2fnews-story%2f30ddbb735fc2989b998be44404efa490&c=13177035989820275005&mkt=en-au","","https://www.goldcoastbulletin.com.au/sport/nrl/jason-taumalolo-charged-by-nrl-judiciary-ahead-of-milestone-300th-game/news-story/30ddbb735fc2989b998be44404efa490","false","At the top of his game Taumalolo was the most damaging ballrunner the NRL has ever seen, skittling the competition’s toughest forwards with ease. In the mind of a 10-year-old Nanai, the Tongan ..."
"nql","North Queensland Cowboys","Jason Taumalolo","backup_baseline","8","nrl.com","24","exact_player_name","true","National Rugby League","Thu, 07 May 2026 17:00:00 GMT","player_focused_candidate_needs_article_review","From the field: Jason Taumalolo","https://www.nrl.com/news/2026/05/08/from-the-field-jason-taumalolo/","http://www.bing.com/news/apiclick.aspx?ref=FexRss&aid=&tid=6a52f754091a45dd835cc206ff5776a9&url=https%3a%2f%2fwww.nrl.com%2fnews%2f2026%2f05%2f08%2ffrom-the-field-jason-taumalolo%2f&c=1942700338366285173&mkt=en-au","","https://www.nrl.com/news/2026/05/08/from-the-field-jason-taumalolo/","false","National Rugby League respects and honours the Traditional Custodians of the land and pay our respects to their Elders past, present and future. We acknowledge the stories, traditions and living ..."
"nql","North Queensland Cowboys","Jason Taumalolo","backup_baseline","9","heraldsun.com.au","20","exact_player_name","true","heraldsun.com.au","Tue, 14 Mar 2017 14:44:00 GMT","player_focused_candidate_needs_article_review","The NRL shoulder charge law claims its first victim","https://www.heraldsun.com.au/sport/nrl/the-nrl-shoulder-charge-law-claims-its-first-victim/news-story/a53418cfd96867aa7dca516b241cb248","http://www.bing.com/news/apiclick.aspx?ref=FexRss&aid=&tid=6a52f74fa4284e1abc9d0470589ae152&url=https%3a%2f%2fwww.heraldsun.com.au%2fsport%2fnrl%2fthe-nrl-shoulder-charge-law-claims-its-first-victim%2fnews-story%2fa53418cfd96867aa7dca516b241cb248&c=9859737240206714538&mkt=en-au","","https://www.heraldsun.com.au/sport/nrl/the-nrl-shoulder-charge-law-claims-its-first-victim/news-story/a53418cfd96867aa7dca516b241cb248","false","NORTH Queensland’s Jason Taumalolo has become the first victim of the NRL’s new shoulder charge laws, that has left many confused. Taumalolo was found guilty by the NRL judiciary of a shoulder charge, ..."
"nql","North Queensland Cowboys","Jason Taumalolo","backup_baseline","10","au.sports.yahoo.com","4","contract_language|context_or_team_article","false","Yahoo Sport Australia","Mon, 08 Jun 2026 17:00:00 GMT","team_or_context_candidate_needs_article_review","The EIGHT current worst value for money contracts in the NRL","https://au.sports.yahoo.com/eight-current-worst-value-money-203100385.html","http://www.bing.com/news/apiclick.aspx?ref=FexRss&aid=&tid=6a52f753f03a4cc6846c8ae1916c1748&url=https%3a%2f%2fau.sports.yahoo.com%2feight-current-worst-value-money-203100385.html&c=17264841661166123321&mkt=en-au","","https://au.sports.yahoo.com/eight-current-worst-value-money-203100385.html","false","There's nothing more disappointing in rugby league than knowing your club is paying a player far too much than they deserve, wasting salary cap space. While some clubs are extracting maximum value ..."
"nql","North Queensland Cowboys","Reed Mahoney","backup_baseline","","","","","","","","no_candidate_found","","","","","","",""
"nql","North Queensland Cowboys","Coen Hess","backup_baseline","","","","","","","","no_candidate_found","","","","","","",""
"nql","North Queensland Cowboys","Heilum Luki","backup_baseline","1","nrl.com","20","exact_player_name","true","National Rugby League","Fri, 15 May 2026 17:00:00 GMT","player_focused_candidate_needs_article_review","Luki hoping for change of luck in pursuit of Origin dream","https://www.nrl.com/news/2026/05/17/luki-hoping-for-change-of-luck-in-pursuit-of-origin-dream/","http://www.bing.com/news/apiclick.aspx?ref=FexRss&aid=&tid=6a52f7627dcf4fc7be6e697f13253f24&url=https%3a%2f%2fwww.nrl.com%2fnews%2f2026%2f05%2f17%2fluki-hoping-for-change-of-luck-in-pursuit-of-origin-dream%2f&c=17727298531025957677&mkt=en-au","","https://www.nrl.com/news/2026/05/17/luki-hoping-for-change-of-luck-in-pursuit-of-origin-dream/","false","Is North Queensland Cowboys second rower Heilum Luki ready for the State of Origin arena? “Bloody oath” - according to North Queensland Cowboys captain Reuben Cotter. “He’s been playing some great ..."
"nql","North Queensland Cowboys","Heilum Luki","backup_baseline","2","smh.com.au","7","contract_language|context_or_team_article","false","Sydney Morning Herald","Mon, 11 May 2020 17:00:00 GMT","team_or_context_candidate_needs_article_review","Nine, NRL on brink of deal to seal $1.9 billion broadcast bonanza","https://www.smh.com.au/sport/nrl/nine-nrl-on-brink-of-deal-to-seal-1-9-billion-broadcast-bonanza-20200512-p54scv.html","http://www.bing.com/news/apiclick.aspx?ref=FexRss&aid=&tid=6a52f7648e6b4a6ba2cf26c7797c5e11&url=https%3a%2f%2fwww.smh.com.au%2fsport%2fnrl%2fnine-nrl-on-brink-of-deal-to-seal-1-9-billion-broadcast-bonanza-20200512-p54scv.html&c=10283903415388544094&mkt=en-au","","https://www.smh.com.au/sport/nrl/nine-nrl-on-brink-of-deal-to-seal-1-9-billion-broadcast-bonanza-20200512-p54scv.html","false","You have reached your maximum number of saved items. Remove items from your saved list to add more. Nine Entertainment Co is close to agreeing to a revised three-year deal with the NRL as the code ..."
"nql","North Queensland Cowboys","Heilum Luki","backup_baseline","3","afr.com","0","contract_language|context_or_team_article","false","The Australian Financial Review","Tue, 26 May 2026 13:00:00 GMT","context_only_untrusted_domain","Nine CEO pitches V’landys on exclusive NRL deal","https://www.afr.com/companies/media-and-marketing/nine-ceo-pitches-v-landys-on-exclusive-nrl-deal-cutting-out-foxtel-20260526-p600tw","http://www.bing.com/news/apiclick.aspx?ref=FexRss&aid=&tid=6a52f7648e6b4a6ba2cf26c7797c5e11&url=https%3a%2f%2fwww.afr.com%2fcompanies%2fmedia-and-marketing%2fnine-ceo-pitches-v-landys-on-exclusive-nrl-deal-cutting-out-foxtel-20260526-p600tw&c=14420439829069484302&mkt=en-au","","https://www.afr.com/companies/media-and-marketing/nine-ceo-pitches-v-landys-on-exclusive-nrl-deal-cutting-out-foxtel-20260526-p600tw","false","Australian media giant Nine Entertainment is pitching to buy all the NRL broadcast rights, in a high-stakes bid to bolster its streaming platform Stan and carve Foxtel out of the sport for the first ..."
"nql","North Queensland Cowboys","Jeremiah Nanai","backup_baseline","","","","","","","","no_candidate_found","","","","","","",""
"nql","North Queensland Cowboys","Reuben Cotter","backup_baseline","1","couriermail.com.au","24","exact_player_name","true","The Courier-Mail","Sun, 24 May 2026 23:43:00 GMT","player_focused_candidate_needs_article_review","North Queensland Cowboys coach Todd Payten has named Reuben Cotter and Murray Taulagi to play this weekend","https://www.couriermail.com.au/sport/nrl/decision-on-todd-paytens-cowboys-future-imminent-after-strong-hint-from-ceo/news-story/671724b15c1985c64bb40b7dd13c33ad","http://www.bing.com/news/apiclick.aspx?ref=FexRss&aid=&tid=6a52f77029e444a187fcca4d3a9cc1dc&url=https%3a%2f%2fwww.couriermail.com.au%2fsport%2fnrl%2fdecision-on-todd-paytens-cowboys-future-imminent-after-strong-hint-from-ceo%2fnews-story%2f671724b15c1985c64bb40b7dd13c33ad&c=2976039547400867164&mkt=en-au","","https://www.couriermail.com.au/sport/nrl/decision-on-todd-paytens-cowboys-future-imminent-after-strong-hint-from-ceo/news-story/671724b15c1985c64bb40b7dd13c33ad","false","Cotter was one of two changes to North Queensland’s team this week with star winger Murray Taulagi named to make his return from a concussion. Cowboys coach Todd Payten said the club’s medical staff ..."
"nql","North Queensland Cowboys","Reuben Cotter","backup_baseline","2","townsvillebulletin.com.au","24","exact_player_name","true","Townsville Bulletin","Sun, 24 May 2026 23:45:00 GMT","player_focused_candidate_needs_article_review","North Queensland Cowboys coach Todd Payten has named Reuben Cotter and Murray Taulagi to play this weekend","https://www.townsvillebulletin.com.au/sport/nrl/decision-on-todd-paytens-cowboys-future-imminent-after-strong-hint-from-ceo/news-story/671724b15c1985c64bb40b7dd13c33ad","http://www.bing.com/news/apiclick.aspx?ref=FexRss&aid=&tid=6a52f77029e444a187fcca4d3a9cc1dc&url=https%3a%2f%2fwww.townsvillebulletin.com.au%2fsport%2fnrl%2fdecision-on-todd-paytens-cowboys-future-imminent-after-strong-hint-from-ceo%2fnews-story%2f671724b15c1985c64bb40b7dd13c33ad&c=18060852564314648607&mkt=en-au","","https://www.townsvillebulletin.com.au/sport/nrl/decision-on-todd-paytens-cowboys-future-imminent-after-strong-hint-from-ceo/news-story/671724b15c1985c64bb40b7dd13c33ad","false","Cowboys coach Todd Payten has made two changes to his side that beat the Rabbitohs, with a star winger returning and his skipper expected to back up after Origin I. See all the latest team news Cotter ..."
"nql","North Queensland Cowboys","John Bateman","backup_baseline","1","dailytelegraph.com.au","30","contract_language|exact_player_name","true","The Daily Telegraph","Mon, 25 May 2020 04:00:00 GMT","player_focused_candidate_needs_article_review","NRL 2020: John Bateman Canberra Raiders contract twist","https://www.dailytelegraph.com.au/sport/nrl/nrl-2020-john-bateman-canberra-raiders-contract-twist/news-story/ec69fa7e480f5a842f3e7160f3f62599","http://www.bing.com/news/apiclick.aspx?ref=FexRss&aid=&tid=6a52f77aa5274e0eb8ed39c74b654565&url=https%3a%2f%2fwww.dailytelegraph.com.au%2fsport%2fnrl%2fnrl-2020-john-bateman-canberra-raiders-contract-twist%2fnews-story%2fec69fa7e480f5a842f3e7160f3f62599&c=9352147370907777839&mkt=en-au","","https://www.dailytelegraph.com.au/sport/nrl/nrl-2020-john-bateman-canberra-raiders-contract-twist/news-story/ec69fa7e480f5a842f3e7160f3f62599","false","Furner’s comments come after Bateman broke his silence on his ongoing contract saga over the weekend, denying reports he has on four occasions asked to be released from his Raiders contract. Follow up ..."
"nql","North Queensland Cowboys","John Bateman","backup_baseline","2","goldcoastbulletin.com.au","27","contract_language|exact_player_name","true","Gold Coast Sun","Mon, 25 May 2020 04:00:00 GMT","player_focused_candidate_needs_article_review","NRL 2020: John Bateman Canberra Raiders contract twist","https://www.goldcoastbulletin.com.au/sport/nrl/nrl-2020-john-bateman-canberra-raiders-contract-twist/news-story/ec69fa7e480f5a842f3e7160f3f62599","http://www.bing.com/news/apiclick.aspx?ref=FexRss&aid=&tid=6a52f77aa5274e0eb8ed39c74b654565&url=https%3a%2f%2fwww.goldcoastbulletin.com.au%2fsport%2fnrl%2fnrl-2020-john-bateman-canberra-raiders-contract-twist%2fnews-story%2fec69fa7e480f5a842f3e7160f3f62599&c=18081868282392229517&mkt=en-au","","https://www.goldcoastbulletin.com.au/sport/nrl/nrl-2020-john-bateman-canberra-raiders-contract-twist/news-story/ec69fa7e480f5a842f3e7160f3f62599","false","Don't miss out on the headlines from NRL. Followed categories will be added to My News. Furner’s comments come after Bateman broke his silence on his ongoing contract saga over the weekend, denying ..."
"nql","North Queensland Cowboys","John Bateman","backup_baseline","3","news.com.au","27","contract_language|exact_player_name","true","Couriermail","Mon, 25 May 2020 04:00:00 GMT","player_focused_candidate_needs_article_review","NRL 2020: John Bateman Canberra Raiders contract twist","https://www.news.com.au/sport/nrl/nrl-2020-john-bateman-canberra-raiders-contract-twist/news-story/ec69fa7e480f5a842f3e7160f3f62599","http://www.bing.com/news/apiclick.aspx?ref=FexRss&aid=&tid=6a52f77aa5274e0eb8ed39c74b654565&url=https%3a%2f%2fwww.news.com.au%2fsport%2fnrl%2fnrl-2020-john-bateman-canberra-raiders-contract-twist%2fnews-story%2fec69fa7e480f5a842f3e7160f3f62599&c=6348286200288959830&mkt=en-au","","https://www.news.com.au/sport/nrl/nrl-2020-john-bateman-canberra-raiders-contract-twist/news-story/ec69fa7e480f5a842f3e7160f3f62599","false","Furner’s comments come after Bateman broke his silence on his ongoing contract saga over the weekend, denying reports he has on four occasions asked to be released from his Raiders contract. Follow up ..."
"nql","North Queensland Cowboys","Matt Lodge","backup_baseline","","","","","","","","no_candidate_found","","","","","","",""
"nql","North Queensland Cowboys","Sam McIntyre","backup_baseline","","","","","","","","no_candidate_found","","","","","","",""
"nql","North Queensland Cowboys","Griffin Neame","backup_baseline","1","smh.com.au","10","money|contract_language|context_or_team_article","false","Sydney Morning Herald","Fri, 26 Jun 2026 17:01:00 GMT","team_or_context_candidate_needs_article_review","New broadcast deal could push NRL salary cap up to $20m by 2028","https://www.smh.com.au/sport/nrl/new-broadcast-deal-could-push-nrl-salary-cap-up-to-20m-by-2028-20260627-p60ak2.html","http://www.bing.com/news/apiclick.aspx?ref=FexRss&aid=&tid=6a52f79065124ef3aabd6a419a3ea95b&url=https%3a%2f%2fwww.smh.com.au%2fsport%2fnrl%2fnew-broadcast-deal-could-push-nrl-salary-cap-up-to-20m-by-2028-20260627-p60ak2.html&c=16384154360396862290&mkt=en-au","","https://www.smh.com.au/sport/nrl/new-broadcast-deal-could-push-nrl-salary-cap-up-to-20m-by-2028-20260627-p60ak2.html","false","You have reached your maximum number of saved items. Remove items from your saved list to add more. The new multibillion-dollar broadcast rights deal could push the salary cap as high as $20 million ..."
"nql","North Queensland Cowboys","Griffin Neame","backup_baseline","2","au.sports.yahoo.com","4","contract_language|context_or_team_article","false","Yahoo Sport Australia","Fri, 08 May 2026 14:50:00 GMT","team_or_context_candidate_needs_article_review","The SEVEN current best value for money contracts in the NRL","https://au.sports.yahoo.com/seven-current-best-value-money-214941645.html","http://www.bing.com/news/apiclick.aspx?ref=FexRss&aid=&tid=6a52f79329a0495fb94db8522a08fd58&url=https%3a%2f%2fau.sports.yahoo.com%2fseven-current-best-value-money-214941645.html&c=14537114608194793438&mkt=en-au","","https://au.sports.yahoo.com/seven-current-best-value-money-214941645.html","false","The beauty of the salary cap is that it is supposed to level the playing field for all NRL teams. There is enough space for stars, but not multiple, meaning rosters need to be carefully crafted so ..."
"nql","North Queensland Cowboys","Harrison Edwards","bucket_unknown","","","","","","","","no_candidate_found","","","","","","",""
"nql","North Queensland Cowboys","James Walsh","bucket_unknown","","","","","","","","no_candidate_found","","","","","","",""
"nql","North Queensland Cowboys","Jaxson Paulo","bucket_unknown","","","","","","","","no_candidate_found","","","","","","",""
"nql","North Queensland Cowboys","Kai O'Donnell","bucket_unknown","","","","","","","","no_candidate_found","","","","","","",""
"nql","North Queensland Cowboys","Kaiden Lahrs","bucket_unknown","","","","","","","","no_candidate_found","","","","","","",""
"nql","North Queensland Cowboys","Mason Kira","bucket_unknown","","","","","","","","no_candidate_found","","","","","","",""
"nql","North Queensland Cowboys","Soni Luke","bucket_unknown","","","","","","","","no_candidate_found","","","","","","",""
"nql","North Queensland Cowboys","Thomas Mikaele","bucket_unknown","","","","","","","","no_candidate_found","","","","","","",""
"nql","North Queensland Cowboys","Viliami Vailea","bucket_unknown","","","","","","","","no_candidate_found","","","","","","",""
"nql","North Queensland Cowboys","Zac Herdegen","bucket_unknown","1","thechronicle.com.au","-3","context_or_team_article","false","The Toowoomba Chronicle","Sun, 07 Jun 2026 04:36:00 GMT","context_only_untrusted_domain","Emerging North Queensland Cowboys playmaker puts hand up for NRL debut","https://www.thechronicle.com.au/sport/nrl/emerging-north-queensland-cowboys-playmaker-puts-hand-up-for-nrl-debut/news-story/704834cb216b30c399a7bfeeffa3ba5a","http://www.bing.com/news/apiclick.aspx?ref=FexRss&aid=&tid=6a52f7d61de2448db8c36e420e9f5e13&url=https%3a%2f%2fwww.thechronicle.com.au%2fsport%2fnrl%2femerging-north-queensland-cowboys-playmaker-puts-hand-up-for-nrl-debut%2fnews-story%2f704834cb216b30c399a7bfeeffa3ba5a&c=10578445068509245356&mkt=en-au","","https://www.thechronicle.com.au/sport/nrl/emerging-north-queensland-cowboys-playmaker-puts-hand-up-for-nrl-debut/news-story/704834cb216b30c399a7bfeeffa3ba5a","false","The 20-year-old has stepped in to the primary playmaker role at the Pride this year after deputising Jake Clifford and Tom Duffy last season. The former Queensland U19s squad member finished his ..."
"par","Parramatta Eels","Isaiah Iongi","backup_baseline","","","","","","","","no_candidate_found","","","","","","",""
"par","Parramatta Eels","Bailey Simonsson","backup_baseline","","","","","","","","no_candidate_found","","","","","","",""
"par","Parramatta Eels","Will Penisini","backup_baseline","1","7news.com.au","7","money|contract_language|context_or_team_article","false","7NEWS Australia","Fri, 28 Oct 2022 02:27:00 GMT","team_or_context_candidate_needs_article_review","Ultimate NRL free agency preview: Your club’s out-of-contract stars and where they could end up","https://7news.com.au/sport/rugby-league/ultimate-nrl-free-agency-preview-your-clubs-out-of-contract-stars-and-where-they-could-end-up-c-8677336","http://www.bing.com/news/apiclick.aspx?ref=FexRss&aid=&tid=6a52f7eeb031479d872146ba0e154f1c&url=https%3a%2f%2f7news.com.au%2fsport%2frugby-league%2fultimate-nrl-free-agency-preview-your-clubs-out-of-contract-stars-and-where-they-could-end-up-c-8677336&c=143273184193222445&mkt=en-au","","https://7news.com.au/sport/rugby-league/ultimate-nrl-free-agency-preview-your-clubs-out-of-contract-stars-and-where-they-could-end-up-c-8677336","false","Over $50 million worth of player talent will be free to negotiate with clubs for season 2024 and beyond when the NRL free agency period begins on November 1. Latrell Mitchell, Mit ..."
"par","Parramatta Eels","Sean Russell","backup_baseline","1","dailytelegraph.com.au","10","money|contract_language|context_or_team_article","false","The Daily Telegraph","Tue, 23 Jun 2026 12:12:00 GMT","team_or_context_candidate_needs_article_review","NRL to grant Perth Bears $500k salary cap concessions in landmark third-party arrangement","https://www.dailytelegraph.com.au/sport/nrl/nrl-to-grant-perth-bears-500k-salary-cap-concessions-in-landmark-thirdparty-arrangement/news-story/0c5c097536d723f0d0cb46c86fd051ff","http://www.bing.com/news/apiclick.aspx?ref=FexRss&aid=&tid=6a52f7f1a7d44200a8c7f498c1d81b8a&url=https%3a%2f%2fwww.dailytelegraph.com.au%2fsport%2fnrl%2fnrl-to-grant-perth-bears-500k-salary-cap-concessions-in-landmark-thirdparty-arrangement%2fnews-story%2f0c5c097536d723f0d0cb46c86fd051ff&c=13072428604770190172&mkt=en-au","","https://www.dailytelegraph.com.au/sport/nrl/nrl-to-grant-perth-bears-500k-salary-cap-concessions-in-landmark-thirdparty-arrangement/news-story/0c5c097536d723f0d0cb46c86fd051ff","false","In a historic development for the NRL’s 18th club, this masthead has been told Perth will receive a special marquee player privilege where existing club sponsors can top-up a player’s contract by 20 ..."
"par","Parramatta Eels","Josh Addo-Carr","backup_baseline","1","foxsports.com.au","29","contract_language|exact_player_name","true","FOX SPORTS","Sun, 14 Jun 2026 05:43:00 GMT","player_focused_candidate_needs_article_review","NRL 2020: Josh Addo-Carr, Melbourne Storm, NRL contract, transfers, moves, Wests Tigers, Sydney","https://www.foxsports.com.au/nrl/nrl-premiership/teams/storm/nrl-2020-josh-addocarr-melbourne-storm-nrl-contract-transfers-moves-wests-tigers-sydney/news-story/55dd65e817d27cc1141f269598681311","http://www.bing.com/news/apiclick.aspx?ref=FexRss&aid=&tid=6a52f7f904e5422583bccd54fe9ceb76&url=https%3a%2f%2fwww.foxsports.com.au%2fnrl%2fnrl-premiership%2fteams%2fstorm%2fnrl-2020-josh-addocarr-melbourne-storm-nrl-contract-transfers-moves-wests-tigers-sydney%2fnews-story%2f55dd65e817d27cc1141f269598681311&c=12738152604191342843&mkt=en-au","","https://www.foxsports.com.au/nrl/nrl-premiership/teams/storm/nrl-2020-josh-addocarr-melbourne-storm-nrl-contract-transfers-moves-wests-tigers-sydney/news-story/55dd65e817d27cc1141f269598681311","false","NSW State of Origin winger Josh Addo-Carr is wrestling with the prospect of having to make the toughest phone call of his career to Melbourne Storm coach Craig Bellamy. Addo-Carr is facing a ..."
"par","Parramatta Eels","Jonah Pezet","backup_baseline","1","7news.com.au","7","money|contract_language|context_or_team_article","false","7NEWS Australia","Fri, 28 Oct 2022 02:27:00 GMT","team_or_context_candidate_needs_article_review","Ultimate NRL free agency preview: Your club’s out-of-contract stars and where they could end up","https://7news.com.au/sport/rugby-league/ultimate-nrl-free-agency-preview-your-clubs-out-of-contract-stars-and-where-they-could-end-up-c-8677336","http://www.bing.com/news/apiclick.aspx?ref=FexRss&aid=&tid=6a52f80277484684be4c68c8022fa2de&url=https%3a%2f%2f7news.com.au%2fsport%2frugby-league%2fultimate-nrl-free-agency-preview-your-clubs-out-of-contract-stars-and-where-they-could-end-up-c-8677336&c=143273184193222445&mkt=en-au","","https://7news.com.au/sport/rugby-league/ultimate-nrl-free-agency-preview-your-clubs-out-of-contract-stars-and-where-they-could-end-up-c-8677336","false","Over $50 million worth of player talent will be free to negotiate with clubs for season 2024 and beyond when the NRL free agency period begins on November 1. Latrell Mitchell, Mit ..."
"par","Parramatta Eels","Mitchell Moses","backup_baseline","1","dailytelegraph.com.au","30","contract_language|exact_player_name","true","The Daily Telegraph","Mon, 12 Dec 2022 03:52:00 GMT","player_focused_candidate_needs_article_review","NRL News: Biggest off-contract stars ahead of 2024, Dominic Young, Mitchell Moses, Dylan Brown","https://www.dailytelegraph.com.au/sport/nrl/nrl-news-nine-clubs-chasing-huddersfield-young-gun/news-story/23444ad1813dbf9d1e120131bb9c727e","http://www.bing.com/news/apiclick.aspx?ref=FexRss&aid=&tid=6a52f806f2964e53a014cf450dc3290c&url=https%3a%2f%2fwww.dailytelegraph.com.au%2fsport%2fnrl%2fnrl-news-nine-clubs-chasing-huddersfield-young-gun%2fnews-story%2f23444ad1813dbf9d1e120131bb9c727e&c=459499442747899399&mkt=en-au","","https://www.dailytelegraph.com.au/sport/nrl/nrl-news-nine-clubs-chasing-huddersfield-young-gun/news-story/23444ad1813dbf9d1e120131bb9c727e","false","Dominic Young, the strapping Knights flyer from Huddersfield with Jamaican genes and a penchant for scoring tries, leads a star-studded list of players still for sale with each of their contract calls ..."
"par","Parramatta Eels","Mitchell Moses","backup_baseline","2","townsvillebulletin.com.au","27","contract_language|exact_player_name","true","Townsville Bulletin","Mon, 19 Apr 2021 07:52:00 GMT","player_focused_candidate_needs_article_review","NRL 2021: ‘Sluggish’ Parramatta Eels take huge risk on Mitchell Moses deal","https://www.townsvillebulletin.com.au/sport/nrl/nrl-2021-sluggish-parramatta-eels-take-huge-risk-on-mitchell-moses-deal/news-story/cf6f96c3fede73af8ab85afc36e6bc23","http://www.bing.com/news/apiclick.aspx?ref=FexRss&aid=&tid=6a52f8053fbe4c6390b5cffd8236ef31&url=https%3a%2f%2fwww.townsvillebulletin.com.au%2fsport%2fnrl%2fnrl-2021-sluggish-parramatta-eels-take-huge-risk-on-mitchell-moses-deal%2fnews-story%2fcf6f96c3fede73af8ab85afc36e6bc23&c=135354487595602644&mkt=en-au","","https://www.townsvillebulletin.com.au/sport/nrl/nrl-2021-sluggish-parramatta-eels-take-huge-risk-on-mitchell-moses-deal/news-story/cf6f96c3fede73af8ab85afc36e6bc23","false","Moses produced one of the best games of his career to steer the Eels to victory over the Canberra Raiders on Saturday night yet he remains a free agent. This is at a time when the likes of the Broncos ..."
"par","Parramatta Eels","Mitchell Moses","backup_baseline","3","msn.com","3","money|contract_language|context_or_team_article","false","Man of Many on MSN","Tue, 30 Jun 2026 15:06:27 GMT","context_only_untrusted_domain","10 highest paid NRL players for 2026","https://www.msn.com/en-au/sport/rugby_league/10-highest-paid-nrl-players-for-2026/ar-AA2719cA","http://www.bing.com/news/apiclick.aspx?ref=FexRss&aid=&tid=6a52f8053fbe4c6390b5cffd8236ef31&url=https%3a%2f%2fwww.msn.com%2fen-au%2fsport%2frugby_league%2f10-highest-paid-nrl-players-for-2026%2far-AA2719cA&c=3173818839366038056&mkt=en-au","","https://www.msn.com/en-au/sport/rugby_league/10-highest-paid-nrl-players-for-2026/ar-AA2719cA","false","Driven by expanding club salary caps, rugby league’s elite stars are securing record-shattering paydays for the 2026 NRL season. Led by Dylan Brown’s historic $13 million move, this list looks at the ..."
"par","Parramatta Eels","J'maine Hopgood","backup_baseline","","","","","","","","no_candidate_found","","","","","","",""
"par","Parramatta Eels","Ryley Smith","backup_baseline","","","","","","","","no_candidate_found","","","","","","",""
"par","Parramatta Eels","Junior Paulo","backup_baseline","1","geelongadvertiser.com.au","27","contract_language|exact_player_name","true","Geelong Advertiser","Wed, 11 May 2016 04:26:00 GMT","player_focused_candidate_needs_article_review","Third grade rugby coach takes blame for Junior Paulo breaching his NRL contract","https://www.geelongadvertiser.com.au/sport/nrl/third-grade-rugby-coach-takes-blame-for-junior-paulo-breaching-his-nrl-contract/news-story/9311f67679138f28d32b4848b12e73e1","http://www.bing.com/news/apiclick.aspx?ref=FexRss&aid=&tid=6a52f819e81e46d8a101170d89bc6d75&url=https%3a%2f%2fwww.geelongadvertiser.com.au%2fsport%2fnrl%2fthird-grade-rugby-coach-takes-blame-for-junior-paulo-breaching-his-nrl-contract%2fnews-story%2f9311f67679138f28d32b4848b12e73e1&c=2601013860645440650&mkt=en-au","","https://www.geelongadvertiser.com.au/sport/nrl/third-grade-rugby-coach-takes-blame-for-junior-paulo-breaching-his-nrl-contract/news-story/9311f67679138f28d32b4848b12e73e1","false","A THIRD grade rugby coach has taken all blame for Parramatta enforcer Junior Paulo breaching his NRL contract, saying: “I just wanted my boys to play alongside a superstar.” Speaking with The Daily ..."
"par","Parramatta Eels","Kelma Tuilagi","backup_baseline","","","","","","","","no_candidate_found","","","","","","",""
"par","Parramatta Eels","Kitione Kautoga","backup_baseline","","","","","","","","no_candidate_found","","","","","","",""
"par","Parramatta Eels","Jack Williams","backup_baseline","","","","","","","","no_candidate_found","","","","","","",""
"par","Parramatta Eels","Dylan Walker","backup_baseline","1","au.sports.yahoo.com","30","contract_language|term_language|exact_player_name","true","Yahoo Sports Australia","Mon, 06 Jul 2026 18:03:00 GMT","player_focused_candidate_needs_article_review","Dylan Walker reveals “disappointing” contract negotiations","https://au.sports.yahoo.com/dylan-walker-reveals-disappointing-contract-080313101.html","http://www.bing.com/news/apiclick.aspx?ref=FexRss&aid=&tid=6a52f83b4c28439586689bec9d21f045&url=https%3a%2f%2fau.sports.yahoo.com%2fdylan-walker-reveals-disappointing-contract-080313101.html&c=18145938697804027347&mkt=en-au","","https://au.sports.yahoo.com/dylan-walker-reveals-disappointing-contract-080313101.html","false","Departing Parramatta Eels lock forward Dylan Walker has revealed his disappointment over not being able to stay in the NRL beyond the end of 2026. Walker, who still believes he has plenty left in the ..."
"par","Parramatta Eels","Dylan Walker","backup_baseline","2","au.sports.yahoo.com","30","contract_language|term_language|exact_player_name","true","Yahoo Sports Australia","Sun, 05 Jul 2026 19:33:00 GMT","player_focused_candidate_needs_article_review","Dylan Walker confirms next contract, Eels exit","https://au.sports.yahoo.com/dylan-walker-confirms-next-contract-093330068.html","http://www.bing.com/news/apiclick.aspx?ref=FexRss&aid=&tid=6a52f83b4c28439586689bec9d21f045&url=https%3a%2f%2fau.sports.yahoo.com%2fdylan-walker-confirms-next-contract-093330068.html&c=16108223832056656094&mkt=en-au","","https://au.sports.yahoo.com/dylan-walker-confirms-next-contract-093330068.html","false","Parramatta Eels lock forward Dylan Walker has confirmed he will leave the club at the end of 2026, joining English Super League outfit the Leeds Rhinos on a three-year deal. Walker, who has been with ..."
"par","Parramatta Eels","Dylan Walker","backup_baseline","3","dailytelegraph.com.au","23","exact_player_name","true","Daily Telegraph","Thu, 02 Jul 2026 05:47:00 GMT","player_focused_candidate_needs_article_review","NRL market watch: Panthers grant premiership prop Moses Leota permission to test open market","https://www.dailytelegraph.com.au/sport/nrl/nrl-market-watch-panthers-grant-premiership-prop-moses-leota-permission-to-test-open-market/news-story/4008f19cfa5ee0ca87b94c1606edc5ad","http://www.bing.com/news/apiclick.aspx?ref=FexRss&aid=&tid=6a52f83c8433460bac2d34fefa329730&url=https%3a%2f%2fwww.dailytelegraph.com.au%2fsport%2fnrl%2fnrl-market-watch-panthers-grant-premiership-prop-moses-leota-permission-to-test-open-market%2fnews-story%2f4008f19cfa5ee0ca87b94c1606edc5ad&c=11489117357631864693&mkt=en-au","","https://www.dailytelegraph.com.au/sport/nrl/nrl-market-watch-panthers-grant-premiership-prop-moses-leota-permission-to-test-open-market/news-story/4008f19cfa5ee0ca87b94c1606edc5ad","false","Dylan Walker is set to become the latest high-profile NRL player to move to the Super League with the Parramatta utility on the verge of joining Brad Arthur-coached Leeds."
"par","Parramatta Eels","Tallyn Da Silva","backup_baseline","","","","","","","","no_candidate_found","","","","","","",""
"par","Parramatta Eels","Jack de Belin","backup_baseline","1","news.com.au","7","contract_language|term_language|context_or_team_article","false","Couriermail","Sat, 11 Apr 2015 04:21:00 GMT","team_or_context_candidate_needs_article_review","Parramatta Eels hand Danny Wicks a 12-month contract extension","https://www.news.com.au/sport/nrl/eels/parramatta-eels-hand-danny-wicks-a-12month-contract-extension/news-story/6d2263993755af9ba7af8d9654bc36b7","http://www.bing.com/news/apiclick.aspx?ref=FexRss&aid=&tid=6a52f8494aaf410498e11f03e13cb6e8&url=https%3a%2f%2fwww.news.com.au%2fsport%2fnrl%2feels%2fparramatta-eels-hand-danny-wicks-a-12month-contract-extension%2fnews-story%2f6d2263993755af9ba7af8d9654bc36b7&c=15687381270673026641&mkt=en-au","","https://www.news.com.au/sport/nrl/eels/parramatta-eels-hand-danny-wicks-a-12month-contract-extension/news-story/6d2263993755af9ba7af8d9654bc36b7","false","THE Parramatta Eels have handed forward Danny Wicks a contract extension that will keep him with the club until the end of the 2016 season. Just over two years since Wicks walked out the front gates ..."
"par","Parramatta Eels","Jack de Belin","backup_baseline","2","geelongadvertiser.com.au","7","money|contract_language|context_or_team_article","false","Geelong Advertiser","Sun, 08 May 2016 17:00:00 GMT","team_or_context_candidate_needs_article_review","Parramatta Eels could lose another high-profile player in salary cap saga","https://www.geelongadvertiser.com.au/sport/nrl/parramatta-eels-could-lose-another-highprofile-player-in-salary-cap-saga/news-story/2ebdd79691df1743c08fb25e1f886de3","http://www.bing.com/news/apiclick.aspx?ref=FexRss&aid=&tid=6a52f8494aaf410498e11f03e13cb6e8&url=https%3a%2f%2fwww.geelongadvertiser.com.au%2fsport%2fnrl%2fparramatta-eels-could-lose-another-highprofile-player-in-salary-cap-saga%2fnews-story%2f2ebdd79691df1743c08fb25e1f886de3&c=13872631228268262004&mkt=en-au","","https://www.geelongadvertiser.com.au/sport/nrl/parramatta-eels-could-lose-another-highprofile-player-in-salary-cap-saga/news-story/2ebdd79691df1743c08fb25e1f886de3","false","The Eels need to shave $570,000 off their cap if they are to play for premiership points on Friday night against South Sydney. The inevitable retirement of injury-struck forward Watmough will help ..."
"par","Parramatta Eels","Jack de Belin","backup_baseline","3","7news.com.au","7","money|contract_language|context_or_team_article","false","7NEWS Australia","Fri, 28 Oct 2022 02:27:00 GMT","team_or_context_candidate_needs_article_review","Ultimate NRL free agency preview: Your club’s out-of-contract stars and where they could end up","https://7news.com.au/sport/rugby-league/ultimate-nrl-free-agency-preview-your-clubs-out-of-contract-stars-and-where-they-could-end-up-c-8677336","http://www.bing.com/news/apiclick.aspx?ref=FexRss&aid=&tid=6a52f84de59d4742acc75424c7b0ab82&url=https%3a%2f%2f7news.com.au%2fsport%2frugby-league%2fultimate-nrl-free-agency-preview-your-clubs-out-of-contract-stars-and-where-they-could-end-up-c-8677336&c=143273184193222445&mkt=en-au","","https://7news.com.au/sport/rugby-league/ultimate-nrl-free-agency-preview-your-clubs-out-of-contract-stars-and-where-they-could-end-up-c-8677336","false","Over $50 million worth of player talent will be free to negotiate with clubs for season 2024 and beyond when the NRL free agency period begins on November 1. Latrell Mitchell, Mit ..."
"par","Parramatta Eels","Jack de Belin","backup_baseline","4","couriermail.com.au","4","contract_language|context_or_team_article","false","The Courier-Mail","Tue, 08 Mar 2016 05:36:00 GMT","team_or_context_candidate_needs_article_review","Parramatta Eels: Club board and executives oversaw culture of salary cap rule breaches","https://www.couriermail.com.au/sport/nrl/teams/eels/parramatta-eels-club-board-and-executives-oversaw-culture-of-salary-cap-rule-breaches/news-story/2fdf79d69b5f38c0eb440e9245daf6a0","http://www.bing.com/news/apiclick.aspx?ref=FexRss&aid=&tid=6a52f8494aaf410498e11f03e13cb6e8&url=https%3a%2f%2fwww.couriermail.com.au%2fsport%2fnrl%2fteams%2feels%2fparramatta-eels-club-board-and-executives-oversaw-culture-of-salary-cap-rule-breaches%2fnews-story%2f2fdf79d69b5f38c0eb440e9245daf6a0&c=4477659686251948416&mkt=en-au","","https://www.couriermail.com.au/sport/nrl/teams/eels/parramatta-eels-club-board-and-executives-oversaw-culture-of-salary-cap-rule-breaches/news-story/2fdf79d69b5f38c0eb440e9245daf6a0","false","THE Parramatta Eels board and senior executives have overseen a culture of breaching salary cap rules by rewarding players’ third-party sponsors with corporate boxes, explosive internal documents ..."
"par","Parramatta Eels","Matt Doorey","backup_baseline","","","","","","","","no_candidate_found","","","","","","",""
"par","Parramatta Eels","Brian Kelly","bucket_unknown","","","","","","","","no_candidate_found","","","","","","",""
"par","Parramatta Eels","Charlie Guymer","bucket_unknown","","","","","","","","no_candidate_found","","","","","","",""
"par","Parramatta Eels","Jake Tago","bucket_unknown","","","","","","","","no_candidate_found","","","","","","",""
"par","Parramatta Eels","Joash Papalii","bucket_unknown","","","","","","","","no_candidate_found","","","","","","",""
"par","Parramatta Eels","Jordan Samrani","bucket_unknown","","","","","","","","no_candidate_found","","","","","","",""
"par","Parramatta Eels","Luca Moretti","bucket_unknown","","","","","","","","no_candidate_found","","","","","","",""
"par","Parramatta Eels","Richard Penisini","bucket_unknown","","","","","","","","no_candidate_found","","","","","","",""
"par","Parramatta Eels","Ronald Volkman","bucket_unknown","1","dailytelegraph.com.au","30","contract_language|exact_player_name","true","Daily Telegraph","Thu, 09 Jul 2026 11:39:00 GMT","player_focused_candidate_needs_article_review","Parramatta Eels target Jarome Luai as rejuvenated playmaker Ronald Volkman departs","https://www.dailytelegraph.com.au/sport/nrl/parramatta-eels-target-jarome-luai-as-rejuvenated-playmaker-ronald-volkman-departs/news-story/52934ca0b0ab58e0affb94b31f8f480e","http://www.bing.com/news/apiclick.aspx?ref=FexRss&aid=&tid=6a52f8876e254793b42506bdc79895d3&url=https%3a%2f%2fwww.dailytelegraph.com.au%2fsport%2fnrl%2fparramatta-eels-target-jarome-luai-as-rejuvenated-playmaker-ronald-volkman-departs%2fnews-story%2f52934ca0b0ab58e0affb94b31f8f480e&c=7481674461350236736&mkt=en-au","","https://www.dailytelegraph.com.au/sport/nrl/parramatta-eels-target-jarome-luai-as-rejuvenated-playmaker-ronald-volkman-departs/news-story/52934ca0b0ab58e0affb94b31f8f480e","false","Contract talks between Parramatta and rejuvenated playmaker Ronald Volkman have broken down with the Eels expected to land Tigers co-captain Jarome Luai for next season."
"par","Parramatta Eels","Ronald Volkman","bucket_unknown","2","ntnews.com.au","27","contract_language|exact_player_name","true","NT News","Thu, 09 Jul 2026 09:00:00 GMT","player_focused_candidate_needs_article_review","Parramatta Eels target Jarome Luai as rejuvenated playmaker Ronald Volkman departs","https://www.ntnews.com.au/sport/nrl/parramatta-eels-target-jarome-luai-as-rejuvenated-playmaker-ronald-volkman-departs/news-story/52934ca0b0ab58e0affb94b31f8f480e","http://www.bing.com/news/apiclick.aspx?ref=FexRss&aid=&tid=6a52f88645ef48f3b3a0127284abca35&url=https%3a%2f%2fwww.ntnews.com.au%2fsport%2fnrl%2fparramatta-eels-target-jarome-luai-as-rejuvenated-playmaker-ronald-volkman-departs%2fnews-story%2f52934ca0b0ab58e0affb94b31f8f480e&c=14911463223825458841&mkt=en-au","","https://www.ntnews.com.au/sport/nrl/parramatta-eels-target-jarome-luai-as-rejuvenated-playmaker-ronald-volkman-departs/news-story/52934ca0b0ab58e0affb94b31f8f480e","false","Rejuvenated playmaker Ronald Volkman could be on the way out of Parramatta after contract talks on an extension broke down with the club."
"par","Parramatta Eels","Ryan Matterson","bucket_unknown","1","ntnews.com.au","27","contract_language|exact_player_name","true","Northern Territory News","Tue, 02 Jun 2026 20:38:00 GMT","player_focused_candidate_needs_article_review","Ryan Matterson joins Parramatta Eels on three-year deal","https://www.ntnews.com.au/sport/ryan-matterson-joins-parramatta-eels-on-threeyear-deal/news-story/6d181e81dd245aea053a27d93f2822c4","http://www.bing.com/news/apiclick.aspx?ref=FexRss&aid=&tid=6a52f88d4aab4c699c40e42cbdccc3ed&url=https%3a%2f%2fwww.ntnews.com.au%2fsport%2fryan-matterson-joins-parramatta-eels-on-threeyear-deal%2fnews-story%2f6d181e81dd245aea053a27d93f2822c4&c=11159978216070735599&mkt=en-au","","https://www.ntnews.com.au/sport/ryan-matterson-joins-parramatta-eels-on-threeyear-deal/news-story/6d181e81dd245aea053a27d93f2822c4","false","Matterson had two years remaining with Wests Tigers but quit the club early after claiming he was in dispute with coach Michael Maguire. He now has a spanking new three-year contract with the Eels, ..."
"par","Parramatta Eels","Ryan Matterson","bucket_unknown","2","themercury.com.au","27","news_corp_reporting|exact_player_name","true","The Mercury","Wed, 16 Oct 2019 10:45:00 GMT","player_focused_candidate_needs_article_review","Ryan Matterson now talking to South Sydney as Tigers exit looms","https://www.themercury.com.au/sport/ryan-matterson-now-talking-to-south-sydney-as-tigers-exit-looms/news-story/d5b53fbe8c7d6e1b8768716a5f8ae20c","http://www.bing.com/news/apiclick.aspx?ref=FexRss&aid=&tid=6a52f88e80154884a29ef5ecc61d2829&url=https%3a%2f%2fwww.themercury.com.au%2fsport%2fryan-matterson-now-talking-to-south-sydney-as-tigers-exit-looms%2fnews-story%2fd5b53fbe8c7d6e1b8768716a5f8ae20c&c=13113686766739196188&mkt=en-au","","https://www.themercury.com.au/sport/ryan-matterson-now-talking-to-south-sydney-as-tigers-exit-looms/news-story/d5b53fbe8c7d6e1b8768716a5f8ae20c","false","The Daily Telegraph understands the Rabbitohs are planning a preliminary meeting with Matterson’s management as early as Thursday as they look to replace retired club legend John Sutton. No offer has ..."
"par","Parramatta Eels","Ryan Matterson","bucket_unknown","3","geelongadvertiser.com.au","24","exact_player_name","true","Geelong Advertiser","Thu, 19 Sep 2019 13:34:00 GMT","player_focused_candidate_needs_article_review","Wests Tigers tire of Ryan Matterson — and rivals are circling","https://www.geelongadvertiser.com.au/sport/nrl/wests-tigers-tire-of-moneyhungry-ryan-matterson-and-rivals-are-circling/news-story/f56b740df63d7af41d0925ffa626b056","http://www.bing.com/news/apiclick.aspx?ref=FexRss&aid=&tid=6a52f88e80154884a29ef5ecc61d2829&url=https%3a%2f%2fwww.geelongadvertiser.com.au%2fsport%2fnrl%2fwests-tigers-tire-of-moneyhungry-ryan-matterson-and-rivals-are-circling%2fnews-story%2ff56b740df63d7af41d0925ffa626b056&c=14991903323195575667&mkt=en-au","","https://www.geelongadvertiser.com.au/sport/nrl/wests-tigers-tire-of-moneyhungry-ryan-matterson-and-rivals-are-circling/news-story/f56b740df63d7af41d0925ffa626b056","false","Ryan Matterson has been granted leave due to “personal reasons”. But the story runs much deeper, with officials frustrated at the star forward’s behaviour and push for more money. Club management ..."
"par","Parramatta Eels","Sam Tuivaiti","bucket_unknown","","","","","","","","no_candidate_found","","","","","","",""
"par","Parramatta Eels","Toni Mataele","bucket_unknown","","","","","","","","no_candidate_found","","","","","","",""
"pen","Penrith Panthers","Dylan Edwards","backup_baseline","","","","","","","","no_candidate_found","","","","","","",""
"pen","Penrith Panthers","Thomas Jenkins","backup_baseline","1","au.sports.yahoo.com","24","exact_player_name","true","Yahoo Sport Australia","Fri, 29 May 2026 16:59:00 GMT","player_focused_candidate_needs_article_review","SIX potential landing spots for Thomas Jenkins","https://au.sports.yahoo.com/six-potential-landing-spots-thomas-020035125.html","http://www.bing.com/news/apiclick.aspx?ref=FexRss&aid=&tid=6a52f8a7b19b44c0aaa8936576428f06&url=https%3a%2f%2fau.sports.yahoo.com%2fsix-potential-landing-spots-thomas-020035125.html&c=17791432625852513923&mkt=en-au","","https://au.sports.yahoo.com/six-potential-landing-spots-thomas-020035125.html","false","Thomas Jenkins has fast become one of the NRL's most dangerous wingers. That is, very likely, a sentence no one thought they'd be reading at the start of the season, and it has to be noted he is ..."
"pen","Penrith Panthers","Paul Alamoti","backup_baseline","1","au.sports.yahoo.com","7","money|contract_language|context_or_team_article","false","Yahoo Sports Australia","Tue, 23 Jun 2026 19:51:00 GMT","team_or_context_candidate_needs_article_review","Perth Bears receive salary cap boost from NRL","https://au.sports.yahoo.com/perth-bears-receive-salary-cap-025110246.html","http://www.bing.com/news/apiclick.aspx?ref=FexRss&aid=&tid=6a52f8b010994ed7bc8cd105000715f8&url=https%3a%2f%2fau.sports.yahoo.com%2fperth-bears-receive-salary-cap-025110246.html&c=545008729362569136&mkt=en-au","","https://au.sports.yahoo.com/perth-bears-receive-salary-cap-025110246.html","false","The NRL has granted the Perth Bears up to $500,000 worth of salary cap concessions to compete in the fight against PNG Chiefs. The latest NRL expansion club with receive compensation from the NRL to ..."
"pen","Penrith Panthers","Paul Alamoti","backup_baseline","2","msn.com","3","money|contract_language|context_or_team_article","false","The Sydney Morning Herald on MSN","Tue, 30 Jun 2026 21:37:58 GMT","context_only_untrusted_domain","New broadcast deal could push NRL salary cap up to $20m by 2028","https://www.msn.com/en-au/news/australia/new-broadcast-deal-could-push-nrl-salary-cap-up-to-20m-by-2028/ar-AA26H5IM","http://www.bing.com/news/apiclick.aspx?ref=FexRss&aid=&tid=6a52f8aed0194fb3ab4a6e435296645e&url=https%3a%2f%2fwww.msn.com%2fen-au%2fnews%2faustralia%2fnew-broadcast-deal-could-push-nrl-salary-cap-up-to-20m-by-2028%2far-AA26H5IM&c=15095945392879639673&mkt=en-au","","https://www.msn.com/en-au/news/australia/new-broadcast-deal-could-push-nrl-salary-cap-up-to-20m-by-2028/ar-AA26H5IM","false","A rich new broadcast deal means more money coming into the game. The biggest winners will be the star players, who could soon demand up to $2 million per season."
"pen","Penrith Panthers","Casey McLean","backup_baseline","","","","","","","","no_candidate_found","","","","","","",""
"pen","Penrith Panthers","Brian To'o","backup_baseline","1","dailytelegraph.com.au","10","money|contract_language|context_or_team_article","false","The Daily Telegraph","Tue, 23 Jun 2026 12:12:00 GMT","team_or_context_candidate_needs_article_review","NRL to grant Perth Bears $500k salary cap concessions in landmark third-party arrangement","https://www.dailytelegraph.com.au/sport/nrl/nrl-to-grant-perth-bears-500k-salary-cap-concessions-in-landmark-thirdparty-arrangement/news-story/0c5c097536d723f0d0cb46c86fd051ff","http://www.bing.com/news/apiclick.aspx?ref=FexRss&aid=&tid=6a52f8b945804819a8731aaef7cc33d0&url=https%3a%2f%2fwww.dailytelegraph.com.au%2fsport%2fnrl%2fnrl-to-grant-perth-bears-500k-salary-cap-concessions-in-landmark-thirdparty-arrangement%2fnews-story%2f0c5c097536d723f0d0cb46c86fd051ff&c=13072428604770190172&mkt=en-au","","https://www.dailytelegraph.com.au/sport/nrl/nrl-to-grant-perth-bears-500k-salary-cap-concessions-in-landmark-thirdparty-arrangement/news-story/0c5c097536d723f0d0cb46c86fd051ff","false","In a historic development for the NRL’s 18th club, this masthead has been told Perth will receive a special marquee player privilege where existing club sponsors can top-up a player’s contract by 20 ..."
"pen","Penrith Panthers","Brian To'o","backup_baseline","2","au.sports.yahoo.com","7","money|contract_language|context_or_team_article","false","Yahoo Sports Australia","Tue, 23 Jun 2026 19:51:00 GMT","team_or_context_candidate_needs_article_review","Perth Bears receive salary cap boost from NRL","https://au.sports.yahoo.com/perth-bears-receive-salary-cap-025110246.html","http://www.bing.com/news/apiclick.aspx?ref=FexRss&aid=&tid=6a52f8bc6c7b4ecd977992a4d4b47963&url=https%3a%2f%2fau.sports.yahoo.com%2fperth-bears-receive-salary-cap-025110246.html&c=545008729362569136&mkt=en-au","","https://au.sports.yahoo.com/perth-bears-receive-salary-cap-025110246.html","false","The NRL has granted the Perth Bears up to $500,000 worth of salary cap concessions to compete in the fight against PNG Chiefs. The latest NRL expansion club with receive compensation from the NRL to ..."
"pen","Penrith Panthers","Brian To'o","backup_baseline","3","theaustralian.com.au","4","contract_language|context_or_team_article","false","The Australian","Sat, 04 Jul 2026 01:59:00 GMT","team_or_context_candidate_needs_article_review","Off-contract Penrith star Mitch Kenny moves closer to contract extension","https://www.theaustralian.com.au/sport/nrl/offcontract-penrith-star-mitch-kenny-moves-closer-to-contract-extension/news-story/7c8f5a6dfa622cc31626b0a5966ea1a3","http://www.bing.com/news/apiclick.aspx?ref=FexRss&aid=&tid=6a52f8b9cf2d489981a7b4ea1903e9be&url=https%3a%2f%2fwww.theaustralian.com.au%2fsport%2fnrl%2foffcontract-penrith-star-mitch-kenny-moves-closer-to-contract-extension%2fnews-story%2f7c8f5a6dfa622cc31626b0a5966ea1a3&c=15637656445116124299&mkt=en-au","","https://www.theaustralian.com.au/sport/nrl/offcontract-penrith-star-mitch-kenny-moves-closer-to-contract-extension/news-story/7c8f5a6dfa622cc31626b0a5966ea1a3","false","The Panthers are edging closer to nailing down the first of its galaxy of off-contract stars, with hooker Mitch Kenny escalating talks about staying at Penrith."
"pen","Penrith Panthers","Brian To'o","backup_baseline","4","msn.com","3","money|contract_language|context_or_team_article","false","The Sydney Morning Herald on MSN","Tue, 30 Jun 2026 21:37:58 GMT","context_only_untrusted_domain","New broadcast deal could push NRL salary cap up to $20m by 2028","https://www.msn.com/en-au/news/australia/new-broadcast-deal-could-push-nrl-salary-cap-up-to-20m-by-2028/ar-AA26H5IM","http://www.bing.com/news/apiclick.aspx?ref=FexRss&aid=&tid=6a52f8b90ca046018ef90fefc1d3be8f&url=https%3a%2f%2fwww.msn.com%2fen-au%2fnews%2faustralia%2fnew-broadcast-deal-could-push-nrl-salary-cap-up-to-20m-by-2028%2far-AA26H5IM&c=15095945392879639673&mkt=en-au","","https://www.msn.com/en-au/news/australia/new-broadcast-deal-could-push-nrl-salary-cap-up-to-20m-by-2028/ar-AA26H5IM","false","A rich new broadcast deal means more money coming into the game. The biggest winners will be the star players, who could soon demand up to $2 million per season."
"pen","Penrith Panthers","Brian To'o","backup_baseline","5","loverugbyleague.com","0","contract_language|context_or_team_article","false","LoveRugbyLeague","Sun, 28 Jun 2026 02:02:00 GMT","context_only_untrusted_domain","NRL salary cap to go up AGAIN as Super League gulf widens further","https://www.loverugbyleague.com/post/nrl-salary-cap-to-go-up-again-as-super-league-gulf-widens-further","http://www.bing.com/news/apiclick.aspx?ref=FexRss&aid=&tid=6a52f8b90ca046018ef90fefc1d3be8f&url=https%3a%2f%2fwww.loverugbyleague.com%2fpost%2fnrl-salary-cap-to-go-up-again-as-super-league-gulf-widens-further&c=2927841752005492089&mkt=en-au","","https://www.loverugbyleague.com/post/nrl-salary-cap-to-go-up-again-as-super-league-gulf-widens-further","false","The NRL's salary cap will reach astronomical new heights as a result of its latest broadcast deal: leaving Super League trailing behind."
"pen","Penrith Panthers","Blaize Talagi","backup_baseline","1","au.sports.yahoo.com","30","contract_language|term_language|exact_player_name","true","Yahoo Sport Australia","Tue, 16 Jun 2026 17:00:00 GMT","player_focused_candidate_needs_article_review","Blaize Talagi keen to stay a Panther despite November 1 looming","https://au.sports.yahoo.com/blaize-talagi-keen-stay-panther-051007810.html","http://www.bing.com/news/apiclick.aspx?ref=FexRss&aid=&tid=6a52f8c236bc4636b8c2a7e7823d9a34&url=https%3a%2f%2fau.sports.yahoo.com%2fblaize-talagi-keen-stay-panther-051007810.html&c=4615357930491932418&mkt=en-au","","https://au.sports.yahoo.com/blaize-talagi-keen-stay-panther-051007810.html","false","Penrith Panthers star Blaize Talagi has found his home in the five-eighth jersey at the foot of the mountains. The rules state that if a player is off-contract at the end of 2027, rival NRL clubs ..."
"pen","Penrith Panthers","Blaize Talagi","backup_baseline","2","msn.com","3","money|contract_language|context_or_team_article","false","The Sydney Morning Herald on MSN","Tue, 30 Jun 2026 21:37:58 GMT","context_only_untrusted_domain","New broadcast deal could push NRL salary cap up to $20m by 2028","https://www.msn.com/en-au/news/australia/new-broadcast-deal-could-push-nrl-salary-cap-up-to-20m-by-2028/ar-AA26H5IM","http://www.bing.com/news/apiclick.aspx?ref=FexRss&aid=&tid=6a52f8c09a6843d4b3e6f14d16618fff&url=https%3a%2f%2fwww.msn.com%2fen-au%2fnews%2faustralia%2fnew-broadcast-deal-could-push-nrl-salary-cap-up-to-20m-by-2028%2far-AA26H5IM&c=15095945392879639673&mkt=en-au","","https://www.msn.com/en-au/news/australia/new-broadcast-deal-could-push-nrl-salary-cap-up-to-20m-by-2028/ar-AA26H5IM","false","A rich new broadcast deal means more money coming into the game. The biggest winners will be the star players, who could soon demand up to $2 million per season."
"pen","Penrith Panthers","Nathan Cleary","backup_baseline","1","news.com.au","33","money|contract_language|term_language|exact_player_name","true","Couriermail","Wed, 08 Apr 2026 15:54:00 GMT","player_focused_candidate_needs_article_review","Bombshell report reveals Nathan Cleary set to be NRL’s first $2m man","https://www.news.com.au/sport/nrl/bombshell-report-reveals-nathan-cleary-set-to-be-nrls-first-2m-man/news-story/a857297db3615b011aae7d8603652d09","http://www.bing.com/news/apiclick.aspx?ref=FexRss&aid=&tid=6a52f8c5611b441dadd2293cdd8c40ab&url=https%3a%2f%2fwww.news.com.au%2fsport%2fnrl%2fbombshell-report-reveals-nathan-cleary-set-to-be-nrls-first-2m-man%2fnews-story%2fa857297db3615b011aae7d8603652d09&c=6753453559351773920&mkt=en-au","","https://www.news.com.au/sport/nrl/bombshell-report-reveals-nathan-cleary-set-to-be-nrls-first-2m-man/news-story/a857297db3615b011aae7d8603652d09","false","Cleary, who is under contract with the Panthers until the end of 2027, will be free to negotiate with rival teams from November 1. Watch every game of every round of the Premiership Season LIVE with ..."
"pen","Penrith Panthers","Nathan Cleary","backup_baseline","2","dailytelegraph.com.au","30","money|exact_player_name","true","The Daily Telegraph","Thu, 11 Jun 2026 18:02:00 GMT","player_focused_candidate_needs_article_review","Perth Bears to unveil $7.5m jersey as cashed-up franchise targets Nathan Cleary and Matt Burton","https://www.dailytelegraph.com.au/sport/nrl/perth-bears-to-unveil-75m-jersey-as-cashedup-franchise-targets-nathan-cleary-and-matt-burton/news-story/bc38664df8138866b32f481ad3b1331e","http://www.bing.com/news/apiclick.aspx?ref=FexRss&aid=&tid=6a52f8c4365a42049bca215611b20332&url=https%3a%2f%2fwww.dailytelegraph.com.au%2fsport%2fnrl%2fperth-bears-to-unveil-75m-jersey-as-cashedup-franchise-targets-nathan-cleary-and-matt-burton%2fnews-story%2fbc38664df8138866b32f481ad3b1331e&c=9975192134786660632&mkt=en-au","","https://www.dailytelegraph.com.au/sport/nrl/perth-bears-to-unveil-75m-jersey-as-cashedup-franchise-targets-nathan-cleary-and-matt-burton/news-story/bc38664df8138866b32f481ad3b1331e","false","And it can also be revealed that the Bears’ primary home jumper for next season will be a throwback to the old North Sydney jersey of black and red hoops. The anticipated jersey will be released on ..."
"pen","Penrith Panthers","Nathan Cleary","backup_baseline","3","couriermail.com.au","27","money|exact_player_name","true","The Courier-Mail","Thu, 14 May 2026 09:01:00 GMT","player_focused_candidate_needs_article_review","Nathan Cleary could pocket more than $3 million tax-free at PNG if he leaves Penrith","https://www.couriermail.com.au/sport/nrl/nathan-cleary-could-pocket-more-than-3-million-taxfree-at-png-if-he-leaves-penrith/news-story/3c5941b28873eb8ec5e36e04218ee58a","http://www.bing.com/news/apiclick.aspx?ref=FexRss&aid=&tid=6a52f8c47a8d49dfbef1c4df3b914317&url=https%3a%2f%2fwww.couriermail.com.au%2fsport%2fnrl%2fnathan-cleary-could-pocket-more-than-3-million-taxfree-at-png-if-he-leaves-penrith%2fnews-story%2f3c5941b28873eb8ec5e36e04218ee58a&c=961365557025267460&mkt=en-au","","https://www.couriermail.com.au/sport/nrl/nathan-cleary-could-pocket-more-than-3-million-taxfree-at-png-if-he-leaves-penrith/news-story/3c5941b28873eb8ec5e36e04218ee58a","false","Ivan Cleary’s bombshell decision to stand down as head coach at the end of next season could have a domino effect that leads to his son Nathan eventually severing ties with the Panthers. Nathan Cleary ..."
"pen","Penrith Panthers","Nathan Cleary","backup_baseline","4","au.sports.yahoo.com","27","contract_language|exact_player_name","true","Yahoo Sport Australia","Tue, 19 May 2026 15:46:00 GMT","player_focused_candidate_needs_article_review","The clubs best-placed to make a move for Nathan Cleary | NRL Contract Show","https://au.sports.yahoo.com/clubs-best-placed-move-nathan-224513944.html","http://www.bing.com/news/apiclick.aspx?ref=FexRss&aid=&tid=6a52f8c47a8d49dfbef1c4df3b914317&url=https%3a%2f%2fau.sports.yahoo.com%2fclubs-best-placed-move-nathan-224513944.html&c=6389580567600272767&mkt=en-au","","https://au.sports.yahoo.com/clubs-best-placed-move-nathan-224513944.html","false","Rival NRL clubs are anticipated to queue up for Nathan Cleary's services for 2028 and beyond as the two-time Clive Churchill Medal winner potentially looks to leave Penrith alongside his father at the ..."
"pen","Penrith Panthers","Nathan Cleary","backup_baseline","5","news.com.au","24","exact_player_name","true","Couriermail","Mon, 30 Mar 2026 13:49:00 GMT","player_focused_candidate_needs_article_review","Legend’s telling comment as PNG coach confirms ‘interest’ in Nathan Cleary","https://www.news.com.au/sport/nrl/legends-telling-comment-as-png-coach-confirms-interest-in-nathan-cleary/news-story/1b16749cebba13350b17602d79ec79cc","http://www.bing.com/news/apiclick.aspx?ref=FexRss&aid=&tid=6a52f8c5611b441dadd2293cdd8c40ab&url=https%3a%2f%2fwww.news.com.au%2fsport%2fnrl%2flegends-telling-comment-as-png-coach-confirms-interest-in-nathan-cleary%2fnews-story%2f1b16749cebba13350b17602d79ec79cc&c=17159820574599952871&mkt=en-au","","https://www.news.com.au/sport/nrl/legends-telling-comment-as-png-coach-confirms-interest-in-nathan-cleary/news-story/1b16749cebba13350b17602d79ec79cc","false","Peters was appointed coach of the PNG Chiefs last week and his most pressing priority is building a roster ahead of the NRL’s 19th team joining the competition in 2028. Watch every game of every round ..."
"pen","Penrith Panthers","Nathan Cleary","backup_baseline","6","smh.com.au","7","contract_language|context_or_team_article","false","Sydney Morning Herald","Mon, 11 May 2020 17:00:00 GMT","team_or_context_candidate_needs_article_review","Nine, NRL on brink of deal to seal $1.9 billion broadcast bonanza","https://www.smh.com.au/sport/nrl/nine-nrl-on-brink-of-deal-to-seal-1-9-billion-broadcast-bonanza-20200512-p54scv.html","http://www.bing.com/news/apiclick.aspx?ref=FexRss&aid=&tid=6a52f8c524424af5a2c19ac0d4ef2613&url=https%3a%2f%2fwww.smh.com.au%2fsport%2fnrl%2fnine-nrl-on-brink-of-deal-to-seal-1-9-billion-broadcast-bonanza-20200512-p54scv.html&c=10283903415388544094&mkt=en-au","","https://www.smh.com.au/sport/nrl/nine-nrl-on-brink-of-deal-to-seal-1-9-billion-broadcast-bonanza-20200512-p54scv.html","false","You have reached your maximum number of saved items. Remove items from your saved list to add more. Nine Entertainment Co is close to agreeing to a revised three-year deal with the NRL as the code ..."
"pen","Penrith Panthers","Nathan Cleary","backup_baseline","7","theaustralian.com.au","4","contract_language|context_or_team_article","false","The Australian","Sat, 04 Jul 2026 01:59:00 GMT","team_or_context_candidate_needs_article_review","Off-contract Penrith star Mitch Kenny moves closer to contract extension","https://www.theaustralian.com.au/sport/nrl/offcontract-penrith-star-mitch-kenny-moves-closer-to-contract-extension/news-story/7c8f5a6dfa622cc31626b0a5966ea1a3","http://www.bing.com/news/apiclick.aspx?ref=FexRss&aid=&tid=6a52f8c47a8d49dfbef1c4df3b914317&url=https%3a%2f%2fwww.theaustralian.com.au%2fsport%2fnrl%2foffcontract-penrith-star-mitch-kenny-moves-closer-to-contract-extension%2fnews-story%2f7c8f5a6dfa622cc31626b0a5966ea1a3&c=15637656445116124299&mkt=en-au","","https://www.theaustralian.com.au/sport/nrl/offcontract-penrith-star-mitch-kenny-moves-closer-to-contract-extension/news-story/7c8f5a6dfa622cc31626b0a5966ea1a3","false","The Panthers are edging closer to nailing down the first of its galaxy of off-contract stars, with hooker Mitch Kenny escalating talks about staying at Penrith."
"pen","Penrith Panthers","Nathan Cleary","backup_baseline","8","news.com.au","4","contract_language|context_or_team_article","false","Couriermail","Thu, 14 Nov 2024 18:36:00 GMT","team_or_context_candidate_needs_article_review","Rugby Australia can’t afford to contract key Wallabies, let alone target NRL stars","https://www.news.com.au/sport/nrl/rugby-australia-cant-afford-to-contract-key-wallabies-let-alone-target-nrl-stars/news-story/4da4c6778aaa82e9640115a8155208cf","http://www.bing.com/news/apiclick.aspx?ref=FexRss&aid=&tid=6a52f8c524424af5a2c19ac0d4ef2613&url=https%3a%2f%2fwww.news.com.au%2fsport%2fnrl%2frugby-australia-cant-afford-to-contract-key-wallabies-let-alone-target-nrl-stars%2fnews-story%2f4da4c6778aaa82e9640115a8155208cf&c=11075953107812764803&mkt=en-au","","https://www.news.com.au/sport/nrl/rugby-australia-cant-afford-to-contract-key-wallabies-let-alone-target-nrl-stars/news-story/4da4c6778aaa82e9640115a8155208cf","false","That is the only way rugby will be able to afford any NRL stars in the near future, because the game is so cash-strapped they can’t even make offers to their top Wallabies stars. Mind you, RA has not ..."
"pen","Penrith Panthers","Nathan Cleary","backup_baseline","9","au.sports.yahoo.com","4","contract_language|context_or_team_article","false","Yahoo Sports Australia","Sat, 27 Jun 2026 18:52:00 GMT","team_or_context_candidate_needs_article_review","Biggest stars in the NRL set for a pay-day","https://au.sports.yahoo.com/biggest-stars-nrl-set-pay-015252224.html","http://www.bing.com/news/apiclick.aspx?ref=FexRss&aid=&tid=6a52f8c68383403caab0ca76f0814c81&url=https%3a%2f%2fau.sports.yahoo.com%2fbiggest-stars-nrl-set-pay-015252224.html&c=9209166272030396928&mkt=en-au","","https://au.sports.yahoo.com/biggest-stars-nrl-set-pay-015252224.html","false","Some of the NRL's most elite players could be in for a pay bump thanks to the new TV broadcast deal commencing in 2028. The ARL and NRL are just about ready to green-light the deal, which Nine and ..."
"pen","Penrith Panthers","Nathan Cleary","backup_baseline","10","zerotackle.com","4","contract_language|context_or_team_article","false","Zero Tackle","Sun, 28 Jun 2026 04:53:00 GMT","team_or_context_candidate_needs_article_review","Biggest stars in the NRL set for a pay-day","https://www.zerotackle.com/biggest-stars-in-the-nrl-set-for-a-pay-day-235344/","http://www.bing.com/news/apiclick.aspx?ref=FexRss&aid=&tid=6a52f8c61b674baab5b4d584555c5e16&url=https%3a%2f%2fwww.zerotackle.com%2fbiggest-stars-in-the-nrl-set-for-a-pay-day-235344%2f&c=13879729312271133405&mkt=en-au","","https://www.zerotackle.com/biggest-stars-in-the-nrl-set-for-a-pay-day-235344/","false","The ARL and NRL are just about ready to green-light the deal, which Nine and Foxtel have reportedly won the race to, which will span over seven years at over $5 billion. With more money pumped into ..."
"pen","Penrith Panthers","Nathan Cleary","backup_baseline","11","msn.com","3","money|contract_language|context_or_team_article","false","Man of Many on MSN","Tue, 30 Jun 2026 15:06:27 GMT","context_only_untrusted_domain","10 highest paid NRL players for 2026","https://www.msn.com/en-au/sport/rugby_league/10-highest-paid-nrl-players-for-2026/ar-AA2719cA","http://www.bing.com/news/apiclick.aspx?ref=FexRss&aid=&tid=6a52f8c47a8d49dfbef1c4df3b914317&url=https%3a%2f%2fwww.msn.com%2fen-au%2fsport%2frugby_league%2f10-highest-paid-nrl-players-for-2026%2far-AA2719cA&c=3173818839366038056&mkt=en-au","","https://www.msn.com/en-au/sport/rugby_league/10-highest-paid-nrl-players-for-2026/ar-AA2719cA","false","Driven by expanding club salary caps, rugby league’s elite stars are securing record-shattering paydays for the 2026 NRL season. Led by Dylan Brown’s historic $13 million move, this list looks at the ..."
"pen","Penrith Panthers","Nathan Cleary","backup_baseline","12","msn.com","3","money|contract_language|context_or_team_article","false","The Sydney Morning Herald on MSN","Tue, 30 Jun 2026 21:37:58 GMT","context_only_untrusted_domain","New broadcast deal could push NRL salary cap up to $20m by 2028","https://www.msn.com/en-au/news/australia/new-broadcast-deal-could-push-nrl-salary-cap-up-to-20m-by-2028/ar-AA26H5IM","http://www.bing.com/news/apiclick.aspx?ref=FexRss&aid=&tid=6a52f8c4f739413e974f90fcb6129d0d&url=https%3a%2f%2fwww.msn.com%2fen-au%2fnews%2faustralia%2fnew-broadcast-deal-could-push-nrl-salary-cap-up-to-20m-by-2028%2far-AA26H5IM&c=15095945392879639673&mkt=en-au","","https://www.msn.com/en-au/news/australia/new-broadcast-deal-could-push-nrl-salary-cap-up-to-20m-by-2028/ar-AA26H5IM","false","A rich new broadcast deal means more money coming into the game. The biggest winners will be the star players, who could soon demand up to $2 million per season."
"pen","Penrith Panthers","Moses Leota","backup_baseline","1","ntnews.com.au","27","money|exact_player_name","true","NT News","Tue, 07 Jul 2026 07:36:00 GMT","player_focused_candidate_needs_article_review","Panthers face fight to keep Moses Leota amid $1m offers from rival clubs","https://www.ntnews.com.au/sport/nrl/panthers-face-fight-to-keep-moses-leota-amid-1m-offers-from-rival-clubs/news-story/a045139211659d185b490cb11f8c5055","http://www.bing.com/news/apiclick.aspx?ref=FexRss&aid=&tid=6a52f8c87ba54f97ba876c40503d97da&url=https%3a%2f%2fwww.ntnews.com.au%2fsport%2fnrl%2fpanthers-face-fight-to-keep-moses-leota-amid-1m-offers-from-rival-clubs%2fnews-story%2fa045139211659d185b490cb11f8c5055&c=14583270074364095298&mkt=en-au","","https://www.ntnews.com.au/sport/nrl/panthers-face-fight-to-keep-moses-leota-amid-1m-offers-from-rival-clubs/news-story/a045139211659d185b490cb11f8c5055","false","Moses Leota’s value is set to reach the $1 million mark with six clubs, including the Sydney Roosters, Dolphins and Perth, expressing interest in the Panthers enforcer."
"pen","Penrith Panthers","Moses Leota","backup_baseline","2","dailytelegraph.com.au","27","exact_player_name","true","Daily Telegraph","Thu, 02 Jul 2026 05:47:00 GMT","player_focused_candidate_needs_article_review","NRL market watch: Panthers grant premiership prop Moses Leota permission to test open market","https://www.dailytelegraph.com.au/sport/nrl/nrl-market-watch-panthers-grant-premiership-prop-moses-leota-permission-to-test-open-market/news-story/4008f19cfa5ee0ca87b94c1606edc5ad","http://www.bing.com/news/apiclick.aspx?ref=FexRss&aid=&tid=6a52f8c802024a018875d926cb99f9a3&url=https%3a%2f%2fwww.dailytelegraph.com.au%2fsport%2fnrl%2fnrl-market-watch-panthers-grant-premiership-prop-moses-leota-permission-to-test-open-market%2fnews-story%2f4008f19cfa5ee0ca87b94c1606edc5ad&c=11489117357631864693&mkt=en-au","","https://www.dailytelegraph.com.au/sport/nrl/nrl-market-watch-panthers-grant-premiership-prop-moses-leota-permission-to-test-open-market/news-story/4008f19cfa5ee0ca87b94c1606edc5ad","false","Dylan Walker is set to become the latest high-profile NRL player to move to the Super League with the Parramatta utility on the verge of joining Brad Arthur-coached Leeds."
"pen","Penrith Panthers","Moses Leota","backup_baseline","3","au.sports.yahoo.com","24","exact_player_name","true","Yahoo Sports Australia","Wed, 01 Jul 2026 00:29:00 GMT","player_focused_candidate_needs_article_review","Early frontrunner emerges for Moses Leota","https://au.sports.yahoo.com/early-frontrunner-emerges-moses-leota-072924002.html","http://www.bing.com/news/apiclick.aspx?ref=FexRss&aid=&tid=6a52f8c87ba54f97ba876c40503d97da&url=https%3a%2f%2fau.sports.yahoo.com%2fearly-frontrunner-emerges-moses-leota-072924002.html&c=1673194643818794920&mkt=en-au","","https://au.sports.yahoo.com/early-frontrunner-emerges-moses-leota-072924002.html","false","Penrith Panthers prop Moses Leota has emerged as a target for Sydney rivals the Parramatta Eels after being given permission to negotiate his future this week. The prop, who has always been seemingly ..."
"pen","Penrith Panthers","Moses Leota","backup_baseline","4","au.news.yahoo.com","23","money|exact_player_name","true","Yahoo News Australia","Tue, 07 Jul 2026 21:37:00 GMT","player_focused_candidate_needs_article_review","Panthers star at centre of $1 million raid from NRL rivals amid plea from Penrith teammate","https://au.news.yahoo.com/panthers-star-at-centre-of-1-million-raid-from-nrl-rivals-amid-plea-from-penrith-teammate-042405298.html","http://www.bing.com/news/apiclick.aspx?ref=FexRss&aid=&tid=6a52f8c87ba54f97ba876c40503d97da&url=https%3a%2f%2fau.news.yahoo.com%2fpanthers-star-at-centre-of-1-million-raid-from-nrl-rivals-amid-plea-from-penrith-teammate-042405298.html&c=17169068263086603138&mkt=en-au","","https://au.news.yahoo.com/panthers-star-at-centre-of-1-million-raid-from-nrl-rivals-amid-plea-from-penrith-teammate-042405298.html","false","As many as six clubs have expressed interest in signing Panthers prop Moses Leota after Penrith granted the veteran permission to explore his options elsewhere. The four-time premiership winner is ..."
"pen","Penrith Panthers","Moses Leota","backup_baseline","5","au.news.yahoo.com","20","exact_player_name","true","Yahoo News Australia","Mon, 29 Jun 2026 18:58:00 GMT","player_focused_candidate_needs_article_review","Panthers champion could quit NRL club immediately after being granted permission to leave","https://au.news.yahoo.com/panthers-champion-could-quit-nrl-club-immediately-after-being-granted-permission-to-leave-012809239.html","http://www.bing.com/news/apiclick.aspx?ref=FexRss&aid=&tid=6a52f8c87ba54f97ba876c40503d97da&url=https%3a%2f%2fau.news.yahoo.com%2fpanthers-champion-could-quit-nrl-club-immediately-after-being-granted-permission-to-leave-012809239.html&c=6288017632695443607&mkt=en-au","","https://au.news.yahoo.com/panthers-champion-could-quit-nrl-club-immediately-after-being-granted-permission-to-leave-012809239.html","false","Champion Panthers forward Moses Leota is a free agent as of right now after the club granted him permission to speak to rival NRL clubs. The 30-year-old prop has played 216 games for the Panthers and ..."
"pen","Penrith Panthers","Moses Leota","backup_baseline","6","dailytelegraph.com.au","7","contract_language|context_or_team_article","false","Daily Telegraph","Fri, 03 Jul 2026 14:31:00 GMT","team_or_context_candidate_needs_article_review","Off-contract Penrith star Mitch Kenny moves closer to contract extension","https://www.dailytelegraph.com.au/sport/nrl/offcontract-penrith-star-mitch-kenny-moves-closer-to-contract-extension/news-story/7c8f5a6dfa622cc31626b0a5966ea1a3","http://www.bing.com/news/apiclick.aspx?ref=FexRss&aid=&tid=6a52f8c802024a018875d926cb99f9a3&url=https%3a%2f%2fwww.dailytelegraph.com.au%2fsport%2fnrl%2foffcontract-penrith-star-mitch-kenny-moves-closer-to-contract-extension%2fnews-story%2f7c8f5a6dfa622cc31626b0a5966ea1a3&c=5124602689033816795&mkt=en-au","","https://www.dailytelegraph.com.au/sport/nrl/offcontract-penrith-star-mitch-kenny-moves-closer-to-contract-extension/news-story/7c8f5a6dfa622cc31626b0a5966ea1a3","false","The Panthers are edging closer to nailing down the first of its galaxy of off-contract stars, with hooker Mitch Kenny escalating talks about staying at Penrith."
"pen","Penrith Panthers","Moses Leota","backup_baseline","7","zerotackle.com","5","contract_language|context_or_team_article","false","Zero Tackle","Mon, 29 Jun 2026 17:01:00 GMT","team_or_context_candidate_needs_article_review","Panthers bombshell: Four-time premiership star given green light to negotiate with rivals","https://www.zerotackle.com/panthers-bombshell-four-time-premiership-star-given-green-light-to-negotiate-with-rivals-235417/","http://www.bing.com/news/apiclick.aspx?ref=FexRss&aid=&tid=6a52f8ccd7dc4135bb7171736349e66e&url=https%3a%2f%2fwww.zerotackle.com%2fpanthers-bombshell-four-time-premiership-star-given-green-light-to-negotiate-with-rivals-235417%2f&c=4621437639764924815&mkt=en-au","","https://www.zerotackle.com/panthers-bombshell-four-time-premiership-star-given-green-light-to-negotiate-with-rivals-235417/","false","Leota was one of many Panthers stars off-contract at the end of next year, including Nathan Cleary, Isaah Yeo, Liam Martin, Brian To'o, Mitch Kenny, Isaiah Papali'i, Blaize Talagi and Paul Alamoti."
"pen","Penrith Panthers","Moses Leota","backup_baseline","8","theaustralian.com.au","4","contract_language|context_or_team_article","false","The Australian","Sat, 04 Jul 2026 01:31:00 GMT","team_or_context_candidate_needs_article_review","Off-contract Penrith star Mitch Kenny moves closer to contract extension","https://www.theaustralian.com.au/sport/nrl/offcontract-penrith-star-mitch-kenny-moves-closer-to-contract-extension/news-story/7c8f5a6dfa622cc31626b0a5966ea1a3","http://www.bing.com/news/apiclick.aspx?ref=FexRss&aid=&tid=6a52f8c87ba54f97ba876c40503d97da&url=https%3a%2f%2fwww.theaustralian.com.au%2fsport%2fnrl%2foffcontract-penrith-star-mitch-kenny-moves-closer-to-contract-extension%2fnews-story%2f7c8f5a6dfa622cc31626b0a5966ea1a3&c=15637656445116124299&mkt=en-au","","https://www.theaustralian.com.au/sport/nrl/offcontract-penrith-star-mitch-kenny-moves-closer-to-contract-extension/news-story/7c8f5a6dfa622cc31626b0a5966ea1a3","false","The Panthers are edging closer to nailing down the first of its galaxy of off-contract stars, with hooker Mitch Kenny escalating talks about staying at Penrith."
"pen","Penrith Panthers","Moses Leota","backup_baseline","9","au.sports.yahoo.com","4","contract_language|context_or_team_article","false","Yahoo Sport Australia","Thu, 07 May 2026 17:00:00 GMT","team_or_context_candidate_needs_article_review","The SEVEN current best value for money contracts in the NRL","https://au.sports.yahoo.com/seven-current-best-value-money-214941645.html","http://www.bing.com/news/apiclick.aspx?ref=FexRss&aid=&tid=6a52f8ccd7dc4135bb7171736349e66e&url=https%3a%2f%2fau.sports.yahoo.com%2fseven-current-best-value-money-214941645.html&c=14537114608194793438&mkt=en-au","","https://au.sports.yahoo.com/seven-current-best-value-money-214941645.html","false","The beauty of the salary cap is that it is supposed to level the playing field for all NRL teams. There is enough space for stars, but not multiple, meaning rosters need to be carefully crafted so ..."
"pen","Penrith Panthers","Mitch Kenny","backup_baseline","1","au.sports.yahoo.com","30","contract_language|term_language|exact_player_name","true","Yahoo Sports Australia","Sat, 04 Jul 2026 22:25:00 GMT","player_focused_candidate_needs_article_review","Mitch Kenny set to make call on reported PNG interest, Panthers contract","https://au.sports.yahoo.com/mitch-kenny-set-call-reported-052523299.html","http://www.bing.com/news/apiclick.aspx?ref=FexRss&aid=&tid=6a52f8cd147f457eb29dd4dc7e5a70ef&url=https%3a%2f%2fau.sports.yahoo.com%2fmitch-kenny-set-call-reported-052523299.html&c=3073722512555034164&mkt=en-au","","https://au.sports.yahoo.com/mitch-kenny-set-call-reported-052523299.html","false","Penrith Panthers hooker Mitch Kenny is set to snub the chance to move at the end of 2027 and re-sign with the club long-term. The dummy half is one of a host of players off-contract at the end of next ..."
"pen","Penrith Panthers","Mitch Kenny","backup_baseline","2","dailytelegraph.com.au","30","contract_language|exact_player_name","true","Daily Telegraph","Fri, 03 Jul 2026 14:31:00 GMT","player_focused_candidate_needs_article_review","Off-contract Penrith star Mitch Kenny moves closer to contract extension","https://www.dailytelegraph.com.au/sport/nrl/offcontract-penrith-star-mitch-kenny-moves-closer-to-contract-extension/news-story/7c8f5a6dfa622cc31626b0a5966ea1a3","http://www.bing.com/news/apiclick.aspx?ref=FexRss&aid=&tid=6a52f8cee26642e588fcb6a71b98ff0d&url=https%3a%2f%2fwww.dailytelegraph.com.au%2fsport%2fnrl%2foffcontract-penrith-star-mitch-kenny-moves-closer-to-contract-extension%2fnews-story%2f7c8f5a6dfa622cc31626b0a5966ea1a3&c=5124602689033816795&mkt=en-au","","https://www.dailytelegraph.com.au/sport/nrl/offcontract-penrith-star-mitch-kenny-moves-closer-to-contract-extension/news-story/7c8f5a6dfa622cc31626b0a5966ea1a3","false","The Panthers are edging closer to nailing down the first of its galaxy of off-contract stars, with hooker Mitch Kenny escalating talks about staying at Penrith."
"pen","Penrith Panthers","Mitch Kenny","backup_baseline","3","zerotackle.com","30","contract_language|term_language|exact_player_name","true","Zero Tackle","Sat, 04 Jul 2026 22:27:00 GMT","player_focused_candidate_needs_article_review","Mitch Kenny set to make call on reported PNG interest, Panthers contract","https://www.zerotackle.com/mitch-kenny-set-to-make-call-on-reported-png-interest-panthers-contract-235561/","http://www.bing.com/news/apiclick.aspx?ref=FexRss&aid=&tid=6a52f8d16ad94ae68b10b6240f321bdd&url=https%3a%2f%2fwww.zerotackle.com%2fmitch-kenny-set-to-make-call-on-reported-png-interest-panthers-contract-235561%2f&c=13270554132949053666&mkt=en-au","","https://www.zerotackle.com/mitch-kenny-set-to-make-call-on-reported-png-interest-panthers-contract-235561/","false","Penrith Panthers hooker Mitch Kenny is set to snub the chance to move at the end of 2027 and re-sign with the club long-term. The dummy half is one of a host of players off-contract at the end of next ..."
"pen","Penrith Panthers","Mitch Kenny","backup_baseline","4","heraldsun.com.au","27","contract_language|exact_player_name","true","Herald Sun","Fri, 03 Jul 2026 15:01:00 GMT","player_focused_candidate_needs_article_review","Off-contract Penrith star Mitch Kenny moves closer to contract extension","https://www.heraldsun.com.au/sport/nrl/offcontract-penrith-star-mitch-kenny-moves-closer-to-contract-extension/news-story/7c8f5a6dfa622cc31626b0a5966ea1a3","http://www.bing.com/news/apiclick.aspx?ref=FexRss&aid=&tid=6a52f8cd147f457eb29dd4dc7e5a70ef&url=https%3a%2f%2fwww.heraldsun.com.au%2fsport%2fnrl%2foffcontract-penrith-star-mitch-kenny-moves-closer-to-contract-extension%2fnews-story%2f7c8f5a6dfa622cc31626b0a5966ea1a3&c=12111056728921075209&mkt=en-au","","https://www.heraldsun.com.au/sport/nrl/offcontract-penrith-star-mitch-kenny-moves-closer-to-contract-extension/news-story/7c8f5a6dfa622cc31626b0a5966ea1a3","false","The Panthers are edging closer to nailing down the first of its galaxy of off-contract stars, with hooker Mitch Kenny escalating talks about staying at Penrith."
"pen","Penrith Panthers","Mitch Kenny","backup_baseline","5","msn.com","3","money|contract_language|context_or_team_article","false","The Sydney Morning Herald on MSN","Tue, 30 Jun 2026 21:37:58 GMT","context_only_untrusted_domain","New broadcast deal could push NRL salary cap up to $20m by 2028","https://www.msn.com/en-au/news/australia/new-broadcast-deal-could-push-nrl-salary-cap-up-to-20m-by-2028/ar-AA26H5IM","http://www.bing.com/news/apiclick.aspx?ref=FexRss&aid=&tid=6a52f8cf25094069a231378cc4d03316&url=https%3a%2f%2fwww.msn.com%2fen-au%2fnews%2faustralia%2fnew-broadcast-deal-could-push-nrl-salary-cap-up-to-20m-by-2028%2far-AA26H5IM&c=15095945392879639673&mkt=en-au","","https://www.msn.com/en-au/news/australia/new-broadcast-deal-could-push-nrl-salary-cap-up-to-20m-by-2028/ar-AA26H5IM","false","A rich new broadcast deal means more money coming into the game. The biggest winners will be the star players, who could soon demand up to $2 million per season."
"pen","Penrith Panthers","Linday Smith","backup_baseline","1","dailytelegraph.com.au","10","money|contract_language|context_or_team_article","false","The Daily Telegraph","Tue, 23 Jun 2026 12:12:00 GMT","team_or_context_candidate_needs_article_review","NRL to grant Perth Bears $500k salary cap concessions in landmark third-party arrangement","https://www.dailytelegraph.com.au/sport/nrl/nrl-to-grant-perth-bears-500k-salary-cap-concessions-in-landmark-thirdparty-arrangement/news-story/0c5c097536d723f0d0cb46c86fd051ff","http://www.bing.com/news/apiclick.aspx?ref=FexRss&aid=&tid=6a52f8d324ef4e4db3250b3292bd2418&url=https%3a%2f%2fwww.dailytelegraph.com.au%2fsport%2fnrl%2fnrl-to-grant-perth-bears-500k-salary-cap-concessions-in-landmark-thirdparty-arrangement%2fnews-story%2f0c5c097536d723f0d0cb46c86fd051ff&c=13072428604770190172&mkt=en-au","","https://www.dailytelegraph.com.au/sport/nrl/nrl-to-grant-perth-bears-500k-salary-cap-concessions-in-landmark-thirdparty-arrangement/news-story/0c5c097536d723f0d0cb46c86fd051ff","false","In a historic development for the NRL’s 18th club, this masthead has been told Perth will receive a special marquee player privilege where existing club sponsors can top-up a player’s contract by 20 ..."
"pen","Penrith Panthers","Linday Smith","backup_baseline","2","smh.com.au","10","money|contract_language|context_or_team_article","false","Sydney Morning Herald","Fri, 26 Jun 2026 17:01:00 GMT","team_or_context_candidate_needs_article_review","New broadcast deal could push NRL salary cap up to $20m by 2028","https://www.smh.com.au/sport/nrl/new-broadcast-deal-could-push-nrl-salary-cap-up-to-20m-by-2028-20260627-p60ak2.html","http://www.bing.com/news/apiclick.aspx?ref=FexRss&aid=&tid=6a52f8d322e14986b37df45024374cd8&url=https%3a%2f%2fwww.smh.com.au%2fsport%2fnrl%2fnew-broadcast-deal-could-push-nrl-salary-cap-up-to-20m-by-2028-20260627-p60ak2.html&c=16384154360396862290&mkt=en-au","","https://www.smh.com.au/sport/nrl/new-broadcast-deal-could-push-nrl-salary-cap-up-to-20m-by-2028-20260627-p60ak2.html","false","You have reached your maximum number of saved items. Remove items from your saved list to add more. The new multibillion-dollar broadcast rights deal could push the salary cap as high as $20 million ..."
"pen","Penrith Panthers","Linday Smith","backup_baseline","3","smh.com.au","7","contract_language|context_or_team_article","false","Sydney Morning Herald","Mon, 11 May 2020 17:00:00 GMT","team_or_context_candidate_needs_article_review","Nine, NRL on brink of deal to seal $1.9 billion broadcast bonanza","https://www.smh.com.au/sport/nrl/nine-nrl-on-brink-of-deal-to-seal-1-9-billion-broadcast-bonanza-20200512-p54scv.html","http://www.bing.com/news/apiclick.aspx?ref=FexRss&aid=&tid=6a52f8d3fa4e405bbea784bce05f6b87&url=https%3a%2f%2fwww.smh.com.au%2fsport%2fnrl%2fnine-nrl-on-brink-of-deal-to-seal-1-9-billion-broadcast-bonanza-20200512-p54scv.html&c=10283903415388544094&mkt=en-au","","https://www.smh.com.au/sport/nrl/nine-nrl-on-brink-of-deal-to-seal-1-9-billion-broadcast-bonanza-20200512-p54scv.html","false","You have reached your maximum number of saved items. Remove items from your saved list to add more. Nine Entertainment Co is close to agreeing to a revised three-year deal with the NRL as the code ..."
"pen","Penrith Panthers","Linday Smith","backup_baseline","4","au.sports.yahoo.com","4","contract_language|context_or_team_article","false","Yahoo Sport Australia","Thu, 07 May 2026 17:00:00 GMT","team_or_context_candidate_needs_article_review","The SEVEN current best value for money contracts in the NRL","https://au.sports.yahoo.com/seven-current-best-value-money-214941645.html","http://www.bing.com/news/apiclick.aspx?ref=FexRss&aid=&tid=6a52f8d6f34b45eb9f01bf8a6a0490ac&url=https%3a%2f%2fau.sports.yahoo.com%2fseven-current-best-value-money-214941645.html&c=14537114608194793438&mkt=en-au","","https://au.sports.yahoo.com/seven-current-best-value-money-214941645.html","false","The beauty of the salary cap is that it is supposed to level the playing field for all NRL teams. There is enough space for stars, but not multiple, meaning rosters need to be carefully crafted so ..."
"pen","Penrith Panthers","Linday Smith","backup_baseline","5","afr.com","0","contract_language|context_or_team_article","false","The Australian Financial Review","Tue, 26 May 2026 13:00:00 GMT","context_only_untrusted_domain","Nine CEO pitches V’landys on exclusive NRL deal","https://www.afr.com/companies/media-and-marketing/nine-ceo-pitches-v-landys-on-exclusive-nrl-deal-cutting-out-foxtel-20260526-p600tw","http://www.bing.com/news/apiclick.aspx?ref=FexRss&aid=&tid=6a52f8d3fa4e405bbea784bce05f6b87&url=https%3a%2f%2fwww.afr.com%2fcompanies%2fmedia-and-marketing%2fnine-ceo-pitches-v-landys-on-exclusive-nrl-deal-cutting-out-foxtel-20260526-p600tw&c=14420439829069484302&mkt=en-au","","https://www.afr.com/companies/media-and-marketing/nine-ceo-pitches-v-landys-on-exclusive-nrl-deal-cutting-out-foxtel-20260526-p600tw","false","Australian media giant Nine Entertainment is pitching to buy all the NRL broadcast rights, in a high-stakes bid to bolster its streaming platform Stan and carve Foxtel out of the sport for the first ..."
"pen","Penrith Panthers","Isaiah Papali'i","backup_baseline","1","au.sports.yahoo.com","7","money|contract_language|context_or_team_article","false","Yahoo Sports Australia","Tue, 23 Jun 2026 19:51:00 GMT","team_or_context_candidate_needs_article_review","Perth Bears receive salary cap boost from NRL","https://au.sports.yahoo.com/perth-bears-receive-salary-cap-025110246.html","http://www.bing.com/news/apiclick.aspx?ref=FexRss&aid=&tid=6a52f8dbc9084e51820e26028e92d70f&url=https%3a%2f%2fau.sports.yahoo.com%2fperth-bears-receive-salary-cap-025110246.html&c=545008729362569136&mkt=en-au","","https://au.sports.yahoo.com/perth-bears-receive-salary-cap-025110246.html","false","The NRL has granted the Perth Bears up to $500,000 worth of salary cap concessions to compete in the fight against PNG Chiefs. The latest NRL expansion club with receive compensation from the NRL to ..."
"pen","Penrith Panthers","Isaiah Papali'i","backup_baseline","2","msn.com","3","money|contract_language|context_or_team_article","false","The Sydney Morning Herald on MSN","Tue, 30 Jun 2026 21:37:58 GMT","context_only_untrusted_domain","New broadcast deal could push NRL salary cap up to $20m by 2028","https://www.msn.com/en-au/news/australia/new-broadcast-deal-could-push-nrl-salary-cap-up-to-20m-by-2028/ar-AA26H5IM","http://www.bing.com/news/apiclick.aspx?ref=FexRss&aid=&tid=6a52f8d9e18c4416919123a23d1268b0&url=https%3a%2f%2fwww.msn.com%2fen-au%2fnews%2faustralia%2fnew-broadcast-deal-could-push-nrl-salary-cap-up-to-20m-by-2028%2far-AA26H5IM&c=15095945392879639673&mkt=en-au","","https://www.msn.com/en-au/news/australia/new-broadcast-deal-could-push-nrl-salary-cap-up-to-20m-by-2028/ar-AA26H5IM","false","A rich new broadcast deal means more money coming into the game. The biggest winners will be the star players, who could soon demand up to $2 million per season."
"pen","Penrith Panthers","Liam Martin","backup_baseline","1","couriermail.com.au","24","exact_player_name","true","The Courier-Mail","Tue, 05 May 2026 11:00:00 GMT","player_focused_candidate_needs_article_review","Liam Martin to test open market for first time with both new NRL teams as potential landing spots","https://www.couriermail.com.au/sport/nrl/liam-martin-to-test-open-market-for-first-time-with-both-new-nrl-teams-as-potential-landing-spots/news-story/cf1a1d9b4a8bd7b163dc11316a364fab","http://www.bing.com/news/apiclick.aspx?ref=FexRss&aid=&tid=6a52f8dd511445adb1398a53bcefe2d5&url=https%3a%2f%2fwww.couriermail.com.au%2fsport%2fnrl%2fliam-martin-to-test-open-market-for-first-time-with-both-new-nrl-teams-as-potential-landing-spots%2fnews-story%2fcf1a1d9b4a8bd7b163dc11316a364fab&c=11530111817235017592&mkt=en-au","","https://www.couriermail.com.au/sport/nrl/liam-martin-to-test-open-market-for-first-time-with-both-new-nrl-teams-as-potential-landing-spots/news-story/cf1a1d9b4a8bd7b163dc11316a364fab","false","Martin will join a growing core of the Panthers dynasty that could be lured by big-money offers when they enter the final year of their contracts after this season. A week after agent Allan Gainey met ..."
"pen","Penrith Panthers","Liam Martin","backup_baseline","2","au.sports.yahoo.com","7","money|contract_language|context_or_team_article","false","Yahoo Sports Australia","Tue, 23 Jun 2026 19:51:00 GMT","team_or_context_candidate_needs_article_review","Perth Bears receive salary cap boost from NRL","https://au.sports.yahoo.com/perth-bears-receive-salary-cap-025110246.html","http://www.bing.com/news/apiclick.aspx?ref=FexRss&aid=&tid=6a52f8e10e8a46429d75fc1530c272c9&url=https%3a%2f%2fau.sports.yahoo.com%2fperth-bears-receive-salary-cap-025110246.html&c=545008729362569136&mkt=en-au","","https://au.sports.yahoo.com/perth-bears-receive-salary-cap-025110246.html","false","The NRL has granted the Perth Bears up to $500,000 worth of salary cap concessions to compete in the fight against PNG Chiefs. The latest NRL expansion club with receive compensation from the NRL to ..."
"pen","Penrith Panthers","Liam Martin","backup_baseline","3","msn.com","3","money|contract_language|context_or_team_article","false","The Sydney Morning Herald on MSN","Tue, 30 Jun 2026 21:37:58 GMT","context_only_untrusted_domain","New broadcast deal could push NRL salary cap up to $20m by 2028","https://www.msn.com/en-au/news/australia/new-broadcast-deal-could-push-nrl-salary-cap-up-to-20m-by-2028/ar-AA26H5IM","http://www.bing.com/news/apiclick.aspx?ref=FexRss&aid=&tid=6a52f8de1e0d4abcb91fe56539544792&url=https%3a%2f%2fwww.msn.com%2fen-au%2fnews%2faustralia%2fnew-broadcast-deal-could-push-nrl-salary-cap-up-to-20m-by-2028%2far-AA26H5IM&c=15095945392879639673&mkt=en-au","","https://www.msn.com/en-au/news/australia/new-broadcast-deal-could-push-nrl-salary-cap-up-to-20m-by-2028/ar-AA26H5IM","false","A rich new broadcast deal means more money coming into the game. The biggest winners will be the star players, who could soon demand up to $2 million per season."
"pen","Penrith Panthers","Isaah Yeo","backup_baseline","1","dailytelegraph.com.au","10","money|contract_language|context_or_team_article","false","The Daily Telegraph","Tue, 23 Jun 2026 12:12:00 GMT","team_or_context_candidate_needs_article_review","NRL to grant Perth Bears $500k salary cap concessions in landmark third-party arrangement","https://www.dailytelegraph.com.au/sport/nrl/nrl-to-grant-perth-bears-500k-salary-cap-concessions-in-landmark-thirdparty-arrangement/news-story/0c5c097536d723f0d0cb46c86fd051ff","http://www.bing.com/news/apiclick.aspx?ref=FexRss&aid=&tid=6a52f8e3a83f4b5b900690da6c652bbf&url=https%3a%2f%2fwww.dailytelegraph.com.au%2fsport%2fnrl%2fnrl-to-grant-perth-bears-500k-salary-cap-concessions-in-landmark-thirdparty-arrangement%2fnews-story%2f0c5c097536d723f0d0cb46c86fd051ff&c=13072428604770190172&mkt=en-au","","https://www.dailytelegraph.com.au/sport/nrl/nrl-to-grant-perth-bears-500k-salary-cap-concessions-in-landmark-thirdparty-arrangement/news-story/0c5c097536d723f0d0cb46c86fd051ff","false","In a historic development for the NRL’s 18th club, this masthead has been told Perth will receive a special marquee player privilege where existing club sponsors can top-up a player’s contract by 20 ..."
"pen","Penrith Panthers","Isaah Yeo","backup_baseline","2","au.sports.yahoo.com","7","money|contract_language|context_or_team_article","false","Yahoo Sports Australia","Tue, 23 Jun 2026 19:51:00 GMT","team_or_context_candidate_needs_article_review","Perth Bears receive salary cap boost from NRL","https://au.sports.yahoo.com/perth-bears-receive-salary-cap-025110246.html","http://www.bing.com/news/apiclick.aspx?ref=FexRss&aid=&tid=6a52f8e59db94ceea29f1eae27abfccc&url=https%3a%2f%2fau.sports.yahoo.com%2fperth-bears-receive-salary-cap-025110246.html&c=545008729362569136&mkt=en-au","","https://au.sports.yahoo.com/perth-bears-receive-salary-cap-025110246.html","false","The NRL has granted the Perth Bears up to $500,000 worth of salary cap concessions to compete in the fight against PNG Chiefs. The latest NRL expansion club with receive compensation from the NRL to ..."
"pen","Penrith Panthers","Isaah Yeo","backup_baseline","3","theaustralian.com.au","4","contract_language|context_or_team_article","false","The Australian","Sat, 04 Jul 2026 01:31:00 GMT","team_or_context_candidate_needs_article_review","Off-contract Penrith star Mitch Kenny moves closer to contract extension","https://www.theaustralian.com.au/sport/nrl/offcontract-penrith-star-mitch-kenny-moves-closer-to-contract-extension/news-story/7c8f5a6dfa622cc31626b0a5966ea1a3","http://www.bing.com/news/apiclick.aspx?ref=FexRss&aid=&tid=6a52f8e3de404d5f8036befd1b26cf2b&url=https%3a%2f%2fwww.theaustralian.com.au%2fsport%2fnrl%2foffcontract-penrith-star-mitch-kenny-moves-closer-to-contract-extension%2fnews-story%2f7c8f5a6dfa622cc31626b0a5966ea1a3&c=15637656445116124299&mkt=en-au","","https://www.theaustralian.com.au/sport/nrl/offcontract-penrith-star-mitch-kenny-moves-closer-to-contract-extension/news-story/7c8f5a6dfa622cc31626b0a5966ea1a3","false","The Panthers are edging closer to nailing down the first of its galaxy of off-contract stars, with hooker Mitch Kenny escalating talks about staying at Penrith."
"pen","Penrith Panthers","Isaah Yeo","backup_baseline","4","au.news.yahoo.com","4","contract_language|context_or_team_article","false","Yahoo News Australia","Tue, 28 Apr 2026 17:00:00 GMT","team_or_context_candidate_needs_article_review","Penrith Panthers duo's eye-opening contract reveal after Jarome Luai's lucrative move to PNG","https://au.news.yahoo.com/penrith-panthers-duos-eye-opening-contract-reveal-after-jarome-luais-lucrative-move-to-png-065321995.html","http://www.bing.com/news/apiclick.aspx?ref=FexRss&aid=&tid=6a52f8e3de404d5f8036befd1b26cf2b&url=https%3a%2f%2fau.news.yahoo.com%2fpenrith-panthers-duos-eye-opening-contract-reveal-after-jarome-luais-lucrative-move-to-png-065321995.html&c=6449280402624930593&mkt=en-au","","https://au.news.yahoo.com/penrith-panthers-duos-eye-opening-contract-reveal-after-jarome-luais-lucrative-move-to-png-065321995.html","false","Add Yahoo as a preferred source to see more of our stories on Google. The signing sent the NRL community into overdrive with the playmaker joining on a lucrative three-year deal, which will be ..."
"pen","Penrith Panthers","Isaah Yeo","backup_baseline","5","msn.com","3","money|contract_language|context_or_team_article","false","The Sydney Morning Herald on MSN","Tue, 30 Jun 2026 21:37:58 GMT","context_only_untrusted_domain","New broadcast deal could push NRL salary cap up to $20m by 2028","https://www.msn.com/en-au/news/australia/new-broadcast-deal-could-push-nrl-salary-cap-up-to-20m-by-2028/ar-AA26H5IM","http://www.bing.com/news/apiclick.aspx?ref=FexRss&aid=&tid=6a52f8e49dcd4b1d9731efc04790c15a&url=https%3a%2f%2fwww.msn.com%2fen-au%2fnews%2faustralia%2fnew-broadcast-deal-could-push-nrl-salary-cap-up-to-20m-by-2028%2far-AA26H5IM&c=15095945392879639673&mkt=en-au","","https://www.msn.com/en-au/news/australia/new-broadcast-deal-could-push-nrl-salary-cap-up-to-20m-by-2028/ar-AA26H5IM","false","A rich new broadcast deal means more money coming into the game. The biggest winners will be the star players, who could soon demand up to $2 million per season."
"pen","Penrith Panthers","Isaah Yeo","backup_baseline","6","loverugbyleague.com","0","contract_language|context_or_team_article","false","LoveRugbyLeague","Sun, 28 Jun 2026 02:02:00 GMT","context_only_untrusted_domain","NRL salary cap to go up AGAIN as Super League gulf widens further","https://www.loverugbyleague.com/post/nrl-salary-cap-to-go-up-again-as-super-league-gulf-widens-further","http://www.bing.com/news/apiclick.aspx?ref=FexRss&aid=&tid=6a52f8e3d2b7473d96953d79050da3ab&url=https%3a%2f%2fwww.loverugbyleague.com%2fpost%2fnrl-salary-cap-to-go-up-again-as-super-league-gulf-widens-further&c=2927841752005492089&mkt=en-au","","https://www.loverugbyleague.com/post/nrl-salary-cap-to-go-up-again-as-super-league-gulf-widens-further","false","The NRL's salary cap will reach astronomical new heights as a result of its latest broadcast deal: leaving Super League trailing behind."
"pen","Penrith Panthers","Isaah Yeo","backup_baseline","7","msn.com","0","contract_language|context_or_team_article","false","LoveRugbyLeague on MSN","Sun, 28 Jun 2026 01:58:52 GMT","context_only_untrusted_domain","NRL salary cap to go up again as Super League gulf widens further","https://www.msn.com/en-gb/sport/rugbyleague/nrl-salary-cap-to-go-up-again-as-super-league-gulf-widens-further/ar-AA26Jed2","http://www.bing.com/news/apiclick.aspx?ref=FexRss&aid=&tid=6a52f8e49dcd4b1d9731efc04790c15a&url=https%3a%2f%2fwww.msn.com%2fen-gb%2fsport%2frugbyleague%2fnrl-salary-cap-to-go-up-again-as-super-league-gulf-widens-further%2far-AA26Jed2&c=12122446957809507141&mkt=en-au","","https://www.msn.com/en-gb/sport/rugbyleague/nrl-salary-cap-to-go-up-again-as-super-league-gulf-widens-further/ar-AA26Jed2","false","The difference is stark."
"pen","Penrith Panthers","Scott Sorensen","backup_baseline","1","dailytelegraph.com.au","10","money|contract_language|context_or_team_article","false","The Daily Telegraph","Tue, 23 Jun 2026 12:12:00 GMT","team_or_context_candidate_needs_article_review","NRL to grant Perth Bears $500k salary cap concessions in landmark third-party arrangement","https://www.dailytelegraph.com.au/sport/nrl/nrl-to-grant-perth-bears-500k-salary-cap-concessions-in-landmark-thirdparty-arrangement/news-story/0c5c097536d723f0d0cb46c86fd051ff","http://www.bing.com/news/apiclick.aspx?ref=FexRss&aid=&tid=6a52f8e8d895476b985831c23d3f56e8&url=https%3a%2f%2fwww.dailytelegraph.com.au%2fsport%2fnrl%2fnrl-to-grant-perth-bears-500k-salary-cap-concessions-in-landmark-thirdparty-arrangement%2fnews-story%2f0c5c097536d723f0d0cb46c86fd051ff&c=13072428604770190172&mkt=en-au","","https://www.dailytelegraph.com.au/sport/nrl/nrl-to-grant-perth-bears-500k-salary-cap-concessions-in-landmark-thirdparty-arrangement/news-story/0c5c097536d723f0d0cb46c86fd051ff","false","In a historic development for the NRL’s 18th club, this masthead has been told Perth will receive a special marquee player privilege where existing club sponsors can top-up a player’s contract by 20 ..."
"pen","Penrith Panthers","Luke Garner","backup_baseline","","","","","","","","no_candidate_found","","","","","","",""
"pen","Penrith Panthers","Liam Henry","backup_baseline","1","dailytelegraph.com.au","10","money|contract_language|context_or_team_article","false","The Daily Telegraph","Tue, 23 Jun 2026 12:12:00 GMT","team_or_context_candidate_needs_article_review","NRL to grant Perth Bears $500k salary cap concessions in landmark third-party arrangement","https://www.dailytelegraph.com.au/sport/nrl/nrl-to-grant-perth-bears-500k-salary-cap-concessions-in-landmark-thirdparty-arrangement/news-story/0c5c097536d723f0d0cb46c86fd051ff","http://www.bing.com/news/apiclick.aspx?ref=FexRss&aid=&tid=6a52f8f59175406fa00763eb122be255&url=https%3a%2f%2fwww.dailytelegraph.com.au%2fsport%2fnrl%2fnrl-to-grant-perth-bears-500k-salary-cap-concessions-in-landmark-thirdparty-arrangement%2fnews-story%2f0c5c097536d723f0d0cb46c86fd051ff&c=13072428604770190172&mkt=en-au","","https://www.dailytelegraph.com.au/sport/nrl/nrl-to-grant-perth-bears-500k-salary-cap-concessions-in-landmark-thirdparty-arrangement/news-story/0c5c097536d723f0d0cb46c86fd051ff","false","In a historic development for the NRL’s 18th club, this masthead has been told Perth will receive a special marquee player privilege where existing club sponsors can top-up a player’s contract by 20 ..."
"pen","Penrith Panthers","Izack Tago","backup_baseline","","","","","","","","no_candidate_found","","","","","","",""
"pen","Penrith Panthers","Billy Scott","bucket_unknown","","","","","","","","no_candidate_found","","","","","","",""
"pen","Penrith Panthers","Freddy Lussick","bucket_unknown","1","nrl.com","20","exact_player_name","true","National Rugby League","Fri, 08 May 2026 05:01:00 GMT","player_focused_candidate_needs_article_review","Winning hand: Lussick eager to cash in on new Panthers role","https://www.nrl.com/news/2026/05/08/winning-hand-lussick-eager-to-cash-in-on-new-panthers-role/","http://www.bing.com/news/apiclick.aspx?ref=FexRss&aid=&tid=6a52f90802d940cbba1eb25514ba0486&url=https%3a%2f%2fwww.nrl.com%2fnews%2f2026%2f05%2f08%2fwinning-hand-lussick-eager-to-cash-in-on-new-panthers-role%2f&c=356510813099881978&mkt=en-au","","https://www.nrl.com/news/2026/05/08/winning-hand-lussick-eager-to-cash-in-on-new-panthers-role/","false","If you can’t beat them, join them. It’s that kind of scenario for hooker Freddy Lussick, who has played in two NRL finals in his 59 games – once when he was with the Roosters in 2020 and again in 2023 ..."
"pen","Penrith Panthers","Jack Cogger","bucket_unknown","","","","","","","","no_candidate_found","","","","","","",""
"pen","Penrith Panthers","Jaxen Edgar","bucket_unknown","","","","","","","","no_candidate_found","","","","","","",""
"pen","Penrith Panthers","Jesse McLean","bucket_unknown","1","cairnspost.com.au","27","contract_language|exact_player_name","true","The Cairns Post","Sat, 20 Jun 2026 05:00:00 GMT","player_focused_candidate_needs_article_review","Canterbury raid Penrith Panthers for rising talent and star’s sibling Jesse McLean","https://www.cairnspost.com.au/sport/nrl/canterbury-raid-penrith-panthers-for-rising-talent-and-stars-sibling-jesse-mclean/news-story/46f0cd2f676c60e129f589aeaf7509ad","http://www.bing.com/news/apiclick.aspx?ref=FexRss&aid=&tid=6a52f91ba85141cfa3f276b0541e2dee&url=https%3a%2f%2fwww.cairnspost.com.au%2fsport%2fnrl%2fcanterbury-raid-penrith-panthers-for-rising-talent-and-stars-sibling-jesse-mclean%2fnews-story%2f46f0cd2f676c60e129f589aeaf7509ad&c=3723726939284818770&mkt=en-au","","https://www.cairnspost.com.au/sport/nrl/canterbury-raid-penrith-panthers-for-rising-talent-and-stars-sibling-jesse-mclean/news-story/46f0cd2f676c60e129f589aeaf7509ad","false","It is understood the Panthers will let McLean go at the end of the season despite having two years left on his contract. Penrith’s decision comes after they inked Tom Jenkins to an upgraded three year ..."
"pen","Penrith Panthers","John Fonua","bucket_unknown","","","","","","","","no_candidate_found","","","","","","",""
"pen","Penrith Panthers","Kalani Going","bucket_unknown","","","","","","","","no_candidate_found","","","","","","",""
