"teamId","teamName","player","currentEvidenceRole","candidateRank","candidateDomain","candidateScore","candidateSignals","exactPlayerName","sourceName","publishedAt","reviewStatus","title","url","bingNewsUrl","googleNewsUrl","originalUrl","needsOriginalUrlResolution","snippet"
"bri","Brisbane Broncos","Reece Walsh","backup_baseline","1","couriermail.com.au","30","money|contract_language|exact_player_name","true","The Courier-Mail","Sun, 08 Sep 2024 15:00:00 GMT","player_focused_candidate_needs_article_review","NRL Rich 100: Reece Walsh among nine Queensland Origin stars that fail to qualify for 2024 list","https://www.couriermail.com.au/sport/nrl/nrl-rich-100-reece-walsh-among-nine-queensland-origin-stars-that-fail-to-qualify-for-2024-list/news-story/7a9816bc8e0c5addedcfed29a949ce4b","http://www.bing.com/news/apiclick.aspx?ref=FexRss&aid=&tid=6a52f61776b44e2fb43a2ac5324a1306&url=https%3a%2f%2fwww.couriermail.com.au%2fsport%2fnrl%2fnrl-rich-100-reece-walsh-among-nine-queensland-origin-stars-that-fail-to-qualify-for-2024-list%2fnews-story%2f7a9816bc8e0c5addedcfed29a949ce4b&c=6519261247469856658&mkt=en-au","","https://www.couriermail.com.au/sport/nrl/nrl-rich-100-reece-walsh-among-nine-queensland-origin-stars-that-fail-to-qualify-for-2024-list/news-story/7a9816bc8e0c5addedcfed29a949ce4b","false","Queensland Origin fullback Reece Walsh spearheaded Brisbane’s grand final charge last season on a $400,000 deal and while the Broncos superstar is the NRL’s most followed social-media star, his salary ..."
"bri","Brisbane Broncos","Reece Walsh","backup_baseline","2","7news.com.au","27","contract_language|exact_player_name","true","7NEWS Australia","Mon, 23 Sep 2024 08:54:00 GMT","player_focused_candidate_needs_article_review","Broncos superstar Reece Walsh agrees to multi-million dollar contract extension","https://7news.com.au/sport/rugby-league/broncos-superstar-reece-walsh-agrees-to-multi-million-dollar-contract-extension-c-16162034","http://www.bing.com/news/apiclick.aspx?ref=FexRss&aid=&tid=6a52f615b29546c39377726a1fd6bb6b&url=https%3a%2f%2f7news.com.au%2fsport%2frugby-league%2fbroncos-superstar-reece-walsh-agrees-to-multi-million-dollar-contract-extension-c-16162034&c=3971178330612469509&mkt=en-au","","https://7news.com.au/sport/rugby-league/broncos-superstar-reece-walsh-agrees-to-multi-million-dollar-contract-extension-c-16162034","false","It is thought Walsh’s new contract will make him second-highest paid player in the competition behind Newcastle Knights star Kalyn Ponga. Walsh is only 22 years old and Broncos ..."
"bri","Brisbane Broncos","Reece Walsh","backup_baseline","3","themercury.com.au","4","contract_language|context_or_team_article","false","The Mercury","Thu, 29 Apr 2021 16:07:00 GMT","team_or_context_candidate_needs_article_review","Broken Broncos Part II: The salary cap and contract bungles holding the club to ransom","https://www.themercury.com.au/sport/nrl/broken-broncos-part-ii-the-salary-cap-and-contract-bungles-holding-the-club-to-ransom/news-story/dbaf55949beef05305c9bae6e73774fc","http://www.bing.com/news/apiclick.aspx?ref=FexRss&aid=&tid=6a52f615b29546c39377726a1fd6bb6b&url=https%3a%2f%2fwww.themercury.com.au%2fsport%2fnrl%2fbroken-broncos-part-ii-the-salary-cap-and-contract-bungles-holding-the-club-to-ransom%2fnews-story%2fdbaf55949beef05305c9bae6e73774fc&c=17821051850390128106&mkt=en-au","","https://www.themercury.com.au/sport/nrl/broken-broncos-part-ii-the-salary-cap-and-contract-bungles-holding-the-club-to-ransom/news-story/dbaf55949beef05305c9bae6e73774fc","false","Kevin Walters’ dream job quickly turned into a nightmare when he took the reins at Red Hill, inheriting a salary cap disaster and patchwork roster. But these problems have only sparked the club legend ..."
"bri","Brisbane Broncos","Grant Anderson","backup_baseline","1","rnz.co.nz","27","contract_language|exact_player_name","true","rnz","Thu, 16 Apr 2026 14:18:00 GMT","player_focused_candidate_needs_article_review","NRL: NZ Warriors sign Grant Anderson in Brisbane Broncos exchange for Mitch Barnett","https://www.rnz.co.nz/news/sport/592595/nrl-nz-warriors-sign-grant-anderson-in-brisbane-broncos-exchange-for-mitch-barnett","http://www.bing.com/news/apiclick.aspx?ref=FexRss&aid=&tid=6a52f61a6bd94d3bac5d99a0551ba9f5&url=https%3a%2f%2fwww.rnz.co.nz%2fnews%2fsport%2f592595%2fnrl-nz-warriors-sign-grant-anderson-in-brisbane-broncos-exchange-for-mitch-barnett&c=17075923731743618770&mkt=en-au","","https://www.rnz.co.nz/news/sport/592595/nrl-nz-warriors-sign-grant-anderson-in-brisbane-broncos-exchange-for-mitch-barnett","false","NZ Warriors have completed a rumoured player exchange with Brisbane Broncos, receiving outside back Grant Anderson on a three-year contract from next season. The deal compensates the Auckland NRL club ..."
"bri","Brisbane Broncos","Grant Anderson","backup_baseline","2","foxsports.com.au","7","contract_language|context_or_team_article","false","Fox Sports","Thu, 16 Apr 2026 12:58:00 GMT","team_or_context_candidate_needs_article_review","NRL swap deal complete as Warriors and Broncos come to agreement","https://www.foxsports.com.au/nrl/nrl-premiership/nrl-2026-mitch-barnett-and-grant-anderson-swap-deal-details-contract-warriors-brisbane-broncos/news-story/0523ffbe2cb4adca670d7eb9f354f171","http://www.bing.com/news/apiclick.aspx?ref=FexRss&aid=&tid=6a52f61a6bd94d3bac5d99a0551ba9f5&url=https%3a%2f%2fwww.foxsports.com.au%2fnrl%2fnrl-premiership%2fnrl-2026-mitch-barnett-and-grant-anderson-swap-deal-details-contract-warriors-brisbane-broncos%2fnews-story%2f0523ffbe2cb4adca670d7eb9f354f171&c=12627643618438143729&mkt=en-au","","https://www.foxsports.com.au/nrl/nrl-premiership/nrl-2026-mitch-barnett-and-grant-anderson-swap-deal-details-contract-warriors-brisbane-broncos/news-story/0523ffbe2cb4adca670d7eb9f354f171","false","WHAT'S GAMBLING REALLY COSTING YOU? Set a deposit limit. For Free and confidential support call 1800 858 858 or visit gamblinghelponline.org.au. Anderson has struggled for playing time at Red Hill, ..."
"bri","Brisbane Broncos","Kotoni Staggs","backup_baseline","1","geelongadvertiser.com.au","24","exact_player_name","true","Geelong Advertiser","Wed, 27 May 2026 01:24:00 GMT","player_focused_candidate_needs_article_review","NRL 2021: Jordan Riki, Kotoni Staggs headline Broncos’ retention priorities","https://www.geelongadvertiser.com.au/sport/nrl/nrl-2021-jordan-riki-kotoni-staggs-headline-broncos-retention-priorities/news-story/d3a69e5f731b514c88b3917b80e3576f","http://www.bing.com/news/apiclick.aspx?ref=FexRss&aid=&tid=6a52f620f86548f5ba48f34238c56fc3&url=https%3a%2f%2fwww.geelongadvertiser.com.au%2fsport%2fnrl%2fnrl-2021-jordan-riki-kotoni-staggs-headline-broncos-retention-priorities%2fnews-story%2fd3a69e5f731b514c88b3917b80e3576f&c=8999231937083388655&mkt=en-au","","https://www.geelongadvertiser.com.au/sport/nrl/nrl-2021-jordan-riki-kotoni-staggs-headline-broncos-retention-priorities/news-story/d3a69e5f731b514c88b3917b80e3576f","false","The Sunday Mail can reveal Brisbane have opened talks with Riki’s management as the 106kg hulk prepares to fill the back-row void left by Titans recruit David Fifita in Friday night’s season opener ..."
"bri","Brisbane Broncos","Kotoni Staggs","backup_baseline","2","7news.com.au","4","contract_language|context_or_team_article","false","7NEWS Australia","Mon, 23 Sep 2024 08:54:00 GMT","team_or_context_candidate_needs_article_review","Broncos superstar Reece Walsh agrees to multi-million dollar contract extension","https://7news.com.au/sport/rugby-league/broncos-superstar-reece-walsh-agrees-to-multi-million-dollar-contract-extension-c-16162034","http://www.bing.com/news/apiclick.aspx?ref=FexRss&aid=&tid=6a52f620f86548f5ba48f34238c56fc3&url=https%3a%2f%2f7news.com.au%2fsport%2frugby-league%2fbroncos-superstar-reece-walsh-agrees-to-multi-million-dollar-contract-extension-c-16162034&c=3971178330612469509&mkt=en-au","","https://7news.com.au/sport/rugby-league/broncos-superstar-reece-walsh-agrees-to-multi-million-dollar-contract-extension-c-16162034","false","It is thought Walsh’s new contract will make him second-highest paid player in the competition behind Newcastle Knights star Kalyn Ponga. Walsh is only 22 years old and Broncos ..."
"bri","Brisbane Broncos","Gehamat Shibasaki","backup_baseline","1","au.sports.yahoo.com","29","money|contract_language|news_corp_reporting|exact_player_name","true","Yahoo Sports Australia","Fri, 26 Jun 2026 19:55:00 GMT","player_focused_candidate_needs_article_review","Perth Bears table $1 million deal to Broncos off-contract centre","https://au.sports.yahoo.com/perth-bears-table-1-million-025505590.html","http://www.bing.com/news/apiclick.aspx?ref=FexRss&aid=&tid=6a52f62616f34e09a2d96cb7f6fea96a&url=https%3a%2f%2fau.sports.yahoo.com%2fperth-bears-table-1-million-025505590.html&c=9422368084729016896&mkt=en-au","","https://au.sports.yahoo.com/perth-bears-table-1-million-025505590.html","false","Gehamat Shibasaki's time at the Brisbane Broncos appears all but over. The Courier Mail reported on Saturday morning that the newest NRL expansion side, the Perth Bears, has tabled a lucrative offer ..."
"bri","Brisbane Broncos","Gehamat Shibasaki","backup_baseline","2","goldcoastbulletin.com.au","27","contract_language|exact_player_name","true","Gold Coast Sun","Fri, 08 May 2026 10:22:00 GMT","player_focused_candidate_needs_article_review","Gehamat Shibasaki may fall victim to Broncos salary cap squeeze after latest offer falls short","https://www.goldcoastbulletin.com.au/sport/nrl/gehamat-shibasaki-may-fall-victim-to-broncos-salary-cap-squeeze-after-latest-offer-falls-short/news-story/2d9a60be0cd66cc591fafd90e353d7a5","http://www.bing.com/news/apiclick.aspx?ref=FexRss&aid=&tid=6a52f62616f34e09a2d96cb7f6fea96a&url=https%3a%2f%2fwww.goldcoastbulletin.com.au%2fsport%2fnrl%2fgehamat-shibasaki-may-fall-victim-to-broncos-salary-cap-squeeze-after-latest-offer-falls-short%2fnews-story%2f2d9a60be0cd66cc591fafd90e353d7a5&c=16205103448303504275&mkt=en-au","","https://www.goldcoastbulletin.com.au/sport/nrl/gehamat-shibasaki-may-fall-victim-to-broncos-salary-cap-squeeze-after-latest-offer-falls-short/news-story/2d9a60be0cd66cc591fafd90e353d7a5","false","This masthead understands Shibasaki is resigned to leaving the Broncos at season’s end unless Brisbane can up the ante in the face of more lucrative offers from NRL rivals. The off-contract Shibasaki ..."
"bri","Brisbane Broncos","Gehamat Shibasaki","backup_baseline","3","msn.com","25","money|contract_language|news_corp_reporting|exact_player_name","true","Zero Tackle on MSN","Fri, 26 Jun 2026 19:55:05 GMT","context_only_untrusted_domain","Perth Bears table $1 million deal to Broncos off-contract centre","https://www.msn.com/en-au/sport/general/perth-bears-table-1-million-deal-to-broncos-off-contract-centre/ar-AA26EUtq","http://www.bing.com/news/apiclick.aspx?ref=FexRss&aid=&tid=6a52f6299fd943178a5697212db830c4&url=https%3a%2f%2fwww.msn.com%2fen-au%2fsport%2fgeneral%2fperth-bears-table-1-million-deal-to-broncos-off-contract-centre%2far-AA26EUtq&c=6745635280690540018&mkt=en-au","","https://www.msn.com/en-au/sport/general/perth-bears-table-1-million-deal-to-broncos-off-contract-centre/ar-AA26EUtq","false","Gehamat Shibasaki's time at the Brisbane Broncos appears all but over. The Courier Mail reported on Saturday morning that the newest NRL expansion side, the Perth Bears, has tabled a lucrative offer ..."
"bri","Brisbane Broncos","Gehamat Shibasaki","backup_baseline","4","dailytelegraph.com.au","10","money|contract_language|context_or_team_article","false","The Daily Telegraph","Tue, 23 Jun 2026 12:12:00 GMT","team_or_context_candidate_needs_article_review","NRL to grant Perth Bears $500k salary cap concessions in landmark third-party arrangement","https://www.dailytelegraph.com.au/sport/nrl/nrl-to-grant-perth-bears-500k-salary-cap-concessions-in-landmark-thirdparty-arrangement/news-story/0c5c097536d723f0d0cb46c86fd051ff","http://www.bing.com/news/apiclick.aspx?ref=FexRss&aid=&tid=6a52f62695b74680a14aff3c6f1bad65&url=https%3a%2f%2fwww.dailytelegraph.com.au%2fsport%2fnrl%2fnrl-to-grant-perth-bears-500k-salary-cap-concessions-in-landmark-thirdparty-arrangement%2fnews-story%2f0c5c097536d723f0d0cb46c86fd051ff&c=13072428604770190172&mkt=en-au","","https://www.dailytelegraph.com.au/sport/nrl/nrl-to-grant-perth-bears-500k-salary-cap-concessions-in-landmark-thirdparty-arrangement/news-story/0c5c097536d723f0d0cb46c86fd051ff","false","In a historic development for the NRL’s 18th club, this masthead has been told Perth will receive a special marquee player privilege where existing club sponsors can top-up a player’s contract by 20 ..."
"bri","Brisbane Broncos","Gehamat Shibasaki","backup_baseline","5","au.sports.yahoo.com","7","money|contract_language|context_or_team_article","false","Yahoo Sports Australia","Tue, 23 Jun 2026 19:51:00 GMT","team_or_context_candidate_needs_article_review","Perth Bears receive salary cap boost from NRL","https://au.sports.yahoo.com/perth-bears-receive-salary-cap-025110246.html","http://www.bing.com/news/apiclick.aspx?ref=FexRss&aid=&tid=6a52f629f39b46a08d785f4d5a09de70&url=https%3a%2f%2fau.sports.yahoo.com%2fperth-bears-receive-salary-cap-025110246.html&c=545008729362569136&mkt=en-au","","https://au.sports.yahoo.com/perth-bears-receive-salary-cap-025110246.html","false","The NRL has granted the Perth Bears up to $500,000 worth of salary cap concessions to compete in the fight against PNG Chiefs. The latest NRL expansion club with receive compensation from the NRL to ..."
"bri","Brisbane Broncos","Gehamat Shibasaki","backup_baseline","6","au.news.yahoo.com","4","contract_language|context_or_team_article","false","Yahoo News Australia","Mon, 22 Jun 2026 17:24:00 GMT","team_or_context_candidate_needs_article_review","NRL fans divided after Broncos re-sign veteran and linked with former Origin player from rival club","https://au.news.yahoo.com/nrl-fans-divided-after-broncos-re-sign-veteran-and-linked-with-former-origin-player-from-rival-club-234604475.html","http://www.bing.com/news/apiclick.aspx?ref=FexRss&aid=&tid=6a52f62616f34e09a2d96cb7f6fea96a&url=https%3a%2f%2fau.news.yahoo.com%2fnrl-fans-divided-after-broncos-re-sign-veteran-and-linked-with-former-origin-player-from-rival-club-234604475.html&c=7254748367207178614&mkt=en-au","","https://au.news.yahoo.com/nrl-fans-divided-after-broncos-re-sign-veteran-and-linked-with-former-origin-player-from-rival-club-234604475.html","false","Brisbane Broncos fans have been left surprised after the announcement they have re-signed veteran Ben Hunt on a one-year extension as the club juggles their salary cap. This also comes after the ..."
"bri","Brisbane Broncos","Deine Mariner","backup_baseline","1","smh.com.au","10","money|contract_language|context_or_team_article","false","Sydney Morning Herald","Fri, 26 Jun 2026 17:01:00 GMT","team_or_context_candidate_needs_article_review","New broadcast deal could push NRL salary cap up to $20m by 2028","https://www.smh.com.au/sport/nrl/new-broadcast-deal-could-push-nrl-salary-cap-up-to-20m-by-2028-20260627-p60ak2.html","http://www.bing.com/news/apiclick.aspx?ref=FexRss&aid=&tid=6a52f62b1eda4989a9e54eba2e52b457&url=https%3a%2f%2fwww.smh.com.au%2fsport%2fnrl%2fnew-broadcast-deal-could-push-nrl-salary-cap-up-to-20m-by-2028-20260627-p60ak2.html&c=16384154360396862290&mkt=en-au","","https://www.smh.com.au/sport/nrl/new-broadcast-deal-could-push-nrl-salary-cap-up-to-20m-by-2028-20260627-p60ak2.html","false","You have reached your maximum number of saved items. Remove items from your saved list to add more. The new multibillion-dollar broadcast rights deal could push the salary cap as high as $20 million ..."
"bri","Brisbane Broncos","Ezra Mam","backup_baseline","1","7news.com.au","4","contract_language|context_or_team_article","false","7NEWS Australia","Mon, 23 Sep 2024 20:54:00 GMT","team_or_context_candidate_needs_article_review","Broncos superstar Reece Walsh agrees to multi-million dollar contract extension","https://7news.com.au/sport/rugby-league/broncos-superstar-reece-walsh-agrees-to-multi-million-dollar-contract-extension-c-16162034","http://www.bing.com/news/apiclick.aspx?ref=FexRss&aid=&tid=6a52f63037a146338d75d76fbbf79716&url=https%3a%2f%2f7news.com.au%2fsport%2frugby-league%2fbroncos-superstar-reece-walsh-agrees-to-multi-million-dollar-contract-extension-c-16162034&c=3971178330612469509&mkt=en-au","","https://7news.com.au/sport/rugby-league/broncos-superstar-reece-walsh-agrees-to-multi-million-dollar-contract-extension-c-16162034","false","It is thought Walsh’s new contract will make him second-highest paid player in the competition behind Newcastle Knights star Kalyn Ponga. Walsh is only 22 years old and Broncos ..."
"bri","Brisbane Broncos","Adam Reynolds","backup_baseline","","","","","","","","no_candidate_found","","","","","","",""
"bri","Brisbane Broncos","Corey Jensen","backup_baseline","1","7news.com.au","7","money|contract_language|context_or_team_article","false","7NEWS Australia","Fri, 28 Oct 2022 02:27:00 GMT","team_or_context_candidate_needs_article_review","Ultimate NRL free agency preview: Your club’s out-of-contract stars and where they could end up","https://7news.com.au/sport/rugby-league/ultimate-nrl-free-agency-preview-your-clubs-out-of-contract-stars-and-where-they-could-end-up-c-8677336","http://www.bing.com/news/apiclick.aspx?ref=FexRss&aid=&tid=6a52f63fa0a748fda7d8555b0fac344b&url=https%3a%2f%2f7news.com.au%2fsport%2frugby-league%2fultimate-nrl-free-agency-preview-your-clubs-out-of-contract-stars-and-where-they-could-end-up-c-8677336&c=143273184193222445&mkt=en-au","","https://7news.com.au/sport/rugby-league/ultimate-nrl-free-agency-preview-your-clubs-out-of-contract-stars-and-where-they-could-end-up-c-8677336","false","Over $50 million worth of player talent will be free to negotiate with clubs for season 2024 and beyond when the NRL free agency period begins on November 1. Latrell Mitchell, Mit ..."
"bri","Brisbane Broncos","Corey Jensen","backup_baseline","2","news.com.au","4","contract_language|context_or_team_article","false","Couriermail","Mon, 20 May 2019 14:49:00 GMT","team_or_context_candidate_needs_article_review","Nine NRL players shopped to English clubs, Jackson Hastings slated to return to Australia","https://www.news.com.au/sport/nrl/nine-nrl-players-shopped-to-english-clubs-jackson-hastings-slated-to-return-to-australia/news-story/4dc07f0bf2df5f1dbf2f2f84a1be7247","http://www.bing.com/news/apiclick.aspx?ref=FexRss&aid=&tid=6a52f63d49084ad1a2fd98557a9e71d7&url=https%3a%2f%2fwww.news.com.au%2fsport%2fnrl%2fnine-nrl-players-shopped-to-english-clubs-jackson-hastings-slated-to-return-to-australia%2fnews-story%2f4dc07f0bf2df5f1dbf2f2f84a1be7247&c=3161708882160213554&mkt=en-au","","https://www.news.com.au/sport/nrl/nine-nrl-players-shopped-to-english-clubs-jackson-hastings-slated-to-return-to-australia/news-story/4dc07f0bf2df5f1dbf2f2f84a1be7247","false","A host of off-contract NRL players are being shopped to Super League clubs. Meanwhile, Jackson Hastings could be back in Australia in 2020. Reportedly being shopped are Daniel Alvaro, Aaron Gray, Kyle ..."
"bri","Brisbane Broncos","Ben Hunt","backup_baseline","1","themercury.com.au","30","money|contract_language|exact_player_name","true","The Mercury","Thu, 25 Jun 2026 11:00:00 GMT","player_focused_candidate_needs_article_review","Brisbane Broncos veteran Ben Hunt to accept $200K pay cut to remain at Red Hill","https://www.themercury.com.au/sport/nrl/brisbane-broncos-veteran-ben-hunt-to-accept-200k-pay-cut-to-remain-at-red-hill/news-story/271b9abf08346764743293d2bb398bb4","http://www.bing.com/news/apiclick.aspx?ref=FexRss&aid=&tid=6a52f641e8ae48ada10ea7bda6093c95&url=https%3a%2f%2fwww.themercury.com.au%2fsport%2fnrl%2fbrisbane-broncos-veteran-ben-hunt-to-accept-200k-pay-cut-to-remain-at-red-hill%2fnews-story%2f271b9abf08346764743293d2bb398bb4&c=3572114847661149012&mkt=en-au","","https://www.themercury.com.au/sport/nrl/brisbane-broncos-veteran-ben-hunt-to-accept-200k-pay-cut-to-remain-at-red-hill/news-story/271b9abf08346764743293d2bb398bb4","false","The Broncos’ decision to re-sign Ben Hunt has raised eyebrows, but they aren’t exactly breaking the bank to keep the ageing playmaker. Sport Confidential can reveal Hunt’s 12-month extension to play ..."
"bri","Brisbane Broncos","Ben Hunt","backup_baseline","2","couriermail.com.au","27","money|exact_player_name","true","The Courier Mail","Thu, 25 Jun 2026 11:18:00 GMT","player_focused_candidate_needs_article_review","Brisbane Broncos veteran Ben Hunt to accept $200K pay cut to remain at Red Hill","https://www.couriermail.com.au/sport/nrl/brisbane-broncos-veteran-ben-hunt-to-accept-200k-pay-cut-to-remain-at-red-hill/news-story/271b9abf08346764743293d2bb398bb4","http://www.bing.com/news/apiclick.aspx?ref=FexRss&aid=&tid=6a52f641e8ae48ada10ea7bda6093c95&url=https%3a%2f%2fwww.couriermail.com.au%2fsport%2fnrl%2fbrisbane-broncos-veteran-ben-hunt-to-accept-200k-pay-cut-to-remain-at-red-hill%2fnews-story%2f271b9abf08346764743293d2bb398bb4&c=12753214573329474957&mkt=en-au","","https://www.couriermail.com.au/sport/nrl/brisbane-broncos-veteran-ben-hunt-to-accept-200k-pay-cut-to-remain-at-red-hill/news-story/271b9abf08346764743293d2bb398bb4","false","The Broncos’ decision to re-sign Ben Hunt has raised eyebrows, but they aren’t exactly breaking the bank to keep the ageing playmaker."
"bri","Brisbane Broncos","Ben Hunt","backup_baseline","3","theaustralian.com.au","27","contract_language|exact_player_name","true","The Australian","Mon, 22 Jun 2026 02:14:00 GMT","player_focused_candidate_needs_article_review","Broncos champion Ben Hunt inks new one-year deal to defy retirement calls","https://www.theaustralian.com.au/sport/nrl/ben-hunt-brushes-off-retirement-pleas-from-nrl-greats-despite-brisbane-broncos-slump/news-story/0b707e4a6fc1118d7ceea4290fad1cb5","http://www.bing.com/news/apiclick.aspx?ref=FexRss&aid=&tid=6a52f641e8ae48ada10ea7bda6093c95&url=https%3a%2f%2fwww.theaustralian.com.au%2fsport%2fnrl%2fben-hunt-brushes-off-retirement-pleas-from-nrl-greats-despite-brisbane-broncos-slump%2fnews-story%2f0b707e4a6fc1118d7ceea4290fad1cb5&c=235745227428871600&mkt=en-au","","https://www.theaustralian.com.au/sport/nrl/ben-hunt-brushes-off-retirement-pleas-from-nrl-greats-despite-brisbane-broncos-slump/news-story/0b707e4a6fc1118d7ceea4290fad1cb5","false","Ben Hunt has shelved retirement plans and has inked a one-year extension as the Broncos champion throws down the gauntlet to young guns Tom Duffy and Jonah Pezet."
"bri","Brisbane Broncos","Ben Hunt","backup_baseline","4","theaustralian.com.au","27","contract_language|exact_player_name","true","The Australian","Sat, 13 Jun 2026 12:00:00 GMT","player_focused_candidate_needs_article_review","Ben Hunt urged to retire by ex-Broncos captain amid cap crunch","https://www.theaustralian.com.au/sport/nrl/ben-hunt-urged-to-retire-by-exbroncos-captain-amid-cap-crunch/news-story/3a9417335c0da94e31d1f2dfad86238b","http://www.bing.com/news/apiclick.aspx?ref=FexRss&aid=&tid=6a52f641e8ae48ada10ea7bda6093c95&url=https%3a%2f%2fwww.theaustralian.com.au%2fsport%2fnrl%2fben-hunt-urged-to-retire-by-exbroncos-captain-amid-cap-crunch%2fnews-story%2f3a9417335c0da94e31d1f2dfad86238b&c=1100610879034501017&mkt=en-au","","https://www.theaustralian.com.au/sport/nrl/ben-hunt-urged-to-retire-by-exbroncos-captain-amid-cap-crunch/news-story/3a9417335c0da94e31d1f2dfad86238b","false","The off-contract Hunt turns 37 next March and has indicated to Broncos management he wants to play on in 2027 after winning an elusive premiership ring in his fairytale return to Red Hill last season."
"bri","Brisbane Broncos","Ben Hunt","backup_baseline","5","themercury.com.au","24","exact_player_name","true","The Mercury","Fri, 19 Jun 2026 12:00:00 GMT","player_focused_candidate_needs_article_review","Ben Hunt brushes off retirement pleas from NRL greats despite Brisbane Broncos slump","https://www.themercury.com.au/sport/nrl/ben-hunt-brushes-off-retirement-pleas-from-nrl-greats-despite-brisbane-broncos-slump/news-story/0b707e4a6fc1118d7ceea4290fad1cb5","http://www.bing.com/news/apiclick.aspx?ref=FexRss&aid=&tid=6a52f641e8ae48ada10ea7bda6093c95&url=https%3a%2f%2fwww.themercury.com.au%2fsport%2fnrl%2fben-hunt-brushes-off-retirement-pleas-from-nrl-greats-despite-brisbane-broncos-slump%2fnews-story%2f0b707e4a6fc1118d7ceea4290fad1cb5&c=12208937049248139886&mkt=en-au","","https://www.themercury.com.au/sport/nrl/ben-hunt-brushes-off-retirement-pleas-from-nrl-greats-despite-brisbane-broncos-slump/news-story/0b707e4a6fc1118d7ceea4290fad1cb5","false","Broncos legend Corey Parker has urged his former teammate to consider walking away at season’s end, warning of the perils of Hunt playing one year too long before his 37th birthday next season. Parker ..."
"bri","Brisbane Broncos","Ben Hunt","backup_baseline","6","au.news.yahoo.com","23","contract_language|exact_player_name","true","Yahoo News Australia","Mon, 22 Jun 2026 16:47:00 GMT","player_focused_candidate_needs_article_review","NRL fans divided after Broncos re-sign veteran and linked with former Origin player from rival club","https://au.news.yahoo.com/nrl-fans-divided-after-broncos-re-sign-veteran-and-linked-with-former-origin-player-from-rival-club-234604475.html","http://www.bing.com/news/apiclick.aspx?ref=FexRss&aid=&tid=6a52f641e8ae48ada10ea7bda6093c95&url=https%3a%2f%2fau.news.yahoo.com%2fnrl-fans-divided-after-broncos-re-sign-veteran-and-linked-with-former-origin-player-from-rival-club-234604475.html&c=7254748367207178614&mkt=en-au","","https://au.news.yahoo.com/nrl-fans-divided-after-broncos-re-sign-veteran-and-linked-with-former-origin-player-from-rival-club-234604475.html","false","Brisbane Broncos fans have been left surprised after the announcement they have re-signed veteran Ben Hunt on a one-year extension as the club juggles their salary cap. This also comes after the ..."
"bri","Brisbane Broncos","Ben Hunt","backup_baseline","7","theroar.com.au","20","exact_player_name","true","theroar.com.au","Tue, 07 Jul 2020 17:00:00 GMT","context_only_untrusted_domain","Ben Hunt is now the highest paid starting nine in NRL history","https://www.theroar.com.au/2020/07/09/ben-hunt-is-now-the-highest-paid-starting-nine-in-nrl-history/","http://www.bing.com/news/apiclick.aspx?ref=FexRss&aid=&tid=6a52f64367c7425f8419528e663d0024&url=https%3a%2f%2fwww.theroar.com.au%2f2020%2f07%2f09%2fben-hunt-is-now-the-highest-paid-starting-nine-in-nrl-history%2f&c=1260461963433130419&mkt=en-au","","https://www.theroar.com.au/2020/07/09/ben-hunt-is-now-the-highest-paid-starting-nine-in-nrl-history/","false","Anyone can contribute to The Roar and have their work featured alongside some of Australia’s most prominent sports journalists. Paul McGregor’s decision to start Ben Hunt at hooker for this week’s ..."
"bri","Brisbane Broncos","Ben Hunt","backup_baseline","8","msn.com","19","contract_language|exact_player_name","true","nine.com.au on MSN","Tue, 23 Jun 2026 20:26:25 GMT","context_only_untrusted_domain","Ghosts of Broncos’ past behind contentious new deal for Hunt","https://www.msn.com/en-au/sport/rugby/ghosts-of-broncos-past-behind-contentious-new-deal-for-hunt/ar-AA26oD2e","http://www.bing.com/news/apiclick.aspx?ref=FexRss&aid=&tid=6a52f641e8ae48ada10ea7bda6093c95&url=https%3a%2f%2fwww.msn.com%2fen-au%2fsport%2frugby%2fghosts-of-broncos-past-behind-contentious-new-deal-for-hunt%2far-AA26oD2e&c=9579587198838510722&mkt=en-au","","https://www.msn.com/en-au/sport/rugby/ghosts-of-broncos-past-behind-contentious-new-deal-for-hunt/ar-AA26oD2e","false","Broncos legend Sam Thaiday suspects the club may have learned a lesson from the past before giving Ben Hunt a one-year contract extension."
"bri","Brisbane Broncos","Ben Hunt","backup_baseline","9","foxsports.com.au","7","contract_language|context_or_team_article","false","Fox Sports","Thu, 25 Jun 2026 14:27:00 GMT","team_or_context_candidate_needs_article_review","Hunt’s drastic pay cut revealed; Tiger to join rival immediately in stunning switch — Whispers","https://www.foxsports.com.au/nrl/nrl-premiership/nrl-2026-transfer-whispers-news-and-rumours-contracts-teams-tigers-outside-back-luke-laulilii-set-to-join-warriors-in-midseason-switch/news-story/4bce438dca4774db603807dbd71118fe","http://www.bing.com/news/apiclick.aspx?ref=FexRss&aid=&tid=6a52f643ed044232b0d8e94f05d99422&url=https%3a%2f%2fwww.foxsports.com.au%2fnrl%2fnrl-premiership%2fnrl-2026-transfer-whispers-news-and-rumours-contracts-teams-tigers-outside-back-luke-laulilii-set-to-join-warriors-in-midseason-switch%2fnews-story%2f4bce438dca4774db603807dbd71118fe&c=15984087963251391494&mkt=en-au","","https://www.foxsports.com.au/nrl/nrl-premiership/nrl-2026-transfer-whispers-news-and-rumours-contracts-teams-tigers-outside-back-luke-laulilii-set-to-join-warriors-in-midseason-switch/news-story/4bce438dca4774db603807dbd71118fe","false","WHAT'S GAMBLING REALLY COSTING YOU? Set a deposit limit. For Free and confidential support call 1800 858 858 or visit gamblinghelponline.org.au. Hunt signed a one-year deal with Brisbane in what will ..."
"bri","Brisbane Broncos","Payne Haas","backup_baseline","1","adelaidenow.com.au","27","contract_language|exact_player_name","true","Adelaide Now","Thu, 26 May 2022 11:22:00 GMT","player_focused_candidate_needs_article_review","Broncos deny Payne Haas immediate release demand in contract saga","https://www.adelaidenow.com.au/sport/nrl/broncos-star-payne-haas-demands-immediate-release-over-contract-saga/news-story/de694ec553e257b503875a6b5b1260f1","http://www.bing.com/news/apiclick.aspx?ref=FexRss&aid=&tid=6a52f646cff9474287eef39407cd19fd&url=https%3a%2f%2fwww.adelaidenow.com.au%2fsport%2fnrl%2fbroncos-star-payne-haas-demands-immediate-release-over-contract-saga%2fnews-story%2fde694ec553e257b503875a6b5b1260f1&c=2208136526000163584&mkt=en-au","","https://www.adelaidenow.com.au/sport/nrl/broncos-star-payne-haas-demands-immediate-release-over-contract-saga/news-story/de694ec553e257b503875a6b5b1260f1","false","The Sydney Morning Herald reports Brisbane has denied the request, which came on Wednesday night following a breakdown in contract negotiations with the club. Haas trained with the Broncos on Thursday ..."
"bri","Brisbane Broncos","Payne Haas","backup_baseline","2","au.news.yahoo.com","24","exact_player_name","true","Yahoo News Australia","Tue, 23 Jun 2026 16:04:00 GMT","player_focused_candidate_needs_article_review","Rival NRL club makes reported 'approach' to Broncos about immediate Payne Haas switch","https://au.news.yahoo.com/rival-nrl-club-makes-reported-approach-to-broncos-about-immediate-payne-haas-switch-224644529.html","http://www.bing.com/news/apiclick.aspx?ref=FexRss&aid=&tid=6a52f646cff9474287eef39407cd19fd&url=https%3a%2f%2fau.news.yahoo.com%2frival-nrl-club-makes-reported-approach-to-broncos-about-immediate-payne-haas-switch-224644529.html&c=16309783978502423143&mkt=en-au","","https://au.news.yahoo.com/rival-nrl-club-makes-reported-approach-to-broncos-about-immediate-payne-haas-switch-224644529.html","false","But leading NRL journo James Hooper reported on Tuesday that ‘someone attached to South Sydney’ has approached Broncos coach Michael Maguire about releasing Haas to the Bunnies early. Clubs are ..."
"bri","Brisbane Broncos","Payne Haas","backup_baseline","3","news.com.au","24","exact_player_name","true","news.com.au","Wed, 24 Jun 2026 01:31:00 GMT","player_focused_candidate_needs_article_review","Payne Haas text message plot revealed, Broncos rejected mid-season poaching bid","https://www.news.com.au/sport/nrl/payne-haas-text-message-plot-revealed-broncos-rejected-midseason-poaching-bid/news-story/fcc7b2891001543be06960432bc12236","http://www.bing.com/news/apiclick.aspx?ref=FexRss&aid=&tid=6a52f648409e4546a0372ae11219e9f7&url=https%3a%2f%2fwww.news.com.au%2fsport%2fnrl%2fpayne-haas-text-message-plot-revealed-broncos-rejected-midseason-poaching-bid%2fnews-story%2ffcc7b2891001543be06960432bc12236&c=5108679380902430211&mkt=en-au","","https://www.news.com.au/sport/nrl/payne-haas-text-message-plot-revealed-broncos-rejected-midseason-poaching-bid/news-story/fcc7b2891001543be06960432bc12236","false","Brisbane Broncos coach Michael Maguire has reportedly rejected a bold attempt by the Rabbitohs to bring Payne Haas to South Sydney mid-season."
"bri","Brisbane Broncos","Payne Haas","backup_baseline","4","afr.com","16","exact_player_name","true","The Australian Financial Review","Mon, 06 Jul 2026 23:39:00 GMT","context_only_untrusted_domain","The Haas reality behind NRL’s superstar","https://www.afr.com/life-and-luxury/arts-and-culture/the-haas-reality-behind-this-incredibly-marketable-footballer-20260521-p5zzi1","http://www.bing.com/news/apiclick.aspx?ref=FexRss&aid=&tid=6a52f64741ea459a9aa1182651aa92ac&url=https%3a%2f%2fwww.afr.com%2flife-and-luxury%2farts-and-culture%2fthe-haas-reality-behind-this-incredibly-marketable-footballer-20260521-p5zzi1&c=488926295726201424&mkt=en-au","","https://www.afr.com/life-and-luxury/arts-and-culture/the-haas-reality-behind-this-incredibly-marketable-footballer-20260521-p5zzi1","false","In rugby league circles, a heated debate is brewing about Payne Haas being the best prop forward “arguably” of all time. He’s big, he’s skilful, he’s fast, he’s exceedingly fit, and he’s the player ..."
"bri","Brisbane Broncos","Payne Haas","backup_baseline","5","7news.com.au","4","contract_language|context_or_team_article","false","7NEWS Australia","Mon, 23 Sep 2024 08:54:00 GMT","team_or_context_candidate_needs_article_review","Broncos superstar Reece Walsh agrees to multi-million dollar contract extension","https://7news.com.au/sport/rugby-league/broncos-superstar-reece-walsh-agrees-to-multi-million-dollar-contract-extension-c-16162034","http://www.bing.com/news/apiclick.aspx?ref=FexRss&aid=&tid=6a52f646cff9474287eef39407cd19fd&url=https%3a%2f%2f7news.com.au%2fsport%2frugby-league%2fbroncos-superstar-reece-walsh-agrees-to-multi-million-dollar-contract-extension-c-16162034&c=3971178330612469509&mkt=en-au","","https://7news.com.au/sport/rugby-league/broncos-superstar-reece-walsh-agrees-to-multi-million-dollar-contract-extension-c-16162034","false","It is thought Walsh’s new contract will make him second-highest paid player in the competition behind Newcastle Knights star Kalyn Ponga. Walsh is only 22 years old and Broncos ..."
"bri","Brisbane Broncos","Payne Haas","backup_baseline","6","theaustralian.com.au","4","contract_language|context_or_team_article","false","The Australian","Sun, 28 Jun 2026 15:04:00 GMT","team_or_context_candidate_needs_article_review","Nine’s Stan Sport dealt huge blow in NRL’s record $5bn rights deal","https://www.theaustralian.com.au/business/media/nines-stan-sport-dealt-huge-blow-in-nrls-record-5bn-rights-deal/news-story/cf3fb665174e25345610fd689a257a01","http://www.bing.com/news/apiclick.aspx?ref=FexRss&aid=&tid=6a52f64754f140f98076c5596a35a33b&url=https%3a%2f%2fwww.theaustralian.com.au%2fbusiness%2fmedia%2fnines-stan-sport-dealt-huge-blow-in-nrls-record-5bn-rights-deal%2fnews-story%2fcf3fb665174e25345610fd689a257a01&c=9625671747989068122&mkt=en-au","","https://www.theaustralian.com.au/business/media/nines-stan-sport-dealt-huge-blow-in-nrls-record-5bn-rights-deal/news-story/cf3fb665174e25345610fd689a257a01","false","Rival NRL bidders Foxtel and Nine are both privately claiming victory in the bitter fight for the sport’s lucrative long-term rights after it emerged that the existing arrangements will largely remain ..."
"bri","Brisbane Broncos","Brendan Piakura","backup_baseline","1","couriermail.com.au","24","exact_player_name","true","The Courier-Mail","Sat, 04 Jul 2020 11:00:00 GMT","player_focused_candidate_needs_article_review","Brisbane Broncos’ Brendan Piakura chased by nine rival NRL clubs","https://www.couriermail.com.au/sport/nrl/brisbane-broncos-brendan-piakura-chased-by-nine-rival-nrl-clubs/news-story/ad0bf270219a6cde8db4ba53ddd92bea","http://www.bing.com/news/apiclick.aspx?ref=FexRss&aid=&tid=6a52f64df65c493e8f6ec4b62580c4ab&url=https%3a%2f%2fwww.couriermail.com.au%2fsport%2fnrl%2fbrisbane-broncos-brendan-piakura-chased-by-nine-rival-nrl-clubs%2fnews-story%2fad0bf270219a6cde8db4ba53ddd92bea&c=4921779949548431350&mkt=en-au","","https://www.couriermail.com.au/sport/nrl/brisbane-broncos-brendan-piakura-chased-by-nine-rival-nrl-clubs/news-story/ad0bf270219a6cde8db4ba53ddd92bea","false","Widely considered a future Queensland State of Origin force, 18-year-old Brendan Piakura is just months away from becoming one of the most-prized signatures in the NRL. The Sunday Telegraph can reveal ..."
"bri","Brisbane Broncos","Jordan Riki","backup_baseline","","","","","","","","no_candidate_found","","","","","","",""
"bri","Brisbane Broncos","Patrick Carrigan","backup_baseline","1","au.sports.yahoo.com","23","contract_language|exact_player_name","true","Yahoo Sport Australia","Fri, 01 May 2026 17:00:00 GMT","player_focused_candidate_needs_article_review","Broncos star edging towards contract extension to remain one club player","https://au.sports.yahoo.com/broncos-star-edging-towards-contract-053136050.html","http://www.bing.com/news/apiclick.aspx?ref=FexRss&aid=&tid=6a52f65744f64562b4b4418210fd1e18&url=https%3a%2f%2fau.sports.yahoo.com%2fbroncos-star-edging-towards-contract-053136050.html&c=11650511554413212329&mkt=en-au","","https://au.sports.yahoo.com/broncos-star-edging-towards-contract-053136050.html","false","Brisbane Broncos superstar Patrick Carrigan and his management will begin chats on him re-signing with the club to ensure that he remains in Brisbane long-term. As one of the most consistent and ..."
"bri","Brisbane Broncos","Patrick Carrigan","backup_baseline","2","7news.com.au","4","contract_language|context_or_team_article","false","7NEWS Australia","Mon, 23 Sep 2024 08:54:00 GMT","team_or_context_candidate_needs_article_review","Broncos superstar Reece Walsh agrees to multi-million dollar contract extension","https://7news.com.au/sport/rugby-league/broncos-superstar-reece-walsh-agrees-to-multi-million-dollar-contract-extension-c-16162034","http://www.bing.com/news/apiclick.aspx?ref=FexRss&aid=&tid=6a52f65744f64562b4b4418210fd1e18&url=https%3a%2f%2f7news.com.au%2fsport%2frugby-league%2fbroncos-superstar-reece-walsh-agrees-to-multi-million-dollar-contract-extension-c-16162034&c=3971178330612469509&mkt=en-au","","https://7news.com.au/sport/rugby-league/broncos-superstar-reece-walsh-agrees-to-multi-million-dollar-contract-extension-c-16162034","false","It is thought Walsh’s new contract will make him second-highest paid player in the competition behind Newcastle Knights star Kalyn Ponga. Walsh is only 22 years old and Broncos ..."
"bri","Brisbane Broncos","Billy Walters","backup_baseline","1","au.news.yahoo.com","4","contract_language|context_or_team_article","false","Yahoo News Australia","Mon, 22 Jun 2026 17:24:00 GMT","team_or_context_candidate_needs_article_review","NRL fans divided after Broncos re-sign veteran and linked with former Origin player from rival club","https://au.news.yahoo.com/nrl-fans-divided-after-broncos-re-sign-veteran-and-linked-with-former-origin-player-from-rival-club-234604475.html","http://www.bing.com/news/apiclick.aspx?ref=FexRss&aid=&tid=6a52f65c29bd48f1b5aa08a031fad8e9&url=https%3a%2f%2fau.news.yahoo.com%2fnrl-fans-divided-after-broncos-re-sign-veteran-and-linked-with-former-origin-player-from-rival-club-234604475.html&c=7254748367207178614&mkt=en-au","","https://au.news.yahoo.com/nrl-fans-divided-after-broncos-re-sign-veteran-and-linked-with-former-origin-player-from-rival-club-234604475.html","false","Brisbane Broncos fans have been left surprised after the announcement they have re-signed veteran Ben Hunt on a one-year extension as the club juggles their salary cap. This also comes after the ..."
"bri","Brisbane Broncos","Xavier Willison","backup_baseline","","","","","","","","no_candidate_found","","","","","","",""
"bri","Brisbane Broncos","Jack Gosiewski","backup_baseline","","","","","","","","no_candidate_found","","","","","","",""
"bri","Brisbane Broncos","Aublix Tawha","backup_baseline","1","dailytelegraph.com.au","10","money|contract_language|context_or_team_article","false","The Daily Telegraph","Tue, 23 Jun 2026 12:12:00 GMT","team_or_context_candidate_needs_article_review","NRL to grant Perth Bears $500k salary cap concessions in landmark third-party arrangement","https://www.dailytelegraph.com.au/sport/nrl/nrl-to-grant-perth-bears-500k-salary-cap-concessions-in-landmark-thirdparty-arrangement/news-story/0c5c097536d723f0d0cb46c86fd051ff","http://www.bing.com/news/apiclick.aspx?ref=FexRss&aid=&tid=6a52f66e6ef34679a7fdcadf6a0f0c83&url=https%3a%2f%2fwww.dailytelegraph.com.au%2fsport%2fnrl%2fnrl-to-grant-perth-bears-500k-salary-cap-concessions-in-landmark-thirdparty-arrangement%2fnews-story%2f0c5c097536d723f0d0cb46c86fd051ff&c=13072428604770190172&mkt=en-au","","https://www.dailytelegraph.com.au/sport/nrl/nrl-to-grant-perth-bears-500k-salary-cap-concessions-in-landmark-thirdparty-arrangement/news-story/0c5c097536d723f0d0cb46c86fd051ff","false","In a historic development for the NRL’s 18th club, this masthead has been told Perth will receive a special marquee player privilege where existing club sponsors can top-up a player’s contract by 20 ..."
"bri","Brisbane Broncos","Aublix Tawha","backup_baseline","2","smh.com.au","7","contract_language|context_or_team_article","false","Sydney Morning Herald","Mon, 11 May 2020 17:00:00 GMT","team_or_context_candidate_needs_article_review","Nine, NRL on brink of deal to seal $1.9 billion broadcast bonanza","https://www.smh.com.au/sport/nrl/nine-nrl-on-brink-of-deal-to-seal-1-9-billion-broadcast-bonanza-20200512-p54scv.html","http://www.bing.com/news/apiclick.aspx?ref=FexRss&aid=&tid=6a52f66fa8834a3d8e369c9f24b348d1&url=https%3a%2f%2fwww.smh.com.au%2fsport%2fnrl%2fnine-nrl-on-brink-of-deal-to-seal-1-9-billion-broadcast-bonanza-20200512-p54scv.html&c=10283903415388544094&mkt=en-au","","https://www.smh.com.au/sport/nrl/nine-nrl-on-brink-of-deal-to-seal-1-9-billion-broadcast-bonanza-20200512-p54scv.html","false","You have reached your maximum number of saved items. Remove items from your saved list to add more. Nine Entertainment Co is close to agreeing to a revised three-year deal with the NRL as the code ..."
"bri","Brisbane Broncos","Aublix Tawha","backup_baseline","3","au.sports.yahoo.com","7","money|contract_language|context_or_team_article","false","Yahoo Sport Australia","Tue, 23 Jun 2026 17:00:00 GMT","team_or_context_candidate_needs_article_review","Perth Bears receive salary cap boost from NRL","https://au.sports.yahoo.com/perth-bears-receive-salary-cap-025110246.html","http://www.bing.com/news/apiclick.aspx?ref=FexRss&aid=&tid=6a52f671cfe346b88a198d0d4b21322b&url=https%3a%2f%2fau.sports.yahoo.com%2fperth-bears-receive-salary-cap-025110246.html&c=545008729362569136&mkt=en-au","","https://au.sports.yahoo.com/perth-bears-receive-salary-cap-025110246.html","false","The NRL has granted the Perth Bears up to $500,000 worth of salary cap concessions to compete in the fight against PNG Chiefs. The latest NRL expansion club with receive compensation from the NRL to ..."
"bri","Brisbane Broncos","Ben Talty","bucket_unknown","","","","","","","","no_candidate_found","","","","","","",""
"bri","Brisbane Broncos","Blake Mozer","bucket_unknown","","","","","","","","no_candidate_found","","","","","","",""
"bri","Brisbane Broncos","Ben Te Kura","bucket_unknown","1","dailytelegraph.com.au","33","money|contract_language|exact_player_name","true","Daily Telegraph","Wed, 01 Jul 2026 12:19:00 GMT","player_focused_candidate_needs_article_review","Broncos giant Ben Te Kura quits NRL to chase multimillion-dollar NFL dream","https://www.dailytelegraph.com.au/sport/broncos-giant-ben-te-kura-quits-nrl-to-chase-multimilliondollar-nfl-dream/news-story/6ed511b49e9e218d01a95be7885c961a","http://www.bing.com/news/apiclick.aspx?ref=FexRss&aid=&tid=6a52f67f144f467599e738ad4c868920&url=https%3a%2f%2fwww.dailytelegraph.com.au%2fsport%2fbroncos-giant-ben-te-kura-quits-nrl-to-chase-multimilliondollar-nfl-dream%2fnews-story%2f6ed511b49e9e218d01a95be7885c961a&c=5912082245677434099&mkt=en-au","","https://www.dailytelegraph.com.au/sport/broncos-giant-ben-te-kura-quits-nrl-to-chase-multimilliondollar-nfl-dream/news-story/6ed511b49e9e218d01a95be7885c961a","false","The Broncos have granted a full and immediate release to Ben Te Kura as the front-row giant edges a step closer to clinching a $1 million NFL contract."
"bri","Brisbane Broncos","Ben Te Kura","bucket_unknown","2","ntnews.com.au","30","money|contract_language|exact_player_name","true","NT News","Wed, 01 Jul 2026 08:15:00 GMT","player_focused_candidate_needs_article_review","Broncos giant Ben Te Kura quits NRL to chase multimillion-dollar NFL dream","https://www.ntnews.com.au/sport/broncos-giant-ben-te-kura-quits-nrl-to-chase-multimilliondollar-nfl-dream/news-story/6ed511b49e9e218d01a95be7885c961a","http://www.bing.com/news/apiclick.aspx?ref=FexRss&aid=&tid=6a52f67f5cde4d9eac2638a92037059a&url=https%3a%2f%2fwww.ntnews.com.au%2fsport%2fbroncos-giant-ben-te-kura-quits-nrl-to-chase-multimilliondollar-nfl-dream%2fnews-story%2f6ed511b49e9e218d01a95be7885c961a&c=12599023506146774901&mkt=en-au","","https://www.ntnews.com.au/sport/broncos-giant-ben-te-kura-quits-nrl-to-chase-multimilliondollar-nfl-dream/news-story/6ed511b49e9e218d01a95be7885c961a","false","The Broncos have granted a full and immediate release to Ben Te Kura as the front-row giant edges a step closer to clinching a $1 million NFL contract."
"bri","Brisbane Broncos","Ben Te Kura","bucket_unknown","3","dailytelegraph.com.au","30","contract_language|exact_player_name","true","Daily Telegraph","Wed, 01 Jul 2026 10:20:00 GMT","player_focused_candidate_needs_article_review","Broncos youngster Ben Te Kura released from NRL contract to chase NFL dream","https://www.dailytelegraph.com.au/sport/nrl/broncos-youngster-ben-te-kura-released-from-nrl-contract-to-chasenfl-dream/news-story/da3f72c4fe02281f73ae7cf2eb3a67f9","http://www.bing.com/news/apiclick.aspx?ref=FexRss&aid=&tid=6a52f67f144f467599e738ad4c868920&url=https%3a%2f%2fwww.dailytelegraph.com.au%2fsport%2fnrl%2fbroncos-youngster-ben-te-kura-released-from-nrl-contract-to-chasenfl-dream%2fnews-story%2fda3f72c4fe02281f73ae7cf2eb3a67f9&c=15903288897544246263&mkt=en-au","","https://www.dailytelegraph.com.au/sport/nrl/broncos-youngster-ben-te-kura-released-from-nrl-contract-to-chasenfl-dream/news-story/da3f72c4fe02281f73ae7cf2eb3a67f9","false","The 22-year-old has made just five appearances for Brisbane since making his debut in 2024, and back in April was given permission to take a break from his NRL commitments to attend a six-week NFL ..."
"bri","Brisbane Broncos","Ben Te Kura","bucket_unknown","4","heraldsun.com.au","30","money|contract_language|exact_player_name","true","Herald Sun","Wed, 01 Jul 2026 12:49:00 GMT","player_focused_candidate_needs_article_review","Broncos giant Ben Te Kura quits NRL to chase multimillion-dollar NFL dream","https://www.heraldsun.com.au/sport/broncos-giant-ben-te-kura-quits-nrl-to-chase-multimilliondollar-nfl-dream/news-story/6ed511b49e9e218d01a95be7885c961a","http://www.bing.com/news/apiclick.aspx?ref=FexRss&aid=&tid=6a52f6800dad45c5b210978eb38b3ad8&url=https%3a%2f%2fwww.heraldsun.com.au%2fsport%2fbroncos-giant-ben-te-kura-quits-nrl-to-chase-multimilliondollar-nfl-dream%2fnews-story%2f6ed511b49e9e218d01a95be7885c961a&c=4410089382147087835&mkt=en-au","","https://www.heraldsun.com.au/sport/broncos-giant-ben-te-kura-quits-nrl-to-chase-multimilliondollar-nfl-dream/news-story/6ed511b49e9e218d01a95be7885c961a","false","The Broncos have granted a full and immediate release to Ben Te Kura as the front-row giant edges a step closer to clinching a $1 million NFL contract."
"bri","Brisbane Broncos","Ben Te Kura","bucket_unknown","5","cairnspost.com.au","27","contract_language|exact_player_name","true","The Cairns Post","Wed, 01 Jul 2026 10:50:00 GMT","player_focused_candidate_needs_article_review","Broncos youngster Ben Te Kura released from NRL contract to chase NFL dream","https://www.cairnspost.com.au/sport/nrl/broncos-youngster-ben-te-kura-released-from-nrl-contract-to-chasenfl-dream/news-story/da3f72c4fe02281f73ae7cf2eb3a67f9","http://www.bing.com/news/apiclick.aspx?ref=FexRss&aid=&tid=6a52f67f5cde4d9eac2638a92037059a&url=https%3a%2f%2fwww.cairnspost.com.au%2fsport%2fnrl%2fbroncos-youngster-ben-te-kura-released-from-nrl-contract-to-chasenfl-dream%2fnews-story%2fda3f72c4fe02281f73ae7cf2eb3a67f9&c=12239355760462110012&mkt=en-au","","https://www.cairnspost.com.au/sport/nrl/broncos-youngster-ben-te-kura-released-from-nrl-contract-to-chasenfl-dream/news-story/da3f72c4fe02281f73ae7cf2eb3a67f9","false","The 22-year-old has made just five appearances for Brisbane since making his debut in 2024, and back in April was given permission to take a break from his NRL commitments to attend a six-week NFL ..."
"bri","Brisbane Broncos","Ben Te Kura","bucket_unknown","6","themercury.com.au","27","contract_language|exact_player_name","true","The Mercury","Wed, 01 Jul 2026 10:50:00 GMT","player_focused_candidate_needs_article_review","Broncos youngster Ben Te Kura released from NRL contract to chase NFL dream","https://www.themercury.com.au/sport/nrl/broncos-youngster-ben-te-kura-released-from-nrl-contract-to-chasenfl-dream/news-story/da3f72c4fe02281f73ae7cf2eb3a67f9","http://www.bing.com/news/apiclick.aspx?ref=FexRss&aid=&tid=6a52f6800dad45c5b210978eb38b3ad8&url=https%3a%2f%2fwww.themercury.com.au%2fsport%2fnrl%2fbroncos-youngster-ben-te-kura-released-from-nrl-contract-to-chasenfl-dream%2fnews-story%2fda3f72c4fe02281f73ae7cf2eb3a67f9&c=7234462988402915559&mkt=en-au","","https://www.themercury.com.au/sport/nrl/broncos-youngster-ben-te-kura-released-from-nrl-contract-to-chasenfl-dream/news-story/da3f72c4fe02281f73ae7cf2eb3a67f9","false","The 22-year-old has made just five appearances for Brisbane since making his debut in 2024, and back in April was given permission to take a break from his NRL commitments to attend a six-week NFL ..."
"bri","Brisbane Broncos","Ben Te Kura","bucket_unknown","7","broncos.com.au","27","contract_language|exact_player_name","true","Brisbane Broncos","Sat, 11 Apr 2026 13:04:00 GMT","player_focused_candidate_needs_article_review","Club Statement: Ben Te Kura","https://www.broncos.com.au/news/2026/07/02/club-statement-ben-te-kura/","http://www.bing.com/news/apiclick.aspx?ref=FexRss&aid=&tid=6a52f68374384fde80f64e7a87990f1b&url=https%3a%2f%2fwww.broncos.com.au%2fnews%2f2026%2f07%2f02%2fclub-statement-ben-te-kura%2f&c=11252107484130293899&mkt=en-au","","https://www.broncos.com.au/news/2026/07/02/club-statement-ben-te-kura/","false","The Brisbane Broncos have released forward Ben Te Kura from the remainder of his current contract, effective immediately, to allow him to pursue an NFL opportunity in the United States in 2027."
"bri","Brisbane Broncos","Cory Paix","bucket_unknown","","","","","","","","no_candidate_found","","","","","","",""
"bri","Brisbane Broncos","Delouise Hoeter","bucket_unknown","","","","","","","","no_candidate_found","","","","","","",""
"bri","Brisbane Broncos","Hayze Perham","bucket_unknown","","","","","","","","no_candidate_found","","","","","","",""
"bri","Brisbane Broncos","Jaiyden Hunt","bucket_unknown","1","heraldsun.com.au","5","contract_language|context_or_team_article","false","heraldsun.com.au","Mon, 15 Jun 2026 03:35:00 GMT","team_or_context_candidate_needs_article_review","NRL 2020: Dragons consider shock deal to send Ben Hunt back to Brisbane Broncos","https://www.heraldsun.com.au/sport/nrl/nrl-2020-dragons-consider-shock-deal-to-send-ben-hunt-back-to-brisbane-broncos/news-story/9a71ed1de7ffbe0722bce23eff341945","http://www.bing.com/news/apiclick.aspx?ref=FexRss&aid=&tid=6a52f6945da4436b8013ab8299ed0109&url=https%3a%2f%2fwww.heraldsun.com.au%2fsport%2fnrl%2fnrl-2020-dragons-consider-shock-deal-to-send-ben-hunt-back-to-brisbane-broncos%2fnews-story%2f9a71ed1de7ffbe0722bce23eff341945&c=1827344945001021331&mkt=en-au","","https://www.heraldsun.com.au/sport/nrl/nrl-2020-dragons-consider-shock-deal-to-send-ben-hunt-back-to-brisbane-broncos/news-story/9a71ed1de7ffbe0722bce23eff341945","false","News Corp can reveal the Dragons may look to pay up to half of Hunt’s wage should he make a shock return to the Broncos from next season. A key question in the possible shift would be whether Brisbane ..."
"bri","Brisbane Broncos","Jaiyden Hunt","bucket_unknown","2","au.sports.yahoo.com","4","contract_language|context_or_team_article","false","Yahoo Sport Australia","Thu, 07 May 2026 17:00:00 GMT","team_or_context_candidate_needs_article_review","The SEVEN current best value for money contracts in the NRL","https://au.sports.yahoo.com/seven-current-best-value-money-214941645.html","http://www.bing.com/news/apiclick.aspx?ref=FexRss&aid=&tid=6a52f698b1d0457d8c9d0f3476c50e05&url=https%3a%2f%2fau.sports.yahoo.com%2fseven-current-best-value-money-214941645.html&c=14537114608194793438&mkt=en-au","","https://au.sports.yahoo.com/seven-current-best-value-money-214941645.html","false","The beauty of the salary cap is that it is supposed to level the playing field for all NRL teams. There is enough space for stars, but not multiple, meaning rosters need to be carefully crafted so ..."
"bri","Brisbane Broncos","Jesse Arthars","bucket_unknown","1","dailytelegraph.com.au","33","contract_language|term_language|exact_player_name","true","The Daily Telegraph","Fri, 29 May 2026 04:56:00 GMT","player_focused_candidate_needs_article_review","Jesse Arthars to leave Broncos at end of 2026 season, Sharks extend Sam Stonestreet","https://www.dailytelegraph.com.au/sport/nrl/jesse-arthars-to-leave-broncos-at-end-of-2026-season-amid-salary-cap-pressures/news-story/36664c6089176c5167538c6e9ebf24bd","http://www.bing.com/news/apiclick.aspx?ref=FexRss&aid=&tid=6a52f69a72e94de5bf85ee7fae90d6dd&url=https%3a%2f%2fwww.dailytelegraph.com.au%2fsport%2fnrl%2fjesse-arthars-to-leave-broncos-at-end-of-2026-season-amid-salary-cap-pressures%2fnews-story%2f36664c6089176c5167538c6e9ebf24bd&c=11833006296432438287&mkt=en-au","","https://www.dailytelegraph.com.au/sport/nrl/jesse-arthars-to-leave-broncos-at-end-of-2026-season-amid-salary-cap-pressures/news-story/36664c6089176c5167538c6e9ebf24bd","false","Arthars will depart Red Hill at the end of 2026 after being squeezed out of the Broncos by salary cap pressures and Brisbane’s log-jam of rising outside backs. Arthars, 27, has spent six seasons at ..."
"bri","Brisbane Broncos","Jesse Arthars","bucket_unknown","2","themercury.com.au","30","contract_language|term_language|exact_player_name","true","The Mercury","Fri, 29 May 2026 04:56:00 GMT","player_focused_candidate_needs_article_review","Jesse Arthars to leave Broncos at end of 2026 season, Sharks extend Sam Stonestreet","https://www.themercury.com.au/sport/nrl/jesse-arthars-to-leave-broncos-at-end-of-2026-season-amid-salary-cap-pressures/news-story/36664c6089176c5167538c6e9ebf24bd","http://www.bing.com/news/apiclick.aspx?ref=FexRss&aid=&tid=6a52f69afffd4bc1959830cf4e75c905&url=https%3a%2f%2fwww.themercury.com.au%2fsport%2fnrl%2fjesse-arthars-to-leave-broncos-at-end-of-2026-season-amid-salary-cap-pressures%2fnews-story%2f36664c6089176c5167538c6e9ebf24bd&c=14708693087567876692&mkt=en-au","","https://www.themercury.com.au/sport/nrl/jesse-arthars-to-leave-broncos-at-end-of-2026-season-amid-salary-cap-pressures/news-story/36664c6089176c5167538c6e9ebf24bd","false","Arthars will depart Red Hill at the end of 2026 after being squeezed out of the Broncos by salary cap pressures and Brisbane’s log-jam of rising outside backs. Arthars, 27, has spent six seasons at ..."
"bri","Brisbane Broncos","Jesse Arthars","bucket_unknown","3","dailytelegraph.com.au","27","exact_player_name","true","The Daily Telegraph","Fri, 19 Jun 2026 03:23:00 GMT","player_focused_candidate_needs_article_review","‘We just can’t afford them’: Jesse Arthars’ exit leaves eightunsigned Broncos fighting for deals in 2027","https://www.dailytelegraph.com.au/sport/nrl/we-just-cant-afford-them-the-nine-unsigned-broncos-fighting-for-deals-in-2027/news-story/2578b17d3fbe11cd24883b17775fae5f","http://www.bing.com/news/apiclick.aspx?ref=FexRss&aid=&tid=6a52f69a72e94de5bf85ee7fae90d6dd&url=https%3a%2f%2fwww.dailytelegraph.com.au%2fsport%2fnrl%2fwe-just-cant-afford-them-the-nine-unsigned-broncos-fighting-for-deals-in-2027%2fnews-story%2f2578b17d3fbe11cd24883b17775fae5f&c=5842994355268129362&mkt=en-au","","https://www.dailytelegraph.com.au/sport/nrl/we-just-cant-afford-them-the-nine-unsigned-broncos-fighting-for-deals-in-2027/news-story/2578b17d3fbe11cd24883b17775fae5f","false","Versatile Broncos back Jesse Arthars has become the latest player to leave the club, as a third of Brisbane’s full-time squad remain free agents with 10 games left to save their careers at Red Hill."
"bri","Brisbane Broncos","Jesse Arthars","bucket_unknown","4","theaustralian.com.au","24","exact_player_name","true","The Australian","Thu, 18 Jun 2026 16:55:00 GMT","player_focused_candidate_needs_article_review","‘We just can’t afford them’: Jesse Arthars’ exit leaves eightunsigned Broncos fighting for deals in 2027","https://www.theaustralian.com.au/sport/nrl/we-just-cant-afford-them-the-nine-unsigned-broncos-fighting-for-deals-in-2027/news-story/2578b17d3fbe11cd24883b17775fae5f","http://www.bing.com/news/apiclick.aspx?ref=FexRss&aid=&tid=6a52f69afffd4bc1959830cf4e75c905&url=https%3a%2f%2fwww.theaustralian.com.au%2fsport%2fnrl%2fwe-just-cant-afford-them-the-nine-unsigned-broncos-fighting-for-deals-in-2027%2fnews-story%2f2578b17d3fbe11cd24883b17775fae5f&c=8081730332058751998&mkt=en-au","","https://www.theaustralian.com.au/sport/nrl/we-just-cant-afford-them-the-nine-unsigned-broncos-fighting-for-deals-in-2027/news-story/2578b17d3fbe11cd24883b17775fae5f","false","Brisbane’s retention of boom playmaker Tom Duffy has left nine Broncos stars in a desperate fight for contracts as the June 30 transfer deadline looms."
"bri","Brisbane Broncos","Josh Rogers","bucket_unknown","","","","","","","","no_candidate_found","","","","","","",""
"bri","Brisbane Broncos","Josiah Karapani","bucket_unknown","","","","","","","","no_candidate_found","","","","","","",""
"bri","Brisbane Broncos","Tom Duffy","bucket_unknown","1","adelaidenow.com.au","27","contract_language|exact_player_name","true","Adelaide Now","Mon, 13 Apr 2026 12:09:00 GMT","player_focused_candidate_needs_article_review","Broncos rookie Tom Duffy welcomes halfback duel with future teammate Jonah Pezet","https://www.adelaidenow.com.au/sport/nrl/broncos-rookie-tom-duffy-welcomes-halfback-duel-with-future-teammate-jonah-pezet/news-story/ac1ef03d45eb49e9f7bdef1de76c802b","http://www.bing.com/news/apiclick.aspx?ref=FexRss&aid=&tid=6a52f6accd0844c790d5d1e33f14f7f6&url=https%3a%2f%2fwww.adelaidenow.com.au%2fsport%2fnrl%2fbroncos-rookie-tom-duffy-welcomes-halfback-duel-with-future-teammate-jonah-pezet%2fnews-story%2fac1ef03d45eb49e9f7bdef1de76c802b&c=5622912620409635604&mkt=en-au","","https://www.adelaidenow.com.au/sport/nrl/broncos-rookie-tom-duffy-welcomes-halfback-duel-with-future-teammate-jonah-pezet/news-story/ac1ef03d45eb49e9f7bdef1de76c802b","false","Young gun Tom Duffy has refused to play second fiddle to incoming rival Jonah Pezet as Brisbane bosses open contract talks to secure their halfback future. Broncos bosses have kicked off contract ..."
"bri","Brisbane Broncos","Tom Duffy","bucket_unknown","2","foxsports.com.au","6","contract_language|context_or_team_article","false","Fox Sports","Wed, 03 Jun 2026 17:00:00 GMT","team_or_context_candidate_needs_article_review","Major contract twist in Broncos’ halfback succession plan puts shock heat on stars — Whispers","https://www.foxsports.com.au/nrl/nrl-premiership/young-gun-on-the-verge-of-sealing-nrl-future-in-potential-broncos-shakeup-whispers/news-story/bd231e4b14cdc2a5ae29457340596f7c","http://www.bing.com/news/apiclick.aspx?ref=FexRss&aid=&tid=6a52f6accd0844c790d5d1e33f14f7f6&url=https%3a%2f%2fwww.foxsports.com.au%2fnrl%2fnrl-premiership%2fyoung-gun-on-the-verge-of-sealing-nrl-future-in-potential-broncos-shakeup-whispers%2fnews-story%2fbd231e4b14cdc2a5ae29457340596f7c&c=2266053267047591471&mkt=en-au","","https://www.foxsports.com.au/nrl/nrl-premiership/young-gun-on-the-verge-of-sealing-nrl-future-in-potential-broncos-shakeup-whispers/news-story/bd231e4b14cdc2a5ae29457340596f7c","false","WHAT'S GAMBLING REALLY COSTING YOU? Set a deposit limit. For Free and confidential support call 1800 858 858 or visit gamblinghelponline.org.au. Watch every game of every round of the NRL Premiership ..."
"can","Canberra Raiders","Kaeo Weekes","backup_baseline","1","7news.com.au","7","money|contract_language|context_or_team_article","false","7NEWS Australia","Fri, 28 Oct 2022 02:27:00 GMT","team_or_context_candidate_needs_article_review","Ultimate NRL free agency preview: Your club’s out-of-contract stars and where they could end up","https://7news.com.au/sport/rugby-league/ultimate-nrl-free-agency-preview-your-clubs-out-of-contract-stars-and-where-they-could-end-up-c-8677336","http://www.bing.com/news/apiclick.aspx?ref=FexRss&aid=&tid=6a52f6b62eb74ec9b0b0cff96c7c17b9&url=https%3a%2f%2f7news.com.au%2fsport%2frugby-league%2fultimate-nrl-free-agency-preview-your-clubs-out-of-contract-stars-and-where-they-could-end-up-c-8677336&c=143273184193222445&mkt=en-au","","https://7news.com.au/sport/rugby-league/ultimate-nrl-free-agency-preview-your-clubs-out-of-contract-stars-and-where-they-could-end-up-c-8677336","false","Over $50 million worth of player talent will be free to negotiate with clubs for season 2024 and beyond when the NRL free agency period begins on November 1. Latrell Mitchell, Mit ..."
"can","Canberra Raiders","Savelio Tamale","backup_baseline","","","","","","","","no_candidate_found","","","","","","",""
"can","Canberra Raiders","Matthew Timoko","backup_baseline","","","","","","","","no_candidate_found","","","","","","",""
"can","Canberra Raiders","Sebastian Kris","backup_baseline","1","canberratimes.com.au","19","contract_language|exact_player_name","true","The Canberra Times","Tue, 07 Jul 2026 11:47:00 GMT","context_only_untrusted_domain","Backline axing: how Ricky plans to get the season back on track","https://www.canberratimes.com.au/story/9306468/nrl-canberra-raiders-v-bulldogs-teams-sebastian-kris-talks-contract/","http://www.bing.com/news/apiclick.aspx?ref=FexRss&aid=&tid=6a52f6c554ca4da389ca05649a8a5a68&url=https%3a%2f%2fwww.canberratimes.com.au%2fstory%2f9306468%2fnrl-canberra-raiders-v-bulldogs-teams-sebastian-kris-talks-contract%2f&c=11186149290996087308&mkt=en-au","","https://www.canberratimes.com.au/story/9306468/nrl-canberra-raiders-v-bulldogs-teams-sebastian-kris-talks-contract/","false","Raiders outside back Sebastian Kris has made his contract goals clear after Canberra made several changes to the squad named to face the Bulldogs in round 19. Melanie Dinjaski is an experienced sports ..."
"can","Canberra Raiders","Xavier Savage","backup_baseline","","","","","","","","no_candidate_found","","","","","","",""
"can","Canberra Raiders","Ethan Strange","backup_baseline","","","","","","","","no_candidate_found","","","","","","",""
"can","Canberra Raiders","Ethan Sanders","backup_baseline","","","","","","","","no_candidate_found","","","","","","",""
"can","Canberra Raiders","Josh Papali'i","backup_baseline","","","","","","","","no_candidate_found","","","","","","",""
"can","Canberra Raiders","Tom Starling","backup_baseline","","","","","","","","no_candidate_found","","","","","","",""
"can","Canberra Raiders","Joseph Tapine","backup_baseline","1","adelaidenow.com.au","27","contract_language|exact_player_name","true","Adelaide Now","Thu, 25 Jun 2026 00:33:00 GMT","player_focused_candidate_needs_article_review","NRL 2016: Newcastle Knights release Joseph Tapine after signing a contract with Canberra Raiders","https://www.adelaidenow.com.au/sport/nrl/nrl-2016-newcastle-knights-release-joseph-tapine-after-signing-a-contract-with-canberra-raiders/news-story/521aeb39aeb5be58eb6108e6738a0a37","http://www.bing.com/news/apiclick.aspx?ref=FexRss&aid=&tid=6a52f6eb41dd466089cc3c3245b4568a&url=https%3a%2f%2fwww.adelaidenow.com.au%2fsport%2fnrl%2fnrl-2016-newcastle-knights-release-joseph-tapine-after-signing-a-contract-with-canberra-raiders%2fnews-story%2f521aeb39aeb5be58eb6108e6738a0a37&c=824839356847515268&mkt=en-au","","https://www.adelaidenow.com.au/sport/nrl/nrl-2016-newcastle-knights-release-joseph-tapine-after-signing-a-contract-with-canberra-raiders/news-story/521aeb39aeb5be58eb6108e6738a0a37","false","THE three-way tug of war between Newcastle, Canberra and Joe Tapine is over after the Knights released the second rower from his 2016 contract. In a statement the club said the details of the release ..."
"can","Canberra Raiders","Hudson Young","backup_baseline","1","au.sports.yahoo.com","27","contract_language|exact_player_name","true","Yahoo Sport Australia","Sat, 16 May 2026 17:00:00 GMT","player_focused_candidate_needs_article_review","Hudson Young to begin negotiations over future","https://au.sports.yahoo.com/hudson-young-begin-negotiations-over-051454113.html","http://www.bing.com/news/apiclick.aspx?ref=FexRss&aid=&tid=6a52f6f2beb3442fb7b75b934f07c965&url=https%3a%2f%2fau.sports.yahoo.com%2fhudson-young-begin-negotiations-over-051454113.html&c=18150473774771361190&mkt=en-au","","https://au.sports.yahoo.com/hudson-young-begin-negotiations-over-051454113.html","false","The Canberra Raiders are set to kick off talks with Hudson Young in the coming weeks over a long-term contract extension. Young has become one of the best - and more importantly most consistent - ..."
"can","Canberra Raiders","Hudson Young","backup_baseline","2","msn.com","3","money|contract_language|context_or_team_article","false","The Sydney Morning Herald on MSN","Tue, 30 Jun 2026 21:37:58 GMT","context_only_untrusted_domain","New broadcast deal could push NRL salary cap up to $20m by 2028","https://www.msn.com/en-au/news/australia/new-broadcast-deal-could-push-nrl-salary-cap-up-to-20m-by-2028/ar-AA26H5IM","http://www.bing.com/news/apiclick.aspx?ref=FexRss&aid=&tid=6a52f6f3a7894bd5a1c64eb9d46cc7b1&url=https%3a%2f%2fwww.msn.com%2fen-au%2fnews%2faustralia%2fnew-broadcast-deal-could-push-nrl-salary-cap-up-to-20m-by-2028%2far-AA26H5IM&c=15095945392879639673&mkt=en-au","","https://www.msn.com/en-au/news/australia/new-broadcast-deal-could-push-nrl-salary-cap-up-to-20m-by-2028/ar-AA26H5IM","false","A rich new broadcast deal means more money coming into the game. The biggest winners will be the star players, who could soon demand up to $2 million per season."
"can","Canberra Raiders","Noah Martin","backup_baseline","","","","","","","","no_candidate_found","","","","","","",""
"can","Canberra Raiders","Corey Horsburgh","backup_baseline","","","","","","","","no_candidate_found","","","","","","",""
"can","Canberra Raiders","Jayden Brailey","backup_baseline","","","","","","","","no_candidate_found","","","","","","",""
"can","Canberra Raiders","Zac Hosking","backup_baseline","","","","","","","","no_candidate_found","","","","","","",""
"can","Canberra Raiders","Morgan Smithies","backup_baseline","1","foxsports.com.au","6","contract_language|context_or_team_article","false","FOX SPORTS","Sun, 31 Dec 2000 16:00:00 GMT","team_or_context_candidate_needs_article_review","Sharks duo squeezed out in cap headache; Roosters’ Teddy move as rival circles: Transfer Whispers","https://www.foxsports.com.au/nrl/nrl-premiership/nrl-2025-transfer-whispers-morgan-smithies-contracts-matty-nicholson-extensions-chevy-stewart-release-trey-mooney-josh-papalii-canberra-raiders-round-22/news-story/80583fe7c5e0352831c7e416d68a3f1e","http://www.bing.com/news/apiclick.aspx?ref=FexRss&aid=&tid=6a52f7142e3d4003838b10cf927fb9b0&url=https%3a%2f%2fwww.foxsports.com.au%2fnrl%2fnrl-premiership%2fnrl-2025-transfer-whispers-morgan-smithies-contracts-matty-nicholson-extensions-chevy-stewart-release-trey-mooney-josh-papalii-canberra-raiders-round-22%2fnews-story%2f80583fe7c5e0352831c7e416d68a3f1e&c=14485282481672669639&mkt=en-au","","https://www.foxsports.com.au/nrl/nrl-premiership/nrl-2025-transfer-whispers-morgan-smithies-contracts-matty-nicholson-extensions-chevy-stewart-release-trey-mooney-josh-papalii-canberra-raiders-round-22/news-story/80583fe7c5e0352831c7e416d68a3f1e","false","Fermor had been loosely linked to a move to Parramatta, but Eels brass have shut that down according to Code Sports, with the club believing they have enough young back row talent coming through. It ..."
"can","Canberra Raiders","Simi Sasagi","backup_baseline","","","","","","","","no_candidate_found","","","","","","",""
"can","Canberra Raiders","Ata Mariota","bucket_unknown","","","","","","","","no_candidate_found","","","","","","",""
"can","Canberra Raiders","Chevy Stewart","bucket_unknown","","","","","","","","no_candidate_found","","","","","","",""
"can","Canberra Raiders","Coby Black","bucket_unknown","","","","","","","","no_candidate_found","","","","","","",""
"can","Canberra Raiders","Daine Laurie","bucket_unknown","","","","","","","","no_candidate_found","","","","","","",""
"can","Canberra Raiders","Jake Clydesdale","bucket_unknown","","","","","","","","no_candidate_found","","","","","","",""
"can","Canberra Raiders","Joe Roddy","bucket_unknown","","","","","","","","no_candidate_found","","","","","","",""
"can","Canberra Raiders","Matty Nicholson","bucket_unknown","1","foxsports.com.au","6","contract_language|context_or_team_article","false","FOX SPORTS","Sun, 31 Dec 2000 16:00:00 GMT","team_or_context_candidate_needs_article_review","Sharks duo squeezed out in cap headache; Roosters’ Teddy move as rival circles: Transfer Whispers","https://www.foxsports.com.au/nrl/nrl-premiership/nrl-2025-transfer-whispers-morgan-smithies-contracts-matty-nicholson-extensions-chevy-stewart-release-trey-mooney-josh-papalii-canberra-raiders-round-22/news-story/80583fe7c5e0352831c7e416d68a3f1e","http://www.bing.com/news/apiclick.aspx?ref=FexRss&aid=&tid=6a52f748e108452ba8a8a961180a19a7&url=https%3a%2f%2fwww.foxsports.com.au%2fnrl%2fnrl-premiership%2fnrl-2025-transfer-whispers-morgan-smithies-contracts-matty-nicholson-extensions-chevy-stewart-release-trey-mooney-josh-papalii-canberra-raiders-round-22%2fnews-story%2f80583fe7c5e0352831c7e416d68a3f1e&c=14485282481672669639&mkt=en-au","","https://www.foxsports.com.au/nrl/nrl-premiership/nrl-2025-transfer-whispers-morgan-smithies-contracts-matty-nicholson-extensions-chevy-stewart-release-trey-mooney-josh-papalii-canberra-raiders-round-22/news-story/80583fe7c5e0352831c7e416d68a3f1e","false","Fermor had been loosely linked to a move to Parramatta, but Eels brass have shut that down according to Code Sports, with the club believing they have enough young back row talent coming through. It ..."
"can","Canberra Raiders","Michael Asomua","bucket_unknown","","","","","","","","no_candidate_found","","","","","","",""
"can","Canberra Raiders","Myles Martin","bucket_unknown","","","","","","","","no_candidate_found","","","","","","",""
"can","Canberra Raiders","Owen Pattie","bucket_unknown","","","","","","","","no_candidate_found","","","","","","",""
"can","Canberra Raiders","Sione Finau","bucket_unknown","","","","","","","","no_candidate_found","","","","","","",""
"can","Canberra Raiders","Vena Patuki-Case","bucket_unknown","","","","","","","","no_candidate_found","","","","","","",""
"cby","Canterbury-Bankstown Bulldogs","Connor Tracey","backup_baseline","","","","","","","","no_candidate_found","","","","","","",""
"cby","Canterbury-Bankstown Bulldogs","Jacob Kiraz","backup_baseline","","","","","","","","no_candidate_found","","","","","","",""
"cby","Canterbury-Bankstown Bulldogs","Bronson Xerri","backup_baseline","1","au.sports.yahoo.com","30","contract_language|news_corp_reporting|exact_player_name","true","Yahoo Sports Australia","Fri, 26 Jun 2026 20:24:00 GMT","player_focused_candidate_needs_article_review","Bronson Xerri set to make call on his NRL future","https://au.sports.yahoo.com/bronson-xerri-set-call-nrl-032444855.html","http://www.bing.com/news/apiclick.aspx?ref=FexRss&aid=&tid=6a52f77b40d84944b6f9e579e496d97b&url=https%3a%2f%2fau.sports.yahoo.com%2fbronson-xerri-set-call-nrl-032444855.html&c=18419998766278715218&mkt=en-au","","https://au.sports.yahoo.com/bronson-xerri-set-call-nrl-032444855.html","false","Melbourne Storm have pulled off one of the more compelling transfer market moves of the season. The Daily Telegraph reports that Bronson Xerri is set to sign a three-year deal with the Storm and end a ..."
"cby","Canterbury-Bankstown Bulldogs","Bronson Xerri","backup_baseline","2","zerotackle.com","30","contract_language|news_corp_reporting|exact_player_name","true","zerotackle","Sat, 27 Jun 2026 06:24:00 GMT","player_focused_candidate_needs_article_review","Bronson Xerri set to make call on his NRL future","https://www.zerotackle.com/bronson-xerri-set-to-make-call-on-his-nrl-future-235321/","http://www.bing.com/news/apiclick.aspx?ref=FexRss&aid=&tid=6a52f77ff32343709d7439daa1cbf9ab&url=https%3a%2f%2fwww.zerotackle.com%2fbronson-xerri-set-to-make-call-on-his-nrl-future-235321%2f&c=235101501846985779&mkt=en-au","","https://www.zerotackle.com/bronson-xerri-set-to-make-call-on-his-nrl-future-235321/","false","Melbourne Storm have pulled off one of the more compelling transfer market moves of the season. The Daily Telegraph reports that Bronson Xerri is set to sign a three-year deal with the Storm and end a ..."
"cby","Canterbury-Bankstown Bulldogs","Bronson Xerri","backup_baseline","3","msn.com","20","exact_player_name","true","Sydney Morning Herald on MSN","Wed, 24 Jun 2026 18:20:06 GMT","context_only_untrusted_domain","Bronson Xerri hits open market early as rivals push for pre-June 30 move","https://www.msn.com/en-au/news/other/bronson-xerri-hits-open-market-early-as-rivals-push-for-pre-june-30-move/ar-AA26oI9x","http://www.bing.com/news/apiclick.aspx?ref=FexRss&aid=&tid=6a52f77b40d84944b6f9e579e496d97b&url=https%3a%2f%2fwww.msn.com%2fen-au%2fnews%2fother%2fbronson-xerri-hits-open-market-early-as-rivals-push-for-pre-june-30-move%2far-AA26oI9x&c=2068927991563165087&mkt=en-au","","https://www.msn.com/en-au/news/other/bronson-xerri-hits-open-market-early-as-rivals-push-for-pre-june-30-move/ar-AA26oI9x","false","The Bulldogs centre is eyeing an early exit from Belmore after a drama-charged season."
"cby","Canterbury-Bankstown Bulldogs","Bronson Xerri","backup_baseline","4","msn.com","19","contract_language|exact_player_name","true","FOX SPORTS on MSN","Thu, 09 Jul 2026 20:10:00 GMT","context_only_untrusted_domain","Rival snaps up Dogs outcast on multi-year deal as early release granted","https://www.msn.com/en-au/news/other/rival-snaps-up-dogs-outcast-on-multi-year-deal-as-early-release-granted/ar-AA27AcPa","http://www.bing.com/news/apiclick.aspx?ref=FexRss&aid=&tid=6a52f77b40d84944b6f9e579e496d97b&url=https%3a%2f%2fwww.msn.com%2fen-au%2fnews%2fother%2frival-snaps-up-dogs-outcast-on-multi-year-deal-as-early-release-granted%2far-AA27AcPa&c=10503908967677821290&mkt=en-au","","https://www.msn.com/en-au/news/other/rival-snaps-up-dogs-outcast-on-multi-year-deal-as-early-release-granted/ar-AA27AcPa","false","Bronson Xerri will join the Melbourne Storm next season after the club announced they’d signed the strike centre on a three-year deal."
"cby","Canterbury-Bankstown Bulldogs","Bronson Xerri","backup_baseline","5","msn.com","19","contract_language|exact_player_name","true","SportsWire on MSN","Thu, 09 Jul 2026 15:15:00 GMT","context_only_untrusted_domain","Xerri agrees to new deal with rival club","https://www.msn.com/en-au/sport/rugby_league/xerri-agrees-to-new-deal-with-rival-club/ar-AA27B7nF","http://www.bing.com/news/apiclick.aspx?ref=FexRss&aid=&tid=6a52f77caf214ab9976aa6bbf24b8007&url=https%3a%2f%2fwww.msn.com%2fen-au%2fsport%2frugby_league%2fxerri-agrees-to-new-deal-with-rival-club%2far-AA27B7nF&c=5261455232859996779&mkt=en-au","","https://www.msn.com/en-au/sport/rugby_league/xerri-agrees-to-new-deal-with-rival-club/ar-AA27B7nF","false","Bronson Xerri won’t be a Bulldog in 2027 after the strike centre signed a three-year deal with a powerhouse club that was desperate for outside backs."
"cby","Canterbury-Bankstown Bulldogs","Stephen Crichton","backup_baseline","1","adelaidenow.com.au","30","money|contract_language|exact_player_name","true","Adelaide Now","Sat, 23 Jan 2021 12:31:00 GMT","player_focused_candidate_needs_article_review","Stephen Crichton set to become highest-paid centre in NRL — here’s who he beat to the title","https://www.adelaidenow.com.au/sport/nrl/stephen-crichtons-contract-standoff-costs-penrith-a-pretty-penny/news-story/c9aced98ad5f9dbf107ff5d2d25c4469","http://www.bing.com/news/apiclick.aspx?ref=FexRss&aid=&tid=6a52f78027bd4a55965c5e88dbc04e66&url=https%3a%2f%2fwww.adelaidenow.com.au%2fsport%2fnrl%2fstephen-crichtons-contract-standoff-costs-penrith-a-pretty-penny%2fnews-story%2fc9aced98ad5f9dbf107ff5d2d25c4469&c=2775133289773259913&mkt=en-au","","https://www.adelaidenow.com.au/sport/nrl/stephen-crichtons-contract-standoff-costs-penrith-a-pretty-penny/news-story/c9aced98ad5f9dbf107ff5d2d25c4469","false","Stephen Crichton is set to become the highest-earning centre in the NRL, overtaking some seriously big names. See full list. Crichton will be offered a $10,000-a-game upgrade to his existing contract ..."
"cby","Canterbury-Bankstown Bulldogs","Stephen Crichton","backup_baseline","2","smh.com.au","7","contract_language|context_or_team_article","false","The Sydney Morning Herald","Tue, 07 Jul 2026 00:30:00 GMT","team_or_context_candidate_needs_article_review","How Nine, Foxtel and the NRL did the most lucrative sports rights deal in Australian history","https://www.smh.com.au/business/companies/how-nine-foxtel-and-the-nrl-did-the-most-lucrative-sports-rights-deal-in-australian-history-20260707-p60dal.html","http://www.bing.com/news/apiclick.aspx?ref=FexRss&aid=&tid=6a52f782c12249b3b1612d38ab2ee160&url=https%3a%2f%2fwww.smh.com.au%2fbusiness%2fcompanies%2fhow-nine-foxtel-and-the-nrl-did-the-most-lucrative-sports-rights-deal-in-australian-history-20260707-p60dal.html&c=1830705064507331183&mkt=en-au","","https://www.smh.com.au/business/companies/how-nine-foxtel-and-the-nrl-did-the-most-lucrative-sports-rights-deal-in-australian-history-20260707-p60dal.html","false","Months of tough negotiations and the looming spectre of a multinational big tech company led to Tuesday’s announcement."
"cby","Canterbury-Bankstown Bulldogs","Marcelo Montoya","backup_baseline","1","dailytelegraph.com.au","27","exact_player_name","true","The Daily Telegraph","Wed, 17 Jun 2026 08:59:00 GMT","player_focused_candidate_needs_article_review","Canterbury Bulldogs winger Marcelo Montoya announces NRL retirement","https://www.dailytelegraph.com.au/sport/nrl/canterbury-bulldogs-winger-marcelo-montoya-announces-nrl-retirement/news-story/1f158635f08a8bc48e83016270be3054","http://www.bing.com/news/apiclick.aspx?ref=FexRss&aid=&tid=6a52f78876b24f17a2e590a1deb6d646&url=https%3a%2f%2fwww.dailytelegraph.com.au%2fsport%2fnrl%2fcanterbury-bulldogs-winger-marcelo-montoya-announces-nrl-retirement%2fnews-story%2f1f158635f08a8bc48e83016270be3054&c=9284122693011895768&mkt=en-au","","https://www.dailytelegraph.com.au/sport/nrl/canterbury-bulldogs-winger-marcelo-montoya-announces-nrl-retirement/news-story/1f158635f08a8bc48e83016270be3054","false","Montoya, who has played for the Bulldogs and Warriors has called time on his career after struggling to stay on the field throughout the 2026 season, only playing eight games to start the year. Moving ..."
"cby","Canterbury-Bankstown Bulldogs","Matt Burton","backup_baseline","1","msn.com","3","money|contract_language|context_or_team_article","false","The Sydney Morning Herald on MSN","Tue, 30 Jun 2026 21:37:58 GMT","context_only_untrusted_domain","New broadcast deal could push NRL salary cap up to $20m by 2028","https://www.msn.com/en-au/news/australia/new-broadcast-deal-could-push-nrl-salary-cap-up-to-20m-by-2028/ar-AA26H5IM","http://www.bing.com/news/apiclick.aspx?ref=FexRss&aid=&tid=6a52f7907a994fecb3847b98b21060ef&url=https%3a%2f%2fwww.msn.com%2fen-au%2fnews%2faustralia%2fnew-broadcast-deal-could-push-nrl-salary-cap-up-to-20m-by-2028%2far-AA26H5IM&c=15095945392879639673&mkt=en-au","","https://www.msn.com/en-au/news/australia/new-broadcast-deal-could-push-nrl-salary-cap-up-to-20m-by-2028/ar-AA26H5IM","false","A rich new broadcast deal means more money coming into the game. The biggest winners will be the star players, who could soon demand up to $2 million per season."
"cby","Canterbury-Bankstown Bulldogs","Lachlan Galvin","backup_baseline","1","7news.com.au","27","money|exact_player_name","true","7NEWS Australia","Thu, 22 May 2025 12:15:00 GMT","player_focused_candidate_needs_article_review","Lachlan Galvin nears Wests Tigers exit as $2m sacrifice emerges in offers from Eels and Bulldogs","https://7news.com.au/sport/rugby-league/lachlan-galvin-nears-wests-tigers-exit-as-2m-sacrifice-emerges-in-offers-from-eels-and-bulldogs-c-18790860","http://www.bing.com/news/apiclick.aspx?ref=FexRss&aid=&tid=6a52f7957a9d4a8787d8d42ab429f42d&url=https%3a%2f%2f7news.com.au%2fsport%2frugby-league%2flachlan-galvin-nears-wests-tigers-exit-as-2m-sacrifice-emerges-in-offers-from-eels-and-bulldogs-c-18790860&c=17082717594040337412&mkt=en-au","","https://7news.com.au/sport/rugby-league/lachlan-galvin-nears-wests-tigers-exit-as-2m-sacrifice-emerges-in-offers-from-eels-and-bulldogs-c-18790860","false","Departing Wests Tigers star Lachlan Galvin is reportedly weighing up offers from the Bulldogs and Eels as the drawn out saga appears to nearing a speedy conclusion. The Sydney Morning Herald reports ..."
"cby","Canterbury-Bankstown Bulldogs","Lachlan Galvin","backup_baseline","2","theaustralian.com.au","24","exact_player_name","true","The Australian","Wed, 01 Jul 2026 03:43:00 GMT","player_focused_candidate_needs_article_review","Lachlan Galvin called into NSW Blues camp ahead of the State of Origin decider","https://www.theaustralian.com.au/sport/nrl/lachlan-galvin-called-into-nsw-blues-camp-ahead-of-the-state-of-origin-decider/news-story/b34bb1bba2ab116e6a9187f09059c8a3","http://www.bing.com/news/apiclick.aspx?ref=FexRss&aid=&tid=6a52f79500fe49629342dcc69ccdeb57&url=https%3a%2f%2fwww.theaustralian.com.au%2fsport%2fnrl%2flachlan-galvin-called-into-nsw-blues-camp-ahead-of-the-state-of-origin-decider%2fnews-story%2fb34bb1bba2ab116e6a9187f09059c8a3&c=13580524535144711481&mkt=en-au","","https://www.theaustralian.com.au/sport/nrl/lachlan-galvin-called-into-nsw-blues-camp-ahead-of-the-state-of-origin-decider/news-story/b34bb1bba2ab116e6a9187f09059c8a3","false","Canterbury’s Lachlan Galvin has been drafted into an extended NSW camp. While there is no suggestion Galvin will play Wednesday night’s State of Origin decider, Galvin will join camp for experience ..."
"cby","Canterbury-Bankstown Bulldogs","Max King","backup_baseline","","","","","","","","no_candidate_found","","","","","","",""
"cby","Canterbury-Bankstown Bulldogs","Bailey Hayward","backup_baseline","","","","","","","","no_candidate_found","","","","","","",""
"cby","Canterbury-Bankstown Bulldogs","Leo Thompson","backup_baseline","","","","","","","","no_candidate_found","","","","","","",""
"cby","Canterbury-Bankstown Bulldogs","Viliame Kikau","backup_baseline","","","","","","","","no_candidate_found","","","","","","",""
"cby","Canterbury-Bankstown Bulldogs","Jacob Preston","backup_baseline","1","au.sports.yahoo.com","23","contract_language|exact_player_name","true","Yahoo Sport Australia","Wed, 10 Jun 2026 17:00:00 GMT","player_focused_candidate_needs_article_review","Bulldogs risk losing star forward at contract crossroads","https://au.sports.yahoo.com/bulldogs-risk-losing-star-forward-061902937.html","http://www.bing.com/news/apiclick.aspx?ref=FexRss&aid=&tid=6a52f7b70bb24ed798c339f02a7b5ea9&url=https%3a%2f%2fau.sports.yahoo.com%2fbulldogs-risk-losing-star-forward-061902937.html&c=15078171115540777676&mkt=en-au","","https://au.sports.yahoo.com/bulldogs-risk-losing-star-forward-061902937.html","false","The Canterbury-Bankstown Bulldogs are in the fight to secure Jacob Preston long term before the star second rower can negotiate with rival clubs in November for a 2028 contract. Preston has been a ..."
"cby","Canterbury-Bankstown Bulldogs","Jacob Preston","backup_baseline","2","au.sports.yahoo.com","4","contract_language|context_or_team_article","false","Yahoo Sports Australia","Sat, 27 Jun 2026 18:52:00 GMT","team_or_context_candidate_needs_article_review","Biggest stars in the NRL set for a pay-day","https://au.sports.yahoo.com/biggest-stars-nrl-set-pay-015252224.html","http://www.bing.com/news/apiclick.aspx?ref=FexRss&aid=&tid=6a52f7bb61f44d8e932d27fafa1c0f38&url=https%3a%2f%2fau.sports.yahoo.com%2fbiggest-stars-nrl-set-pay-015252224.html&c=9209166272030396928&mkt=en-au","","https://au.sports.yahoo.com/biggest-stars-nrl-set-pay-015252224.html","false","Some of the NRL's most elite players could be in for a pay bump thanks to the new TV broadcast deal commencing in 2028. The ARL and NRL are just about ready to green-light the deal, which Nine and ..."
"cby","Canterbury-Bankstown Bulldogs","Jacob Preston","backup_baseline","3","msn.com","3","money|contract_language|context_or_team_article","false","The Sydney Morning Herald on MSN","Tue, 30 Jun 2026 21:37:58 GMT","context_only_untrusted_domain","New broadcast deal could push NRL salary cap up to $20m by 2028","https://www.msn.com/en-au/news/australia/new-broadcast-deal-could-push-nrl-salary-cap-up-to-20m-by-2028/ar-AA26H5IM","http://www.bing.com/news/apiclick.aspx?ref=FexRss&aid=&tid=6a52f7b8c243430fa668849504639265&url=https%3a%2f%2fwww.msn.com%2fen-au%2fnews%2faustralia%2fnew-broadcast-deal-could-push-nrl-salary-cap-up-to-20m-by-2028%2far-AA26H5IM&c=15095945392879639673&mkt=en-au","","https://www.msn.com/en-au/news/australia/new-broadcast-deal-could-push-nrl-salary-cap-up-to-20m-by-2028/ar-AA26H5IM","false","A rich new broadcast deal means more money coming into the game. The biggest winners will be the star players, who could soon demand up to $2 million per season."
"cby","Canterbury-Bankstown Bulldogs","Jaeman Salmon","backup_baseline","","","","","","","","no_candidate_found","","","","","","",""
"cby","Canterbury-Bankstown Bulldogs","Kurt Mann","backup_baseline","","","","","","","","no_candidate_found","","","","","","",""
"cby","Canterbury-Bankstown Bulldogs","Sitili Tupouniua","backup_baseline","","","","","","","","no_candidate_found","","","","","","",""
"cby","Canterbury-Bankstown Bulldogs","Josh Curran","backup_baseline","1","theaustralian.com.au","7","money|contract_language|context_or_team_article","false","The Australian","Tue, 23 Jun 2026 12:10:00 GMT","team_or_context_candidate_needs_article_review","NRL to grant Perth Bears $500k salary cap concessions in landmark third-party arrangement","https://www.theaustralian.com.au/sport/nrl/nrl-to-grant-perth-bears-500k-salary-cap-concessions-in-landmark-thirdparty-arrangement/news-story/0c5c097536d723f0d0cb46c86fd051ff","http://www.bing.com/news/apiclick.aspx?ref=FexRss&aid=&tid=6a52f7d2db174932b81fbaf3f23cf036&url=https%3a%2f%2fwww.theaustralian.com.au%2fsport%2fnrl%2fnrl-to-grant-perth-bears-500k-salary-cap-concessions-in-landmark-thirdparty-arrangement%2fnews-story%2f0c5c097536d723f0d0cb46c86fd051ff&c=12198983378905941191&mkt=en-au","","https://www.theaustralian.com.au/sport/nrl/nrl-to-grant-perth-bears-500k-salary-cap-concessions-in-landmark-thirdparty-arrangement/news-story/0c5c097536d723f0d0cb46c86fd051ff","false","In a historic development for the NRL’s 18th club, this masthead has been told Perth will receive a special marquee player privilege where existing club sponsors can top-up a player’s contract by 20 ..."
"cby","Canterbury-Bankstown Bulldogs","Samuel Hughes","backup_baseline","","","","","","","","no_candidate_found","","","","","","",""
"cby","Canterbury-Bankstown Bulldogs","Daniel Suluka-Fifita","bucket_unknown","1","dailytelegraph.com.au","27","exact_player_name","true","The Daily Telegraph","Sun, 28 Mar 2021 12:42:00 GMT","player_focused_candidate_needs_article_review","Phil Rothfield: Suspended Roosters rookie Daniel Suluka-Fifita faces fresh sanction for Channel Nine incident","https://www.dailytelegraph.com.au/sport/nrl/opinion/phil-rothfield/phil-rothfield-suspended-roosters-rookie-daniel-sulukafifita-faces-fresh-sanction-for-channel-nine-incident/news-story/0932c54065a144bb39eca14827ee8394","http://www.bing.com/news/apiclick.aspx?ref=FexRss&aid=&tid=6a52f7e120f8411983fffeadfa1bcce5&url=https%3a%2f%2fwww.dailytelegraph.com.au%2fsport%2fnrl%2fopinion%2fphil-rothfield%2fphil-rothfield-suspended-roosters-rookie-daniel-sulukafifita-faces-fresh-sanction-for-channel-nine-incident%2fnews-story%2f0932c54065a144bb39eca14827ee8394&c=4390231201232118008&mkt=en-au","","https://www.dailytelegraph.com.au/sport/nrl/opinion/phil-rothfield/phil-rothfield-suspended-roosters-rookie-daniel-sulukafifita-faces-fresh-sanction-for-channel-nine-incident/news-story/0932c54065a144bb39eca14827ee8394","false","Suluka-Fifita was removed from the field for foolishly punching Rabbitohs forward Jai Arrow. This was so unusual at a club where discipline is always a priority. He was later hit with a grade 1 ..."
"cby","Canterbury-Bankstown Bulldogs","Daniel Suluka-Fifita","bucket_unknown","2","au.sports.yahoo.com","23","contract_language|exact_player_name","true","Yahoo Sport Australia","Mon, 25 May 2026 19:52:00 GMT","player_focused_candidate_needs_article_review","St Helens bring in prop Suluka-Fifita from NRL","https://au.sports.yahoo.com/st-helens-bring-prop-suluka-095218294.html","http://www.bing.com/news/apiclick.aspx?ref=FexRss&aid=&tid=6a52f7e0712d450792d4e638bb5aa6ae&url=https%3a%2f%2fau.sports.yahoo.com%2fst-helens-bring-prop-suluka-095218294.html&c=335526787806726165&mkt=en-au","","https://au.sports.yahoo.com/st-helens-bring-prop-suluka-095218294.html","false","St Helens have signed prop forward Daniel Suluka-Fifita on a two-and-a-half-year deal from NRL side Canterbury-Bankstown Bulldogs. Suleka-Fifita has signed immediately and will link up with Paul ..."
"cby","Canterbury-Bankstown Bulldogs","Enari Tuala","bucket_unknown","1","7news.com.au","7","money|contract_language|context_or_team_article","false","7NEWS Australia","Fri, 28 Oct 2022 02:27:00 GMT","team_or_context_candidate_needs_article_review","Ultimate NRL free agency preview: Your club’s out-of-contract stars and where they could end up","https://7news.com.au/sport/rugby-league/ultimate-nrl-free-agency-preview-your-clubs-out-of-contract-stars-and-where-they-could-end-up-c-8677336","http://www.bing.com/news/apiclick.aspx?ref=FexRss&aid=&tid=6a52f7ea2f6d47ae9847819f6639e369&url=https%3a%2f%2f7news.com.au%2fsport%2frugby-league%2fultimate-nrl-free-agency-preview-your-clubs-out-of-contract-stars-and-where-they-could-end-up-c-8677336&c=143273184193222445&mkt=en-au","","https://7news.com.au/sport/rugby-league/ultimate-nrl-free-agency-preview-your-clubs-out-of-contract-stars-and-where-they-could-end-up-c-8677336","false","Over $50 million worth of player talent will be free to negotiate with clubs for season 2024 and beyond when the NRL free agency period begins on November 1. Latrell Mitchell, Mit ..."
"cby","Canterbury-Bankstown Bulldogs","Finau Latu","bucket_unknown","","","","","","","","no_candidate_found","","","","","","",""
"cby","Canterbury-Bankstown Bulldogs","Harry Hayes","bucket_unknown","","","","","","","","no_candidate_found","","","","","","",""
"cby","Canterbury-Bankstown Bulldogs","Jack Todd","bucket_unknown","","","","","","","","no_candidate_found","","","","","","",""
"cby","Canterbury-Bankstown Bulldogs","Jake Turpin","bucket_unknown","","","","","","","","no_candidate_found","","","","","","",""
"cby","Canterbury-Bankstown Bulldogs","Jonathan Sua","bucket_unknown","","","","","","","","no_candidate_found","","","","","","",""
"cby","Canterbury-Bankstown Bulldogs","Kade Dykes","bucket_unknown","","","","","","","","no_candidate_found","","","","","","",""
"cby","Canterbury-Bankstown Bulldogs","Lipoi Hopoi","bucket_unknown","","","","","","","","no_candidate_found","","","","","","",""
"cby","Canterbury-Bankstown Bulldogs","Mitchell Woods","bucket_unknown","","","","","","","","no_candidate_found","","","","","","",""
"cby","Canterbury-Bankstown Bulldogs","Patrick Young","bucket_unknown","","","","","","","","no_candidate_found","","","","","","",""
"cby","Canterbury-Bankstown Bulldogs","Sean O'Sullivan","bucket_unknown","","","","","","","","no_candidate_found","","","","","","",""
"cby","Canterbury-Bankstown Bulldogs","Zyon Maiu’u","bucket_unknown","","","","","","","","no_candidate_found","","","","","","",""
"cro","Cronulla-Sutherland Sharks","Will Kennedy","backup_baseline","1","7news.com.au","7","money|contract_language|context_or_team_article","false","7NEWS Australia","Fri, 28 Oct 2022 02:27:00 GMT","team_or_context_candidate_needs_article_review","Ultimate NRL free agency preview: Your club’s out-of-contract stars and where they could end up","https://7news.com.au/sport/rugby-league/ultimate-nrl-free-agency-preview-your-clubs-out-of-contract-stars-and-where-they-could-end-up-c-8677336","http://www.bing.com/news/apiclick.aspx?ref=FexRss&aid=&tid=6a52f844180042259e5a641bdf03cd0e&url=https%3a%2f%2f7news.com.au%2fsport%2frugby-league%2fultimate-nrl-free-agency-preview-your-clubs-out-of-contract-stars-and-where-they-could-end-up-c-8677336&c=143273184193222445&mkt=en-au","","https://7news.com.au/sport/rugby-league/ultimate-nrl-free-agency-preview-your-clubs-out-of-contract-stars-and-where-they-could-end-up-c-8677336","false","Over $50 million worth of player talent will be free to negotiate with clubs for season 2024 and beyond when the NRL free agency period begins on November 1. Latrell Mitchell, Mit ..."
"cro","Cronulla-Sutherland Sharks","Sione Katoa","backup_baseline","1","7news.com.au","7","money|contract_language|context_or_team_article","false","7NEWS Australia","Fri, 28 Oct 2022 02:27:00 GMT","team_or_context_candidate_needs_article_review","Ultimate NRL free agency preview: Your club’s out-of-contract stars and where they could end up","https://7news.com.au/sport/rugby-league/ultimate-nrl-free-agency-preview-your-clubs-out-of-contract-stars-and-where-they-could-end-up-c-8677336","http://www.bing.com/news/apiclick.aspx?ref=FexRss&aid=&tid=6a52f84c6ec944ff9f7302aa48bde454&url=https%3a%2f%2f7news.com.au%2fsport%2frugby-league%2fultimate-nrl-free-agency-preview-your-clubs-out-of-contract-stars-and-where-they-could-end-up-c-8677336&c=143273184193222445&mkt=en-au","","https://7news.com.au/sport/rugby-league/ultimate-nrl-free-agency-preview-your-clubs-out-of-contract-stars-and-where-they-could-end-up-c-8677336","false","Over $50 million worth of player talent will be free to negotiate with clubs for season 2024 and beyond when the NRL free agency period begins on November 1. Latrell Mitchell, Mit ..."
"cro","Cronulla-Sutherland Sharks","Jesse Ramien","backup_baseline","","","","","","","","no_candidate_found","","","","","","",""
"cro","Cronulla-Sutherland Sharks","KL Iro","backup_baseline","1","dailytelegraph.com.au","27","exact_player_name","true","The Daily Telegraph","Tue, 02 Jun 2026 11:23:00 GMT","player_focused_candidate_needs_article_review","SuperCoach NRL: Is Alex Twal really a sell? KL Iro benched | Round 14 teams","https://www.dailytelegraph.com.au/sport/nrl/supercoach-nrl-is-alex-twal-really-a-sell-kl-iro-benched-round-14-teams/audio/0d0cbc92784ce8849ae92f0624ec36fa","http://www.bing.com/news/apiclick.aspx?ref=FexRss&aid=&tid=6a52f856544d4b34a134ec3e4c6b6eb1&url=https%3a%2f%2fwww.dailytelegraph.com.au%2fsport%2fnrl%2fsupercoach-nrl-is-alex-twal-really-a-sell-kl-iro-benched-round-14-teams%2faudio%2f0d0cbc92784ce8849ae92f0624ec36fa&c=569651749608824649&mkt=en-au","","https://www.dailytelegraph.com.au/sport/nrl/supercoach-nrl-is-alex-twal-really-a-sell-kl-iro-benched-round-14-teams/audio/0d0cbc92784ce8849ae92f0624ec36fa","false","Alex Twal is the most popular sell of the week but is he really a sell? Not if he only misses one week. Plus get the verdict on KL Iro’s benching and the unexpected return of Mark Nawaqanitawase. Join ..."
"cro","Cronulla-Sutherland Sharks","KL Iro","backup_baseline","2","smh.com.au","10","money|contract_language|context_or_team_article","false","Sydney Morning Herald","Fri, 26 Jun 2026 17:01:00 GMT","team_or_context_candidate_needs_article_review","New broadcast deal could push NRL salary cap up to $20m by 2028","https://www.smh.com.au/sport/nrl/new-broadcast-deal-could-push-nrl-salary-cap-up-to-20m-by-2028-20260627-p60ak2.html","http://www.bing.com/news/apiclick.aspx?ref=FexRss&aid=&tid=6a52f856f9de4e9ea797ce9e2ec01a49&url=https%3a%2f%2fwww.smh.com.au%2fsport%2fnrl%2fnew-broadcast-deal-could-push-nrl-salary-cap-up-to-20m-by-2028-20260627-p60ak2.html&c=16384154360396862290&mkt=en-au","","https://www.smh.com.au/sport/nrl/new-broadcast-deal-could-push-nrl-salary-cap-up-to-20m-by-2028-20260627-p60ak2.html","false","You have reached your maximum number of saved items. Remove items from your saved list to add more. The new multibillion-dollar broadcast rights deal could push the salary cap as high as $20 million ..."
"cro","Cronulla-Sutherland Sharks","KL Iro","backup_baseline","3","smh.com.au","4","context_or_team_article","false","The Sydney Morning Herald","Sun, 02 Nov 2025 15:32:00 GMT","team_or_context_candidate_needs_article_review","NRL 2026","https://www.smh.com.au/topic/nrl-2026-6i10","http://www.bing.com/news/apiclick.aspx?ref=FexRss&aid=&tid=6a52f856f9de4e9ea797ce9e2ec01a49&url=https%3a%2f%2fwww.smh.com.au%2ftopic%2fnrl-2026-6i10&c=2468039696737977243&mkt=en-au","","https://www.smh.com.au/topic/nrl-2026-6i10","false","The latest NRL 2026 news, articles, data, and analysis from The Sydney Morning Herald ..."
"cro","Cronulla-Sutherland Sharks","Ronaldo Mulitalo","backup_baseline","","","","","","","","no_candidate_found","","","","","","",""
"cro","Cronulla-Sutherland Sharks","Braydon Trindall","backup_baseline","","","","","","","","no_candidate_found","","","","","","",""
"cro","Cronulla-Sutherland Sharks","Nicho Hynes","backup_baseline","","","","","","","","no_candidate_found","","","","","","",""
"cro","Cronulla-Sutherland Sharks","Addin Fonua-Blake","backup_baseline","1","ntnews.com.au","27","news_corp_reporting|exact_player_name","true","Northern Territory News","Sat, 27 Jun 2026 22:05:00 GMT","player_focused_candidate_needs_article_review","Manly Sea Eagles’ Jake Trbojevic, Addin Fonua-Blake to miss NRL season start","https://www.ntnews.com.au/sport/manly-star-forwards-jake-trbojevic-and-addin-fonuablake-to-miss-start-of-next-season/news-story/b4342f5c36cf0b768274209fcd34f6de","http://www.bing.com/news/apiclick.aspx?ref=FexRss&aid=&tid=6a52f871c6374e24878c38a55ff81cdb&url=https%3a%2f%2fwww.ntnews.com.au%2fsport%2fmanly-star-forwards-jake-trbojevic-and-addin-fonuablake-to-miss-start-of-next-season%2fnews-story%2fb4342f5c36cf0b768274209fcd34f6de&c=1719925320421193276&mkt=en-au","","https://www.ntnews.com.au/sport/manly-star-forwards-jake-trbojevic-and-addin-fonuablake-to-miss-start-of-next-season/news-story/b4342f5c36cf0b768274209fcd34f6de","false","Jake Trbojevic and Addin Fonua-Blake’s long-term injuries look set to cause long-term pain to Manly, with the star Sea Eagles pair sidelined until after the start of season 2020. The Daily Telegraph ..."
"cro","Cronulla-Sutherland Sharks","Blayke Brailey","backup_baseline","1","dailytelegraph.com.au","27","exact_player_name","true","The Daily Telegraph","Sat, 20 Jun 2026 11:36:00 GMT","player_focused_candidate_needs_article_review","NRL Late Mail Round 16: Blayke Brailey cleared to return, Angus Crichton ruled out","https://www.dailytelegraph.com.au/sport/nrl/supercoach-news/nrl-late-mail-round-16-tony-sukkar-out-to-cement-spot-as-kai-pearcepaul-out-longterm/news-story/fd01c7a3b67db7f285e2683191dce3e0","http://www.bing.com/news/apiclick.aspx?ref=FexRss&aid=&tid=6a52f87758c44092abe30a8bdcc613c7&url=https%3a%2f%2fwww.dailytelegraph.com.au%2fsport%2fnrl%2fsupercoach-news%2fnrl-late-mail-round-16-tony-sukkar-out-to-cement-spot-as-kai-pearcepaul-out-longterm%2fnews-story%2ffd01c7a3b67db7f285e2683191dce3e0&c=12882415434815842603&mkt=en-au","","https://www.dailytelegraph.com.au/sport/nrl/supercoach-news/nrl-late-mail-round-16-tony-sukkar-out-to-cement-spot-as-kai-pearcepaul-out-longterm/news-story/fd01c7a3b67db7f285e2683191dce3e0","false","Sharks star Blayke Brailey has been cleared to make a shock early return, just 20 days after having surgery on a broken arm, while a key Roosters enforcer has been ruled out. See all the Round 16 team ..."
"cro","Cronulla-Sutherland Sharks","Tom Hazleton","backup_baseline","","","","","","","","no_candidate_found","","","","","","",""
"cro","Cronulla-Sutherland Sharks","Briton Nikora","backup_baseline","","","","","","","","no_candidate_found","","","","","","",""
"cro","Cronulla-Sutherland Sharks","Teig Wilton","backup_baseline","","","","","","","","no_candidate_found","","","","","","",""
"cro","Cronulla-Sutherland Sharks","Cameron McInnes","backup_baseline","1","dailytelegraph.com.au","30","contract_language|exact_player_name","true","The Daily Telegraph","Sat, 23 May 2026 03:56:00 GMT","player_focused_candidate_needs_article_review","Cameron McInnes to leave Sharks after 2026 season, agrees to join York Knights in Super League","https://www.dailytelegraph.com.au/sport/nrl/cameron-mcinnes-to-leave-cronulla-sharks-after-2026-season-and-join-york-knights-in-super-league/news-story/cb26b80a5a0cc10cf80effd95bd4f1f1","http://www.bing.com/news/apiclick.aspx?ref=FexRss&aid=&tid=6a52f894c569497e95eab06cb69c7a21&url=https%3a%2f%2fwww.dailytelegraph.com.au%2fsport%2fnrl%2fcameron-mcinnes-to-leave-cronulla-sharks-after-2026-season-and-join-york-knights-in-super-league%2fnews-story%2fcb26b80a5a0cc10cf80effd95bd4f1f1&c=362764573463491939&mkt=en-au","","https://www.dailytelegraph.com.au/sport/nrl/cameron-mcinnes-to-leave-cronulla-sharks-after-2026-season-and-join-york-knights-in-super-league/news-story/cb26b80a5a0cc10cf80effd95bd4f1f1","false","One of the game’s toughest forwards, McInnes has agreed to join the newly-promoted York Knights on a three-year deal in the English Super League from next season. The major career decision will ..."
"cro","Cronulla-Sutherland Sharks","Cameron McInnes","backup_baseline","2","au.sports.yahoo.com","26","contract_language|term_language|exact_player_name","true","Yahoo Sport Australia","Mon, 25 May 2026 17:00:00 GMT","player_focused_candidate_needs_article_review","McInnes confirms Sharks exit amid talks with one NRL club","https://au.sports.yahoo.com/mcinnes-confirms-sharks-exit-amid-033101455.html","http://www.bing.com/news/apiclick.aspx?ref=FexRss&aid=&tid=6a52f8986cfe48e1858f8a1f1a157cdb&url=https%3a%2f%2fau.sports.yahoo.com%2fmcinnes-confirms-sharks-exit-amid-033101455.html&c=2248995908417070056&mkt=en-au","","https://au.sports.yahoo.com/mcinnes-confirms-sharks-exit-amid-033101455.html","false","Cronulla Sharks will say goodbye to one of the NRL's toughest veterans in Cameron McInnes as he departs from the Shire at year's end. McInnes's current contract expires at the end of 2026, with the ..."
"cro","Cronulla-Sutherland Sharks","Billy Burns","backup_baseline","","","","","","","","no_candidate_found","","","","","","",""
"cro","Cronulla-Sutherland Sharks","Jesse Colquhoun","backup_baseline","","","","","","","","no_candidate_found","","","","","","",""
"cro","Cronulla-Sutherland Sharks","Sifa Talakai","backup_baseline","","","","","","","","no_candidate_found","","","","","","",""
"cro","Cronulla-Sutherland Sharks","Toby Rudolf","backup_baseline","","","","","","","","no_candidate_found","","","","","","",""
"cro","Cronulla-Sutherland Sharks","Braden Uele","bucket_unknown","","","","","","","","no_candidate_found","","","","","","",""
"cro","Cronulla-Sutherland Sharks","Hohepa Puru","bucket_unknown","","","","","","","","no_candidate_found","","","","","","",""
"cro","Cronulla-Sutherland Sharks","Jayden Berrell","bucket_unknown","","","","","","","","no_candidate_found","","","","","","",""
"cro","Cronulla-Sutherland Sharks","Liam Ison","bucket_unknown","","","","","","","","no_candidate_found","","","","","","",""
"cro","Cronulla-Sutherland Sharks","Mawene Hiroti","bucket_unknown","","","","","","","","no_candidate_found","","","","","","",""
"cro","Cronulla-Sutherland Sharks","Niwhai Puru","bucket_unknown","","","","","","","","no_candidate_found","","","","","","",""
"cro","Cronulla-Sutherland Sharks","Oregon Kaufusi","bucket_unknown","","","","","","","","no_candidate_found","","","","","","",""
"cro","Cronulla-Sutherland Sharks","Riley Jones","bucket_unknown","","","","","","","","no_candidate_found","","","","","","",""
"cro","Cronulla-Sutherland Sharks","Sam Stonestreet","bucket_unknown","","","","","","","","no_candidate_found","","","","","","",""
"cro","Cronulla-Sutherland Sharks","Thomas Dellow","bucket_unknown","","","","","","","","no_candidate_found","","","","","","",""
"cro","Cronulla-Sutherland Sharks","Tuku Hau Tapuha","bucket_unknown","","","","","","","","no_candidate_found","","","","","","",""
"dol","Dolphins","Hamiso Tabuai-Fidow","backup_baseline","1","nrl.com","24","exact_player_name","true","National Rugby League","Tue, 16 Jun 2026 17:00:00 GMT","player_focused_candidate_needs_article_review","Hamiso Tabuai-Fidow Try","https://www.nrl.com/news/2026/06/17/hamiso-tabuai-fidow-try/","http://www.bing.com/news/apiclick.aspx?ref=FexRss&aid=&tid=6a52f900b80f42c5860cd572158d89aa&url=https%3a%2f%2fwww.nrl.com%2fnews%2f2026%2f06%2f17%2fhamiso-tabuai-fidow-try%2f&c=16978456147565535958&mkt=en-au","","https://www.nrl.com/news/2026/06/17/hamiso-tabuai-fidow-try/","false","National Rugby League respects and honours the Traditional Custodians of the land and pay our respects to their Elders past, present and future. We acknowledge the stories, traditions and living ..."
"dol","Dolphins","Hamiso Tabuai-Fidow","backup_baseline","2","msn.com","3","money|contract_language|context_or_team_article","false","The Sydney Morning Herald on MSN","Tue, 30 Jun 2026 21:37:58 GMT","context_only_untrusted_domain","New broadcast deal could push NRL salary cap up to $20m by 2028","https://www.msn.com/en-au/news/australia/new-broadcast-deal-could-push-nrl-salary-cap-up-to-20m-by-2028/ar-AA26H5IM","http://www.bing.com/news/apiclick.aspx?ref=FexRss&aid=&tid=6a52f8fddc494eafa67252f9e577b19a&url=https%3a%2f%2fwww.msn.com%2fen-au%2fnews%2faustralia%2fnew-broadcast-deal-could-push-nrl-salary-cap-up-to-20m-by-2028%2far-AA26H5IM&c=15095945392879639673&mkt=en-au","","https://www.msn.com/en-au/news/australia/new-broadcast-deal-could-push-nrl-salary-cap-up-to-20m-by-2028/ar-AA26H5IM","false","A rich new broadcast deal means more money coming into the game. The biggest winners will be the star players, who could soon demand up to $2 million per season."
"dol","Dolphins","Hamiso Tabuai-Fidow","backup_baseline","3","msn.com","0","contract_language|context_or_team_article","false","Zero Tackle on MSN","Sat, 27 Jun 2026 18:52:52 GMT","context_only_untrusted_domain","Biggest stars in the NRL set for a pay-day","https://www.msn.com/en-au/news/other/biggest-stars-in-the-nrl-set-for-a-pay-day/ar-AA26IdmB","http://www.bing.com/news/apiclick.aspx?ref=FexRss&aid=&tid=6a52f8fcfeab4733b1bccf36b85d1ff6&url=https%3a%2f%2fwww.msn.com%2fen-au%2fnews%2fother%2fbiggest-stars-in-the-nrl-set-for-a-pay-day%2far-AA26IdmB&c=18406658021232899789&mkt=en-au","","https://www.msn.com/en-au/news/other/biggest-stars-in-the-nrl-set-for-a-pay-day/ar-AA26IdmB","false","Some of the NRL's most elite players could be in for a pay bump thanks to the new TV broadcast deal commencing in 2028. The ARL and NRL are just about ready to green-light the deal, which Nine and ..."
"dol","Dolphins","Jamayne Isaako","backup_baseline","1","illawarramercury.com.au","19","contract_language|exact_player_name","true","Illawarra Mercury","Wed, 19 Nov 2025 07:55:00 GMT","context_only_untrusted_domain","'Love to stay': Isaako wants new Dolphins deal done","https://www.illawarramercury.com.au/story/9115557/love-to-stay-isaako-wants-new-dolphins-deal-done/","http://www.bing.com/news/apiclick.aspx?ref=FexRss&aid=&tid=6a52f901460845019138cc18e1bc3ec4&url=https%3a%2f%2fwww.illawarramercury.com.au%2fstory%2f9115557%2flove-to-stay-isaako-wants-new-dolphins-deal-done%2f&c=11567343833002392323&mkt=en-au","","https://www.illawarramercury.com.au/story/9115557/love-to-stay-isaako-wants-new-dolphins-deal-done/","false","Dolphins point-scoring whiz Jamayne Isaako wants to get an extension done at the club but is still waiting for a contract offer to be tabled. Coach Kristian Woolf said in September that the New ..."
"dol","Dolphins","Jamayne Isaako","backup_baseline","2","canberratimes.com.au","19","contract_language|exact_player_name","true","The Canberra Times","Wed, 19 Nov 2025 07:55:00 GMT","context_only_untrusted_domain","'Love to stay': Isaako wants new Dolphins deal done","https://www.canberratimes.com.au/story/9115557/love-to-stay-isaako-wants-new-dolphins-deal-done/","http://www.bing.com/news/apiclick.aspx?ref=FexRss&aid=&tid=6a52f901460845019138cc18e1bc3ec4&url=https%3a%2f%2fwww.canberratimes.com.au%2fstory%2f9115557%2flove-to-stay-isaako-wants-new-dolphins-deal-done%2f&c=8291457615217837586&mkt=en-au","","https://www.canberratimes.com.au/story/9115557/love-to-stay-isaako-wants-new-dolphins-deal-done/","false","Dolphins point-scoring whiz Jamayne Isaako wants to get an extension done at the club but is still waiting for a contract offer to be tabled."
"dol","Dolphins","Jamayne Isaako","backup_baseline","3","couriermail.com.au","4","contract_language|context_or_team_article","false","The Courier-Mail","Sat, 24 Jan 2026 10:18:00 GMT","team_or_context_candidate_needs_article_review","Dolphins 2026 NRL season scouting report: Best 17, every player’s contract status, rookie watch","https://www.couriermail.com.au/sport/nrl/dolphins-2026-nrl-season-scouting-report-best-17-every-players-contract-status-rookie-watch/news-story/09352f8bcba2721a1cb102706be05258","http://www.bing.com/news/apiclick.aspx?ref=FexRss&aid=&tid=6a52f901460845019138cc18e1bc3ec4&url=https%3a%2f%2fwww.couriermail.com.au%2fsport%2fnrl%2fdolphins-2026-nrl-season-scouting-report-best-17-every-players-contract-status-rookie-watch%2fnews-story%2f09352f8bcba2721a1cb102706be05258&c=5287302663852698499&mkt=en-au","","https://www.couriermail.com.au/sport/nrl/dolphins-2026-nrl-season-scouting-report-best-17-every-players-contract-status-rookie-watch/news-story/09352f8bcba2721a1cb102706be05258","false","Kristian Woolf turned the Dolphins into a tremendous attacking force in his first season in charge, but the focus must now be on tightening up the defence to win more games. We cast an eye over their ..."
"dol","Dolphins","Selwyn Cobbo","backup_baseline","1","adelaidenow.com.au","27","contract_language|exact_player_name","true","Adelaide Now","Thu, 26 Mar 2026 11:10:00 GMT","player_focused_candidate_needs_article_review","Why Selwyn Cobbo walked away from lifeline Dragons deal to sign with Dolphins","https://www.adelaidenow.com.au/sport/nrl/why-selwyn-cobbo-walked-away-from-43-million-dragons-deal-to-sign-with-dolphins/news-story/9424b878612f9d080a44cb1ff1d75aed","http://www.bing.com/news/apiclick.aspx?ref=FexRss&aid=&tid=6a52f907695649708a4a04b3793e59fb&url=https%3a%2f%2fwww.adelaidenow.com.au%2fsport%2fnrl%2fwhy-selwyn-cobbo-walked-away-from-43-million-dragons-deal-to-sign-with-dolphins%2fnews-story%2f9424b878612f9d080a44cb1ff1d75aed&c=8306073138886333822&mkt=en-au","","https://www.adelaidenow.com.au/sport/nrl/why-selwyn-cobbo-walked-away-from-43-million-dragons-deal-to-sign-with-dolphins/news-story/9424b878612f9d080a44cb1ff1d75aed","false","This masthead can reveal the contract machinations that saw Cobbo give up a lifeline with the Dragons to seek a fresh start at the Dolphins ahead of Friday night’s Battle of Brisbane. On the outer at ..."
"dol","Dolphins","Selwyn Cobbo","backup_baseline","2","dailytelegraph.com.au","10","money|contract_language|context_or_team_article","false","The Daily Telegraph","Tue, 23 Jun 2026 12:12:00 GMT","team_or_context_candidate_needs_article_review","NRL to grant Perth Bears $500k salary cap concessions in landmark third-party arrangement","https://www.dailytelegraph.com.au/sport/nrl/nrl-to-grant-perth-bears-500k-salary-cap-concessions-in-landmark-thirdparty-arrangement/news-story/0c5c097536d723f0d0cb46c86fd051ff","http://www.bing.com/news/apiclick.aspx?ref=FexRss&aid=&tid=6a52f90882724caeb5836024297c8817&url=https%3a%2f%2fwww.dailytelegraph.com.au%2fsport%2fnrl%2fnrl-to-grant-perth-bears-500k-salary-cap-concessions-in-landmark-thirdparty-arrangement%2fnews-story%2f0c5c097536d723f0d0cb46c86fd051ff&c=13072428604770190172&mkt=en-au","","https://www.dailytelegraph.com.au/sport/nrl/nrl-to-grant-perth-bears-500k-salary-cap-concessions-in-landmark-thirdparty-arrangement/news-story/0c5c097536d723f0d0cb46c86fd051ff","false","In a historic development for the NRL’s 18th club, this masthead has been told Perth will receive a special marquee player privilege where existing club sponsors can top-up a player’s contract by 20 ..."
"dol","Dolphins","Selwyn Cobbo","backup_baseline","3","7news.com.au","4","contract_language|context_or_team_article","false","7NEWS Australia","Mon, 23 Sep 2024 08:54:00 GMT","team_or_context_candidate_needs_article_review","Broncos superstar Reece Walsh agrees to multi-million dollar contract extension","https://7news.com.au/sport/rugby-league/broncos-superstar-reece-walsh-agrees-to-multi-million-dollar-contract-extension-c-16162034","http://www.bing.com/news/apiclick.aspx?ref=FexRss&aid=&tid=6a52f90a911d47c4a3c9f8ffadcf9305&url=https%3a%2f%2f7news.com.au%2fsport%2frugby-league%2fbroncos-superstar-reece-walsh-agrees-to-multi-million-dollar-contract-extension-c-16162034&c=3971178330612469509&mkt=en-au","","https://7news.com.au/sport/rugby-league/broncos-superstar-reece-walsh-agrees-to-multi-million-dollar-contract-extension-c-16162034","false","It is thought Walsh’s new contract will make him second-highest paid player in the competition behind Newcastle Knights star Kalyn Ponga. Walsh is only 22 years old and Broncos ..."
"dol","Dolphins","Selwyn Cobbo","backup_baseline","4","msn.com","3","money|contract_language|context_or_team_article","false","The Sydney Morning Herald on MSN","Tue, 30 Jun 2026 21:37:58 GMT","context_only_untrusted_domain","New broadcast deal could push NRL salary cap up to $20m by 2028","https://www.msn.com/en-au/news/australia/new-broadcast-deal-could-push-nrl-salary-cap-up-to-20m-by-2028/ar-AA26H5IM","http://www.bing.com/news/apiclick.aspx?ref=FexRss&aid=&tid=6a52f909eb7f4bcbb7ee664ecdb61568&url=https%3a%2f%2fwww.msn.com%2fen-au%2fnews%2faustralia%2fnew-broadcast-deal-could-push-nrl-salary-cap-up-to-20m-by-2028%2far-AA26H5IM&c=15095945392879639673&mkt=en-au","","https://www.msn.com/en-au/news/australia/new-broadcast-deal-could-push-nrl-salary-cap-up-to-20m-by-2028/ar-AA26H5IM","false","A rich new broadcast deal means more money coming into the game. The biggest winners will be the star players, who could soon demand up to $2 million per season."
"dol","Dolphins","Selwyn Cobbo","backup_baseline","5","msn.com","0","contract_language|context_or_team_article","false","Zero Tackle on MSN","Sat, 27 Jun 2026 18:52:52 GMT","context_only_untrusted_domain","Biggest stars in the NRL set for a pay-day","https://www.msn.com/en-au/news/other/biggest-stars-in-the-nrl-set-for-a-pay-day/ar-AA26IdmB","http://www.bing.com/news/apiclick.aspx?ref=FexRss&aid=&tid=6a52f909eb7f4bcbb7ee664ecdb61568&url=https%3a%2f%2fwww.msn.com%2fen-au%2fnews%2fother%2fbiggest-stars-in-the-nrl-set-for-a-pay-day%2far-AA26IdmB&c=18406658021232899789&mkt=en-au","","https://www.msn.com/en-au/news/other/biggest-stars-in-the-nrl-set-for-a-pay-day/ar-AA26IdmB","false","Some of the NRL's most elite players could be in for a pay bump thanks to the new TV broadcast deal commencing in 2028. The ARL and NRL are just about ready to green-light the deal, which Nine and ..."
"dol","Dolphins","Herbie Farnworth","backup_baseline","1","townsvillebulletin.com.au","27","contract_language|exact_player_name","true","Townsville Bulletin","Tue, 19 Sep 2023 11:58:00 GMT","player_focused_candidate_needs_article_review","NRL 2023: Broncos star Herbie Farnworth reveals underwhelming contract offer behind Dolphins move","https://www.townsvillebulletin.com.au/sport/nrl/nrl-2023-broncos-star-herbie-farnworth-reveals-underwhelming-contract-offer-behind-dolphins-move/news-story/96fca1fe420ceff320d29cb4f60ce0fc","http://www.bing.com/news/apiclick.aspx?ref=FexRss&aid=&tid=6a52f90c31864ca29be410aa3767280e&url=https%3a%2f%2fwww.townsvillebulletin.com.au%2fsport%2fnrl%2fnrl-2023-broncos-star-herbie-farnworth-reveals-underwhelming-contract-offer-behind-dolphins-move%2fnews-story%2f96fca1fe420ceff320d29cb4f60ce0fc&c=6670288232531710088&mkt=en-au","","https://www.townsvillebulletin.com.au/sport/nrl/nrl-2023-broncos-star-herbie-farnworth-reveals-underwhelming-contract-offer-behind-dolphins-move/news-story/96fca1fe420ceff320d29cb4f60ce0fc","false","Dolphins defector Farnworth opened up about his reasons for quitting Brisbane as he prepares for what he hopes is his penultimate Broncos game in Saturday night’s preliminary final against the ..."
"dol","Dolphins","Herbie Farnworth","backup_baseline","2","townsvillebulletin.com.au","27","contract_language|exact_player_name","true","Townsville Bulletin","Wed, 08 Oct 2025 18:16:00 GMT","player_focused_candidate_needs_article_review","Herbie Farnworth signs one-year extension with Dolphins as club staves off Perth Bears, R360","https://www.townsvillebulletin.com.au/sport/nrl/herbie-farnworth-signs-oneyear-extension-with-dolphins-as-club-staves-off-perth-bears-r360/news-story/92f6af2ea08b4e65c1615a55a0d1f506","http://www.bing.com/news/apiclick.aspx?ref=FexRss&aid=&tid=6a52f90c31864ca29be410aa3767280e&url=https%3a%2f%2fwww.townsvillebulletin.com.au%2fsport%2fnrl%2fherbie-farnworth-signs-oneyear-extension-with-dolphins-as-club-staves-off-perth-bears-r360%2fnews-story%2f92f6af2ea08b4e65c1615a55a0d1f506&c=15736349390975393949&mkt=en-au","","https://www.townsvillebulletin.com.au/sport/nrl/herbie-farnworth-signs-oneyear-extension-with-dolphins-as-club-staves-off-perth-bears-r360/news-story/92f6af2ea08b4e65c1615a55a0d1f506","false","In a huge boost for the Dolphins, Herbie Farnworth has inked a contract extension in Redcliffe, with the club staving off poaching threats from the Perth Bears and R360 revolution to retain the ..."
"dol","Dolphins","Herbie Farnworth","backup_baseline","3","au.sports.yahoo.com","27","contract_language|exact_player_name","true","Yahoo Sport Australia","Thu, 11 Jun 2026 17:00:00 GMT","player_focused_candidate_needs_article_review","Dolphins facing uphill battle to retain Herbie Farnworth","https://au.sports.yahoo.com/dolphins-facing-uphill-battle-retain-024939288.html","http://www.bing.com/news/apiclick.aspx?ref=FexRss&aid=&tid=6a52f90c31864ca29be410aa3767280e&url=https%3a%2f%2fau.sports.yahoo.com%2fdolphins-facing-uphill-battle-retain-024939288.html&c=6882436401105325806&mkt=en-au","","https://au.sports.yahoo.com/dolphins-facing-uphill-battle-retain-024939288.html","false","The Dolphins face the prospect of losing one of the game's most elite players, with fears Herbie Farnworth is keen to test his worth on the open market for a 2028 contract. Farnworth is contracted ..."
"dol","Dolphins","Herbie Farnworth","backup_baseline","4","au.sports.yahoo.com","27","contract_language|exact_player_name","true","Yahoo Sport Australia","Tue, 23 Jun 2026 01:28:00 GMT","player_focused_candidate_needs_article_review","“Haven’t spoken, haven’t heard”: Herbie Farnworth provides contract update, speaks on Roosters link","https://au.sports.yahoo.com/haven-t-spoken-haven-t-082836162.html","http://www.bing.com/news/apiclick.aspx?ref=FexRss&aid=&tid=6a52f91051be40efab30438ad8a46f8c&url=https%3a%2f%2fau.sports.yahoo.com%2fhaven-t-spoken-haven-t-082836162.html&c=14731317816158610673&mkt=en-au","","https://au.sports.yahoo.com/haven-t-spoken-haven-t-082836162.html","false","Dolphins star Herbie Farnworth has confirmed he has not been in talks with the Sydney Roosters, despite being heavily linked to the club from the start of 2028. The centre is off-contract at the end ..."
"dol","Dolphins","Herbie Farnworth","backup_baseline","5","themercury.com.au","24","exact_player_name","true","The Mercury","Tue, 23 Jun 2026 12:11:00 GMT","player_focused_candidate_needs_article_review","Herbie Farnworth focused on Dolphins’ push for historic premiership amid speculation on NRL future","https://www.themercury.com.au/sport/nrl/herbie-farnworth-focused-on-dolphins-push-for-historic-premiership-amid-speculation-on-nrl-future/news-story/9af6ed2e3c370d5e92d9981b5fa59ff4","http://www.bing.com/news/apiclick.aspx?ref=FexRss&aid=&tid=6a52f90c31864ca29be410aa3767280e&url=https%3a%2f%2fwww.themercury.com.au%2fsport%2fnrl%2fherbie-farnworth-focused-on-dolphins-push-for-historic-premiership-amid-speculation-on-nrl-future%2fnews-story%2f9af6ed2e3c370d5e92d9981b5fa59ff4&c=1624128165785159819&mkt=en-au","","https://www.themercury.com.au/sport/nrl/herbie-farnworth-focused-on-dolphins-push-for-historic-premiership-amid-speculation-on-nrl-future/news-story/9af6ed2e3c370d5e92d9981b5fa59ff4","false","The Dolphins in-form centre — some say the best in his position in the world — is set to be a man in demand when he becomes a free agent on November 1 but has delivered a strong hint he wants to stay ..."
"dol","Dolphins","Herbie Farnworth","backup_baseline","6","au.sports.yahoo.com","23","contract_language|exact_player_name","true","Yahoo Sport Australia","Wed, 25 Mar 2026 17:00:00 GMT","player_focused_candidate_needs_article_review","Farnworth takes shot at Broncos, talks Dolphins contract extension","https://au.sports.yahoo.com/farnworth-takes-shot-broncos-talks-060040871.html","http://www.bing.com/news/apiclick.aspx?ref=FexRss&aid=&tid=6a52f90c31864ca29be410aa3767280e&url=https%3a%2f%2fau.sports.yahoo.com%2ffarnworth-takes-shot-broncos-talks-060040871.html&c=5077566345271566041&mkt=en-au","","https://au.sports.yahoo.com/farnworth-takes-shot-broncos-talks-060040871.html","false","Dolphins centre Herbie Farnworth was always a good player at the Brisbane Broncos, but after moving to the Dolphins, he has developed into one of the NRL's most impactful centres. His direct try ..."
"dol","Dolphins","Herbie Farnworth","backup_baseline","7","msn.com","23","contract_language|exact_player_name","true","Zero Tackle on MSN","Tue, 23 Jun 2026 01:28:36 GMT","context_only_untrusted_domain","Haven’t spoken, haven’t heard: Herbie Farnworth provides contract update, speaks on Roosters link","https://www.msn.com/en-au/sport/rugby/haven-t-spoken-haven-t-heard-herbie-farnworth-provides-contract-update-speaks-on-roosters-link/ar-AA26kzkO","http://www.bing.com/news/apiclick.aspx?ref=FexRss&aid=&tid=6a52f91013fb464fba14512b89654e7e&url=https%3a%2f%2fwww.msn.com%2fen-au%2fsport%2frugby%2fhaven-t-spoken-haven-t-heard-herbie-farnworth-provides-contract-update-speaks-on-roosters-link%2far-AA26kzkO&c=14088056965270932707&mkt=en-au","","https://www.msn.com/en-au/sport/rugby/haven-t-spoken-haven-t-heard-herbie-farnworth-provides-contract-update-speaks-on-roosters-link/ar-AA26kzkO","false","Dolphins star Herbie Farnworth has confirmed he has not been in talks with the Sydney Roosters, despite being heavily linked to the club from the start of 2028. The centre is off-contract at the end ..."
"dol","Dolphins","Herbie Farnworth","backup_baseline","8","au.news.yahoo.com","20","exact_player_name","true","Yahoo News Australia","Mon, 22 Jun 2026 23:38:00 GMT","player_focused_candidate_needs_article_review","Blow for Roosters as superstar centre vows to re-sign with NRL club: 'No thoughts of leaving'","https://au.news.yahoo.com/blow-for-roosters-as-superstar-centre-vows-to-re-sign-with-nrl-club-no-thoughts-of-leaving-063816470.html","http://www.bing.com/news/apiclick.aspx?ref=FexRss&aid=&tid=6a52f90c31864ca29be410aa3767280e&url=https%3a%2f%2fau.news.yahoo.com%2fblow-for-roosters-as-superstar-centre-vows-to-re-sign-with-nrl-club-no-thoughts-of-leaving-063816470.html&c=9869862806343960457&mkt=en-au","","https://au.news.yahoo.com/blow-for-roosters-as-superstar-centre-vows-to-re-sign-with-nrl-club-no-thoughts-of-leaving-063816470.html","false","Dolphins centre Herbie Farnworth has hinted he would like to remain in Redcliffe at his current NRL club after being linked with a blockbuster move to the Roosters. The Roosters will have plenty of ..."
"dol","Dolphins","Jack Bostock","backup_baseline","","","","","","","","no_candidate_found","","","","","","",""
"dol","Dolphins","Kodi Nikorima","backup_baseline","1","dailytelegraph.com.au","30","contract_language|exact_player_name","true","The Daily Telegraph","Fri, 30 Apr 2021 11:56:00 GMT","player_focused_candidate_needs_article_review","NRL: Kodi Nikorima recommits to New Zealand Warriors","https://www.dailytelegraph.com.au/sport/nrl/nrl-kodi-nikorima-recommits-to-new-zealand-warriors/news-story/87f0e46ed56dfdb03f57b698cafcd54c","http://www.bing.com/news/apiclick.aspx?ref=FexRss&aid=&tid=6a52f918b6d14a4b9117842397bf5206&url=https%3a%2f%2fwww.dailytelegraph.com.au%2fsport%2fnrl%2fnrl-kodi-nikorima-recommits-to-new-zealand-warriors%2fnews-story%2f87f0e46ed56dfdb03f57b698cafcd54c&c=16786775663712901334&mkt=en-au","","https://www.dailytelegraph.com.au/sport/nrl/nrl-kodi-nikorima-recommits-to-new-zealand-warriors/news-story/87f0e46ed56dfdb03f57b698cafcd54c","false","Nikorima has taken up a player option on his contract, allowing him to continue playing for the Warriors into next season. Born in New Zealand, Nikorima has made 40 appearances for the Warriors since ..."
"dol","Dolphins","Kodi Nikorima","backup_baseline","2","nrl.com","24","exact_player_name","true","National Rugby League","Thu, 11 Jun 2026 17:00:00 GMT","player_focused_candidate_needs_article_review","From the field: Kodi Nikorima","https://www.nrl.com/news/2026/06/12/from-the-field-kodi-nikorima/","http://www.bing.com/news/apiclick.aspx?ref=FexRss&aid=&tid=6a52f91de8804519b53b0004e43cd8c6&url=https%3a%2f%2fwww.nrl.com%2fnews%2f2026%2f06%2f12%2ffrom-the-field-kodi-nikorima%2f&c=4477796517004573673&mkt=en-au","","https://www.nrl.com/news/2026/06/12/from-the-field-kodi-nikorima/","false","National Rugby League respects and honours the Traditional Custodians of the land and pay our respects to their Elders past, present and future. We acknowledge the stories, traditions and living ..."
"dol","Dolphins","Kodi Nikorima","backup_baseline","3","au.sports.yahoo.com","23","contract_language|exact_player_name","true","Yahoo Sports Australia","Mon, 22 Jun 2026 00:10:00 GMT","player_focused_candidate_needs_article_review","“Will know soon”: Nikorima provides contract update as negotiations continue","https://au.sports.yahoo.com/know-soon-nikorima-provides-contract-071028051.html","http://www.bing.com/news/apiclick.aspx?ref=FexRss&aid=&tid=6a52f918296a4c7ebdcaf346982e0ebc&url=https%3a%2f%2fau.sports.yahoo.com%2fknow-soon-nikorima-provides-contract-071028051.html&c=884128963893246468&mkt=en-au","","https://au.sports.yahoo.com/know-soon-nikorima-provides-contract-071028051.html","false","Kodi Nikorima has entered extension talks with the Dolphins amid whispers of his departure and a potential Super League switch. The negotiations add further intrigue to who takes the Dolphins' number ..."
"dol","Dolphins","Kodi Nikorima","backup_baseline","4","au.sports.yahoo.com","20","exact_player_name","true","Yahoo Sport Australia","Thu, 25 Jun 2026 17:00:00 GMT","player_focused_candidate_needs_article_review","Have their cake and eat it too: Dolphins reveal bold roster ambitions","https://au.sports.yahoo.com/cake-eat-too-dolphins-reveal-015323671.html","http://www.bing.com/news/apiclick.aspx?ref=FexRss&aid=&tid=6a52f918296a4c7ebdcaf346982e0ebc&url=https%3a%2f%2fau.sports.yahoo.com%2fcake-eat-too-dolphins-reveal-015323671.html&c=4597639105958805500&mkt=en-au","","https://au.sports.yahoo.com/cake-eat-too-dolphins-reveal-015323671.html","false","The Dolphins have moved to cool speculation that Kodi Nikorima could be pushed out by the incoming arrival of Super League star George Williams, with coach Kristian Woolf insisting the club's focus is ..."
"dol","Dolphins","Kodi Nikorima","backup_baseline","5","msn.com","19","contract_language|exact_player_name","true","Australian Associated Press on MSN","Thu, 25 Jun 2026 18:22:54 GMT","context_only_untrusted_domain","Room for two: Woolf answers Dolphins 2027 halves puzzle","https://www.msn.com/en-au/sport/afl/room-for-two-woolf-answers-dolphins-2027-halves-puzzle/ar-AA26yUTG","http://www.bing.com/news/apiclick.aspx?ref=FexRss&aid=&tid=6a52f918296a4c7ebdcaf346982e0ebc&url=https%3a%2f%2fwww.msn.com%2fen-au%2fsport%2fafl%2froom-for-two-woolf-answers-dolphins-2027-halves-puzzle%2far-AA26yUTG&c=16336977542231824267&mkt=en-au","","https://www.msn.com/en-au/sport/afl/room-for-two-woolf-answers-dolphins-2027-halves-puzzle/ar-AA26yUTG","false","Dolphins coach Kristian Woolf hopes a new deal for No.6 Kodi Nikorima can be done and insists there is room for him and England star George Williams in 2027."
"dol","Dolphins","Kodi Nikorima","backup_baseline","6","brisbanetimes.com.au","19","contract_language|exact_player_name","true","Brisbane Times","Thu, 09 Oct 2025 08:47:00 GMT","context_only_untrusted_domain","Dolphins reveal intention for off contract star amid links to England veteran","https://www.brisbanetimes.com.au/sport/nrl/major-coup-retention-priorities-and-some-luck-why-dolphins-breakthrough-nears-20251009-p5n1bd.html","http://www.bing.com/news/apiclick.aspx?ref=FexRss&aid=&tid=6a52f918296a4c7ebdcaf346982e0ebc&url=https%3a%2f%2fwww.brisbanetimes.com.au%2fsport%2fnrl%2fmajor-coup-retention-priorities-and-some-luck-why-dolphins-breakthrough-nears-20251009-p5n1bd.html&c=2926123667568527347&mkt=en-au","","https://www.brisbanetimes.com.au/sport/nrl/major-coup-retention-priorities-and-some-luck-why-dolphins-breakthrough-nears-20251009-p5n1bd.html","false","Dolphins chief executive Terry Reader insists Kodi Nikorima still had a long-term future at the club, despite links connecting England halfback George Williams to a Redcliffe move. As marquee centre ..."
"dol","Dolphins","Kodi Nikorima","backup_baseline","7","au.sports.yahoo.com","7","money|contract_language|context_or_team_article","false","Yahoo Sports Australia","Tue, 23 Jun 2026 19:51:00 GMT","team_or_context_candidate_needs_article_review","Perth Bears receive salary cap boost from NRL","https://au.sports.yahoo.com/perth-bears-receive-salary-cap-025110246.html","http://www.bing.com/news/apiclick.aspx?ref=FexRss&aid=&tid=6a52f91c8aaf44aabf7364f640ee6701&url=https%3a%2f%2fau.sports.yahoo.com%2fperth-bears-receive-salary-cap-025110246.html&c=545008729362569136&mkt=en-au","","https://au.sports.yahoo.com/perth-bears-receive-salary-cap-025110246.html","false","The NRL has granted the Perth Bears up to $500,000 worth of salary cap concessions to compete in the fight against PNG Chiefs. The latest NRL expansion club with receive compensation from the NRL to ..."
"dol","Dolphins","Kodi Nikorima","backup_baseline","8","themercury.com.au","4","contract_language|context_or_team_article","false","The Mercury","Fri, 15 May 2026 05:23:00 GMT","team_or_context_candidate_needs_article_review","Dolphins 2026 NRL season scouting report: Best 17, every player’s contract status, rookie watch","https://www.themercury.com.au/sport/nrl/dolphins-2026-nrl-season-scouting-report-best-17-every-players-contract-status-rookie-watch/news-story/09352f8bcba2721a1cb102706be05258","http://www.bing.com/news/apiclick.aspx?ref=FexRss&aid=&tid=6a52f918296a4c7ebdcaf346982e0ebc&url=https%3a%2f%2fwww.themercury.com.au%2fsport%2fnrl%2fdolphins-2026-nrl-season-scouting-report-best-17-every-players-contract-status-rookie-watch%2fnews-story%2f09352f8bcba2721a1cb102706be05258&c=6972828687066443141&mkt=en-au","","https://www.themercury.com.au/sport/nrl/dolphins-2026-nrl-season-scouting-report-best-17-every-players-contract-status-rookie-watch/news-story/09352f8bcba2721a1cb102706be05258","false","Kristian Woolf turned the Dolphins into a tremendous attacking force in his first season in charge, but the focus must now be on tightening up the defence to win more games. We cast an eye over their ..."
"dol","Dolphins","Isaiya Katoa","backup_baseline","1","nrl.com","24","exact_player_name","true","National Rugby League","Wed, 20 May 2026 17:00:00 GMT","player_focused_candidate_needs_article_review","From the field: Isaiya Katoa","https://www.nrl.com/news/2026/05/21/from-the-field-isaiya-katoa/","http://www.bing.com/news/apiclick.aspx?ref=FexRss&aid=&tid=6a52f61a13484f848c0326bf51f83f06&url=https%3a%2f%2fwww.nrl.com%2fnews%2f2026%2f05%2f21%2ffrom-the-field-isaiya-katoa%2f&c=15787826024087056361&mkt=en-au","","https://www.nrl.com/news/2026/05/21/from-the-field-isaiya-katoa/","false","National Rugby League respects and honours the Traditional Custodians of the land and pay our respects to their Elders past, present and future. We acknowledge the stories, traditions and living ..."
"dol","Dolphins","Isaiya Katoa","backup_baseline","2","au.sports.yahoo.com","4","contract_language|context_or_team_article","false","Yahoo Sport Australia","Thu, 07 May 2026 17:00:00 GMT","team_or_context_candidate_needs_article_review","The SEVEN current best value for money contracts in the NRL","https://au.sports.yahoo.com/seven-current-best-value-money-214941645.html","http://www.bing.com/news/apiclick.aspx?ref=FexRss&aid=&tid=6a52f61a180f4d2099b5e5c21bad67a5&url=https%3a%2f%2fau.sports.yahoo.com%2fseven-current-best-value-money-214941645.html&c=14537114608194793438&mkt=en-au","","https://au.sports.yahoo.com/seven-current-best-value-money-214941645.html","false","The beauty of the salary cap is that it is supposed to level the playing field for all NRL teams. There is enough space for stars, but not multiple, meaning rosters need to be carefully crafted so ..."
"dol","Dolphins","Isaiya Katoa","backup_baseline","3","msn.com","3","money|contract_language|context_or_team_article","false","The Sydney Morning Herald on MSN","Tue, 30 Jun 2026 21:37:58 GMT","context_only_untrusted_domain","New broadcast deal could push NRL salary cap up to $20m by 2028","https://www.msn.com/en-au/news/australia/new-broadcast-deal-could-push-nrl-salary-cap-up-to-20m-by-2028/ar-AA26H5IM","http://www.bing.com/news/apiclick.aspx?ref=FexRss&aid=&tid=6a52f6159cce4d9c908bfa5646e924e7&url=https%3a%2f%2fwww.msn.com%2fen-au%2fnews%2faustralia%2fnew-broadcast-deal-could-push-nrl-salary-cap-up-to-20m-by-2028%2far-AA26H5IM&c=15095945392879639673&mkt=en-au","","https://www.msn.com/en-au/news/australia/new-broadcast-deal-could-push-nrl-salary-cap-up-to-20m-by-2028/ar-AA26H5IM","false","A rich new broadcast deal means more money coming into the game. The biggest winners will be the star players, who could soon demand up to $2 million per season."
"dol","Dolphins","Isaiya Katoa","backup_baseline","4","thechronicle.com.au","0","contract_language|context_or_team_article","false","The Toowoomba Chronicle","Tue, 30 Dec 2025 10:09:00 GMT","context_only_untrusted_domain","Dolphins 2026 NRL season scouting report: Best 17, every player’s contract status, rookie watch","https://www.thechronicle.com.au/sport/nrl/dolphins-2026-nrl-season-scouting-report-best-17-every-players-contract-status-rookie-watch/news-story/09352f8bcba2721a1cb102706be05258","http://www.bing.com/news/apiclick.aspx?ref=FexRss&aid=&tid=6a52f6159cce4d9c908bfa5646e924e7&url=https%3a%2f%2fwww.thechronicle.com.au%2fsport%2fnrl%2fdolphins-2026-nrl-season-scouting-report-best-17-every-players-contract-status-rookie-watch%2fnews-story%2f09352f8bcba2721a1cb102706be05258&c=1176587204612317070&mkt=en-au","","https://www.thechronicle.com.au/sport/nrl/dolphins-2026-nrl-season-scouting-report-best-17-every-players-contract-status-rookie-watch/news-story/09352f8bcba2721a1cb102706be05258","false","Kristian Woolf turned the Dolphins into a tremendous attacking force in his first season in charge, but the focus must now be on tightening up the defence to win more games. We cast an eye over their ..."
"dol","Dolphins","Daniel Saifiti","backup_baseline","","","","","","","","no_candidate_found","","","","","","",""
"dol","Dolphins","Jeremy Marshall-King","backup_baseline","1","themercury.com.au","4","contract_language|context_or_team_article","false","The Mercury","Fri, 15 May 2026 05:23:00 GMT","team_or_context_candidate_needs_article_review","Dolphins 2026 NRL season scouting report: Best 17, every player’s contract status, rookie watch","https://www.themercury.com.au/sport/nrl/dolphins-2026-nrl-season-scouting-report-best-17-every-players-contract-status-rookie-watch/news-story/09352f8bcba2721a1cb102706be05258","http://www.bing.com/news/apiclick.aspx?ref=FexRss&aid=&tid=6a52f6235dd14bd089baee42db93c9e5&url=https%3a%2f%2fwww.themercury.com.au%2fsport%2fnrl%2fdolphins-2026-nrl-season-scouting-report-best-17-every-players-contract-status-rookie-watch%2fnews-story%2f09352f8bcba2721a1cb102706be05258&c=6972828687066443141&mkt=en-au","","https://www.themercury.com.au/sport/nrl/dolphins-2026-nrl-season-scouting-report-best-17-every-players-contract-status-rookie-watch/news-story/09352f8bcba2721a1cb102706be05258","false","Kristian Woolf turned the Dolphins into a tremendous attacking force in his first season in charge, but the focus must now be on tightening up the defence to win more games. We cast an eye over their ..."
"dol","Dolphins","Thomas Flegler","backup_baseline","1","7news.com.au","7","money|contract_language|context_or_team_article","false","7NEWS Australia","Fri, 28 Oct 2022 02:27:00 GMT","team_or_context_candidate_needs_article_review","Ultimate NRL free agency preview: Your club’s out-of-contract stars and where they could end up","https://7news.com.au/sport/rugby-league/ultimate-nrl-free-agency-preview-your-clubs-out-of-contract-stars-and-where-they-could-end-up-c-8677336","http://www.bing.com/news/apiclick.aspx?ref=FexRss&aid=&tid=6a52f62d88314f8f828e6c15e57349db&url=https%3a%2f%2f7news.com.au%2fsport%2frugby-league%2fultimate-nrl-free-agency-preview-your-clubs-out-of-contract-stars-and-where-they-could-end-up-c-8677336&c=143273184193222445&mkt=en-au","","https://7news.com.au/sport/rugby-league/ultimate-nrl-free-agency-preview-your-clubs-out-of-contract-stars-and-where-they-could-end-up-c-8677336","false","Over $50 million worth of player talent will be free to negotiate with clubs for season 2024 and beyond when the NRL free agency period begins on November 1. Latrell Mitchell, Mit ..."
"dol","Dolphins","Thomas Flegler","backup_baseline","2","themercury.com.au","4","contract_language|context_or_team_article","false","The Mercury","Fri, 15 May 2026 05:23:00 GMT","team_or_context_candidate_needs_article_review","Dolphins 2026 NRL season scouting report: Best 17, every player’s contract status, rookie watch","https://www.themercury.com.au/sport/nrl/dolphins-2026-nrl-season-scouting-report-best-17-every-players-contract-status-rookie-watch/news-story/09352f8bcba2721a1cb102706be05258","http://www.bing.com/news/apiclick.aspx?ref=FexRss&aid=&tid=6a52f62a739f40e5a75d8df889453f1d&url=https%3a%2f%2fwww.themercury.com.au%2fsport%2fnrl%2fdolphins-2026-nrl-season-scouting-report-best-17-every-players-contract-status-rookie-watch%2fnews-story%2f09352f8bcba2721a1cb102706be05258&c=6972828687066443141&mkt=en-au","","https://www.themercury.com.au/sport/nrl/dolphins-2026-nrl-season-scouting-report-best-17-every-players-contract-status-rookie-watch/news-story/09352f8bcba2721a1cb102706be05258","false","Kristian Woolf turned the Dolphins into a tremendous attacking force in his first season in charge, but the focus must now be on tightening up the defence to win more games. We cast an eye over their ..."
"dol","Dolphins","Felise Kaufusi","backup_baseline","1","7news.com.au","7","money|contract_language|context_or_team_article","false","7NEWS Australia","Fri, 28 Oct 2022 02:27:00 GMT","team_or_context_candidate_needs_article_review","Ultimate NRL free agency preview: Your club’s out-of-contract stars and where they could end up","https://7news.com.au/sport/rugby-league/ultimate-nrl-free-agency-preview-your-clubs-out-of-contract-stars-and-where-they-could-end-up-c-8677336","http://www.bing.com/news/apiclick.aspx?ref=FexRss&aid=&tid=6a52f634fe324b28824ad8fc2fbdcfb9&url=https%3a%2f%2f7news.com.au%2fsport%2frugby-league%2fultimate-nrl-free-agency-preview-your-clubs-out-of-contract-stars-and-where-they-could-end-up-c-8677336&c=143273184193222445&mkt=en-au","","https://7news.com.au/sport/rugby-league/ultimate-nrl-free-agency-preview-your-clubs-out-of-contract-stars-and-where-they-could-end-up-c-8677336","false","Over $50 million worth of player talent will be free to negotiate with clubs for season 2024 and beyond when the NRL free agency period begins on November 1. Latrell Mitchell, Mit ..."
"dol","Dolphins","Felise Kaufusi","backup_baseline","2","themercury.com.au","4","contract_language|context_or_team_article","false","The Mercury","Fri, 15 May 2026 05:23:00 GMT","team_or_context_candidate_needs_article_review","Dolphins 2026 NRL season scouting report: Best 17, every player’s contract status, rookie watch","https://www.themercury.com.au/sport/nrl/dolphins-2026-nrl-season-scouting-report-best-17-every-players-contract-status-rookie-watch/news-story/09352f8bcba2721a1cb102706be05258","http://www.bing.com/news/apiclick.aspx?ref=FexRss&aid=&tid=6a52f630b47946989ec653dff18589af&url=https%3a%2f%2fwww.themercury.com.au%2fsport%2fnrl%2fdolphins-2026-nrl-season-scouting-report-best-17-every-players-contract-status-rookie-watch%2fnews-story%2f09352f8bcba2721a1cb102706be05258&c=6972828687066443141&mkt=en-au","","https://www.themercury.com.au/sport/nrl/dolphins-2026-nrl-season-scouting-report-best-17-every-players-contract-status-rookie-watch/news-story/09352f8bcba2721a1cb102706be05258","false","Kristian Woolf turned the Dolphins into a tremendous attacking force in his first season in charge, but the focus must now be on tightening up the defence to win more games. We cast an eye over their ..."
"dol","Dolphins","Kulikefu Finefeuiaki","backup_baseline","1","nrl.com","20","exact_player_name","true","National Rugby League","Thu, 21 May 2026 03:01:00 GMT","player_focused_candidate_needs_article_review","Finefeuiaki on the cusp of repaying family sacrifice","https://www.nrl.com/news/2026/05/21/finefeuiaki-on-the-cusp-of-repaying-family-sacrifice/","http://www.bing.com/news/apiclick.aspx?ref=FexRss&aid=&tid=6a52f637c4044a33ba865000f1b49098&url=https%3a%2f%2fwww.nrl.com%2fnews%2f2026%2f05%2f21%2ffinefeuiaki-on-the-cusp-of-repaying-family-sacrifice%2f&c=1066609875823734056&mkt=en-au","","https://www.nrl.com/news/2026/05/21/finefeuiaki-on-the-cusp-of-repaying-family-sacrifice/","false","Barnstorming second-rower Kulikefu Finefeuiaki will be soaking up every moment in Camp Maroon this week on the off chance he's called up to rip in and knock over any Blue in his way. The Dolphins ..."
"dol","Dolphins","Kulikefu Finefeuiaki","backup_baseline","2","themercury.com.au","4","contract_language|context_or_team_article","false","The Mercury","Fri, 15 May 2026 05:23:00 GMT","team_or_context_candidate_needs_article_review","Dolphins 2026 NRL season scouting report: Best 17, every player’s contract status, rookie watch","https://www.themercury.com.au/sport/nrl/dolphins-2026-nrl-season-scouting-report-best-17-every-players-contract-status-rookie-watch/news-story/09352f8bcba2721a1cb102706be05258","http://www.bing.com/news/apiclick.aspx?ref=FexRss&aid=&tid=6a52f637c4044a33ba865000f1b49098&url=https%3a%2f%2fwww.themercury.com.au%2fsport%2fnrl%2fdolphins-2026-nrl-season-scouting-report-best-17-every-players-contract-status-rookie-watch%2fnews-story%2f09352f8bcba2721a1cb102706be05258&c=6972828687066443141&mkt=en-au","","https://www.themercury.com.au/sport/nrl/dolphins-2026-nrl-season-scouting-report-best-17-every-players-contract-status-rookie-watch/news-story/09352f8bcba2721a1cb102706be05258","false","Kristian Woolf turned the Dolphins into a tremendous attacking force in his first season in charge, but the focus must now be on tightening up the defence to win more games. We cast an eye over their ..."
"dol","Dolphins","Tom Gilbert","backup_baseline","1","geelongadvertiser.com.au","27","contract_language|exact_player_name","true","Geelong Advertiser","Tue, 26 Apr 2022 07:52:00 GMT","player_focused_candidate_needs_article_review","NRL transfer news: Dolphins sign Tom Gilbert from Cowboys on three-year deal","https://www.geelongadvertiser.com.au/sport/nrl/nrl-transfer-news-dolphins-sign-tom-gilbert-from-cowboys-on-threeyear-deal/news-story/cd80cf9df7c937bfd7052a527b9e2492","http://www.bing.com/news/apiclick.aspx?ref=FexRss&aid=&tid=6a52f63eaafe489a9d0cc740ab458bb2&url=https%3a%2f%2fwww.geelongadvertiser.com.au%2fsport%2fnrl%2fnrl-transfer-news-dolphins-sign-tom-gilbert-from-cowboys-on-threeyear-deal%2fnews-story%2fcd80cf9df7c937bfd7052a527b9e2492&c=9442895142372046655&mkt=en-au","","https://www.geelongadvertiser.com.au/sport/nrl/nrl-transfer-news-dolphins-sign-tom-gilbert-from-cowboys-on-threeyear-deal/news-story/cd80cf9df7c937bfd7052a527b9e2492","false","A week after missing out on Knights superstar Kalyn Ponga, the Dolphins have bolstered their long-term future with the acquisition of the off-contract Gilbert. At 21, Gilbert has a bright career in ..."
"dol","Dolphins","Tom Gilbert","backup_baseline","2","news.com.au","4","contract_language|context_or_team_article","false","Couriermail","Mon, 15 Dec 2025 16:48:00 GMT","team_or_context_candidate_needs_article_review","Signings tracker: Attacking machine signs new deal with the Dolphins","https://www.news.com.au/sport/nrl/signings-tracker-attacking-machine-signs-new-deal-with-the-dolphins/news-story/f77fad3ce595555b257fe7dc16d2bb8f","http://www.bing.com/news/apiclick.aspx?ref=FexRss&aid=&tid=6a52f63eaafe489a9d0cc740ab458bb2&url=https%3a%2f%2fwww.news.com.au%2fsport%2fnrl%2fsignings-tracker-attacking-machine-signs-new-deal-with-the-dolphins%2fnews-story%2ff77fad3ce595555b257fe7dc16d2bb8f&c=1107890448307509936&mkt=en-au","","https://www.news.com.au/sport/nrl/signings-tracker-attacking-machine-signs-new-deal-with-the-dolphins/news-story/f77fad3ce595555b257fe7dc16d2bb8f","false","Lemuelu left the Cowboys after three seasons and played a significant role in the Dolphins’ first match in 2023 when he came off the bench against the Roosters and scored a 46th minute try that gave ..."
"dol","Dolphins","Kurt Donoghoe","backup_baseline","","","","","","","","no_candidate_found","","","","","","",""
"dol","Dolphins","Connelly Lemuelu","backup_baseline","","","","","","","","no_candidate_found","","","","","","",""
"dol","Dolphins","Max Plath","backup_baseline","1","ntnews.com.au","7","contract_language|term_language|context_or_team_article","false","Northern Territory News","Wed, 08 Oct 2025 15:47:00 GMT","team_or_context_candidate_needs_article_review","Herbie Farnworth signs one-year extension with Dolphins as club staves off Perth Bears, R360","https://www.ntnews.com.au/sport/nrl/herbie-farnworth-signs-oneyear-extension-with-dolphins-as-club-staves-off-perth-bears-r360/news-story/92f6af2ea08b4e65c1615a55a0d1f506","http://www.bing.com/news/apiclick.aspx?ref=FexRss&aid=&tid=6a52f6523d734a08a891d66aad2c2de6&url=https%3a%2f%2fwww.ntnews.com.au%2fsport%2fnrl%2fherbie-farnworth-signs-oneyear-extension-with-dolphins-as-club-staves-off-perth-bears-r360%2fnews-story%2f92f6af2ea08b4e65c1615a55a0d1f506&c=3015649171513403775&mkt=en-au","","https://www.ntnews.com.au/sport/nrl/herbie-farnworth-signs-oneyear-extension-with-dolphins-as-club-staves-off-perth-bears-r360/news-story/92f6af2ea08b4e65c1615a55a0d1f506","false","Farnworth has inked a one-year extension until the end of 2027 with the Dolphins, who have staved off potential poaching threats from Perth Bears and the R360 revolution to retain the British Test ace ..."
"dol","Dolphins","Max Plath","backup_baseline","2","themercury.com.au","4","contract_language|context_or_team_article","false","The Mercury","Fri, 15 May 2026 05:23:00 GMT","team_or_context_candidate_needs_article_review","Dolphins 2026 NRL season scouting report: Best 17, every player’s contract status, rookie watch","https://www.themercury.com.au/sport/nrl/dolphins-2026-nrl-season-scouting-report-best-17-every-players-contract-status-rookie-watch/news-story/09352f8bcba2721a1cb102706be05258","http://www.bing.com/news/apiclick.aspx?ref=FexRss&aid=&tid=6a52f6523d734a08a891d66aad2c2de6&url=https%3a%2f%2fwww.themercury.com.au%2fsport%2fnrl%2fdolphins-2026-nrl-season-scouting-report-best-17-every-players-contract-status-rookie-watch%2fnews-story%2f09352f8bcba2721a1cb102706be05258&c=6972828687066443141&mkt=en-au","","https://www.themercury.com.au/sport/nrl/dolphins-2026-nrl-season-scouting-report-best-17-every-players-contract-status-rookie-watch/news-story/09352f8bcba2721a1cb102706be05258","false","Kristian Woolf turned the Dolphins into a tremendous attacking force in his first season in charge, but the focus must now be on tightening up the defence to win more games. We cast an eye over their ..."
"dol","Dolphins","Morgan Knowles","backup_baseline","1","au.sports.yahoo.com","23","contract_language|exact_player_name","true","Yahoo Sport Australia","Wed, 04 Mar 2026 21:40:00 GMT","player_focused_candidate_needs_article_review","Dolphins recruit opens up ahead of NRL debut","https://au.sports.yahoo.com/dolphins-recruit-opens-ahead-nrl-054045139.html","http://www.bing.com/news/apiclick.aspx?ref=FexRss&aid=&tid=6a52f65904284a2881a93450c7492a01&url=https%3a%2f%2fau.sports.yahoo.com%2fdolphins-recruit-opens-ahead-nrl-054045139.html&c=11525685244440254916&mkt=en-au","","https://au.sports.yahoo.com/dolphins-recruit-opens-ahead-nrl-054045139.html","false","Dolphins recruit Morgan Knowles is relishing the chance to make his NRL debut in front of the Redcliffe faithful this weekend. Signed on a two-year-deal from St Helens, Knowles is itching to make his ..."
"dol","Dolphins","Morgan Knowles","backup_baseline","2","themercury.com.au","4","contract_language|context_or_team_article","false","The Mercury","Tue, 30 Dec 2025 10:00:00 GMT","team_or_context_candidate_needs_article_review","Dolphins 2026 NRL season scouting report: Best 17, every player’s contract status, rookie watch","https://www.themercury.com.au/sport/nrl/dolphins-2026-nrl-season-scouting-report-best-17-every-players-contract-status-rookie-watch/news-story/09352f8bcba2721a1cb102706be05258","http://www.bing.com/news/apiclick.aspx?ref=FexRss&aid=&tid=6a52f65904284a2881a93450c7492a01&url=https%3a%2f%2fwww.themercury.com.au%2fsport%2fnrl%2fdolphins-2026-nrl-season-scouting-report-best-17-every-players-contract-status-rookie-watch%2fnews-story%2f09352f8bcba2721a1cb102706be05258&c=6972828687066443141&mkt=en-au","","https://www.themercury.com.au/sport/nrl/dolphins-2026-nrl-season-scouting-report-best-17-every-players-contract-status-rookie-watch/news-story/09352f8bcba2721a1cb102706be05258","false","Kristian Woolf turned the Dolphins into a tremendous attacking force in his first season in charge, but the focus must now be on tightening up the defence to win more games. We cast an eye over their ..."
"dol","Dolphins","Jake Averillo","bucket_unknown","1","heraldsun.com.au","30","money|contract_language|exact_player_name","true","heraldsun.com.au","Sat, 21 Feb 2026 23:00:00 GMT","player_focused_candidate_needs_article_review","Las Vegas Confidential: Clubs battling for Jake Averillo’s signature | Inside the Bulldogs’ $20,000 night","https://www.heraldsun.com.au/sport/nrl/las-vegas-confidential-inside-the-bulldogs-20000-las-vegas-night-matt-lodge-mystery-solved/news-story/cdad3cf6c2dbaad42960fe4b84a4187a","http://www.bing.com/news/apiclick.aspx?ref=FexRss&aid=&tid=6a52f6607f424d1a86daa97d7aa69ee0&url=https%3a%2f%2fwww.heraldsun.com.au%2fsport%2fnrl%2flas-vegas-confidential-inside-the-bulldogs-20000-las-vegas-night-matt-lodge-mystery-solved%2fnews-story%2fcdad3cf6c2dbaad42960fe4b84a4187a&c=13660415378844590763&mkt=en-au","","https://www.heraldsun.com.au/sport/nrl/las-vegas-confidential-inside-the-bulldogs-20000-las-vegas-night-matt-lodge-mystery-solved/news-story/cdad3cf6c2dbaad42960fe4b84a4187a","false","Dragons officials have held talks with a versatile Dolphins star who is off contract at the end of the season, but will have to fight to secure his signature amid interest from other clubs. LAS VEGAS ..."
"dol","Dolphins","Jake Averillo","bucket_unknown","2","couriermail.com.au","24","exact_player_name","true","The Courier-Mail","Wed, 10 Jun 2026 17:14:00 GMT","player_focused_candidate_needs_article_review","Wests Tigers close to landing Dolphins star Jake Averillo as potential replacement for Jarome Luai","https://www.couriermail.com.au/sport/nrl/wests-tigers-close-to-landing-dolphins-star-jake-averillo-as-potential-replacement-for-jarome-luai/news-story/da5335060a33319b0ef47e943dfcc42a","http://www.bing.com/news/apiclick.aspx?ref=FexRss&aid=&tid=6a52f6607f424d1a86daa97d7aa69ee0&url=https%3a%2f%2fwww.couriermail.com.au%2fsport%2fnrl%2fwests-tigers-close-to-landing-dolphins-star-jake-averillo-as-potential-replacement-for-jarome-luai%2fnews-story%2fda5335060a33319b0ef47e943dfcc42a&c=7375319973466387166&mkt=en-au","","https://www.couriermail.com.au/sport/nrl/wests-tigers-close-to-landing-dolphins-star-jake-averillo-as-potential-replacement-for-jarome-luai/news-story/da5335060a33319b0ef47e943dfcc42a","false","It is understood the Tigers are close to landing Averillo from next season despite interest from a host of Sydney clubs. The likes of Cronulla, Manly and St George Illawarra all held discussions with ..."
"dol","Dolphins","Jake Averillo","bucket_unknown","3","thechronicle.com.au","0","contract_language|context_or_team_article","false","The Toowoomba Chronicle","Tue, 30 Dec 2025 10:09:00 GMT","context_only_untrusted_domain","Dolphins 2026 NRL season scouting report: Best 17, every player’s contract status, rookie watch","https://www.thechronicle.com.au/sport/nrl/dolphins-2026-nrl-season-scouting-report-best-17-every-players-contract-status-rookie-watch/news-story/09352f8bcba2721a1cb102706be05258","http://www.bing.com/news/apiclick.aspx?ref=FexRss&aid=&tid=6a52f6607f424d1a86daa97d7aa69ee0&url=https%3a%2f%2fwww.thechronicle.com.au%2fsport%2fnrl%2fdolphins-2026-nrl-season-scouting-report-best-17-every-players-contract-status-rookie-watch%2fnews-story%2f09352f8bcba2721a1cb102706be05258&c=1176587204612317070&mkt=en-au","","https://www.thechronicle.com.au/sport/nrl/dolphins-2026-nrl-season-scouting-report-best-17-every-players-contract-status-rookie-watch/news-story/09352f8bcba2721a1cb102706be05258","false","Kristian Woolf turned the Dolphins into a tremendous attacking force in his first season in charge, but the focus must now be on tightening up the defence to win more games. We cast an eye over their ..."
"dol","Dolphins","Brad Schneider","bucket_unknown","1","themercury.com.au","4","contract_language|context_or_team_article","false","The Mercury","Fri, 15 May 2026 05:23:00 GMT","team_or_context_candidate_needs_article_review","Dolphins 2026 NRL season scouting report: Best 17, every player’s contract status, rookie watch","https://www.themercury.com.au/sport/nrl/dolphins-2026-nrl-season-scouting-report-best-17-every-players-contract-status-rookie-watch/news-story/09352f8bcba2721a1cb102706be05258","http://www.bing.com/news/apiclick.aspx?ref=FexRss&aid=&tid=6a52f666db174444be29299bdc70acb0&url=https%3a%2f%2fwww.themercury.com.au%2fsport%2fnrl%2fdolphins-2026-nrl-season-scouting-report-best-17-every-players-contract-status-rookie-watch%2fnews-story%2f09352f8bcba2721a1cb102706be05258&c=6972828687066443141&mkt=en-au","","https://www.themercury.com.au/sport/nrl/dolphins-2026-nrl-season-scouting-report-best-17-every-players-contract-status-rookie-watch/news-story/09352f8bcba2721a1cb102706be05258","false","Kristian Woolf turned the Dolphins into a tremendous attacking force in his first season in charge, but the focus must now be on tightening up the defence to win more games. We cast an eye over their ..."
"dol","Dolphins","Brian Pouniu","bucket_unknown","","","","","","","","no_candidate_found","","","","","","",""
"dol","Dolphins","Elijah Rasmussen","bucket_unknown","","","","","","","","no_candidate_found","","","","","","",""
"dol","Dolphins","Francis Molo","bucket_unknown","1","au.sports.yahoo.com","30","money|contract_language|exact_player_name","true","Yahoo Sport Australia","Mon, 16 Mar 2026 16:59:00 GMT","player_focused_candidate_needs_article_review","Francis Molo makes surprise NRL contract call","https://au.sports.yahoo.com/francis-molo-makes-surprise-nrl-005908336.html","http://www.bing.com/news/apiclick.aspx?ref=FexRss&aid=&tid=6a52f67bad5c429886b8545b242a4768&url=https%3a%2f%2fau.sports.yahoo.com%2ffrancis-molo-makes-surprise-nrl-005908336.html&c=7286488957020840281&mkt=en-au","","https://au.sports.yahoo.com/francis-molo-makes-surprise-nrl-005908336.html","false","Dolphins forward Francis Molo is set to re-sign with the club on a deal worth $1 million over the next two years. The Dolphins, who see him as a key part of their middle third rotation, have been in ..."
"dol","Dolphins","Francis Molo","bucket_unknown","2","au.sports.yahoo.com","23","contract_language|exact_player_name","true","Yahoo Sport Australia","Sun, 31 May 2026 17:00:00 GMT","player_focused_candidate_needs_article_review","Dolphins confirm extension of international forward","https://au.sports.yahoo.com/dolphins-confirm-extension-international-forward-233311156.html","http://www.bing.com/news/apiclick.aspx?ref=FexRss&aid=&tid=6a52f67bad5c429886b8545b242a4768&url=https%3a%2f%2fau.sports.yahoo.com%2fdolphins-confirm-extension-international-forward-233311156.html&c=3790237513195562228&mkt=en-au","","https://au.sports.yahoo.com/dolphins-confirm-extension-international-forward-233311156.html","false","The Dolphins have moved to re-sign an integral part of their engine room, extending Francis Molo at the club for an extra two years. With 161 games of NRL experience, Molo is a key aspect of the ..."
"dol","Dolphins","Francis Molo","bucket_unknown","3","illawarramercury.com.au","19","contract_language|exact_player_name","true","Illawarra Mercury","Tue, 02 Jun 2026 07:49:00 GMT","context_only_untrusted_domain","Sober for three years: Molo strikes new Dolphins deal","https://www.illawarramercury.com.au/story/9277381/sober-for-three-years-molo-strikes-new-dolphins-deal/","http://www.bing.com/news/apiclick.aspx?ref=FexRss&aid=&tid=6a52f67bad5c429886b8545b242a4768&url=https%3a%2f%2fwww.illawarramercury.com.au%2fstory%2f9277381%2fsober-for-three-years-molo-strikes-new-dolphins-deal%2f&c=16011535604974117231&mkt=en-au","","https://www.illawarramercury.com.au/story/9277381/sober-for-three-years-molo-strikes-new-dolphins-deal/","false","Dolphins prop Francis Molo credited his decision to quit alcohol as a turning point in his life as he inked a new two-year extension. The 31-year-old powerhouse will now be on board at the Dolphins ..."
"dol","Dolphins","Francis Molo","bucket_unknown","4","canberratimes.com.au","19","contract_language|exact_player_name","true","The Canberra Times","Tue, 02 Jun 2026 07:49:00 GMT","context_only_untrusted_domain","Sober for three years: Molo strikes new Dolphins deal","https://www.canberratimes.com.au/story/9277381/sober-for-three-years-molo-strikes-new-dolphins-deal/","http://www.bing.com/news/apiclick.aspx?ref=FexRss&aid=&tid=6a52f67bad5c429886b8545b242a4768&url=https%3a%2f%2fwww.canberratimes.com.au%2fstory%2f9277381%2fsober-for-three-years-molo-strikes-new-dolphins-deal%2f&c=16607352265739376221&mkt=en-au","","https://www.canberratimes.com.au/story/9277381/sober-for-three-years-molo-strikes-new-dolphins-deal/","false","Dolphins prop Francis Molo credited his decision to quit alcohol as a turning point in his life as he inked a new two-year extension."
"dol","Dolphins","Francis Molo","bucket_unknown","5","themercury.com.au","4","contract_language|context_or_team_article","false","The Mercury","Fri, 15 May 2026 05:23:00 GMT","team_or_context_candidate_needs_article_review","Dolphins 2026 NRL season scouting report: Best 17, every player’s contract status, rookie watch","https://www.themercury.com.au/sport/nrl/dolphins-2026-nrl-season-scouting-report-best-17-every-players-contract-status-rookie-watch/news-story/09352f8bcba2721a1cb102706be05258","http://www.bing.com/news/apiclick.aspx?ref=FexRss&aid=&tid=6a52f67bad5c429886b8545b242a4768&url=https%3a%2f%2fwww.themercury.com.au%2fsport%2fnrl%2fdolphins-2026-nrl-season-scouting-report-best-17-every-players-contract-status-rookie-watch%2fnews-story%2f09352f8bcba2721a1cb102706be05258&c=6972828687066443141&mkt=en-au","","https://www.themercury.com.au/sport/nrl/dolphins-2026-nrl-season-scouting-report-best-17-every-players-contract-status-rookie-watch/news-story/09352f8bcba2721a1cb102706be05258","false","Kristian Woolf turned the Dolphins into a tremendous attacking force in his first season in charge, but the focus must now be on tightening up the defence to win more games. We cast an eye over their ..."
"dol","Dolphins","LJ Nonu","bucket_unknown","1","themercury.com.au","4","contract_language|context_or_team_article","false","The Mercury","Fri, 15 May 2026 05:23:00 GMT","team_or_context_candidate_needs_article_review","Dolphins 2026 NRL season scouting report: Best 17, every player’s contract status, rookie watch","https://www.themercury.com.au/sport/nrl/dolphins-2026-nrl-season-scouting-report-best-17-every-players-contract-status-rookie-watch/news-story/09352f8bcba2721a1cb102706be05258","http://www.bing.com/news/apiclick.aspx?ref=FexRss&aid=&tid=6a52f6813451441c8512c47f484aa82a&url=https%3a%2f%2fwww.themercury.com.au%2fsport%2fnrl%2fdolphins-2026-nrl-season-scouting-report-best-17-every-players-contract-status-rookie-watch%2fnews-story%2f09352f8bcba2721a1cb102706be05258&c=6972828687066443141&mkt=en-au","","https://www.themercury.com.au/sport/nrl/dolphins-2026-nrl-season-scouting-report-best-17-every-players-contract-status-rookie-watch/news-story/09352f8bcba2721a1cb102706be05258","false","Kristian Woolf turned the Dolphins into a tremendous attacking force in his first season in charge, but the focus must now be on tightening up the defence to win more games. We cast an eye over their ..."
"dol","Dolphins","Oryn Keeley","bucket_unknown","1","au.sports.yahoo.com","23","contract_language|exact_player_name","true","Yahoo Sports Australia","Sun, 28 Jun 2026 17:14:00 GMT","player_focused_candidate_needs_article_review","Deadline deal: Storm and Dolphins agree to immediate swap","https://au.sports.yahoo.com/deadline-deal-storm-dolphins-agree-001307060.html","http://www.bing.com/news/apiclick.aspx?ref=FexRss&aid=&tid=6a52f687fa254e768c40b4d00654f241&url=https%3a%2f%2fau.sports.yahoo.com%2fdeadline-deal-storm-dolphins-agree-001307060.html&c=6109790825893123979&mkt=en-au","","https://au.sports.yahoo.com/deadline-deal-storm-dolphins-agree-001307060.html","false","The Melbourne Storm and Dolphins have agreed to an immediate switch of clubs for Oryn Keeley just 48 hours out from the NRL's in-season player movement deadline. Keeley, a second-rower, had already ..."
"dol","Dolphins","Oryn Keeley","bucket_unknown","2","themercury.com.au","4","contract_language|context_or_team_article","false","The Mercury","Tue, 30 Dec 2025 10:00:00 GMT","team_or_context_candidate_needs_article_review","Dolphins 2026 NRL season scouting report: Best 17, every player’s contract status, rookie watch","https://www.themercury.com.au/sport/nrl/dolphins-2026-nrl-season-scouting-report-best-17-every-players-contract-status-rookie-watch/news-story/09352f8bcba2721a1cb102706be05258","http://www.bing.com/news/apiclick.aspx?ref=FexRss&aid=&tid=6a52f687fa254e768c40b4d00654f241&url=https%3a%2f%2fwww.themercury.com.au%2fsport%2fnrl%2fdolphins-2026-nrl-season-scouting-report-best-17-every-players-contract-status-rookie-watch%2fnews-story%2f09352f8bcba2721a1cb102706be05258&c=6972828687066443141&mkt=en-au","","https://www.themercury.com.au/sport/nrl/dolphins-2026-nrl-season-scouting-report-best-17-every-players-contract-status-rookie-watch/news-story/09352f8bcba2721a1cb102706be05258","false","Kristian Woolf turned the Dolphins into a tremendous attacking force in his first season in charge, but the focus must now be on tightening up the defence to win more games. We cast an eye over their ..."
"dol","Dolphins","Ray Stone","bucket_unknown","1","couriermail.com.au","4","contract_language|context_or_team_article","false","The Courier-Mail","Tue, 30 Dec 2025 10:00:00 GMT","team_or_context_candidate_needs_article_review","Dolphins 2026 NRL season scouting report: Best 17, every player’s contract status, rookie watch","https://www.couriermail.com.au/sport/nrl/dolphins-2026-nrl-season-scouting-report-best-17-every-players-contract-status-rookie-watch/news-story/09352f8bcba2721a1cb102706be05258","http://www.bing.com/news/apiclick.aspx?ref=FexRss&aid=&tid=6a52f68d13fd4d4f8459deb8787b29d4&url=https%3a%2f%2fwww.couriermail.com.au%2fsport%2fnrl%2fdolphins-2026-nrl-season-scouting-report-best-17-every-players-contract-status-rookie-watch%2fnews-story%2f09352f8bcba2721a1cb102706be05258&c=5287302663852698499&mkt=en-au","","https://www.couriermail.com.au/sport/nrl/dolphins-2026-nrl-season-scouting-report-best-17-every-players-contract-status-rookie-watch/news-story/09352f8bcba2721a1cb102706be05258","false","Kristian Woolf turned the Dolphins into a tremendous attacking force in his first season in charge, but the focus must now be on tightening up the defence to win more games. We cast an eye over their ..."
"dol","Dolphins","Sebastian Su’a","bucket_unknown","","","","","","","","no_candidate_found","","","","","","",""
"dol","Dolphins","Tevita Naufahu","bucket_unknown","","","","","","","","no_candidate_found","","","","","","",""
"dol","Dolphins","Trai Fuller","bucket_unknown","1","ntnews.com.au","30","money|contract_language|exact_player_name","true","Northern Territory News","Fri, 24 Apr 2026 09:01:00 GMT","player_focused_candidate_needs_article_review","Dolphins star Trai Fuller rejects $1.7m English Super League contract to stay in NRL","https://www.ntnews.com.au/sport/nrl/dolphins-star-trai-fuller-rejects-17m-english-super-league-contract-to-stay-in-nrl/news-story/143eac95d2568c2af0408df6ddc1aa07","http://www.bing.com/news/apiclick.aspx?ref=FexRss&aid=&tid=6a52f6a049f84ec7b46616959e446944&url=https%3a%2f%2fwww.ntnews.com.au%2fsport%2fnrl%2fdolphins-star-trai-fuller-rejects-17m-english-super-league-contract-to-stay-in-nrl%2fnews-story%2f143eac95d2568c2af0408df6ddc1aa07&c=1483486601937325755&mkt=en-au","","https://www.ntnews.com.au/sport/nrl/dolphins-star-trai-fuller-rejects-17m-english-super-league-contract-to-stay-in-nrl/news-story/143eac95d2568c2af0408df6ddc1aa07","false","This masthead can reveal Fuller’s remarkable salary sacrifice on the eve of the Dolphins’ crucial round 8 clash against the Warriors in Wellington on Saturday. The 29-year-old remains off-contract at ..."
"dol","Dolphins","Trai Fuller","bucket_unknown","2","themercury.com.au","30","money|contract_language|exact_player_name","true","The Mercury","Fri, 24 Apr 2026 09:01:00 GMT","player_focused_candidate_needs_article_review","Dolphins star Trai Fuller rejects $1.7m English Super League contract to stay in NRL","https://www.themercury.com.au/sport/nrl/dolphins-star-trai-fuller-rejects-17m-english-super-league-contract-to-stay-in-nrl/news-story/143eac95d2568c2af0408df6ddc1aa07","http://www.bing.com/news/apiclick.aspx?ref=FexRss&aid=&tid=6a52f6a049f84ec7b46616959e446944&url=https%3a%2f%2fwww.themercury.com.au%2fsport%2fnrl%2fdolphins-star-trai-fuller-rejects-17m-english-super-league-contract-to-stay-in-nrl%2fnews-story%2f143eac95d2568c2af0408df6ddc1aa07&c=5049553673687102672&mkt=en-au","","https://www.themercury.com.au/sport/nrl/dolphins-star-trai-fuller-rejects-17m-english-super-league-contract-to-stay-in-nrl/news-story/143eac95d2568c2af0408df6ddc1aa07","false","Dolphins star Trai Fuller has turned down an extraordinary $1.2 million in the English Super League, in a bid to stay in the NRL and secure his future with Redcliffe. This masthead can reveal Fuller’s ..."
"dol","Dolphins","Trai Fuller","bucket_unknown","3","dailytelegraph.com.au","10","money|contract_language|context_or_team_article","false","The Daily Telegraph","Tue, 23 Jun 2026 12:00:00 GMT","team_or_context_candidate_needs_article_review","NRL to grant Perth Bears $500k salary cap concessions in landmark third-party arrangement","https://www.dailytelegraph.com.au/sport/nrl/nrl-to-grant-perth-bears-500k-salary-cap-concessions-in-landmark-thirdparty-arrangement/news-story/0c5c097536d723f0d0cb46c86fd051ff","http://www.bing.com/news/apiclick.aspx?ref=FexRss&aid=&tid=6a52f6a03a844caf9ae453c0215c1baa&url=https%3a%2f%2fwww.dailytelegraph.com.au%2fsport%2fnrl%2fnrl-to-grant-perth-bears-500k-salary-cap-concessions-in-landmark-thirdparty-arrangement%2fnews-story%2f0c5c097536d723f0d0cb46c86fd051ff&c=13072428604770190172&mkt=en-au","","https://www.dailytelegraph.com.au/sport/nrl/nrl-to-grant-perth-bears-500k-salary-cap-concessions-in-landmark-thirdparty-arrangement/news-story/0c5c097536d723f0d0cb46c86fd051ff","false","In a historic development for the NRL’s 18th club, this masthead has been told Perth will receive a special marquee player privilege where existing club sponsors can top-up a player’s contract by 20 ..."
"dol","Dolphins","Trai Fuller","bucket_unknown","4","smh.com.au","7","contract_language|context_or_team_article","false","Sydney Morning Herald","Mon, 11 May 2020 17:00:00 GMT","team_or_context_candidate_needs_article_review","Nine, NRL on brink of deal to seal $1.9 billion broadcast bonanza","https://www.smh.com.au/sport/nrl/nine-nrl-on-brink-of-deal-to-seal-1-9-billion-broadcast-bonanza-20200512-p54scv.html","http://www.bing.com/news/apiclick.aspx?ref=FexRss&aid=&tid=6a52f6a1f01d458094691dcba694d6ba&url=https%3a%2f%2fwww.smh.com.au%2fsport%2fnrl%2fnine-nrl-on-brink-of-deal-to-seal-1-9-billion-broadcast-bonanza-20200512-p54scv.html&c=10283903415388544094&mkt=en-au","","https://www.smh.com.au/sport/nrl/nine-nrl-on-brink-of-deal-to-seal-1-9-billion-broadcast-bonanza-20200512-p54scv.html","false","You have reached your maximum number of saved items. Remove items from your saved list to add more. Nine Entertainment Co is close to agreeing to a revised three-year deal with the NRL as the code ..."
"dol","Dolphins","Trai Fuller","bucket_unknown","5","au.sports.yahoo.com","4","contract_language|context_or_team_article","false","Yahoo Sport Australia","Fri, 08 May 2026 14:50:00 GMT","team_or_context_candidate_needs_article_review","The SEVEN current best value for money contracts in the NRL","https://au.sports.yahoo.com/seven-current-best-value-money-214941645.html","http://www.bing.com/news/apiclick.aspx?ref=FexRss&aid=&tid=6a52f6a42472462583c687f30095917f&url=https%3a%2f%2fau.sports.yahoo.com%2fseven-current-best-value-money-214941645.html&c=14537114608194793438&mkt=en-au","","https://au.sports.yahoo.com/seven-current-best-value-money-214941645.html","false","The beauty of the salary cap is that it is supposed to level the playing field for all NRL teams. There is enough space for stars, but not multiple, meaning rosters need to be carefully crafted so ..."
"dol","Dolphins","Trai Fuller","bucket_unknown","6","msn.com","3","contract_language|term_language|context_or_team_article","false","ABC (Australian Broadcasting Corporation) on MSN","Mon, 06 Jul 2026 19:33:00 GMT","context_only_untrusted_domain","NRL announces new broadcast rights deal worth estimated $5.3 billion starting after 2027 season","https://www.msn.com/en-au/sport/other/nrl-announces-new-broadcast-rights-deal-worth-estimated-53-billion-starting-after-2027-season/ar-AA27mdrq","http://www.bing.com/news/apiclick.aspx?ref=FexRss&aid=&tid=6a52f6a1f01d458094691dcba694d6ba&url=https%3a%2f%2fwww.msn.com%2fen-au%2fsport%2fother%2fnrl-announces-new-broadcast-rights-deal-worth-estimated-53-billion-starting-after-2027-season%2far-AA27mdrq&c=11864406176290848080&mkt=en-au","","https://www.msn.com/en-au/sport/other/nrl-announces-new-broadcast-rights-deal-worth-estimated-53-billion-starting-after-2027-season/ar-AA27mdrq","false","As the NRL reveals its new broadcast rights deal worth billions of dollars over seven years in 2028 through 2034, executives try to hose down concerns about rising subscription prices."
"dol","Dolphins","Trai Fuller","bucket_unknown","7","msn.com","3","money|contract_language|context_or_team_article","false","The Sydney Morning Herald on MSN","Tue, 30 Jun 2026 21:37:58 GMT","context_only_untrusted_domain","New broadcast deal could push NRL salary cap up to $20m by 2028","https://www.msn.com/en-au/news/australia/new-broadcast-deal-could-push-nrl-salary-cap-up-to-20m-by-2028/ar-AA26H5IM","http://www.bing.com/news/apiclick.aspx?ref=FexRss&aid=&tid=6a52f6a1f01d458094691dcba694d6ba&url=https%3a%2f%2fwww.msn.com%2fen-au%2fnews%2faustralia%2fnew-broadcast-deal-could-push-nrl-salary-cap-up-to-20m-by-2028%2far-AA26H5IM&c=15095945392879639673&mkt=en-au","","https://www.msn.com/en-au/news/australia/new-broadcast-deal-could-push-nrl-salary-cap-up-to-20m-by-2028/ar-AA26H5IM","false","A rich new broadcast deal means more money coming into the game. The biggest winners will be the star players, who could soon demand up to $2 million per season."
"dol","Dolphins","Trai Fuller","bucket_unknown","8","theroar.com.au","0","contract_language|context_or_team_article","false","theroar.com.au","Sun, 19 Dec 2021 16:00:00 GMT","context_only_untrusted_domain","REVEALED: How much the NRL's new Nine deal is worth","https://www.theroar.com.au/2021/12/21/revealed-how-much-the-nrls-new-nine-deal-is-worth/","http://www.bing.com/news/apiclick.aspx?ref=FexRss&aid=&tid=6a52f6a1f01d458094691dcba694d6ba&url=https%3a%2f%2fwww.theroar.com.au%2f2021%2f12%2f21%2frevealed-how-much-the-nrls-new-nine-deal-is-worth%2f&c=5841377131241370127&mkt=en-au","","https://www.theroar.com.au/2021/12/21/revealed-how-much-the-nrls-new-nine-deal-is-worth/","false","Anyone can contribute to The Roar and have their work featured alongside some of Australia’s most prominent sports journalists. NRL chief executive Andrew Abdo insists the league has been vindicated ..."
"dol","Dolphins","Trai Fuller","bucket_unknown","9","bandt.com.au","0","contract_language|context_or_team_article","false","B and T","Wed, 27 May 2026 05:59:00 GMT","context_only_untrusted_domain","‘No Brainer’: Nine Reportedly Makes A Play For The Exclusive NRL Rights","https://www.bandt.com.au/no-brainer-nine-reportedly-makes-a-play-for-the-exclusive-nrl-rights/","http://www.bing.com/news/apiclick.aspx?ref=FexRss&aid=&tid=6a52f6a1f01d458094691dcba694d6ba&url=https%3a%2f%2fwww.bandt.com.au%2fno-brainer-nine-reportedly-makes-a-play-for-the-exclusive-nrl-rights%2f&c=792592964173730847&mkt=en-au","","https://www.bandt.com.au/no-brainer-nine-reportedly-makes-a-play-for-the-exclusive-nrl-rights/","false","Nine has reportedly pitched to buy all of the NRL broadcast rights in a bid to up its current free-to-air deal, according to the Australian Financial Review. As it currently stands Nine broadcasts ..."
"dol","Dolphins","Trai Fuller","bucket_unknown","10","afr.com","0","contract_language|context_or_team_article","false","The Australian Financial Review","Tue, 26 May 2026 13:00:00 GMT","context_only_untrusted_domain","Nine CEO pitches V’landys on exclusive NRL deal","https://www.afr.com/companies/media-and-marketing/nine-ceo-pitches-v-landys-on-exclusive-nrl-deal-cutting-out-foxtel-20260526-p600tw","http://www.bing.com/news/apiclick.aspx?ref=FexRss&aid=&tid=6a52f6a1f01d458094691dcba694d6ba&url=https%3a%2f%2fwww.afr.com%2fcompanies%2fmedia-and-marketing%2fnine-ceo-pitches-v-landys-on-exclusive-nrl-deal-cutting-out-foxtel-20260526-p600tw&c=14420439829069484302&mkt=en-au","","https://www.afr.com/companies/media-and-marketing/nine-ceo-pitches-v-landys-on-exclusive-nrl-deal-cutting-out-foxtel-20260526-p600tw","false","Australian media giant Nine Entertainment is pitching to buy all the NRL broadcast rights, in a high-stakes bid to bolster its streaming platform Stan and carve Foxtel out of the sport for the first ..."
"gld","Gold Coast Titans","Keano Kini","backup_baseline","1","titans.com.au","1","context_or_team_article","false","Gold Coast Titans","Thu, 25 Jun 2026 00:59:00 GMT","team_or_context_candidate_needs_article_review","Locked in: Former Bulldog to help Titans keep home hot streak alive","https://www.titans.com.au/news/2026/06/25/locked-in-former-bulldog-to-help-titans-keep-home-hot-streak-alive/","http://www.bing.com/news/apiclick.aspx?ref=FexRss&aid=&tid=6a52f6ab2a774d3abdca8bced41093e9&url=https%3a%2f%2fwww.titans.com.au%2fnews%2f2026%2f06%2f25%2flocked-in-former-bulldog-to-help-titans-keep-home-hot-streak-alive%2f&c=10439475423099203455&mkt=en-au","","https://www.titans.com.au/news/2026/06/25/locked-in-former-bulldog-to-help-titans-keep-home-hot-streak-alive/","false","The Titans will be unchanged for their clash against the Bulldogs at a venue that's been a happy hunting ground for Gold Coast."
"gld","Gold Coast Titans","Jaylan De Groot","backup_baseline","1","titans.com.au","1","context_or_team_article","false","Gold Coast Titans","Thu, 25 Jun 2026 00:59:00 GMT","team_or_context_candidate_needs_article_review","Locked in: Former Bulldog to help Titans keep home hot streak alive","https://www.titans.com.au/news/2026/06/25/locked-in-former-bulldog-to-help-titans-keep-home-hot-streak-alive/","http://www.bing.com/news/apiclick.aspx?ref=FexRss&aid=&tid=6a52f6b1e4324cfba213ff41c1d3e64a&url=https%3a%2f%2fwww.titans.com.au%2fnews%2f2026%2f06%2f25%2flocked-in-former-bulldog-to-help-titans-keep-home-hot-streak-alive%2f&c=10439475423099203455&mkt=en-au","","https://www.titans.com.au/news/2026/06/25/locked-in-former-bulldog-to-help-titans-keep-home-hot-streak-alive/","false","The Titans will be unchanged for their clash against the Bulldogs at a venue that's been a happy hunting ground for Gold Coast."
"gld","Gold Coast Titans","Jojo Fifita","backup_baseline","1","titans.com.au","1","context_or_team_article","false","Gold Coast Titans","Sun, 05 Jul 2026 17:50:00 GMT","team_or_context_candidate_needs_article_review","Taste of maroon gives Titans added energy for Storm showdown","https://www.titans.com.au/news/2026/07/06/taste-of-maroon-gives-titans-added-energy-for-storm-showdown/","http://www.bing.com/news/apiclick.aspx?ref=FexRss&aid=&tid=6a52f6b7cd5a47baaa2ce869ee35e9e9&url=https%3a%2f%2fwww.titans.com.au%2fnews%2f2026%2f07%2f06%2ftaste-of-maroon-gives-titans-added-energy-for-storm-showdown%2f&c=9634136369973032800&mkt=en-au","","https://www.titans.com.au/news/2026/07/06/taste-of-maroon-gives-titans-added-energy-for-storm-showdown/","false","Josh Hannay is expecting his young squad to begin their Storm preparations with a pep in their step after last Thursday's Origin hit-out."
"gld","Gold Coast Titans","Jojo Fifita","backup_baseline","2","titans.com.au","1","context_or_team_article","false","Gold Coast Titans","Thu, 25 Jun 2026 00:59:00 GMT","team_or_context_candidate_needs_article_review","Locked in: Former Bulldog to help Titans keep home hot streak alive","https://www.titans.com.au/news/2026/06/25/locked-in-former-bulldog-to-help-titans-keep-home-hot-streak-alive/","http://www.bing.com/news/apiclick.aspx?ref=FexRss&aid=&tid=6a52f6b7cd5a47baaa2ce869ee35e9e9&url=https%3a%2f%2fwww.titans.com.au%2fnews%2f2026%2f06%2f25%2flocked-in-former-bulldog-to-help-titans-keep-home-hot-streak-alive%2f&c=10439475423099203455&mkt=en-au","","https://www.titans.com.au/news/2026/06/25/locked-in-former-bulldog-to-help-titans-keep-home-hot-streak-alive/","false","The Titans will be unchanged for their clash against the Bulldogs at a venue that's been a happy hunting ground for Gold Coast."
"gld","Gold Coast Titans","Phillip Sami","backup_baseline","1","titans.com.au","1","context_or_team_article","false","Gold Coast Titans","Thu, 25 Jun 2026 00:59:00 GMT","team_or_context_candidate_needs_article_review","Locked in: Former Bulldog to help Titans keep home hot streak alive","https://www.titans.com.au/news/2026/06/25/locked-in-former-bulldog-to-help-titans-keep-home-hot-streak-alive/","http://www.bing.com/news/apiclick.aspx?ref=FexRss&aid=&tid=6a52f6bdd690473596f05c72b15a481f&url=https%3a%2f%2fwww.titans.com.au%2fnews%2f2026%2f06%2f25%2flocked-in-former-bulldog-to-help-titans-keep-home-hot-streak-alive%2f&c=10439475423099203455&mkt=en-au","","https://www.titans.com.au/news/2026/06/25/locked-in-former-bulldog-to-help-titans-keep-home-hot-streak-alive/","false","The Titans will be unchanged for their clash against the Bulldogs at a venue that's been a happy hunting ground for Gold Coast."
"gld","Gold Coast Titans","Max Feagai","backup_baseline","","","","","","","","no_candidate_found","","","","","","",""
"gld","Gold Coast Titans","AJ Brimson","backup_baseline","1","au.sports.yahoo.com","24","exact_player_name","true","Yahoo Sport Australia","Wed, 20 May 2026 17:00:00 GMT","player_focused_candidate_needs_article_review","FIVE potential landing spots for AJ Brimson","https://au.sports.yahoo.com/five-potential-landing-spots-aj-205756332.html","http://www.bing.com/news/apiclick.aspx?ref=FexRss&aid=&tid=6a52f6c4fb10429f8bc78613a0721ab9&url=https%3a%2f%2fau.sports.yahoo.com%2ffive-potential-landing-spots-aj-205756332.html&c=9411633984633709597&mkt=en-au","","https://au.sports.yahoo.com/five-potential-landing-spots-aj-205756332.html","false","Contracts have never meant less when it comes to rugby league. Despite recently re-signing with the Gold Coast Titans, fullback turn five-eighth turn centre AJ Brimson is being linked with a move away ..."
"gld","Gold Coast Titans","AJ Brimson","backup_baseline","2","titans.com.au","1","context_or_team_article","false","Gold Coast Titans","Thu, 25 Jun 2026 00:59:00 GMT","team_or_context_candidate_needs_article_review","Locked in: Former Bulldog to help Titans keep home hot streak alive","https://www.titans.com.au/news/2026/06/25/locked-in-former-bulldog-to-help-titans-keep-home-hot-streak-alive/","http://www.bing.com/news/apiclick.aspx?ref=FexRss&aid=&tid=6a52f6c9be0f40eeb7069897fe4d13eb&url=https%3a%2f%2fwww.titans.com.au%2fnews%2f2026%2f06%2f25%2flocked-in-former-bulldog-to-help-titans-keep-home-hot-streak-alive%2f&c=10439475423099203455&mkt=en-au","","https://www.titans.com.au/news/2026/06/25/locked-in-former-bulldog-to-help-titans-keep-home-hot-streak-alive/","false","The Titans will be unchanged for their clash against the Bulldogs at a venue that's been a happy hunting ground for Gold Coast."
"gld","Gold Coast Titans","Jayden Campbell","backup_baseline","1","titans.com.au","1","context_or_team_article","false","Gold Coast Titans","Sun, 05 Jul 2026 17:50:00 GMT","team_or_context_candidate_needs_article_review","Taste of maroon gives Titans added energy for Storm showdown","https://www.titans.com.au/news/2026/07/06/taste-of-maroon-gives-titans-added-energy-for-storm-showdown/","http://www.bing.com/news/apiclick.aspx?ref=FexRss&aid=&tid=6a52f6cf472943268530ee8a2fa39bfa&url=https%3a%2f%2fwww.titans.com.au%2fnews%2f2026%2f07%2f06%2ftaste-of-maroon-gives-titans-added-energy-for-storm-showdown%2f&c=9634136369973032800&mkt=en-au","","https://www.titans.com.au/news/2026/07/06/taste-of-maroon-gives-titans-added-energy-for-storm-showdown/","false","Josh Hannay is expecting his young squad to begin their Storm preparations with a pep in their step after last Thursday's Origin hit-out."
"gld","Gold Coast Titans","Jayden Campbell","backup_baseline","2","titans.com.au","1","context_or_team_article","false","Gold Coast Titans","Thu, 25 Jun 2026 00:59:00 GMT","team_or_context_candidate_needs_article_review","Locked in: Former Bulldog to help Titans keep home hot streak alive","https://www.titans.com.au/news/2026/06/25/locked-in-former-bulldog-to-help-titans-keep-home-hot-streak-alive/","http://www.bing.com/news/apiclick.aspx?ref=FexRss&aid=&tid=6a52f6cf472943268530ee8a2fa39bfa&url=https%3a%2f%2fwww.titans.com.au%2fnews%2f2026%2f06%2f25%2flocked-in-former-bulldog-to-help-titans-keep-home-hot-streak-alive%2f&c=10439475423099203455&mkt=en-au","","https://www.titans.com.au/news/2026/06/25/locked-in-former-bulldog-to-help-titans-keep-home-hot-streak-alive/","false","The Titans will be unchanged for their clash against the Bulldogs at a venue that's been a happy hunting ground for Gold Coast."
"gld","Gold Coast Titans","Moeaki Fotuaika","backup_baseline","1","cairnspost.com.au","24","exact_player_name","true","The Cairns Post","Tue, 27 Aug 2019 09:51:00 GMT","player_focused_candidate_needs_article_review","Titans secure boom young forward Moeaki Fotuaika as they ramp up future plans for club","https://www.cairnspost.com.au/sport/titans-secure-boom-young-forward-moeaki-fotuaika-as-they-ramp-up-future-plans-for-club/news-story/470e922201f3346cef661cfa65f11f1f","http://www.bing.com/news/apiclick.aspx?ref=FexRss&aid=&tid=6a52f6d054a345efadeda1412f0f3ae4&url=https%3a%2f%2fwww.cairnspost.com.au%2fsport%2ftitans-secure-boom-young-forward-moeaki-fotuaika-as-they-ramp-up-future-plans-for-club%2fnews-story%2f470e922201f3346cef661cfa65f11f1f&c=10755525062019665613&mkt=en-au","","https://www.cairnspost.com.au/sport/titans-secure-boom-young-forward-moeaki-fotuaika-as-they-ramp-up-future-plans-for-club/news-story/470e922201f3346cef661cfa65f11f1f","false","The 19-year-old has averaged 129 running metres this season, with 21 tackle busts and 13 offloads during his time at the struggling Gold Coast this year. The Keebra Park product has gone from a “train ..."
"gld","Gold Coast Titans","Moeaki Fotuaika","backup_baseline","2","titans.com.au","1","context_or_team_article","false","Gold Coast Titans","Thu, 25 Jun 2026 00:59:00 GMT","team_or_context_candidate_needs_article_review","Locked in: Former Bulldog to help Titans keep home hot streak alive","https://www.titans.com.au/news/2026/06/25/locked-in-former-bulldog-to-help-titans-keep-home-hot-streak-alive/","http://www.bing.com/news/apiclick.aspx?ref=FexRss&aid=&tid=6a52f6d52a6547ab81991850a69dccfe&url=https%3a%2f%2fwww.titans.com.au%2fnews%2f2026%2f06%2f25%2flocked-in-former-bulldog-to-help-titans-keep-home-hot-streak-alive%2f&c=10439475423099203455&mkt=en-au","","https://www.titans.com.au/news/2026/06/25/locked-in-former-bulldog-to-help-titans-keep-home-hot-streak-alive/","false","The Titans will be unchanged for their clash against the Bulldogs at a venue that's been a happy hunting ground for Gold Coast."
"gld","Gold Coast Titans","Sam Verrills","backup_baseline","1","theaustralian.com.au","7","money|contract_language|context_or_team_article","false","The Australian","Tue, 23 Jun 2026 12:10:00 GMT","team_or_context_candidate_needs_article_review","NRL to grant Perth Bears $500k salary cap concessions in landmark third-party arrangement","https://www.theaustralian.com.au/sport/nrl/nrl-to-grant-perth-bears-500k-salary-cap-concessions-in-landmark-thirdparty-arrangement/news-story/0c5c097536d723f0d0cb46c86fd051ff","http://www.bing.com/news/apiclick.aspx?ref=FexRss&aid=&tid=6a52f6d6467f4aedbac51ba9fd9ae0e6&url=https%3a%2f%2fwww.theaustralian.com.au%2fsport%2fnrl%2fnrl-to-grant-perth-bears-500k-salary-cap-concessions-in-landmark-thirdparty-arrangement%2fnews-story%2f0c5c097536d723f0d0cb46c86fd051ff&c=12198983378905941191&mkt=en-au","","https://www.theaustralian.com.au/sport/nrl/nrl-to-grant-perth-bears-500k-salary-cap-concessions-in-landmark-thirdparty-arrangement/news-story/0c5c097536d723f0d0cb46c86fd051ff","false","In a historic development for the NRL’s 18th club, this masthead has been told Perth will receive a special marquee player privilege where existing club sponsors can top-up a player’s contract by 20 ..."
"gld","Gold Coast Titans","Sam Verrills","backup_baseline","2","au.sports.yahoo.com","4","contract_language|context_or_team_article","false","Yahoo Sport Australia","Wed, 06 May 2026 17:01:00 GMT","team_or_context_candidate_needs_article_review","Sign or send: Verdicts on five off-contract NRL names","https://au.sports.yahoo.com/sign-send-verdicts-five-off-004228342.html","http://www.bing.com/news/apiclick.aspx?ref=FexRss&aid=&tid=6a52f6dab75b415bba51bfe2943b9f5c&url=https%3a%2f%2fau.sports.yahoo.com%2fsign-send-verdicts-five-off-004228342.html&c=7920802533308311806&mkt=en-au","","https://au.sports.yahoo.com/sign-send-verdicts-five-off-004228342.html","false","""Send. Perth should be his landing spot, realistically. Liam Ison hasn't been signed to play reserve grade forever. There's a very clear reason why William Kennedy was only given a one-year, cut-price ..."
"gld","Gold Coast Titans","Sam Verrills","backup_baseline","3","titans.com.au","1","context_or_team_article","false","Gold Coast Titans","Thu, 25 Jun 2026 00:59:00 GMT","team_or_context_candidate_needs_article_review","Locked in: Former Bulldog to help Titans keep home hot streak alive","https://www.titans.com.au/news/2026/06/25/locked-in-former-bulldog-to-help-titans-keep-home-hot-streak-alive/","http://www.bing.com/news/apiclick.aspx?ref=FexRss&aid=&tid=6a52f6db0a56436493a80d649b5c5140&url=https%3a%2f%2fwww.titans.com.au%2fnews%2f2026%2f06%2f25%2flocked-in-former-bulldog-to-help-titans-keep-home-hot-streak-alive%2f&c=10439475423099203455&mkt=en-au","","https://www.titans.com.au/news/2026/06/25/locked-in-former-bulldog-to-help-titans-keep-home-hot-streak-alive/","false","The Titans will be unchanged for their clash against the Bulldogs at a venue that's been a happy hunting ground for Gold Coast."
"gld","Gold Coast Titans","Tino Fa’asuamaleaui","backup_baseline","1","titans.com.au","1","context_or_team_article","false","Gold Coast Titans","Thu, 25 Jun 2026 00:59:00 GMT","team_or_context_candidate_needs_article_review","Locked in: Former Bulldog to help Titans keep home hot streak alive","https://www.titans.com.au/news/2026/06/25/locked-in-former-bulldog-to-help-titans-keep-home-hot-streak-alive/","http://www.bing.com/news/apiclick.aspx?ref=FexRss&aid=&tid=6a52f6e1476041248c9811b0f25d3ab4&url=https%3a%2f%2fwww.titans.com.au%2fnews%2f2026%2f06%2f25%2flocked-in-former-bulldog-to-help-titans-keep-home-hot-streak-alive%2f&c=10439475423099203455&mkt=en-au","","https://www.titans.com.au/news/2026/06/25/locked-in-former-bulldog-to-help-titans-keep-home-hot-streak-alive/","false","The Titans will be unchanged for their clash against the Bulldogs at a venue that's been a happy hunting ground for Gold Coast."
"gld","Gold Coast Titans","Klese Haas","backup_baseline","1","au.sports.yahoo.com","30","contract_language|term_language|exact_player_name","true","Yahoo Sports Australia","Wed, 24 Jun 2026 01:15:00 GMT","player_focused_candidate_needs_article_review","Gold Coast Titans forward Klese Haas confirms NRL future","https://au.sports.yahoo.com/gold-coast-titans-forward-klese-081529774.html","http://www.bing.com/news/apiclick.aspx?ref=FexRss&aid=&tid=6a52f6e274824df4bee49f8f12531442&url=https%3a%2f%2fau.sports.yahoo.com%2fgold-coast-titans-forward-klese-081529774.html&c=4743520410705354090&mkt=en-au","","https://au.sports.yahoo.com/gold-coast-titans-forward-klese-081529774.html","false","The Gold Coast Titans have confirmed prop Klese Haas is going nowhere, signing a contract extension with the club through to the end of 2029. Already locked up for 2027, the brother of Payne Haas has ..."
"gld","Gold Coast Titans","Klese Haas","backup_baseline","2","titans.com.au","1","context_or_team_article","false","Gold Coast Titans","Mon, 06 Jul 2026 03:50:00 GMT","team_or_context_candidate_needs_article_review","Taste of maroon gives Titans added energy for Storm showdown","https://www.titans.com.au/news/2026/07/06/taste-of-maroon-gives-titans-added-energy-for-storm-showdown/","http://www.bing.com/news/apiclick.aspx?ref=FexRss&aid=&tid=6a52f6e733ed4bc4a8456fcf041f25ae&url=https%3a%2f%2fwww.titans.com.au%2fnews%2f2026%2f07%2f06%2ftaste-of-maroon-gives-titans-added-energy-for-storm-showdown%2f&c=9634136369973032800&mkt=en-au","","https://www.titans.com.au/news/2026/07/06/taste-of-maroon-gives-titans-added-energy-for-storm-showdown/","false","Josh Hannay is expecting his young squad to begin their Storm preparations with a pep in their step after last Thursday's Origin hit-out."
"gld","Gold Coast Titans","Klese Haas","backup_baseline","3","titans.com.au","1","context_or_team_article","false","Gold Coast Titans","Thu, 25 Jun 2026 10:59:00 GMT","team_or_context_candidate_needs_article_review","Locked in: Former Bulldog to help Titans keep home hot streak alive","https://www.titans.com.au/news/2026/06/25/locked-in-former-bulldog-to-help-titans-keep-home-hot-streak-alive/","http://www.bing.com/news/apiclick.aspx?ref=FexRss&aid=&tid=6a52f6e733ed4bc4a8456fcf041f25ae&url=https%3a%2f%2fwww.titans.com.au%2fnews%2f2026%2f06%2f25%2flocked-in-former-bulldog-to-help-titans-keep-home-hot-streak-alive%2f&c=10439475423099203455&mkt=en-au","","https://www.titans.com.au/news/2026/06/25/locked-in-former-bulldog-to-help-titans-keep-home-hot-streak-alive/","false","The Titans will be unchanged for their clash against the Bulldogs at a venue that's been a happy hunting ground for Gold Coast."
"gld","Gold Coast Titans","Beau Fermor","backup_baseline","1","titans.com.au","1","context_or_team_article","false","Gold Coast Titans","Thu, 25 Jun 2026 10:59:00 GMT","team_or_context_candidate_needs_article_review","Locked in: Former Bulldog to help Titans keep home hot streak alive","https://www.titans.com.au/news/2026/06/25/locked-in-former-bulldog-to-help-titans-keep-home-hot-streak-alive/","http://www.bing.com/news/apiclick.aspx?ref=FexRss&aid=&tid=6a52f6ed6eb743fca62078768b839fb2&url=https%3a%2f%2fwww.titans.com.au%2fnews%2f2026%2f06%2f25%2flocked-in-former-bulldog-to-help-titans-keep-home-hot-streak-alive%2f&c=10439475423099203455&mkt=en-au","","https://www.titans.com.au/news/2026/06/25/locked-in-former-bulldog-to-help-titans-keep-home-hot-streak-alive/","false","The Titans will be unchanged for their clash against the Bulldogs at a venue that's been a happy hunting ground for Gold Coast."
"gld","Gold Coast Titans","Chris Randall","backup_baseline","1","7news.com.au","7","money|contract_language|context_or_team_article","false","7NEWS Australia","Fri, 28 Oct 2022 02:27:00 GMT","team_or_context_candidate_needs_article_review","Ultimate NRL free agency preview: Your club’s out-of-contract stars and where they could end up","https://7news.com.au/sport/rugby-league/ultimate-nrl-free-agency-preview-your-clubs-out-of-contract-stars-and-where-they-could-end-up-c-8677336","http://www.bing.com/news/apiclick.aspx?ref=FexRss&aid=&tid=6a52f6f1095f45c2a60c9c2bcd807c49&url=https%3a%2f%2f7news.com.au%2fsport%2frugby-league%2fultimate-nrl-free-agency-preview-your-clubs-out-of-contract-stars-and-where-they-could-end-up-c-8677336&c=143273184193222445&mkt=en-au","","https://7news.com.au/sport/rugby-league/ultimate-nrl-free-agency-preview-your-clubs-out-of-contract-stars-and-where-they-could-end-up-c-8677336","false","Over $50 million worth of player talent will be free to negotiate with clubs for season 2024 and beyond when the NRL free agency period begins on November 1. Latrell Mitchell, Mit ..."
"gld","Gold Coast Titans","Chris Randall","backup_baseline","2","titans.com.au","1","context_or_team_article","false","Gold Coast Titans","Mon, 06 Jul 2026 03:50:00 GMT","team_or_context_candidate_needs_article_review","Taste of maroon gives Titans added energy for Storm showdown","https://www.titans.com.au/news/2026/07/06/taste-of-maroon-gives-titans-added-energy-for-storm-showdown/","http://www.bing.com/news/apiclick.aspx?ref=FexRss&aid=&tid=6a52f6f33a344d10b9602e7b81ca8b1c&url=https%3a%2f%2fwww.titans.com.au%2fnews%2f2026%2f07%2f06%2ftaste-of-maroon-gives-titans-added-energy-for-storm-showdown%2f&c=9634136369973032800&mkt=en-au","","https://www.titans.com.au/news/2026/07/06/taste-of-maroon-gives-titans-added-energy-for-storm-showdown/","false","Josh Hannay is expecting his young squad to begin their Storm preparations with a pep in their step after last Thursday's Origin hit-out."
"gld","Gold Coast Titans","Chris Randall","backup_baseline","3","titans.com.au","1","context_or_team_article","false","Gold Coast Titans","Thu, 25 Jun 2026 10:59:00 GMT","team_or_context_candidate_needs_article_review","Locked in: Former Bulldog to help Titans keep home hot streak alive","https://www.titans.com.au/news/2026/06/25/locked-in-former-bulldog-to-help-titans-keep-home-hot-streak-alive/","http://www.bing.com/news/apiclick.aspx?ref=FexRss&aid=&tid=6a52f6f33a344d10b9602e7b81ca8b1c&url=https%3a%2f%2fwww.titans.com.au%2fnews%2f2026%2f06%2f25%2flocked-in-former-bulldog-to-help-titans-keep-home-hot-streak-alive%2f&c=10439475423099203455&mkt=en-au","","https://www.titans.com.au/news/2026/06/25/locked-in-former-bulldog-to-help-titans-keep-home-hot-streak-alive/","false","The Titans will be unchanged for their clash against the Bulldogs at a venue that's been a happy hunting ground for Gold Coast."
"gld","Gold Coast Titans","Luke Sommerton","backup_baseline","","","","","","","","no_candidate_found","","","","","","",""
"gld","Gold Coast Titans","Jaimin Joliffe","backup_baseline","1","dailytelegraph.com.au","10","money|contract_language|context_or_team_article","false","The Daily Telegraph","Tue, 23 Jun 2026 12:12:00 GMT","team_or_context_candidate_needs_article_review","NRL to grant Perth Bears $500k salary cap concessions in landmark third-party arrangement","https://www.dailytelegraph.com.au/sport/nrl/nrl-to-grant-perth-bears-500k-salary-cap-concessions-in-landmark-thirdparty-arrangement/news-story/0c5c097536d723f0d0cb46c86fd051ff","http://www.bing.com/news/apiclick.aspx?ref=FexRss&aid=&tid=6a52f6fae45f4ea8b9dd69835e1efb28&url=https%3a%2f%2fwww.dailytelegraph.com.au%2fsport%2fnrl%2fnrl-to-grant-perth-bears-500k-salary-cap-concessions-in-landmark-thirdparty-arrangement%2fnews-story%2f0c5c097536d723f0d0cb46c86fd051ff&c=13072428604770190172&mkt=en-au","","https://www.dailytelegraph.com.au/sport/nrl/nrl-to-grant-perth-bears-500k-salary-cap-concessions-in-landmark-thirdparty-arrangement/news-story/0c5c097536d723f0d0cb46c86fd051ff","false","In a historic development for the NRL’s 18th club, this masthead has been told Perth will receive a special marquee player privilege where existing club sponsors can top-up a player’s contract by 20 ..."
"gld","Gold Coast Titans","Jaimin Joliffe","backup_baseline","2","smh.com.au","7","contract_language|context_or_team_article","false","Sydney Morning Herald","Mon, 11 May 2020 17:00:00 GMT","team_or_context_candidate_needs_article_review","Nine, NRL on brink of deal to seal $1.9 billion broadcast bonanza","https://www.smh.com.au/sport/nrl/nine-nrl-on-brink-of-deal-to-seal-1-9-billion-broadcast-bonanza-20200512-p54scv.html","http://www.bing.com/news/apiclick.aspx?ref=FexRss&aid=&tid=6a52f6fb27564e199d51ff67e4f42075&url=https%3a%2f%2fwww.smh.com.au%2fsport%2fnrl%2fnine-nrl-on-brink-of-deal-to-seal-1-9-billion-broadcast-bonanza-20200512-p54scv.html&c=10283903415388544094&mkt=en-au","","https://www.smh.com.au/sport/nrl/nine-nrl-on-brink-of-deal-to-seal-1-9-billion-broadcast-bonanza-20200512-p54scv.html","false","You have reached your maximum number of saved items. Remove items from your saved list to add more. Nine Entertainment Co is close to agreeing to a revised three-year deal with the NRL as the code ..."
"gld","Gold Coast Titans","Jaimin Joliffe","backup_baseline","3","au.sports.yahoo.com","7","money|contract_language|context_or_team_article","false","Yahoo Sport Australia","Tue, 23 Jun 2026 17:00:00 GMT","team_or_context_candidate_needs_article_review","Perth Bears receive salary cap boost from NRL","https://au.sports.yahoo.com/perth-bears-receive-salary-cap-025110246.html","http://www.bing.com/news/apiclick.aspx?ref=FexRss&aid=&tid=6a52f6fdb8e945db9be1ad39883cb403&url=https%3a%2f%2fau.sports.yahoo.com%2fperth-bears-receive-salary-cap-025110246.html&c=545008729362569136&mkt=en-au","","https://au.sports.yahoo.com/perth-bears-receive-salary-cap-025110246.html","false","The NRL has granted the Perth Bears up to $500,000 worth of salary cap concessions to compete in the fight against PNG Chiefs. The latest NRL expansion club with receive compensation from the NRL to ..."
"gld","Gold Coast Titans","Kurtis Morrin","backup_baseline","1","titans.com.au","1","context_or_team_article","false","Gold Coast Titans","Thu, 25 Jun 2026 00:59:00 GMT","team_or_context_candidate_needs_article_review","Locked in: Former Bulldog to help Titans keep home hot streak alive","https://www.titans.com.au/news/2026/06/25/locked-in-former-bulldog-to-help-titans-keep-home-hot-streak-alive/","http://www.bing.com/news/apiclick.aspx?ref=FexRss&aid=&tid=6a52f7062d12427e85e537646e7a37b1&url=https%3a%2f%2fwww.titans.com.au%2fnews%2f2026%2f06%2f25%2flocked-in-former-bulldog-to-help-titans-keep-home-hot-streak-alive%2f&c=10439475423099203455&mkt=en-au","","https://www.titans.com.au/news/2026/06/25/locked-in-former-bulldog-to-help-titans-keep-home-hot-streak-alive/","false","The Titans will be unchanged for their clash against the Bulldogs at a venue that's been a happy hunting ground for Gold Coast."
"gld","Gold Coast Titans","Cooper Bai","backup_baseline","1","titans.com.au","1","context_or_team_article","false","Gold Coast Titans","Sun, 05 Jul 2026 17:50:00 GMT","team_or_context_candidate_needs_article_review","Taste of maroon gives Titans added energy for Storm showdown","https://www.titans.com.au/news/2026/07/06/taste-of-maroon-gives-titans-added-energy-for-storm-showdown/","http://www.bing.com/news/apiclick.aspx?ref=FexRss&aid=&tid=6a52f70c399240fa9180e327110f78cd&url=https%3a%2f%2fwww.titans.com.au%2fnews%2f2026%2f07%2f06%2ftaste-of-maroon-gives-titans-added-energy-for-storm-showdown%2f&c=9634136369973032800&mkt=en-au","","https://www.titans.com.au/news/2026/07/06/taste-of-maroon-gives-titans-added-energy-for-storm-showdown/","false","Josh Hannay is expecting his young squad to begin their Storm preparations with a pep in their step after last Thursday's Origin hit-out."
"gld","Gold Coast Titans","Adam Christensen","bucket_unknown","1","titans.com.au","1","context_or_team_article","false","Gold Coast Titans","Thu, 25 Jun 2026 00:59:00 GMT","team_or_context_candidate_needs_article_review","Locked in: Former Bulldog to help Titans keep home hot streak alive","https://www.titans.com.au/news/2026/06/25/locked-in-former-bulldog-to-help-titans-keep-home-hot-streak-alive/","http://www.bing.com/news/apiclick.aspx?ref=FexRss&aid=&tid=6a52f7130e9246f7853698b21f119466&url=https%3a%2f%2fwww.titans.com.au%2fnews%2f2026%2f06%2f25%2flocked-in-former-bulldog-to-help-titans-keep-home-hot-streak-alive%2f&c=10439475423099203455&mkt=en-au","","https://www.titans.com.au/news/2026/06/25/locked-in-former-bulldog-to-help-titans-keep-home-hot-streak-alive/","false","The Titans will be unchanged for their clash against the Bulldogs at a venue that's been a happy hunting ground for Gold Coast."
"gld","Gold Coast Titans","Allan Fitzgibbon","bucket_unknown","","","","","","","","no_candidate_found","","","","","","",""
"gld","Gold Coast Titans","Arama Hau","bucket_unknown","1","titans.com.au","1","context_or_team_article","false","Gold Coast Titans","Thu, 25 Jun 2026 00:59:00 GMT","team_or_context_candidate_needs_article_review","Locked in: Former Bulldog to help Titans keep home hot streak alive","https://www.titans.com.au/news/2026/06/25/locked-in-former-bulldog-to-help-titans-keep-home-hot-streak-alive/","http://www.bing.com/news/apiclick.aspx?ref=FexRss&aid=&tid=6a52f71fcd324e9b96dedeb91be79c6c&url=https%3a%2f%2fwww.titans.com.au%2fnews%2f2026%2f06%2f25%2flocked-in-former-bulldog-to-help-titans-keep-home-hot-streak-alive%2f&c=10439475423099203455&mkt=en-au","","https://www.titans.com.au/news/2026/06/25/locked-in-former-bulldog-to-help-titans-keep-home-hot-streak-alive/","false","The Titans will be unchanged for their clash against the Bulldogs at a venue that's been a happy hunting ground for Gold Coast."
"gld","Gold Coast Titans","Brock Gray","bucket_unknown","","","","","","","","no_candidate_found","","","","","","",""
"gld","Gold Coast Titans","Jensen Taumoepeau","bucket_unknown","","","","","","","","no_candidate_found","","","","","","",""
"gld","Gold Coast Titans","Jett Liu","bucket_unknown","1","titans.com.au","1","context_or_team_article","false","Gold Coast Titans","Thu, 25 Jun 2026 00:59:00 GMT","team_or_context_candidate_needs_article_review","Locked in: Former Bulldog to help Titans keep home hot streak alive","https://www.titans.com.au/news/2026/06/25/locked-in-former-bulldog-to-help-titans-keep-home-hot-streak-alive/","http://www.bing.com/news/apiclick.aspx?ref=FexRss&aid=&tid=6a52f733076a45c2a603c129904e764e&url=https%3a%2f%2fwww.titans.com.au%2fnews%2f2026%2f06%2f25%2flocked-in-former-bulldog-to-help-titans-keep-home-hot-streak-alive%2f&c=10439475423099203455&mkt=en-au","","https://www.titans.com.au/news/2026/06/25/locked-in-former-bulldog-to-help-titans-keep-home-hot-streak-alive/","false","The Titans will be unchanged for their clash against the Bulldogs at a venue that's been a happy hunting ground for Gold Coast."
"gld","Gold Coast Titans","Josh Patson","bucket_unknown","","","","","","","","no_candidate_found","","","","","","",""
"gld","Gold Coast Titans","Lachlan Ilias","bucket_unknown","1","titans.com.au","1","context_or_team_article","false","Gold Coast Titans","Thu, 25 Jun 2026 00:59:00 GMT","team_or_context_candidate_needs_article_review","Locked in: Former Bulldog to help Titans keep home hot streak alive","https://www.titans.com.au/news/2026/06/25/locked-in-former-bulldog-to-help-titans-keep-home-hot-streak-alive/","http://www.bing.com/news/apiclick.aspx?ref=FexRss&aid=&tid=6a52f74001164fe4a416011a09fd6105&url=https%3a%2f%2fwww.titans.com.au%2fnews%2f2026%2f06%2f25%2flocked-in-former-bulldog-to-help-titans-keep-home-hot-streak-alive%2f&c=10439475423099203455&mkt=en-au","","https://www.titans.com.au/news/2026/06/25/locked-in-former-bulldog-to-help-titans-keep-home-hot-streak-alive/","false","The Titans will be unchanged for their clash against the Bulldogs at a venue that's been a happy hunting ground for Gold Coast."
"gld","Gold Coast Titans","Siale Faeamani","bucket_unknown","","","","","","","","no_candidate_found","","","","","","",""
"gld","Gold Coast Titans","Tuki Simpkins","bucket_unknown","","","","","","","","no_candidate_found","","","","","","",""
"gld","Gold Coast Titans","Tony Francis","bucket_unknown","","","","","","","","no_candidate_found","","","","","","",""
"gld","Gold Coast Titans","Zane Harrison","bucket_unknown","1","dailytelegraph.com.au","30","contract_language|exact_player_name","true","The Daily Telegraph","Sun, 21 Jun 2026 08:39:00 GMT","player_focused_candidate_needs_article_review","Gold Coast Titans in talks to secure rising star halfback Zane Harrison on massive contract extension","https://www.dailytelegraph.com.au/sport/nrl/gold-coast-titans-in-talks-to-secure-rising-star-halfback-zane-harrison-on-massive-contract-extension/news-story/8838e1526d5de41d707c2a34e4b3d433","http://www.bing.com/news/apiclick.aspx?ref=FexRss&aid=&tid=6a52f75691b546f293f3f15c16c2feaa&url=https%3a%2f%2fwww.dailytelegraph.com.au%2fsport%2fnrl%2fgold-coast-titans-in-talks-to-secure-rising-star-halfback-zane-harrison-on-massive-contract-extension%2fnews-story%2f8838e1526d5de41d707c2a34e4b3d433&c=2869444973325056158&mkt=en-au","","https://www.dailytelegraph.com.au/sport/nrl/gold-coast-titans-in-talks-to-secure-rising-star-halfback-zane-harrison-on-massive-contract-extension/news-story/8838e1526d5de41d707c2a34e4b3d433","false","The Titans are hoping to lock Harrison into a new deal to keep him on the Gold Coast until at least 2029 before he becomes a free agent on November 1. Harrison, 20, celebrated the finest moment of his ..."
"gld","Gold Coast Titans","Zane Harrison","bucket_unknown","2","adelaidenow.com.au","27","contract_language|exact_player_name","true","Adelaide Now","Sun, 21 Jun 2026 08:09:00 GMT","player_focused_candidate_needs_article_review","Gold Coast Titans in talks to secure rising star halfback Zane Harrison on massive contract extension","https://www.adelaidenow.com.au/sport/nrl/gold-coast-titans-in-talks-to-secure-rising-star-halfback-zane-harrison-on-massive-contract-extension/news-story/8838e1526d5de41d707c2a34e4b3d433","http://www.bing.com/news/apiclick.aspx?ref=FexRss&aid=&tid=6a52f75602d0418fb725da922952accc&url=https%3a%2f%2fwww.adelaidenow.com.au%2fsport%2fnrl%2fgold-coast-titans-in-talks-to-secure-rising-star-halfback-zane-harrison-on-massive-contract-extension%2fnews-story%2f8838e1526d5de41d707c2a34e4b3d433&c=3585511184371032789&mkt=en-au","","https://www.adelaidenow.com.au/sport/nrl/gold-coast-titans-in-talks-to-secure-rising-star-halfback-zane-harrison-on-massive-contract-extension/news-story/8838e1526d5de41d707c2a34e4b3d433","false","The Titans are hoping to lock Harrison into a new deal to keep him on the Gold Coast until at least 2029 before he becomes a free agent on November 1. Harrison, 20, celebrated the finest moment of his ..."
"gld","Gold Coast Titans","Zane Harrison","bucket_unknown","3","ntnews.com.au","27","contract_language|exact_player_name","true","Northern Territory News","Sun, 21 Jun 2026 08:39:00 GMT","player_focused_candidate_needs_article_review","Gold Coast Titans in talks to secure rising star halfback Zane Harrison on massive contract extension","https://www.ntnews.com.au/sport/nrl/gold-coast-titans-in-talks-to-secure-rising-star-halfback-zane-harrison-on-massive-contract-extension/news-story/8838e1526d5de41d707c2a34e4b3d433","http://www.bing.com/news/apiclick.aspx?ref=FexRss&aid=&tid=6a52f75602d0418fb725da922952accc&url=https%3a%2f%2fwww.ntnews.com.au%2fsport%2fnrl%2fgold-coast-titans-in-talks-to-secure-rising-star-halfback-zane-harrison-on-massive-contract-extension%2fnews-story%2f8838e1526d5de41d707c2a34e4b3d433&c=7188541038406669096&mkt=en-au","","https://www.ntnews.com.au/sport/nrl/gold-coast-titans-in-talks-to-secure-rising-star-halfback-zane-harrison-on-massive-contract-extension/news-story/8838e1526d5de41d707c2a34e4b3d433","false","Field goal hero Zane Harrison has told the Titans he wants to win a premiership on the Gold Coast. Now the club has moved to lock down the “diehard Titans tragic” before he hits the open market. The ..."
"gld","Gold Coast Titans","Zane Harrison","bucket_unknown","4","titans.com.au","1","context_or_team_article","false","Gold Coast Titans","Sun, 05 Jul 2026 17:50:00 GMT","team_or_context_candidate_needs_article_review","Taste of maroon gives Titans added energy for Storm showdown","https://www.titans.com.au/news/2026/07/06/taste-of-maroon-gives-titans-added-energy-for-storm-showdown/","http://www.bing.com/news/apiclick.aspx?ref=FexRss&aid=&tid=6a52f75b537c4ab0a6e6301b81978ee7&url=https%3a%2f%2fwww.titans.com.au%2fnews%2f2026%2f07%2f06%2ftaste-of-maroon-gives-titans-added-energy-for-storm-showdown%2f&c=9634136369973032800&mkt=en-au","","https://www.titans.com.au/news/2026/07/06/taste-of-maroon-gives-titans-added-energy-for-storm-showdown/","false","Josh Hannay is expecting his young squad to begin their Storm preparations with a pep in their step after last Thursday's Origin hit-out."
"gld","Gold Coast Titans","Zane Harrison","bucket_unknown","5","titans.com.au","1","context_or_team_article","false","Gold Coast Titans","Thu, 25 Jun 2026 00:59:00 GMT","team_or_context_candidate_needs_article_review","Locked in: Former Bulldog to help Titans keep home hot streak alive","https://www.titans.com.au/news/2026/06/25/locked-in-former-bulldog-to-help-titans-keep-home-hot-streak-alive/","http://www.bing.com/news/apiclick.aspx?ref=FexRss&aid=&tid=6a52f75b537c4ab0a6e6301b81978ee7&url=https%3a%2f%2fwww.titans.com.au%2fnews%2f2026%2f06%2f25%2flocked-in-former-bulldog-to-help-titans-keep-home-hot-streak-alive%2f&c=10439475423099203455&mkt=en-au","","https://www.titans.com.au/news/2026/06/25/locked-in-former-bulldog-to-help-titans-keep-home-hot-streak-alive/","false","The Titans will be unchanged for their clash against the Bulldogs at a venue that's been a happy hunting ground for Gold Coast."
"man","Manly Warringah Sea Eagles","Tom Trbojevic","backup_baseline","1","au.sports.yahoo.com","4","contract_language|context_or_team_article","false","Yahoo Sports Australia","Sat, 27 Jun 2026 18:52:00 GMT","team_or_context_candidate_needs_article_review","Biggest stars in the NRL set for a pay-day","https://au.sports.yahoo.com/biggest-stars-nrl-set-pay-015252224.html","http://www.bing.com/news/apiclick.aspx?ref=FexRss&aid=&tid=6a52f75f89e04943915aa815bd9b903f&url=https%3a%2f%2fau.sports.yahoo.com%2fbiggest-stars-nrl-set-pay-015252224.html&c=9209166272030396928&mkt=en-au","","https://au.sports.yahoo.com/biggest-stars-nrl-set-pay-015252224.html","false","Some of the NRL's most elite players could be in for a pay bump thanks to the new TV broadcast deal commencing in 2028. The ARL and NRL are just about ready to green-light the deal, which Nine and ..."
"man","Manly Warringah Sea Eagles","Tom Trbojevic","backup_baseline","2","msn.com","3","money|contract_language|context_or_team_article","false","Man of Many on MSN","Tue, 30 Jun 2026 15:06:27 GMT","context_only_untrusted_domain","10 highest paid NRL players for 2026","https://www.msn.com/en-au/sport/rugby_league/10-highest-paid-nrl-players-for-2026/ar-AA2719cA","http://www.bing.com/news/apiclick.aspx?ref=FexRss&aid=&tid=6a52f75cf1fb42d88b4002cdfac83d75&url=https%3a%2f%2fwww.msn.com%2fen-au%2fsport%2frugby_league%2f10-highest-paid-nrl-players-for-2026%2far-AA2719cA&c=3173818839366038056&mkt=en-au","","https://www.msn.com/en-au/sport/rugby_league/10-highest-paid-nrl-players-for-2026/ar-AA2719cA","false","Driven by expanding club salary caps, rugby league’s elite stars are securing record-shattering paydays for the 2026 NRL season. Led by Dylan Brown’s historic $13 million move, this list looks at the ..."
"man","Manly Warringah Sea Eagles","Tom Trbojevic","backup_baseline","3","msn.com","3","money|contract_language|context_or_team_article","false","The Sydney Morning Herald on MSN","Tue, 30 Jun 2026 21:37:58 GMT","context_only_untrusted_domain","New broadcast deal could push NRL salary cap up to $20m by 2028","https://www.msn.com/en-au/news/australia/new-broadcast-deal-could-push-nrl-salary-cap-up-to-20m-by-2028/ar-AA26H5IM","http://www.bing.com/news/apiclick.aspx?ref=FexRss&aid=&tid=6a52f75d8410436b8c55ba45ca07ae5f&url=https%3a%2f%2fwww.msn.com%2fen-au%2fnews%2faustralia%2fnew-broadcast-deal-could-push-nrl-salary-cap-up-to-20m-by-2028%2far-AA26H5IM&c=15095945392879639673&mkt=en-au","","https://www.msn.com/en-au/news/australia/new-broadcast-deal-could-push-nrl-salary-cap-up-to-20m-by-2028/ar-AA26H5IM","false","A rich new broadcast deal means more money coming into the game. The biggest winners will be the star players, who could soon demand up to $2 million per season."
"man","Manly Warringah Sea Eagles","Tom Trbojevic","backup_baseline","4","msn.com","0","contract_language|context_or_team_article","false","Zero Tackle on MSN","Sat, 27 Jun 2026 18:52:52 GMT","context_only_untrusted_domain","Biggest stars in the NRL set for a pay-day","https://www.msn.com/en-au/news/other/biggest-stars-in-the-nrl-set-for-a-pay-day/ar-AA26IdmB","http://www.bing.com/news/apiclick.aspx?ref=FexRss&aid=&tid=6a52f75dfabf4e418cfbe615cca5961c&url=https%3a%2f%2fwww.msn.com%2fen-au%2fnews%2fother%2fbiggest-stars-in-the-nrl-set-for-a-pay-day%2far-AA26IdmB&c=18406658021232899789&mkt=en-au","","https://www.msn.com/en-au/news/other/biggest-stars-in-the-nrl-set-for-a-pay-day/ar-AA26IdmB","false","Some of the NRL's most elite players could be in for a pay bump thanks to the new TV broadcast deal commencing in 2028. The ARL and NRL are just about ready to green-light the deal, which Nine and ..."
"man","Manly Warringah Sea Eagles","Jason Saab","backup_baseline","1","theaustralian.com.au","4","contract_language|context_or_team_article","false","The Australian","Sun, 28 Jun 2026 04:34:00 GMT","team_or_context_candidate_needs_article_review","Nine’s Stan Sport dealt huge blow in NRL’s record $5bn rights deal","https://www.theaustralian.com.au/business/media/nines-stan-sport-dealt-huge-blow-in-nrls-record-5bn-rights-deal/news-story/cf3fb665174e25345610fd689a257a01","http://www.bing.com/news/apiclick.aspx?ref=FexRss&aid=&tid=6a52f763196d42e2a5fc8c626d164fc3&url=https%3a%2f%2fwww.theaustralian.com.au%2fbusiness%2fmedia%2fnines-stan-sport-dealt-huge-blow-in-nrls-record-5bn-rights-deal%2fnews-story%2fcf3fb665174e25345610fd689a257a01&c=9625671747989068122&mkt=en-au","","https://www.theaustralian.com.au/business/media/nines-stan-sport-dealt-huge-blow-in-nrls-record-5bn-rights-deal/news-story/cf3fb665174e25345610fd689a257a01","false","Rival NRL bidders Foxtel and Nine are both privately claiming victory in the bitter fight for the sport’s lucrative long-term rights after it emerged that the existing arrangements will largely remain ..."
"man","Manly Warringah Sea Eagles","Tolutau Koula","backup_baseline","","","","","","","","no_candidate_found","","","","","","",""
"man","Manly Warringah Sea Eagles","Reuben Garrick","backup_baseline","","","","","","","","no_candidate_found","","","","","","",""
"man","Manly Warringah Sea Eagles","Lehi Hopoate","backup_baseline","","","","","","","","no_candidate_found","","","","","","",""
"man","Manly Warringah Sea Eagles","Luke Brooks","backup_baseline","","","","","","","","no_candidate_found","","","","","","",""
"man","Manly Warringah Sea Eagles","Jamal Fogarty","backup_baseline","1","au.sports.yahoo.com","4","contract_language|context_or_team_article","false","Yahoo Sport Australia","Thu, 07 May 2026 17:00:00 GMT","team_or_context_candidate_needs_article_review","The SEVEN current best value for money contracts in the NRL","https://au.sports.yahoo.com/seven-current-best-value-money-214941645.html","http://www.bing.com/news/apiclick.aspx?ref=FexRss&aid=&tid=6a52f789b296434694b115e36d003191&url=https%3a%2f%2fau.sports.yahoo.com%2fseven-current-best-value-money-214941645.html&c=14537114608194793438&mkt=en-au","","https://au.sports.yahoo.com/seven-current-best-value-money-214941645.html","false","The beauty of the salary cap is that it is supposed to level the playing field for all NRL teams. There is enough space for stars, but not multiple, meaning rosters need to be carefully crafted so ..."
"man","Manly Warringah Sea Eagles","Taniela Paseka","backup_baseline","","","","","","","","no_candidate_found","","","","","","",""
"man","Manly Warringah Sea Eagles","Jake Simpkin","backup_baseline","","","","","","","","no_candidate_found","","","","","","",""
"man","Manly Warringah Sea Eagles","Kobe Hetherington","backup_baseline","","","","","","","","no_candidate_found","","","","","","",""
"man","Manly Warringah Sea Eagles","Haumole Olakau'atu","backup_baseline","1","dailytelegraph.com.au","4","context_or_team_article","false","The Daily Telegraph","Sun, 21 Jun 2026 05:01:00 GMT","team_or_context_candidate_needs_article_review","Haumole Olakau’atu breaks his silence on shock Origin axing","https://www.dailytelegraph.com.au/sport/nrl/haumole-olakauatu-breaks-his-silence-on-shock-origin-axing/news-story/86540d347ff418170a6e1bdd079c8653","http://www.bing.com/news/apiclick.aspx?ref=FexRss&aid=&tid=6a52f7a7c048430f824b068c246e6a29&url=https%3a%2f%2fwww.dailytelegraph.com.au%2fsport%2fnrl%2fhaumole-olakauatu-breaks-his-silence-on-shock-origin-axing%2fnews-story%2f86540d347ff418170a6e1bdd079c8653&c=12494114447838611041&mkt=en-au","","https://www.dailytelegraph.com.au/sport/nrl/haumole-olakauatu-breaks-his-silence-on-shock-origin-axing/news-story/86540d347ff418170a6e1bdd079c8653","false","Blues fans are still clueless as to why the world’s best edge forward was dropped for the MCG clash, and they’ll have to wait a little longer to find out after Olakau’atu politely refused to expand on ..."
"man","Manly Warringah Sea Eagles","Haumole Olakau'atu","backup_baseline","2","dailytelegraph.com.au","4","context_or_team_article","false","The Daily Telegraph","Sun, 21 Jun 2026 05:01:00 GMT","team_or_context_candidate_needs_article_review","‘I’m available’: Haumole Olakau’atu eager for Blues recall ahead of State of Origin decider","https://www.dailytelegraph.com.au/sport/nrl/im-available-haumole-olakauatu-eager-for-blues-recall-ahead-of-state-of-origin-decider/news-story/ca669b370ccc27a4ba04bbe1bfcc93bf","http://www.bing.com/news/apiclick.aspx?ref=FexRss&aid=&tid=6a52f7a7c048430f824b068c246e6a29&url=https%3a%2f%2fwww.dailytelegraph.com.au%2fsport%2fnrl%2fim-available-haumole-olakauatu-eager-for-blues-recall-ahead-of-state-of-origin-decider%2fnews-story%2fca669b370ccc27a4ba04bbe1bfcc93bf&c=5640339279480396868&mkt=en-au","","https://www.dailytelegraph.com.au/sport/nrl/im-available-haumole-olakauatu-eager-for-blues-recall-ahead-of-state-of-origin-decider/news-story/ca669b370ccc27a4ba04bbe1bfcc93bf","false","Blues fans are still clueless as to why the world’s best edge forward was dropped for the MCG clash, and they’ll have to wait a little longer to find out after Olakau’atu politely refused to expand on ..."
"man","Manly Warringah Sea Eagles","Ben Trbojevic","backup_baseline","1","7news.com.au","7","money|contract_language|context_or_team_article","false","7NEWS Australia","Fri, 28 Oct 2022 14:27:00 GMT","team_or_context_candidate_needs_article_review","Ultimate NRL free agency preview: Your club’s out-of-contract stars and where they could end up","https://7news.com.au/sport/rugby-league/ultimate-nrl-free-agency-preview-your-clubs-out-of-contract-stars-and-where-they-could-end-up-c-8677336","http://www.bing.com/news/apiclick.aspx?ref=FexRss&aid=&tid=6a52f7b219f9463aac7fef2d307e41d0&url=https%3a%2f%2f7news.com.au%2fsport%2frugby-league%2fultimate-nrl-free-agency-preview-your-clubs-out-of-contract-stars-and-where-they-could-end-up-c-8677336&c=143273184193222445&mkt=en-au","","https://7news.com.au/sport/rugby-league/ultimate-nrl-free-agency-preview-your-clubs-out-of-contract-stars-and-where-they-could-end-up-c-8677336","false","Over $50 million worth of player talent will be free to negotiate with clubs for season 2024 and beyond when the NRL free agency period begins on November 1. Latrell Mitchell, Mit ..."
"man","Manly Warringah Sea Eagles","Jake Trbojevic","backup_baseline","1","dailytelegraph.com.au","30","contract_language|exact_player_name","true","The Daily Telegraph","Wed, 20 May 2026 10:03:00 GMT","player_focused_candidate_needs_article_review","Jake Trbojevic triggers extension clause in Manly Sea Eagles contract","https://www.dailytelegraph.com.au/sport/nrl/jake-trbojevic-triggers-extension-clause-in-manly-sea-eagles-contract/news-story/c24b1e095952c98b5cc5953d86b7f1d3","http://www.bing.com/news/apiclick.aspx?ref=FexRss&aid=&tid=6a52f7b573ce40c7a3b2082ef7f360a0&url=https%3a%2f%2fwww.dailytelegraph.com.au%2fsport%2fnrl%2fjake-trbojevic-triggers-extension-clause-in-manly-sea-eagles-contract%2fnews-story%2fc24b1e095952c98b5cc5953d86b7f1d3&c=9773160446507561845&mkt=en-au","","https://www.dailytelegraph.com.au/sport/nrl/jake-trbojevic-triggers-extension-clause-in-manly-sea-eagles-contract/news-story/c24b1e095952c98b5cc5953d86b7f1d3","false","Trbojevic, 32, has agreed to play a further season at the club where he made his NRL debut as a 19-year-old. Trbojevic celebrated his 250-game milestone in Manly’s most recent home game against the ..."
"man","Manly Warringah Sea Eagles","Jake Trbojevic","backup_baseline","2","foxsports.com.au","7","contract_language|context_or_team_article","false","Fox Sports","Wed, 20 May 2026 09:28:00 GMT","team_or_context_candidate_needs_article_review","Trbojevic makes call on future; Dragons star opens up on how contract talks ‘broke down’ — NRL Daily","https://www.foxsports.com.au/nrl/nrl-premiership/nrl-2026-jake-trbojevic-agrees-to-extension-at-manly-sea-eagles-jaydn-sua-clarifies-future-at-dragons/news-story/419a1b0400fa5e5a2bb746750e2a39e1","http://www.bing.com/news/apiclick.aspx?ref=FexRss&aid=&tid=6a52f7b6f53a4b9094fbc8758df0cc51&url=https%3a%2f%2fwww.foxsports.com.au%2fnrl%2fnrl-premiership%2fnrl-2026-jake-trbojevic-agrees-to-extension-at-manly-sea-eagles-jaydn-sua-clarifies-future-at-dragons%2fnews-story%2f419a1b0400fa5e5a2bb746750e2a39e1&c=16602301681505591876&mkt=en-au","","https://www.foxsports.com.au/nrl/nrl-premiership/nrl-2026-jake-trbojevic-agrees-to-extension-at-manly-sea-eagles-jaydn-sua-clarifies-future-at-dragons/news-story/419a1b0400fa5e5a2bb746750e2a39e1","false","WHAT'S GAMBLING REALLY COSTING YOU? Set a deposit limit. For Free and confidential support call 1800 858 858 or visit gamblinghelponline.org.au. While Trbojevic had struggled earlier in the year, that ..."
"man","Manly Warringah Sea Eagles","Siosiua Taukeiaho","backup_baseline","","","","","","","","no_candidate_found","","","","","","",""
"man","Manly Warringah Sea Eagles","Nathan Brown","backup_baseline","","","","","","","","no_candidate_found","","","","","","",""
"man","Manly Warringah Sea Eagles","Ethan Bullemor","backup_baseline","1","7news.com.au","7","money|contract_language|context_or_team_article","false","7NEWS Australia","Fri, 28 Oct 2022 02:27:00 GMT","team_or_context_candidate_needs_article_review","Ultimate NRL free agency preview: Your club’s out-of-contract stars and where they could end up","https://7news.com.au/sport/rugby-league/ultimate-nrl-free-agency-preview-your-clubs-out-of-contract-stars-and-where-they-could-end-up-c-8677336","http://www.bing.com/news/apiclick.aspx?ref=FexRss&aid=&tid=6a52f7cdee8546828e14b137cae21a4d&url=https%3a%2f%2f7news.com.au%2fsport%2frugby-league%2fultimate-nrl-free-agency-preview-your-clubs-out-of-contract-stars-and-where-they-could-end-up-c-8677336&c=143273184193222445&mkt=en-au","","https://7news.com.au/sport/rugby-league/ultimate-nrl-free-agency-preview-your-clubs-out-of-contract-stars-and-where-they-could-end-up-c-8677336","false","Over $50 million worth of player talent will be free to negotiate with clubs for season 2024 and beyond when the NRL free agency period begins on November 1. Latrell Mitchell, Mit ..."
"man","Manly Warringah Sea Eagles","Joey Walsh","backup_baseline","","","","","","","","no_candidate_found","","","","","","",""
"man","Manly Warringah Sea Eagles","Aaron Schoupp","bucket_unknown","","","","","","","","no_candidate_found","","","","","","",""
"man","Manly Warringah Sea Eagles","Blake Wilson","bucket_unknown","","","","","","","","no_candidate_found","","","","","","",""
"man","Manly Warringah Sea Eagles","Caleb Navale","bucket_unknown","","","","","","","","no_candidate_found","","","","","","",""
"man","Manly Warringah Sea Eagles","Clayton Faulalo","bucket_unknown","1","foxsports.com.au","7","contract_language|context_or_team_article","false","Fox Sports","Fri, 19 Jun 2026 11:21:00 GMT","team_or_context_candidate_needs_article_review","Breakout star’s contract reward; Bronco’s exit confirmed in ‘major statement signing’ — NRL Daily","https://www.foxsports.com.au/nrl/nrl-premiership/nrl-2026-clayton-faulalo-signs-new-deal-with-manly-sea-eagles-jesse-arthars-to-leave-brisbane-broncos/news-story/cb69a7b7c51aa14a07fa7f60e7ed1931","http://www.bing.com/news/apiclick.aspx?ref=FexRss&aid=&tid=6a52f7edc6334a44839c92e28cc38790&url=https%3a%2f%2fwww.foxsports.com.au%2fnrl%2fnrl-premiership%2fnrl-2026-clayton-faulalo-signs-new-deal-with-manly-sea-eagles-jesse-arthars-to-leave-brisbane-broncos%2fnews-story%2fcb69a7b7c51aa14a07fa7f60e7ed1931&c=11027625652442736128&mkt=en-au","","https://www.foxsports.com.au/nrl/nrl-premiership/nrl-2026-clayton-faulalo-signs-new-deal-with-manly-sea-eagles-jesse-arthars-to-leave-brisbane-broncos/news-story/cb69a7b7c51aa14a07fa7f60e7ed1931","false","WHAT'S GAMBLING REALLY COSTING YOU? Set a deposit limit. For Free and confidential support call 1800 858 858 or visit gamblinghelponline.org.au. The versatile Faulalo entered the Sea Eagles’ top 30 ..."
"man","Manly Warringah Sea Eagles","Navren Willett","bucket_unknown","","","","","","","","no_candidate_found","","","","","","",""
"man","Manly Warringah Sea Eagles","Onitoni Large","bucket_unknown","1","smh.com.au","7","contract_language|context_or_team_article","false","Sydney Morning Herald","Mon, 11 May 2020 17:00:00 GMT","team_or_context_candidate_needs_article_review","Nine, NRL on brink of deal to seal $1.9 billion broadcast bonanza","https://www.smh.com.au/sport/nrl/nine-nrl-on-brink-of-deal-to-seal-1-9-billion-broadcast-bonanza-20200512-p54scv.html","http://www.bing.com/news/apiclick.aspx?ref=FexRss&aid=&tid=6a52f7f9a44f4e528d4f4c1461ba6b2f&url=https%3a%2f%2fwww.smh.com.au%2fsport%2fnrl%2fnine-nrl-on-brink-of-deal-to-seal-1-9-billion-broadcast-bonanza-20200512-p54scv.html&c=10283903415388544094&mkt=en-au","","https://www.smh.com.au/sport/nrl/nine-nrl-on-brink-of-deal-to-seal-1-9-billion-broadcast-bonanza-20200512-p54scv.html","false","You have reached your maximum number of saved items. Remove items from your saved list to add more. Nine Entertainment Co is close to agreeing to a revised three-year deal with the NRL as the code ..."
"man","Manly Warringah Sea Eagles","Onitoni Large","bucket_unknown","2","au.sports.yahoo.com","4","contract_language|context_or_team_article","false","Yahoo Sport Australia","Thu, 07 May 2026 17:00:00 GMT","team_or_context_candidate_needs_article_review","The SEVEN current best value for money contracts in the NRL","https://au.sports.yahoo.com/seven-current-best-value-money-214941645.html","http://www.bing.com/news/apiclick.aspx?ref=FexRss&aid=&tid=6a52f7fbe04a4850b3337322557adac5&url=https%3a%2f%2fau.sports.yahoo.com%2fseven-current-best-value-money-214941645.html&c=14537114608194793438&mkt=en-au","","https://au.sports.yahoo.com/seven-current-best-value-money-214941645.html","false","The beauty of the salary cap is that it is supposed to level the playing field for all NRL teams. There is enough space for stars, but not multiple, meaning rosters need to be carefully crafted so ..."
"man","Manly Warringah Sea Eagles","Onitoni Large","bucket_unknown","3","msn.com","3","money|contract_language|context_or_team_article","false","The Sydney Morning Herald on MSN","Tue, 30 Jun 2026 21:37:58 GMT","context_only_untrusted_domain","New broadcast deal could push NRL salary cap up to $20m by 2028","https://www.msn.com/en-au/news/australia/new-broadcast-deal-could-push-nrl-salary-cap-up-to-20m-by-2028/ar-AA26H5IM","http://www.bing.com/news/apiclick.aspx?ref=FexRss&aid=&tid=6a52f7f8f1224a1cb6a6f7876746f832&url=https%3a%2f%2fwww.msn.com%2fen-au%2fnews%2faustralia%2fnew-broadcast-deal-could-push-nrl-salary-cap-up-to-20m-by-2028%2far-AA26H5IM&c=15095945392879639673&mkt=en-au","","https://www.msn.com/en-au/news/australia/new-broadcast-deal-could-push-nrl-salary-cap-up-to-20m-by-2028/ar-AA26H5IM","false","A rich new broadcast deal means more money coming into the game. The biggest winners will be the star players, who could soon demand up to $2 million per season."
"man","Manly Warringah Sea Eagles","Onitoni Large","bucket_unknown","4","msn.com","3","contract_language|term_language|context_or_team_article","false","ABC (Australian Broadcasting Corporation) on MSN","Mon, 06 Jul 2026 19:33:00 GMT","context_only_untrusted_domain","NRL announces new broadcast rights deal worth estimated $5.3 billion starting after 2027 season","https://www.msn.com/en-au/sport/other/nrl-announces-new-broadcast-rights-deal-worth-estimated-53-billion-starting-after-2027-season/ar-AA27mdrq","http://www.bing.com/news/apiclick.aspx?ref=FexRss&aid=&tid=6a52f7f9a44f4e528d4f4c1461ba6b2f&url=https%3a%2f%2fwww.msn.com%2fen-au%2fsport%2fother%2fnrl-announces-new-broadcast-rights-deal-worth-estimated-53-billion-starting-after-2027-season%2far-AA27mdrq&c=11864406176290848080&mkt=en-au","","https://www.msn.com/en-au/sport/other/nrl-announces-new-broadcast-rights-deal-worth-estimated-53-billion-starting-after-2027-season/ar-AA27mdrq","false","As the NRL reveals its new broadcast rights deal worth billions of dollars over seven years in 2028 through 2034, executives try to hose down concerns about rising subscription prices."
"man","Manly Warringah Sea Eagles","Onitoni Large","bucket_unknown","5","theroar.com.au","0","contract_language|context_or_team_article","false","theroar.com.au","Sun, 19 Dec 2021 16:00:00 GMT","context_only_untrusted_domain","REVEALED: How much the NRL's new Nine deal is worth","https://www.theroar.com.au/2021/12/21/revealed-how-much-the-nrls-new-nine-deal-is-worth/","http://www.bing.com/news/apiclick.aspx?ref=FexRss&aid=&tid=6a52f7f9a44f4e528d4f4c1461ba6b2f&url=https%3a%2f%2fwww.theroar.com.au%2f2021%2f12%2f21%2frevealed-how-much-the-nrls-new-nine-deal-is-worth%2f&c=5841377131241370127&mkt=en-au","","https://www.theroar.com.au/2021/12/21/revealed-how-much-the-nrls-new-nine-deal-is-worth/","false","Anyone can contribute to The Roar and have their work featured alongside some of Australia’s most prominent sports journalists. NRL chief executive Andrew Abdo insists the league has been vindicated ..."
"man","Manly Warringah Sea Eagles","Onitoni Large","bucket_unknown","6","afr.com","0","contract_language|context_or_team_article","false","The Australian Financial Review","Tue, 26 May 2026 13:00:00 GMT","context_only_untrusted_domain","Nine CEO pitches V’landys on exclusive NRL deal","https://www.afr.com/companies/media-and-marketing/nine-ceo-pitches-v-landys-on-exclusive-nrl-deal-cutting-out-foxtel-20260526-p600tw","http://www.bing.com/news/apiclick.aspx?ref=FexRss&aid=&tid=6a52f7f9a44f4e528d4f4c1461ba6b2f&url=https%3a%2f%2fwww.afr.com%2fcompanies%2fmedia-and-marketing%2fnine-ceo-pitches-v-landys-on-exclusive-nrl-deal-cutting-out-foxtel-20260526-p600tw&c=14420439829069484302&mkt=en-au","","https://www.afr.com/companies/media-and-marketing/nine-ceo-pitches-v-landys-on-exclusive-nrl-deal-cutting-out-foxtel-20260526-p600tw","false","Australian media giant Nine Entertainment is pitching to buy all the NRL broadcast rights, in a high-stakes bid to bolster its streaming platform Stan and carve Foxtel out of the sport for the first ..."
"man","Manly Warringah Sea Eagles","Paul Bryan","bucket_unknown","","","","","","","","no_candidate_found","","","","","","",""
"man","Manly Warringah Sea Eagles","Simione Laiafi","bucket_unknown","","","","","","","","no_candidate_found","","","","","","",""
"man","Manly Warringah Sea Eagles","Zach Dockar-Clay","bucket_unknown","","","","","","","","no_candidate_found","","","","","","",""
"man","Manly Warringah Sea Eagles","Zaidas Muagututia","bucket_unknown","","","","","","","","no_candidate_found","","","","","","",""
"mel","Melbourne Storm","Sualauvi Fa’alogo","backup_baseline","","","","","","","","no_candidate_found","","","","","","",""
"mel","Melbourne Storm","Will Warbrick","backup_baseline","1","7news.com.au","7","money|contract_language|context_or_team_article","false","7NEWS Australia","Fri, 28 Oct 2022 02:27:00 GMT","team_or_context_candidate_needs_article_review","Ultimate NRL free agency preview: Your club’s out-of-contract stars and where they could end up","https://7news.com.au/sport/rugby-league/ultimate-nrl-free-agency-preview-your-clubs-out-of-contract-stars-and-where-they-could-end-up-c-8677336","http://www.bing.com/news/apiclick.aspx?ref=FexRss&aid=&tid=6a52f82b32584cd5891737cfade523c6&url=https%3a%2f%2f7news.com.au%2fsport%2frugby-league%2fultimate-nrl-free-agency-preview-your-clubs-out-of-contract-stars-and-where-they-could-end-up-c-8677336&c=143273184193222445&mkt=en-au","","https://7news.com.au/sport/rugby-league/ultimate-nrl-free-agency-preview-your-clubs-out-of-contract-stars-and-where-they-could-end-up-c-8677336","false","Over $50 million worth of player talent will be free to negotiate with clubs for season 2024 and beyond when the NRL free agency period begins on November 1. Latrell Mitchell, Mit ..."
"mel","Melbourne Storm","Jack Howarth","backup_baseline","","","","","","","","no_candidate_found","","","","","","",""
"mel","Melbourne Storm","Nick Meaney","backup_baseline","1","dailytelegraph.com.au","10","money|contract_language|context_or_team_article","false","The Daily Telegraph","Tue, 23 Jun 2026 12:12:00 GMT","team_or_context_candidate_needs_article_review","NRL to grant Perth Bears $500k salary cap concessions in landmark third-party arrangement","https://www.dailytelegraph.com.au/sport/nrl/nrl-to-grant-perth-bears-500k-salary-cap-concessions-in-landmark-thirdparty-arrangement/news-story/0c5c097536d723f0d0cb46c86fd051ff","http://www.bing.com/news/apiclick.aspx?ref=FexRss&aid=&tid=6a52f835515848e39ab28b340d210e59&url=https%3a%2f%2fwww.dailytelegraph.com.au%2fsport%2fnrl%2fnrl-to-grant-perth-bears-500k-salary-cap-concessions-in-landmark-thirdparty-arrangement%2fnews-story%2f0c5c097536d723f0d0cb46c86fd051ff&c=13072428604770190172&mkt=en-au","","https://www.dailytelegraph.com.au/sport/nrl/nrl-to-grant-perth-bears-500k-salary-cap-concessions-in-landmark-thirdparty-arrangement/news-story/0c5c097536d723f0d0cb46c86fd051ff","false","In a historic development for the NRL’s 18th club, this masthead has been told Perth will receive a special marquee player privilege where existing club sponsors can top-up a player’s contract by 20 ..."
"mel","Melbourne Storm","Xavier Coates","backup_baseline","","","","","","","","no_candidate_found","","","","","","",""
"mel","Melbourne Storm","Cameron Munster","backup_baseline","1","ntnews.com.au","27","contract_language|exact_player_name","true","Northern Territory News","Tue, 10 May 2016 15:00:00 GMT","player_focused_candidate_needs_article_review","Melbourne Storm lock down rising fullback Cameron Munster with two-year contract extension","https://www.ntnews.com.au/sport/nrl/teams/storm/melbourne-storm-lock-down-rising-fullback-cameron-munster-with-twoyear-contract-extension/news-story/fec9dcfa4127b242dbe9f453e6e49cfb","http://www.bing.com/news/apiclick.aspx?ref=FexRss&aid=&tid=6a52f8427481442e99833198e1331f77&url=https%3a%2f%2fwww.ntnews.com.au%2fsport%2fnrl%2fteams%2fstorm%2fmelbourne-storm-lock-down-rising-fullback-cameron-munster-with-twoyear-contract-extension%2fnews-story%2ffec9dcfa4127b242dbe9f453e6e49cfb&c=14856116830763397636&mkt=en-au","","https://www.ntnews.com.au/sport/nrl/teams/storm/melbourne-storm-lock-down-rising-fullback-cameron-munster-with-twoyear-contract-extension/news-story/fec9dcfa4127b242dbe9f453e6e49cfb","false","MELBOURNE Storm are celebrating a huge boost, after locking away one of the NRL’s brightest young stars with a new deal with the club. The Herald Sun understands Munster — already under contract until ..."
"mel","Melbourne Storm","Cameron Munster","backup_baseline","2","7news.com.au","7","money|contract_language|context_or_team_article","false","7NEWS Australia","Fri, 28 Oct 2022 02:27:00 GMT","team_or_context_candidate_needs_article_review","Ultimate NRL free agency preview: Your club’s out-of-contract stars and where they could end up","https://7news.com.au/sport/rugby-league/ultimate-nrl-free-agency-preview-your-clubs-out-of-contract-stars-and-where-they-could-end-up-c-8677336","http://www.bing.com/news/apiclick.aspx?ref=FexRss&aid=&tid=6a52f84423a746aa80120fb5541b4afd&url=https%3a%2f%2f7news.com.au%2fsport%2frugby-league%2fultimate-nrl-free-agency-preview-your-clubs-out-of-contract-stars-and-where-they-could-end-up-c-8677336&c=143273184193222445&mkt=en-au","","https://7news.com.au/sport/rugby-league/ultimate-nrl-free-agency-preview-your-clubs-out-of-contract-stars-and-where-they-could-end-up-c-8677336","false","Over $50 million worth of player talent will be free to negotiate with clubs for season 2024 and beyond when the NRL free agency period begins on November 1. Latrell Mitchell, Mit ..."
"mel","Melbourne Storm","Cameron Munster","backup_baseline","3","foxsports.com.au","6","money|context_or_team_article","false","Fox Sports","Sun, 14 Jun 2026 07:03:00 GMT","team_or_context_candidate_needs_article_review","Storm’s ploy to fend off $1.4m poaching raid for superstar playmaker: Transfer Whispers","https://www.foxsports.com.au/nrl/nrl-premiership/nrl-2026-cameron-munster-melbourne-storm-contract-extension-transfer-whispers-contracts-signings-news-videos-highlights/news-story/57b4be46df7f3663c8ebbdb372798463","http://www.bing.com/news/apiclick.aspx?ref=FexRss&aid=&tid=6a52f8427481442e99833198e1331f77&url=https%3a%2f%2fwww.foxsports.com.au%2fnrl%2fnrl-premiership%2fnrl-2026-cameron-munster-melbourne-storm-contract-extension-transfer-whispers-contracts-signings-news-videos-highlights%2fnews-story%2f57b4be46df7f3663c8ebbdb372798463&c=13254631660369305884&mkt=en-au","","https://www.foxsports.com.au/nrl/nrl-premiership/nrl-2026-cameron-munster-melbourne-storm-contract-extension-transfer-whispers-contracts-signings-news-videos-highlights/news-story/57b4be46df7f3663c8ebbdb372798463","false","WHAT'S GAMBLING REALLY COSTING YOU? Set a deposit limit. For Free and confidential support call 1800 858 858 or visit gamblinghelponline.org.au. Watch every game of every round of the Premiership ..."
"mel","Melbourne Storm","Cameron Munster","backup_baseline","4","theaustralian.com.au","4","contract_language|context_or_team_article","false","The Australian","Sun, 28 Jun 2026 04:34:00 GMT","team_or_context_candidate_needs_article_review","Nine’s Stan Sport dealt huge blow in NRL’s record $5bn rights deal","https://www.theaustralian.com.au/business/media/nines-stan-sport-dealt-huge-blow-in-nrls-record-5bn-rights-deal/news-story/cf3fb665174e25345610fd689a257a01","http://www.bing.com/news/apiclick.aspx?ref=FexRss&aid=&tid=6a52f8431b214d068fbf85d7795b7296&url=https%3a%2f%2fwww.theaustralian.com.au%2fbusiness%2fmedia%2fnines-stan-sport-dealt-huge-blow-in-nrls-record-5bn-rights-deal%2fnews-story%2fcf3fb665174e25345610fd689a257a01&c=9625671747989068122&mkt=en-au","","https://www.theaustralian.com.au/business/media/nines-stan-sport-dealt-huge-blow-in-nrls-record-5bn-rights-deal/news-story/cf3fb665174e25345610fd689a257a01","false","Rival NRL bidders Foxtel and Nine are both privately claiming victory in the bitter fight for the sport’s lucrative long-term rights after it emerged that the existing arrangements will largely remain ..."
"mel","Melbourne Storm","Cameron Munster","backup_baseline","5","msn.com","3","money|contract_language|context_or_team_article","false","Man of Many on MSN","Tue, 30 Jun 2026 15:06:27 GMT","context_only_untrusted_domain","10 highest paid NRL players for 2026","https://www.msn.com/en-au/sport/rugby_league/10-highest-paid-nrl-players-for-2026/ar-AA2719cA","http://www.bing.com/news/apiclick.aspx?ref=FexRss&aid=&tid=6a52f8427481442e99833198e1331f77&url=https%3a%2f%2fwww.msn.com%2fen-au%2fsport%2frugby_league%2f10-highest-paid-nrl-players-for-2026%2far-AA2719cA&c=3173818839366038056&mkt=en-au","","https://www.msn.com/en-au/sport/rugby_league/10-highest-paid-nrl-players-for-2026/ar-AA2719cA","false","Driven by expanding club salary caps, rugby league’s elite stars are securing record-shattering paydays for the 2026 NRL season. Led by Dylan Brown’s historic $13 million move, this list looks at the ..."
"mel","Melbourne Storm","Cameron Munster","backup_baseline","6","msn.com","3","money|contract_language|context_or_team_article","false","The Sydney Morning Herald on MSN","Tue, 30 Jun 2026 21:37:58 GMT","context_only_untrusted_domain","New broadcast deal could push NRL salary cap up to $20m by 2028","https://www.msn.com/en-au/news/australia/new-broadcast-deal-could-push-nrl-salary-cap-up-to-20m-by-2028/ar-AA26H5IM","http://www.bing.com/news/apiclick.aspx?ref=FexRss&aid=&tid=6a52f843f9724b23ad06f8b6b37c9a32&url=https%3a%2f%2fwww.msn.com%2fen-au%2fnews%2faustralia%2fnew-broadcast-deal-could-push-nrl-salary-cap-up-to-20m-by-2028%2far-AA26H5IM&c=15095945392879639673&mkt=en-au","","https://www.msn.com/en-au/news/australia/new-broadcast-deal-could-push-nrl-salary-cap-up-to-20m-by-2028/ar-AA26H5IM","false","A rich new broadcast deal means more money coming into the game. The biggest winners will be the star players, who could soon demand up to $2 million per season."
"mel","Melbourne Storm","Cameron Munster","backup_baseline","7","loverugbyleague.com","0","contract_language|context_or_team_article","false","LoveRugbyLeague","Sun, 28 Jun 2026 02:02:00 GMT","context_only_untrusted_domain","NRL salary cap to go up AGAIN as Super League gulf widens further","https://www.loverugbyleague.com/post/nrl-salary-cap-to-go-up-again-as-super-league-gulf-widens-further","http://www.bing.com/news/apiclick.aspx?ref=FexRss&aid=&tid=6a52f843f9724b23ad06f8b6b37c9a32&url=https%3a%2f%2fwww.loverugbyleague.com%2fpost%2fnrl-salary-cap-to-go-up-again-as-super-league-gulf-widens-further&c=2927841752005492089&mkt=en-au","","https://www.loverugbyleague.com/post/nrl-salary-cap-to-go-up-again-as-super-league-gulf-widens-further","false","The NRL's salary cap will reach astronomical new heights as a result of its latest broadcast deal: leaving Super League trailing behind."
"mel","Melbourne Storm","Cameron Munster","backup_baseline","8","msn.com","0","contract_language|context_or_team_article","false","LoveRugbyLeague on MSN","Sun, 28 Jun 2026 01:58:52 GMT","context_only_untrusted_domain","NRL salary cap to go up again as Super League gulf widens further","https://www.msn.com/en-us/sports/rugbyleague/nrl-salary-cap-to-go-up-again-as-super-league-gulf-widens-further/ar-AA26IFdE","http://www.bing.com/news/apiclick.aspx?ref=FexRss&aid=&tid=6a52f8431b214d068fbf85d7795b7296&url=https%3a%2f%2fwww.msn.com%2fen-us%2fsports%2frugbyleague%2fnrl-salary-cap-to-go-up-again-as-super-league-gulf-widens-further%2far-AA26IFdE&c=16124994384162648722&mkt=en-au","","https://www.msn.com/en-us/sports/rugbyleague/nrl-salary-cap-to-go-up-again-as-super-league-gulf-widens-further/ar-AA26IFdE","false","The difference is stark."
"mel","Melbourne Storm","Jahrome Hughes","backup_baseline","1","goldcoastbulletin.com.au","27","contract_language|exact_player_name","true","Gold Coast Sun","Sat, 20 Feb 2021 08:21:00 GMT","player_focused_candidate_needs_article_review","NRL 2021: Warriors make huge play to lure Melbourne star Jahrome Hughes to New Zealand","https://www.goldcoastbulletin.com.au/sport/nrl/nrl-2021-warriors-make-huge-play-to-lure-melbourne-star-jahrome-hughes-to-new-zealand/news-story/d85136d436f9ef413ddfa147162730aa","http://www.bing.com/news/apiclick.aspx?ref=FexRss&aid=&tid=6a52f847ae424c9b909d93adfaa93ad8&url=https%3a%2f%2fwww.goldcoastbulletin.com.au%2fsport%2fnrl%2fnrl-2021-warriors-make-huge-play-to-lure-melbourne-star-jahrome-hughes-to-new-zealand%2fnews-story%2fd85136d436f9ef413ddfa147162730aa&c=13944370180631329959&mkt=en-au","","https://www.goldcoastbulletin.com.au/sport/nrl/nrl-2021-warriors-make-huge-play-to-lure-melbourne-star-jahrome-hughes-to-new-zealand/news-story/d85136d436f9ef413ddfa147162730aa","false","The Sunday Mail can reveal the Storm have tabled an increased deal to Hughes in the wake of an aggressive poaching bid from the Warriors, who have offered him a three-year deal worth more than $2.5 ..."
"mel","Melbourne Storm","Stefano Utoikamanu","backup_baseline","","","","","","","","no_candidate_found","","","","","","",""
"mel","Melbourne Storm","Harry Grant","backup_baseline","","","","","","","","no_candidate_found","","","","","","",""
"mel","Melbourne Storm","Josh King","backup_baseline","","","","","","","","no_candidate_found","","","","","","",""
"mel","Melbourne Storm","Shawn Blore","backup_baseline","1","au.sports.yahoo.com","30","contract_language|term_language|exact_player_name","true","Yahoo Sport Australia","Wed, 10 Jun 2026 17:00:00 GMT","player_focused_candidate_needs_article_review","Why Shawn Blore’s reported next NRL club makes no sense","https://au.sports.yahoo.com/why-shawn-blore-reported-next-053528157.html","http://www.bing.com/news/apiclick.aspx?ref=FexRss&aid=&tid=6a52f86827524be69997ca9a792187a9&url=https%3a%2f%2fau.sports.yahoo.com%2fwhy-shawn-blore-reported-next-053528157.html&c=13682286857739755136&mkt=en-au","","https://au.sports.yahoo.com/why-shawn-blore-reported-next-053528157.html","false","Melbourne Storm star Shawn Blore appears to have taken a step towards returning to Sydney at the end of his deal with the Melbourne Storm. Off-contract at the end of 2026, Blore has been able to ..."
"mel","Melbourne Storm","Joe Chan","backup_baseline","","","","","","","","no_candidate_found","","","","","","",""
"mel","Melbourne Storm","Trent Loiero","backup_baseline","","","","","","","","no_candidate_found","","","","","","",""
"mel","Melbourne Storm","Tyran Wishart","backup_baseline","1","theaustralian.com.au","7","money|contract_language|context_or_team_article","false","The Australian","Tue, 23 Jun 2026 12:10:00 GMT","team_or_context_candidate_needs_article_review","NRL to grant Perth Bears $500k salary cap concessions in landmark third-party arrangement","https://www.theaustralian.com.au/sport/nrl/nrl-to-grant-perth-bears-500k-salary-cap-concessions-in-landmark-thirdparty-arrangement/news-story/0c5c097536d723f0d0cb46c86fd051ff","http://www.bing.com/news/apiclick.aspx?ref=FexRss&aid=&tid=6a52f877577e4c628a48abf5c06d0119&url=https%3a%2f%2fwww.theaustralian.com.au%2fsport%2fnrl%2fnrl-to-grant-perth-bears-500k-salary-cap-concessions-in-landmark-thirdparty-arrangement%2fnews-story%2f0c5c097536d723f0d0cb46c86fd051ff&c=12198983378905941191&mkt=en-au","","https://www.theaustralian.com.au/sport/nrl/nrl-to-grant-perth-bears-500k-salary-cap-concessions-in-landmark-thirdparty-arrangement/news-story/0c5c097536d723f0d0cb46c86fd051ff","false","In a historic development for the NRL’s 18th club, this masthead has been told Perth will receive a special marquee player privilege where existing club sponsors can top-up a player’s contract by 20 ..."
"mel","Melbourne Storm","Tyran Wishart","backup_baseline","2","au.sports.yahoo.com","4","contract_language|context_or_team_article","false","Yahoo Sport Australia","Thu, 07 May 2026 17:00:00 GMT","team_or_context_candidate_needs_article_review","The SEVEN current best value for money contracts in the NRL","https://au.sports.yahoo.com/seven-current-best-value-money-214941645.html","http://www.bing.com/news/apiclick.aspx?ref=FexRss&aid=&tid=6a52f87b9e7b4d0ca8fb0e23cb8adcf8&url=https%3a%2f%2fau.sports.yahoo.com%2fseven-current-best-value-money-214941645.html&c=14537114608194793438&mkt=en-au","","https://au.sports.yahoo.com/seven-current-best-value-money-214941645.html","false","The beauty of the salary cap is that it is supposed to level the playing field for all NRL teams. There is enough space for stars, but not multiple, meaning rosters need to be carefully crafted so ..."
"mel","Melbourne Storm","Cooper Clarke","backup_baseline","","","","","","","","no_candidate_found","","","","","","",""
"mel","Melbourne Storm","Alec MacDonald","backup_baseline","","","","","","","","no_candidate_found","","","","","","",""
"mel","Melbourne Storm","Tui Kamikamica","backup_baseline","1","sportingnews.com","23","contract_language|exact_player_name","true","Sporting News","Thu, 05 Jun 2025 00:45:00 GMT","context_only_untrusted_domain","Tui Kamikamica could be set for Storm exit after nine-year stay in Melbourne","https://www.sportingnews.com/au/rugby-league/news/tui-kamikamica-contract-exit-storm/01c16eab74ce3ad09a8efd79","http://www.bing.com/news/apiclick.aspx?ref=FexRss&aid=&tid=6a52f88c34e0437c9b34a4cd81dd6065&url=https%3a%2f%2fwww.sportingnews.com%2fau%2frugby-league%2fnews%2ftui-kamikamica-contract-exit-storm%2f01c16eab74ce3ad09a8efd79&c=6857685062881080664&mkt=en-au","","https://www.sportingnews.com/au/rugby-league/news/tui-kamikamica-contract-exit-storm/01c16eab74ce3ad09a8efd79","false","Tui Kamikamica’s long Melbourne Storm career could be nearing its end, with the Brisbane Broncos reportedly circling the Fijian international for a 2026 move. The 29-year-old prop has a club option ..."
"mel","Melbourne Storm","Ativalu Lisati","bucket_unknown","","","","","","","","no_candidate_found","","","","","","",""
"mel","Melbourne Storm","Davvy Moale","bucket_unknown","","","","","","","","no_candidate_found","","","","","","",""
"mel","Melbourne Storm","Gabriel Satrick","bucket_unknown","","","","","","","","no_candidate_found","","","","","","",""
"mel","Melbourne Storm","Jack Hetherington","bucket_unknown","1","news.com.au","4","contract_language|context_or_team_article","false","Couriermail","Sat, 24 Jun 2023 14:55:00 GMT","team_or_context_candidate_needs_article_review","NRL Rich 100: The nine big-name players who lead an exodus from rugby league’s top earners","https://www.news.com.au/sport/nrl/nrl-rich-100-the-nine-bigname-players-who-lead-an-exodus-from-rugby-leagues-top-earners/news-story/e2f30bc3424a9d841804ed26b94dd45a","http://www.bing.com/news/apiclick.aspx?ref=FexRss&aid=&tid=6a52f8a7ce374874bc6ce20979995aa4&url=https%3a%2f%2fwww.news.com.au%2fsport%2fnrl%2fnrl-rich-100-the-nine-bigname-players-who-lead-an-exodus-from-rugby-leagues-top-earners%2fnews-story%2fe2f30bc3424a9d841804ed26b94dd45a&c=5857949615441391209&mkt=en-au","","https://www.news.com.au/sport/nrl/nrl-rich-100-the-nine-bigname-players-who-lead-an-exodus-from-rugby-leagues-top-earners/news-story/e2f30bc3424a9d841804ed26b94dd45a","false","The NRL has undergone a massive shake-up in its top earners as an exodus of ageing talent and the emergence of a host of young stars transforms the salary landscape. A months-long special ..."
"mel","Melbourne Storm","Josiah Pahulu","bucket_unknown","","","","","","","","no_candidate_found","","","","","","",""
"mel","Melbourne Storm","Lazarus Vaalepu","bucket_unknown","","","","","","","","no_candidate_found","","","","","","",""
"mel","Melbourne Storm","Manaia Waitere","bucket_unknown","","","","","","","","no_candidate_found","","","","","","",""
"mel","Melbourne Storm","Marion Seve","bucket_unknown","1","smh.com.au","10","money|contract_language|context_or_team_article","false","Sydney Morning Herald","Fri, 26 Jun 2026 17:01:00 GMT","team_or_context_candidate_needs_article_review","New broadcast deal could push NRL salary cap up to $20m by 2028","https://www.smh.com.au/sport/nrl/new-broadcast-deal-could-push-nrl-salary-cap-up-to-20m-by-2028-20260627-p60ak2.html","http://www.bing.com/news/apiclick.aspx?ref=FexRss&aid=&tid=6a52f8c0855a463faaeca38bb447e919&url=https%3a%2f%2fwww.smh.com.au%2fsport%2fnrl%2fnew-broadcast-deal-could-push-nrl-salary-cap-up-to-20m-by-2028-20260627-p60ak2.html&c=16384154360396862290&mkt=en-au","","https://www.smh.com.au/sport/nrl/new-broadcast-deal-could-push-nrl-salary-cap-up-to-20m-by-2028-20260627-p60ak2.html","false","You have reached your maximum number of saved items. Remove items from your saved list to add more. The new multibillion-dollar broadcast rights deal could push the salary cap as high as $20 million ..."
"mel","Melbourne Storm","Moses Leo","bucket_unknown","","","","","","","","no_candidate_found","","","","","","",""
"mel","Melbourne Storm","Siulagi Tuimalata-Brown","bucket_unknown","","","","","","","","no_candidate_found","","","","","","",""
"mel","Melbourne Storm","Trent Toelau","bucket_unknown","","","","","","","","no_candidate_found","","","","","","",""
"nzl","New Zealand Warriors","Charnze Nicoll-Klokstad","backup_baseline","","","","","","","","no_candidate_found","","","","","","",""
"nzl","New Zealand Warriors","Dallin Watene-Zelezniak","backup_baseline","1","rnz.co.nz","30","contract_language|term_language|exact_player_name","true","RNZ","Sun, 05 Jul 2026 23:51:00 GMT","player_focused_candidate_needs_article_review","NZ Warriors star Dallin Watene-Zelezniak extends contract through 2028","https://www.rnz.co.nz/news/sport/680770/nz-warriors-star-dallin-watene-zelezniak-extends-contract-through-2028","http://www.bing.com/news/apiclick.aspx?ref=FexRss&aid=&tid=6a52f8e0ba8d48ba852a9fd4d3730ae3&url=https%3a%2f%2fwww.rnz.co.nz%2fnews%2fsport%2f680770%2fnz-warriors-star-dallin-watene-zelezniak-extends-contract-through-2028&c=5937248491066579245&mkt=en-au","","https://www.rnz.co.nz/news/sport/680770/nz-warriors-star-dallin-watene-zelezniak-extends-contract-through-2028","false","NZ Warriors coach Andrew Webster has seen his wish granted, with tryscoring wing Dallin Watene-Zelezniak locked into a contract extension that will see him stay at Mt Smart until the end of 2028."
"nzl","New Zealand Warriors","Dallin Watene-Zelezniak","backup_baseline","2","dailytelegraph.com.au","30","contract_language|exact_player_name","true","The Daily Telegraph","Sun, 21 Jun 2026 06:39:00 GMT","player_focused_candidate_needs_article_review","Dallin Watene-Zelezniak to sign Warriors extension","https://www.dailytelegraph.com.au/sport/nrl/dallin-watenezelezniak-to-sign-warriors-extension/news-story/02106a40d047e5eb76f62519ab0174eb","http://www.bing.com/news/apiclick.aspx?ref=FexRss&aid=&tid=6a52f8e023044080943124aa1fbd226d&url=https%3a%2f%2fwww.dailytelegraph.com.au%2fsport%2fnrl%2fdallin-watenezelezniak-to-sign-warriors-extension%2fnews-story%2f02106a40d047e5eb76f62519ab0174eb&c=17235994623684809865&mkt=en-au","","https://www.dailytelegraph.com.au/sport/nrl/dallin-watenezelezniak-to-sign-warriors-extension/news-story/02106a40d047e5eb76f62519ab0174eb","false","Ahead of Sunday’s clash with the Cowboys in Christchurch, the 30-year-old is preparing to take his career at the Warriors to a seventh season by signing a new 12-month contract. A cult figure among ..."
"nzl","New Zealand Warriors","Rocco Berry","backup_baseline","","","","","","","","no_candidate_found","","","","","","",""
"nzl","New Zealand Warriors","Adam Pompey","backup_baseline","","","","","","","","no_candidate_found","","","","","","",""
"nzl","New Zealand Warriors","Roger Tuivasa-Sheck","backup_baseline","1","dailytelegraph.com.au","27","exact_player_name","true","The Daily Telegraph","Mon, 25 May 2026 17:29:00 GMT","player_focused_candidate_needs_article_review","‘ACL confirmed’: Roger Tuivasa-Sheck’s NRL career is over after devastating knee injury confirmed","https://www.dailytelegraph.com.au/sport/nrl/acl-confirmed-roger-tuivasashecks-nrl-career-is-over-after-devastating-knee-injury-confirmed/news-story/e8a505b13b0c17fcdf6c6c5c43feae90","http://www.bing.com/news/apiclick.aspx?ref=FexRss&aid=&tid=6a52f8f3d1444c308de14e54f1084e33&url=https%3a%2f%2fwww.dailytelegraph.com.au%2fsport%2fnrl%2facl-confirmed-roger-tuivasashecks-nrl-career-is-over-after-devastating-knee-injury-confirmed%2fnews-story%2fe8a505b13b0c17fcdf6c6c5c43feae90&c=9952146680948190053&mkt=en-au","","https://www.dailytelegraph.com.au/sport/nrl/acl-confirmed-roger-tuivasashecks-nrl-career-is-over-after-devastating-knee-injury-confirmed/news-story/e8a505b13b0c17fcdf6c6c5c43feae90","false","Tuivasa-Sheck, 32, will leave the Warriors at the end of the year to join Super League side Wakefield Trinity for the next two seasons. It’s a brutal way for his NRL career to end, with Tuivasa-Sheck ..."
"nzl","New Zealand Warriors","Roger Tuivasa-Sheck","backup_baseline","2","foxsports.com.au","26","exact_player_name","true","Fox Sports","Sun, 24 May 2026 17:00:00 GMT","player_focused_candidate_needs_article_review","BREAKING: Warriors confirm Roger Tuivasa-Sheck ACL fears as legend’s NRL career over","https://www.foxsports.com.au/nrl/nrl-premiership/nrl-2026-fears-roger-tuivasasheck-has-suffered-torn-acl-update-career-over-warriors/news-story/de699aeb7d2bd403090e39849b0e1a0e","http://www.bing.com/news/apiclick.aspx?ref=FexRss&aid=&tid=6a52f8f4503d4bddadda4a96f33cc917&url=https%3a%2f%2fwww.foxsports.com.au%2fnrl%2fnrl-premiership%2fnrl-2026-fears-roger-tuivasasheck-has-suffered-torn-acl-update-career-over-warriors%2fnews-story%2fde699aeb7d2bd403090e39849b0e1a0e&c=4052095171246497534&mkt=en-au","","https://www.foxsports.com.au/nrl/nrl-premiership/nrl-2026-fears-roger-tuivasasheck-has-suffered-torn-acl-update-career-over-warriors/news-story/de699aeb7d2bd403090e39849b0e1a0e","false","WHAT'S GAMBLING REALLY COSTING YOU? Set a deposit limit. For Free and confidential support call 1800 858 858 or visit gamblinghelponline.org.au. “That’s my footy for the year. ACL confirmed. Tough to ..."
"nzl","New Zealand Warriors","Roger Tuivasa-Sheck","backup_baseline","3","au.sports.yahoo.com","24","exact_player_name","true","Yahoo Sport Australia","Sun, 24 May 2026 17:00:00 GMT","player_focused_candidate_needs_article_review","Has Roger Tuivasa-Sheck played his last NRL game?","https://au.sports.yahoo.com/roger-tuivasa-sheck-played-last-011527641.html","http://www.bing.com/news/apiclick.aspx?ref=FexRss&aid=&tid=6a52f8f317a04e0fb8f404ef66496858&url=https%3a%2f%2fau.sports.yahoo.com%2froger-tuivasa-sheck-played-last-011527641.html&c=13881352323387223469&mkt=en-au","","https://au.sports.yahoo.com/roger-tuivasa-sheck-played-last-011527641.html","false","There are major fears Roger Tuivasa-Sheck has played his last game in the NRL following the New Zealand Warriors star hobbling off the field at Kogarah on Saturday night. The New Zealand Warriors went ..."
"nzl","New Zealand Warriors","Roger Tuivasa-Sheck","backup_baseline","4","news.com.au","24","exact_player_name","true","Couriermail","Mon, 25 May 2026 17:56:00 GMT","player_focused_candidate_needs_article_review","‘ACL confirmed’: Roger Tuivasa-Sheck’s NRL career is over after devastating knee injury confirmed","https://www.news.com.au/sport/nrl/acl-confirmed-roger-tuivasashecks-nrl-career-is-over-after-devastating-knee-injury-confirmed/news-story/e8a505b13b0c17fcdf6c6c5c43feae90","http://www.bing.com/news/apiclick.aspx?ref=FexRss&aid=&tid=6a52f8f5f0fa4ea2ab556b5ec99fd14c&url=https%3a%2f%2fwww.news.com.au%2fsport%2fnrl%2facl-confirmed-roger-tuivasashecks-nrl-career-is-over-after-devastating-knee-injury-confirmed%2fnews-story%2fe8a505b13b0c17fcdf6c6c5c43feae90&c=3373906581386087180&mkt=en-au","","https://www.news.com.au/sport/nrl/acl-confirmed-roger-tuivasashecks-nrl-career-is-over-after-devastating-knee-injury-confirmed/news-story/e8a505b13b0c17fcdf6c6c5c43feae90","false","Tuivasa-Sheck, 32, will leave the Warriors at the end of the year to join Super League side Wakefield Trinity for the next two seasons. It’s a brutal way for his NRL career to end, with Tuivasa-Sheck ..."
"nzl","New Zealand Warriors","Luke Metcalf","backup_baseline","1","dailytelegraph.com.au","33","money|contract_language|exact_player_name","true","The Daily Telegraph","Thu, 14 May 2026 11:45:00 GMT","player_focused_candidate_needs_article_review","Luke Metcalf agrees to join St George Illawarra Dragons on three-year deal","https://www.dailytelegraph.com.au/sport/dragons-in-box-seat-to-sign-luke-metcalf-as-canterbury-pulls-out/news-story/40c8d2814940c3fe3ea1ea9da6178d64","http://www.bing.com/news/apiclick.aspx?ref=FexRss&aid=&tid=6a52f8f9a1be404c8edabeb4feca31f3&url=https%3a%2f%2fwww.dailytelegraph.com.au%2fsport%2fdragons-in-box-seat-to-sign-luke-metcalf-as-canterbury-pulls-out%2fnews-story%2f40c8d2814940c3fe3ea1ea9da6178d64&c=11670707013364410153&mkt=en-au","","https://www.dailytelegraph.com.au/sport/dragons-in-box-seat-to-sign-luke-metcalf-as-canterbury-pulls-out/news-story/40c8d2814940c3fe3ea1ea9da6178d64","false","It is understood Metcalf has agreed to a three-year contract worth about $900,000 a season as the Dragons look to fast-trick their rise from the bottom of the premiership ladder. Metcalf flew to ..."
"nzl","New Zealand Warriors","Luke Metcalf","backup_baseline","2","foxsports.com.au","29","money|exact_player_name","true","Fox Sports","Thu, 14 May 2026 12:22:00 GMT","player_focused_candidate_needs_article_review","Dragons confirm ‘significant’ $2.7m coup as Luke Metcalf signs on","https://www.foxsports.com.au/nrl/nrl-premiership/nrl-2026-luke-metcalf-signs-threeyear-deal-with-dragons-contract-details-pay-warriors/news-story/5221c4895130a16c0378b74f3833af16","http://www.bing.com/news/apiclick.aspx?ref=FexRss&aid=&tid=6a52f8fac1ae44e983697f66de2dd1f4&url=https%3a%2f%2fwww.foxsports.com.au%2fnrl%2fnrl-premiership%2fnrl-2026-luke-metcalf-signs-threeyear-deal-with-dragons-contract-details-pay-warriors%2fnews-story%2f5221c4895130a16c0378b74f3833af16&c=2884002284817958748&mkt=en-au","","https://www.foxsports.com.au/nrl/nrl-premiership/nrl-2026-luke-metcalf-signs-threeyear-deal-with-dragons-contract-details-pay-warriors/news-story/5221c4895130a16c0378b74f3833af16","false","WHAT'S GAMBLING REALLY COSTING YOU? Set a deposit limit. For Free and confidential support call 1800 858 858 or visit gamblinghelponline.org.au. Metcalf had been given permission by the Warriors to ..."
"nzl","New Zealand Warriors","Luke Metcalf","backup_baseline","3","couriermail.com.au","27","contract_language|exact_player_name","true","The Courier-Mail","Thu, 14 May 2026 11:45:00 GMT","player_focused_candidate_needs_article_review","Luke Metcalf agrees to join St George Illawarra Dragons on three-year deal","https://www.couriermail.com.au/sport/dragons-in-box-seat-to-sign-luke-metcalf-as-canterbury-pulls-out/news-story/40c8d2814940c3fe3ea1ea9da6178d64","http://www.bing.com/news/apiclick.aspx?ref=FexRss&aid=&tid=6a52f8f9a1be404c8edabeb4feca31f3&url=https%3a%2f%2fwww.couriermail.com.au%2fsport%2fdragons-in-box-seat-to-sign-luke-metcalf-as-canterbury-pulls-out%2fnews-story%2f40c8d2814940c3fe3ea1ea9da6178d64&c=1829303065393215810&mkt=en-au","","https://www.couriermail.com.au/sport/dragons-in-box-seat-to-sign-luke-metcalf-as-canterbury-pulls-out/news-story/40c8d2814940c3fe3ea1ea9da6178d64","false","St George Illawarra are set to secure their second key spine member in as many months with star Warriors playmaker Luke Metcalf agreeing to a long-term deal. It is understood Metcalf has agreed to a ..."
"nzl","New Zealand Warriors","Luke Metcalf","backup_baseline","4","au.sports.yahoo.com","24","exact_player_name","true","Yahoo Sport Australia","Mon, 11 May 2026 17:00:00 GMT","player_focused_candidate_needs_article_review","FIVE potential landing spots for Luke Metcalf","https://au.sports.yahoo.com/five-potential-landing-spots-luke-205612259.html","http://www.bing.com/news/apiclick.aspx?ref=FexRss&aid=&tid=6a52f8f82f6949deb932496a43548735&url=https%3a%2f%2fau.sports.yahoo.com%2ffive-potential-landing-spots-luke-205612259.html&c=15946213840398262469&mkt=en-au","","https://au.sports.yahoo.com/five-potential-landing-spots-luke-205612259.html","false","The Luke Metcalf saga at the New Zealand Warriors has taken a significant turn. Once earmarked as the long-term successor to Shaun Johnson, the 27-year-old now finds himself in an awkward position."
"nzl","New Zealand Warriors","Luke Metcalf","backup_baseline","5","couriermail.com.au","24","exact_player_name","true","The Courier-Mail","Mon, 11 May 2026 20:44:00 GMT","player_focused_candidate_needs_article_review","New Zealand Warriors’ frosty response as Luke Metcalf seeks exit","https://www.couriermail.com.au/sport/nrl/nrl-bombshell-as-new-zealand-warriors-star-luke-metcalf-seeks-exit/news-story/1bb2726ed79d4409d38ee52948572b89","http://www.bing.com/news/apiclick.aspx?ref=FexRss&aid=&tid=6a52f8f82f6949deb932496a43548735&url=https%3a%2f%2fwww.couriermail.com.au%2fsport%2fnrl%2fnrl-bombshell-as-new-zealand-warriors-star-luke-metcalf-seeks-exit%2fnews-story%2f1bb2726ed79d4409d38ee52948572b89&c=13972171412231902576&mkt=en-au","","https://www.couriermail.com.au/sport/nrl/nrl-bombshell-as-new-zealand-warriors-star-luke-metcalf-seeks-exit/news-story/1bb2726ed79d4409d38ee52948572b89","false","Watch every game of every round of the Premiership Season LIVE with no ad-breaks during play on FOX LEAGUE, available on Kayo Sports | New to Kayo? Join now and get your first month for just $1. “The ..."
"nzl","New Zealand Warriors","Luke Metcalf","backup_baseline","6","goldcoastbulletin.com.au","24","exact_player_name","true","Gold Coast Sun","Tue, 12 May 2026 09:53:00 GMT","player_focused_candidate_needs_article_review","Luke Metcalf appears destined for Warriors exit after major call following Tanah Boyd re-signing","https://www.goldcoastbulletin.com.au/sport/nrl/teams/warriors/tanah-boyd-commits-to-warriors-as-huge-new-deal-sparks-casts-doubt-on-luke-metcalfs-future/news-story/1d202d4ff6daf3c98ca9910632897286","http://www.bing.com/news/apiclick.aspx?ref=FexRss&aid=&tid=6a52f8f82f6949deb932496a43548735&url=https%3a%2f%2fwww.goldcoastbulletin.com.au%2fsport%2fnrl%2fteams%2fwarriors%2ftanah-boyd-commits-to-warriors-as-huge-new-deal-sparks-casts-doubt-on-luke-metcalfs-future%2fnews-story%2f1d202d4ff6daf3c98ca9910632897286&c=17337900506667485200&mkt=en-au","","https://www.goldcoastbulletin.com.au/sport/nrl/teams/warriors/tanah-boyd-commits-to-warriors-as-huge-new-deal-sparks-casts-doubt-on-luke-metcalfs-future/news-story/1d202d4ff6daf3c98ca9910632897286","false","Metcalf was been sensationally left out of the Warriors’ entire 22-man squad for Sunday’s NRL Magic Round clash with premiers Brisbane while he considers his future beyond this season. Warriors chief ..."
"nzl","New Zealand Warriors","Tanah Boyd","backup_baseline","1","news.com.au","27","contract_language|exact_player_name","true","Couriermail","Fri, 22 May 2026 07:02:00 GMT","player_focused_candidate_needs_article_review","Injured halfback Tanah Boyd locked in to Warriors on new deal","https://www.news.com.au/sport/nrl/injured-halfback-tanah-boyd-locked-in-to-warriors-on-new-deal/news-story/57c2f12bef44f9eb9eacbd3406c35dd0","http://www.bing.com/news/apiclick.aspx?ref=FexRss&aid=&tid=6a52f8fe9b9c4902962ec7e1ab250559&url=https%3a%2f%2fwww.news.com.au%2fsport%2fnrl%2finjured-halfback-tanah-boyd-locked-in-to-warriors-on-new-deal%2fnews-story%2f57c2f12bef44f9eb9eacbd3406c35dd0&c=10370985828625332622&mkt=en-au","","https://www.news.com.au/sport/nrl/injured-halfback-tanah-boyd-locked-in-to-warriors-on-new-deal/news-story/57c2f12bef44f9eb9eacbd3406c35dd0","false","The three-year contract extension will keep the 25-year-old at the Warriors until the end of the 2029 NRL season. Boyd ruptured the anterior cruciate ligament (ACL) in his right knee in the opening ..."
"nzl","New Zealand Warriors","Tanah Boyd","backup_baseline","2","goldcoastbulletin.com.au","24","exact_player_name","true","Gold Coast Sun","Tue, 12 May 2026 09:53:00 GMT","player_focused_candidate_needs_article_review","Luke Metcalf appears destined for Warriors exit after major call following Tanah Boyd re-signing","https://www.goldcoastbulletin.com.au/sport/nrl/teams/warriors/tanah-boyd-commits-to-warriors-as-huge-new-deal-sparks-casts-doubt-on-luke-metcalfs-future/news-story/1d202d4ff6daf3c98ca9910632897286","http://www.bing.com/news/apiclick.aspx?ref=FexRss&aid=&tid=6a52f8fe9b9c4902962ec7e1ab250559&url=https%3a%2f%2fwww.goldcoastbulletin.com.au%2fsport%2fnrl%2fteams%2fwarriors%2ftanah-boyd-commits-to-warriors-as-huge-new-deal-sparks-casts-doubt-on-luke-metcalfs-future%2fnews-story%2f1d202d4ff6daf3c98ca9910632897286&c=17337900506667485200&mkt=en-au","","https://www.goldcoastbulletin.com.au/sport/nrl/teams/warriors/tanah-boyd-commits-to-warriors-as-huge-new-deal-sparks-casts-doubt-on-luke-metcalfs-future/news-story/1d202d4ff6daf3c98ca9910632897286","false","Metcalf was been sensationally left out of the Warriors’ entire 22-man squad for Sunday’s NRL Magic Round clash with premiers Brisbane while he considers his future beyond this season. Warriors chief ..."
"nzl","New Zealand Warriors","James Fisher-Harris","backup_baseline","1","au.sports.yahoo.com","4","contract_language|context_or_team_article","false","Yahoo Sport Australia","Thu, 07 May 2026 17:00:00 GMT","team_or_context_candidate_needs_article_review","The SEVEN current best value for money contracts in the NRL","https://au.sports.yahoo.com/seven-current-best-value-money-214941645.html","http://www.bing.com/news/apiclick.aspx?ref=FexRss&aid=&tid=6a52f9081a3f4ad69e4ee6d73c075b21&url=https%3a%2f%2fau.sports.yahoo.com%2fseven-current-best-value-money-214941645.html&c=14537114608194793438&mkt=en-au","","https://au.sports.yahoo.com/seven-current-best-value-money-214941645.html","false","The beauty of the salary cap is that it is supposed to level the playing field for all NRL teams. There is enough space for stars, but not multiple, meaning rosters need to be carefully crafted so ..."
"nzl","New Zealand Warriors","Wayde Egan","backup_baseline","","","","","","","","no_candidate_found","","","","","","",""
"nzl","New Zealand Warriors","Jackson Ford","backup_baseline","","","","","","","","no_candidate_found","","","","","","",""
"nzl","New Zealand Warriors","Kurt Capewell","backup_baseline","1","rnz.co.nz","27","contract_language|exact_player_name","true","RNZ","Tue, 07 Jul 2026 20:03:00 GMT","player_focused_candidate_needs_article_review","Warriors turn attention to retaining Origin star Kurt Capewell","https://www.rnz.co.nz/news/sport/686527/warriors-turn-attention-to-retaining-origin-star-kurt-capewell","http://www.bing.com/news/apiclick.aspx?ref=FexRss&aid=&tid=6a52f919d3534039bb919e2f62d43739&url=https%3a%2f%2fwww.rnz.co.nz%2fnews%2fsport%2f686527%2fwarriors-turn-attention-to-retaining-origin-star-kurt-capewell&c=7348085527835070549&mkt=en-au","","https://www.rnz.co.nz/news/sport/686527/warriors-turn-attention-to-retaining-origin-star-kurt-capewell","false","NZ Warriors coach Andrew Webster seems quietly confident of retaining Origin star Kurt Capewell beyond the end of his contract this season. The Auckland-based NRL club has already had a great week on ..."
"nzl","New Zealand Warriors","Leka Halasima","backup_baseline","","","","","","","","no_candidate_found","","","","","","",""
"nzl","New Zealand Warriors","Mitch Barnett","backup_baseline","","","","","","","","no_candidate_found","","","","","","",""
"nzl","New Zealand Warriors","Chanel Tevita-Harris","backup_baseline","1","dailytelegraph.com.au","10","money|contract_language|context_or_team_article","false","The Daily Telegraph","Tue, 23 Jun 2026 12:12:00 GMT","team_or_context_candidate_needs_article_review","NRL to grant Perth Bears $500k salary cap concessions in landmark third-party arrangement","https://www.dailytelegraph.com.au/sport/nrl/nrl-to-grant-perth-bears-500k-salary-cap-concessions-in-landmark-thirdparty-arrangement/news-story/0c5c097536d723f0d0cb46c86fd051ff","http://www.bing.com/news/apiclick.aspx?ref=FexRss&aid=&tid=6a52f92bccfa414489b9abd7e5dfe8e9&url=https%3a%2f%2fwww.dailytelegraph.com.au%2fsport%2fnrl%2fnrl-to-grant-perth-bears-500k-salary-cap-concessions-in-landmark-thirdparty-arrangement%2fnews-story%2f0c5c097536d723f0d0cb46c86fd051ff&c=13072428604770190172&mkt=en-au","","https://www.dailytelegraph.com.au/sport/nrl/nrl-to-grant-perth-bears-500k-salary-cap-concessions-in-landmark-thirdparty-arrangement/news-story/0c5c097536d723f0d0cb46c86fd051ff","false","In a historic development for the NRL’s 18th club, this masthead has been told Perth will receive a special marquee player privilege where existing club sponsors can top-up a player’s contract by 20 ..."
"nzl","New Zealand Warriors","Chanel Tevita-Harris","backup_baseline","2","au.sports.yahoo.com","7","money|contract_language|context_or_team_article","false","Yahoo Sport Australia","Tue, 23 Jun 2026 17:00:00 GMT","team_or_context_candidate_needs_article_review","Perth Bears receive salary cap boost from NRL","https://au.sports.yahoo.com/perth-bears-receive-salary-cap-025110246.html","http://www.bing.com/news/apiclick.aspx?ref=FexRss&aid=&tid=6a52f92e99f44a2cbdf8110e9c20658d&url=https%3a%2f%2fau.sports.yahoo.com%2fperth-bears-receive-salary-cap-025110246.html&c=545008729362569136&mkt=en-au","","https://au.sports.yahoo.com/perth-bears-receive-salary-cap-025110246.html","false","The NRL has granted the Perth Bears up to $500,000 worth of salary cap concessions to compete in the fight against PNG Chiefs. The latest NRL expansion club with receive compensation from the NRL to ..."
"nzl","New Zealand Warriors","Erin Clark","backup_baseline","","","","","","","","no_candidate_found","","","","","","",""
"nzl","New Zealand Warriors","Morgan Gannon","backup_baseline","1","dailytelegraph.com.au","30","contract_language|exact_player_name","true","The Daily Telegraph","Thu, 11 Jun 2026 12:27:00 GMT","player_focused_candidate_needs_article_review","Warriors grant Morgan Gannon early release with international gun returning to UK","https://www.dailytelegraph.com.au/sport/nrl/warriors-grant-morgan-gannon-early-release-with-international-gun-returning-to-uk/news-story/330a6affb7e5a6f8f44363de2963c52e","http://www.bing.com/news/apiclick.aspx?ref=FexRss&aid=&tid=6a52f6162fa84b59ac984b37aa4ad03b&url=https%3a%2f%2fwww.dailytelegraph.com.au%2fsport%2fnrl%2fwarriors-grant-morgan-gannon-early-release-with-international-gun-returning-to-uk%2fnews-story%2f330a6affb7e5a6f8f44363de2963c52e&c=12610108311358603531&mkt=en-au","","https://www.dailytelegraph.com.au/sport/nrl/warriors-grant-morgan-gannon-early-release-with-international-gun-returning-to-uk/news-story/330a6affb7e5a6f8f44363de2963c52e","false","The Warriors have granted Gannon the unfortunate release despite holding high hopes for the powerful back rower. Gannon’s release will free-up significant salary cap space for the Warriors, who also ..."
"nzl","New Zealand Warriors","Morgan Gannon","backup_baseline","2","themercury.com.au","27","contract_language|exact_player_name","true","The Mercury","Thu, 11 Jun 2026 12:27:00 GMT","player_focused_candidate_needs_article_review","Warriors grant Morgan Gannon early release with international gun returning to UK","https://www.themercury.com.au/sport/nrl/warriors-grant-morgan-gannon-early-release-with-international-gun-returning-to-uk/news-story/330a6affb7e5a6f8f44363de2963c52e","http://www.bing.com/news/apiclick.aspx?ref=FexRss&aid=&tid=6a52f61563804c6281a71290da8b6064&url=https%3a%2f%2fwww.themercury.com.au%2fsport%2fnrl%2fwarriors-grant-morgan-gannon-early-release-with-international-gun-returning-to-uk%2fnews-story%2f330a6affb7e5a6f8f44363de2963c52e&c=11756558773802236727&mkt=en-au","","https://www.themercury.com.au/sport/nrl/warriors-grant-morgan-gannon-early-release-with-international-gun-returning-to-uk/news-story/330a6affb7e5a6f8f44363de2963c52e","false","The Warriors have granted Gannon the unfortunate release despite holding high hopes for the powerful back rower. Gannon’s release will free-up significant salary cap space for the Warriors, who also ..."
"nzl","New Zealand Warriors","Morgan Gannon","backup_baseline","3","ntnews.com.au","27","contract_language|exact_player_name","true","Northern Territory News","Thu, 11 Jun 2026 12:27:00 GMT","player_focused_candidate_needs_article_review","Warriors grant Morgan Gannon early release with international gun returning to UK","https://www.ntnews.com.au/sport/nrl/warriors-grant-morgan-gannon-early-release-with-international-gun-returning-to-uk/news-story/330a6affb7e5a6f8f44363de2963c52e","http://www.bing.com/news/apiclick.aspx?ref=FexRss&aid=&tid=6a52f61563804c6281a71290da8b6064&url=https%3a%2f%2fwww.ntnews.com.au%2fsport%2fnrl%2fwarriors-grant-morgan-gannon-early-release-with-international-gun-returning-to-uk%2fnews-story%2f330a6affb7e5a6f8f44363de2963c52e&c=5524561254467130060&mkt=en-au","","https://www.ntnews.com.au/sport/nrl/warriors-grant-morgan-gannon-early-release-with-international-gun-returning-to-uk/news-story/330a6affb7e5a6f8f44363de2963c52e","false","English forward Morgan Gannon will depart the Warriors at the end of this season just 12-months into a three-year deal due to personal reasons. The Warriors have granted Gannon the unfortunate release ..."
"nzl","New Zealand Warriors","Marata Niukore","backup_baseline","","","","","","","","no_candidate_found","","","","","","",""
"nzl","New Zealand Warriors","Jacob Laban","bucket_unknown","","","","","","","","no_candidate_found","","","","","","",""
"nzl","New Zealand Warriors","Alofiana Khan-Pereira","bucket_unknown","","","","","","","","no_candidate_found","","","","","","",""
"nzl","New Zealand Warriors","Ali Leiataua","bucket_unknown","","","","","","","","no_candidate_found","","","","","","",""
"nzl","New Zealand Warriors","Demitric Vaimauga","bucket_unknown","","","","","","","","no_candidate_found","","","","","","",""
"nzl","New Zealand Warriors","Eddie Ieremia-Toeava","bucket_unknown","","","","","","","","no_candidate_found","","","","","","",""
"nzl","New Zealand Warriors","Haizyn Mellars","bucket_unknown","","","","","","","","no_candidate_found","","","","","","",""
"nzl","New Zealand Warriors","Jye Linnane","bucket_unknown","","","","","","","","no_candidate_found","","","","","","",""
"nzl","New Zealand Warriors","Kayliss Fatialofa","bucket_unknown","","","","","","","","no_candidate_found","","","","","","",""
"nzl","New Zealand Warriors","Sam Healey","bucket_unknown","","","","","","","","no_candidate_found","","","","","","",""
"nzl","New Zealand Warriors","Taine Tuaupiki","bucket_unknown","","","","","","","","no_candidate_found","","","","","","",""
"nzl","New Zealand Warriors","Tanner Stowers-Smith","bucket_unknown","","","","","","","","no_candidate_found","","","","","","",""
"nzl","New Zealand Warriors","Te Maire Martin","bucket_unknown","1","dailytelegraph.com.au","26","contract_language|exact_player_name","true","Daily Telegraph","Sun, 05 Jul 2026 14:22:00 GMT","player_focused_candidate_needs_article_review","Warriors reward veteran half with contract extension; Dragons star Luciano Leilua quits NRL","https://www.dailytelegraph.com.au/sport/nrl/luciano-leilua-quits-nrl-as-dragons-massive-roster-overhaul-continues/news-story/de58edb5ea1fac9f5d36c141faa5bc96","http://www.bing.com/news/apiclick.aspx?ref=FexRss&aid=&tid=6a52f66f230e4c7491d0e16bf8b48e1a&url=https%3a%2f%2fwww.dailytelegraph.com.au%2fsport%2fnrl%2fluciano-leilua-quits-nrl-as-dragons-massive-roster-overhaul-continues%2fnews-story%2fde58edb5ea1fac9f5d36c141faa5bc96&c=1380448075555349708&mkt=en-au","","https://www.dailytelegraph.com.au/sport/nrl/luciano-leilua-quits-nrl-as-dragons-massive-roster-overhaul-continues/news-story/de58edb5ea1fac9f5d36c141faa5bc96","false","The Warriors have rewarded halfback Te Maire Martin for sustaining the club’s march to the finals despite injury adversity in their halves."
"nzl","New Zealand Warriors","Te Maire Martin","bucket_unknown","2","rnz.co.nz","24","exact_player_name","true","RNZ","Thu, 09 Jul 2026 13:08:00 GMT","player_focused_candidate_needs_article_review","Simple pleasures keep veteran halfback Te Maire Martin at NZ Warriors","https://www.rnz.co.nz/news/sport/695844/simple-pleasures-keep-veteran-halfback-te-maire-martin-at-nz-warriors","http://www.bing.com/news/apiclick.aspx?ref=FexRss&aid=&tid=6a52f66f003243b78187a06571fcadd1&url=https%3a%2f%2fwww.rnz.co.nz%2fnews%2fsport%2f695844%2fsimple-pleasures-keep-veteran-halfback-te-maire-martin-at-nz-warriors&c=3176127516214820791&mkt=en-au","","https://www.rnz.co.nz/news/sport/695844/simple-pleasures-keep-veteran-halfback-te-maire-martin-at-nz-warriors","false","Te Maire Martin's decision to extend his stay with NZ Warriors may have come down to a couple of basic life essentials - his life anyway. Hunting and fishing. On Monday, the veteran half completed a ..."
"nzl","New Zealand Warriors","Te Maire Martin","bucket_unknown","3","au.sports.yahoo.com","23","contract_language|exact_player_name","true","Yahoo Sports Australia","Mon, 06 Jul 2026 02:15:00 GMT","player_focused_candidate_needs_article_review","Another one: Warriors land second contract extension on busy Monday","https://au.sports.yahoo.com/another-one-warriors-land-second-091558345.html","http://www.bing.com/news/apiclick.aspx?ref=FexRss&aid=&tid=6a52f66f003243b78187a06571fcadd1&url=https%3a%2f%2fau.sports.yahoo.com%2fanother-one-warriors-land-second-091558345.html&c=9347520356889272592&mkt=en-au","","https://au.sports.yahoo.com/another-one-warriors-land-second-091558345.html","false","The New Zealand Warriors have confirmed Te Maire Martin will spend another season with the club, extending his contract through to the end of the 2027 NRL season. The half has been in fine form for ..."
"nzl","New Zealand Warriors","Te Maire Martin","bucket_unknown","4","au.sports.yahoo.com","7","money|contract_language|context_or_team_article","false","Yahoo Sports Australia","Tue, 23 Jun 2026 19:51:00 GMT","team_or_context_candidate_needs_article_review","Perth Bears receive salary cap boost from NRL","https://au.sports.yahoo.com/perth-bears-receive-salary-cap-025110246.html","http://www.bing.com/news/apiclick.aspx?ref=FexRss&aid=&tid=6a52f6734783478f8100c4bb2d5d5adf&url=https%3a%2f%2fau.sports.yahoo.com%2fperth-bears-receive-salary-cap-025110246.html&c=545008729362569136&mkt=en-au","","https://au.sports.yahoo.com/perth-bears-receive-salary-cap-025110246.html","false","The NRL has granted the Perth Bears up to $500,000 worth of salary cap concessions to compete in the fight against PNG Chiefs. The latest NRL expansion club with receive compensation from the NRL to ..."
"new","Newcastle Knights","Kalyn Ponga","backup_baseline","1","ntnews.com.au","30","money|contract_language|exact_player_name","true","Northern Territory News","Wed, 14 Aug 2019 13:13:00 GMT","player_focused_candidate_needs_article_review","Should Newcastle Knights pay $1 million a season to keep Kalyn Ponga?","https://www.ntnews.com.au/sport/should-newcastle-knights-pay-1-million-a-season-to-keep-kalyn-ponga/news-story/58dd75bd170767c20b0454cdc885d28a","http://www.bing.com/news/apiclick.aspx?ref=FexRss&aid=&tid=6a52f675da354551b9763865dbf515d1&url=https%3a%2f%2fwww.ntnews.com.au%2fsport%2fshould-newcastle-knights-pay-1-million-a-season-to-keep-kalyn-ponga%2fnews-story%2f58dd75bd170767c20b0454cdc885d28a&c=6184965921622689412&mkt=en-au","","https://www.ntnews.com.au/sport/should-newcastle-knights-pay-1-million-a-season-to-keep-kalyn-ponga/news-story/58dd75bd170767c20b0454cdc885d28a","false","Newcastle Knights star Kalyn Ponga burst on to the rugby league scene like a one-in-a-million player — but is the 21-year-old worth $1 million a season? LEAGUE CENTRAL went to the heart and soul of ..."
"new","Newcastle Knights","Kalyn Ponga","backup_baseline","2","goldcoastbulletin.com.au","27","contract_language|exact_player_name","true","Gold Coast Sun","Thu, 11 Jun 2026 21:07:00 GMT","player_focused_candidate_needs_article_review","Monday Bunker: Kalyn Ponga is not worth one million per season","https://www.goldcoastbulletin.com.au/sport/monday-bunker-kalyn-ponga-is-not-worth-one-million-per-season/news-story/3f55d657ad633a2dad677c0cd7ba94ce","http://www.bing.com/news/apiclick.aspx?ref=FexRss&aid=&tid=6a52f675da354551b9763865dbf515d1&url=https%3a%2f%2fwww.goldcoastbulletin.com.au%2fsport%2fmonday-bunker-kalyn-ponga-is-not-worth-one-million-per-season%2fnews-story%2f3f55d657ad633a2dad677c0cd7ba94ce&c=4770051617979174470&mkt=en-au","","https://www.goldcoastbulletin.com.au/sport/monday-bunker-kalyn-ponga-is-not-worth-one-million-per-season/news-story/3f55d657ad633a2dad677c0cd7ba94ce","false","Our Monday Bunker crew were in agreement that Kalyn Ponga isn’t worth his six million dollar asking price, with one panel member believing he isn’t even in the game’s elite category. HAVE YOUR SAY The ..."
"new","Newcastle Knights","Kalyn Ponga","backup_baseline","3","au.sports.yahoo.com","24","exact_player_name","true","Yahoo Sport Australia","Sun, 15 Sep 2024 17:00:00 GMT","player_focused_candidate_needs_article_review","Billy Slater calls out Kalyn Ponga 'issue' as Newcastle Knights face massive roster overhaul","https://au.sports.yahoo.com/billy-slater-calls-out-kalyn-ponga-issue-as-newcastle-knights-face-massive-roster-overhaul-223832234.html","http://www.bing.com/news/apiclick.aspx?ref=FexRss&aid=&tid=6a52f676cbcc400a8cccb284d9bd944a&url=https%3a%2f%2fau.sports.yahoo.com%2fbilly-slater-calls-out-kalyn-ponga-issue-as-newcastle-knights-face-massive-roster-overhaul-223832234.html&c=11692919851726709612&mkt=en-au","","https://au.sports.yahoo.com/billy-slater-calls-out-kalyn-ponga-issue-as-newcastle-knights-face-massive-roster-overhaul-223832234.html","false","Newcastle are facing a huge dilemma in the off-season with legendary fullback Billy Slater questioning whether the Knights can go to the next level without supporter for Kalyn Ponga as the club's ..."
"new","Newcastle Knights","Kalyn Ponga","backup_baseline","4","thechronicle.com.au","23","contract_language|exact_player_name","true","The Toowoomba Chronicle","Mon, 13 May 2024 14:55:00 GMT","context_only_untrusted_domain","Kalyn Ponga third-party deal being investigated by NRL","https://www.thechronicle.com.au/sport/nrl/kalyn-ponga-thirdparty-deal-being-investigated-by-nrl/news-story/52db5f6c59bcb6778a0d9bc6da0ce9c9","http://www.bing.com/news/apiclick.aspx?ref=FexRss&aid=&tid=6a52f675da354551b9763865dbf515d1&url=https%3a%2f%2fwww.thechronicle.com.au%2fsport%2fnrl%2fkalyn-ponga-thirdparty-deal-being-investigated-by-nrl%2fnews-story%2f52db5f6c59bcb6778a0d9bc6da0ce9c9&c=11487341097454994516&mkt=en-au","","https://www.thechronicle.com.au/sport/nrl/kalyn-ponga-thirdparty-deal-being-investigated-by-nrl/news-story/52db5f6c59bcb6778a0d9bc6da0ce9c9","false","The NRL is investigating a potential breach of the salary cap over a third-party deal involving Newcastle superstar Kalyn Ponga. “The NRL is aware of the matter and is reviewing it,” the league told ..."
"new","Newcastle Knights","Kalyn Ponga","backup_baseline","5","msn.com","3","money|contract_language|context_or_team_article","false","Man of Many on MSN","Tue, 30 Jun 2026 15:06:27 GMT","context_only_untrusted_domain","10 highest paid NRL players for 2026","https://www.msn.com/en-au/sport/rugby_league/10-highest-paid-nrl-players-for-2026/ar-AA2719cA","http://www.bing.com/news/apiclick.aspx?ref=FexRss&aid=&tid=6a52f677d4f644bcb0b453f34f06a258&url=https%3a%2f%2fwww.msn.com%2fen-au%2fsport%2frugby_league%2f10-highest-paid-nrl-players-for-2026%2far-AA2719cA&c=3173818839366038056&mkt=en-au","","https://www.msn.com/en-au/sport/rugby_league/10-highest-paid-nrl-players-for-2026/ar-AA2719cA","false","Driven by expanding club salary caps, rugby league’s elite stars are securing record-shattering paydays for the 2026 NRL season. Led by Dylan Brown’s historic $13 million move, this list looks at the ..."
"new","Newcastle Knights","Dominic Young","backup_baseline","1","dailytelegraph.com.au","30","contract_language|exact_player_name","true","The Daily Telegraph","Mon, 12 Dec 2022 03:52:00 GMT","player_focused_candidate_needs_article_review","NRL News: Biggest off-contract stars ahead of 2024, Dominic Young, Mitchell Moses, Dylan Brown","https://www.dailytelegraph.com.au/sport/nrl/nrl-news-nine-clubs-chasing-huddersfield-young-gun/news-story/23444ad1813dbf9d1e120131bb9c727e","http://www.bing.com/news/apiclick.aspx?ref=FexRss&aid=&tid=6a52f67c767c4fec8d7f4168b9d562bd&url=https%3a%2f%2fwww.dailytelegraph.com.au%2fsport%2fnrl%2fnrl-news-nine-clubs-chasing-huddersfield-young-gun%2fnews-story%2f23444ad1813dbf9d1e120131bb9c727e&c=459499442747899399&mkt=en-au","","https://www.dailytelegraph.com.au/sport/nrl/nrl-news-nine-clubs-chasing-huddersfield-young-gun/news-story/23444ad1813dbf9d1e120131bb9c727e","false","Dominic Young, the strapping Knights flyer from Huddersfield with Jamaican genes and a penchant for scoring tries, leads a star-studded list of players still for sale with each of their contract calls ..."
"new","Newcastle Knights","Dane Gagai","backup_baseline","1","adelaidenow.com.au","24","exact_player_name","true","Adelaide Now","Fri, 05 Jun 2026 08:43:00 GMT","player_focused_candidate_needs_article_review","Frustrated by James Roberts’ arrival, Dane Gagai could quit South Sydney","https://www.adelaidenow.com.au/sport/nrl/teams/rabbitohs/frustrated-by-james-roberts-arrival-dane-gagai-could-quit-south-sydney/news-story/8bcc94ae8fae19a81fd9d9aeefdc295c","http://www.bing.com/news/apiclick.aspx?ref=FexRss&aid=&tid=6a52f681adc34fb58d7794c5ae6ab46e&url=https%3a%2f%2fwww.adelaidenow.com.au%2fsport%2fnrl%2fteams%2frabbitohs%2ffrustrated-by-james-roberts-arrival-dane-gagai-could-quit-south-sydney%2fnews-story%2f8bcc94ae8fae19a81fd9d9aeefdc295c&c=1699443973026602575&mkt=en-au","","https://www.adelaidenow.com.au/sport/nrl/teams/rabbitohs/frustrated-by-james-roberts-arrival-dane-gagai-could-quit-south-sydney/news-story/8bcc94ae8fae19a81fd9d9aeefdc295c","false","With James Roberts’ arrival from Brisbane meaning a shift from centre to the wing, Dane Gagai could leave South Sydney for an NRL rival that will play him in his preferred position. The Daily ..."
"new","Newcastle Knights","Dane Gagai","backup_baseline","2","thechronicle.com.au","4","money|contract_language|context_or_team_article","false","The Toowoomba Chronicle","Thu, 25 Jun 2026 10:07:00 GMT","context_only_untrusted_domain","Unwanted star’s NRL switch locked in as deal details revealed with Origin hero to make way","https://www.thechronicle.com.au/sport/nrl/unwanted-stars-nrl-switch-locked-in-as-deal-details-revealed-with-origin-hero-to-make-way/news-story/3114a4ae05a62f231960d880f6d9f878","http://www.bing.com/news/apiclick.aspx?ref=FexRss&aid=&tid=6a52f681d2454c338fefb1045d69f931&url=https%3a%2f%2fwww.thechronicle.com.au%2fsport%2fnrl%2funwanted-stars-nrl-switch-locked-in-as-deal-details-revealed-with-origin-hero-to-make-way%2fnews-story%2f3114a4ae05a62f231960d880f6d9f878&c=7750184571547343428&mkt=en-au","","https://www.thechronicle.com.au/sport/nrl/unwanted-stars-nrl-switch-locked-in-as-deal-details-revealed-with-origin-hero-to-make-way/news-story/3114a4ae05a62f231960d880f6d9f878","false","The former Bronco returns to the club from next season with Peter Badel from Code Sports reporting the contract is worth in excess of $250,000. Gagai completed a medical with the Broncos on Tuesday ..."
"new","Newcastle Knights","Dane Gagai","backup_baseline","3","msn.com","0","contract_language|context_or_team_article","false","Yahoo News Australia on MSN","Mon, 22 Jun 2026 16:46:04 GMT","context_only_untrusted_domain","NRL fans divided after Broncos re-sign veteran and linked with former State of Origin player","https://www.msn.com/en-au/sport/rugby_league/nrl-fans-divided-after-broncos-re-sign-veteran-and-linked-with-former-state-of-origin-player/ar-AA26iqtV","http://www.bing.com/news/apiclick.aspx?ref=FexRss&aid=&tid=6a52f681d2454c338fefb1045d69f931&url=https%3a%2f%2fwww.msn.com%2fen-au%2fsport%2frugby_league%2fnrl-fans-divided-after-broncos-re-sign-veteran-and-linked-with-former-state-of-origin-player%2far-AA26iqtV&c=14074900579225327294&mkt=en-au","","https://www.msn.com/en-au/sport/rugby_league/nrl-fans-divided-after-broncos-re-sign-veteran-and-linked-with-former-state-of-origin-player/ar-AA26iqtV","false","Brisbane Broncos fans have been left surprised after the announcement they have re-signed veteran Ben Hunt on a one-year extension as the club juggles their salary cap. This also comes after the ..."
"new","Newcastle Knights","Bradman Best","backup_baseline","1","au.sports.yahoo.com","27","contract_language|exact_player_name","true","Yahoo Sport Australia","Wed, 24 Jun 2026 17:00:00 GMT","player_focused_candidate_needs_article_review","Bradman Best contract talks intensify at Newcastle Knights","https://au.sports.yahoo.com/bradman-best-contract-talks-intensify-010344667.html","http://www.bing.com/news/apiclick.aspx?ref=FexRss&aid=&tid=6a52f687bae84b399b47663e0c3730e5&url=https%3a%2f%2fau.sports.yahoo.com%2fbradman-best-contract-talks-intensify-010344667.html&c=14083017926137230925&mkt=en-au","","https://au.sports.yahoo.com/bradman-best-contract-talks-intensify-010344667.html","false","Bradman Best has confirmed his 17-year-old younger brother Baxter Best will join the Newcastle Knights squad next season. The 17-year-old outside back is currently playing for the Souths Logan Magpies ..."
"new","Newcastle Knights","Bradman Best","backup_baseline","2","msn.com","3","money|contract_language|context_or_team_article","false","The Sydney Morning Herald on MSN","Tue, 30 Jun 2026 21:37:58 GMT","context_only_untrusted_domain","New broadcast deal could push NRL salary cap up to $20m by 2028","https://www.msn.com/en-au/news/australia/new-broadcast-deal-could-push-nrl-salary-cap-up-to-20m-by-2028/ar-AA26H5IM","http://www.bing.com/news/apiclick.aspx?ref=FexRss&aid=&tid=6a52f688a5354142afd33e7427763aa0&url=https%3a%2f%2fwww.msn.com%2fen-au%2fnews%2faustralia%2fnew-broadcast-deal-could-push-nrl-salary-cap-up-to-20m-by-2028%2far-AA26H5IM&c=15095945392879639673&mkt=en-au","","https://www.msn.com/en-au/news/australia/new-broadcast-deal-could-push-nrl-salary-cap-up-to-20m-by-2028/ar-AA26H5IM","false","A rich new broadcast deal means more money coming into the game. The biggest winners will be the star players, who could soon demand up to $2 million per season."
"new","Newcastle Knights","Bradman Best","backup_baseline","3","msn.com","0","contract_language|context_or_team_article","false","Zero Tackle on MSN","Sat, 27 Jun 2026 18:52:52 GMT","context_only_untrusted_domain","Biggest stars in the NRL set for a pay-day","https://www.msn.com/en-au/news/other/biggest-stars-in-the-nrl-set-for-a-pay-day/ar-AA26IdmB","http://www.bing.com/news/apiclick.aspx?ref=FexRss&aid=&tid=6a52f688a5354142afd33e7427763aa0&url=https%3a%2f%2fwww.msn.com%2fen-au%2fnews%2fother%2fbiggest-stars-in-the-nrl-set-for-a-pay-day%2far-AA26IdmB&c=18406658021232899789&mkt=en-au","","https://www.msn.com/en-au/news/other/biggest-stars-in-the-nrl-set-for-a-pay-day/ar-AA26IdmB","false","Some of the NRL's most elite players could be in for a pay bump thanks to the new TV broadcast deal commencing in 2028. The ARL and NRL are just about ready to green-light the deal, which Nine and ..."
"new","Newcastle Knights","Greg Marzhew","backup_baseline","1","au.sports.yahoo.com","30","contract_language|term_language|exact_player_name","true","Yahoo Sport Australia","Tue, 12 May 2026 16:59:00 GMT","player_focused_candidate_needs_article_review","“Turned down higher offers”: Greg Marzhew locks up next NRL contract","https://au.sports.yahoo.com/turned-down-higher-offers-greg-082856523.html","http://www.bing.com/news/apiclick.aspx?ref=FexRss&aid=&tid=6a52f68ca43d4e4a9b74521233945799&url=https%3a%2f%2fau.sports.yahoo.com%2fturned-down-higher-offers-greg-082856523.html&c=699944183136270105&mkt=en-au","","https://au.sports.yahoo.com/turned-down-higher-offers-greg-082856523.html","false","Newcastle Knights winger Greg Marzhew has signed a long-term contract extension, locking up his future with the club until the end of 2029. The outside back, known for his powerhouse running and ..."
"new","Newcastle Knights","Fletcher Sharpe","backup_baseline","","","","","","","","no_candidate_found","","","","","","",""
"new","Newcastle Knights","Dylan Brown","backup_baseline","1","msn.com","22","money|contract_language|exact_player_name","true","Man of Many on MSN","Tue, 30 Jun 2026 15:06:27 GMT","context_only_untrusted_domain","10 highest paid NRL players for 2026","https://www.msn.com/en-au/sport/rugby_league/10-highest-paid-nrl-players-for-2026/ar-AA2719cA","http://www.bing.com/news/apiclick.aspx?ref=FexRss&aid=&tid=6a52f6996d514286bd953de7dd4a5b95&url=https%3a%2f%2fwww.msn.com%2fen-au%2fsport%2frugby_league%2f10-highest-paid-nrl-players-for-2026%2far-AA2719cA&c=3173818839366038056&mkt=en-au","","https://www.msn.com/en-au/sport/rugby_league/10-highest-paid-nrl-players-for-2026/ar-AA2719cA","false","Driven by expanding club salary caps, rugby league’s elite stars are securing record-shattering paydays for the 2026 NRL season. Led by Dylan Brown’s historic $13 million move, this list looks at the ..."
"new","Newcastle Knights","Dylan Brown","backup_baseline","2","au.sports.yahoo.com","4","contract_language|context_or_team_article","false","Yahoo Sport Australia","Mon, 08 Jun 2026 17:00:00 GMT","team_or_context_candidate_needs_article_review","The EIGHT current worst value for money contracts in the NRL","https://au.sports.yahoo.com/eight-current-worst-value-money-203100385.html","http://www.bing.com/news/apiclick.aspx?ref=FexRss&aid=&tid=6a52f69ccf154bfb888bac5cd2342c75&url=https%3a%2f%2fau.sports.yahoo.com%2feight-current-worst-value-money-203100385.html&c=17264841661166123321&mkt=en-au","","https://au.sports.yahoo.com/eight-current-worst-value-money-203100385.html","false","There's nothing more disappointing in rugby league than knowing your club is paying a player far too much than they deserve, wasting salary cap space. While some clubs are extracting maximum value ..."
"new","Newcastle Knights","Dylan Brown","backup_baseline","3","msn.com","3","money|contract_language|context_or_team_article","false","The Sydney Morning Herald on MSN","Tue, 30 Jun 2026 21:37:58 GMT","context_only_untrusted_domain","New broadcast deal could push NRL salary cap up to $20m by 2028","https://www.msn.com/en-au/news/australia/new-broadcast-deal-could-push-nrl-salary-cap-up-to-20m-by-2028/ar-AA26H5IM","http://www.bing.com/news/apiclick.aspx?ref=FexRss&aid=&tid=6a52f69adbb74e36af47327ebeb89148&url=https%3a%2f%2fwww.msn.com%2fen-au%2fnews%2faustralia%2fnew-broadcast-deal-could-push-nrl-salary-cap-up-to-20m-by-2028%2far-AA26H5IM&c=15095945392879639673&mkt=en-au","","https://www.msn.com/en-au/news/australia/new-broadcast-deal-could-push-nrl-salary-cap-up-to-20m-by-2028/ar-AA26H5IM","false","A rich new broadcast deal means more money coming into the game. The biggest winners will be the star players, who could soon demand up to $2 million per season."
"new","Newcastle Knights","Jacob Saifiti","backup_baseline","1","foxsports.com.au","10","contract_language|term_language|context_or_team_article","false","Fox Sports","Wed, 20 May 2026 17:00:00 GMT","team_or_context_candidate_needs_article_review","Reborn Blues star’s selfless act in Knights extension talks amid cap squeeze — Transfer Whispers","https://www.foxsports.com.au/nrl/nrl-premiership/nrl-2026-transfer-whispers-jacob-saifiti-could-leave-newcastle-knights-png-chiefs-perth-bears-contracts-signings-round-12/news-story/b137cbefec4c696ed155162c1f6e3398","http://www.bing.com/news/apiclick.aspx?ref=FexRss&aid=&tid=6a52f69d47614119aa72819c9cd46e14&url=https%3a%2f%2fwww.foxsports.com.au%2fnrl%2fnrl-premiership%2fnrl-2026-transfer-whispers-jacob-saifiti-could-leave-newcastle-knights-png-chiefs-perth-bears-contracts-signings-round-12%2fnews-story%2fb137cbefec4c696ed155162c1f6e3398&c=13215381104512599426&mkt=en-au","","https://www.foxsports.com.au/nrl/nrl-premiership/nrl-2026-transfer-whispers-jacob-saifiti-could-leave-newcastle-knights-png-chiefs-perth-bears-contracts-signings-round-12/news-story/b137cbefec4c696ed155162c1f6e3398","false","WHAT'S GAMBLING REALLY COSTING YOU? Set a deposit limit. For Free and confidential support call 1800 858 858 or visit gamblinghelponline.org.au. Signed until the end of the 2027 season, Saifiti is ..."
"new","Newcastle Knights","Phoenix Crossland","backup_baseline","","","","","","","","no_candidate_found","","","","","","",""
"new","Newcastle Knights","Trey Mooney","backup_baseline","","","","","","","","no_candidate_found","","","","","","",""
"new","Newcastle Knights","Dylan Lucas","backup_baseline","","","","","","","","no_candidate_found","","","","","","",""
"new","Newcastle Knights","Jermaine McEwen","backup_baseline","1","adelaidenow.com.au","24","exact_player_name","true","Adelaide Now","Wed, 03 Jun 2026 09:21:00 GMT","player_focused_candidate_needs_article_review","Knights star Jermaine McEwen faces NRL probe after drink-driving charge","https://www.adelaidenow.com.au/sport/nrl/knights-star-jermaine-mcewen-faces-nrl-probe-after-drinkdriving-charge/news-story/9580b96e7eef7e2c456d6f03754d83e0","http://www.bing.com/news/apiclick.aspx?ref=FexRss&aid=&tid=6a52f6b718ab47e38f4cb0386f68fc52&url=https%3a%2f%2fwww.adelaidenow.com.au%2fsport%2fnrl%2fknights-star-jermaine-mcewen-faces-nrl-probe-after-drinkdriving-charge%2fnews-story%2f9580b96e7eef7e2c456d6f03754d83e0&c=15095024356966347285&mkt=en-au","","https://www.adelaidenow.com.au/sport/nrl/knights-star-jermaine-mcewen-faces-nrl-probe-after-drinkdriving-charge/news-story/9580b96e7eef7e2c456d6f03754d83e0","false","The Knights were made aware of the incident and reported it to the integrity unity following making inquiries. McEwen will appear in Newcastle Local Court for the first time for mention on June 25."
"new","Newcastle Knights","Mathew Croker","backup_baseline","1","dailytelegraph.com.au","10","money|contract_language|context_or_team_article","false","The Daily Telegraph","Tue, 23 Jun 2026 12:12:00 GMT","team_or_context_candidate_needs_article_review","NRL to grant Perth Bears $500k salary cap concessions in landmark third-party arrangement","https://www.dailytelegraph.com.au/sport/nrl/nrl-to-grant-perth-bears-500k-salary-cap-concessions-in-landmark-thirdparty-arrangement/news-story/0c5c097536d723f0d0cb46c86fd051ff","http://www.bing.com/news/apiclick.aspx?ref=FexRss&aid=&tid=6a52f6be02eb41b8999ef21864b065a4&url=https%3a%2f%2fwww.dailytelegraph.com.au%2fsport%2fnrl%2fnrl-to-grant-perth-bears-500k-salary-cap-concessions-in-landmark-thirdparty-arrangement%2fnews-story%2f0c5c097536d723f0d0cb46c86fd051ff&c=13072428604770190172&mkt=en-au","","https://www.dailytelegraph.com.au/sport/nrl/nrl-to-grant-perth-bears-500k-salary-cap-concessions-in-landmark-thirdparty-arrangement/news-story/0c5c097536d723f0d0cb46c86fd051ff","false","In a historic development for the NRL’s 18th club, this masthead has been told Perth will receive a special marquee player privilege where existing club sponsors can top-up a player’s contract by 20 ..."
"new","Newcastle Knights","Mathew Croker","backup_baseline","2","smh.com.au","7","contract_language|context_or_team_article","false","Sydney Morning Herald","Mon, 11 May 2020 17:00:00 GMT","team_or_context_candidate_needs_article_review","Nine, NRL on brink of deal to seal $1.9 billion broadcast bonanza","https://www.smh.com.au/sport/nrl/nine-nrl-on-brink-of-deal-to-seal-1-9-billion-broadcast-bonanza-20200512-p54scv.html","http://www.bing.com/news/apiclick.aspx?ref=FexRss&aid=&tid=6a52f6bffd1d482a90967c96595cac98&url=https%3a%2f%2fwww.smh.com.au%2fsport%2fnrl%2fnine-nrl-on-brink-of-deal-to-seal-1-9-billion-broadcast-bonanza-20200512-p54scv.html&c=10283903415388544094&mkt=en-au","","https://www.smh.com.au/sport/nrl/nine-nrl-on-brink-of-deal-to-seal-1-9-billion-broadcast-bonanza-20200512-p54scv.html","false","You have reached your maximum number of saved items. Remove items from your saved list to add more. Nine Entertainment Co is close to agreeing to a revised three-year deal with the NRL as the code ..."
"new","Newcastle Knights","Mathew Croker","backup_baseline","3","au.sports.yahoo.com","7","money|contract_language|context_or_team_article","false","Yahoo Sports Australia","Tue, 23 Jun 2026 19:51:00 GMT","team_or_context_candidate_needs_article_review","Perth Bears receive salary cap boost from NRL","https://au.sports.yahoo.com/perth-bears-receive-salary-cap-025110246.html","http://www.bing.com/news/apiclick.aspx?ref=FexRss&aid=&tid=6a52f6c1467e43c0baf2cdbd8f22c22b&url=https%3a%2f%2fau.sports.yahoo.com%2fperth-bears-receive-salary-cap-025110246.html&c=545008729362569136&mkt=en-au","","https://au.sports.yahoo.com/perth-bears-receive-salary-cap-025110246.html","false","The NRL has granted the Perth Bears up to $500,000 worth of salary cap concessions to compete in the fight against PNG Chiefs. The latest NRL expansion club with receive compensation from the NRL to ..."
"new","Newcastle Knights","Sandon Smith","backup_baseline","","","","","","","","no_candidate_found","","","","","","",""
"new","Newcastle Knights","Tyson Frizell","backup_baseline","1","couriermail.com.au","30","money|contract_language|exact_player_name","true","The Courier-Mail","Fri, 27 Mar 2020 05:16:00 GMT","player_focused_candidate_needs_article_review","Tyson Frizell agrees to join Newcastle Knights from 2021","https://www.couriermail.com.au/sport/nrl/tyson-frizell-on-verge-of-signing-with-newcastle-knights/news-story/ef038407db262f66820160d6a6fa599b","http://www.bing.com/news/apiclick.aspx?ref=FexRss&aid=&tid=6a52f6cb7ac04e859572d30773d73a42&url=https%3a%2f%2fwww.couriermail.com.au%2fsport%2fnrl%2ftyson-frizell-on-verge-of-signing-with-newcastle-knights%2fnews-story%2fef038407db262f66820160d6a6fa599b&c=9420069196851292284&mkt=en-au","","https://www.couriermail.com.au/sport/nrl/tyson-frizell-on-verge-of-signing-with-newcastle-knights/news-story/ef038407db262f66820160d6a6fa599b","false","The St George Illawarra back-rower will join the Knights on a three-year deal worth about $2.1 million from next season, although the NRL has refused to register his contract due to the current ..."
"new","Newcastle Knights","Tyson Frizell","backup_baseline","2","townsvillebulletin.com.au","23","contract_language|exact_player_name","true","Townsville Bulletin","Sat, 21 Mar 2020 08:58:00 GMT","player_focused_candidate_needs_article_review","NRL contracts on hold as clubs offer redundancies for staff amid coronavirus financial storm","https://www.townsvillebulletin.com.au/sport/nrl/nrl-contracts-on-hold-as-clubs-offer-redundancies-for-staff-amid-coronavirus-financial-storm/news-story/762b5e56d3d3345c527ec6396737425a","http://www.bing.com/news/apiclick.aspx?ref=FexRss&aid=&tid=6a52f6ca09424ad98610f633b9de108c&url=https%3a%2f%2fwww.townsvillebulletin.com.au%2fsport%2fnrl%2fnrl-contracts-on-hold-as-clubs-offer-redundancies-for-staff-amid-coronavirus-financial-storm%2fnews-story%2f762b5e56d3d3345c527ec6396737425a&c=6011198530516359021&mkt=en-au","","https://www.townsvillebulletin.com.au/sport/nrl/nrl-contracts-on-hold-as-clubs-offer-redundancies-for-staff-amid-coronavirus-financial-storm/news-story/762b5e56d3d3345c527ec6396737425a","false","The Sunday Telegraph can reveal that Kangaroos stars Nick Cotric and Tyson Frizell have had their contract negotiations put on hold as every club scrambles to deal with an uncertain financial future."
"new","Newcastle Knights","Tyson Frizell","backup_baseline","3","7news.com.au","7","money|contract_language|context_or_team_article","false","7NEWS Australia","Fri, 28 Oct 2022 02:27:00 GMT","team_or_context_candidate_needs_article_review","Ultimate NRL free agency preview: Your club’s out-of-contract stars and where they could end up","https://7news.com.au/sport/rugby-league/ultimate-nrl-free-agency-preview-your-clubs-out-of-contract-stars-and-where-they-could-end-up-c-8677336","http://www.bing.com/news/apiclick.aspx?ref=FexRss&aid=&tid=6a52f6ccac2b4e44b4d56af0d3865972&url=https%3a%2f%2f7news.com.au%2fsport%2frugby-league%2fultimate-nrl-free-agency-preview-your-clubs-out-of-contract-stars-and-where-they-could-end-up-c-8677336&c=143273184193222445&mkt=en-au","","https://7news.com.au/sport/rugby-league/ultimate-nrl-free-agency-preview-your-clubs-out-of-contract-stars-and-where-they-could-end-up-c-8677336","false","Over $50 million worth of player talent will be free to negotiate with clubs for season 2024 and beyond when the NRL free agency period begins on November 1. Latrell Mitchell, Mit ..."
"new","Newcastle Knights","Brodie Jones","backup_baseline","","","","","","","","no_candidate_found","","","","","","",""
"new","Newcastle Knights","Cody Hopwood","backup_baseline","","","","","","","","no_candidate_found","","","","","","",""
"new","Newcastle Knights","Asu Kepaoa","bucket_unknown","1","abc.net.au","24","exact_player_name","true","Australian Broadcasting Corporation","Wed, 24 Jun 2026 05:49:00 GMT","player_focused_candidate_needs_article_review","Newcastle Knights player Asu Kepaoa banned for six weeks after using homophobic slur","https://www.abc.net.au/news/2026-06-25/asu-kepaoa-banned-for-six-weeks-over-homophobic-slur/106839020","http://www.bing.com/news/apiclick.aspx?ref=FexRss&aid=&tid=6a52f6dce7ee4e3e9a40dd71b7de71e6&url=https%3a%2f%2fwww.abc.net.au%2fnews%2f2026-06-25%2fasu-kepaoa-banned-for-six-weeks-over-homophobic-slur%2f106839020&c=2066475488636587222&mkt=en-au","","https://www.abc.net.au/news/2026-06-25/asu-kepaoa-banned-for-six-weeks-over-homophobic-slur/106839020","false","Newcastle forward Asu Kepaoa has been hit with a six-match ban for using a homophonic slur in a round-of-16 NSW Cup match. Kepaoa fronted the NSWRL judiciary on Wednesday when he pleaded guilty to ..."
"new","Newcastle Knights","Asu Kepaoa","bucket_unknown","2","couriermail.com.au","24","exact_player_name","true","The Courier-Mail","Sat, 20 Jun 2026 06:48:00 GMT","player_focused_candidate_needs_article_review","Newcastle Knights player Asu Kepaoa sent off after alleged homophobic slur","https://www.couriermail.com.au/sport/nrl/teams/knights/newcastle-knights-player-asu-kepaoa-sent-off-after-alleged-homophobic-slur/news-story/f8b468abbb22a460e0d816d13294dcfd","http://www.bing.com/news/apiclick.aspx?ref=FexRss&aid=&tid=6a52f6dce7ee4e3e9a40dd71b7de71e6&url=https%3a%2f%2fwww.couriermail.com.au%2fsport%2fnrl%2fteams%2fknights%2fnewcastle-knights-player-asu-kepaoa-sent-off-after-alleged-homophobic-slur%2fnews-story%2ff8b468abbb22a460e0d816d13294dcfd&c=12386533428029309888&mkt=en-au","","https://www.couriermail.com.au/sport/nrl/teams/knights/newcastle-knights-player-asu-kepaoa-sent-off-after-alleged-homophobic-slur/news-story/f8b468abbb22a460e0d816d13294dcfd","false","The NSW back-rower was sent off shortly before half time on Friday night after allegedly hurling a homophobic slur towards Dragons player Nathan Lawson. Newcastle Knights player Asu Kepaoa was ordered ..."
"new","Newcastle Knights","Asu Kepaoa","bucket_unknown","3","smh.com.au","4","context_or_team_article","false","The Sydney Morning Herald","Sun, 02 Nov 2025 15:32:00 GMT","team_or_context_candidate_needs_article_review","NRL 2026","https://www.smh.com.au/topic/nrl-2026-6i10","http://www.bing.com/news/apiclick.aspx?ref=FexRss&aid=&tid=6a52f6dc9e294eb9be36b8c7eaad8382&url=https%3a%2f%2fwww.smh.com.au%2ftopic%2fnrl-2026-6i10&c=2468039696737977243&mkt=en-au","","https://www.smh.com.au/topic/nrl-2026-6i10","false","The latest NRL 2026 news, articles, data, and analysis from The Sydney Morning Herald ..."
"new","Newcastle Knights","Elijah Salesa-Leaumoana","bucket_unknown","","","","","","","","no_candidate_found","","","","","","",""
"new","Newcastle Knights","Francis Manuleleua","bucket_unknown","","","","","","","","no_candidate_found","","","","","","",""
"new","Newcastle Knights","James Schiller","bucket_unknown","","","","","","","","no_candidate_found","","","","","","",""
"new","Newcastle Knights","Lachlan Crouch","bucket_unknown","","","","","","","","no_candidate_found","","","","","","",""
"new","Newcastle Knights","Matt Arthur","bucket_unknown","","","","","","","","no_candidate_found","","","","","","",""
"new","Newcastle Knights","Pasamu Saulo","bucket_unknown","","","","","","","","no_candidate_found","","","","","","",""
"new","Newcastle Knights","Peter Hola","bucket_unknown","1","7news.com.au","7","money|contract_language|context_or_team_article","false","7NEWS Australia","Fri, 28 Oct 2022 02:27:00 GMT","team_or_context_candidate_needs_article_review","Ultimate NRL free agency preview: Your club’s out-of-contract stars and where they could end up","https://7news.com.au/sport/rugby-league/ultimate-nrl-free-agency-preview-your-clubs-out-of-contract-stars-and-where-they-could-end-up-c-8677336","http://www.bing.com/news/apiclick.aspx?ref=FexRss&aid=&tid=6a52f70c77cf4677af6aa34ac9ebdbdb&url=https%3a%2f%2f7news.com.au%2fsport%2frugby-league%2fultimate-nrl-free-agency-preview-your-clubs-out-of-contract-stars-and-where-they-could-end-up-c-8677336&c=143273184193222445&mkt=en-au","","https://7news.com.au/sport/rugby-league/ultimate-nrl-free-agency-preview-your-clubs-out-of-contract-stars-and-where-they-could-end-up-c-8677336","false","Over $50 million worth of player talent will be free to negotiate with clubs for season 2024 and beyond when the NRL free agency period begins on November 1. Latrell Mitchell, Mit ..."
"new","Newcastle Knights","Thomas Cant","bucket_unknown","","","","","","","","no_candidate_found","","","","","","",""
"new","Newcastle Knights","Wil Sullivan","bucket_unknown","1","goldcoastbulletin.com.au","4","contract_language|context_or_team_article","false","Gold Coast Sun","Thu, 08 Jan 2026 10:35:00 GMT","team_or_context_candidate_needs_article_review","Newcastle Knights 2026 NRL season scouting report: Best 17, contract statuses, rookie watch","https://www.goldcoastbulletin.com.au/sport/nrl/newcastle-knights-2026-nrl-season-scouting-report-best-17-contract-statuses-rookie-watch/news-story/588d2fe279d84233c35c556a32f5372d","http://www.bing.com/news/apiclick.aspx?ref=FexRss&aid=&tid=6a52f715a1644c68a68ba63d22a75e4d&url=https%3a%2f%2fwww.goldcoastbulletin.com.au%2fsport%2fnrl%2fnewcastle-knights-2026-nrl-season-scouting-report-best-17-contract-statuses-rookie-watch%2fnews-story%2f588d2fe279d84233c35c556a32f5372d&c=7776575898294554680&mkt=en-au","","https://www.goldcoastbulletin.com.au/sport/nrl/newcastle-knights-2026-nrl-season-scouting-report-best-17-contract-statuses-rookie-watch/news-story/588d2fe279d84233c35c556a32f5372d","false","With a bit of luck, it could spark a wave of success over the next few years, but talk is cheap and after years of disappointment, Knights fans will want results early after finishing last in 2025."
"new","Newcastle Knights","Wil Sullivan","bucket_unknown","2","smh.com.au","4","context_or_team_article","false","The Sydney Morning Herald","Sat, 11 Jul 2026 10:16:00 GMT","team_or_context_candidate_needs_article_review","NRL 2026","https://www.smh.com.au/topic/nrl-2026-6i10","http://www.bing.com/news/apiclick.aspx?ref=FexRss&aid=&tid=6a52f716325e46dda63c22d9fd693f4d&url=https%3a%2f%2fwww.smh.com.au%2ftopic%2fnrl-2026-6i10&c=2468039696737977243&mkt=en-au","","https://www.smh.com.au/topic/nrl-2026-6i10","false","The latest NRL 2026 news, articles, data, and analysis from The Sydney Morning Herald ..."
"new","Newcastle Knights","Wil Sullivan","bucket_unknown","3","msn.com","3","money|contract_language|context_or_team_article","false","The Sydney Morning Herald on MSN","Tue, 30 Jun 2026 21:37:58 GMT","context_only_untrusted_domain","New broadcast deal could push NRL salary cap up to $20m by 2028","https://www.msn.com/en-au/news/australia/new-broadcast-deal-could-push-nrl-salary-cap-up-to-20m-by-2028/ar-AA26H5IM","http://www.bing.com/news/apiclick.aspx?ref=FexRss&aid=&tid=6a52f716325e46dda63c22d9fd693f4d&url=https%3a%2f%2fwww.msn.com%2fen-au%2fnews%2faustralia%2fnew-broadcast-deal-could-push-nrl-salary-cap-up-to-20m-by-2028%2far-AA26H5IM&c=15095945392879639673&mkt=en-au","","https://www.msn.com/en-au/news/australia/new-broadcast-deal-could-push-nrl-salary-cap-up-to-20m-by-2028/ar-AA26H5IM","false","A rich new broadcast deal means more money coming into the game. The biggest winners will be the star players, who could soon demand up to $2 million per season."
"new","Newcastle Knights","Wilson Decourcey","bucket_unknown","1","smh.com.au","7","contract_language|context_or_team_article","false","Sydney Morning Herald","Mon, 11 May 2020 17:00:00 GMT","team_or_context_candidate_needs_article_review","Nine, NRL on brink of deal to seal $1.9 billion broadcast bonanza","https://www.smh.com.au/sport/nrl/nine-nrl-on-brink-of-deal-to-seal-1-9-billion-broadcast-bonanza-20200512-p54scv.html","http://www.bing.com/news/apiclick.aspx?ref=FexRss&aid=&tid=6a52f71dcd64449db1db70bf98df2fc1&url=https%3a%2f%2fwww.smh.com.au%2fsport%2fnrl%2fnine-nrl-on-brink-of-deal-to-seal-1-9-billion-broadcast-bonanza-20200512-p54scv.html&c=10283903415388544094&mkt=en-au","","https://www.smh.com.au/sport/nrl/nine-nrl-on-brink-of-deal-to-seal-1-9-billion-broadcast-bonanza-20200512-p54scv.html","false","You have reached your maximum number of saved items. Remove items from your saved list to add more. Nine Entertainment Co is close to agreeing to a revised three-year deal with the NRL as the code ..."
"nql","North Queensland Cowboys","Scott Drinkwater","backup_baseline","","","","","","","","no_candidate_found","","","","","","",""
"nql","North Queensland Cowboys","Murray Taulagi","backup_baseline","1","couriermail.com.au","24","exact_player_name","true","The Courier-Mail","Tue, 26 May 2026 07:29:00 GMT","player_focused_candidate_needs_article_review","Murray Taulagi’s North Queensland Cowboys career over after signing of Sharks backline duo","https://www.couriermail.com.au/sport/nrl/murray-taulagis-north-queensland-cowboys-career-over-after-signing-of-sharks-backline-duo/news-story/99febe9f8e34e1f976672899efcda8d8","http://www.bing.com/news/apiclick.aspx?ref=FexRss&aid=&tid=6a52f727251840019fb70a9643746439&url=https%3a%2f%2fwww.couriermail.com.au%2fsport%2fnrl%2fmurray-taulagis-north-queensland-cowboys-career-over-after-signing-of-sharks-backline-duo%2fnews-story%2f99febe9f8e34e1f976672899efcda8d8&c=1745383958814104634&mkt=en-au","","https://www.couriermail.com.au/sport/nrl/murray-taulagis-north-queensland-cowboys-career-over-after-signing-of-sharks-backline-duo/news-story/99febe9f8e34e1f976672899efcda8d8","false","The Cowboys have completed a Shark attack, snaring Ramien and Katoa to bolster their backline stocks at a time when resurgent North Queensland are charging towards a finals campaign. Centre Ramien and ..."
"nql","North Queensland Cowboys","Murray Taulagi","backup_baseline","2","townsvillebulletin.com.au","24","exact_player_name","true","Townsville Bulletin","Sun, 24 May 2026 23:45:00 GMT","player_focused_candidate_needs_article_review","North Queensland Cowboys coach Todd Payten has named Reuben Cotter and Murray Taulagi to play this weekend","https://www.townsvillebulletin.com.au/sport/nrl/decision-on-todd-paytens-cowboys-future-imminent-after-strong-hint-from-ceo/news-story/671724b15c1985c64bb40b7dd13c33ad","http://www.bing.com/news/apiclick.aspx?ref=FexRss&aid=&tid=6a52f727251840019fb70a9643746439&url=https%3a%2f%2fwww.townsvillebulletin.com.au%2fsport%2fnrl%2fdecision-on-todd-paytens-cowboys-future-imminent-after-strong-hint-from-ceo%2fnews-story%2f671724b15c1985c64bb40b7dd13c33ad&c=18060852564314648607&mkt=en-au","","https://www.townsvillebulletin.com.au/sport/nrl/decision-on-todd-paytens-cowboys-future-imminent-after-strong-hint-from-ceo/news-story/671724b15c1985c64bb40b7dd13c33ad","false","Cowboys coach Todd Payten has made two changes to his side that beat the Rabbitohs, with a star winger returning and his skipper expected to back up after Origin I. See all the latest team news Cotter ..."
"nql","North Queensland Cowboys","Murray Taulagi","backup_baseline","3","theaustralian.com.au","24","exact_player_name","true","The Australian","Mon, 25 May 2026 09:07:00 GMT","player_focused_candidate_needs_article_review","North Queensland Cowboys coach Todd Payten has named Reuben Cotter and Murray Taulagi to play this weekend","https://www.theaustralian.com.au/sport/nrl/decision-on-todd-paytens-cowboys-future-imminent-after-strong-hint-from-ceo/news-story/671724b15c1985c64bb40b7dd13c33ad","http://www.bing.com/news/apiclick.aspx?ref=FexRss&aid=&tid=6a52f727251840019fb70a9643746439&url=https%3a%2f%2fwww.theaustralian.com.au%2fsport%2fnrl%2fdecision-on-todd-paytens-cowboys-future-imminent-after-strong-hint-from-ceo%2fnews-story%2f671724b15c1985c64bb40b7dd13c33ad&c=6170506648244989467&mkt=en-au","","https://www.theaustralian.com.au/sport/nrl/decision-on-todd-paytens-cowboys-future-imminent-after-strong-hint-from-ceo/news-story/671724b15c1985c64bb40b7dd13c33ad","false","Cotter was one of two changes to North Queensland’s team this week with star winger Murray Taulagi named to make his return from a concussion. Cowboys coach Todd Payten said the club’s medical staff ..."
"nql","North Queensland Cowboys","Zac Laybutt","backup_baseline","","","","","","","","no_candidate_found","","","","","","",""
"nql","North Queensland Cowboys","Jaxon Purdue","backup_baseline","1","au.sports.yahoo.com","27","contract_language|exact_player_name","true","Yahoo Sport Australia","Thu, 02 Apr 2026 17:01:00 GMT","player_focused_candidate_needs_article_review","SIX potential landing spots for Jaxon Purdue","https://au.sports.yahoo.com/six-potential-landing-spots-jaxon-204228140.html","http://www.bing.com/news/apiclick.aspx?ref=FexRss&aid=&tid=6a52f739bcb54ff78f121e7710053bf3&url=https%3a%2f%2fau.sports.yahoo.com%2fsix-potential-landing-spots-jaxon-204228140.html&c=16879310659855533597&mkt=en-au","","https://au.sports.yahoo.com/six-potential-landing-spots-jaxon-204228140.html","false","Free agency for 2027 is in full swing, and while players sort their futures, plenty of eyes have shuffled to Townsville where rising star Jaxon Purdue is among the off-contract list. At just 20 years ..."
"nql","North Queensland Cowboys","Jaxon Purdue","backup_baseline","2","ntnews.com.au","20","exact_player_name","true","Northern Territory News","Mon, 25 May 2026 05:27:00 GMT","player_focused_candidate_needs_article_review","‘Dream come true’: Xavier Kerrisk makes emotional North Queensland Cowboys NRL debut","https://www.ntnews.com.au/sport/nrl/dream-come-true-xavier-kerrisk-makes-emotional-north-queensland-cowboys-nrl-debut/news-story/0d4de2e2d82235a0d9e9be35da3b3bfd","http://www.bing.com/news/apiclick.aspx?ref=FexRss&aid=&tid=6a52f7344ad14163914718b2e9f0d7b5&url=https%3a%2f%2fwww.ntnews.com.au%2fsport%2fnrl%2fdream-come-true-xavier-kerrisk-makes-emotional-north-queensland-cowboys-nrl-debut%2fnews-story%2f0d4de2e2d82235a0d9e9be35da3b3bfd&c=16446074190788630294&mkt=en-au","","https://www.ntnews.com.au/sport/nrl/dream-come-true-xavier-kerrisk-makes-emotional-north-queensland-cowboys-nrl-debut/news-story/0d4de2e2d82235a0d9e9be35da3b3bfd","false","The NRL’s latest debutant has opened up on his journey to first grade, the multiple false starts he had to endure, and the touching moment he shared with St Patrick’s classmate Jaxon Purdue. The ..."
"nql","North Queensland Cowboys","Robert Derby","backup_baseline","","","","","","","","no_candidate_found","","","","","","",""
"nql","North Queensland Cowboys","Jake Clifford","backup_baseline","1","townsvillebulletin.com.au","30","contract_language|news_corp_reporting|exact_player_name","true","Townsville Bulletin","Tue, 24 Nov 2020 05:20:00 GMT","player_focused_candidate_needs_article_review","NRL signings: Jake Clifford joins Newcastle Knights on two-year deal","https://www.townsvillebulletin.com.au/sport/nrl/nrl-signings-jake-clifford-to-join-newcastle-knights-on-twoyear-deal/news-story/f8e7212e94bae726fd7b163b9438f8bc","http://www.bing.com/news/apiclick.aspx?ref=FexRss&aid=&tid=6a52f742d26e4017a0750be8590891e2&url=https%3a%2f%2fwww.townsvillebulletin.com.au%2fsport%2fnrl%2fnrl-signings-jake-clifford-to-join-newcastle-knights-on-twoyear-deal%2fnews-story%2ff8e7212e94bae726fd7b163b9438f8bc&c=2128048791105948551&mkt=en-au","","https://www.townsvillebulletin.com.au/sport/nrl/nrl-signings-jake-clifford-to-join-newcastle-knights-on-twoyear-deal/news-story/f8e7212e94bae726fd7b163b9438f8bc","false","Newcastle Knights finally have their new playmaker after Cowboys pivot Jake Clifford inked a two-year deal with the club. The Daily Telegraph reported on Sunday that Clifford had all but agreed to a ..."
"nql","North Queensland Cowboys","Tom Dearden","backup_baseline","1","smh.com.au","7","contract_language|context_or_team_article","false","Sydney Morning Herald","Thu, 25 Jun 2026 08:44:00 GMT","team_or_context_candidate_needs_article_review","Walker’s future on Roosters’ agenda as NRL’s next million-dollar man","https://www.smh.com.au/sport/nrl/walker-s-future-on-roosters-agenda-as-nrl-s-next-million-dollar-man-20260625-p609xc.html","http://www.bing.com/news/apiclick.aspx?ref=FexRss&aid=&tid=6a52f74a75d84d5d9308f67aa00c92f6&url=https%3a%2f%2fwww.smh.com.au%2fsport%2fnrl%2fwalker-s-future-on-roosters-agenda-as-nrl-s-next-million-dollar-man-20260625-p609xc.html&c=6381386888769647683&mkt=en-au","","https://www.smh.com.au/sport/nrl/walker-s-future-on-roosters-agenda-as-nrl-s-next-million-dollar-man-20260625-p609xc.html","false","You have reached your maximum number of saved items. Remove items from your saved list to add more. The Roosters are set to broach extension talks with star halfback Sam Walker and his management once ..."
"nql","North Queensland Cowboys","Jason Taumalolo","backup_baseline","1","news.com.au","30","money|contract_language|exact_player_name","true","Couriermail","Sat, 16 May 2026 06:22:00 GMT","player_focused_candidate_needs_article_review","Jason Taumalolo rejects multi-million dollar offer from the Warriors to remain at Cowboys","https://www.news.com.au/sport/nrl/jason-taumalolo-rejects-multimillion-dollar-offer-from-the-warriors-to-remain-at-cowboys/news-story/53b24f8a5904a71363a0767eebb5a7ce","http://www.bing.com/news/apiclick.aspx?ref=FexRss&aid=&tid=6a52f752133b461eba1f7ca5e9ef2fee&url=https%3a%2f%2fwww.news.com.au%2fsport%2fnrl%2fjason-taumalolo-rejects-multimillion-dollar-offer-from-the-warriors-to-remain-at-cowboys%2fnews-story%2f53b24f8a5904a71363a0767eebb5a7ce&c=16000640926038472408&mkt=en-au","","https://www.news.com.au/sport/nrl/jason-taumalolo-rejects-multimillion-dollar-offer-from-the-warriors-to-remain-at-cowboys/news-story/53b24f8a5904a71363a0767eebb5a7ce","false","COWBOYS back-row sensation Jason Taumalolo has rejected a $2 million deal from the Warriors to stay loyal to North Queensland. In a massive coup for the Cowboys, News Corp can reveal Taumalolo has ..."
"nql","North Queensland Cowboys","Jason Taumalolo","backup_baseline","2","smh.com.au","26","term_language|exact_player_name","true","Sydney Morning Herald","Fri, 26 Jun 2026 22:00:00 GMT","player_focused_candidate_needs_article_review","‘You feel like you’re going to black out:’ How Taumalolo ignored the pain to reach 300 NRL games","https://www.smh.com.au/sport/nrl/you-feel-like-you-re-going-to-black-out-how-taumalolo-ignored-the-pain-to-reach-300-nrl-games-20260625-p609xt.html","http://www.bing.com/news/apiclick.aspx?ref=FexRss&aid=&tid=6a52f7509ac349c29538e7510ec25f84&url=https%3a%2f%2fwww.smh.com.au%2fsport%2fnrl%2fyou-feel-like-you-re-going-to-black-out-how-taumalolo-ignored-the-pain-to-reach-300-nrl-games-20260625-p609xt.html&c=15998883836161494120&mkt=en-au","","https://www.smh.com.au/sport/nrl/you-feel-like-you-re-going-to-black-out-how-taumalolo-ignored-the-pain-to-reach-300-nrl-games-20260625-p609xt.html","false","You have reached your maximum number of saved items. Remove items from your saved list to add more. Midway through the 2017 season Jason Taumalolo walked up to the North Queensland medical staff and ..."
"nql","North Queensland Cowboys","Jason Taumalolo","backup_baseline","3","townsvillebulletin.com.au","24","exact_player_name","true","Townsville Bulletin","Fri, 26 Jun 2026 12:43:00 GMT","player_focused_candidate_needs_article_review","Jason Taumalolo lifts the lid on his incredible journey to 300 NRL games with the North Queensland Cowboys","https://www.townsvillebulletin.com.au/sport/nrl/cowboys/jason-taumalolo-lifts-the-lid-on-his-incredible-journey-to-300-nrl-games-with-the-north-queensland-cowboys/news-story/7984ca493da1b21098798d60445e3f51","http://www.bing.com/news/apiclick.aspx?ref=FexRss&aid=&tid=6a52f74fa4284e1abc9d0470589ae152&url=https%3a%2f%2fwww.townsvillebulletin.com.au%2fsport%2fnrl%2fcowboys%2fjason-taumalolo-lifts-the-lid-on-his-incredible-journey-to-300-nrl-games-with-the-north-queensland-cowboys%2fnews-story%2f7984ca493da1b21098798d60445e3f51&c=15388495915831140450&mkt=en-au","","https://www.townsvillebulletin.com.au/sport/nrl/cowboys/jason-taumalolo-lifts-the-lid-on-his-incredible-journey-to-300-nrl-games-with-the-north-queensland-cowboys/news-story/7984ca493da1b21098798d60445e3f51","false","Still in year 12 at Kirwan State High, the Tongan teenager was given the opportunity of a lifetime to make his NRL debut alongside some of the greatest Cowboys to ever grace the field. Playing behind ..."
"nql","North Queensland Cowboys","Jason Taumalolo","backup_baseline","4","abc.net.au","24","exact_player_name","true","Australian Broadcasting Corporation","Wed, 06 May 2026 17:01:00 GMT","player_focused_candidate_needs_article_review","Ahead of his record game for North Queensland, Jason Taumalolo is still forging new legends","https://www.abc.net.au/news/2026-05-07/jason-taumalolo-north-queensland-cowboys-record/106650790","http://www.bing.com/news/apiclick.aspx?ref=FexRss&aid=&tid=6a52f74fa4284e1abc9d0470589ae152&url=https%3a%2f%2fwww.abc.net.au%2fnews%2f2026-05-07%2fjason-taumalolo-north-queensland-cowboys-record%2f106650790&c=8703541751225081523&mkt=en-au","","https://www.abc.net.au/news/2026-05-07/jason-taumalolo-north-queensland-cowboys-record/106650790","false","There were days, in his most glorious and furious times, when Jason Taumalolo felt inevitable. He could not be truly stopped because how do you stop the king tide rising high? How do you fight a ..."
"nql","North Queensland Cowboys","Jason Taumalolo","backup_baseline","5","townsvillebulletin.com.au","24","exact_player_name","true","Townsville Bulletin","Tue, 05 May 2026 09:00:00 GMT","player_focused_candidate_needs_article_review","North Queensland Cowboys star Jason Taumalolo’s unexpected career highlight ahead of milestone 295th match","https://www.townsvillebulletin.com.au/sport/nrl/cowboys/north-queensland-cowboys-star-jason-taumalolos-unexpected-career-highlight-ahead-of-milestone-295th-match/news-story/d7235062ee2c0b976c7b2ef8b027900c","http://www.bing.com/news/apiclick.aspx?ref=FexRss&aid=&tid=6a52f74fa4284e1abc9d0470589ae152&url=https%3a%2f%2fwww.townsvillebulletin.com.au%2fsport%2fnrl%2fcowboys%2fnorth-queensland-cowboys-star-jason-taumalolos-unexpected-career-highlight-ahead-of-milestone-295th-match%2fnews-story%2fd7235062ee2c0b976c7b2ef8b027900c&c=1566662264231214711&mkt=en-au","","https://www.townsvillebulletin.com.au/sport/nrl/cowboys/north-queensland-cowboys-star-jason-taumalolos-unexpected-career-highlight-ahead-of-milestone-295th-match/news-story/d7235062ee2c0b976c7b2ef8b027900c","false","The talismanic Tongan will breach new ground in game 295 on Friday night, forging his own path as the Cowboys’ most-capped player. “It’s always a huge honour to be able to achieve a milestone like ..."
"nql","North Queensland Cowboys","Jason Taumalolo","backup_baseline","6","nrl.com","24","exact_player_name","true","National Rugby League","Sat, 27 Jun 2026 03:26:00 GMT","player_focused_candidate_needs_article_review","NRL congratulates Jason Taumalolo","https://www.nrl.com/news/2026/06/27/nrl-congratulates-jason-taumalolo/","http://www.bing.com/news/apiclick.aspx?ref=FexRss&aid=&tid=6a52f74fa4284e1abc9d0470589ae152&url=https%3a%2f%2fwww.nrl.com%2fnews%2f2026%2f06%2f27%2fnrl-congratulates-jason-taumalolo%2f&c=36152931945347076&mkt=en-au","","https://www.nrl.com/news/2026/06/27/nrl-congratulates-jason-taumalolo/","false","National Rugby League (NRL) CEO Andrew Abdo has congratulated North Queensland Cowboys prop Jason Taumalolo, who will play his 300th NRL match today. Taumalolo will become the 56th player to join the ..."
"nql","North Queensland Cowboys","Jason Taumalolo","backup_baseline","7","goldcoastbulletin.com.au","24","exact_player_name","true","Gold Coast Sun","Sun, 21 Jun 2026 19:18:00 GMT","player_focused_candidate_needs_article_review","‘He was my idol’: Jeremiah Nanai’s touching tribute to Jason Taumalolo","https://www.goldcoastbulletin.com.au/sport/nrl/jason-taumalolo-charged-by-nrl-judiciary-ahead-of-milestone-300th-game/news-story/30ddbb735fc2989b998be44404efa490","http://www.bing.com/news/apiclick.aspx?ref=FexRss&aid=&tid=6a52f74fa4284e1abc9d0470589ae152&url=https%3a%2f%2fwww.goldcoastbulletin.com.au%2fsport%2fnrl%2fjason-taumalolo-charged-by-nrl-judiciary-ahead-of-milestone-300th-game%2fnews-story%2f30ddbb735fc2989b998be44404efa490&c=13177035989820275005&mkt=en-au","","https://www.goldcoastbulletin.com.au/sport/nrl/jason-taumalolo-charged-by-nrl-judiciary-ahead-of-milestone-300th-game/news-story/30ddbb735fc2989b998be44404efa490","false","At the top of his game Taumalolo was the most damaging ballrunner the NRL has ever seen, skittling the competition’s toughest forwards with ease. In the mind of a 10-year-old Nanai, the Tongan ..."
"nql","North Queensland Cowboys","Jason Taumalolo","backup_baseline","8","nrl.com","24","exact_player_name","true","National Rugby League","Thu, 07 May 2026 17:00:00 GMT","player_focused_candidate_needs_article_review","From the field: Jason Taumalolo","https://www.nrl.com/news/2026/05/08/from-the-field-jason-taumalolo/","http://www.bing.com/news/apiclick.aspx?ref=FexRss&aid=&tid=6a52f754091a45dd835cc206ff5776a9&url=https%3a%2f%2fwww.nrl.com%2fnews%2f2026%2f05%2f08%2ffrom-the-field-jason-taumalolo%2f&c=1942700338366285173&mkt=en-au","","https://www.nrl.com/news/2026/05/08/from-the-field-jason-taumalolo/","false","National Rugby League respects and honours the Traditional Custodians of the land and pay our respects to their Elders past, present and future. We acknowledge the stories, traditions and living ..."
"nql","North Queensland Cowboys","Jason Taumalolo","backup_baseline","9","heraldsun.com.au","20","exact_player_name","true","heraldsun.com.au","Tue, 14 Mar 2017 14:44:00 GMT","player_focused_candidate_needs_article_review","The NRL shoulder charge law claims its first victim","https://www.heraldsun.com.au/sport/nrl/the-nrl-shoulder-charge-law-claims-its-first-victim/news-story/a53418cfd96867aa7dca516b241cb248","http://www.bing.com/news/apiclick.aspx?ref=FexRss&aid=&tid=6a52f74fa4284e1abc9d0470589ae152&url=https%3a%2f%2fwww.heraldsun.com.au%2fsport%2fnrl%2fthe-nrl-shoulder-charge-law-claims-its-first-victim%2fnews-story%2fa53418cfd96867aa7dca516b241cb248&c=9859737240206714538&mkt=en-au","","https://www.heraldsun.com.au/sport/nrl/the-nrl-shoulder-charge-law-claims-its-first-victim/news-story/a53418cfd96867aa7dca516b241cb248","false","NORTH Queensland’s Jason Taumalolo has become the first victim of the NRL’s new shoulder charge laws, that has left many confused. Taumalolo was found guilty by the NRL judiciary of a shoulder charge, ..."
"nql","North Queensland Cowboys","Jason Taumalolo","backup_baseline","10","au.sports.yahoo.com","4","contract_language|context_or_team_article","false","Yahoo Sport Australia","Mon, 08 Jun 2026 17:00:00 GMT","team_or_context_candidate_needs_article_review","The EIGHT current worst value for money contracts in the NRL","https://au.sports.yahoo.com/eight-current-worst-value-money-203100385.html","http://www.bing.com/news/apiclick.aspx?ref=FexRss&aid=&tid=6a52f753f03a4cc6846c8ae1916c1748&url=https%3a%2f%2fau.sports.yahoo.com%2feight-current-worst-value-money-203100385.html&c=17264841661166123321&mkt=en-au","","https://au.sports.yahoo.com/eight-current-worst-value-money-203100385.html","false","There's nothing more disappointing in rugby league than knowing your club is paying a player far too much than they deserve, wasting salary cap space. While some clubs are extracting maximum value ..."
"nql","North Queensland Cowboys","Reed Mahoney","backup_baseline","","","","","","","","no_candidate_found","","","","","","",""
"nql","North Queensland Cowboys","Coen Hess","backup_baseline","","","","","","","","no_candidate_found","","","","","","",""
"nql","North Queensland Cowboys","Heilum Luki","backup_baseline","1","nrl.com","20","exact_player_name","true","National Rugby League","Fri, 15 May 2026 17:00:00 GMT","player_focused_candidate_needs_article_review","Luki hoping for change of luck in pursuit of Origin dream","https://www.nrl.com/news/2026/05/17/luki-hoping-for-change-of-luck-in-pursuit-of-origin-dream/","http://www.bing.com/news/apiclick.aspx?ref=FexRss&aid=&tid=6a52f7627dcf4fc7be6e697f13253f24&url=https%3a%2f%2fwww.nrl.com%2fnews%2f2026%2f05%2f17%2fluki-hoping-for-change-of-luck-in-pursuit-of-origin-dream%2f&c=17727298531025957677&mkt=en-au","","https://www.nrl.com/news/2026/05/17/luki-hoping-for-change-of-luck-in-pursuit-of-origin-dream/","false","Is North Queensland Cowboys second rower Heilum Luki ready for the State of Origin arena? “Bloody oath” - according to North Queensland Cowboys captain Reuben Cotter. “He’s been playing some great ..."
"nql","North Queensland Cowboys","Heilum Luki","backup_baseline","2","smh.com.au","7","contract_language|context_or_team_article","false","Sydney Morning Herald","Mon, 11 May 2020 17:00:00 GMT","team_or_context_candidate_needs_article_review","Nine, NRL on brink of deal to seal $1.9 billion broadcast bonanza","https://www.smh.com.au/sport/nrl/nine-nrl-on-brink-of-deal-to-seal-1-9-billion-broadcast-bonanza-20200512-p54scv.html","http://www.bing.com/news/apiclick.aspx?ref=FexRss&aid=&tid=6a52f7648e6b4a6ba2cf26c7797c5e11&url=https%3a%2f%2fwww.smh.com.au%2fsport%2fnrl%2fnine-nrl-on-brink-of-deal-to-seal-1-9-billion-broadcast-bonanza-20200512-p54scv.html&c=10283903415388544094&mkt=en-au","","https://www.smh.com.au/sport/nrl/nine-nrl-on-brink-of-deal-to-seal-1-9-billion-broadcast-bonanza-20200512-p54scv.html","false","You have reached your maximum number of saved items. Remove items from your saved list to add more. Nine Entertainment Co is close to agreeing to a revised three-year deal with the NRL as the code ..."
"nql","North Queensland Cowboys","Heilum Luki","backup_baseline","3","afr.com","0","contract_language|context_or_team_article","false","The Australian Financial Review","Tue, 26 May 2026 13:00:00 GMT","context_only_untrusted_domain","Nine CEO pitches V’landys on exclusive NRL deal","https://www.afr.com/companies/media-and-marketing/nine-ceo-pitches-v-landys-on-exclusive-nrl-deal-cutting-out-foxtel-20260526-p600tw","http://www.bing.com/news/apiclick.aspx?ref=FexRss&aid=&tid=6a52f7648e6b4a6ba2cf26c7797c5e11&url=https%3a%2f%2fwww.afr.com%2fcompanies%2fmedia-and-marketing%2fnine-ceo-pitches-v-landys-on-exclusive-nrl-deal-cutting-out-foxtel-20260526-p600tw&c=14420439829069484302&mkt=en-au","","https://www.afr.com/companies/media-and-marketing/nine-ceo-pitches-v-landys-on-exclusive-nrl-deal-cutting-out-foxtel-20260526-p600tw","false","Australian media giant Nine Entertainment is pitching to buy all the NRL broadcast rights, in a high-stakes bid to bolster its streaming platform Stan and carve Foxtel out of the sport for the first ..."
"nql","North Queensland Cowboys","Jeremiah Nanai","backup_baseline","","","","","","","","no_candidate_found","","","","","","",""
"nql","North Queensland Cowboys","Reuben Cotter","backup_baseline","1","couriermail.com.au","24","exact_player_name","true","The Courier-Mail","Sun, 24 May 2026 23:43:00 GMT","player_focused_candidate_needs_article_review","North Queensland Cowboys coach Todd Payten has named Reuben Cotter and Murray Taulagi to play this weekend","https://www.couriermail.com.au/sport/nrl/decision-on-todd-paytens-cowboys-future-imminent-after-strong-hint-from-ceo/news-story/671724b15c1985c64bb40b7dd13c33ad","http://www.bing.com/news/apiclick.aspx?ref=FexRss&aid=&tid=6a52f77029e444a187fcca4d3a9cc1dc&url=https%3a%2f%2fwww.couriermail.com.au%2fsport%2fnrl%2fdecision-on-todd-paytens-cowboys-future-imminent-after-strong-hint-from-ceo%2fnews-story%2f671724b15c1985c64bb40b7dd13c33ad&c=2976039547400867164&mkt=en-au","","https://www.couriermail.com.au/sport/nrl/decision-on-todd-paytens-cowboys-future-imminent-after-strong-hint-from-ceo/news-story/671724b15c1985c64bb40b7dd13c33ad","false","Cotter was one of two changes to North Queensland’s team this week with star winger Murray Taulagi named to make his return from a concussion. Cowboys coach Todd Payten said the club’s medical staff ..."
"nql","North Queensland Cowboys","Reuben Cotter","backup_baseline","2","townsvillebulletin.com.au","24","exact_player_name","true","Townsville Bulletin","Sun, 24 May 2026 23:45:00 GMT","player_focused_candidate_needs_article_review","North Queensland Cowboys coach Todd Payten has named Reuben Cotter and Murray Taulagi to play this weekend","https://www.townsvillebulletin.com.au/sport/nrl/decision-on-todd-paytens-cowboys-future-imminent-after-strong-hint-from-ceo/news-story/671724b15c1985c64bb40b7dd13c33ad","http://www.bing.com/news/apiclick.aspx?ref=FexRss&aid=&tid=6a52f77029e444a187fcca4d3a9cc1dc&url=https%3a%2f%2fwww.townsvillebulletin.com.au%2fsport%2fnrl%2fdecision-on-todd-paytens-cowboys-future-imminent-after-strong-hint-from-ceo%2fnews-story%2f671724b15c1985c64bb40b7dd13c33ad&c=18060852564314648607&mkt=en-au","","https://www.townsvillebulletin.com.au/sport/nrl/decision-on-todd-paytens-cowboys-future-imminent-after-strong-hint-from-ceo/news-story/671724b15c1985c64bb40b7dd13c33ad","false","Cowboys coach Todd Payten has made two changes to his side that beat the Rabbitohs, with a star winger returning and his skipper expected to back up after Origin I. See all the latest team news Cotter ..."
"nql","North Queensland Cowboys","John Bateman","backup_baseline","1","dailytelegraph.com.au","30","contract_language|exact_player_name","true","The Daily Telegraph","Mon, 25 May 2020 04:00:00 GMT","player_focused_candidate_needs_article_review","NRL 2020: John Bateman Canberra Raiders contract twist","https://www.dailytelegraph.com.au/sport/nrl/nrl-2020-john-bateman-canberra-raiders-contract-twist/news-story/ec69fa7e480f5a842f3e7160f3f62599","http://www.bing.com/news/apiclick.aspx?ref=FexRss&aid=&tid=6a52f77aa5274e0eb8ed39c74b654565&url=https%3a%2f%2fwww.dailytelegraph.com.au%2fsport%2fnrl%2fnrl-2020-john-bateman-canberra-raiders-contract-twist%2fnews-story%2fec69fa7e480f5a842f3e7160f3f62599&c=9352147370907777839&mkt=en-au","","https://www.dailytelegraph.com.au/sport/nrl/nrl-2020-john-bateman-canberra-raiders-contract-twist/news-story/ec69fa7e480f5a842f3e7160f3f62599","false","Furner’s comments come after Bateman broke his silence on his ongoing contract saga over the weekend, denying reports he has on four occasions asked to be released from his Raiders contract. Follow up ..."
"nql","North Queensland Cowboys","John Bateman","backup_baseline","2","goldcoastbulletin.com.au","27","contract_language|exact_player_name","true","Gold Coast Sun","Mon, 25 May 2020 04:00:00 GMT","player_focused_candidate_needs_article_review","NRL 2020: John Bateman Canberra Raiders contract twist","https://www.goldcoastbulletin.com.au/sport/nrl/nrl-2020-john-bateman-canberra-raiders-contract-twist/news-story/ec69fa7e480f5a842f3e7160f3f62599","http://www.bing.com/news/apiclick.aspx?ref=FexRss&aid=&tid=6a52f77aa5274e0eb8ed39c74b654565&url=https%3a%2f%2fwww.goldcoastbulletin.com.au%2fsport%2fnrl%2fnrl-2020-john-bateman-canberra-raiders-contract-twist%2fnews-story%2fec69fa7e480f5a842f3e7160f3f62599&c=18081868282392229517&mkt=en-au","","https://www.goldcoastbulletin.com.au/sport/nrl/nrl-2020-john-bateman-canberra-raiders-contract-twist/news-story/ec69fa7e480f5a842f3e7160f3f62599","false","Don't miss out on the headlines from NRL. Followed categories will be added to My News. Furner’s comments come after Bateman broke his silence on his ongoing contract saga over the weekend, denying ..."
"nql","North Queensland Cowboys","John Bateman","backup_baseline","3","news.com.au","27","contract_language|exact_player_name","true","Couriermail","Mon, 25 May 2020 04:00:00 GMT","player_focused_candidate_needs_article_review","NRL 2020: John Bateman Canberra Raiders contract twist","https://www.news.com.au/sport/nrl/nrl-2020-john-bateman-canberra-raiders-contract-twist/news-story/ec69fa7e480f5a842f3e7160f3f62599","http://www.bing.com/news/apiclick.aspx?ref=FexRss&aid=&tid=6a52f77aa5274e0eb8ed39c74b654565&url=https%3a%2f%2fwww.news.com.au%2fsport%2fnrl%2fnrl-2020-john-bateman-canberra-raiders-contract-twist%2fnews-story%2fec69fa7e480f5a842f3e7160f3f62599&c=6348286200288959830&mkt=en-au","","https://www.news.com.au/sport/nrl/nrl-2020-john-bateman-canberra-raiders-contract-twist/news-story/ec69fa7e480f5a842f3e7160f3f62599","false","Furner’s comments come after Bateman broke his silence on his ongoing contract saga over the weekend, denying reports he has on four occasions asked to be released from his Raiders contract. Follow up ..."
"nql","North Queensland Cowboys","Matt Lodge","backup_baseline","","","","","","","","no_candidate_found","","","","","","",""
"nql","North Queensland Cowboys","Sam McIntyre","backup_baseline","","","","","","","","no_candidate_found","","","","","","",""
"nql","North Queensland Cowboys","Griffin Neame","backup_baseline","1","smh.com.au","10","money|contract_language|context_or_team_article","false","Sydney Morning Herald","Fri, 26 Jun 2026 17:01:00 GMT","team_or_context_candidate_needs_article_review","New broadcast deal could push NRL salary cap up to $20m by 2028","https://www.smh.com.au/sport/nrl/new-broadcast-deal-could-push-nrl-salary-cap-up-to-20m-by-2028-20260627-p60ak2.html","http://www.bing.com/news/apiclick.aspx?ref=FexRss&aid=&tid=6a52f79065124ef3aabd6a419a3ea95b&url=https%3a%2f%2fwww.smh.com.au%2fsport%2fnrl%2fnew-broadcast-deal-could-push-nrl-salary-cap-up-to-20m-by-2028-20260627-p60ak2.html&c=16384154360396862290&mkt=en-au","","https://www.smh.com.au/sport/nrl/new-broadcast-deal-could-push-nrl-salary-cap-up-to-20m-by-2028-20260627-p60ak2.html","false","You have reached your maximum number of saved items. Remove items from your saved list to add more. The new multibillion-dollar broadcast rights deal could push the salary cap as high as $20 million ..."
"nql","North Queensland Cowboys","Griffin Neame","backup_baseline","2","au.sports.yahoo.com","4","contract_language|context_or_team_article","false","Yahoo Sport Australia","Fri, 08 May 2026 14:50:00 GMT","team_or_context_candidate_needs_article_review","The SEVEN current best value for money contracts in the NRL","https://au.sports.yahoo.com/seven-current-best-value-money-214941645.html","http://www.bing.com/news/apiclick.aspx?ref=FexRss&aid=&tid=6a52f79329a0495fb94db8522a08fd58&url=https%3a%2f%2fau.sports.yahoo.com%2fseven-current-best-value-money-214941645.html&c=14537114608194793438&mkt=en-au","","https://au.sports.yahoo.com/seven-current-best-value-money-214941645.html","false","The beauty of the salary cap is that it is supposed to level the playing field for all NRL teams. There is enough space for stars, but not multiple, meaning rosters need to be carefully crafted so ..."
"nql","North Queensland Cowboys","Harrison Edwards","bucket_unknown","","","","","","","","no_candidate_found","","","","","","",""
"nql","North Queensland Cowboys","James Walsh","bucket_unknown","","","","","","","","no_candidate_found","","","","","","",""
"nql","North Queensland Cowboys","Jaxson Paulo","bucket_unknown","","","","","","","","no_candidate_found","","","","","","",""
"nql","North Queensland Cowboys","Kai O'Donnell","bucket_unknown","","","","","","","","no_candidate_found","","","","","","",""
"nql","North Queensland Cowboys","Kaiden Lahrs","bucket_unknown","","","","","","","","no_candidate_found","","","","","","",""
"nql","North Queensland Cowboys","Mason Kira","bucket_unknown","","","","","","","","no_candidate_found","","","","","","",""
"nql","North Queensland Cowboys","Soni Luke","bucket_unknown","","","","","","","","no_candidate_found","","","","","","",""
"nql","North Queensland Cowboys","Thomas Mikaele","bucket_unknown","","","","","","","","no_candidate_found","","","","","","",""
"nql","North Queensland Cowboys","Viliami Vailea","bucket_unknown","","","","","","","","no_candidate_found","","","","","","",""
"nql","North Queensland Cowboys","Zac Herdegen","bucket_unknown","1","thechronicle.com.au","-3","context_or_team_article","false","The Toowoomba Chronicle","Sun, 07 Jun 2026 04:36:00 GMT","context_only_untrusted_domain","Emerging North Queensland Cowboys playmaker puts hand up for NRL debut","https://www.thechronicle.com.au/sport/nrl/emerging-north-queensland-cowboys-playmaker-puts-hand-up-for-nrl-debut/news-story/704834cb216b30c399a7bfeeffa3ba5a","http://www.bing.com/news/apiclick.aspx?ref=FexRss&aid=&tid=6a52f7d61de2448db8c36e420e9f5e13&url=https%3a%2f%2fwww.thechronicle.com.au%2fsport%2fnrl%2femerging-north-queensland-cowboys-playmaker-puts-hand-up-for-nrl-debut%2fnews-story%2f704834cb216b30c399a7bfeeffa3ba5a&c=10578445068509245356&mkt=en-au","","https://www.thechronicle.com.au/sport/nrl/emerging-north-queensland-cowboys-playmaker-puts-hand-up-for-nrl-debut/news-story/704834cb216b30c399a7bfeeffa3ba5a","false","The 20-year-old has stepped in to the primary playmaker role at the Pride this year after deputising Jake Clifford and Tom Duffy last season. The former Queensland U19s squad member finished his ..."
"par","Parramatta Eels","Isaiah Iongi","backup_baseline","","","","","","","","no_candidate_found","","","","","","",""
"par","Parramatta Eels","Bailey Simonsson","backup_baseline","","","","","","","","no_candidate_found","","","","","","",""
"par","Parramatta Eels","Will Penisini","backup_baseline","1","7news.com.au","7","money|contract_language|context_or_team_article","false","7NEWS Australia","Fri, 28 Oct 2022 02:27:00 GMT","team_or_context_candidate_needs_article_review","Ultimate NRL free agency preview: Your club’s out-of-contract stars and where they could end up","https://7news.com.au/sport/rugby-league/ultimate-nrl-free-agency-preview-your-clubs-out-of-contract-stars-and-where-they-could-end-up-c-8677336","http://www.bing.com/news/apiclick.aspx?ref=FexRss&aid=&tid=6a52f7eeb031479d872146ba0e154f1c&url=https%3a%2f%2f7news.com.au%2fsport%2frugby-league%2fultimate-nrl-free-agency-preview-your-clubs-out-of-contract-stars-and-where-they-could-end-up-c-8677336&c=143273184193222445&mkt=en-au","","https://7news.com.au/sport/rugby-league/ultimate-nrl-free-agency-preview-your-clubs-out-of-contract-stars-and-where-they-could-end-up-c-8677336","false","Over $50 million worth of player talent will be free to negotiate with clubs for season 2024 and beyond when the NRL free agency period begins on November 1. Latrell Mitchell, Mit ..."
"par","Parramatta Eels","Sean Russell","backup_baseline","1","dailytelegraph.com.au","10","money|contract_language|context_or_team_article","false","The Daily Telegraph","Tue, 23 Jun 2026 12:12:00 GMT","team_or_context_candidate_needs_article_review","NRL to grant Perth Bears $500k salary cap concessions in landmark third-party arrangement","https://www.dailytelegraph.com.au/sport/nrl/nrl-to-grant-perth-bears-500k-salary-cap-concessions-in-landmark-thirdparty-arrangement/news-story/0c5c097536d723f0d0cb46c86fd051ff","http://www.bing.com/news/apiclick.aspx?ref=FexRss&aid=&tid=6a52f7f1a7d44200a8c7f498c1d81b8a&url=https%3a%2f%2fwww.dailytelegraph.com.au%2fsport%2fnrl%2fnrl-to-grant-perth-bears-500k-salary-cap-concessions-in-landmark-thirdparty-arrangement%2fnews-story%2f0c5c097536d723f0d0cb46c86fd051ff&c=13072428604770190172&mkt=en-au","","https://www.dailytelegraph.com.au/sport/nrl/nrl-to-grant-perth-bears-500k-salary-cap-concessions-in-landmark-thirdparty-arrangement/news-story/0c5c097536d723f0d0cb46c86fd051ff","false","In a historic development for the NRL’s 18th club, this masthead has been told Perth will receive a special marquee player privilege where existing club sponsors can top-up a player’s contract by 20 ..."
"par","Parramatta Eels","Josh Addo-Carr","backup_baseline","1","foxsports.com.au","29","contract_language|exact_player_name","true","FOX SPORTS","Sun, 14 Jun 2026 05:43:00 GMT","player_focused_candidate_needs_article_review","NRL 2020: Josh Addo-Carr, Melbourne Storm, NRL contract, transfers, moves, Wests Tigers, Sydney","https://www.foxsports.com.au/nrl/nrl-premiership/teams/storm/nrl-2020-josh-addocarr-melbourne-storm-nrl-contract-transfers-moves-wests-tigers-sydney/news-story/55dd65e817d27cc1141f269598681311","http://www.bing.com/news/apiclick.aspx?ref=FexRss&aid=&tid=6a52f7f904e5422583bccd54fe9ceb76&url=https%3a%2f%2fwww.foxsports.com.au%2fnrl%2fnrl-premiership%2fteams%2fstorm%2fnrl-2020-josh-addocarr-melbourne-storm-nrl-contract-transfers-moves-wests-tigers-sydney%2fnews-story%2f55dd65e817d27cc1141f269598681311&c=12738152604191342843&mkt=en-au","","https://www.foxsports.com.au/nrl/nrl-premiership/teams/storm/nrl-2020-josh-addocarr-melbourne-storm-nrl-contract-transfers-moves-wests-tigers-sydney/news-story/55dd65e817d27cc1141f269598681311","false","NSW State of Origin winger Josh Addo-Carr is wrestling with the prospect of having to make the toughest phone call of his career to Melbourne Storm coach Craig Bellamy. Addo-Carr is facing a ..."
"par","Parramatta Eels","Jonah Pezet","backup_baseline","1","7news.com.au","7","money|contract_language|context_or_team_article","false","7NEWS Australia","Fri, 28 Oct 2022 02:27:00 GMT","team_or_context_candidate_needs_article_review","Ultimate NRL free agency preview: Your club’s out-of-contract stars and where they could end up","https://7news.com.au/sport/rugby-league/ultimate-nrl-free-agency-preview-your-clubs-out-of-contract-stars-and-where-they-could-end-up-c-8677336","http://www.bing.com/news/apiclick.aspx?ref=FexRss&aid=&tid=6a52f80277484684be4c68c8022fa2de&url=https%3a%2f%2f7news.com.au%2fsport%2frugby-league%2fultimate-nrl-free-agency-preview-your-clubs-out-of-contract-stars-and-where-they-could-end-up-c-8677336&c=143273184193222445&mkt=en-au","","https://7news.com.au/sport/rugby-league/ultimate-nrl-free-agency-preview-your-clubs-out-of-contract-stars-and-where-they-could-end-up-c-8677336","false","Over $50 million worth of player talent will be free to negotiate with clubs for season 2024 and beyond when the NRL free agency period begins on November 1. Latrell Mitchell, Mit ..."
"par","Parramatta Eels","Mitchell Moses","backup_baseline","1","dailytelegraph.com.au","30","contract_language|exact_player_name","true","The Daily Telegraph","Mon, 12 Dec 2022 03:52:00 GMT","player_focused_candidate_needs_article_review","NRL News: Biggest off-contract stars ahead of 2024, Dominic Young, Mitchell Moses, Dylan Brown","https://www.dailytelegraph.com.au/sport/nrl/nrl-news-nine-clubs-chasing-huddersfield-young-gun/news-story/23444ad1813dbf9d1e120131bb9c727e","http://www.bing.com/news/apiclick.aspx?ref=FexRss&aid=&tid=6a52f806f2964e53a014cf450dc3290c&url=https%3a%2f%2fwww.dailytelegraph.com.au%2fsport%2fnrl%2fnrl-news-nine-clubs-chasing-huddersfield-young-gun%2fnews-story%2f23444ad1813dbf9d1e120131bb9c727e&c=459499442747899399&mkt=en-au","","https://www.dailytelegraph.com.au/sport/nrl/nrl-news-nine-clubs-chasing-huddersfield-young-gun/news-story/23444ad1813dbf9d1e120131bb9c727e","false","Dominic Young, the strapping Knights flyer from Huddersfield with Jamaican genes and a penchant for scoring tries, leads a star-studded list of players still for sale with each of their contract calls ..."
"par","Parramatta Eels","Mitchell Moses","backup_baseline","2","townsvillebulletin.com.au","27","contract_language|exact_player_name","true","Townsville Bulletin","Mon, 19 Apr 2021 07:52:00 GMT","player_focused_candidate_needs_article_review","NRL 2021: ‘Sluggish’ Parramatta Eels take huge risk on Mitchell Moses deal","https://www.townsvillebulletin.com.au/sport/nrl/nrl-2021-sluggish-parramatta-eels-take-huge-risk-on-mitchell-moses-deal/news-story/cf6f96c3fede73af8ab85afc36e6bc23","http://www.bing.com/news/apiclick.aspx?ref=FexRss&aid=&tid=6a52f8053fbe4c6390b5cffd8236ef31&url=https%3a%2f%2fwww.townsvillebulletin.com.au%2fsport%2fnrl%2fnrl-2021-sluggish-parramatta-eels-take-huge-risk-on-mitchell-moses-deal%2fnews-story%2fcf6f96c3fede73af8ab85afc36e6bc23&c=135354487595602644&mkt=en-au","","https://www.townsvillebulletin.com.au/sport/nrl/nrl-2021-sluggish-parramatta-eels-take-huge-risk-on-mitchell-moses-deal/news-story/cf6f96c3fede73af8ab85afc36e6bc23","false","Moses produced one of the best games of his career to steer the Eels to victory over the Canberra Raiders on Saturday night yet he remains a free agent. This is at a time when the likes of the Broncos ..."
"par","Parramatta Eels","Mitchell Moses","backup_baseline","3","msn.com","3","money|contract_language|context_or_team_article","false","Man of Many on MSN","Tue, 30 Jun 2026 15:06:27 GMT","context_only_untrusted_domain","10 highest paid NRL players for 2026","https://www.msn.com/en-au/sport/rugby_league/10-highest-paid-nrl-players-for-2026/ar-AA2719cA","http://www.bing.com/news/apiclick.aspx?ref=FexRss&aid=&tid=6a52f8053fbe4c6390b5cffd8236ef31&url=https%3a%2f%2fwww.msn.com%2fen-au%2fsport%2frugby_league%2f10-highest-paid-nrl-players-for-2026%2far-AA2719cA&c=3173818839366038056&mkt=en-au","","https://www.msn.com/en-au/sport/rugby_league/10-highest-paid-nrl-players-for-2026/ar-AA2719cA","false","Driven by expanding club salary caps, rugby league’s elite stars are securing record-shattering paydays for the 2026 NRL season. Led by Dylan Brown’s historic $13 million move, this list looks at the ..."
"par","Parramatta Eels","J'maine Hopgood","backup_baseline","","","","","","","","no_candidate_found","","","","","","",""
"par","Parramatta Eels","Ryley Smith","backup_baseline","","","","","","","","no_candidate_found","","","","","","",""
"par","Parramatta Eels","Junior Paulo","backup_baseline","1","geelongadvertiser.com.au","27","contract_language|exact_player_name","true","Geelong Advertiser","Wed, 11 May 2016 04:26:00 GMT","player_focused_candidate_needs_article_review","Third grade rugby coach takes blame for Junior Paulo breaching his NRL contract","https://www.geelongadvertiser.com.au/sport/nrl/third-grade-rugby-coach-takes-blame-for-junior-paulo-breaching-his-nrl-contract/news-story/9311f67679138f28d32b4848b12e73e1","http://www.bing.com/news/apiclick.aspx?ref=FexRss&aid=&tid=6a52f819e81e46d8a101170d89bc6d75&url=https%3a%2f%2fwww.geelongadvertiser.com.au%2fsport%2fnrl%2fthird-grade-rugby-coach-takes-blame-for-junior-paulo-breaching-his-nrl-contract%2fnews-story%2f9311f67679138f28d32b4848b12e73e1&c=2601013860645440650&mkt=en-au","","https://www.geelongadvertiser.com.au/sport/nrl/third-grade-rugby-coach-takes-blame-for-junior-paulo-breaching-his-nrl-contract/news-story/9311f67679138f28d32b4848b12e73e1","false","A THIRD grade rugby coach has taken all blame for Parramatta enforcer Junior Paulo breaching his NRL contract, saying: “I just wanted my boys to play alongside a superstar.” Speaking with The Daily ..."
"par","Parramatta Eels","Kelma Tuilagi","backup_baseline","","","","","","","","no_candidate_found","","","","","","",""
"par","Parramatta Eels","Kitione Kautoga","backup_baseline","","","","","","","","no_candidate_found","","","","","","",""
"par","Parramatta Eels","Jack Williams","backup_baseline","","","","","","","","no_candidate_found","","","","","","",""
"par","Parramatta Eels","Dylan Walker","backup_baseline","1","au.sports.yahoo.com","30","contract_language|term_language|exact_player_name","true","Yahoo Sports Australia","Mon, 06 Jul 2026 18:03:00 GMT","player_focused_candidate_needs_article_review","Dylan Walker reveals “disappointing” contract negotiations","https://au.sports.yahoo.com/dylan-walker-reveals-disappointing-contract-080313101.html","http://www.bing.com/news/apiclick.aspx?ref=FexRss&aid=&tid=6a52f83b4c28439586689bec9d21f045&url=https%3a%2f%2fau.sports.yahoo.com%2fdylan-walker-reveals-disappointing-contract-080313101.html&c=18145938697804027347&mkt=en-au","","https://au.sports.yahoo.com/dylan-walker-reveals-disappointing-contract-080313101.html","false","Departing Parramatta Eels lock forward Dylan Walker has revealed his disappointment over not being able to stay in the NRL beyond the end of 2026. Walker, who still believes he has plenty left in the ..."
"par","Parramatta Eels","Dylan Walker","backup_baseline","2","au.sports.yahoo.com","30","contract_language|term_language|exact_player_name","true","Yahoo Sports Australia","Sun, 05 Jul 2026 19:33:00 GMT","player_focused_candidate_needs_article_review","Dylan Walker confirms next contract, Eels exit","https://au.sports.yahoo.com/dylan-walker-confirms-next-contract-093330068.html","http://www.bing.com/news/apiclick.aspx?ref=FexRss&aid=&tid=6a52f83b4c28439586689bec9d21f045&url=https%3a%2f%2fau.sports.yahoo.com%2fdylan-walker-confirms-next-contract-093330068.html&c=16108223832056656094&mkt=en-au","","https://au.sports.yahoo.com/dylan-walker-confirms-next-contract-093330068.html","false","Parramatta Eels lock forward Dylan Walker has confirmed he will leave the club at the end of 2026, joining English Super League outfit the Leeds Rhinos on a three-year deal. Walker, who has been with ..."
"par","Parramatta Eels","Dylan Walker","backup_baseline","3","dailytelegraph.com.au","23","exact_player_name","true","Daily Telegraph","Thu, 02 Jul 2026 05:47:00 GMT","player_focused_candidate_needs_article_review","NRL market watch: Panthers grant premiership prop Moses Leota permission to test open market","https://www.dailytelegraph.com.au/sport/nrl/nrl-market-watch-panthers-grant-premiership-prop-moses-leota-permission-to-test-open-market/news-story/4008f19cfa5ee0ca87b94c1606edc5ad","http://www.bing.com/news/apiclick.aspx?ref=FexRss&aid=&tid=6a52f83c8433460bac2d34fefa329730&url=https%3a%2f%2fwww.dailytelegraph.com.au%2fsport%2fnrl%2fnrl-market-watch-panthers-grant-premiership-prop-moses-leota-permission-to-test-open-market%2fnews-story%2f4008f19cfa5ee0ca87b94c1606edc5ad&c=11489117357631864693&mkt=en-au","","https://www.dailytelegraph.com.au/sport/nrl/nrl-market-watch-panthers-grant-premiership-prop-moses-leota-permission-to-test-open-market/news-story/4008f19cfa5ee0ca87b94c1606edc5ad","false","Dylan Walker is set to become the latest high-profile NRL player to move to the Super League with the Parramatta utility on the verge of joining Brad Arthur-coached Leeds."
"par","Parramatta Eels","Tallyn Da Silva","backup_baseline","","","","","","","","no_candidate_found","","","","","","",""
"par","Parramatta Eels","Jack de Belin","backup_baseline","1","news.com.au","7","contract_language|term_language|context_or_team_article","false","Couriermail","Sat, 11 Apr 2015 04:21:00 GMT","team_or_context_candidate_needs_article_review","Parramatta Eels hand Danny Wicks a 12-month contract extension","https://www.news.com.au/sport/nrl/eels/parramatta-eels-hand-danny-wicks-a-12month-contract-extension/news-story/6d2263993755af9ba7af8d9654bc36b7","http://www.bing.com/news/apiclick.aspx?ref=FexRss&aid=&tid=6a52f8494aaf410498e11f03e13cb6e8&url=https%3a%2f%2fwww.news.com.au%2fsport%2fnrl%2feels%2fparramatta-eels-hand-danny-wicks-a-12month-contract-extension%2fnews-story%2f6d2263993755af9ba7af8d9654bc36b7&c=15687381270673026641&mkt=en-au","","https://www.news.com.au/sport/nrl/eels/parramatta-eels-hand-danny-wicks-a-12month-contract-extension/news-story/6d2263993755af9ba7af8d9654bc36b7","false","THE Parramatta Eels have handed forward Danny Wicks a contract extension that will keep him with the club until the end of the 2016 season. Just over two years since Wicks walked out the front gates ..."
"par","Parramatta Eels","Jack de Belin","backup_baseline","2","geelongadvertiser.com.au","7","money|contract_language|context_or_team_article","false","Geelong Advertiser","Sun, 08 May 2016 17:00:00 GMT","team_or_context_candidate_needs_article_review","Parramatta Eels could lose another high-profile player in salary cap saga","https://www.geelongadvertiser.com.au/sport/nrl/parramatta-eels-could-lose-another-highprofile-player-in-salary-cap-saga/news-story/2ebdd79691df1743c08fb25e1f886de3","http://www.bing.com/news/apiclick.aspx?ref=FexRss&aid=&tid=6a52f8494aaf410498e11f03e13cb6e8&url=https%3a%2f%2fwww.geelongadvertiser.com.au%2fsport%2fnrl%2fparramatta-eels-could-lose-another-highprofile-player-in-salary-cap-saga%2fnews-story%2f2ebdd79691df1743c08fb25e1f886de3&c=13872631228268262004&mkt=en-au","","https://www.geelongadvertiser.com.au/sport/nrl/parramatta-eels-could-lose-another-highprofile-player-in-salary-cap-saga/news-story/2ebdd79691df1743c08fb25e1f886de3","false","The Eels need to shave $570,000 off their cap if they are to play for premiership points on Friday night against South Sydney. The inevitable retirement of injury-struck forward Watmough will help ..."
"par","Parramatta Eels","Jack de Belin","backup_baseline","3","7news.com.au","7","money|contract_language|context_or_team_article","false","7NEWS Australia","Fri, 28 Oct 2022 02:27:00 GMT","team_or_context_candidate_needs_article_review","Ultimate NRL free agency preview: Your club’s out-of-contract stars and where they could end up","https://7news.com.au/sport/rugby-league/ultimate-nrl-free-agency-preview-your-clubs-out-of-contract-stars-and-where-they-could-end-up-c-8677336","http://www.bing.com/news/apiclick.aspx?ref=FexRss&aid=&tid=6a52f84de59d4742acc75424c7b0ab82&url=https%3a%2f%2f7news.com.au%2fsport%2frugby-league%2fultimate-nrl-free-agency-preview-your-clubs-out-of-contract-stars-and-where-they-could-end-up-c-8677336&c=143273184193222445&mkt=en-au","","https://7news.com.au/sport/rugby-league/ultimate-nrl-free-agency-preview-your-clubs-out-of-contract-stars-and-where-they-could-end-up-c-8677336","false","Over $50 million worth of player talent will be free to negotiate with clubs for season 2024 and beyond when the NRL free agency period begins on November 1. Latrell Mitchell, Mit ..."
"par","Parramatta Eels","Jack de Belin","backup_baseline","4","couriermail.com.au","4","contract_language|context_or_team_article","false","The Courier-Mail","Tue, 08 Mar 2016 05:36:00 GMT","team_or_context_candidate_needs_article_review","Parramatta Eels: Club board and executives oversaw culture of salary cap rule breaches","https://www.couriermail.com.au/sport/nrl/teams/eels/parramatta-eels-club-board-and-executives-oversaw-culture-of-salary-cap-rule-breaches/news-story/2fdf79d69b5f38c0eb440e9245daf6a0","http://www.bing.com/news/apiclick.aspx?ref=FexRss&aid=&tid=6a52f8494aaf410498e11f03e13cb6e8&url=https%3a%2f%2fwww.couriermail.com.au%2fsport%2fnrl%2fteams%2feels%2fparramatta-eels-club-board-and-executives-oversaw-culture-of-salary-cap-rule-breaches%2fnews-story%2f2fdf79d69b5f38c0eb440e9245daf6a0&c=4477659686251948416&mkt=en-au","","https://www.couriermail.com.au/sport/nrl/teams/eels/parramatta-eels-club-board-and-executives-oversaw-culture-of-salary-cap-rule-breaches/news-story/2fdf79d69b5f38c0eb440e9245daf6a0","false","THE Parramatta Eels board and senior executives have overseen a culture of breaching salary cap rules by rewarding players’ third-party sponsors with corporate boxes, explosive internal documents ..."
"par","Parramatta Eels","Matt Doorey","backup_baseline","","","","","","","","no_candidate_found","","","","","","",""
"par","Parramatta Eels","Brian Kelly","bucket_unknown","","","","","","","","no_candidate_found","","","","","","",""
"par","Parramatta Eels","Charlie Guymer","bucket_unknown","","","","","","","","no_candidate_found","","","","","","",""
"par","Parramatta Eels","Jake Tago","bucket_unknown","","","","","","","","no_candidate_found","","","","","","",""
"par","Parramatta Eels","Joash Papalii","bucket_unknown","","","","","","","","no_candidate_found","","","","","","",""
"par","Parramatta Eels","Jordan Samrani","bucket_unknown","","","","","","","","no_candidate_found","","","","","","",""
"par","Parramatta Eels","Luca Moretti","bucket_unknown","","","","","","","","no_candidate_found","","","","","","",""
"par","Parramatta Eels","Richard Penisini","bucket_unknown","","","","","","","","no_candidate_found","","","","","","",""
"par","Parramatta Eels","Ronald Volkman","bucket_unknown","1","dailytelegraph.com.au","30","contract_language|exact_player_name","true","Daily Telegraph","Thu, 09 Jul 2026 11:39:00 GMT","player_focused_candidate_needs_article_review","Parramatta Eels target Jarome Luai as rejuvenated playmaker Ronald Volkman departs","https://www.dailytelegraph.com.au/sport/nrl/parramatta-eels-target-jarome-luai-as-rejuvenated-playmaker-ronald-volkman-departs/news-story/52934ca0b0ab58e0affb94b31f8f480e","http://www.bing.com/news/apiclick.aspx?ref=FexRss&aid=&tid=6a52f8876e254793b42506bdc79895d3&url=https%3a%2f%2fwww.dailytelegraph.com.au%2fsport%2fnrl%2fparramatta-eels-target-jarome-luai-as-rejuvenated-playmaker-ronald-volkman-departs%2fnews-story%2f52934ca0b0ab58e0affb94b31f8f480e&c=7481674461350236736&mkt=en-au","","https://www.dailytelegraph.com.au/sport/nrl/parramatta-eels-target-jarome-luai-as-rejuvenated-playmaker-ronald-volkman-departs/news-story/52934ca0b0ab58e0affb94b31f8f480e","false","Contract talks between Parramatta and rejuvenated playmaker Ronald Volkman have broken down with the Eels expected to land Tigers co-captain Jarome Luai for next season."
"par","Parramatta Eels","Ronald Volkman","bucket_unknown","2","ntnews.com.au","27","contract_language|exact_player_name","true","NT News","Thu, 09 Jul 2026 09:00:00 GMT","player_focused_candidate_needs_article_review","Parramatta Eels target Jarome Luai as rejuvenated playmaker Ronald Volkman departs","https://www.ntnews.com.au/sport/nrl/parramatta-eels-target-jarome-luai-as-rejuvenated-playmaker-ronald-volkman-departs/news-story/52934ca0b0ab58e0affb94b31f8f480e","http://www.bing.com/news/apiclick.aspx?ref=FexRss&aid=&tid=6a52f88645ef48f3b3a0127284abca35&url=https%3a%2f%2fwww.ntnews.com.au%2fsport%2fnrl%2fparramatta-eels-target-jarome-luai-as-rejuvenated-playmaker-ronald-volkman-departs%2fnews-story%2f52934ca0b0ab58e0affb94b31f8f480e&c=14911463223825458841&mkt=en-au","","https://www.ntnews.com.au/sport/nrl/parramatta-eels-target-jarome-luai-as-rejuvenated-playmaker-ronald-volkman-departs/news-story/52934ca0b0ab58e0affb94b31f8f480e","false","Rejuvenated playmaker Ronald Volkman could be on the way out of Parramatta after contract talks on an extension broke down with the club."
"par","Parramatta Eels","Ryan Matterson","bucket_unknown","1","ntnews.com.au","27","contract_language|exact_player_name","true","Northern Territory News","Tue, 02 Jun 2026 20:38:00 GMT","player_focused_candidate_needs_article_review","Ryan Matterson joins Parramatta Eels on three-year deal","https://www.ntnews.com.au/sport/ryan-matterson-joins-parramatta-eels-on-threeyear-deal/news-story/6d181e81dd245aea053a27d93f2822c4","http://www.bing.com/news/apiclick.aspx?ref=FexRss&aid=&tid=6a52f88d4aab4c699c40e42cbdccc3ed&url=https%3a%2f%2fwww.ntnews.com.au%2fsport%2fryan-matterson-joins-parramatta-eels-on-threeyear-deal%2fnews-story%2f6d181e81dd245aea053a27d93f2822c4&c=11159978216070735599&mkt=en-au","","https://www.ntnews.com.au/sport/ryan-matterson-joins-parramatta-eels-on-threeyear-deal/news-story/6d181e81dd245aea053a27d93f2822c4","false","Matterson had two years remaining with Wests Tigers but quit the club early after claiming he was in dispute with coach Michael Maguire. He now has a spanking new three-year contract with the Eels, ..."
"par","Parramatta Eels","Ryan Matterson","bucket_unknown","2","themercury.com.au","27","news_corp_reporting|exact_player_name","true","The Mercury","Wed, 16 Oct 2019 10:45:00 GMT","player_focused_candidate_needs_article_review","Ryan Matterson now talking to South Sydney as Tigers exit looms","https://www.themercury.com.au/sport/ryan-matterson-now-talking-to-south-sydney-as-tigers-exit-looms/news-story/d5b53fbe8c7d6e1b8768716a5f8ae20c","http://www.bing.com/news/apiclick.aspx?ref=FexRss&aid=&tid=6a52f88e80154884a29ef5ecc61d2829&url=https%3a%2f%2fwww.themercury.com.au%2fsport%2fryan-matterson-now-talking-to-south-sydney-as-tigers-exit-looms%2fnews-story%2fd5b53fbe8c7d6e1b8768716a5f8ae20c&c=13113686766739196188&mkt=en-au","","https://www.themercury.com.au/sport/ryan-matterson-now-talking-to-south-sydney-as-tigers-exit-looms/news-story/d5b53fbe8c7d6e1b8768716a5f8ae20c","false","The Daily Telegraph understands the Rabbitohs are planning a preliminary meeting with Matterson’s management as early as Thursday as they look to replace retired club legend John Sutton. No offer has ..."
"par","Parramatta Eels","Ryan Matterson","bucket_unknown","3","geelongadvertiser.com.au","24","exact_player_name","true","Geelong Advertiser","Thu, 19 Sep 2019 13:34:00 GMT","player_focused_candidate_needs_article_review","Wests Tigers tire of Ryan Matterson — and rivals are circling","https://www.geelongadvertiser.com.au/sport/nrl/wests-tigers-tire-of-moneyhungry-ryan-matterson-and-rivals-are-circling/news-story/f56b740df63d7af41d0925ffa626b056","http://www.bing.com/news/apiclick.aspx?ref=FexRss&aid=&tid=6a52f88e80154884a29ef5ecc61d2829&url=https%3a%2f%2fwww.geelongadvertiser.com.au%2fsport%2fnrl%2fwests-tigers-tire-of-moneyhungry-ryan-matterson-and-rivals-are-circling%2fnews-story%2ff56b740df63d7af41d0925ffa626b056&c=14991903323195575667&mkt=en-au","","https://www.geelongadvertiser.com.au/sport/nrl/wests-tigers-tire-of-moneyhungry-ryan-matterson-and-rivals-are-circling/news-story/f56b740df63d7af41d0925ffa626b056","false","Ryan Matterson has been granted leave due to “personal reasons”. But the story runs much deeper, with officials frustrated at the star forward’s behaviour and push for more money. Club management ..."
"par","Parramatta Eels","Sam Tuivaiti","bucket_unknown","","","","","","","","no_candidate_found","","","","","","",""
"par","Parramatta Eels","Toni Mataele","bucket_unknown","","","","","","","","no_candidate_found","","","","","","",""
"pen","Penrith Panthers","Dylan Edwards","backup_baseline","","","","","","","","no_candidate_found","","","","","","",""
"pen","Penrith Panthers","Thomas Jenkins","backup_baseline","1","au.sports.yahoo.com","24","exact_player_name","true","Yahoo Sport Australia","Fri, 29 May 2026 16:59:00 GMT","player_focused_candidate_needs_article_review","SIX potential landing spots for Thomas Jenkins","https://au.sports.yahoo.com/six-potential-landing-spots-thomas-020035125.html","http://www.bing.com/news/apiclick.aspx?ref=FexRss&aid=&tid=6a52f8a7b19b44c0aaa8936576428f06&url=https%3a%2f%2fau.sports.yahoo.com%2fsix-potential-landing-spots-thomas-020035125.html&c=17791432625852513923&mkt=en-au","","https://au.sports.yahoo.com/six-potential-landing-spots-thomas-020035125.html","false","Thomas Jenkins has fast become one of the NRL's most dangerous wingers. That is, very likely, a sentence no one thought they'd be reading at the start of the season, and it has to be noted he is ..."
"pen","Penrith Panthers","Paul Alamoti","backup_baseline","1","au.sports.yahoo.com","7","money|contract_language|context_or_team_article","false","Yahoo Sports Australia","Tue, 23 Jun 2026 19:51:00 GMT","team_or_context_candidate_needs_article_review","Perth Bears receive salary cap boost from NRL","https://au.sports.yahoo.com/perth-bears-receive-salary-cap-025110246.html","http://www.bing.com/news/apiclick.aspx?ref=FexRss&aid=&tid=6a52f8b010994ed7bc8cd105000715f8&url=https%3a%2f%2fau.sports.yahoo.com%2fperth-bears-receive-salary-cap-025110246.html&c=545008729362569136&mkt=en-au","","https://au.sports.yahoo.com/perth-bears-receive-salary-cap-025110246.html","false","The NRL has granted the Perth Bears up to $500,000 worth of salary cap concessions to compete in the fight against PNG Chiefs. The latest NRL expansion club with receive compensation from the NRL to ..."
"pen","Penrith Panthers","Paul Alamoti","backup_baseline","2","msn.com","3","money|contract_language|context_or_team_article","false","The Sydney Morning Herald on MSN","Tue, 30 Jun 2026 21:37:58 GMT","context_only_untrusted_domain","New broadcast deal could push NRL salary cap up to $20m by 2028","https://www.msn.com/en-au/news/australia/new-broadcast-deal-could-push-nrl-salary-cap-up-to-20m-by-2028/ar-AA26H5IM","http://www.bing.com/news/apiclick.aspx?ref=FexRss&aid=&tid=6a52f8aed0194fb3ab4a6e435296645e&url=https%3a%2f%2fwww.msn.com%2fen-au%2fnews%2faustralia%2fnew-broadcast-deal-could-push-nrl-salary-cap-up-to-20m-by-2028%2far-AA26H5IM&c=15095945392879639673&mkt=en-au","","https://www.msn.com/en-au/news/australia/new-broadcast-deal-could-push-nrl-salary-cap-up-to-20m-by-2028/ar-AA26H5IM","false","A rich new broadcast deal means more money coming into the game. The biggest winners will be the star players, who could soon demand up to $2 million per season."
"pen","Penrith Panthers","Casey McLean","backup_baseline","","","","","","","","no_candidate_found","","","","","","",""
"pen","Penrith Panthers","Brian To'o","backup_baseline","1","dailytelegraph.com.au","10","money|contract_language|context_or_team_article","false","The Daily Telegraph","Tue, 23 Jun 2026 12:12:00 GMT","team_or_context_candidate_needs_article_review","NRL to grant Perth Bears $500k salary cap concessions in landmark third-party arrangement","https://www.dailytelegraph.com.au/sport/nrl/nrl-to-grant-perth-bears-500k-salary-cap-concessions-in-landmark-thirdparty-arrangement/news-story/0c5c097536d723f0d0cb46c86fd051ff","http://www.bing.com/news/apiclick.aspx?ref=FexRss&aid=&tid=6a52f8b945804819a8731aaef7cc33d0&url=https%3a%2f%2fwww.dailytelegraph.com.au%2fsport%2fnrl%2fnrl-to-grant-perth-bears-500k-salary-cap-concessions-in-landmark-thirdparty-arrangement%2fnews-story%2f0c5c097536d723f0d0cb46c86fd051ff&c=13072428604770190172&mkt=en-au","","https://www.dailytelegraph.com.au/sport/nrl/nrl-to-grant-perth-bears-500k-salary-cap-concessions-in-landmark-thirdparty-arrangement/news-story/0c5c097536d723f0d0cb46c86fd051ff","false","In a historic development for the NRL’s 18th club, this masthead has been told Perth will receive a special marquee player privilege where existing club sponsors can top-up a player’s contract by 20 ..."
"pen","Penrith Panthers","Brian To'o","backup_baseline","2","au.sports.yahoo.com","7","money|contract_language|context_or_team_article","false","Yahoo Sports Australia","Tue, 23 Jun 2026 19:51:00 GMT","team_or_context_candidate_needs_article_review","Perth Bears receive salary cap boost from NRL","https://au.sports.yahoo.com/perth-bears-receive-salary-cap-025110246.html","http://www.bing.com/news/apiclick.aspx?ref=FexRss&aid=&tid=6a52f8bc6c7b4ecd977992a4d4b47963&url=https%3a%2f%2fau.sports.yahoo.com%2fperth-bears-receive-salary-cap-025110246.html&c=545008729362569136&mkt=en-au","","https://au.sports.yahoo.com/perth-bears-receive-salary-cap-025110246.html","false","The NRL has granted the Perth Bears up to $500,000 worth of salary cap concessions to compete in the fight against PNG Chiefs. The latest NRL expansion club with receive compensation from the NRL to ..."
"pen","Penrith Panthers","Brian To'o","backup_baseline","3","theaustralian.com.au","4","contract_language|context_or_team_article","false","The Australian","Sat, 04 Jul 2026 01:59:00 GMT","team_or_context_candidate_needs_article_review","Off-contract Penrith star Mitch Kenny moves closer to contract extension","https://www.theaustralian.com.au/sport/nrl/offcontract-penrith-star-mitch-kenny-moves-closer-to-contract-extension/news-story/7c8f5a6dfa622cc31626b0a5966ea1a3","http://www.bing.com/news/apiclick.aspx?ref=FexRss&aid=&tid=6a52f8b9cf2d489981a7b4ea1903e9be&url=https%3a%2f%2fwww.theaustralian.com.au%2fsport%2fnrl%2foffcontract-penrith-star-mitch-kenny-moves-closer-to-contract-extension%2fnews-story%2f7c8f5a6dfa622cc31626b0a5966ea1a3&c=15637656445116124299&mkt=en-au","","https://www.theaustralian.com.au/sport/nrl/offcontract-penrith-star-mitch-kenny-moves-closer-to-contract-extension/news-story/7c8f5a6dfa622cc31626b0a5966ea1a3","false","The Panthers are edging closer to nailing down the first of its galaxy of off-contract stars, with hooker Mitch Kenny escalating talks about staying at Penrith."
"pen","Penrith Panthers","Brian To'o","backup_baseline","4","msn.com","3","money|contract_language|context_or_team_article","false","The Sydney Morning Herald on MSN","Tue, 30 Jun 2026 21:37:58 GMT","context_only_untrusted_domain","New broadcast deal could push NRL salary cap up to $20m by 2028","https://www.msn.com/en-au/news/australia/new-broadcast-deal-could-push-nrl-salary-cap-up-to-20m-by-2028/ar-AA26H5IM","http://www.bing.com/news/apiclick.aspx?ref=FexRss&aid=&tid=6a52f8b90ca046018ef90fefc1d3be8f&url=https%3a%2f%2fwww.msn.com%2fen-au%2fnews%2faustralia%2fnew-broadcast-deal-could-push-nrl-salary-cap-up-to-20m-by-2028%2far-AA26H5IM&c=15095945392879639673&mkt=en-au","","https://www.msn.com/en-au/news/australia/new-broadcast-deal-could-push-nrl-salary-cap-up-to-20m-by-2028/ar-AA26H5IM","false","A rich new broadcast deal means more money coming into the game. The biggest winners will be the star players, who could soon demand up to $2 million per season."
"pen","Penrith Panthers","Brian To'o","backup_baseline","5","loverugbyleague.com","0","contract_language|context_or_team_article","false","LoveRugbyLeague","Sun, 28 Jun 2026 02:02:00 GMT","context_only_untrusted_domain","NRL salary cap to go up AGAIN as Super League gulf widens further","https://www.loverugbyleague.com/post/nrl-salary-cap-to-go-up-again-as-super-league-gulf-widens-further","http://www.bing.com/news/apiclick.aspx?ref=FexRss&aid=&tid=6a52f8b90ca046018ef90fefc1d3be8f&url=https%3a%2f%2fwww.loverugbyleague.com%2fpost%2fnrl-salary-cap-to-go-up-again-as-super-league-gulf-widens-further&c=2927841752005492089&mkt=en-au","","https://www.loverugbyleague.com/post/nrl-salary-cap-to-go-up-again-as-super-league-gulf-widens-further","false","The NRL's salary cap will reach astronomical new heights as a result of its latest broadcast deal: leaving Super League trailing behind."
"pen","Penrith Panthers","Blaize Talagi","backup_baseline","1","au.sports.yahoo.com","30","contract_language|term_language|exact_player_name","true","Yahoo Sport Australia","Tue, 16 Jun 2026 17:00:00 GMT","player_focused_candidate_needs_article_review","Blaize Talagi keen to stay a Panther despite November 1 looming","https://au.sports.yahoo.com/blaize-talagi-keen-stay-panther-051007810.html","http://www.bing.com/news/apiclick.aspx?ref=FexRss&aid=&tid=6a52f8c236bc4636b8c2a7e7823d9a34&url=https%3a%2f%2fau.sports.yahoo.com%2fblaize-talagi-keen-stay-panther-051007810.html&c=4615357930491932418&mkt=en-au","","https://au.sports.yahoo.com/blaize-talagi-keen-stay-panther-051007810.html","false","Penrith Panthers star Blaize Talagi has found his home in the five-eighth jersey at the foot of the mountains. The rules state that if a player is off-contract at the end of 2027, rival NRL clubs ..."
"pen","Penrith Panthers","Blaize Talagi","backup_baseline","2","msn.com","3","money|contract_language|context_or_team_article","false","The Sydney Morning Herald on MSN","Tue, 30 Jun 2026 21:37:58 GMT","context_only_untrusted_domain","New broadcast deal could push NRL salary cap up to $20m by 2028","https://www.msn.com/en-au/news/australia/new-broadcast-deal-could-push-nrl-salary-cap-up-to-20m-by-2028/ar-AA26H5IM","http://www.bing.com/news/apiclick.aspx?ref=FexRss&aid=&tid=6a52f8c09a6843d4b3e6f14d16618fff&url=https%3a%2f%2fwww.msn.com%2fen-au%2fnews%2faustralia%2fnew-broadcast-deal-could-push-nrl-salary-cap-up-to-20m-by-2028%2far-AA26H5IM&c=15095945392879639673&mkt=en-au","","https://www.msn.com/en-au/news/australia/new-broadcast-deal-could-push-nrl-salary-cap-up-to-20m-by-2028/ar-AA26H5IM","false","A rich new broadcast deal means more money coming into the game. The biggest winners will be the star players, who could soon demand up to $2 million per season."
"pen","Penrith Panthers","Nathan Cleary","backup_baseline","1","news.com.au","33","money|contract_language|term_language|exact_player_name","true","Couriermail","Wed, 08 Apr 2026 15:54:00 GMT","player_focused_candidate_needs_article_review","Bombshell report reveals Nathan Cleary set to be NRL’s first $2m man","https://www.news.com.au/sport/nrl/bombshell-report-reveals-nathan-cleary-set-to-be-nrls-first-2m-man/news-story/a857297db3615b011aae7d8603652d09","http://www.bing.com/news/apiclick.aspx?ref=FexRss&aid=&tid=6a52f8c5611b441dadd2293cdd8c40ab&url=https%3a%2f%2fwww.news.com.au%2fsport%2fnrl%2fbombshell-report-reveals-nathan-cleary-set-to-be-nrls-first-2m-man%2fnews-story%2fa857297db3615b011aae7d8603652d09&c=6753453559351773920&mkt=en-au","","https://www.news.com.au/sport/nrl/bombshell-report-reveals-nathan-cleary-set-to-be-nrls-first-2m-man/news-story/a857297db3615b011aae7d8603652d09","false","Cleary, who is under contract with the Panthers until the end of 2027, will be free to negotiate with rival teams from November 1. Watch every game of every round of the Premiership Season LIVE with ..."
"pen","Penrith Panthers","Nathan Cleary","backup_baseline","2","dailytelegraph.com.au","30","money|exact_player_name","true","The Daily Telegraph","Thu, 11 Jun 2026 18:02:00 GMT","player_focused_candidate_needs_article_review","Perth Bears to unveil $7.5m jersey as cashed-up franchise targets Nathan Cleary and Matt Burton","https://www.dailytelegraph.com.au/sport/nrl/perth-bears-to-unveil-75m-jersey-as-cashedup-franchise-targets-nathan-cleary-and-matt-burton/news-story/bc38664df8138866b32f481ad3b1331e","http://www.bing.com/news/apiclick.aspx?ref=FexRss&aid=&tid=6a52f8c4365a42049bca215611b20332&url=https%3a%2f%2fwww.dailytelegraph.com.au%2fsport%2fnrl%2fperth-bears-to-unveil-75m-jersey-as-cashedup-franchise-targets-nathan-cleary-and-matt-burton%2fnews-story%2fbc38664df8138866b32f481ad3b1331e&c=9975192134786660632&mkt=en-au","","https://www.dailytelegraph.com.au/sport/nrl/perth-bears-to-unveil-75m-jersey-as-cashedup-franchise-targets-nathan-cleary-and-matt-burton/news-story/bc38664df8138866b32f481ad3b1331e","false","And it can also be revealed that the Bears’ primary home jumper for next season will be a throwback to the old North Sydney jersey of black and red hoops. The anticipated jersey will be released on ..."
"pen","Penrith Panthers","Nathan Cleary","backup_baseline","3","couriermail.com.au","27","money|exact_player_name","true","The Courier-Mail","Thu, 14 May 2026 09:01:00 GMT","player_focused_candidate_needs_article_review","Nathan Cleary could pocket more than $3 million tax-free at PNG if he leaves Penrith","https://www.couriermail.com.au/sport/nrl/nathan-cleary-could-pocket-more-than-3-million-taxfree-at-png-if-he-leaves-penrith/news-story/3c5941b28873eb8ec5e36e04218ee58a","http://www.bing.com/news/apiclick.aspx?ref=FexRss&aid=&tid=6a52f8c47a8d49dfbef1c4df3b914317&url=https%3a%2f%2fwww.couriermail.com.au%2fsport%2fnrl%2fnathan-cleary-could-pocket-more-than-3-million-taxfree-at-png-if-he-leaves-penrith%2fnews-story%2f3c5941b28873eb8ec5e36e04218ee58a&c=961365557025267460&mkt=en-au","","https://www.couriermail.com.au/sport/nrl/nathan-cleary-could-pocket-more-than-3-million-taxfree-at-png-if-he-leaves-penrith/news-story/3c5941b28873eb8ec5e36e04218ee58a","false","Ivan Cleary’s bombshell decision to stand down as head coach at the end of next season could have a domino effect that leads to his son Nathan eventually severing ties with the Panthers. Nathan Cleary ..."
"pen","Penrith Panthers","Nathan Cleary","backup_baseline","4","au.sports.yahoo.com","27","contract_language|exact_player_name","true","Yahoo Sport Australia","Tue, 19 May 2026 15:46:00 GMT","player_focused_candidate_needs_article_review","The clubs best-placed to make a move for Nathan Cleary | NRL Contract Show","https://au.sports.yahoo.com/clubs-best-placed-move-nathan-224513944.html","http://www.bing.com/news/apiclick.aspx?ref=FexRss&aid=&tid=6a52f8c47a8d49dfbef1c4df3b914317&url=https%3a%2f%2fau.sports.yahoo.com%2fclubs-best-placed-move-nathan-224513944.html&c=6389580567600272767&mkt=en-au","","https://au.sports.yahoo.com/clubs-best-placed-move-nathan-224513944.html","false","Rival NRL clubs are anticipated to queue up for Nathan Cleary's services for 2028 and beyond as the two-time Clive Churchill Medal winner potentially looks to leave Penrith alongside his father at the ..."
"pen","Penrith Panthers","Nathan Cleary","backup_baseline","5","news.com.au","24","exact_player_name","true","Couriermail","Mon, 30 Mar 2026 13:49:00 GMT","player_focused_candidate_needs_article_review","Legend’s telling comment as PNG coach confirms ‘interest’ in Nathan Cleary","https://www.news.com.au/sport/nrl/legends-telling-comment-as-png-coach-confirms-interest-in-nathan-cleary/news-story/1b16749cebba13350b17602d79ec79cc","http://www.bing.com/news/apiclick.aspx?ref=FexRss&aid=&tid=6a52f8c5611b441dadd2293cdd8c40ab&url=https%3a%2f%2fwww.news.com.au%2fsport%2fnrl%2flegends-telling-comment-as-png-coach-confirms-interest-in-nathan-cleary%2fnews-story%2f1b16749cebba13350b17602d79ec79cc&c=17159820574599952871&mkt=en-au","","https://www.news.com.au/sport/nrl/legends-telling-comment-as-png-coach-confirms-interest-in-nathan-cleary/news-story/1b16749cebba13350b17602d79ec79cc","false","Peters was appointed coach of the PNG Chiefs last week and his most pressing priority is building a roster ahead of the NRL’s 19th team joining the competition in 2028. Watch every game of every round ..."
"pen","Penrith Panthers","Nathan Cleary","backup_baseline","6","smh.com.au","7","contract_language|context_or_team_article","false","Sydney Morning Herald","Mon, 11 May 2020 17:00:00 GMT","team_or_context_candidate_needs_article_review","Nine, NRL on brink of deal to seal $1.9 billion broadcast bonanza","https://www.smh.com.au/sport/nrl/nine-nrl-on-brink-of-deal-to-seal-1-9-billion-broadcast-bonanza-20200512-p54scv.html","http://www.bing.com/news/apiclick.aspx?ref=FexRss&aid=&tid=6a52f8c524424af5a2c19ac0d4ef2613&url=https%3a%2f%2fwww.smh.com.au%2fsport%2fnrl%2fnine-nrl-on-brink-of-deal-to-seal-1-9-billion-broadcast-bonanza-20200512-p54scv.html&c=10283903415388544094&mkt=en-au","","https://www.smh.com.au/sport/nrl/nine-nrl-on-brink-of-deal-to-seal-1-9-billion-broadcast-bonanza-20200512-p54scv.html","false","You have reached your maximum number of saved items. Remove items from your saved list to add more. Nine Entertainment Co is close to agreeing to a revised three-year deal with the NRL as the code ..."
"pen","Penrith Panthers","Nathan Cleary","backup_baseline","7","theaustralian.com.au","4","contract_language|context_or_team_article","false","The Australian","Sat, 04 Jul 2026 01:59:00 GMT","team_or_context_candidate_needs_article_review","Off-contract Penrith star Mitch Kenny moves closer to contract extension","https://www.theaustralian.com.au/sport/nrl/offcontract-penrith-star-mitch-kenny-moves-closer-to-contract-extension/news-story/7c8f5a6dfa622cc31626b0a5966ea1a3","http://www.bing.com/news/apiclick.aspx?ref=FexRss&aid=&tid=6a52f8c47a8d49dfbef1c4df3b914317&url=https%3a%2f%2fwww.theaustralian.com.au%2fsport%2fnrl%2foffcontract-penrith-star-mitch-kenny-moves-closer-to-contract-extension%2fnews-story%2f7c8f5a6dfa622cc31626b0a5966ea1a3&c=15637656445116124299&mkt=en-au","","https://www.theaustralian.com.au/sport/nrl/offcontract-penrith-star-mitch-kenny-moves-closer-to-contract-extension/news-story/7c8f5a6dfa622cc31626b0a5966ea1a3","false","The Panthers are edging closer to nailing down the first of its galaxy of off-contract stars, with hooker Mitch Kenny escalating talks about staying at Penrith."
"pen","Penrith Panthers","Nathan Cleary","backup_baseline","8","news.com.au","4","contract_language|context_or_team_article","false","Couriermail","Thu, 14 Nov 2024 18:36:00 GMT","team_or_context_candidate_needs_article_review","Rugby Australia can’t afford to contract key Wallabies, let alone target NRL stars","https://www.news.com.au/sport/nrl/rugby-australia-cant-afford-to-contract-key-wallabies-let-alone-target-nrl-stars/news-story/4da4c6778aaa82e9640115a8155208cf","http://www.bing.com/news/apiclick.aspx?ref=FexRss&aid=&tid=6a52f8c524424af5a2c19ac0d4ef2613&url=https%3a%2f%2fwww.news.com.au%2fsport%2fnrl%2frugby-australia-cant-afford-to-contract-key-wallabies-let-alone-target-nrl-stars%2fnews-story%2f4da4c6778aaa82e9640115a8155208cf&c=11075953107812764803&mkt=en-au","","https://www.news.com.au/sport/nrl/rugby-australia-cant-afford-to-contract-key-wallabies-let-alone-target-nrl-stars/news-story/4da4c6778aaa82e9640115a8155208cf","false","That is the only way rugby will be able to afford any NRL stars in the near future, because the game is so cash-strapped they can’t even make offers to their top Wallabies stars. Mind you, RA has not ..."
"pen","Penrith Panthers","Nathan Cleary","backup_baseline","9","au.sports.yahoo.com","4","contract_language|context_or_team_article","false","Yahoo Sports Australia","Sat, 27 Jun 2026 18:52:00 GMT","team_or_context_candidate_needs_article_review","Biggest stars in the NRL set for a pay-day","https://au.sports.yahoo.com/biggest-stars-nrl-set-pay-015252224.html","http://www.bing.com/news/apiclick.aspx?ref=FexRss&aid=&tid=6a52f8c68383403caab0ca76f0814c81&url=https%3a%2f%2fau.sports.yahoo.com%2fbiggest-stars-nrl-set-pay-015252224.html&c=9209166272030396928&mkt=en-au","","https://au.sports.yahoo.com/biggest-stars-nrl-set-pay-015252224.html","false","Some of the NRL's most elite players could be in for a pay bump thanks to the new TV broadcast deal commencing in 2028. The ARL and NRL are just about ready to green-light the deal, which Nine and ..."
"pen","Penrith Panthers","Nathan Cleary","backup_baseline","10","zerotackle.com","4","contract_language|context_or_team_article","false","Zero Tackle","Sun, 28 Jun 2026 04:53:00 GMT","team_or_context_candidate_needs_article_review","Biggest stars in the NRL set for a pay-day","https://www.zerotackle.com/biggest-stars-in-the-nrl-set-for-a-pay-day-235344/","http://www.bing.com/news/apiclick.aspx?ref=FexRss&aid=&tid=6a52f8c61b674baab5b4d584555c5e16&url=https%3a%2f%2fwww.zerotackle.com%2fbiggest-stars-in-the-nrl-set-for-a-pay-day-235344%2f&c=13879729312271133405&mkt=en-au","","https://www.zerotackle.com/biggest-stars-in-the-nrl-set-for-a-pay-day-235344/","false","The ARL and NRL are just about ready to green-light the deal, which Nine and Foxtel have reportedly won the race to, which will span over seven years at over $5 billion. With more money pumped into ..."
"pen","Penrith Panthers","Nathan Cleary","backup_baseline","11","msn.com","3","money|contract_language|context_or_team_article","false","Man of Many on MSN","Tue, 30 Jun 2026 15:06:27 GMT","context_only_untrusted_domain","10 highest paid NRL players for 2026","https://www.msn.com/en-au/sport/rugby_league/10-highest-paid-nrl-players-for-2026/ar-AA2719cA","http://www.bing.com/news/apiclick.aspx?ref=FexRss&aid=&tid=6a52f8c47a8d49dfbef1c4df3b914317&url=https%3a%2f%2fwww.msn.com%2fen-au%2fsport%2frugby_league%2f10-highest-paid-nrl-players-for-2026%2far-AA2719cA&c=3173818839366038056&mkt=en-au","","https://www.msn.com/en-au/sport/rugby_league/10-highest-paid-nrl-players-for-2026/ar-AA2719cA","false","Driven by expanding club salary caps, rugby league’s elite stars are securing record-shattering paydays for the 2026 NRL season. Led by Dylan Brown’s historic $13 million move, this list looks at the ..."
"pen","Penrith Panthers","Nathan Cleary","backup_baseline","12","msn.com","3","money|contract_language|context_or_team_article","false","The Sydney Morning Herald on MSN","Tue, 30 Jun 2026 21:37:58 GMT","context_only_untrusted_domain","New broadcast deal could push NRL salary cap up to $20m by 2028","https://www.msn.com/en-au/news/australia/new-broadcast-deal-could-push-nrl-salary-cap-up-to-20m-by-2028/ar-AA26H5IM","http://www.bing.com/news/apiclick.aspx?ref=FexRss&aid=&tid=6a52f8c4f739413e974f90fcb6129d0d&url=https%3a%2f%2fwww.msn.com%2fen-au%2fnews%2faustralia%2fnew-broadcast-deal-could-push-nrl-salary-cap-up-to-20m-by-2028%2far-AA26H5IM&c=15095945392879639673&mkt=en-au","","https://www.msn.com/en-au/news/australia/new-broadcast-deal-could-push-nrl-salary-cap-up-to-20m-by-2028/ar-AA26H5IM","false","A rich new broadcast deal means more money coming into the game. The biggest winners will be the star players, who could soon demand up to $2 million per season."
"pen","Penrith Panthers","Moses Leota","backup_baseline","1","ntnews.com.au","27","money|exact_player_name","true","NT News","Tue, 07 Jul 2026 07:36:00 GMT","player_focused_candidate_needs_article_review","Panthers face fight to keep Moses Leota amid $1m offers from rival clubs","https://www.ntnews.com.au/sport/nrl/panthers-face-fight-to-keep-moses-leota-amid-1m-offers-from-rival-clubs/news-story/a045139211659d185b490cb11f8c5055","http://www.bing.com/news/apiclick.aspx?ref=FexRss&aid=&tid=6a52f8c87ba54f97ba876c40503d97da&url=https%3a%2f%2fwww.ntnews.com.au%2fsport%2fnrl%2fpanthers-face-fight-to-keep-moses-leota-amid-1m-offers-from-rival-clubs%2fnews-story%2fa045139211659d185b490cb11f8c5055&c=14583270074364095298&mkt=en-au","","https://www.ntnews.com.au/sport/nrl/panthers-face-fight-to-keep-moses-leota-amid-1m-offers-from-rival-clubs/news-story/a045139211659d185b490cb11f8c5055","false","Moses Leota’s value is set to reach the $1 million mark with six clubs, including the Sydney Roosters, Dolphins and Perth, expressing interest in the Panthers enforcer."
"pen","Penrith Panthers","Moses Leota","backup_baseline","2","dailytelegraph.com.au","27","exact_player_name","true","Daily Telegraph","Thu, 02 Jul 2026 05:47:00 GMT","player_focused_candidate_needs_article_review","NRL market watch: Panthers grant premiership prop Moses Leota permission to test open market","https://www.dailytelegraph.com.au/sport/nrl/nrl-market-watch-panthers-grant-premiership-prop-moses-leota-permission-to-test-open-market/news-story/4008f19cfa5ee0ca87b94c1606edc5ad","http://www.bing.com/news/apiclick.aspx?ref=FexRss&aid=&tid=6a52f8c802024a018875d926cb99f9a3&url=https%3a%2f%2fwww.dailytelegraph.com.au%2fsport%2fnrl%2fnrl-market-watch-panthers-grant-premiership-prop-moses-leota-permission-to-test-open-market%2fnews-story%2f4008f19cfa5ee0ca87b94c1606edc5ad&c=11489117357631864693&mkt=en-au","","https://www.dailytelegraph.com.au/sport/nrl/nrl-market-watch-panthers-grant-premiership-prop-moses-leota-permission-to-test-open-market/news-story/4008f19cfa5ee0ca87b94c1606edc5ad","false","Dylan Walker is set to become the latest high-profile NRL player to move to the Super League with the Parramatta utility on the verge of joining Brad Arthur-coached Leeds."
"pen","Penrith Panthers","Moses Leota","backup_baseline","3","au.sports.yahoo.com","24","exact_player_name","true","Yahoo Sports Australia","Wed, 01 Jul 2026 00:29:00 GMT","player_focused_candidate_needs_article_review","Early frontrunner emerges for Moses Leota","https://au.sports.yahoo.com/early-frontrunner-emerges-moses-leota-072924002.html","http://www.bing.com/news/apiclick.aspx?ref=FexRss&aid=&tid=6a52f8c87ba54f97ba876c40503d97da&url=https%3a%2f%2fau.sports.yahoo.com%2fearly-frontrunner-emerges-moses-leota-072924002.html&c=1673194643818794920&mkt=en-au","","https://au.sports.yahoo.com/early-frontrunner-emerges-moses-leota-072924002.html","false","Penrith Panthers prop Moses Leota has emerged as a target for Sydney rivals the Parramatta Eels after being given permission to negotiate his future this week. The prop, who has always been seemingly ..."
"pen","Penrith Panthers","Moses Leota","backup_baseline","4","au.news.yahoo.com","23","money|exact_player_name","true","Yahoo News Australia","Tue, 07 Jul 2026 21:37:00 GMT","player_focused_candidate_needs_article_review","Panthers star at centre of $1 million raid from NRL rivals amid plea from Penrith teammate","https://au.news.yahoo.com/panthers-star-at-centre-of-1-million-raid-from-nrl-rivals-amid-plea-from-penrith-teammate-042405298.html","http://www.bing.com/news/apiclick.aspx?ref=FexRss&aid=&tid=6a52f8c87ba54f97ba876c40503d97da&url=https%3a%2f%2fau.news.yahoo.com%2fpanthers-star-at-centre-of-1-million-raid-from-nrl-rivals-amid-plea-from-penrith-teammate-042405298.html&c=17169068263086603138&mkt=en-au","","https://au.news.yahoo.com/panthers-star-at-centre-of-1-million-raid-from-nrl-rivals-amid-plea-from-penrith-teammate-042405298.html","false","As many as six clubs have expressed interest in signing Panthers prop Moses Leota after Penrith granted the veteran permission to explore his options elsewhere. The four-time premiership winner is ..."
"pen","Penrith Panthers","Moses Leota","backup_baseline","5","au.news.yahoo.com","20","exact_player_name","true","Yahoo News Australia","Mon, 29 Jun 2026 18:58:00 GMT","player_focused_candidate_needs_article_review","Panthers champion could quit NRL club immediately after being granted permission to leave","https://au.news.yahoo.com/panthers-champion-could-quit-nrl-club-immediately-after-being-granted-permission-to-leave-012809239.html","http://www.bing.com/news/apiclick.aspx?ref=FexRss&aid=&tid=6a52f8c87ba54f97ba876c40503d97da&url=https%3a%2f%2fau.news.yahoo.com%2fpanthers-champion-could-quit-nrl-club-immediately-after-being-granted-permission-to-leave-012809239.html&c=6288017632695443607&mkt=en-au","","https://au.news.yahoo.com/panthers-champion-could-quit-nrl-club-immediately-after-being-granted-permission-to-leave-012809239.html","false","Champion Panthers forward Moses Leota is a free agent as of right now after the club granted him permission to speak to rival NRL clubs. The 30-year-old prop has played 216 games for the Panthers and ..."
"pen","Penrith Panthers","Moses Leota","backup_baseline","6","dailytelegraph.com.au","7","contract_language|context_or_team_article","false","Daily Telegraph","Fri, 03 Jul 2026 14:31:00 GMT","team_or_context_candidate_needs_article_review","Off-contract Penrith star Mitch Kenny moves closer to contract extension","https://www.dailytelegraph.com.au/sport/nrl/offcontract-penrith-star-mitch-kenny-moves-closer-to-contract-extension/news-story/7c8f5a6dfa622cc31626b0a5966ea1a3","http://www.bing.com/news/apiclick.aspx?ref=FexRss&aid=&tid=6a52f8c802024a018875d926cb99f9a3&url=https%3a%2f%2fwww.dailytelegraph.com.au%2fsport%2fnrl%2foffcontract-penrith-star-mitch-kenny-moves-closer-to-contract-extension%2fnews-story%2f7c8f5a6dfa622cc31626b0a5966ea1a3&c=5124602689033816795&mkt=en-au","","https://www.dailytelegraph.com.au/sport/nrl/offcontract-penrith-star-mitch-kenny-moves-closer-to-contract-extension/news-story/7c8f5a6dfa622cc31626b0a5966ea1a3","false","The Panthers are edging closer to nailing down the first of its galaxy of off-contract stars, with hooker Mitch Kenny escalating talks about staying at Penrith."
"pen","Penrith Panthers","Moses Leota","backup_baseline","7","zerotackle.com","5","contract_language|context_or_team_article","false","Zero Tackle","Mon, 29 Jun 2026 17:01:00 GMT","team_or_context_candidate_needs_article_review","Panthers bombshell: Four-time premiership star given green light to negotiate with rivals","https://www.zerotackle.com/panthers-bombshell-four-time-premiership-star-given-green-light-to-negotiate-with-rivals-235417/","http://www.bing.com/news/apiclick.aspx?ref=FexRss&aid=&tid=6a52f8ccd7dc4135bb7171736349e66e&url=https%3a%2f%2fwww.zerotackle.com%2fpanthers-bombshell-four-time-premiership-star-given-green-light-to-negotiate-with-rivals-235417%2f&c=4621437639764924815&mkt=en-au","","https://www.zerotackle.com/panthers-bombshell-four-time-premiership-star-given-green-light-to-negotiate-with-rivals-235417/","false","Leota was one of many Panthers stars off-contract at the end of next year, including Nathan Cleary, Isaah Yeo, Liam Martin, Brian To'o, Mitch Kenny, Isaiah Papali'i, Blaize Talagi and Paul Alamoti."
"pen","Penrith Panthers","Moses Leota","backup_baseline","8","theaustralian.com.au","4","contract_language|context_or_team_article","false","The Australian","Sat, 04 Jul 2026 01:31:00 GMT","team_or_context_candidate_needs_article_review","Off-contract Penrith star Mitch Kenny moves closer to contract extension","https://www.theaustralian.com.au/sport/nrl/offcontract-penrith-star-mitch-kenny-moves-closer-to-contract-extension/news-story/7c8f5a6dfa622cc31626b0a5966ea1a3","http://www.bing.com/news/apiclick.aspx?ref=FexRss&aid=&tid=6a52f8c87ba54f97ba876c40503d97da&url=https%3a%2f%2fwww.theaustralian.com.au%2fsport%2fnrl%2foffcontract-penrith-star-mitch-kenny-moves-closer-to-contract-extension%2fnews-story%2f7c8f5a6dfa622cc31626b0a5966ea1a3&c=15637656445116124299&mkt=en-au","","https://www.theaustralian.com.au/sport/nrl/offcontract-penrith-star-mitch-kenny-moves-closer-to-contract-extension/news-story/7c8f5a6dfa622cc31626b0a5966ea1a3","false","The Panthers are edging closer to nailing down the first of its galaxy of off-contract stars, with hooker Mitch Kenny escalating talks about staying at Penrith."
"pen","Penrith Panthers","Moses Leota","backup_baseline","9","au.sports.yahoo.com","4","contract_language|context_or_team_article","false","Yahoo Sport Australia","Thu, 07 May 2026 17:00:00 GMT","team_or_context_candidate_needs_article_review","The SEVEN current best value for money contracts in the NRL","https://au.sports.yahoo.com/seven-current-best-value-money-214941645.html","http://www.bing.com/news/apiclick.aspx?ref=FexRss&aid=&tid=6a52f8ccd7dc4135bb7171736349e66e&url=https%3a%2f%2fau.sports.yahoo.com%2fseven-current-best-value-money-214941645.html&c=14537114608194793438&mkt=en-au","","https://au.sports.yahoo.com/seven-current-best-value-money-214941645.html","false","The beauty of the salary cap is that it is supposed to level the playing field for all NRL teams. There is enough space for stars, but not multiple, meaning rosters need to be carefully crafted so ..."
"pen","Penrith Panthers","Mitch Kenny","backup_baseline","1","au.sports.yahoo.com","30","contract_language|term_language|exact_player_name","true","Yahoo Sports Australia","Sat, 04 Jul 2026 22:25:00 GMT","player_focused_candidate_needs_article_review","Mitch Kenny set to make call on reported PNG interest, Panthers contract","https://au.sports.yahoo.com/mitch-kenny-set-call-reported-052523299.html","http://www.bing.com/news/apiclick.aspx?ref=FexRss&aid=&tid=6a52f8cd147f457eb29dd4dc7e5a70ef&url=https%3a%2f%2fau.sports.yahoo.com%2fmitch-kenny-set-call-reported-052523299.html&c=3073722512555034164&mkt=en-au","","https://au.sports.yahoo.com/mitch-kenny-set-call-reported-052523299.html","false","Penrith Panthers hooker Mitch Kenny is set to snub the chance to move at the end of 2027 and re-sign with the club long-term. The dummy half is one of a host of players off-contract at the end of next ..."
"pen","Penrith Panthers","Mitch Kenny","backup_baseline","2","dailytelegraph.com.au","30","contract_language|exact_player_name","true","Daily Telegraph","Fri, 03 Jul 2026 14:31:00 GMT","player_focused_candidate_needs_article_review","Off-contract Penrith star Mitch Kenny moves closer to contract extension","https://www.dailytelegraph.com.au/sport/nrl/offcontract-penrith-star-mitch-kenny-moves-closer-to-contract-extension/news-story/7c8f5a6dfa622cc31626b0a5966ea1a3","http://www.bing.com/news/apiclick.aspx?ref=FexRss&aid=&tid=6a52f8cee26642e588fcb6a71b98ff0d&url=https%3a%2f%2fwww.dailytelegraph.com.au%2fsport%2fnrl%2foffcontract-penrith-star-mitch-kenny-moves-closer-to-contract-extension%2fnews-story%2f7c8f5a6dfa622cc31626b0a5966ea1a3&c=5124602689033816795&mkt=en-au","","https://www.dailytelegraph.com.au/sport/nrl/offcontract-penrith-star-mitch-kenny-moves-closer-to-contract-extension/news-story/7c8f5a6dfa622cc31626b0a5966ea1a3","false","The Panthers are edging closer to nailing down the first of its galaxy of off-contract stars, with hooker Mitch Kenny escalating talks about staying at Penrith."
"pen","Penrith Panthers","Mitch Kenny","backup_baseline","3","zerotackle.com","30","contract_language|term_language|exact_player_name","true","Zero Tackle","Sat, 04 Jul 2026 22:27:00 GMT","player_focused_candidate_needs_article_review","Mitch Kenny set to make call on reported PNG interest, Panthers contract","https://www.zerotackle.com/mitch-kenny-set-to-make-call-on-reported-png-interest-panthers-contract-235561/","http://www.bing.com/news/apiclick.aspx?ref=FexRss&aid=&tid=6a52f8d16ad94ae68b10b6240f321bdd&url=https%3a%2f%2fwww.zerotackle.com%2fmitch-kenny-set-to-make-call-on-reported-png-interest-panthers-contract-235561%2f&c=13270554132949053666&mkt=en-au","","https://www.zerotackle.com/mitch-kenny-set-to-make-call-on-reported-png-interest-panthers-contract-235561/","false","Penrith Panthers hooker Mitch Kenny is set to snub the chance to move at the end of 2027 and re-sign with the club long-term. The dummy half is one of a host of players off-contract at the end of next ..."
"pen","Penrith Panthers","Mitch Kenny","backup_baseline","4","heraldsun.com.au","27","contract_language|exact_player_name","true","Herald Sun","Fri, 03 Jul 2026 15:01:00 GMT","player_focused_candidate_needs_article_review","Off-contract Penrith star Mitch Kenny moves closer to contract extension","https://www.heraldsun.com.au/sport/nrl/offcontract-penrith-star-mitch-kenny-moves-closer-to-contract-extension/news-story/7c8f5a6dfa622cc31626b0a5966ea1a3","http://www.bing.com/news/apiclick.aspx?ref=FexRss&aid=&tid=6a52f8cd147f457eb29dd4dc7e5a70ef&url=https%3a%2f%2fwww.heraldsun.com.au%2fsport%2fnrl%2foffcontract-penrith-star-mitch-kenny-moves-closer-to-contract-extension%2fnews-story%2f7c8f5a6dfa622cc31626b0a5966ea1a3&c=12111056728921075209&mkt=en-au","","https://www.heraldsun.com.au/sport/nrl/offcontract-penrith-star-mitch-kenny-moves-closer-to-contract-extension/news-story/7c8f5a6dfa622cc31626b0a5966ea1a3","false","The Panthers are edging closer to nailing down the first of its galaxy of off-contract stars, with hooker Mitch Kenny escalating talks about staying at Penrith."
"pen","Penrith Panthers","Mitch Kenny","backup_baseline","5","msn.com","3","money|contract_language|context_or_team_article","false","The Sydney Morning Herald on MSN","Tue, 30 Jun 2026 21:37:58 GMT","context_only_untrusted_domain","New broadcast deal could push NRL salary cap up to $20m by 2028","https://www.msn.com/en-au/news/australia/new-broadcast-deal-could-push-nrl-salary-cap-up-to-20m-by-2028/ar-AA26H5IM","http://www.bing.com/news/apiclick.aspx?ref=FexRss&aid=&tid=6a52f8cf25094069a231378cc4d03316&url=https%3a%2f%2fwww.msn.com%2fen-au%2fnews%2faustralia%2fnew-broadcast-deal-could-push-nrl-salary-cap-up-to-20m-by-2028%2far-AA26H5IM&c=15095945392879639673&mkt=en-au","","https://www.msn.com/en-au/news/australia/new-broadcast-deal-could-push-nrl-salary-cap-up-to-20m-by-2028/ar-AA26H5IM","false","A rich new broadcast deal means more money coming into the game. The biggest winners will be the star players, who could soon demand up to $2 million per season."
"pen","Penrith Panthers","Linday Smith","backup_baseline","1","dailytelegraph.com.au","10","money|contract_language|context_or_team_article","false","The Daily Telegraph","Tue, 23 Jun 2026 12:12:00 GMT","team_or_context_candidate_needs_article_review","NRL to grant Perth Bears $500k salary cap concessions in landmark third-party arrangement","https://www.dailytelegraph.com.au/sport/nrl/nrl-to-grant-perth-bears-500k-salary-cap-concessions-in-landmark-thirdparty-arrangement/news-story/0c5c097536d723f0d0cb46c86fd051ff","http://www.bing.com/news/apiclick.aspx?ref=FexRss&aid=&tid=6a52f8d324ef4e4db3250b3292bd2418&url=https%3a%2f%2fwww.dailytelegraph.com.au%2fsport%2fnrl%2fnrl-to-grant-perth-bears-500k-salary-cap-concessions-in-landmark-thirdparty-arrangement%2fnews-story%2f0c5c097536d723f0d0cb46c86fd051ff&c=13072428604770190172&mkt=en-au","","https://www.dailytelegraph.com.au/sport/nrl/nrl-to-grant-perth-bears-500k-salary-cap-concessions-in-landmark-thirdparty-arrangement/news-story/0c5c097536d723f0d0cb46c86fd051ff","false","In a historic development for the NRL’s 18th club, this masthead has been told Perth will receive a special marquee player privilege where existing club sponsors can top-up a player’s contract by 20 ..."
"pen","Penrith Panthers","Linday Smith","backup_baseline","2","smh.com.au","10","money|contract_language|context_or_team_article","false","Sydney Morning Herald","Fri, 26 Jun 2026 17:01:00 GMT","team_or_context_candidate_needs_article_review","New broadcast deal could push NRL salary cap up to $20m by 2028","https://www.smh.com.au/sport/nrl/new-broadcast-deal-could-push-nrl-salary-cap-up-to-20m-by-2028-20260627-p60ak2.html","http://www.bing.com/news/apiclick.aspx?ref=FexRss&aid=&tid=6a52f8d322e14986b37df45024374cd8&url=https%3a%2f%2fwww.smh.com.au%2fsport%2fnrl%2fnew-broadcast-deal-could-push-nrl-salary-cap-up-to-20m-by-2028-20260627-p60ak2.html&c=16384154360396862290&mkt=en-au","","https://www.smh.com.au/sport/nrl/new-broadcast-deal-could-push-nrl-salary-cap-up-to-20m-by-2028-20260627-p60ak2.html","false","You have reached your maximum number of saved items. Remove items from your saved list to add more. The new multibillion-dollar broadcast rights deal could push the salary cap as high as $20 million ..."
"pen","Penrith Panthers","Linday Smith","backup_baseline","3","smh.com.au","7","contract_language|context_or_team_article","false","Sydney Morning Herald","Mon, 11 May 2020 17:00:00 GMT","team_or_context_candidate_needs_article_review","Nine, NRL on brink of deal to seal $1.9 billion broadcast bonanza","https://www.smh.com.au/sport/nrl/nine-nrl-on-brink-of-deal-to-seal-1-9-billion-broadcast-bonanza-20200512-p54scv.html","http://www.bing.com/news/apiclick.aspx?ref=FexRss&aid=&tid=6a52f8d3fa4e405bbea784bce05f6b87&url=https%3a%2f%2fwww.smh.com.au%2fsport%2fnrl%2fnine-nrl-on-brink-of-deal-to-seal-1-9-billion-broadcast-bonanza-20200512-p54scv.html&c=10283903415388544094&mkt=en-au","","https://www.smh.com.au/sport/nrl/nine-nrl-on-brink-of-deal-to-seal-1-9-billion-broadcast-bonanza-20200512-p54scv.html","false","You have reached your maximum number of saved items. Remove items from your saved list to add more. Nine Entertainment Co is close to agreeing to a revised three-year deal with the NRL as the code ..."
"pen","Penrith Panthers","Linday Smith","backup_baseline","4","au.sports.yahoo.com","4","contract_language|context_or_team_article","false","Yahoo Sport Australia","Thu, 07 May 2026 17:00:00 GMT","team_or_context_candidate_needs_article_review","The SEVEN current best value for money contracts in the NRL","https://au.sports.yahoo.com/seven-current-best-value-money-214941645.html","http://www.bing.com/news/apiclick.aspx?ref=FexRss&aid=&tid=6a52f8d6f34b45eb9f01bf8a6a0490ac&url=https%3a%2f%2fau.sports.yahoo.com%2fseven-current-best-value-money-214941645.html&c=14537114608194793438&mkt=en-au","","https://au.sports.yahoo.com/seven-current-best-value-money-214941645.html","false","The beauty of the salary cap is that it is supposed to level the playing field for all NRL teams. There is enough space for stars, but not multiple, meaning rosters need to be carefully crafted so ..."
"pen","Penrith Panthers","Linday Smith","backup_baseline","5","afr.com","0","contract_language|context_or_team_article","false","The Australian Financial Review","Tue, 26 May 2026 13:00:00 GMT","context_only_untrusted_domain","Nine CEO pitches V’landys on exclusive NRL deal","https://www.afr.com/companies/media-and-marketing/nine-ceo-pitches-v-landys-on-exclusive-nrl-deal-cutting-out-foxtel-20260526-p600tw","http://www.bing.com/news/apiclick.aspx?ref=FexRss&aid=&tid=6a52f8d3fa4e405bbea784bce05f6b87&url=https%3a%2f%2fwww.afr.com%2fcompanies%2fmedia-and-marketing%2fnine-ceo-pitches-v-landys-on-exclusive-nrl-deal-cutting-out-foxtel-20260526-p600tw&c=14420439829069484302&mkt=en-au","","https://www.afr.com/companies/media-and-marketing/nine-ceo-pitches-v-landys-on-exclusive-nrl-deal-cutting-out-foxtel-20260526-p600tw","false","Australian media giant Nine Entertainment is pitching to buy all the NRL broadcast rights, in a high-stakes bid to bolster its streaming platform Stan and carve Foxtel out of the sport for the first ..."
"pen","Penrith Panthers","Isaiah Papali'i","backup_baseline","1","au.sports.yahoo.com","7","money|contract_language|context_or_team_article","false","Yahoo Sports Australia","Tue, 23 Jun 2026 19:51:00 GMT","team_or_context_candidate_needs_article_review","Perth Bears receive salary cap boost from NRL","https://au.sports.yahoo.com/perth-bears-receive-salary-cap-025110246.html","http://www.bing.com/news/apiclick.aspx?ref=FexRss&aid=&tid=6a52f8dbc9084e51820e26028e92d70f&url=https%3a%2f%2fau.sports.yahoo.com%2fperth-bears-receive-salary-cap-025110246.html&c=545008729362569136&mkt=en-au","","https://au.sports.yahoo.com/perth-bears-receive-salary-cap-025110246.html","false","The NRL has granted the Perth Bears up to $500,000 worth of salary cap concessions to compete in the fight against PNG Chiefs. The latest NRL expansion club with receive compensation from the NRL to ..."
"pen","Penrith Panthers","Isaiah Papali'i","backup_baseline","2","msn.com","3","money|contract_language|context_or_team_article","false","The Sydney Morning Herald on MSN","Tue, 30 Jun 2026 21:37:58 GMT","context_only_untrusted_domain","New broadcast deal could push NRL salary cap up to $20m by 2028","https://www.msn.com/en-au/news/australia/new-broadcast-deal-could-push-nrl-salary-cap-up-to-20m-by-2028/ar-AA26H5IM","http://www.bing.com/news/apiclick.aspx?ref=FexRss&aid=&tid=6a52f8d9e18c4416919123a23d1268b0&url=https%3a%2f%2fwww.msn.com%2fen-au%2fnews%2faustralia%2fnew-broadcast-deal-could-push-nrl-salary-cap-up-to-20m-by-2028%2far-AA26H5IM&c=15095945392879639673&mkt=en-au","","https://www.msn.com/en-au/news/australia/new-broadcast-deal-could-push-nrl-salary-cap-up-to-20m-by-2028/ar-AA26H5IM","false","A rich new broadcast deal means more money coming into the game. The biggest winners will be the star players, who could soon demand up to $2 million per season."
"pen","Penrith Panthers","Liam Martin","backup_baseline","1","couriermail.com.au","24","exact_player_name","true","The Courier-Mail","Tue, 05 May 2026 11:00:00 GMT","player_focused_candidate_needs_article_review","Liam Martin to test open market for first time with both new NRL teams as potential landing spots","https://www.couriermail.com.au/sport/nrl/liam-martin-to-test-open-market-for-first-time-with-both-new-nrl-teams-as-potential-landing-spots/news-story/cf1a1d9b4a8bd7b163dc11316a364fab","http://www.bing.com/news/apiclick.aspx?ref=FexRss&aid=&tid=6a52f8dd511445adb1398a53bcefe2d5&url=https%3a%2f%2fwww.couriermail.com.au%2fsport%2fnrl%2fliam-martin-to-test-open-market-for-first-time-with-both-new-nrl-teams-as-potential-landing-spots%2fnews-story%2fcf1a1d9b4a8bd7b163dc11316a364fab&c=11530111817235017592&mkt=en-au","","https://www.couriermail.com.au/sport/nrl/liam-martin-to-test-open-market-for-first-time-with-both-new-nrl-teams-as-potential-landing-spots/news-story/cf1a1d9b4a8bd7b163dc11316a364fab","false","Martin will join a growing core of the Panthers dynasty that could be lured by big-money offers when they enter the final year of their contracts after this season. A week after agent Allan Gainey met ..."
"pen","Penrith Panthers","Liam Martin","backup_baseline","2","au.sports.yahoo.com","7","money|contract_language|context_or_team_article","false","Yahoo Sports Australia","Tue, 23 Jun 2026 19:51:00 GMT","team_or_context_candidate_needs_article_review","Perth Bears receive salary cap boost from NRL","https://au.sports.yahoo.com/perth-bears-receive-salary-cap-025110246.html","http://www.bing.com/news/apiclick.aspx?ref=FexRss&aid=&tid=6a52f8e10e8a46429d75fc1530c272c9&url=https%3a%2f%2fau.sports.yahoo.com%2fperth-bears-receive-salary-cap-025110246.html&c=545008729362569136&mkt=en-au","","https://au.sports.yahoo.com/perth-bears-receive-salary-cap-025110246.html","false","The NRL has granted the Perth Bears up to $500,000 worth of salary cap concessions to compete in the fight against PNG Chiefs. The latest NRL expansion club with receive compensation from the NRL to ..."
"pen","Penrith Panthers","Liam Martin","backup_baseline","3","msn.com","3","money|contract_language|context_or_team_article","false","The Sydney Morning Herald on MSN","Tue, 30 Jun 2026 21:37:58 GMT","context_only_untrusted_domain","New broadcast deal could push NRL salary cap up to $20m by 2028","https://www.msn.com/en-au/news/australia/new-broadcast-deal-could-push-nrl-salary-cap-up-to-20m-by-2028/ar-AA26H5IM","http://www.bing.com/news/apiclick.aspx?ref=FexRss&aid=&tid=6a52f8de1e0d4abcb91fe56539544792&url=https%3a%2f%2fwww.msn.com%2fen-au%2fnews%2faustralia%2fnew-broadcast-deal-could-push-nrl-salary-cap-up-to-20m-by-2028%2far-AA26H5IM&c=15095945392879639673&mkt=en-au","","https://www.msn.com/en-au/news/australia/new-broadcast-deal-could-push-nrl-salary-cap-up-to-20m-by-2028/ar-AA26H5IM","false","A rich new broadcast deal means more money coming into the game. The biggest winners will be the star players, who could soon demand up to $2 million per season."
"pen","Penrith Panthers","Isaah Yeo","backup_baseline","1","dailytelegraph.com.au","10","money|contract_language|context_or_team_article","false","The Daily Telegraph","Tue, 23 Jun 2026 12:12:00 GMT","team_or_context_candidate_needs_article_review","NRL to grant Perth Bears $500k salary cap concessions in landmark third-party arrangement","https://www.dailytelegraph.com.au/sport/nrl/nrl-to-grant-perth-bears-500k-salary-cap-concessions-in-landmark-thirdparty-arrangement/news-story/0c5c097536d723f0d0cb46c86fd051ff","http://www.bing.com/news/apiclick.aspx?ref=FexRss&aid=&tid=6a52f8e3a83f4b5b900690da6c652bbf&url=https%3a%2f%2fwww.dailytelegraph.com.au%2fsport%2fnrl%2fnrl-to-grant-perth-bears-500k-salary-cap-concessions-in-landmark-thirdparty-arrangement%2fnews-story%2f0c5c097536d723f0d0cb46c86fd051ff&c=13072428604770190172&mkt=en-au","","https://www.dailytelegraph.com.au/sport/nrl/nrl-to-grant-perth-bears-500k-salary-cap-concessions-in-landmark-thirdparty-arrangement/news-story/0c5c097536d723f0d0cb46c86fd051ff","false","In a historic development for the NRL’s 18th club, this masthead has been told Perth will receive a special marquee player privilege where existing club sponsors can top-up a player’s contract by 20 ..."
"pen","Penrith Panthers","Isaah Yeo","backup_baseline","2","au.sports.yahoo.com","7","money|contract_language|context_or_team_article","false","Yahoo Sports Australia","Tue, 23 Jun 2026 19:51:00 GMT","team_or_context_candidate_needs_article_review","Perth Bears receive salary cap boost from NRL","https://au.sports.yahoo.com/perth-bears-receive-salary-cap-025110246.html","http://www.bing.com/news/apiclick.aspx?ref=FexRss&aid=&tid=6a52f8e59db94ceea29f1eae27abfccc&url=https%3a%2f%2fau.sports.yahoo.com%2fperth-bears-receive-salary-cap-025110246.html&c=545008729362569136&mkt=en-au","","https://au.sports.yahoo.com/perth-bears-receive-salary-cap-025110246.html","false","The NRL has granted the Perth Bears up to $500,000 worth of salary cap concessions to compete in the fight against PNG Chiefs. The latest NRL expansion club with receive compensation from the NRL to ..."
"pen","Penrith Panthers","Isaah Yeo","backup_baseline","3","theaustralian.com.au","4","contract_language|context_or_team_article","false","The Australian","Sat, 04 Jul 2026 01:31:00 GMT","team_or_context_candidate_needs_article_review","Off-contract Penrith star Mitch Kenny moves closer to contract extension","https://www.theaustralian.com.au/sport/nrl/offcontract-penrith-star-mitch-kenny-moves-closer-to-contract-extension/news-story/7c8f5a6dfa622cc31626b0a5966ea1a3","http://www.bing.com/news/apiclick.aspx?ref=FexRss&aid=&tid=6a52f8e3de404d5f8036befd1b26cf2b&url=https%3a%2f%2fwww.theaustralian.com.au%2fsport%2fnrl%2foffcontract-penrith-star-mitch-kenny-moves-closer-to-contract-extension%2fnews-story%2f7c8f5a6dfa622cc31626b0a5966ea1a3&c=15637656445116124299&mkt=en-au","","https://www.theaustralian.com.au/sport/nrl/offcontract-penrith-star-mitch-kenny-moves-closer-to-contract-extension/news-story/7c8f5a6dfa622cc31626b0a5966ea1a3","false","The Panthers are edging closer to nailing down the first of its galaxy of off-contract stars, with hooker Mitch Kenny escalating talks about staying at Penrith."
"pen","Penrith Panthers","Isaah Yeo","backup_baseline","4","au.news.yahoo.com","4","contract_language|context_or_team_article","false","Yahoo News Australia","Tue, 28 Apr 2026 17:00:00 GMT","team_or_context_candidate_needs_article_review","Penrith Panthers duo's eye-opening contract reveal after Jarome Luai's lucrative move to PNG","https://au.news.yahoo.com/penrith-panthers-duos-eye-opening-contract-reveal-after-jarome-luais-lucrative-move-to-png-065321995.html","http://www.bing.com/news/apiclick.aspx?ref=FexRss&aid=&tid=6a52f8e3de404d5f8036befd1b26cf2b&url=https%3a%2f%2fau.news.yahoo.com%2fpenrith-panthers-duos-eye-opening-contract-reveal-after-jarome-luais-lucrative-move-to-png-065321995.html&c=6449280402624930593&mkt=en-au","","https://au.news.yahoo.com/penrith-panthers-duos-eye-opening-contract-reveal-after-jarome-luais-lucrative-move-to-png-065321995.html","false","Add Yahoo as a preferred source to see more of our stories on Google. The signing sent the NRL community into overdrive with the playmaker joining on a lucrative three-year deal, which will be ..."
"pen","Penrith Panthers","Isaah Yeo","backup_baseline","5","msn.com","3","money|contract_language|context_or_team_article","false","The Sydney Morning Herald on MSN","Tue, 30 Jun 2026 21:37:58 GMT","context_only_untrusted_domain","New broadcast deal could push NRL salary cap up to $20m by 2028","https://www.msn.com/en-au/news/australia/new-broadcast-deal-could-push-nrl-salary-cap-up-to-20m-by-2028/ar-AA26H5IM","http://www.bing.com/news/apiclick.aspx?ref=FexRss&aid=&tid=6a52f8e49dcd4b1d9731efc04790c15a&url=https%3a%2f%2fwww.msn.com%2fen-au%2fnews%2faustralia%2fnew-broadcast-deal-could-push-nrl-salary-cap-up-to-20m-by-2028%2far-AA26H5IM&c=15095945392879639673&mkt=en-au","","https://www.msn.com/en-au/news/australia/new-broadcast-deal-could-push-nrl-salary-cap-up-to-20m-by-2028/ar-AA26H5IM","false","A rich new broadcast deal means more money coming into the game. The biggest winners will be the star players, who could soon demand up to $2 million per season."
"pen","Penrith Panthers","Isaah Yeo","backup_baseline","6","loverugbyleague.com","0","contract_language|context_or_team_article","false","LoveRugbyLeague","Sun, 28 Jun 2026 02:02:00 GMT","context_only_untrusted_domain","NRL salary cap to go up AGAIN as Super League gulf widens further","https://www.loverugbyleague.com/post/nrl-salary-cap-to-go-up-again-as-super-league-gulf-widens-further","http://www.bing.com/news/apiclick.aspx?ref=FexRss&aid=&tid=6a52f8e3d2b7473d96953d79050da3ab&url=https%3a%2f%2fwww.loverugbyleague.com%2fpost%2fnrl-salary-cap-to-go-up-again-as-super-league-gulf-widens-further&c=2927841752005492089&mkt=en-au","","https://www.loverugbyleague.com/post/nrl-salary-cap-to-go-up-again-as-super-league-gulf-widens-further","false","The NRL's salary cap will reach astronomical new heights as a result of its latest broadcast deal: leaving Super League trailing behind."
"pen","Penrith Panthers","Isaah Yeo","backup_baseline","7","msn.com","0","contract_language|context_or_team_article","false","LoveRugbyLeague on MSN","Sun, 28 Jun 2026 01:58:52 GMT","context_only_untrusted_domain","NRL salary cap to go up again as Super League gulf widens further","https://www.msn.com/en-gb/sport/rugbyleague/nrl-salary-cap-to-go-up-again-as-super-league-gulf-widens-further/ar-AA26Jed2","http://www.bing.com/news/apiclick.aspx?ref=FexRss&aid=&tid=6a52f8e49dcd4b1d9731efc04790c15a&url=https%3a%2f%2fwww.msn.com%2fen-gb%2fsport%2frugbyleague%2fnrl-salary-cap-to-go-up-again-as-super-league-gulf-widens-further%2far-AA26Jed2&c=12122446957809507141&mkt=en-au","","https://www.msn.com/en-gb/sport/rugbyleague/nrl-salary-cap-to-go-up-again-as-super-league-gulf-widens-further/ar-AA26Jed2","false","The difference is stark."
"pen","Penrith Panthers","Scott Sorensen","backup_baseline","1","dailytelegraph.com.au","10","money|contract_language|context_or_team_article","false","The Daily Telegraph","Tue, 23 Jun 2026 12:12:00 GMT","team_or_context_candidate_needs_article_review","NRL to grant Perth Bears $500k salary cap concessions in landmark third-party arrangement","https://www.dailytelegraph.com.au/sport/nrl/nrl-to-grant-perth-bears-500k-salary-cap-concessions-in-landmark-thirdparty-arrangement/news-story/0c5c097536d723f0d0cb46c86fd051ff","http://www.bing.com/news/apiclick.aspx?ref=FexRss&aid=&tid=6a52f8e8d895476b985831c23d3f56e8&url=https%3a%2f%2fwww.dailytelegraph.com.au%2fsport%2fnrl%2fnrl-to-grant-perth-bears-500k-salary-cap-concessions-in-landmark-thirdparty-arrangement%2fnews-story%2f0c5c097536d723f0d0cb46c86fd051ff&c=13072428604770190172&mkt=en-au","","https://www.dailytelegraph.com.au/sport/nrl/nrl-to-grant-perth-bears-500k-salary-cap-concessions-in-landmark-thirdparty-arrangement/news-story/0c5c097536d723f0d0cb46c86fd051ff","false","In a historic development for the NRL’s 18th club, this masthead has been told Perth will receive a special marquee player privilege where existing club sponsors can top-up a player’s contract by 20 ..."
"pen","Penrith Panthers","Luke Garner","backup_baseline","","","","","","","","no_candidate_found","","","","","","",""
"pen","Penrith Panthers","Liam Henry","backup_baseline","1","dailytelegraph.com.au","10","money|contract_language|context_or_team_article","false","The Daily Telegraph","Tue, 23 Jun 2026 12:12:00 GMT","team_or_context_candidate_needs_article_review","NRL to grant Perth Bears $500k salary cap concessions in landmark third-party arrangement","https://www.dailytelegraph.com.au/sport/nrl/nrl-to-grant-perth-bears-500k-salary-cap-concessions-in-landmark-thirdparty-arrangement/news-story/0c5c097536d723f0d0cb46c86fd051ff","http://www.bing.com/news/apiclick.aspx?ref=FexRss&aid=&tid=6a52f8f59175406fa00763eb122be255&url=https%3a%2f%2fwww.dailytelegraph.com.au%2fsport%2fnrl%2fnrl-to-grant-perth-bears-500k-salary-cap-concessions-in-landmark-thirdparty-arrangement%2fnews-story%2f0c5c097536d723f0d0cb46c86fd051ff&c=13072428604770190172&mkt=en-au","","https://www.dailytelegraph.com.au/sport/nrl/nrl-to-grant-perth-bears-500k-salary-cap-concessions-in-landmark-thirdparty-arrangement/news-story/0c5c097536d723f0d0cb46c86fd051ff","false","In a historic development for the NRL’s 18th club, this masthead has been told Perth will receive a special marquee player privilege where existing club sponsors can top-up a player’s contract by 20 ..."
"pen","Penrith Panthers","Izack Tago","backup_baseline","","","","","","","","no_candidate_found","","","","","","",""
"pen","Penrith Panthers","Billy Scott","bucket_unknown","","","","","","","","no_candidate_found","","","","","","",""
"pen","Penrith Panthers","Freddy Lussick","bucket_unknown","1","nrl.com","20","exact_player_name","true","National Rugby League","Fri, 08 May 2026 05:01:00 GMT","player_focused_candidate_needs_article_review","Winning hand: Lussick eager to cash in on new Panthers role","https://www.nrl.com/news/2026/05/08/winning-hand-lussick-eager-to-cash-in-on-new-panthers-role/","http://www.bing.com/news/apiclick.aspx?ref=FexRss&aid=&tid=6a52f90802d940cbba1eb25514ba0486&url=https%3a%2f%2fwww.nrl.com%2fnews%2f2026%2f05%2f08%2fwinning-hand-lussick-eager-to-cash-in-on-new-panthers-role%2f&c=356510813099881978&mkt=en-au","","https://www.nrl.com/news/2026/05/08/winning-hand-lussick-eager-to-cash-in-on-new-panthers-role/","false","If you can’t beat them, join them. It’s that kind of scenario for hooker Freddy Lussick, who has played in two NRL finals in his 59 games – once when he was with the Roosters in 2020 and again in 2023 ..."
"pen","Penrith Panthers","Jack Cogger","bucket_unknown","","","","","","","","no_candidate_found","","","","","","",""
"pen","Penrith Panthers","Jaxen Edgar","bucket_unknown","","","","","","","","no_candidate_found","","","","","","",""
"pen","Penrith Panthers","Jesse McLean","bucket_unknown","1","cairnspost.com.au","27","contract_language|exact_player_name","true","The Cairns Post","Sat, 20 Jun 2026 05:00:00 GMT","player_focused_candidate_needs_article_review","Canterbury raid Penrith Panthers for rising talent and star’s sibling Jesse McLean","https://www.cairnspost.com.au/sport/nrl/canterbury-raid-penrith-panthers-for-rising-talent-and-stars-sibling-jesse-mclean/news-story/46f0cd2f676c60e129f589aeaf7509ad","http://www.bing.com/news/apiclick.aspx?ref=FexRss&aid=&tid=6a52f91ba85141cfa3f276b0541e2dee&url=https%3a%2f%2fwww.cairnspost.com.au%2fsport%2fnrl%2fcanterbury-raid-penrith-panthers-for-rising-talent-and-stars-sibling-jesse-mclean%2fnews-story%2f46f0cd2f676c60e129f589aeaf7509ad&c=3723726939284818770&mkt=en-au","","https://www.cairnspost.com.au/sport/nrl/canterbury-raid-penrith-panthers-for-rising-talent-and-stars-sibling-jesse-mclean/news-story/46f0cd2f676c60e129f589aeaf7509ad","false","It is understood the Panthers will let McLean go at the end of the season despite having two years left on his contract. Penrith’s decision comes after they inked Tom Jenkins to an upgraded three year ..."
"pen","Penrith Panthers","John Fonua","bucket_unknown","","","","","","","","no_candidate_found","","","","","","",""
"pen","Penrith Panthers","Kalani Going","bucket_unknown","","","","","","","","no_candidate_found","","","","","","",""
"pen","Penrith Panthers","Luron Patea","bucket_unknown","","","","","","","","no_candidate_found","","","","","","",""
"pen","Penrith Panthers","Tom Ale","bucket_unknown","1","themercury.com.au","7","money|contract_language|context_or_team_article","false","The Mercury","Fri, 25 Oct 2019 06:42:00 GMT","team_or_context_candidate_needs_article_review","Penrith Panthers’ $600k salary cap space to raid NRL rivals","https://www.themercury.com.au/sport/penrith-panthers-600k-salary-cap-space-to-raid-nrl-rivals/news-story/4e9adddefe7767b07a8e74ac102dbbd0","http://www.bing.com/news/apiclick.aspx?ref=FexRss&aid=&tid=6a52f61c69ba4599be663f8deda145cf&url=https%3a%2f%2fwww.themercury.com.au%2fsport%2fpenrith-panthers-600k-salary-cap-space-to-raid-nrl-rivals%2fnews-story%2f4e9adddefe7767b07a8e74ac102dbbd0&c=13345922965411820186&mkt=en-au","","https://www.themercury.com.au/sport/penrith-panthers-600k-salary-cap-space-to-raid-nrl-rivals/news-story/4e9adddefe7767b07a8e74ac102dbbd0","false","Following months of shedding players, the Panthers have $600,000 in their salary cap for next season – the most of any Sydney club – and are ready to swoop on a five-eighth, centre or front-rower."
"sou","South Sydney Rabbitohs","Jye Gray","backup_baseline","","","","","","","","no_candidate_found","","","","","","",""
"sou","South Sydney Rabbitohs","Alex Johnston","backup_baseline","1","themercury.com.au","4","contract_language|context_or_team_article","false","The Mercury","Sat, 03 Apr 2021 10:28:00 GMT","team_or_context_candidate_needs_article_review","NRL 2021: Adam Reynolds contract, Rabbitohs lead calls for salary cap revamp","https://www.themercury.com.au/sport/nrl/nrl-2021-adam-reynolds-contract-rabbitohs-lead-calls-for-salary-cap-revamp/news-story/4ad2423dd5dda60c202351b0361c2d55","http://www.bing.com/news/apiclick.aspx?ref=FexRss&aid=&tid=6a52f62a6df94943b01629c6118a62a1&url=https%3a%2f%2fwww.themercury.com.au%2fsport%2fnrl%2fnrl-2021-adam-reynolds-contract-rabbitohs-lead-calls-for-salary-cap-revamp%2fnews-story%2f4ad2423dd5dda60c202351b0361c2d55&c=10250100085422151221&mkt=en-au","","https://www.themercury.com.au/sport/nrl/nrl-2021-adam-reynolds-contract-rabbitohs-lead-calls-for-salary-cap-revamp/news-story/4ad2423dd5dda60c202351b0361c2d55","false","As the Rabbitohs prepare to sit down with Adam Reynolds to sort out his future, the club has called for greater salary cap concessions for producing long-term players. Reynolds and the Rabbitohs have ..."
"sou","South Sydney Rabbitohs","Latrell Mitchell","backup_baseline","1","au.news.yahoo.com","30","money|contract_language|exact_player_name","true","Yahoo News Australia","Mon, 22 Jun 2026 20:23:00 GMT","player_focused_candidate_needs_article_review","Latrell Mitchell cops $1.4 million blow as 'sad' truth emerges about South Sydney superstar","https://au.news.yahoo.com/latrell-mitchell-cops-14-million-blow-as-sad-truth-emerges-about-south-sydney-superstar-023516381.html","http://www.bing.com/news/apiclick.aspx?ref=FexRss&aid=&tid=6a52f631e22f4fa1b2d73b7b5b470536&url=https%3a%2f%2fau.news.yahoo.com%2flatrell-mitchell-cops-14-million-blow-as-sad-truth-emerges-about-south-sydney-superstar-023516381.html&c=15439612542411374918&mkt=en-au","","https://au.news.yahoo.com/latrell-mitchell-cops-14-million-blow-as-sad-truth-emerges-about-south-sydney-superstar-023516381.html","false","Latrell Mitchell's latest injury setback has raised concerns around his next NRL contract with suggestions he won't be able to attract the $1.4 million a season originally floated ..."
"sou","South Sydney Rabbitohs","Latrell Mitchell","backup_baseline","2","geelongadvertiser.com.au","30","money|contract_language|exact_player_name","true","Geelong Advertiser","Wed, 03 Jun 2026 22:17:00 GMT","player_focused_candidate_needs_article_review","Latrell Mitchell looks set to leave Sydney Roosters as contract talks fail","https://www.geelongadvertiser.com.au/sport/latrell-mitchell-looks-set-to-leave-sydney-roosters-as-contract-talks-fail/news-story/e8eb3946be3c217af515116c4fbf9748","http://www.bing.com/news/apiclick.aspx?ref=FexRss&aid=&tid=6a52f6312b1b4214b81c09a6818b8976&url=https%3a%2f%2fwww.geelongadvertiser.com.au%2fsport%2flatrell-mitchell-looks-set-to-leave-sydney-roosters-as-contract-talks-fail%2fnews-story%2fe8eb3946be3c217af515116c4fbf9748&c=10862820202036213970&mkt=en-au","","https://www.geelongadvertiser.com.au/sport/latrell-mitchell-looks-set-to-leave-sydney-roosters-as-contract-talks-fail/news-story/e8eb3946be3c217af515116c4fbf9748","false","The Sydney Roosters are preparing to offer Latrell Mitchell an immediate exit from the club, after contract talks between the two parties collapsed on Tuesday. The premiers withdrew an $800,000 offer ..."
"sou","South Sydney Rabbitohs","Latrell Mitchell","backup_baseline","3","adelaidenow.com.au","27","money|exact_player_name","true","Adelaide Now","Thu, 21 May 2026 08:16:00 GMT","player_focused_candidate_needs_article_review","Newcastle Knights admit interest in signing Latrell Mitchell","https://www.adelaidenow.com.au/sport/nrl/teams/knights/newcastle-knights-admit-interest-in-signing-latrell-mitchell/news-story/40f0c4c9e08475d991b52edcffde2e2c","http://www.bing.com/news/apiclick.aspx?ref=FexRss&aid=&tid=6a52f6312b1b4214b81c09a6818b8976&url=https%3a%2f%2fwww.adelaidenow.com.au%2fsport%2fnrl%2fteams%2fknights%2fnewcastle-knights-admit-interest-in-signing-latrell-mitchell%2fnews-story%2f40f0c4c9e08475d991b52edcffde2e2c&c=9141662396061291724&mkt=en-au","","https://www.adelaidenow.com.au/sport/nrl/teams/knights/newcastle-knights-admit-interest-in-signing-latrell-mitchell/news-story/40f0c4c9e08475d991b52edcffde2e2c","false","Less than 24 hours after the Roosters withdrew an $800,000 offer to the 22-year-old Mitchell for season 2021, O’Brien suggested his Knights could be interested in the mercurial star. Already, North ..."
"sou","South Sydney Rabbitohs","Latrell Mitchell","backup_baseline","4","news.com.au","24","exact_player_name","true","Couriermail","Tue, 28 Apr 2026 20:23:00 GMT","player_focused_candidate_needs_article_review","NRL’s Latrell Mitchell headache after post-match speech has footy world calling for return to media commitments","https://www.news.com.au/sport/nrl/nrls-latrell-mitchell-headache-after-postmatch-speech-has-fans-calling-for-media-ban-to-end/news-story/0d077c098cd835fdefc9262e3e4ede4a","http://www.bing.com/news/apiclick.aspx?ref=FexRss&aid=&tid=6a52f633095f4e5f9bb89332ae58f7e7&url=https%3a%2f%2fwww.news.com.au%2fsport%2fnrl%2fnrls-latrell-mitchell-headache-after-postmatch-speech-has-fans-calling-for-media-ban-to-end%2fnews-story%2f0d077c098cd835fdefc9262e3e4ede4a&c=14711030067262810960&mkt=en-au","","https://www.news.com.au/sport/nrl/nrls-latrell-mitchell-headache-after-postmatch-speech-has-fans-calling-for-media-ban-to-end/news-story/0d077c098cd835fdefc9262e3e4ede4a","false","After being awarded the Spirit of the Anzac Medal for best on ground in the Bunnies’ 48-6 win over the Storm last weekend, Mitchell gave a rare speech, which was met with huge cheers from the crowd."
"sou","South Sydney Rabbitohs","Latrell Mitchell","backup_baseline","5","news.com.au","24","exact_player_name","true","Couriermail","Sun, 26 Apr 2026 17:48:00 GMT","player_focused_candidate_needs_article_review","‘Great shame’: Sad detail in epic Latrell Mitchell scenes","https://www.news.com.au/sport/nrl/great-shame-sad-detail-in-epic-latrell-mitchell-scenes/news-story/f503e081c9d27c26f89988ecac888ec7","http://www.bing.com/news/apiclick.aspx?ref=FexRss&aid=&tid=6a52f633095f4e5f9bb89332ae58f7e7&url=https%3a%2f%2fwww.news.com.au%2fsport%2fnrl%2fgreat-shame-sad-detail-in-epic-latrell-mitchell-scenes%2fnews-story%2ff503e081c9d27c26f89988ecac888ec7&c=6032156576475597087&mkt=en-au","","https://www.news.com.au/sport/nrl/great-shame-sad-detail-in-epic-latrell-mitchell-scenes/news-story/f503e081c9d27c26f89988ecac888ec7","false","After being awarded the Spirit of the Anzac Medal for best on ground, Mitchell gave fans a rare sound bite, which was met with huge cheers from the crowd that remained at AAMI Park for the post-match ..."
"sou","South Sydney Rabbitohs","Latrell Mitchell","backup_baseline","6","msn.com","3","money|contract_language|context_or_team_article","false","Man of Many on MSN","Tue, 30 Jun 2026 15:06:27 GMT","context_only_untrusted_domain","10 highest paid NRL players for 2026","https://www.msn.com/en-au/sport/rugby_league/10-highest-paid-nrl-players-for-2026/ar-AA2719cA","http://www.bing.com/news/apiclick.aspx?ref=FexRss&aid=&tid=6a52f6312b1b4214b81c09a6818b8976&url=https%3a%2f%2fwww.msn.com%2fen-au%2fsport%2frugby_league%2f10-highest-paid-nrl-players-for-2026%2far-AA2719cA&c=3173818839366038056&mkt=en-au","","https://www.msn.com/en-au/sport/rugby_league/10-highest-paid-nrl-players-for-2026/ar-AA2719cA","false","Driven by expanding club salary caps, rugby league’s elite stars are securing record-shattering paydays for the 2026 NRL season. Led by Dylan Brown’s historic $13 million move, this list looks at the ..."
"sou","South Sydney Rabbitohs","Latrell Mitchell","backup_baseline","7","msn.com","3","money|contract_language|context_or_team_article","false","The Sydney Morning Herald on MSN","Tue, 30 Jun 2026 21:37:58 GMT","context_only_untrusted_domain","New broadcast deal could push NRL salary cap up to $20m by 2028","https://www.msn.com/en-au/news/australia/new-broadcast-deal-could-push-nrl-salary-cap-up-to-20m-by-2028/ar-AA26H5IM","http://www.bing.com/news/apiclick.aspx?ref=FexRss&aid=&tid=6a52f6329e034fbbbb03f81969e19ae1&url=https%3a%2f%2fwww.msn.com%2fen-au%2fnews%2faustralia%2fnew-broadcast-deal-could-push-nrl-salary-cap-up-to-20m-by-2028%2far-AA26H5IM&c=15095945392879639673&mkt=en-au","","https://www.msn.com/en-au/news/australia/new-broadcast-deal-could-push-nrl-salary-cap-up-to-20m-by-2028/ar-AA26H5IM","false","A rich new broadcast deal means more money coming into the game. The biggest winners will be the star players, who could soon demand up to $2 million per season."
"sou","South Sydney Rabbitohs","Latrell Mitchell","backup_baseline","8","loverugbyleague.com","0","contract_language|context_or_team_article","false","LoveRugbyLeague","Sun, 28 Jun 2026 02:02:00 GMT","context_only_untrusted_domain","NRL salary cap to go up AGAIN as Super League gulf widens further","https://www.loverugbyleague.com/post/nrl-salary-cap-to-go-up-again-as-super-league-gulf-widens-further","http://www.bing.com/news/apiclick.aspx?ref=FexRss&aid=&tid=6a52f6329e034fbbbb03f81969e19ae1&url=https%3a%2f%2fwww.loverugbyleague.com%2fpost%2fnrl-salary-cap-to-go-up-again-as-super-league-gulf-widens-further&c=2927841752005492089&mkt=en-au","","https://www.loverugbyleague.com/post/nrl-salary-cap-to-go-up-again-as-super-league-gulf-widens-further","false","The NRL's salary cap will reach astronomical new heights as a result of its latest broadcast deal: leaving Super League trailing behind."
"sou","South Sydney Rabbitohs","Latrell Mitchell","backup_baseline","9","msn.com","0","contract_language|context_or_team_article","false","Zero Tackle on MSN","Sat, 27 Jun 2026 18:52:52 GMT","context_only_untrusted_domain","Biggest stars in the NRL set for a pay-day","https://www.msn.com/en-au/news/other/biggest-stars-in-the-nrl-set-for-a-pay-day/ar-AA26IdmB","http://www.bing.com/news/apiclick.aspx?ref=FexRss&aid=&tid=6a52f6329e034fbbbb03f81969e19ae1&url=https%3a%2f%2fwww.msn.com%2fen-au%2fnews%2fother%2fbiggest-stars-in-the-nrl-set-for-a-pay-day%2far-AA26IdmB&c=18406658021232899789&mkt=en-au","","https://www.msn.com/en-au/news/other/biggest-stars-in-the-nrl-set-for-a-pay-day/ar-AA26IdmB","false","Some of the NRL's most elite players could be in for a pay bump thanks to the new TV broadcast deal commencing in 2028. The ARL and NRL are just about ready to green-light the deal, which Nine and ..."
"sou","South Sydney Rabbitohs","Latrell Mitchell","backup_baseline","10","msn.com","0","contract_language|context_or_team_article","false","LoveRugbyLeague on MSN","Sun, 28 Jun 2026 01:58:52 GMT","context_only_untrusted_domain","NRL salary cap to go up again as Super League gulf widens further","https://www.msn.com/en-gb/sport/rugbyleague/nrl-salary-cap-to-go-up-again-as-super-league-gulf-widens-further/ar-AA26Jed2","http://www.bing.com/news/apiclick.aspx?ref=FexRss&aid=&tid=6a52f632f1494751b586409c5eaf65f5&url=https%3a%2f%2fwww.msn.com%2fen-gb%2fsport%2frugbyleague%2fnrl-salary-cap-to-go-up-again-as-super-league-gulf-widens-further%2far-AA26Jed2&c=12122446957809507141&mkt=en-au","","https://www.msn.com/en-gb/sport/rugbyleague/nrl-salary-cap-to-go-up-again-as-super-league-gulf-widens-further/ar-AA26Jed2","false","The difference is stark."
"sou","South Sydney Rabbitohs","Jack Wighton","backup_baseline","1","7news.com.au","7","money|contract_language|context_or_team_article","false","7NEWS Australia","Fri, 28 Oct 2022 02:27:00 GMT","team_or_context_candidate_needs_article_review","Ultimate NRL free agency preview: Your club’s out-of-contract stars and where they could end up","https://7news.com.au/sport/rugby-league/ultimate-nrl-free-agency-preview-your-clubs-out-of-contract-stars-and-where-they-could-end-up-c-8677336","http://www.bing.com/news/apiclick.aspx?ref=FexRss&aid=&tid=6a52f63beb4e464ab67c2560a7813cb6&url=https%3a%2f%2f7news.com.au%2fsport%2frugby-league%2fultimate-nrl-free-agency-preview-your-clubs-out-of-contract-stars-and-where-they-could-end-up-c-8677336&c=143273184193222445&mkt=en-au","","https://7news.com.au/sport/rugby-league/ultimate-nrl-free-agency-preview-your-clubs-out-of-contract-stars-and-where-they-could-end-up-c-8677336","false","Over $50 million worth of player talent will be free to negotiate with clubs for season 2024 and beyond when the NRL free agency period begins on November 1. Latrell Mitchell, Mit ..."
"sou","South Sydney Rabbitohs","Campbell Graham","backup_baseline","1","themercury.com.au","4","contract_language|context_or_team_article","false","The Mercury","Sat, 03 Apr 2021 10:28:00 GMT","team_or_context_candidate_needs_article_review","NRL 2021: Adam Reynolds contract, Rabbitohs lead calls for salary cap revamp","https://www.themercury.com.au/sport/nrl/nrl-2021-adam-reynolds-contract-rabbitohs-lead-calls-for-salary-cap-revamp/news-story/4ad2423dd5dda60c202351b0361c2d55","http://www.bing.com/news/apiclick.aspx?ref=FexRss&aid=&tid=6a52f63e532b401f9ee6dc21c33ffaed&url=https%3a%2f%2fwww.themercury.com.au%2fsport%2fnrl%2fnrl-2021-adam-reynolds-contract-rabbitohs-lead-calls-for-salary-cap-revamp%2fnews-story%2f4ad2423dd5dda60c202351b0361c2d55&c=10250100085422151221&mkt=en-au","","https://www.themercury.com.au/sport/nrl/nrl-2021-adam-reynolds-contract-rabbitohs-lead-calls-for-salary-cap-revamp/news-story/4ad2423dd5dda60c202351b0361c2d55","false","As the Rabbitohs prepare to sit down with Adam Reynolds to sort out his future, the club has called for greater salary cap concessions for producing long-term players. Reynolds and the Rabbitohs have ..."
"sou","South Sydney Rabbitohs","Cody Walker","backup_baseline","1","au.sports.yahoo.com","27","contract_language|exact_player_name","true","Yahoo Sports Australia","Thu, 25 Jun 2026 15:59:00 GMT","player_focused_candidate_needs_article_review","Cody Walker receives major boost from Wayne Bennett amid retirement discussions","https://au.sports.yahoo.com/cody-walker-receives-major-boost-225903435.html","http://www.bing.com/news/apiclick.aspx?ref=FexRss&aid=&tid=6a52f647b67e428f91faad8a44dedc63&url=https%3a%2f%2fau.sports.yahoo.com%2fcody-walker-receives-major-boost-225903435.html&c=11659807197833302714&mkt=en-au","","https://au.sports.yahoo.com/cody-walker-receives-major-boost-225903435.html","false","South Sydney veteran Cody Walker has left the door ajar for another season in the NRL, with coach Wayne Bennett confident the Rabbitohs playmaker still has plenty to offer. Walker, 36, is off contract ..."
"sou","South Sydney Rabbitohs","Cody Walker","backup_baseline","2","au.news.yahoo.com","20","exact_player_name","true","Yahoo News Australia","Thu, 25 Jun 2026 17:20:00 GMT","player_focused_candidate_needs_article_review","South Sydney star makes eye-opening call on NRL retirement as Rabbitohs face tricky decision","https://au.news.yahoo.com/south-sydney-star-makes-eye-opening-call-on-nrl-retirement-as-rabbitohs-face-tricky-decision-000808406.html","http://www.bing.com/news/apiclick.aspx?ref=FexRss&aid=&tid=6a52f644b22547b09d8c3c219d3bdf4c&url=https%3a%2f%2fau.news.yahoo.com%2fsouth-sydney-star-makes-eye-opening-call-on-nrl-retirement-as-rabbitohs-face-tricky-decision-000808406.html&c=17504046774761187103&mkt=en-au","","https://au.news.yahoo.com/south-sydney-star-makes-eye-opening-call-on-nrl-retirement-as-rabbitohs-face-tricky-decision-000808406.html","false","South Sydney five-eighth Cody Walker has dropped a major hint about retirement after admitting he's ""not sure"" whether he wants to go through another NRL off-season. The veteran playmaker turns 37 ..."
"sou","South Sydney Rabbitohs","Cody Walker","backup_baseline","3","dailytelegraph.com.au","10","money|contract_language|context_or_team_article","false","The Daily Telegraph","Tue, 23 Jun 2026 12:12:00 GMT","team_or_context_candidate_needs_article_review","NRL to grant Perth Bears $500k salary cap concessions in landmark third-party arrangement","https://www.dailytelegraph.com.au/sport/nrl/nrl-to-grant-perth-bears-500k-salary-cap-concessions-in-landmark-thirdparty-arrangement/news-story/0c5c097536d723f0d0cb46c86fd051ff","http://www.bing.com/news/apiclick.aspx?ref=FexRss&aid=&tid=6a52f64442054a2f9d3a94cd5563a127&url=https%3a%2f%2fwww.dailytelegraph.com.au%2fsport%2fnrl%2fnrl-to-grant-perth-bears-500k-salary-cap-concessions-in-landmark-thirdparty-arrangement%2fnews-story%2f0c5c097536d723f0d0cb46c86fd051ff&c=13072428604770190172&mkt=en-au","","https://www.dailytelegraph.com.au/sport/nrl/nrl-to-grant-perth-bears-500k-salary-cap-concessions-in-landmark-thirdparty-arrangement/news-story/0c5c097536d723f0d0cb46c86fd051ff","false","In a historic development for the NRL’s 18th club, this masthead has been told Perth will receive a special marquee player privilege where existing club sponsors can top-up a player’s contract by 20 ..."
"sou","South Sydney Rabbitohs","Cody Walker","backup_baseline","4","7news.com.au","7","money|contract_language|context_or_team_article","false","7NEWS Australia","Fri, 28 Oct 2022 02:27:00 GMT","team_or_context_candidate_needs_article_review","Ultimate NRL free agency preview: Your club’s out-of-contract stars and where they could end up","https://7news.com.au/sport/rugby-league/ultimate-nrl-free-agency-preview-your-clubs-out-of-contract-stars-and-where-they-could-end-up-c-8677336","http://www.bing.com/news/apiclick.aspx?ref=FexRss&aid=&tid=6a52f64703d8457ba5b5659eb1321105&url=https%3a%2f%2f7news.com.au%2fsport%2frugby-league%2fultimate-nrl-free-agency-preview-your-clubs-out-of-contract-stars-and-where-they-could-end-up-c-8677336&c=143273184193222445&mkt=en-au","","https://7news.com.au/sport/rugby-league/ultimate-nrl-free-agency-preview-your-clubs-out-of-contract-stars-and-where-they-could-end-up-c-8677336","false","Over $50 million worth of player talent will be free to negotiate with clubs for season 2024 and beyond when the NRL free agency period begins on November 1. Latrell Mitchell, Mit ..."
"sou","South Sydney Rabbitohs","Cody Walker","backup_baseline","5","themercury.com.au","4","contract_language|context_or_team_article","false","The Mercury","Sat, 03 Apr 2021 10:28:00 GMT","team_or_context_candidate_needs_article_review","NRL 2021: Adam Reynolds contract, Rabbitohs lead calls for salary cap revamp","https://www.themercury.com.au/sport/nrl/nrl-2021-adam-reynolds-contract-rabbitohs-lead-calls-for-salary-cap-revamp/news-story/4ad2423dd5dda60c202351b0361c2d55","http://www.bing.com/news/apiclick.aspx?ref=FexRss&aid=&tid=6a52f644b22547b09d8c3c219d3bdf4c&url=https%3a%2f%2fwww.themercury.com.au%2fsport%2fnrl%2fnrl-2021-adam-reynolds-contract-rabbitohs-lead-calls-for-salary-cap-revamp%2fnews-story%2f4ad2423dd5dda60c202351b0361c2d55&c=10250100085422151221&mkt=en-au","","https://www.themercury.com.au/sport/nrl/nrl-2021-adam-reynolds-contract-rabbitohs-lead-calls-for-salary-cap-revamp/news-story/4ad2423dd5dda60c202351b0361c2d55","false","As the Rabbitohs prepare to sit down with Adam Reynolds to sort out his future, the club has called for greater salary cap concessions for producing long-term players. Reynolds and the Rabbitohs have ..."
"sou","South Sydney Rabbitohs","Jamie Humphreys","backup_baseline","1","theaustralian.com.au","27","contract_language|exact_player_name","true","The Australian","Fri, 10 Jul 2026 22:32:00 GMT","player_focused_candidate_needs_article_review","Star Perth Bears recruit Jamie Humphreys backflips on 2027 deal","https://www.theaustralian.com.au/sport/nrl/star-perth-bears-recruit-jamie-humphreys-backflips-on-2027-deal/news-story/e1a5762d6d2bc231f0acfc2474cde8f0","http://www.bing.com/news/apiclick.aspx?ref=FexRss&aid=&tid=6a52f64a731144a7b5cc62320f7211cd&url=https%3a%2f%2fwww.theaustralian.com.au%2fsport%2fnrl%2fstar-perth-bears-recruit-jamie-humphreys-backflips-on-2027-deal%2fnews-story%2fe1a5762d6d2bc231f0acfc2474cde8f0&c=1865973893991691803&mkt=en-au","","https://www.theaustralian.com.au/sport/nrl/star-perth-bears-recruit-jamie-humphreys-backflips-on-2027-deal/news-story/e1a5762d6d2bc231f0acfc2474cde8f0","false","Mal Meninga’s Perth Bears have been struck a massive blow in the player market with Jamie Humphreys’ switch to the NRL’s newest franchise collapsing at the 11th hour."
"sou","South Sydney Rabbitohs","Jamie Humphreys","backup_baseline","2","au.sports.yahoo.com","7","money|contract_language|context_or_team_article","false","Yahoo Sports Australia","Tue, 23 Jun 2026 19:51:00 GMT","team_or_context_candidate_needs_article_review","Perth Bears receive salary cap boost from NRL","https://au.sports.yahoo.com/perth-bears-receive-salary-cap-025110246.html","http://www.bing.com/news/apiclick.aspx?ref=FexRss&aid=&tid=6a52f64cdccb4fe98d170e09c0d3e300&url=https%3a%2f%2fau.sports.yahoo.com%2fperth-bears-receive-salary-cap-025110246.html&c=545008729362569136&mkt=en-au","","https://au.sports.yahoo.com/perth-bears-receive-salary-cap-025110246.html","false","The NRL has granted the Perth Bears up to $500,000 worth of salary cap concessions to compete in the fight against PNG Chiefs. The latest NRL expansion club with receive compensation from the NRL to ..."
"sou","South Sydney Rabbitohs","Jamie Humphreys","backup_baseline","3","au.sports.yahoo.com","4","contract_language|context_or_team_article","false","Yahoo Sport Australia","Thu, 07 May 2026 17:00:00 GMT","team_or_context_candidate_needs_article_review","The SEVEN current best value for money contracts in the NRL","https://au.sports.yahoo.com/seven-current-best-value-money-214941645.html","http://www.bing.com/news/apiclick.aspx?ref=FexRss&aid=&tid=6a52f64cdccb4fe98d170e09c0d3e300&url=https%3a%2f%2fau.sports.yahoo.com%2fseven-current-best-value-money-214941645.html&c=14537114608194793438&mkt=en-au","","https://au.sports.yahoo.com/seven-current-best-value-money-214941645.html","false","The beauty of the salary cap is that it is supposed to level the playing field for all NRL teams. There is enough space for stars, but not multiple, meaning rosters need to be carefully crafted so ..."
"sou","South Sydney Rabbitohs","Tevita Tatola","backup_baseline","","","","","","","","no_candidate_found","","","","","","",""
"sou","South Sydney Rabbitohs","Brandon Smith","backup_baseline","","","","","","","","no_candidate_found","","","","","","",""
"sou","South Sydney Rabbitohs","Keaon Koloamatangi","backup_baseline","","","","","","","","no_candidate_found","","","","","","",""
"sou","South Sydney Rabbitohs","Jai Arrow","backup_baseline","1","abc.net.au","24","exact_player_name","true","Australian Broadcasting Corporation","Wed, 10 Jun 2026 18:33:00 GMT","player_focused_candidate_needs_article_review","NRL latest: Jai Arrow guard of honour after MND diagnosis, Rabbitohs beat Broncos 48-6","https://www.abc.net.au/news/2026-06-11/nrl-live-updates-south-sydney-rabbitohs-brisbane-broncos/106782324","http://www.bing.com/news/apiclick.aspx?ref=FexRss&aid=&tid=6a52f662085c44e295937273dcc53555&url=https%3a%2f%2fwww.abc.net.au%2fnews%2f2026-06-11%2fnrl-live-updates-south-sydney-rabbitohs-brisbane-broncos%2f106782324&c=90084965116400084&mkt=en-au","","https://www.abc.net.au/news/2026-06-11/nrl-live-updates-south-sydney-rabbitohs-brisbane-broncos/106782324","false","Jai Arrow has inspired South Sydney to a commanding win over the Brisbane Broncos, on an emotional night at Stadium Australia. REPORT: South Sydney Rabbitohs 48-6 Brisbane Broncos The Rabbitohs and ..."
"sou","South Sydney Rabbitohs","Jai Arrow","backup_baseline","2","nrl.com","24","exact_player_name","true","National Rugby League","Wed, 20 May 2026 07:21:00 GMT","player_focused_candidate_needs_article_review","Jai Arrow announces retirement on medical grounds","https://www.nrl.com/news/2026/05/20/rabbitoh-jai-arrow-jai-arrow-announces-retirement-on-medical-grounds/","http://www.bing.com/news/apiclick.aspx?ref=FexRss&aid=&tid=6a52f662085c44e295937273dcc53555&url=https%3a%2f%2fwww.nrl.com%2fnews%2f2026%2f05%2f20%2frabbitoh-jai-arrow-jai-arrow-announces-retirement-on-medical-grounds%2f&c=12022099883805402864&mkt=en-au","","https://www.nrl.com/news/2026/05/20/rabbitoh-jai-arrow-jai-arrow-announces-retirement-on-medical-grounds/","false","Rabbitohs forward Jai Arrow has announced his immediate retirement from the NRL on medical grounds following a diagnosis of Motor Neurone Disease (MND). The Rabbitohs released a statement on Wednesday ..."
"sou","South Sydney Rabbitohs","David Fifita","backup_baseline","1","geelongadvertiser.com.au","30","money|contract_language|exact_player_name","true","Geelong Advertiser","Wed, 13 Nov 2019 12:00:00 GMT","player_focused_candidate_needs_article_review","Broncos, David Fifita set to cash in on Bali saga","https://www.geelongadvertiser.com.au/sport/broncos-to-cash-in-on-david-fifita-bali-saga-with-monster-contract-offer/news-story/2caaae6560761c77f64e4453d74910fb","http://www.bing.com/news/apiclick.aspx?ref=FexRss&aid=&tid=6a52f66a01264e78934e82058bc13116&url=https%3a%2f%2fwww.geelongadvertiser.com.au%2fsport%2fbroncos-to-cash-in-on-david-fifita-bali-saga-with-monster-contract-offer%2fnews-story%2f2caaae6560761c77f64e4453d74910fb&c=2602865174212119728&mkt=en-au","","https://www.geelongadvertiser.com.au/sport/broncos-to-cash-in-on-david-fifita-bali-saga-with-monster-contract-offer/news-story/2caaae6560761c77f64e4453d74910fb","false","The Courier-Mail can reveal the Broncos are on the cusp of making Fifita a contract extension offer worth $750,000-a-season, with a four-year term under consideration. Fifita, 19, would become the ..."
"sou","South Sydney Rabbitohs","David Fifita","backup_baseline","2","townsvillebulletin.com.au","30","contract_language|news_corp_reporting|exact_player_name","true","Townsville Bulletin","Wed, 23 Oct 2019 10:56:00 GMT","player_focused_candidate_needs_article_review","Roosters and Rabbitohs in battle to sign David Fifita","https://www.townsvillebulletin.com.au/sport/roosters-and-rabbitohs-in-battle-to-sign-david-fifita/news-story/f06d8828773826188137de111f1bfb9f","http://www.bing.com/news/apiclick.aspx?ref=FexRss&aid=&tid=6a52f66a01264e78934e82058bc13116&url=https%3a%2f%2fwww.townsvillebulletin.com.au%2fsport%2froosters-and-rabbitohs-in-battle-to-sign-david-fifita%2fnews-story%2ff06d8828773826188137de111f1bfb9f&c=5543446519652483733&mkt=en-au","","https://www.townsvillebulletin.com.au/sport/roosters-and-rabbitohs-in-battle-to-sign-david-fifita/news-story/f06d8828773826188137de111f1bfb9f","false","The Daily Telegraph can reveal the Roosters would use money from the retirement of champion halfback Cooper Cronk to lure the teenager to Bondi. The Rabbitohs have the cap space from the expected ..."
"sou","South Sydney Rabbitohs","David Fifita","backup_baseline","3","au.sports.yahoo.com","4","contract_language|context_or_team_article","false","Yahoo Sport Australia","Thu, 07 May 2026 17:00:00 GMT","team_or_context_candidate_needs_article_review","The SEVEN current best value for money contracts in the NRL","https://au.sports.yahoo.com/seven-current-best-value-money-214941645.html","http://www.bing.com/news/apiclick.aspx?ref=FexRss&aid=&tid=6a52f66e12374098b092c3532e2b0787&url=https%3a%2f%2fau.sports.yahoo.com%2fseven-current-best-value-money-214941645.html&c=14537114608194793438&mkt=en-au","","https://au.sports.yahoo.com/seven-current-best-value-money-214941645.html","false","The beauty of the salary cap is that it is supposed to level the playing field for all NRL teams. There is enough space for stars, but not multiple, meaning rosters need to be carefully crafted so ..."
"sou","South Sydney Rabbitohs","Cameron Murray","backup_baseline","1","themercury.com.au","4","contract_language|context_or_team_article","false","The Mercury","Sat, 03 Apr 2021 10:28:00 GMT","team_or_context_candidate_needs_article_review","NRL 2021: Adam Reynolds contract, Rabbitohs lead calls for salary cap revamp","https://www.themercury.com.au/sport/nrl/nrl-2021-adam-reynolds-contract-rabbitohs-lead-calls-for-salary-cap-revamp/news-story/4ad2423dd5dda60c202351b0361c2d55","http://www.bing.com/news/apiclick.aspx?ref=FexRss&aid=&tid=6a52f66fae3e425c82f097263a92077f&url=https%3a%2f%2fwww.themercury.com.au%2fsport%2fnrl%2fnrl-2021-adam-reynolds-contract-rabbitohs-lead-calls-for-salary-cap-revamp%2fnews-story%2f4ad2423dd5dda60c202351b0361c2d55&c=10250100085422151221&mkt=en-au","","https://www.themercury.com.au/sport/nrl/nrl-2021-adam-reynolds-contract-rabbitohs-lead-calls-for-salary-cap-revamp/news-story/4ad2423dd5dda60c202351b0361c2d55","false","As the Rabbitohs prepare to sit down with Adam Reynolds to sort out his future, the club has called for greater salary cap concessions for producing long-term players. Reynolds and the Rabbitohs have ..."
"sou","South Sydney Rabbitohs","Tallis Duncan","backup_baseline","","","","","","","","no_candidate_found","","","","","","",""
"sou","South Sydney Rabbitohs","Euan Aitken","backup_baseline","","","","","","","","no_candidate_found","","","","","","",""
"sou","South Sydney Rabbitohs","Peter Mamouzelos","backup_baseline","1","au.sports.yahoo.com","27","contract_language|exact_player_name","true","Yahoo Sports Australia","Tue, 30 Jun 2026 20:58:00 GMT","player_focused_candidate_needs_article_review","Peter Mamouzelos nears early Rabbitohs exit as future plans revealed","https://au.sports.yahoo.com/peter-mamouzelos-nears-early-rabbitohs-035822567.html","http://www.bing.com/news/apiclick.aspx?ref=FexRss&aid=&tid=6a52f6837c7f4899bef5fa806329e30f&url=https%3a%2f%2fau.sports.yahoo.com%2fpeter-mamouzelos-nears-early-rabbitohs-035822567.html&c=11812873356982110083&mkt=en-au","","https://au.sports.yahoo.com/peter-mamouzelos-nears-early-rabbitohs-035822567.html","false","South Sydney Rabbitohs dummy half Peter Mamouzelos might have a year to run on his contract at Maroubra, but it appears he will be released early after falling out of favour with Wayne Bennett, with a ..."
"sou","South Sydney Rabbitohs","Peter Mamouzelos","backup_baseline","2","zerotackle.com","24","exact_player_name","true","Zero Tackle","Tue, 30 Jun 2026 17:30:00 GMT","player_focused_candidate_needs_article_review","Peter Mamouzelos nears early Rabbitohs exit as future plans revealed","https://www.zerotackle.com/peter-mamouzelos-nears-early-rabbitohs-exit-as-future-plans-revealed-235463/","http://www.bing.com/news/apiclick.aspx?ref=FexRss&aid=&tid=6a52f687df23421aa8ba850689c20e6b&url=https%3a%2f%2fwww.zerotackle.com%2fpeter-mamouzelos-nears-early-rabbitohs-exit-as-future-plans-revealed-235463%2f&c=2072828751492266585&mkt=en-au","","https://www.zerotackle.com/peter-mamouzelos-nears-early-rabbitohs-exit-as-future-plans-revealed-235463/","false","Reports now from Wide of World Sports' The Mole now suggest he is set to depart at the end of this season, gaining an early release to spend a year in the English Super League under former Rabbitohs ..."
"sou","South Sydney Rabbitohs","Sean Keppie","backup_baseline","1","au.sports.yahoo.com","23","contract_language|exact_player_name","true","Yahoo Sports Australia","Thu, 02 Jul 2026 19:30:00 GMT","player_focused_candidate_needs_article_review","Rabbitohs forward inks multi-year extension","https://au.sports.yahoo.com/rabbitohs-forward-inks-multi-extension-023032446.html","http://www.bing.com/news/apiclick.aspx?ref=FexRss&aid=&tid=6a52f68871fe4fd9a71d68752c645dae&url=https%3a%2f%2fau.sports.yahoo.com%2frabbitohs-forward-inks-multi-extension-023032446.html&c=16693136742979579123&mkt=en-au","","https://au.sports.yahoo.com/rabbitohs-forward-inks-multi-extension-023032446.html","false","The South Sydney Rabbitohs are on the verge of re-signing forward Sean Keppie for a further two seasons. Keppie's contract was due to expire at the end of this season, but reports from theDaily ..."
"sou","South Sydney Rabbitohs","Ashton Ward","bucket_unknown","1","au.sports.yahoo.com","23","contract_language|exact_player_name","true","Yahoo Sports Australia","Wed, 01 Jul 2026 14:25:00 GMT","player_focused_candidate_needs_article_review","Rabbitohs rising star gains contract promotion","https://au.sports.yahoo.com/rabbitohs-rising-star-gains-contract-212525582.html","http://www.bing.com/news/apiclick.aspx?ref=FexRss&aid=&tid=6a52f68f93af4e5d9d81fc6ef910b7e4&url=https%3a%2f%2fau.sports.yahoo.com%2frabbitohs-rising-star-gains-contract-212525582.html&c=4764174904756785018&mkt=en-au","","https://au.sports.yahoo.com/rabbitohs-rising-star-gains-contract-212525582.html","false","Rising South Sydney Rabbitohs young gun Ashton Ward has had his contract promoted to join the club's Top 30. Ward debuted in the middle of 2025 off a NSW Cup deal as the Rabbitohs dealt with a ..."
"sou","South Sydney Rabbitohs","Ashton Ward","bucket_unknown","2","zerotackle.com","23","contract_language|exact_player_name","true","Zero Tackle","Wed, 01 Jul 2026 14:36:00 GMT","player_focused_candidate_needs_article_review","Rabbitohs rising star gains contract promotion","https://www.zerotackle.com/rabbitohs-rising-star-gains-contract-promotion-235470/","http://www.bing.com/news/apiclick.aspx?ref=FexRss&aid=&tid=6a52f692c720430f93aa958f07f1b8c3&url=https%3a%2f%2fwww.zerotackle.com%2frabbitohs-rising-star-gains-contract-promotion-235470%2f&c=5053957244146595617&mkt=en-au","","https://www.zerotackle.com/rabbitohs-rising-star-gains-contract-promotion-235470/","false","Rising South Sydney Rabbitohs young gun Ashton Ward has had his contract promoted to join the club's Top 30. Ward debuted in the middle of 2025 off a NSW Cup deal as the Rabbitohs dealt with a ..."
"sou","South Sydney Rabbitohs","Adam Elliott","bucket_unknown","","","","","","","","no_candidate_found","","","","","","",""
"sou","South Sydney Rabbitohs","Bronson Carlick","bucket_unknown","","","","","","","","no_candidate_found","","","","","","",""
"sou","South Sydney Rabbitohs","Ed Kosi","bucket_unknown","","","","","","","","no_candidate_found","","","","","","",""
"sou","South Sydney Rabbitohs","Isaiah Tass","bucket_unknown","","","","","","","","no_candidate_found","","","","","","",""
"sou","South Sydney Rabbitohs","Jayden Sullivan","bucket_unknown","","","","","","","","no_candidate_found","","","","","","",""
"sou","South Sydney Rabbitohs","Jonah Glover","bucket_unknown","","","","","","","","no_candidate_found","","","","","","",""
"sou","South Sydney Rabbitohs","Lachie Hubner","bucket_unknown","","","","","","","","no_candidate_found","","","","","","",""
"sou","South Sydney Rabbitohs","Liam Le Blanc","bucket_unknown","","","","","","","","no_candidate_found","","","","","","",""
"sou","South Sydney Rabbitohs","Max McCarthy","bucket_unknown","","","","","","","","no_candidate_found","","","","","","",""
"sou","South Sydney Rabbitohs","Thomas Fletcher","bucket_unknown","","","","","","","","no_candidate_found","","","","","","",""
"sou","South Sydney Rabbitohs","Tyrone Munro","bucket_unknown","1","au.sports.yahoo.com","24","exact_player_name","true","Yahoo Sport Australia","Tue, 23 Jun 2026 07:47:00 GMT","player_focused_candidate_needs_article_review","Tyrone Munro set to miss remainder of NRL season","https://au.sports.yahoo.com/tyrone-munro-set-miss-remainder-214716704.html","http://www.bing.com/news/apiclick.aspx?ref=FexRss&aid=&tid=6a52f6d35fc74a0ebf860a6af7081df5&url=https%3a%2f%2fau.sports.yahoo.com%2ftyrone-munro-set-miss-remainder-214716704.html&c=2385757096168811187&mkt=en-au","","https://au.sports.yahoo.com/tyrone-munro-set-miss-remainder-214716704.html","false","South Sydney Rabbitohs winger Tyrone Munro is set to remain stood down from playing for the remainder of the year after his latest hearing was postponed until next year. Under the NRL's no-fault ..."
"sti","St George Illawarra Dragons","Clint Gutherson","backup_baseline","1","themercury.com.au","24","exact_player_name","true","The Mercury","Thu, 09 May 2019 12:50:00 GMT","player_focused_candidate_needs_article_review","After 168 days of negotiations Parramatta and Clint Gutherson are still far from agreement","https://www.themercury.com.au/sport/nrl/after-168-days-of-negotiations-parramatta-and-clint-gutherson-are-still-far-from-agreement/news-story/ccb129a23c7eb921dbed1a7f28f207fc","http://www.bing.com/news/apiclick.aspx?ref=FexRss&aid=&tid=6a52f6da698a476b831bcf80acf50c2b&url=https%3a%2f%2fwww.themercury.com.au%2fsport%2fnrl%2fafter-168-days-of-negotiations-parramatta-and-clint-gutherson-are-still-far-from-agreement%2fnews-story%2fccb129a23c7eb921dbed1a7f28f207fc&c=6697322052399257034&mkt=en-au","","https://www.themercury.com.au/sport/nrl/after-168-days-of-negotiations-parramatta-and-clint-gutherson-are-still-far-from-agreement/news-story/ccb129a23c7eb921dbed1a7f28f207fc","false","The 168-day negotiations over Parramatta star Clint Gutherson continued without a resolution after Eels general manager of football Mark O’Neill met with the full-back’s agent, Sam Ayoub. The Daily ..."
"sti","St George Illawarra Dragons","Christian Tuipulotu","backup_baseline","","","","","","","","no_candidate_found","","","","","","",""
"sti","St George Illawarra Dragons","Moses Suli","backup_baseline","1","dailytelegraph.com.au","30","contract_language|exact_player_name","true","The Daily Telegraph","Wed, 03 Jun 2026 06:10:00 GMT","player_focused_candidate_needs_article_review","Moses Suli granted permission to leave Dragons as Red V’s roster overhaul continues","https://www.dailytelegraph.com.au/sport/nrl/moses-suli-granted-permission-to-leave-dragons-as-red-vs-roster-overhaul-continues/news-story/916621cabdacf7d6a570af9600ba4508","http://www.bing.com/news/apiclick.aspx?ref=FexRss&aid=&tid=6a52f6e6dd6e4da086577953772a98ba&url=https%3a%2f%2fwww.dailytelegraph.com.au%2fsport%2fnrl%2fmoses-suli-granted-permission-to-leave-dragons-as-red-vs-roster-overhaul-continues%2fnews-story%2f916621cabdacf7d6a570af9600ba4508&c=15833127068322068725&mkt=en-au","","https://www.dailytelegraph.com.au/sport/nrl/moses-suli-granted-permission-to-leave-dragons-as-red-vs-roster-overhaul-continues/news-story/916621cabdacf7d6a570af9600ba4508","false","It is understood that Suli has been told he is free to leave the club despite having 12 months left on his contract. The Tongan international has been a mainstay since joining the Dragons in 2022 ..."
"sti","St George Illawarra Dragons","Moses Suli","backup_baseline","2","themercury.com.au","24","exact_player_name","true","The Mercury","Tue, 02 Jun 2020 09:41:00 GMT","player_focused_candidate_needs_article_review","Manly to re-sign powerful centre Moses Suli in blow to St George Illawarra Dragons","https://www.themercury.com.au/sport/manly-to-resign-powerful-centre-moses-suli-in-blow-to-st-george-illawarra-dragons/news-story/b749dcb893319e87cc346a27c128e9b6","http://www.bing.com/news/apiclick.aspx?ref=FexRss&aid=&tid=6a52f6e6dd6e4da086577953772a98ba&url=https%3a%2f%2fwww.themercury.com.au%2fsport%2fmanly-to-resign-powerful-centre-moses-suli-in-blow-to-st-george-illawarra-dragons%2fnews-story%2fb749dcb893319e87cc346a27c128e9b6&c=15037282082882634937&mkt=en-au","","https://www.themercury.com.au/sport/manly-to-resign-powerful-centre-moses-suli-in-blow-to-st-george-illawarra-dragons/news-story/b749dcb893319e87cc346a27c128e9b6","false","St George Illawarra were set to make Manly powerhouse Moses Suli among the best-paid centres in the game. But in the latest blow to the NRL basket case, he’s given them a trademark fend. Suli, 21, was ..."
"sti","St George Illawarra Dragons","Valentine Holmes","backup_baseline","1","adelaidenow.com.au","27","money|exact_player_name","true","Adelaide Now","Tue, 23 Jun 2026 18:15:00 GMT","player_focused_candidate_needs_article_review","Valentine Holmes’ ‘strange’ $2.4m call amid Dragons pursuit and Roosters approach","https://www.adelaidenow.com.au/sport/nrl/valentine-holmes-strange-24m-call-amid-dragons-pursuit-and-roosters-approach/news-story/eb3e03dd1887187cfa3e52a60aa7a664","http://www.bing.com/news/apiclick.aspx?ref=FexRss&aid=&tid=6a52f6ed39fd4c9cb29b78e96a719528&url=https%3a%2f%2fwww.adelaidenow.com.au%2fsport%2fnrl%2fvalentine-holmes-strange-24m-call-amid-dragons-pursuit-and-roosters-approach%2fnews-story%2feb3e03dd1887187cfa3e52a60aa7a664&c=1552259407172286232&mkt=en-au","","https://www.adelaidenow.com.au/sport/nrl/valentine-holmes-strange-24m-call-amid-dragons-pursuit-and-roosters-approach/news-story/eb3e03dd1887187cfa3e52a60aa7a664","false","North Queensland powerbrokers gave the Maroons gun permission to negotiate with rivals in recent weeks, despite making it clear they’d like to retain his services. Holmes will enter the final year of ..."
"sti","St George Illawarra Dragons","Valentine Holmes","backup_baseline","2","au.sports.yahoo.com","4","contract_language|context_or_team_article","false","Yahoo Sport Australia","Mon, 08 Jun 2026 17:00:00 GMT","team_or_context_candidate_needs_article_review","The EIGHT current worst value for money contracts in the NRL","https://au.sports.yahoo.com/eight-current-worst-value-money-203100385.html","http://www.bing.com/news/apiclick.aspx?ref=FexRss&aid=&tid=6a52f6f103874269ab32e28d26934334&url=https%3a%2f%2fau.sports.yahoo.com%2feight-current-worst-value-money-203100385.html&c=17264841661166123321&mkt=en-au","","https://au.sports.yahoo.com/eight-current-worst-value-money-203100385.html","false","There's nothing more disappointing in rugby league than knowing your club is paying a player far too much than they deserve, wasting salary cap space. While some clubs are extracting maximum value ..."
"sti","St George Illawarra Dragons","Setu Tu","backup_baseline","","","","","","","","no_candidate_found","","","","","","",""
"sti","St George Illawarra Dragons","Kyle Flanagan","backup_baseline","","","","","","","","no_candidate_found","","","","","","",""
"sti","St George Illawarra Dragons","Daniel Atkinson","backup_baseline","1","theaustralian.com.au","7","money|contract_language|context_or_team_article","false","The Australian","Thu, 14 May 2026 11:45:00 GMT","team_or_context_candidate_needs_article_review","Luke Metcalf agrees to join St George Illawarra Dragons on three-year deal","https://www.theaustralian.com.au/sport/nrl/dragons-in-box-seat-to-sign-luke-metcalf-as-canterbury-pulls-out/news-story/40c8d2814940c3fe3ea1ea9da6178d64","http://www.bing.com/news/apiclick.aspx?ref=FexRss&aid=&tid=6a52f700022b4f8cba670a6097ea2c1e&url=https%3a%2f%2fwww.theaustralian.com.au%2fsport%2fnrl%2fdragons-in-box-seat-to-sign-luke-metcalf-as-canterbury-pulls-out%2fnews-story%2f40c8d2814940c3fe3ea1ea9da6178d64&c=11255004434151949809&mkt=en-au","","https://www.theaustralian.com.au/sport/nrl/dragons-in-box-seat-to-sign-luke-metcalf-as-canterbury-pulls-out/news-story/40c8d2814940c3fe3ea1ea9da6178d64","false","It is understood Metcalf has agreed to a three-year contract worth about $900,000 a season as the Dragons look to fast-trick their rise from the bottom of the premiership ladder. Metcalf flew to ..."
"sti","St George Illawarra Dragons","Emre Guler","backup_baseline","1","7news.com.au","7","money|contract_language|context_or_team_article","false","7NEWS Australia","Fri, 28 Oct 2022 02:27:00 GMT","team_or_context_candidate_needs_article_review","Ultimate NRL free agency preview: Your club’s out-of-contract stars and where they could end up","https://7news.com.au/sport/rugby-league/ultimate-nrl-free-agency-preview-your-clubs-out-of-contract-stars-and-where-they-could-end-up-c-8677336","http://www.bing.com/news/apiclick.aspx?ref=FexRss&aid=&tid=6a52f70abd884d738a33483a27379ceb&url=https%3a%2f%2f7news.com.au%2fsport%2frugby-league%2fultimate-nrl-free-agency-preview-your-clubs-out-of-contract-stars-and-where-they-could-end-up-c-8677336&c=143273184193222445&mkt=en-au","","https://7news.com.au/sport/rugby-league/ultimate-nrl-free-agency-preview-your-clubs-out-of-contract-stars-and-where-they-could-end-up-c-8677336","false","Over $50 million worth of player talent will be free to negotiate with clubs for season 2024 and beyond when the NRL free agency period begins on November 1. Latrell Mitchell, Mit ..."
"sti","St George Illawarra Dragons","Damien Cook","backup_baseline","","","","","","","","no_candidate_found","","","","","","",""
"sti","St George Illawarra Dragons","Toby Couchman","backup_baseline","","","","","","","","no_candidate_found","","","","","","",""
"sti","St George Illawarra Dragons","Luciano Leilua","backup_baseline","1","ntnews.com.au","30","money|contract_language|exact_player_name","true","Northern Territory News","Wed, 20 Oct 2021 11:44:00 GMT","player_focused_candidate_needs_article_review","NRL transfer news: Luciano Leilua price tag to hit $3 million as Wests Tigers hesitate on big deal","https://www.ntnews.com.au/sport/nrl/nrl-transfer-news-wests-tigers-eye-api-koroisau-as-josh-hodgson-move-stalls/news-story/acda014827cb955d78a2bc1c7c786275","http://www.bing.com/news/apiclick.aspx?ref=FexRss&aid=&tid=6a52f719d5e6421c8758a89b6417d49d&url=https%3a%2f%2fwww.ntnews.com.au%2fsport%2fnrl%2fnrl-transfer-news-wests-tigers-eye-api-koroisau-as-josh-hodgson-move-stalls%2fnews-story%2facda014827cb955d78a2bc1c7c786275&c=16004928746983891735&mkt=en-au","","https://www.ntnews.com.au/sport/nrl/nrl-transfer-news-wests-tigers-eye-api-koroisau-as-josh-hodgson-move-stalls/news-story/acda014827cb955d78a2bc1c7c786275","false","Wests Tigers forward Luciano Leilua has been waiting 10 weeks for Wests Tigers to nail down a contract upgrade, yet time is almost up on re-signing the big Samoan. Due to a series of delays, Wests ..."
"sti","St George Illawarra Dragons","Luciano Leilua","backup_baseline","2","dailytelegraph.com.au","30","contract_language|exact_player_name","true","Daily Telegraph","Sun, 05 Jul 2026 14:22:00 GMT","player_focused_candidate_needs_article_review","Warriors reward veteran half with contract extension; Dragons star Luciano Leilua quits NRL","https://www.dailytelegraph.com.au/sport/nrl/luciano-leilua-quits-nrl-as-dragons-massive-roster-overhaul-continues/news-story/de58edb5ea1fac9f5d36c141faa5bc96","http://www.bing.com/news/apiclick.aspx?ref=FexRss&aid=&tid=6a52f719d5e6421c8758a89b6417d49d&url=https%3a%2f%2fwww.dailytelegraph.com.au%2fsport%2fnrl%2fluciano-leilua-quits-nrl-as-dragons-massive-roster-overhaul-continues%2fnews-story%2fde58edb5ea1fac9f5d36c141faa5bc96&c=1380448075555349708&mkt=en-au","","https://www.dailytelegraph.com.au/sport/nrl/luciano-leilua-quits-nrl-as-dragons-massive-roster-overhaul-continues/news-story/de58edb5ea1fac9f5d36c141faa5bc96","false","The Warriors have rewarded halfback Te Maire Martin for sustaining the club’s march to the finals despite injury adversity in their halves."
"sti","St George Illawarra Dragons","Luciano Leilua","backup_baseline","3","ntnews.com.au","27","contract_language|exact_player_name","true","NT News","Sun, 05 Jul 2026 05:59:00 GMT","player_focused_candidate_needs_article_review","Luciano Leilua quits NRL as Dragons’ massive roster overhaul continues","https://www.ntnews.com.au/sport/nrl/luciano-leilua-quits-nrl-as-dragons-massive-roster-overhaul-continues/news-story/de58edb5ea1fac9f5d36c141faa5bc96","http://www.bing.com/news/apiclick.aspx?ref=FexRss&aid=&tid=6a52f719605f47c897abeb90d028e162&url=https%3a%2f%2fwww.ntnews.com.au%2fsport%2fnrl%2fluciano-leilua-quits-nrl-as-dragons-massive-roster-overhaul-continues%2fnews-story%2fde58edb5ea1fac9f5d36c141faa5bc96&c=18070205609048558758&mkt=en-au","","https://www.ntnews.com.au/sport/nrl/luciano-leilua-quits-nrl-as-dragons-massive-roster-overhaul-continues/news-story/de58edb5ea1fac9f5d36c141faa5bc96","false","The NRL’s growing departure lounge to the Super League continues with Dragons back-rower Luciano Leilua the latest to secure a long-term deal to join Catalans Dragons."
"sti","St George Illawarra Dragons","Luciano Leilua","backup_baseline","4","themercury.com.au","27","contract_language|exact_player_name","true","The Mercury","Mon, 18 Nov 2019 05:24:00 GMT","player_focused_candidate_needs_article_review","St George Illawarra Dragons lose Luciano Leilua to Wests Tigers","https://www.themercury.com.au/sport/nrl/st-george-illawarra-dragons-lose-luciano-leilua-to-wests-tigers/news-story/3376476531ec8f97cf9a986389113907","http://www.bing.com/news/apiclick.aspx?ref=FexRss&aid=&tid=6a52f719d5e6421c8758a89b6417d49d&url=https%3a%2f%2fwww.themercury.com.au%2fsport%2fnrl%2fst-george-illawarra-dragons-lose-luciano-leilua-to-wests-tigers%2fnews-story%2f3376476531ec8f97cf9a986389113907&c=10984703642551576220&mkt=en-au","","https://www.themercury.com.au/sport/nrl/st-george-illawarra-dragons-lose-luciano-leilua-to-wests-tigers/news-story/3376476531ec8f97cf9a986389113907","false","Latrell Mitchell isn’t the only player on the Wests Tigers’ radar with the club raiding rivals St George Illawarra to sign one of their star players on a multi-year deal. As the club continues its ..."
"sti","St George Illawarra Dragons","Luciano Leilua","backup_baseline","5","au.sports.yahoo.com","27","contract_language|exact_player_name","true","Yahoo Sport Australia","Sun, 31 May 2026 17:00:00 GMT","player_focused_candidate_needs_article_review","Luciano Leilua reveals contract plan, retirement questions","https://au.sports.yahoo.com/luciano-leilua-reveals-contract-plan-204335681.html","http://www.bing.com/news/apiclick.aspx?ref=FexRss&aid=&tid=6a52f71bc5e443c083107ba76598e7ab&url=https%3a%2f%2fau.sports.yahoo.com%2fluciano-leilua-reveals-contract-plan-204335681.html&c=9511204434492696368&mkt=en-au","","https://au.sports.yahoo.com/luciano-leilua-reveals-contract-plan-204335681.html","false","St George Illawarra Dragons second-rower Luciano Leilua has revealed he wants to remain at the club beyond 2026, having at one point considered retirement. The forward's form in 2025 was poor, but a ..."
"sti","St George Illawarra Dragons","Jaydn Su'A","backup_baseline","1","dailytelegraph.com.au","4","context_or_team_article","false","The Daily Telegraph","Fri, 22 May 2026 07:37:00 GMT","team_or_context_candidate_needs_article_review","NRL Late Mail Round 12: Jaydn Su’A suffers calf injury, Jacob Kiraz to move to fullback","https://www.dailytelegraph.com.au/sport/nrl/supercoach-news/nrl-late-mail-round-12-dolphins-blow-as-herbie-farnworth-ruled-out-with-tightness/news-story/77cb12186029436e1a17fd975af3b876","http://www.bing.com/news/apiclick.aspx?ref=FexRss&aid=&tid=6a52f71f107d41b3bb840f07f8f40912&url=https%3a%2f%2fwww.dailytelegraph.com.au%2fsport%2fnrl%2fsupercoach-news%2fnrl-late-mail-round-12-dolphins-blow-as-herbie-farnworth-ruled-out-with-tightness%2fnews-story%2f77cb12186029436e1a17fd975af3b876&c=1516096620893354357&mkt=en-au","","https://www.dailytelegraph.com.au/sport/nrl/supercoach-news/nrl-late-mail-round-12-dolphins-blow-as-herbie-farnworth-ruled-out-with-tightness/news-story/77cb12186029436e1a17fd975af3b876","false","Jaydn Su’A looks set for another long-term stint on the sidelines - with a fresh injury coming immediately on the back of a lengthy suspension. Plus, Jacob Kiraz returns in a new role for the Dogs. Su ..."
"sti","St George Illawarra Dragons","Jaydn Su'A","backup_baseline","2","foxsports.com.au","3","context_or_team_article","false","Fox Sports","Thu, 11 Jun 2026 03:15:00 GMT","team_or_context_candidate_needs_article_review","Star’s Dragons career over as surgery booked; ‘p*ssed off’ Dogs flyer’s reveal — NRL Daily","https://www.foxsports.com.au/nrl/nrl-premiership/nrl-2026-trai-fuller-inks-new-contract-with-dolphins-until-2027-sharks-fullback-william-kennedy-opens-up-on-new-deal-and-longterm-future-nrl-news-nrl-daily/news-story/ae9a17c6f57dfd68cbc1f1d1c4894b09","http://www.bing.com/news/apiclick.aspx?ref=FexRss&aid=&tid=6a52f720d6bd443db4066ff2d72fb853&url=https%3a%2f%2fwww.foxsports.com.au%2fnrl%2fnrl-premiership%2fnrl-2026-trai-fuller-inks-new-contract-with-dolphins-until-2027-sharks-fullback-william-kennedy-opens-up-on-new-deal-and-longterm-future-nrl-news-nrl-daily%2fnews-story%2fae9a17c6f57dfd68cbc1f1d1c4894b09&c=9900475515752759270&mkt=en-au","","https://www.foxsports.com.au/nrl/nrl-premiership/nrl-2026-trai-fuller-inks-new-contract-with-dolphins-until-2027-sharks-fullback-william-kennedy-opens-up-on-new-deal-and-longterm-future-nrl-news-nrl-daily/news-story/ae9a17c6f57dfd68cbc1f1d1c4894b09","false","WHAT'S GAMBLING REALLY COSTING YOU? Set a deposit limit. For Free and confidential support call 1800 858 858 or visit gamblinghelponline.org.au. CODE Sports reported that Su’A would have surgery on ..."
"sti","St George Illawarra Dragons","Hamish Stewart","backup_baseline","","","","","","","","no_candidate_found","","","","","","",""
"sti","St George Illawarra Dragons","Jacob Liddle","backup_baseline","","","","","","","","no_candidate_found","","","","","","",""
"sti","St George Illawarra Dragons","Josh Kerr","backup_baseline","","","","","","","","no_candidate_found","","","","","","",""
"sti","St George Illawarra Dragons","Dylan Egan","backup_baseline","","","","","","","","no_candidate_found","","","","","","",""
"sti","St George Illawarra Dragons","Ryan Couchman","backup_baseline","","","","","","","","no_candidate_found","","","","","","",""
"sti","St George Illawarra Dragons","Hame Sele","bucket_unknown","1","7news.com.au","7","money|contract_language|context_or_team_article","false","7NEWS Australia","Fri, 28 Oct 2022 02:27:00 GMT","team_or_context_candidate_needs_article_review","Ultimate NRL free agency preview: Your club’s out-of-contract stars and where they could end up","https://7news.com.au/sport/rugby-league/ultimate-nrl-free-agency-preview-your-clubs-out-of-contract-stars-and-where-they-could-end-up-c-8677336","http://www.bing.com/news/apiclick.aspx?ref=FexRss&aid=&tid=6a52f74a819c46cbb1f81a6c10220a41&url=https%3a%2f%2f7news.com.au%2fsport%2frugby-league%2fultimate-nrl-free-agency-preview-your-clubs-out-of-contract-stars-and-where-they-could-end-up-c-8677336&c=143273184193222445&mkt=en-au","","https://7news.com.au/sport/rugby-league/ultimate-nrl-free-agency-preview-your-clubs-out-of-contract-stars-and-where-they-could-end-up-c-8677336","false","Over $50 million worth of player talent will be free to negotiate with clubs for season 2024 and beyond when the NRL free agency period begins on November 1. Latrell Mitchell, Mit ..."
"sti","St George Illawarra Dragons","Mat Feagai","bucket_unknown","","","","","","","","no_candidate_found","","","","","","",""
"sti","St George Illawarra Dragons","Lyhkan King-Togia","bucket_unknown","","","","","","","","no_candidate_found","","","","","","",""
"sti","St George Illawarra Dragons","Loko Pasifiki-Tonga","bucket_unknown","","","","","","","","no_candidate_found","","","","","","",""
"sti","St George Illawarra Dragons","Tyrell Sloan","bucket_unknown","1","zerotackle.com","27","contract_language|exact_player_name","true","Zero Tackle","Fri, 03 Jul 2026 21:06:00 GMT","player_focused_candidate_needs_article_review","Tyrell Sloan’s new contract revealed as he is set to depart Illawarra","https://www.zerotackle.com/tyrelll-sloan-new-contracted-confirmed-235516/","http://www.bing.com/news/apiclick.aspx?ref=FexRss&aid=&tid=6a52f76115144c878fcfd267ad6e8fa0&url=https%3a%2f%2fwww.zerotackle.com%2ftyrelll-sloan-new-contracted-confirmed-235516%2f&c=8396210334692889137&mkt=en-au","","https://www.zerotackle.com/tyrelll-sloan-new-contracted-confirmed-235516/","false","Tyrell Sloan's future has officially been decided, with the St George Illawarra Dragons outside back set to continue his career in the English Super League from 2027. The 24-year-old has signed a ..."
"sti","St George Illawarra Dragons","Tyrell Sloan","bucket_unknown","2","dailytelegraph.com.au","27","exact_player_name","true","The Daily Telegraph","Sat, 06 Jun 2026 04:20:00 GMT","player_focused_candidate_needs_article_review","Castleford targets Dragons star Tyrell Sloan for Super League move","https://www.dailytelegraph.com.au/sport/nrl/castleford-targets-dragons-star-tyrell-sloan-for-super-league-move/news-story/dcf9cb91c50fc000af55a2880a918211","http://www.bing.com/news/apiclick.aspx?ref=FexRss&aid=&tid=6a52f762b13d433bb1fc6b0e39881b56&url=https%3a%2f%2fwww.dailytelegraph.com.au%2fsport%2fnrl%2fcastleford-targets-dragons-star-tyrell-sloan-for-super-league-move%2fnews-story%2fdcf9cb91c50fc000af55a2880a918211&c=11140283784674556992&mkt=en-au","","https://www.dailytelegraph.com.au/sport/nrl/castleford-targets-dragons-star-tyrell-sloan-for-super-league-move/news-story/dcf9cb91c50fc000af55a2880a918211","false","Sloan also has interest from within the NRL, but it’s the English Super League club that are eager to lure the exciting 24-year-old to the UK. Castleford are coached by former Dragons assistant coach ..."
"sti","St George Illawarra Dragons","Tyrell Sloan","bucket_unknown","3","thechronicle.com.au","20","exact_player_name","true","The Chronicle","Fri, 03 Jul 2026 16:26:00 GMT","context_only_untrusted_domain","Dragons speedster Tyrell Sloan set to join teammates Damien Cook and Matt Feagai in the English Super League.","https://www.thechronicle.com.au/sport/nrl/dragons-speedster-tyrell-sloan-set-to-join-teammates-damien-cook-and-matt-feagai-in-the-english-super-league/news-story/6cb6dbd308a0c4971e951460b76ea1fe","http://www.bing.com/news/apiclick.aspx?ref=FexRss&aid=&tid=6a52f76115144c878fcfd267ad6e8fa0&url=https%3a%2f%2fwww.thechronicle.com.au%2fsport%2fnrl%2fdragons-speedster-tyrell-sloan-set-to-join-teammates-damien-cook-and-matt-feagai-in-the-english-super-league%2fnews-story%2f6cb6dbd308a0c4971e951460b76ea1fe&c=1885862611346361924&mkt=en-au","","https://www.thechronicle.com.au/sport/nrl/dragons-speedster-tyrell-sloan-set-to-join-teammates-damien-cook-and-matt-feagai-in-the-english-super-league/news-story/6cb6dbd308a0c4971e951460b76ea1fe","false","Castleford are coached by former Dragons assistant coach Ryan Carr, who has a strong relationship with Sloan. Sloan, who has scored 52 tries in 88 appearances has the potential to become a fan ..."
"sti","St George Illawarra Dragons","David Fale","bucket_unknown","","","","","","","","no_candidate_found","","","","","","",""
"sti","St George Illawarra Dragons","Blake Lawrie","bucket_unknown","1","7news.com.au","7","money|contract_language|context_or_team_article","false","7NEWS Australia","Fri, 28 Oct 2022 02:27:00 GMT","team_or_context_candidate_needs_article_review","Ultimate NRL free agency preview: Your club’s out-of-contract stars and where they could end up","https://7news.com.au/sport/rugby-league/ultimate-nrl-free-agency-preview-your-clubs-out-of-contract-stars-and-where-they-could-end-up-c-8677336","http://www.bing.com/news/apiclick.aspx?ref=FexRss&aid=&tid=6a52f772dec6466b9c8f4089766ceff2&url=https%3a%2f%2f7news.com.au%2fsport%2frugby-league%2fultimate-nrl-free-agency-preview-your-clubs-out-of-contract-stars-and-where-they-could-end-up-c-8677336&c=143273184193222445&mkt=en-au","","https://7news.com.au/sport/rugby-league/ultimate-nrl-free-agency-preview-your-clubs-out-of-contract-stars-and-where-they-could-end-up-c-8677336","false","Over $50 million worth of player talent will be free to negotiate with clubs for season 2024 and beyond when the NRL free agency period begins on November 1. Latrell Mitchell, Mit ..."
"sti","St George Illawarra Dragons","Hayden Buchanan","bucket_unknown","","","","","","","","no_candidate_found","","","","","","",""
"sti","St George Illawarra Dragons","Jacob Halangahu","bucket_unknown","","","","","","","","no_candidate_found","","","","","","",""
"sti","St George Illawarra Dragons","Leeroy Weatherall","bucket_unknown","","","","","","","","no_candidate_found","","","","","","",""
"sti","St George Illawarra Dragons","Nathan Lawson","bucket_unknown","","","","","","","","no_candidate_found","","","","","","",""
"sti","St George Illawarra Dragons","Nick Tsougranis","bucket_unknown","","","","","","","","no_candidate_found","","","","","","",""
"syd","Sydney Roosters","James Tedesco","backup_baseline","1","dailytelegraph.com.au","30","contract_language|exact_player_name","true","The Daily Telegraph","Wed, 03 Jun 2015 09:04:00 GMT","player_focused_candidate_needs_article_review","DCE decision: Greg Inglis, James Tedesco, Tim Moltzen and other NRL contract backflips","https://www.dailytelegraph.com.au/sport/nrl/dce-decision-greg-inglis-james-tedesco-tim-moltzen-and-other-nrl-contract-backflips/news-story/957549a1a232b5166efcb9736132e0f6","http://www.bing.com/news/apiclick.aspx?ref=FexRss&aid=&tid=6a52f79d093547a69dcd533f7ab689c8&url=https%3a%2f%2fwww.dailytelegraph.com.au%2fsport%2fnrl%2fdce-decision-greg-inglis-james-tedesco-tim-moltzen-and-other-nrl-contract-backflips%2fnews-story%2f957549a1a232b5166efcb9736132e0f6&c=1180059381611736483&mkt=en-au","","https://www.dailytelegraph.com.au/sport/nrl/dce-decision-greg-inglis-james-tedesco-tim-moltzen-and-other-nrl-contract-backflips/news-story/957549a1a232b5166efcb9736132e0f6","false","Now that the NRL has scrapped the controversial Round 13 rule, these backflips should become a thing of the past but as you can see, the DCE decision may have been the straw that broke the camels back ..."
"syd","Sydney Roosters","James Tedesco","backup_baseline","2","ntnews.com.au","27","contract_language|exact_player_name","true","Northern Territory News","Wed, 15 Feb 2017 11:30:00 GMT","player_focused_candidate_needs_article_review","James Tedesco set to sign NRL contract extension with Wests Tigers","https://www.ntnews.com.au/sport/nrl/james-tedesco-set-to-sign-nrl-contract-extension-with-wests-tigers/news-story/3f378140b39d1df6f9de7d12174d7cb6","http://www.bing.com/news/apiclick.aspx?ref=FexRss&aid=&tid=6a52f79cb5b2440eb79de99cf2882917&url=https%3a%2f%2fwww.ntnews.com.au%2fsport%2fnrl%2fjames-tedesco-set-to-sign-nrl-contract-extension-with-wests-tigers%2fnews-story%2f3f378140b39d1df6f9de7d12174d7cb6&c=11101188909338102306&mkt=en-au","","https://www.ntnews.com.au/sport/nrl/james-tedesco-set-to-sign-nrl-contract-extension-with-wests-tigers/news-story/3f378140b39d1df6f9de7d12174d7cb6","false","THE first piece in the Wests Tigers’ salary cap jigsaw is set to fall into place with the club tantalisingly close to re-signing James Tedesco to a long-term deal. Tedesco is poised to sign a ..."
"syd","Sydney Roosters","James Tedesco","backup_baseline","3","adelaidenow.com.au","27","money|exact_player_name","true","Adelaide Now","Sat, 27 Jun 2026 16:52:00 GMT","player_focused_candidate_needs_article_review","The $6m men: Eye-watering numbers set to make Luke Keary and James Tedesco Roosters for life","https://www.adelaidenow.com.au/sport/nrl/nrl-2020-luke-keary-james-tedesco-sydney-roosters-contract-signing-trent-robinson-nick-politis/news-story/a19541101503b51a376481ae6390f827","http://www.bing.com/news/apiclick.aspx?ref=FexRss&aid=&tid=6a52f79cb5b2440eb79de99cf2882917&url=https%3a%2f%2fwww.adelaidenow.com.au%2fsport%2fnrl%2fnrl-2020-luke-keary-james-tedesco-sydney-roosters-contract-signing-trent-robinson-nick-politis%2fnews-story%2fa19541101503b51a376481ae6390f827&c=14776170846151909947&mkt=en-au","","https://www.adelaidenow.com.au/sport/nrl/nrl-2020-luke-keary-james-tedesco-sydney-roosters-contract-signing-trent-robinson-nick-politis/news-story/a19541101503b51a376481ae6390f827","false","The Roosters are set to lock up star duo Luke Keary and James Tedesco on monster contracts to ensure they remain at the Tri-colours for the rest of their careers. Any hope the Roosters era of ..."
"syd","Sydney Roosters","James Tedesco","backup_baseline","4","themercury.com.au","27","contract_language|exact_player_name","true","The Mercury","Sat, 12 Sep 2020 14:59:00 GMT","player_focused_candidate_needs_article_review","James Tedesco’s monster Roosters deal revealed","https://www.themercury.com.au/sport/james-tedescos-monster-roosters-deal-revealed/news-story/f347515776ec52437ae59de1374ebed4","http://www.bing.com/news/apiclick.aspx?ref=FexRss&aid=&tid=6a52f79cb5b2440eb79de99cf2882917&url=https%3a%2f%2fwww.themercury.com.au%2fsport%2fjames-tedescos-monster-roosters-deal-revealed%2fnews-story%2ff347515776ec52437ae59de1374ebed4&c=6435279544149999791&mkt=en-au","","https://www.themercury.com.au/sport/james-tedescos-monster-roosters-deal-revealed/news-story/f347515776ec52437ae59de1374ebed4","false","The champion fullback will join the likes of Manly’s Kangaroos half Daly Cherry-Evans and Gold Coast Titans recruit David Fifita as the highest paid players in the NRL. It comes a fortnight after the ..."
"syd","Sydney Roosters","James Tedesco","backup_baseline","5","msn.com","3","money|contract_language|context_or_team_article","false","Man of Many on MSN","Tue, 30 Jun 2026 15:06:27 GMT","context_only_untrusted_domain","10 highest paid NRL players for 2026","https://www.msn.com/en-au/sport/rugby_league/10-highest-paid-nrl-players-for-2026/ar-AA2719cA","http://www.bing.com/news/apiclick.aspx?ref=FexRss&aid=&tid=6a52f79cb5b2440eb79de99cf2882917&url=https%3a%2f%2fwww.msn.com%2fen-au%2fsport%2frugby_league%2f10-highest-paid-nrl-players-for-2026%2far-AA2719cA&c=3173818839366038056&mkt=en-au","","https://www.msn.com/en-au/sport/rugby_league/10-highest-paid-nrl-players-for-2026/ar-AA2719cA","false","Driven by expanding club salary caps, rugby league’s elite stars are securing record-shattering paydays for the 2026 NRL season. Led by Dylan Brown’s historic $13 million move, this list looks at the ..."
"syd","Sydney Roosters","James Tedesco","backup_baseline","6","msn.com","3","money|contract_language|context_or_team_article","false","The Sydney Morning Herald on MSN","Tue, 30 Jun 2026 21:37:58 GMT","context_only_untrusted_domain","New broadcast deal could push NRL salary cap up to $20m by 2028","https://www.msn.com/en-au/news/australia/new-broadcast-deal-could-push-nrl-salary-cap-up-to-20m-by-2028/ar-AA26H5IM","http://www.bing.com/news/apiclick.aspx?ref=FexRss&aid=&tid=6a52f79d6a2a44f8954d41d9cd04ffc4&url=https%3a%2f%2fwww.msn.com%2fen-au%2fnews%2faustralia%2fnew-broadcast-deal-could-push-nrl-salary-cap-up-to-20m-by-2028%2far-AA26H5IM&c=15095945392879639673&mkt=en-au","","https://www.msn.com/en-au/news/australia/new-broadcast-deal-could-push-nrl-salary-cap-up-to-20m-by-2028/ar-AA26H5IM","false","A rich new broadcast deal means more money coming into the game. The biggest winners will be the star players, who could soon demand up to $2 million per season."
"syd","Sydney Roosters","James Tedesco","backup_baseline","7","loverugbyleague.com","0","contract_language|context_or_team_article","false","LoveRugbyLeague","Sun, 28 Jun 2026 02:58:00 GMT","context_only_untrusted_domain","NRL salary cap to go up AGAIN as Super League gulf widens further","https://www.loverugbyleague.com/post/nrl-salary-cap-to-go-up-again-as-super-league-gulf-widens-further","http://www.bing.com/news/apiclick.aspx?ref=FexRss&aid=&tid=6a52f79d6a2a44f8954d41d9cd04ffc4&url=https%3a%2f%2fwww.loverugbyleague.com%2fpost%2fnrl-salary-cap-to-go-up-again-as-super-league-gulf-widens-further&c=2927841752005492089&mkt=en-au","","https://www.loverugbyleague.com/post/nrl-salary-cap-to-go-up-again-as-super-league-gulf-widens-further","false","The NRL's salary cap will reach astronomical new heights as a result of its latest broadcast deal: leaving Super League trailing behind."
"syd","Sydney Roosters","James Tedesco","backup_baseline","8","msn.com","0","contract_language|context_or_team_article","false","LoveRugbyLeague on MSN","Sun, 28 Jun 2026 01:58:52 GMT","context_only_untrusted_domain","NRL salary cap to go up again as Super League gulf widens further","https://www.msn.com/en-us/sports/rugbyleague/nrl-salary-cap-to-go-up-again-as-super-league-gulf-widens-further/ar-AA26IFdE","http://www.bing.com/news/apiclick.aspx?ref=FexRss&aid=&tid=6a52f79d093547a69dcd533f7ab689c8&url=https%3a%2f%2fwww.msn.com%2fen-us%2fsports%2frugbyleague%2fnrl-salary-cap-to-go-up-again-as-super-league-gulf-widens-further%2far-AA26IFdE&c=16124994384162648722&mkt=en-au","","https://www.msn.com/en-us/sports/rugbyleague/nrl-salary-cap-to-go-up-again-as-super-league-gulf-widens-further/ar-AA26IFdE","false","The difference is stark."
"syd","Sydney Roosters","Daniel Tupou","backup_baseline","","","","","","","","no_candidate_found","","","","","","",""
"syd","Sydney Roosters","Billy Smith","backup_baseline","","","","","","","","no_candidate_found","","","","","","",""
"syd","Sydney Roosters","Robert Toia","backup_baseline","","","","","","","","no_candidate_found","","","","","","",""
"syd","Sydney Roosters","Mark Nawaqanitawase","backup_baseline","1","dailytelegraph.com.au","27","exact_player_name","true","The Daily Telegraph","Tue, 23 Jun 2026 08:59:00 GMT","player_focused_candidate_needs_article_review","Wallabies plan spring tour return for Mark Nawaqanitawase after freakish NRL performances","https://www.dailytelegraph.com.au/sport/rugby/wallabies-plan-spring-tour-return-for-mark-nawaqanitawase-after-freakish-nrl-performances/news-story/20ecbbeb8b766bd16564934a88377a1d","http://www.bing.com/news/apiclick.aspx?ref=FexRss&aid=&tid=6a52f7b7ff30410e862edbef408d8e97&url=https%3a%2f%2fwww.dailytelegraph.com.au%2fsport%2frugby%2fwallabies-plan-spring-tour-return-for-mark-nawaqanitawase-after-freakish-nrl-performances%2fnews-story%2f20ecbbeb8b766bd16564934a88377a1d&c=3625609371741414315&mkt=en-au","","https://www.dailytelegraph.com.au/sport/rugby/wallabies-plan-spring-tour-return-for-mark-nawaqanitawase-after-freakish-nrl-performances/news-story/20ecbbeb8b766bd16564934a88377a1d","false","Nawaqanitawase has represented the Kangaroos and last week had a brilliant performance for NSW in State of Origin, as he prepares to finish the NRL season with Sydney Roosters before returning to ..."
"syd","Sydney Roosters","Mark Nawaqanitawase","backup_baseline","2","theaustralian.com.au","24","exact_player_name","true","The Australian","Sat, 20 Jun 2026 17:00:00 GMT","player_focused_candidate_needs_article_review","Mark Nawaqanitawase and Ronaldo Mulitalo wage war in Sydney Roosters’ 27-8 win over Cronulla","https://www.theaustralian.com.au/sport/nrl/mark-nawaqanitawase-and-ronaldo-mulitalo-wage-war-in-sydney-roosters-278-win-over-cronulla/news-story/5301c07e231ad7f68f46ea39ea980a02","http://www.bing.com/news/apiclick.aspx?ref=FexRss&aid=&tid=6a52f7b76069432a92a617ade01026c7&url=https%3a%2f%2fwww.theaustralian.com.au%2fsport%2fnrl%2fmark-nawaqanitawase-and-ronaldo-mulitalo-wage-war-in-sydney-roosters-278-win-over-cronulla%2fnews-story%2f5301c07e231ad7f68f46ea39ea980a02&c=4203430437900923700&mkt=en-au","","https://www.theaustralian.com.au/sport/nrl/mark-nawaqanitawase-and-ronaldo-mulitalo-wage-war-in-sydney-roosters-278-win-over-cronulla/news-story/5301c07e231ad7f68f46ea39ea980a02","false","The Roosters skipper got through more towels than a synchronised swimming team at the Olympics as he attempted to stem the bleeding from a suspected broken nose at Allianz Stadium as his team produced ..."
"syd","Sydney Roosters","Mark Nawaqanitawase","backup_baseline","3","au.sports.yahoo.com","24","exact_player_name","true","Yahoo Sports Australia","Sat, 04 Jul 2026 22:14:00 GMT","player_focused_candidate_needs_article_review","Politis reveals Roosters’ future intentions for Mark Nawaqanitawase","https://au.sports.yahoo.com/politis-reveals-roosters-future-intentions-051459402.html","http://www.bing.com/news/apiclick.aspx?ref=FexRss&aid=&tid=6a52f7b7f3764e81877d88bf0116201f&url=https%3a%2f%2fau.sports.yahoo.com%2fpolitis-reveals-roosters-future-intentions-051459402.html&c=15619254611648282277&mkt=en-au","","https://au.sports.yahoo.com/politis-reveals-roosters-future-intentions-051459402.html","false","The Sydney Roosters have confirmed they will be chasing a return to the club for the code-hopping Mark Nawaqanitawase. The star winger played for Australia in last year's Ashes series and debuted for ..."
"syd","Sydney Roosters","Mark Nawaqanitawase","backup_baseline","4","au.sports.yahoo.com","23","contract_language|exact_player_name","true","Yahoo Sports Australia","Mon, 06 Jul 2026 02:08:00 GMT","player_focused_candidate_needs_article_review","Nawaqanitawase speaks after future contract speculation","https://au.sports.yahoo.com/nawaqanitawase-speaks-future-contract-speculation-090751631.html","http://www.bing.com/news/apiclick.aspx?ref=FexRss&aid=&tid=6a52f7b76069432a92a617ade01026c7&url=https%3a%2f%2fau.sports.yahoo.com%2fnawaqanitawase-speaks-future-contract-speculation-090751631.html&c=12692832567651076727&mkt=en-au","","https://au.sports.yahoo.com/nawaqanitawase-speaks-future-contract-speculation-090751631.html","false","Sydney Roosters winger Mark Nawaqanitawase has revealed he is open to the idea of returning to rugby league at the end of his rugby union deal, and that the idea of playing State of Origin again could ..."
"syd","Sydney Roosters","Daly Cherry-Evans","backup_baseline","1","smh.com.au","33","money|contract_language|exact_player_name","true","Sydney Morning Herald","Thu, 04 Jun 2015 16:34:00 GMT","player_focused_candidate_needs_article_review","Why Daly Cherry-Evans is a $10 million gamble for Manly Sea Eagles","https://www.smh.com.au/sport/nrl/why-daly-cherryevans-is-a-10-million-gamble-for-manly-sea-eagles-20150604-ghgrho.html","http://www.bing.com/news/apiclick.aspx?ref=FexRss&aid=&tid=6a52f7bedfb447978c43ab074fd0423e&url=https%3a%2f%2fwww.smh.com.au%2fsport%2fnrl%2fwhy-daly-cherryevans-is-a-10-million-gamble-for-manly-sea-eagles-20150604-ghgrho.html&c=3335117942346688566&mkt=en-au","","https://www.smh.com.au/sport/nrl/why-daly-cherryevans-is-a-10-million-gamble-for-manly-sea-eagles-20150604-ghgrho.html","false","Manly would have to pay out the full amount of Daly Cherry-Evans' record $10 million contract if the star playmaker was to suffer a career-ending injury at any time during the next eight seasons. By ..."
"syd","Sydney Roosters","Daly Cherry-Evans","backup_baseline","2","themercury.com.au","23","contract_language|exact_player_name","true","The Mercury","Sat, 12 Sep 2020 14:59:00 GMT","player_focused_candidate_needs_article_review","James Tedesco’s monster Roosters deal revealed","https://www.themercury.com.au/sport/james-tedescos-monster-roosters-deal-revealed/news-story/f347515776ec52437ae59de1374ebed4","http://www.bing.com/news/apiclick.aspx?ref=FexRss&aid=&tid=6a52f7bc164f47268060711b0897c6ca&url=https%3a%2f%2fwww.themercury.com.au%2fsport%2fjames-tedescos-monster-roosters-deal-revealed%2fnews-story%2ff347515776ec52437ae59de1374ebed4&c=6435279544149999791&mkt=en-au","","https://www.themercury.com.au/sport/james-tedescos-monster-roosters-deal-revealed/news-story/f347515776ec52437ae59de1374ebed4","false","The champion fullback will join the likes of Manly’s Kangaroos half Daly Cherry-Evans and Gold Coast Titans recruit David Fifita as the highest paid players in the NRL. It comes a fortnight after the ..."
"syd","Sydney Roosters","Daly Cherry-Evans","backup_baseline","3","dailytelegraph.com.au","7","contract_language|context_or_team_article","false","The Daily Telegraph","Wed, 03 Jun 2015 09:04:00 GMT","team_or_context_candidate_needs_article_review","DCE decision: Greg Inglis, James Tedesco, Tim Moltzen and other NRL contract backflips","https://www.dailytelegraph.com.au/sport/nrl/dce-decision-greg-inglis-james-tedesco-tim-moltzen-and-other-nrl-contract-backflips/news-story/957549a1a232b5166efcb9736132e0f6","http://www.bing.com/news/apiclick.aspx?ref=FexRss&aid=&tid=6a52f7bedfb447978c43ab074fd0423e&url=https%3a%2f%2fwww.dailytelegraph.com.au%2fsport%2fnrl%2fdce-decision-greg-inglis-james-tedesco-tim-moltzen-and-other-nrl-contract-backflips%2fnews-story%2f957549a1a232b5166efcb9736132e0f6&c=1180059381611736483&mkt=en-au","","https://www.dailytelegraph.com.au/sport/nrl/dce-decision-greg-inglis-james-tedesco-tim-moltzen-and-other-nrl-contract-backflips/news-story/957549a1a232b5166efcb9736132e0f6","false","Now that the NRL has scrapped the controversial Round 13 rule, these backflips should become a thing of the past but as you can see, the DCE decision may have been the straw that broke the camels back ..."
"syd","Sydney Roosters","Sam Walker","backup_baseline","1","foxsports.com.au","32","money|contract_language|exact_player_name","true","FOX SPORTS","Thu, 02 Jul 2026 13:45:00 GMT","player_focused_candidate_needs_article_review","Revealed: Sam Walker’s stunning contract demand puts Roosters on alert as NRL feeding feenzy looms","https://www.foxsports.com.au/nrl/nrl-premiership/weve-had-conversations-club-confirms-interest-in-eels-veteran-chiefs-eye-another-target/news-story/fa96e1a5e77736ee8e77d34fe56408fe","http://www.bing.com/news/apiclick.aspx?ref=FexRss&aid=&tid=6a52f7c405a744bb929cf2e3495ab772&url=https%3a%2f%2fwww.foxsports.com.au%2fnrl%2fnrl-premiership%2fweve-had-conversations-club-confirms-interest-in-eels-veteran-chiefs-eye-another-target%2fnews-story%2ffa96e1a5e77736ee8e77d34fe56408fe&c=13546598438509679768&mkt=en-au","","https://www.foxsports.com.au/nrl/nrl-premiership/weve-had-conversations-club-confirms-interest-in-eels-veteran-chiefs-eye-another-target/news-story/fa96e1a5e77736ee8e77d34fe56408fe","false","Roosters and Maroons star Sam Walker is reportedly seeking at least $1.2 million a season from his next contract. Walker is free to speak with rival clubs from November 1 with his ..."
"syd","Sydney Roosters","Sam Walker","backup_baseline","2","dailytelegraph.com.au","30","money|exact_player_name","true","Daily Telegraph","Wed, 01 Jul 2026 11:32:00 GMT","player_focused_candidate_needs_article_review","Sam Walker seeking $6 million pay-day as star Rooster prepares for free agency","https://www.dailytelegraph.com.au/sport/nrl/sam-walker-seeking-6-million-payday-as-star-rooster-prepares-for-free-agency/news-story/0646a36ccb4ea29684de5e6cf10fe500","http://www.bing.com/news/apiclick.aspx?ref=FexRss&aid=&tid=6a52f7c485e64acaae488df0daf5325b&url=https%3a%2f%2fwww.dailytelegraph.com.au%2fsport%2fnrl%2fsam-walker-seeking-6-million-payday-as-star-rooster-prepares-for-free-agency%2fnews-story%2f0646a36ccb4ea29684de5e6cf10fe500&c=6275330989709585443&mkt=en-au","","https://www.dailytelegraph.com.au/sport/nrl/sam-walker-seeking-6-million-payday-as-star-rooster-prepares-for-free-agency/news-story/0646a36ccb4ea29684de5e6cf10fe500","false","The Sydney Roosters are facing a $6 million battle to retain Sam Walker with Queensland’s man-of-the-moment prepared to head to free agency."
"syd","Sydney Roosters","Sam Walker","backup_baseline","3","au.sports.yahoo.com","30","contract_language|term_language|exact_player_name","true","Yahoo Sports Australia","Thu, 02 Jul 2026 15:03:00 GMT","player_focused_candidate_needs_article_review","Sam Walker set for hefty pay-day as November 1 looms","https://au.sports.yahoo.com/sam-walker-set-hefty-pay-220458534.html","http://www.bing.com/news/apiclick.aspx?ref=FexRss&aid=&tid=6a52f7c485e64acaae488df0daf5325b&url=https%3a%2f%2fau.sports.yahoo.com%2fsam-walker-set-hefty-pay-220458534.html&c=630292908021835862&mkt=en-au","","https://au.sports.yahoo.com/sam-walker-set-hefty-pay-220458534.html","false","Sydney Roosters halfback Sam Walker is poised to become one of the highest-paid NRL players when he signs his next contract. Walker is off contract at the end of 2027, meaning the Roosters have until ..."
"syd","Sydney Roosters","Sam Walker","backup_baseline","4","dailytelegraph.com.au","30","contract_language|exact_player_name","true","Daily Telegraph","Mon, 06 Jul 2026 11:32:00 GMT","player_focused_candidate_needs_article_review","Sam Walker on brink of Roosters deal and Australian team call-up – if they can clear final hurdle","https://www.dailytelegraph.com.au/sport/nrl/sam-walker-on-brink-of-roosters-deal-and-australian-team-callup-if-they-can-clear-final-hurdle/news-story/43bd22906dc1508ca3b695be8310d635","http://www.bing.com/news/apiclick.aspx?ref=FexRss&aid=&tid=6a52f7c485e64acaae488df0daf5325b&url=https%3a%2f%2fwww.dailytelegraph.com.au%2fsport%2fnrl%2fsam-walker-on-brink-of-roosters-deal-and-australian-team-callup-if-they-can-clear-final-hurdle%2fnews-story%2f43bd22906dc1508ca3b695be8310d635&c=8136138050422427603&mkt=en-au","","https://www.dailytelegraph.com.au/sport/nrl/sam-walker-on-brink-of-roosters-deal-and-australian-team-callup-if-they-can-clear-final-hurdle/news-story/43bd22906dc1508ca3b695be8310d635","false","Sam Walker’s State of Origin decider could deliver him a small fortune and an Australian World Cup jersey – but his re-signing at the Roosters hinges on one major concession. The only sticking point ..."
"syd","Sydney Roosters","Sam Walker","backup_baseline","5","foxsports.com.au","28","money|contract_language|exact_player_name","true","FOX SPORTS","Mon, 06 Jul 2026 17:23:00 GMT","player_focused_candidate_needs_article_review","‘We aren’t sure’: Sticking point in fresh $1.5m Walker negotiations... as huge Roosters ‘risk’ emerges","https://www.foxsports.com.au/nrl/nrl-premiership/nrl-2026-sam-walker-contract-negotiations-sydney-roosters-queensland-maroons-value-market-value-signings-transfers-nrl360-news-videos/news-story/4de01a66bed750978b1e992f44c31efb","http://www.bing.com/news/apiclick.aspx?ref=FexRss&aid=&tid=6a52f7c485e64acaae488df0daf5325b&url=https%3a%2f%2fwww.foxsports.com.au%2fnrl%2fnrl-premiership%2fnrl-2026-sam-walker-contract-negotiations-sydney-roosters-queensland-maroons-value-market-value-signings-transfers-nrl360-news-videos%2fnews-story%2f4de01a66bed750978b1e992f44c31efb&c=17797858705791573406&mkt=en-au","","https://www.foxsports.com.au/nrl/nrl-premiership/nrl-2026-sam-walker-contract-negotiations-sydney-roosters-queensland-maroons-value-market-value-signings-transfers-nrl360-news-videos/news-story/4de01a66bed750978b1e992f44c31efb","false","The Roosters and Sam Walker have reportedly hit a stumbling block in their contract negotiations — and it all comes down to his market value. There’s a genuine shortage of eli ..."
"syd","Sydney Roosters","Sam Walker","backup_baseline","6","au.sports.yahoo.com","27","contract_language|exact_player_name","true","Yahoo Sports Australia","Wed, 24 Jun 2026 23:41:00 GMT","player_focused_candidate_needs_article_review","Roosters set to progress contract talks with Sam Walker","https://au.sports.yahoo.com/roosters-set-progress-contract-talks-064142724.html","http://www.bing.com/news/apiclick.aspx?ref=FexRss&aid=&tid=6a52f7c405a744bb929cf2e3495ab772&url=https%3a%2f%2fau.sports.yahoo.com%2froosters-set-progress-contract-talks-064142724.html&c=12247900991717165505&mkt=en-au","","https://au.sports.yahoo.com/roosters-set-progress-contract-talks-064142724.html","false","Sam Walker's Origin success is turning into a very expensive showcase. The Sydney Morning Herald has reported that the Sydney Roosters are bracing to enter contract talks with their 24-year-old ..."
"syd","Sydney Roosters","Sam Walker","backup_baseline","7","theaustralian.com.au","27","contract_language|exact_player_name","true","The Australian","Mon, 06 Jul 2026 22:31:00 GMT","player_focused_candidate_needs_article_review","Sam Walker on brink of Roosters deal and Australian team call-up – if they can clear final hurdle","https://www.theaustralian.com.au/sport/nrl/sam-walker-on-brink-of-roosters-deal-and-australian-team-callup-if-they-can-clear-final-hurdle/news-story/43bd22906dc1508ca3b695be8310d635","http://www.bing.com/news/apiclick.aspx?ref=FexRss&aid=&tid=6a52f7c405a744bb929cf2e3495ab772&url=https%3a%2f%2fwww.theaustralian.com.au%2fsport%2fnrl%2fsam-walker-on-brink-of-roosters-deal-and-australian-team-callup-if-they-can-clear-final-hurdle%2fnews-story%2f43bd22906dc1508ca3b695be8310d635&c=4018046842605920474&mkt=en-au","","https://www.theaustralian.com.au/sport/nrl/sam-walker-on-brink-of-roosters-deal-and-australian-team-callup-if-they-can-clear-final-hurdle/news-story/43bd22906dc1508ca3b695be8310d635","false","Schifcofske has annoyed the tricolours with his media posturing regarding a new contract and his threat of taking the 24-year-old to the open market. Gillis is in a sweet position, as he also manages ..."
"syd","Sydney Roosters","Sam Walker","backup_baseline","8","theaustralian.com.au","27","money|exact_player_name","true","The Australian","Wed, 01 Jul 2026 22:32:00 GMT","player_focused_candidate_needs_article_review","Sam Walker seeking $6 million pay-day as star Rooster prepares for free agency","https://www.theaustralian.com.au/sport/nrl/sam-walker-seeking-6-million-payday-as-star-rooster-prepares-for-free-agency/news-story/0646a36ccb4ea29684de5e6cf10fe500","http://www.bing.com/news/apiclick.aspx?ref=FexRss&aid=&tid=6a52f7c405a744bb929cf2e3495ab772&url=https%3a%2f%2fwww.theaustralian.com.au%2fsport%2fnrl%2fsam-walker-seeking-6-million-payday-as-star-rooster-prepares-for-free-agency%2fnews-story%2f0646a36ccb4ea29684de5e6cf10fe500&c=9781222202754685710&mkt=en-au","","https://www.theaustralian.com.au/sport/nrl/sam-walker-seeking-6-million-payday-as-star-rooster-prepares-for-free-agency/news-story/0646a36ccb4ea29684de5e6cf10fe500","false","The Sydney Roosters are facing a $6 million battle to retain Sam Walker with Queensland’s man-of-the-moment prepared to head to free agency."
"syd","Sydney Roosters","Sam Walker","backup_baseline","9","couriermail.com.au","27","money|exact_player_name","true","The Courier Mail","Wed, 01 Jul 2026 12:02:00 GMT","player_focused_candidate_needs_article_review","Sam Walker seeking $6 million pay-day as star Rooster prepares for free agency","https://www.couriermail.com.au/sport/nrl/sam-walker-seeking-6-million-payday-as-star-rooster-prepares-for-free-agency/news-story/0646a36ccb4ea29684de5e6cf10fe500","http://www.bing.com/news/apiclick.aspx?ref=FexRss&aid=&tid=6a52f7c50c044f06b8853f03cb991c84&url=https%3a%2f%2fwww.couriermail.com.au%2fsport%2fnrl%2fsam-walker-seeking-6-million-payday-as-star-rooster-prepares-for-free-agency%2fnews-story%2f0646a36ccb4ea29684de5e6cf10fe500&c=6238733004686015302&mkt=en-au","","https://www.couriermail.com.au/sport/nrl/sam-walker-seeking-6-million-payday-as-star-rooster-prepares-for-free-agency/news-story/0646a36ccb4ea29684de5e6cf10fe500","false","The Sydney Roosters are facing a $6 million battle to retain Sam Walker with Queensland’s man-of-the-moment prepared to head to free agency."
"syd","Sydney Roosters","Sam Walker","backup_baseline","10","au.sports.yahoo.com","27","contract_language|exact_player_name","true","Yahoo Sports Australia","Wed, 01 Jul 2026 09:41:00 GMT","player_focused_candidate_needs_article_review","Sam Walker’s brother earns first official NRL contract","https://au.sports.yahoo.com/sam-walker-brother-earns-first-234153335.html","http://www.bing.com/news/apiclick.aspx?ref=FexRss&aid=&tid=6a52f7c7337e41afad844711ae842027&url=https%3a%2f%2fau.sports.yahoo.com%2fsam-walker-brother-earns-first-234153335.html&c=13331607655777580031&mkt=en-au","","https://au.sports.yahoo.com/sam-walker-brother-earns-first-234153335.html","false","Sam Walker's brother, Tyson Walker, has earned his first NRL contract, signing an officially upgraded train and trial deal with the North Queensland Cowboys. He has been progressing through the club's ..."
"syd","Sydney Roosters","Sam Walker","backup_baseline","11","zerotackle.com","27","contract_language|exact_player_name","true","zerotackle","Thu, 25 Jun 2026 09:41:00 GMT","player_focused_candidate_needs_article_review","Roosters set to progress contract talks with Sam Walker","https://www.zerotackle.com/roosters-set-to-progress-contract-talks-with-sam-walker-235256/","http://www.bing.com/news/apiclick.aspx?ref=FexRss&aid=&tid=6a52f7c750044daab82c06a9be1f1a88&url=https%3a%2f%2fwww.zerotackle.com%2froosters-set-to-progress-contract-talks-with-sam-walker-235256%2f&c=10023359686151422837&mkt=en-au","","https://www.zerotackle.com/roosters-set-to-progress-contract-talks-with-sam-walker-235256/","false","Sam Walker's Origin success is turning into a very expensive showcase. The Sydney Morning Herald has reported that the Sydney Roosters are bracing to enter contract talks with their 24-year-old ..."
"syd","Sydney Roosters","Sam Walker","backup_baseline","12","au.news.yahoo.com","27","contract_language|exact_player_name","true","Yahoo News Australia","Tue, 19 May 2026 17:00:00 GMT","player_focused_candidate_needs_article_review","Nathan Cleary and Sam Walker contract twist, Roosters star tipped to sign with two new NRL teams","https://au.news.yahoo.com/nathan-cleary-and-sam-walker-contract-twist-roosters-star-tipped-to-sign-with-two-new-nrl-teams-020512722.html","http://www.bing.com/news/apiclick.aspx?ref=FexRss&aid=&tid=6a52f7c750044daab82c06a9be1f1a88&url=https%3a%2f%2fau.news.yahoo.com%2fnathan-cleary-and-sam-walker-contract-twist-roosters-star-tipped-to-sign-with-two-new-nrl-teams-020512722.html&c=1977659421350080767&mkt=en-au","","https://au.news.yahoo.com/nathan-cleary-and-sam-walker-contract-twist-roosters-star-tipped-to-sign-with-two-new-nrl-teams-020512722.html","false","Add Yahoo as a preferred source to see more of our stories on Google. Sam Walker’s State of Origin debut is being tipped to be an audition for a new Roosters contract. And if it doesn’t pan out well ..."
"syd","Sydney Roosters","Naufahu Whyte","backup_baseline","","","","","","","","no_candidate_found","","","","","","",""
"syd","Sydney Roosters","Reece Robson","backup_baseline","1","7news.com.au","7","money|contract_language|context_or_team_article","false","7NEWS Australia","Fri, 28 Oct 2022 02:27:00 GMT","team_or_context_candidate_needs_article_review","Ultimate NRL free agency preview: Your club’s out-of-contract stars and where they could end up","https://7news.com.au/sport/rugby-league/ultimate-nrl-free-agency-preview-your-clubs-out-of-contract-stars-and-where-they-could-end-up-c-8677336","http://www.bing.com/news/apiclick.aspx?ref=FexRss&aid=&tid=6a52f7d4658e4f5592f793bf120da09e&url=https%3a%2f%2f7news.com.au%2fsport%2frugby-league%2fultimate-nrl-free-agency-preview-your-clubs-out-of-contract-stars-and-where-they-could-end-up-c-8677336&c=143273184193222445&mkt=en-au","","https://7news.com.au/sport/rugby-league/ultimate-nrl-free-agency-preview-your-clubs-out-of-contract-stars-and-where-they-could-end-up-c-8677336","false","Over $50 million worth of player talent will be free to negotiate with clubs for season 2024 and beyond when the NRL free agency period begins on November 1. Latrell Mitchell, Mit ..."
"syd","Sydney Roosters","Lindsay Collins","backup_baseline","","","","","","","","no_candidate_found","","","","","","",""
"syd","Sydney Roosters","Angus Crichton","backup_baseline","1","smh.com.au","30","contract_language|exact_player_name","true","Sydney Morning Herald","Sat, 28 Oct 2023 22:45:00 GMT","player_focused_candidate_needs_article_review","Rugby Australia’s woes have cost the code Angus Crichton","https://www.smh.com.au/sport/nrl/rugby-australia-s-woes-have-cost-the-code-angus-crichton-20231027-p5efpc.html","http://www.bing.com/news/apiclick.aspx?ref=FexRss&aid=&tid=6a52f7ded513440d80e0149501df7742&url=https%3a%2f%2fwww.smh.com.au%2fsport%2fnrl%2frugby-australia-s-woes-have-cost-the-code-angus-crichton-20231027-p5efpc.html&c=7512510622419526180&mkt=en-au","","https://www.smh.com.au/sport/nrl/rugby-australia-s-woes-have-cost-the-code-angus-crichton-20231027-p5efpc.html","false","Angus Crichton has abandoned his Australian rugby union dream, placing further pressure on the Roosters and their already bulging salary cap. Crichton’s management in the end found dealing with Rugby ..."
"syd","Sydney Roosters","Angus Crichton","backup_baseline","2","townsvillebulletin.com.au","24","exact_player_name","true","Townsville Bulletin","Sun, 07 Jun 2026 03:33:00 GMT","player_focused_candidate_needs_article_review","NRL 2021: Angus Crichton talks contracts and billing Boyd’s boots at the Roosters","https://www.townsvillebulletin.com.au/sport/nrl/nrl-contract-news-roosters-in-race-to-secure-offcontract-sam-walker/news-story/28f624c37b52434328098f393de99284","http://www.bing.com/news/apiclick.aspx?ref=FexRss&aid=&tid=6a52f7dd6c8d4d178e924b4179f8645b&url=https%3a%2f%2fwww.townsvillebulletin.com.au%2fsport%2fnrl%2fnrl-contract-news-roosters-in-race-to-secure-offcontract-sam-walker%2fnews-story%2f28f624c37b52434328098f393de99284&c=15898401009756539884&mkt=en-au","","https://www.townsvillebulletin.com.au/sport/nrl/nrl-contract-news-roosters-in-race-to-secure-offcontract-sam-walker/news-story/28f624c37b52434328098f393de99284","false","But just months after the Sydney Roosters were called out shopping Angus Crichton to rival clubs, the powerhouse backrower has vowed: “I don’t want to leave”. And Crichton says he now wants to lock up ..."
"syd","Sydney Roosters","Siua Wong","backup_baseline","","","","","","","","no_candidate_found","","","","","","",""
"syd","Sydney Roosters","Victor Radley","backup_baseline","1","7news.com.au","7","money|contract_language|context_or_team_article","false","7NEWS Australia","Fri, 28 Oct 2022 02:27:00 GMT","team_or_context_candidate_needs_article_review","Ultimate NRL free agency preview: Your club’s out-of-contract stars and where they could end up","https://7news.com.au/sport/rugby-league/ultimate-nrl-free-agency-preview-your-clubs-out-of-contract-stars-and-where-they-could-end-up-c-8677336","http://www.bing.com/news/apiclick.aspx?ref=FexRss&aid=&tid=6a52f7ed5ea84718ace81d6e25d1f647&url=https%3a%2f%2f7news.com.au%2fsport%2frugby-league%2fultimate-nrl-free-agency-preview-your-clubs-out-of-contract-stars-and-where-they-could-end-up-c-8677336&c=143273184193222445&mkt=en-au","","https://7news.com.au/sport/rugby-league/ultimate-nrl-free-agency-preview-your-clubs-out-of-contract-stars-and-where-they-could-end-up-c-8677336","false","Over $50 million worth of player talent will be free to negotiate with clubs for season 2024 and beyond when the NRL free agency period begins on November 1. Latrell Mitchell, Mit ..."
"syd","Sydney Roosters","Connor Watson","backup_baseline","1","7news.com.au","7","money|contract_language|context_or_team_article","false","7NEWS Australia","Fri, 28 Oct 2022 02:27:00 GMT","team_or_context_candidate_needs_article_review","Ultimate NRL free agency preview: Your club’s out-of-contract stars and where they could end up","https://7news.com.au/sport/rugby-league/ultimate-nrl-free-agency-preview-your-clubs-out-of-contract-stars-and-where-they-could-end-up-c-8677336","http://www.bing.com/news/apiclick.aspx?ref=FexRss&aid=&tid=6a52f7f4a3964f34be4bd551cc02a23b&url=https%3a%2f%2f7news.com.au%2fsport%2frugby-league%2fultimate-nrl-free-agency-preview-your-clubs-out-of-contract-stars-and-where-they-could-end-up-c-8677336&c=143273184193222445&mkt=en-au","","https://7news.com.au/sport/rugby-league/ultimate-nrl-free-agency-preview-your-clubs-out-of-contract-stars-and-where-they-could-end-up-c-8677336","false","Over $50 million worth of player talent will be free to negotiate with clubs for season 2024 and beyond when the NRL free agency period begins on November 1. Latrell Mitchell, Mit ..."
"syd","Sydney Roosters","Egan Butcher","backup_baseline","","","","","","","","no_candidate_found","","","","","","",""
"syd","Sydney Roosters","Spencer Leniu","backup_baseline","1","dailytelegraph.com.au","30","contract_language|exact_player_name","true","The Daily Telegraph","Fri, 26 Jun 2026 12:08:00 GMT","player_focused_candidate_needs_article_review","Why Spencer Leniu is at the centre of a generational NRL tug-of-war","https://www.dailytelegraph.com.au/sport/nrl/why-spencer-leniu-is-at-the-centre-of-a-generational-nrl-tugofwar/news-story/de8ae35e15058cbaa24ae9b0f4799483","http://www.bing.com/news/apiclick.aspx?ref=FexRss&aid=&tid=6a52f7fd20814c2e9f39ff1665ee223f&url=https%3a%2f%2fwww.dailytelegraph.com.au%2fsport%2fnrl%2fwhy-spencer-leniu-is-at-the-centre-of-a-generational-nrl-tugofwar%2fnews-story%2fde8ae35e15058cbaa24ae9b0f4799483&c=10900282670425239007&mkt=en-au","","https://www.dailytelegraph.com.au/sport/nrl/why-spencer-leniu-is-at-the-centre-of-a-generational-nrl-tugofwar/news-story/de8ae35e15058cbaa24ae9b0f4799483","false","Key factors are aligning in Leniu’s favor, and these aren’t necessarily the Roosters prop’s own doing. First things first, any suggestion that Leniu is a done deal at the Eels is off the mark. He is ..."
"syd","Sydney Roosters","Spencer Leniu","backup_baseline","2","goldcoastbulletin.com.au","24","exact_player_name","true","Gold Coast Sun","Wed, 06 May 2026 05:00:00 GMT","player_focused_candidate_needs_article_review","Spencer Leniu on rival radars as missing minutes hint at Sydney Roosters exit","https://www.goldcoastbulletin.com.au/sport/nrl/spencer-leniu-on-rival-radars-as-missing-minutes-hint-at-sydney-roosters-exit/news-story/bc307ddaccc5e127874089707340b92d","http://www.bing.com/news/apiclick.aspx?ref=FexRss&aid=&tid=6a52f7fd8e874319883fb64b8f4d06b0&url=https%3a%2f%2fwww.goldcoastbulletin.com.au%2fsport%2fnrl%2fspencer-leniu-on-rival-radars-as-missing-minutes-hint-at-sydney-roosters-exit%2fnews-story%2fbc307ddaccc5e127874089707340b92d&c=14491082413354928361&mkt=en-au","","https://www.goldcoastbulletin.com.au/sport/nrl/spencer-leniu-on-rival-radars-as-missing-minutes-hint-at-sydney-roosters-exit/news-story/bc307ddaccc5e127874089707340b92d","false","Whilst Roosters officials are adamant Leniu has not been told that he is free to leave – he is contracted until the end of next year – that hasn’t stopped other clubs from identifying the NSW Origin ..."
"syd","Sydney Roosters","Spencer Leniu","backup_baseline","3","foxsports.com.au","7","contract_language|context_or_team_article","false","Fox Sports","Thu, 14 May 2026 23:54:00 GMT","team_or_context_candidate_needs_article_review","‘Makes me angry’: Leniu addresses contract rumours... and makes selfless Origin call — NRL Daily","https://www.foxsports.com.au/nrl/nrl-premiership/nrl-2026-daily-coachs-instagram-burner-account-revealed-arama-hau-resigns-with-gold-coast-titans-magic-round-11/news-story/eeeec8631f93b1c546ce96a2bfafd66b","http://www.bing.com/news/apiclick.aspx?ref=FexRss&aid=&tid=6a52f7ff751f4cf0a41010f71eaa1f9e&url=https%3a%2f%2fwww.foxsports.com.au%2fnrl%2fnrl-premiership%2fnrl-2026-daily-coachs-instagram-burner-account-revealed-arama-hau-resigns-with-gold-coast-titans-magic-round-11%2fnews-story%2feeeec8631f93b1c546ce96a2bfafd66b&c=15624942681769510240&mkt=en-au","","https://www.foxsports.com.au/nrl/nrl-premiership/nrl-2026-daily-coachs-instagram-burner-account-revealed-arama-hau-resigns-with-gold-coast-titans-magic-round-11/news-story/eeeec8631f93b1c546ce96a2bfafd66b","false","WHAT'S GAMBLING REALLY COSTING YOU? Set a deposit limit. For Free and confidential support call 1800 858 858 or visit gamblinghelponline.org.au. But the 25-year-old shut down any chance of that ..."
"syd","Sydney Roosters","Nat Butcher","backup_baseline","","","","","","","","no_candidate_found","","","","","","",""
"syd","Sydney Roosters","Benaiah Ioelu","bucket_unknown","","","","","","","","no_candidate_found","","","","","","",""
"syd","Sydney Roosters","Blake Steep","bucket_unknown","","","","","","","","no_candidate_found","","","","","","",""
"syd","Sydney Roosters","Cody Ramsey","bucket_unknown","","","","","","","","no_candidate_found","","","","","","",""
"syd","Sydney Roosters","De La Salle Va’a","bucket_unknown","","","","","","","","no_candidate_found","","","","","","",""
"syd","Sydney Roosters","Junior Pauga","bucket_unknown","","","","","","","","no_candidate_found","","","","","","",""
"syd","Sydney Roosters","Hugo Savala","bucket_unknown","","","","","","","","no_candidate_found","","","","","","",""
"syd","Sydney Roosters","Jake Elliott","bucket_unknown","","","","","","","","no_candidate_found","","","","","","",""
"syd","Sydney Roosters","Salesi Foketi","bucket_unknown","","","","","","","","no_candidate_found","","","","","","",""
"syd","Sydney Roosters","Taylor Losalu","bucket_unknown","","","","","","","","no_candidate_found","","","","","","",""
"syd","Sydney Roosters","Toby Rodwell","bucket_unknown","","","","","","","","no_candidate_found","","","","","","",""
"syd","Sydney Roosters","Tommy Talau","bucket_unknown","","","","","","","","no_candidate_found","","","","","","",""
"wst","Wests Tigers","Adam Doueihi","backup_baseline","","","","","","","","no_candidate_found","","","","","","",""
"wst","Wests Tigers","Alex Twal","backup_baseline","1","heraldsun.com.au","24","exact_player_name","true","Herald Sun","Thu, 02 Jul 2026 01:02:00 GMT","player_focused_candidate_needs_article_review","Alex Twal’s vending machine empire setting Tigers star up for life after NRL","https://www.heraldsun.com.au/sport/nrl/alex-twals-vending-machine-empire-setting-tigers-star-up-for-life-after-nrl/news-story/23c30555f44d3f76437bbe565bd49282","http://www.bing.com/news/apiclick.aspx?ref=FexRss&aid=&tid=6a52f8612d794e7f83a5e58e2ff284ab&url=https%3a%2f%2fwww.heraldsun.com.au%2fsport%2fnrl%2falex-twals-vending-machine-empire-setting-tigers-star-up-for-life-after-nrl%2fnews-story%2f23c30555f44d3f76437bbe565bd49282&c=12392059019945302861&mkt=en-au","","https://www.heraldsun.com.au/sport/nrl/alex-twals-vending-machine-empire-setting-tigers-star-up-for-life-after-nrl/news-story/23c30555f44d3f76437bbe565bd49282","false","He trades in his footy boots for chips, chocolate, and Powerade, straight off the back fence and into his side hustle: running a successful vending machine company across Sydney. The days of players ..."
"wst","Wests Tigers","Alex Seyfarth","backup_baseline","","","","","","","","no_candidate_found","","","","","","",""
"wst","Wests Tigers","Apisai Koroisau","cross_referenced_baseline","","","","","","","","no_candidate_found","","","","","","",""
"wst","Wests Tigers","Bunty Afoa","open_unknown","1","weststigers.com.au","24","exact_player_name","true","Wests Tigers","Fri, 03 Jul 2026 07:43:00 GMT","player_focused_candidate_needs_article_review","Special milestone for Bunty Afoa","https://www.weststigers.com.au/news/2026/07/03/special-milestone-for-bunty-afoa/","http://www.bing.com/news/apiclick.aspx?ref=FexRss&aid=&tid=6a52f879bbe442049c55863fbc7f38fa&url=https%3a%2f%2fwww.weststigers.com.au%2fnews%2f2026%2f07%2f03%2fspecial-milestone-for-bunty-afoa%2f&c=8052373415557386118&mkt=en-au","","https://www.weststigers.com.au/news/2026/07/03/special-milestone-for-bunty-afoa/","false","The sacrifice of experienced prop Bunty Afoa to leave his young family in New Zealand to keep his NRL career alive has not been lost on the Wests Tigers."
"wst","Wests Tigers","Fonua Pole","backup_baseline","1","weststigers.com.au","1","context_or_team_article","false","Wests Tigers","Thu, 02 Jul 2026 19:43:00 GMT","team_or_context_candidate_needs_article_review","Special milestone for Bunty Afoa","https://www.weststigers.com.au/news/2026/07/03/special-milestone-for-bunty-afoa/","http://www.bing.com/news/apiclick.aspx?ref=FexRss&aid=&tid=6a52f87fed654f41894e5b3162f907a2&url=https%3a%2f%2fwww.weststigers.com.au%2fnews%2f2026%2f07%2f03%2fspecial-milestone-for-bunty-afoa%2f&c=8052373415557386118&mkt=en-au","","https://www.weststigers.com.au/news/2026/07/03/special-milestone-for-bunty-afoa/","false","The sacrifice of experienced prop Bunty Afoa to leave his young family in New Zealand to keep his NRL career alive has not been lost on the Wests Tigers."
"wst","Wests Tigers","Heamasi Makasini","cross_referenced_baseline","1","au.sports.yahoo.com","27","contract_language|exact_player_name","true","Yahoo Sport Australia","Wed, 27 May 2026 17:00:00 GMT","player_focused_candidate_needs_article_review","Heamasi Makasini makes contract call","https://au.sports.yahoo.com/heamasi-makasini-makes-contract-call-003548366.html","http://www.bing.com/news/apiclick.aspx?ref=FexRss&aid=&tid=6a52f884fa8c4752a99cef0340dfc94d&url=https%3a%2f%2fau.sports.yahoo.com%2fheamasi-makasini-makes-contract-call-003548366.html&c=9577237580432837889&mkt=en-au","","https://au.sports.yahoo.com/heamasi-makasini-makes-contract-call-003548366.html","false","For a club that has endured its share of turbulent years, the emergence of homegrown talent through its own pathways has become one of the most encouraging signs of life at Concord. The latest chapter ..."
"wst","Wests Tigers","Heath Mason","open_unknown","","","","","","","","no_candidate_found","","","","","","",""
"wst","Wests Tigers","Jahream Bula","cross_referenced_baseline","1","smh.com.au","33","contract_language|term_language|exact_player_name","true","Sydney Morning Herald","Sun, 03 May 2026 17:00:00 GMT","player_focused_candidate_needs_article_review","Done deal: Jahream Bula signs with Wests Tigers until end of 2030","https://www.smh.com.au/sport/nrl/done-deal-jahream-bula-signs-with-wests-tigers-until-end-of-2030-20260504-p5ztpk.html","http://www.bing.com/news/apiclick.aspx?ref=FexRss&aid=&tid=6a52f88d456e44ec94f6b9fd8e18febf&url=https%3a%2f%2fwww.smh.com.au%2fsport%2fnrl%2fdone-deal-jahream-bula-signs-with-wests-tigers-until-end-of-2030-20260504-p5ztpk.html&c=5917108015065223954&mkt=en-au","","https://www.smh.com.au/sport/nrl/done-deal-jahream-bula-signs-with-wests-tigers-until-end-of-2030-20260504-p5ztpk.html","false","You have reached your maximum number of saved items. Remove items from your saved list to add more. Jahream Bula will remain at the Wests Tigers until the end of 2030 after inking a new four-year deal ..."
"wst","Wests Tigers","Jahream Bula","cross_referenced_baseline","2","couriermail.com.au","30","contract_language|term_language|exact_player_name","true","The Courier-Mail","Sat, 02 May 2026 18:26:00 GMT","player_focused_candidate_needs_article_review","Wests Tigers fullback Jahream Bula signs four-year contract extension in huge boost for club","https://www.couriermail.com.au/sport/nrl/wests-tigers-lock-down-star-fullback-jahream-bula-on-contract-extension/news-story/2b075b97303f35332304825212bc9074","http://www.bing.com/news/apiclick.aspx?ref=FexRss&aid=&tid=6a52f88d456e44ec94f6b9fd8e18febf&url=https%3a%2f%2fwww.couriermail.com.au%2fsport%2fnrl%2fwests-tigers-lock-down-star-fullback-jahream-bula-on-contract-extension%2fnews-story%2f2b075b97303f35332304825212bc9074&c=8067871803581300767&mkt=en-au","","https://www.couriermail.com.au/sport/nrl/wests-tigers-lock-down-star-fullback-jahream-bula-on-contract-extension/news-story/2b075b97303f35332304825212bc9074","false","The Tigers announced Bula’s re-signing on Tuesday, with the 24-year-old putting pen to paper on a four-year contract which will see him remain at Concord until the end of the 2030 season. The new deal ..."
"wst","Wests Tigers","Jahream Bula","cross_referenced_baseline","3","smh.com.au","30","contract_language|exact_player_name","true","Sydney Morning Herald","Tue, 05 May 2026 04:45:00 GMT","player_focused_candidate_needs_article_review","Clause out: The inside story on how the Tigers retained Jahream Bula","https://www.smh.com.au/sport/nrl/clause-out-the-inside-story-on-how-the-tigers-retained-jahream-bula-20260505-p5zts2.html","http://www.bing.com/news/apiclick.aspx?ref=FexRss&aid=&tid=6a52f88e62e74a8590fa51f46ec0ea8a&url=https%3a%2f%2fwww.smh.com.au%2fsport%2fnrl%2fclause-out-the-inside-story-on-how-the-tigers-retained-jahream-bula-20260505-p5zts2.html&c=18032471963614557548&mkt=en-au","","https://www.smh.com.au/sport/nrl/clause-out-the-inside-story-on-how-the-tigers-retained-jahream-bula-20260505-p5zts2.html","false","For a man who never wanted to leave the club, few contract negotiations in NRL history have endured more false starts, or contained more subtext, than Jahream Bula’s four-year extension at Wests ..."
"wst","Wests Tigers","Jahream Bula","cross_referenced_baseline","4","nrl.com","24","exact_player_name","true","National Rugby League","Thu, 11 Jun 2026 17:00:00 GMT","player_focused_candidate_needs_article_review","LV27 showmen: Jahream Bula","https://www.nrl.com/news/2026/05/20/lv27-showmen-jahream-bula/","http://www.bing.com/news/apiclick.aspx?ref=FexRss&aid=&tid=6a52f8929d8f4c47a68591af782e3569&url=https%3a%2f%2fwww.nrl.com%2fnews%2f2026%2f05%2f20%2flv27-showmen-jahream-bula%2f&c=14220326505816460438&mkt=en-au","","https://www.nrl.com/news/2026/05/20/lv27-showmen-jahream-bula/","false","National Rugby League respects and honours the Traditional Custodians of the land and pay our respects to their Elders past, present and future. We acknowledge the stories, traditions and living ..."
"wst","Wests Tigers","Jarome Luai","cross_referenced_baseline","1","smh.com.au","30","contract_language|exact_player_name","true","The Sydney Morning Herald","Fri, 10 Jul 2026 08:27:00 GMT","player_focused_candidate_needs_article_review","Tigers confirm Jarome Luai is leaving club at end of the season","https://www.smh.com.au/sport/nrl/tigers-confirm-jarome-luai-is-leaving-club-at-end-of-the-season-20260711-p60eil.html","http://www.bing.com/news/apiclick.aspx?ref=FexRss&aid=&tid=6a52f894170b4fb4bf23bd1ddfe8bcba&url=https%3a%2f%2fwww.smh.com.au%2fsport%2fnrl%2ftigers-confirm-jarome-luai-is-leaving-club-at-end-of-the-season-20260711-p60eil.html&c=2798254072477264445&mkt=en-au","","https://www.smh.com.au/sport/nrl/tigers-confirm-jarome-luai-is-leaving-club-at-end-of-the-season-20260711-p60eil.html","false","The Tigers said on Saturday their co-captain would be released from the final year of his contract by mutual agreement."
"wst","Wests Tigers","Jarome Luai","cross_referenced_baseline","2","theaustralian.com.au","27","contract_language|exact_player_name","true","The Australian","Sat, 11 Jul 2026 13:15:00 GMT","player_focused_candidate_needs_article_review","Inside story: Why Wests Tigers chose to sever ties with Jarome Luai early","https://www.theaustralian.com.au/sport/nrl/inside-story-why-wests-tigers-chose-to-sever-ties-with-jarome-luai-early/news-story/05c6f696f00f306ec3131413cb0e79e4","http://www.bing.com/news/apiclick.aspx?ref=FexRss&aid=&tid=6a52f893379c4524bd5d45e907638c2e&url=https%3a%2f%2fwww.theaustralian.com.au%2fsport%2fnrl%2finside-story-why-wests-tigers-chose-to-sever-ties-with-jarome-luai-early%2fnews-story%2f05c6f696f00f306ec3131413cb0e79e4&c=15872195699364542891&mkt=en-au","","https://www.theaustralian.com.au/sport/nrl/inside-story-why-wests-tigers-chose-to-sever-ties-with-jarome-luai-early/news-story/05c6f696f00f306ec3131413cb0e79e4","false","A cryptic Instagram post that confused teammates and angered fans and officials, the prospect of promoting the PNG Chiefs while still on contract, and explosive claims that the star playmaker’s ..."
"wst","Wests Tigers","Jarome Luai","cross_referenced_baseline","3","dailytelegraph.com.au","27","exact_player_name","true","Daily Telegraph","Wed, 08 Jul 2026 17:04:00 GMT","player_focused_candidate_needs_article_review","NRL rocked by Jarome Luai bombshell as Wests Tigers make stunning decision","https://www.dailytelegraph.com.au/sport/nrl/nrl-rocked-by-shock-jarome-luai-bombshell-as-wests-tigers-make-stunning-decision/news-story/c1e79e9251ee4fc027c044430dc97763","http://www.bing.com/news/apiclick.aspx?ref=FexRss&aid=&tid=6a52f893ca8341a1af138e07fdeb243f&url=https%3a%2f%2fwww.dailytelegraph.com.au%2fsport%2fnrl%2fnrl-rocked-by-shock-jarome-luai-bombshell-as-wests-tigers-make-stunning-decision%2fnews-story%2fc1e79e9251ee4fc027c044430dc97763&c=17280011224301898977&mkt=en-au","","https://www.dailytelegraph.com.au/sport/nrl/nrl-rocked-by-shock-jarome-luai-bombshell-as-wests-tigers-make-stunning-decision/news-story/c1e79e9251ee4fc027c044430dc97763","false","Parramatta Eels are reportedly the frontrunners to sign Jarome Luai after he was granted permission to leave the Wests Tigers at the end of this season."
"wst","Wests Tigers","Jarome Luai","cross_referenced_baseline","4","news.com.au","27","money|exact_player_name","true","news.com.au","Fri, 10 Jul 2026 04:35:00 GMT","player_focused_candidate_needs_article_review","$1.2m call to turn Jarome Luai windfall into ‘romantic’ homecoming for Mitch Moses","https://www.news.com.au/sport/nrl/12m-call-to-turn-jarome-luai-windfall-into-romantic-homecoming-for-mitch-moses/news-story/776a79bf3205f1869087f6bc602c1bbc","http://www.bing.com/news/apiclick.aspx?ref=FexRss&aid=&tid=6a52f895075c4e1ca411579e1bfa4769&url=https%3a%2f%2fwww.news.com.au%2fsport%2fnrl%2f12m-call-to-turn-jarome-luai-windfall-into-romantic-homecoming-for-mitch-moses%2fnews-story%2f776a79bf3205f1869087f6bc602c1bbc&c=10142883586455535474&mkt=en-au","","https://www.news.com.au/sport/nrl/12m-call-to-turn-jarome-luai-windfall-into-romantic-homecoming-for-mitch-moses/news-story/776a79bf3205f1869087f6bc602c1bbc","false","The Wests Tigers sent shockwaves through the rugby league world earlier this week when they dropped a mid-season bombshell."
"wst","Wests Tigers","Jarome Luai","cross_referenced_baseline","5","7news.com.au","27","contract_language|exact_player_name","true","7NEWS Australia","Wed, 22 Nov 2023 12:00:00 GMT","player_focused_candidate_needs_article_review","Wests Tigers table multi-million dollar deal for Penrith playmaker Jarome Luai","https://7news.com.au/sport/rugby-league/wests-tigers-table-multi-million-dollar-deal-for-penrith-playmaker-jarome-luai-c-12655504","http://www.bing.com/news/apiclick.aspx?ref=FexRss&aid=&tid=6a52f895edb7474a9772d555bca1b955&url=https%3a%2f%2f7news.com.au%2fsport%2frugby-league%2fwests-tigers-table-multi-million-dollar-deal-for-penrith-playmaker-jarome-luai-c-12655504&c=11305354272086551132&mkt=en-au","","https://7news.com.au/sport/rugby-league/wests-tigers-table-multi-million-dollar-deal-for-penrith-playmaker-jarome-luai-c-12655504","false","Jarome Luai’s loyalty to Penrith is being seriously tested as the Wests Tigers make a staggering play for the NRL superstar. Penrith’s triple premiership-winning five-eighth Luai was the ..."
"wst","Wests Tigers","Jarome Luai","cross_referenced_baseline","6","smh.com.au","26","contract_language|exact_player_name","true","Sydney Morning Herald","Tue, 12 May 2026 07:14:00 GMT","player_focused_candidate_needs_article_review","‘I love the Tigers’: Why Sunia Turuva was never going to follow Luai to PNG","https://www.smh.com.au/sport/nrl/wests-tigers-re-sign-fourth-star-until-2030-jarome-luai-s-exit-20260512-p5zw17.html","http://www.bing.com/news/apiclick.aspx?ref=FexRss&aid=&tid=6a52f893379c4524bd5d45e907638c2e&url=https%3a%2f%2fwww.smh.com.au%2fsport%2fnrl%2fwests-tigers-re-sign-fourth-star-until-2030-jarome-luai-s-exit-20260512-p5zw17.html&c=17302860899760996458&mkt=en-au","","https://www.smh.com.au/sport/nrl/wests-tigers-re-sign-fourth-star-until-2030-jarome-luai-s-exit-20260512-p5zw17.html","false","Sunia Turuva never considered following good friend Jarome Luai to the PNG Chiefs – and did not hesitate when the Wests Tigers initiated negotiations about a possible contract extension several weeks ..."
"wst","Wests Tigers","Jarome Luai","cross_referenced_baseline","7","foxsports.com.au","26","exact_player_name","true","Fox Sports","Tue, 09 Jun 2026 18:25:00 GMT","player_focused_candidate_needs_article_review","Has Jarome Luai justified his price tag?","https://www.foxsports.com.au/video/league/nrl-360/has-jarome-luai-justified-his-price-tag!931492","http://www.bing.com/news/apiclick.aspx?ref=FexRss&aid=&tid=6a52f895af2342f4ab4b49dccf7553c8&url=https%3a%2f%2fwww.foxsports.com.au%2fvideo%2fleague%2fnrl-360%2fhas-jarome-luai-justified-his-price-tag!931492&c=7245558188529088360&mkt=en-au","","https://www.foxsports.com.au/video/league/nrl-360/has-jarome-luai-justified-his-price-tag!931492","false","A NOTE ABOUT RELEVANT ADVERTISING: We collect information about the content (including ads) you use across this site and use it to make both advertising and content more relevant to you on our network ..."
"wst","Wests Tigers","Jarome Luai","cross_referenced_baseline","8","news.com.au","24","exact_player_name","true","news.com.au","Thu, 09 Jul 2026 04:15:00 GMT","player_focused_candidate_needs_article_review","NRL rocked by Jarome Luai bombshell as Wests Tigers make stunning decision","https://www.news.com.au/sport/nrl/nrl-rocked-by-shock-jarome-luai-bombshell-as-wests-tigers-make-stunning-decision/news-story/c1e79e9251ee4fc027c044430dc97763","http://www.bing.com/news/apiclick.aspx?ref=FexRss&aid=&tid=6a52f893379c4524bd5d45e907638c2e&url=https%3a%2f%2fwww.news.com.au%2fsport%2fnrl%2fnrl-rocked-by-shock-jarome-luai-bombshell-as-wests-tigers-make-stunning-decision%2fnews-story%2fc1e79e9251ee4fc027c044430dc97763&c=9465960140875486188&mkt=en-au","","https://www.news.com.au/sport/nrl/nrl-rocked-by-shock-jarome-luai-bombshell-as-wests-tigers-make-stunning-decision/news-story/c1e79e9251ee4fc027c044430dc97763","false","Parramatta Eels are reportedly the frontrunners to sign Jarome Luai after he was granted permission to leave the Wests Tigers at the end of this season."
"wst","Wests Tigers","Jarome Luai","cross_referenced_baseline","9","theaustralian.com.au","24","exact_player_name","true","The Australian","Fri, 10 Jul 2026 23:08:00 GMT","player_focused_candidate_needs_article_review","Perth Bears make bold bid for Jarome Luai as Parramatta Eels close in","https://www.theaustralian.com.au/sport/nrl/why-the-tigers-decided-to-release-star-player-jarome-luai-early/news-story/9cc174f91c224f29c1b917f5d699b7c0","http://www.bing.com/news/apiclick.aspx?ref=FexRss&aid=&tid=6a52f893ca8341a1af138e07fdeb243f&url=https%3a%2f%2fwww.theaustralian.com.au%2fsport%2fnrl%2fwhy-the-tigers-decided-to-release-star-player-jarome-luai-early%2fnews-story%2f9cc174f91c224f29c1b917f5d699b7c0&c=2116368338739204813&mkt=en-au","","https://www.theaustralian.com.au/sport/nrl/why-the-tigers-decided-to-release-star-player-jarome-luai-early/news-story/9cc174f91c224f29c1b917f5d699b7c0","false","A decision to put the club’s long-term future first is behind the Tigers’ call to part ways with skipper Jarome Luai at the end of the season."
"wst","Wests Tigers","Jarome Luai","cross_referenced_baseline","10","au.news.yahoo.com","24","exact_player_name","true","Yahoo News Australia","Thu, 09 Jul 2026 00:06:00 GMT","player_focused_candidate_needs_article_review","Tigers give Jarome Luai permission to leave early","https://au.news.yahoo.com/tigers-jarome-luai-permission-leave-070524042.html","http://www.bing.com/news/apiclick.aspx?ref=FexRss&aid=&tid=6a52f894402a4fffade73f45b139af99&url=https%3a%2f%2fau.news.yahoo.com%2ftigers-jarome-luai-permission-leave-070524042.html&c=14279398386882656535&mkt=en-au","","https://au.news.yahoo.com/tigers-jarome-luai-permission-leave-070524042.html","false","Four-time NRL premiership-winning five-eighth Jarome Luai could leave Wests Tigers a year earlier than anticipated."
"wst","Wests Tigers","Jarome Luai","cross_referenced_baseline","11","au.sports.yahoo.com","23","contract_language|exact_player_name","true","Yahoo Sport Australia","Sat, 30 May 2026 17:00:00 GMT","player_focused_candidate_needs_article_review","Wests Tigers emerge as frontrunners for off-contract star","https://au.sports.yahoo.com/wests-tigers-emerge-frontrunners-off-044924206.html","http://www.bing.com/news/apiclick.aspx?ref=FexRss&aid=&tid=6a52f893379c4524bd5d45e907638c2e&url=https%3a%2f%2fau.sports.yahoo.com%2fwests-tigers-emerge-frontrunners-off-044924206.html&c=18342644886646806762&mkt=en-au","","https://au.sports.yahoo.com/wests-tigers-emerge-frontrunners-off-044924206.html","false","The Wests Tigers are firming to sign Dolphins gun Jake Averillo for next year, as the star's Redcliffe contract finishes up at the end of this season. The Tigers are looking at life beyond Jarome Luai ..."
"wst","Wests Tigers","Jarome Luai","cross_referenced_baseline","12","themercury.com.au","7","contract_language|term_language|context_or_team_article","false","The Mercury","Sat, 02 May 2026 18:54:00 GMT","team_or_context_candidate_needs_article_review","Wests Tigers fullback Jahream Bula signs four-year contract extension in huge boost for club","https://www.themercury.com.au/sport/nrl/wests-tigers-lock-down-star-fullback-jahream-bula-on-contract-extension/news-story/2b075b97303f35332304825212bc9074","http://www.bing.com/news/apiclick.aspx?ref=FexRss&aid=&tid=6a52f893379c4524bd5d45e907638c2e&url=https%3a%2f%2fwww.themercury.com.au%2fsport%2fnrl%2fwests-tigers-lock-down-star-fullback-jahream-bula-on-contract-extension%2fnews-story%2f2b075b97303f35332304825212bc9074&c=8625896871249064013&mkt=en-au","","https://www.themercury.com.au/sport/nrl/wests-tigers-lock-down-star-fullback-jahream-bula-on-contract-extension/news-story/2b075b97303f35332304825212bc9074","false","The Tigers announced Bula’s re-signing on Tuesday, with the 24-year-old putting pen to paper on a four-year contract which will see him remain at Concord until the end of the 2030 season. The new deal ..."
"wst","Wests Tigers","Javon Andrews","open_unknown","","","","","","","","no_candidate_found","","","","","","",""
"wst","Wests Tigers","Jeral Skelton","bucket_unknown","","","","","","","","no_candidate_found","","","","","","",""
"wst","Wests Tigers","Jock Madden","backup_baseline","","","","","","","","no_candidate_found","","","","","","",""
"wst","Wests Tigers","Kai Pearce-Paul","cross_referenced_baseline","1","au.sports.yahoo.com","4","contract_language|context_or_team_article","false","Yahoo Sport Australia","Thu, 07 May 2026 17:00:00 GMT","team_or_context_candidate_needs_article_review","The SEVEN current best value for money contracts in the NRL","https://au.sports.yahoo.com/seven-current-best-value-money-214941645.html","http://www.bing.com/news/apiclick.aspx?ref=FexRss&aid=&tid=6a52f8af9d90416db62dedb869dc246a&url=https%3a%2f%2fau.sports.yahoo.com%2fseven-current-best-value-money-214941645.html&c=14537114608194793438&mkt=en-au","","https://au.sports.yahoo.com/seven-current-best-value-money-214941645.html","false","The beauty of the salary cap is that it is supposed to level the playing field for all NRL teams. There is enough space for stars, but not multiple, meaning rosters need to be carefully crafted so ..."
"wst","Wests Tigers","Kit Laulilii","open_unknown","","","","","","","","no_candidate_found","","","","","","",""
"wst","Wests Tigers","Latu Fainu","bucket_unknown","1","townsvillebulletin.com.au","26","money|contract_language|exact_player_name","true","Townsville Bulletin","Tue, 15 Apr 2025 11:04:00 GMT","player_focused_candidate_needs_article_review","Wests Tigers to resist dropping Lachlan Galvin after star rejects $6m deal, commits to quitting the club","https://www.townsvillebulletin.com.au/sport/nrl/lachlan-galvin-rejects-contract-extension-from-wests-tigers-ready-to-head-to-open-market-on-november-1/news-story/edbef7c99e2065ec87a23cdc7f292649?using_ew=false&using_ew_noesi=false","http://www.bing.com/news/apiclick.aspx?ref=FexRss&aid=&tid=6a52f8b8997b457eb8691ed717cadd64&url=https%3a%2f%2fwww.townsvillebulletin.com.au%2fsport%2fnrl%2flachlan-galvin-rejects-contract-extension-from-wests-tigers-ready-to-head-to-open-market-on-november-1%2fnews-story%2fedbef7c99e2065ec87a23cdc7f292649%3fusing_ew%3dfalse%26using_ew_noesi%3dfalse&c=4156594953512768353&mkt=en-au","","https://www.townsvillebulletin.com.au/sport/nrl/lachlan-galvin-rejects-contract-extension-from-wests-tigers-ready-to-head-to-open-market-on-november-1/news-story/edbef7c99e2065ec87a23cdc7f292649?using_ew=false&using_ew_noesi=false","false","Benji Marshall is committed to the biggest call of his coaching career when Latu Fainu returns from injury as the true value of Lachlan Galvin’s rejected Wests Tigers contract can be revealed. It ..."
"wst","Wests Tigers","Mavrik Geyer","open_unknown","1","theaustralian.com.au","7","money|contract_language|context_or_team_article","false","The Australian","Tue, 23 Jun 2026 12:00:00 GMT","team_or_context_candidate_needs_article_review","NRL to grant Perth Bears $500k salary cap concessions in landmark third-party arrangement","https://www.theaustralian.com.au/sport/nrl/nrl-to-grant-perth-bears-500k-salary-cap-concessions-in-landmark-thirdparty-arrangement/news-story/0c5c097536d723f0d0cb46c86fd051ff","http://www.bing.com/news/apiclick.aspx?ref=FexRss&aid=&tid=6a52f8beaea041ad9d04f6c09b3fe300&url=https%3a%2f%2fwww.theaustralian.com.au%2fsport%2fnrl%2fnrl-to-grant-perth-bears-500k-salary-cap-concessions-in-landmark-thirdparty-arrangement%2fnews-story%2f0c5c097536d723f0d0cb46c86fd051ff&c=12198983378905941191&mkt=en-au","","https://www.theaustralian.com.au/sport/nrl/nrl-to-grant-perth-bears-500k-salary-cap-concessions-in-landmark-thirdparty-arrangement/news-story/0c5c097536d723f0d0cb46c86fd051ff","false","In a historic development for the NRL’s 18th club, this masthead has been told Perth will receive a special marquee player privilege where existing club sponsors can top-up a player’s contract by 20 ..."
"wst","Wests Tigers","Patrick Herbert","open_unknown","","","","","","","","no_candidate_found","","","","","","",""
"wst","Wests Tigers","Royce Hunt","backup_baseline","","","","","","","","no_candidate_found","","","","","","",""
"wst","Wests Tigers","Samuela Fainu","cross_referenced_baseline","1","msn.com","3","money|contract_language|context_or_team_article","false","The Sydney Morning Herald on MSN","Tue, 30 Jun 2026 21:37:58 GMT","context_only_untrusted_domain","New broadcast deal could push NRL salary cap up to $20m by 2028","https://www.msn.com/en-au/news/australia/new-broadcast-deal-could-push-nrl-salary-cap-up-to-20m-by-2028/ar-AA26H5IM","http://www.bing.com/news/apiclick.aspx?ref=FexRss&aid=&tid=6a52f8d3a8e145b180dfe54be2f03f44&url=https%3a%2f%2fwww.msn.com%2fen-au%2fnews%2faustralia%2fnew-broadcast-deal-could-push-nrl-salary-cap-up-to-20m-by-2028%2far-AA26H5IM&c=15095945392879639673&mkt=en-au","","https://www.msn.com/en-au/news/australia/new-broadcast-deal-could-push-nrl-salary-cap-up-to-20m-by-2028/ar-AA26H5IM","false","A rich new broadcast deal means more money coming into the game. The biggest winners will be the star players, who could soon demand up to $2 million per season."
"wst","Wests Tigers","Samuela Fainu","cross_referenced_baseline","2","weststigers.com.au","1","context_or_team_article","false","Wests Tigers","Sat, 27 Jun 2026 05:39:00 GMT","team_or_context_candidate_needs_article_review","Marshall sees positives in Schuster signing","https://www.weststigers.com.au/news/2026/06/27/marshall-sees-positives-in-schuster-signing/","http://www.bing.com/news/apiclick.aspx?ref=FexRss&aid=&tid=6a52f8d6d6a94c8298ce0d24c40880ec&url=https%3a%2f%2fwww.weststigers.com.au%2fnews%2f2026%2f06%2f27%2fmarshall-sees-positives-in-schuster-signing%2f&c=1422593947798548742&mkt=en-au","","https://www.weststigers.com.au/news/2026/06/27/marshall-sees-positives-in-schuster-signing/","false","A compassionate Benji Marshall can only see positives around the Club’s recent signing of Josh Schuster. The Wests Tigers NRL Head Coach met Schuster this week following a request from second-rower ..."
"wst","Wests Tigers","Sione Fainu","cross_referenced_baseline","","","","","","","","no_candidate_found","","","","","","",""
"wst","Wests Tigers","Solomone Saukuru","open_unknown","","","","","","","","no_candidate_found","","","","","","",""
"wst","Wests Tigers","Starford To'a","backup_baseline","1","smh.com.au","10","money|contract_language|context_or_team_article","false","Sydney Morning Herald","Fri, 26 Jun 2026 17:01:00 GMT","team_or_context_candidate_needs_article_review","New broadcast deal could push NRL salary cap up to $20m by 2028","https://www.smh.com.au/sport/nrl/new-broadcast-deal-could-push-nrl-salary-cap-up-to-20m-by-2028-20260627-p60ak2.html","http://www.bing.com/news/apiclick.aspx?ref=FexRss&aid=&tid=6a52f8e5d1304482bd58a02910b76f76&url=https%3a%2f%2fwww.smh.com.au%2fsport%2fnrl%2fnew-broadcast-deal-could-push-nrl-salary-cap-up-to-20m-by-2028-20260627-p60ak2.html&c=16384154360396862290&mkt=en-au","","https://www.smh.com.au/sport/nrl/new-broadcast-deal-could-push-nrl-salary-cap-up-to-20m-by-2028-20260627-p60ak2.html","false","You have reached your maximum number of saved items. Remove items from your saved list to add more. The new multibillion-dollar broadcast rights deal could push the salary cap as high as $20 million ..."
"wst","Wests Tigers","Sunia Turuva","backup_baseline","1","smh.com.au","30","contract_language|exact_player_name","true","Sydney Morning Herald","Tue, 12 May 2026 07:14:00 GMT","player_focused_candidate_needs_article_review","‘I love the Tigers’: Why Sunia Turuva was never going to follow Luai to PNG","https://www.smh.com.au/sport/nrl/wests-tigers-re-sign-fourth-star-until-2030-jarome-luai-s-exit-20260512-p5zw17.html","http://www.bing.com/news/apiclick.aspx?ref=FexRss&aid=&tid=6a52f8ea7a0a40469acaa879d367e81f&url=https%3a%2f%2fwww.smh.com.au%2fsport%2fnrl%2fwests-tigers-re-sign-fourth-star-until-2030-jarome-luai-s-exit-20260512-p5zw17.html&c=17302860899760996458&mkt=en-au","","https://www.smh.com.au/sport/nrl/wests-tigers-re-sign-fourth-star-until-2030-jarome-luai-s-exit-20260512-p5zw17.html","false","Sunia Turuva never considered following good friend Jarome Luai to the PNG Chiefs – and did not hesitate when the Wests Tigers initiated negotiations about a possible contract extension several weeks ..."
"wst","Wests Tigers","Sunia Turuva","backup_baseline","2","foxsports.com.au","29","contract_language|exact_player_name","true","Fox Sports","Tue, 12 May 2026 06:26:00 GMT","player_focused_candidate_needs_article_review","Sunia Turuva snubs PNG, makes big contract call as long-term deal locked in — NRL Daily","https://www.foxsports.com.au/nrl/nrl-premiership/nrl-2026-daily-sunia-turuva-signs-contract-extension-with-wests-tigers-magic-round-round-11/news-story/0fe1ccd09e6db64cff5d73c7066a0eab","http://www.bing.com/news/apiclick.aspx?ref=FexRss&aid=&tid=6a52f8ea7a0a40469acaa879d367e81f&url=https%3a%2f%2fwww.foxsports.com.au%2fnrl%2fnrl-premiership%2fnrl-2026-daily-sunia-turuva-signs-contract-extension-with-wests-tigers-magic-round-round-11%2fnews-story%2f0fe1ccd09e6db64cff5d73c7066a0eab&c=3911327240779802690&mkt=en-au","","https://www.foxsports.com.au/nrl/nrl-premiership/nrl-2026-daily-sunia-turuva-signs-contract-extension-with-wests-tigers-magic-round-round-11/news-story/0fe1ccd09e6db64cff5d73c7066a0eab","false","WHAT'S GAMBLING REALLY COSTING YOU? Set a deposit limit. For Free and confidential support call 1800 858 858 or visit gamblinghelponline.org.au. Watch every game of every round of the Premiership ..."
"wst","Wests Tigers","Taylan May","backup_baseline","1","cairnspost.com.au","27","term_language|exact_player_name","true","The Cairns Post","Thu, 30 Apr 2026 23:07:00 GMT","player_focused_candidate_needs_article_review","Brothers Terrell and Taylan May to stay at Wests Tigers until end of 2030","https://www.cairnspost.com.au/sport/nrl/brothers-terrell-and-taylan-may-to-stay-at-wests-tigers-until-end-of-2030/news-story/56be7aa54ebaa63c9591d173efe6c106","http://www.bing.com/news/apiclick.aspx?ref=FexRss&aid=&tid=6a52f8f07e6b432b914c056def9d0db3&url=https%3a%2f%2fwww.cairnspost.com.au%2fsport%2fnrl%2fbrothers-terrell-and-taylan-may-to-stay-at-wests-tigers-until-end-of-2030%2fnews-story%2f56be7aa54ebaa63c9591d173efe6c106&c=7945125198582333399&mkt=en-au","","https://www.cairnspost.com.au/sport/nrl/brothers-terrell-and-taylan-may-to-stay-at-wests-tigers-until-end-of-2030/news-story/56be7aa54ebaa63c9591d173efe6c106","false","Wests Tigers brothers Terrell and Taylan May have sent a shudder through the NRL with a video posted moments before their big news dropped. The club announced the dual re-signing on Friday amid fears ..."
"wst","Wests Tigers","Terrell May","cross_referenced_baseline","","","","","","","","no_candidate_found","","","","","","",""
"wst","Wests Tigers","Tony Sukkar","open_unknown","","","","","","","","no_candidate_found","","","","","","",""
"wst","Wests Tigers","Tristan Hope","open_unknown","","","","","","","","no_candidate_found","","","","","","",""
"wst","Wests Tigers","Faaletino Tavana","open_unknown","","","","","","","","no_candidate_found","","","","","","",""
"wst","Wests Tigers","William Craig","open_unknown","","","","","","","","no_candidate_found","","","","","","",""
